Type,FSWP-50
Version,3.02SP1
Date,03.Jul 2026
VSupply,ON
Mode,Voltage
Voltage Set,0.6000000000,V
Voltage Min,0.0000000000,V
Voltage Max,0.6500000000,V
Voltage Meas,0.5972120978,V
Current Max,20.0000000000,mA
Current Meas,16.8087319767,mA
VTune,OFF
Voltage Set,0.0000000000,V
Voltage Min,0.0000000000,V
Voltage Max,0.0100000000,V
Voltage Meas,-0.0226121723,V
Current Max,20.0000000000,mA
Current Meas,0.1529344895,mA
VAux,OFF
Voltage Set,0.0000000000,V
Voltage Min,-10.0000000000,V
Voltage Max,10.0000000000,V
Voltage Meas,-0.0068812405,V
Current Max,100.0000000000,mA
Current Meas,-0.0670396562,mA
Mode,Phase Noise
Measurement,Phase Noise
Input,RF
RF Att,0.0000000000,dB
Coupling,AC
RBW,2.0000000000,%
XCORR Factor,1000
XCORR Optimize,ON
Estimated Meas Time,3.7457527981,s
Sweep Count,5
Signal Frequency,24826382990.3151664734,Hz
Signal Level,-16.5214000000,dBm
Start,10000.0000000000,Hz
Stop,100000000.0000000000,Hz
SubSweep,1
Start,10000.0000000000,Hz
Stop,30000.0000000000,Hz
RBW,600.0000000000,Hz
XCORR Count,1000
SubSweep,2
Start,30000.0000000000,Hz
Stop,100000.0000000000,Hz
RBW,600.0000000000,Hz
XCORR Count,1000
SubSweep,3
Start,100000.0000000000,Hz
Stop,300000.0000000000,Hz
RBW,2000.0000000000,Hz
XCORR Count,3300
SubSweep,4
Start,300000.0000000000,Hz
Stop,1000000.0000000000,Hz
RBW,6000.0000000000,Hz
XCORR Count,10000
SubSweep,5
Start,1000000.0000000000,Hz
Stop,3000000.0000000000,Hz
RBW,20000.0000000000,Hz
XCORR Count,10000
SubSweep,6
Start,3000000.0000000000,Hz
Stop,10000000.0000000000,Hz
RBW,60000.0000000000,Hz
XCORR Count,10000
SubSweep,7
Start,10000000.0000000000,Hz
Stop,30000000.0000000000,Hz
RBW,200000.0000000000,Hz
XCORR Count,10000
SubSweep,8
Start,30000000.0000000000,Hz
Stop,100000000.0000000000,Hz
RBW,600000.0000000000,Hz
XCORR Count,10000
Integrated Measurements Range,1
Start,10000.0000000000,Hz
Stop,100000000.0000000000,Hz
Weighting,OFF
Integrated Measurements Range,2
Start,10000.0000000000,Hz
Stop,100000000.0000000000,Hz
Weighting,OFF
Integrated Measurements Range,3
Start,10000.0000000000,Hz
Stop,100000000.0000000000,Hz
Weighting,OFF
Integrated Measurements Range,4
Start,10000.0000000000,Hz
Stop,100000000.0000000000,Hz
Weighting,OFF
Integrated Measurements Range,5
Start,10000.0000000000,Hz
Stop,100000000.0000000000,Hz
Weighting,OFF
Integrated Measurements Range,6
Start,10000.0000000000,Hz
Stop,100000000.0000000000,Hz
Weighting,OFF
Integrated Measurements Range,7
Start,10000.0000000000,Hz
Stop,100000000.0000000000,Hz
Weighting,OFF
Integrated Measurements Range,8
Start,10000.0000000000,Hz
Stop,100000000.0000000000,Hz
Weighting,OFF
Integrated Measurements Range,9
Start,10000.0000000000,Hz
Stop,100000000.0000000000,Hz
Weighting,OFF
Integrated Measurements Range,10
Start,10000.0000000000,Hz
Stop,100000000.0000000000,Hz
Weighting,OFF
Spot Noise Decade Edges,OFF
Spot Noise User Defined,ON
Spot Noise User Defined Offset,1
State,OFF
Offset,1000.0000000000,Hz
Spot Noise User Defined Offset,2
State,OFF
Offset,10000.0000000000,Hz
Spot Noise User Defined Offset,3
State,ON
Offset,100000.0000000000,Hz
Spot Noise User Defined Offset,4
State,ON
Offset,1000000.0000000000,Hz
Spot Noise User Defined Offset,5
State,ON
Offset,10000000.0000000000,Hz
Spot Noise User Defined Offset,6
State,OFF
Offset,100000000.0000000000,Hz
Window,1,Noise Spectrum
Trace,1
Trace Mode,CLR/WRITE
Trace Result,PN
Smoothing,ON
Smoothing Value,1.0000000000,%
Spurious Removal,ON
Spurious Removal Threshold,6.0000000000,dB
Trace Offset,OFF
Trace Offset,0.0000000000,dB
Trace Label,OFF
Trace Label,Trace 1
x-Unit,Hz
y-Unit,dBc/Hz
Values,4001
10000.0000000000,-53.2056388855
10023.0507812500,-53.2427368164
10046.1542968750,-53.2798385620
10069.3115234375,-53.3169403076
10092.5332031250,-53.3496551514
10115.7968750000,-53.3820533752
10139.1152343750,-53.4144554138
10162.4863281250,-53.4468536377
10185.9111328125,-53.4755897522
10209.3906250000,-53.5015754700
10232.9355468750,-53.5275726318
10256.5234375000,-53.5535621643
10280.1650390625,-53.5784568787
10303.8613281250,-53.6000976563
10327.6123046875,-53.6217346191
10351.4189453125,-53.6433753967
10375.2792968750,-53.6650161743
10399.2060546875,-53.6850814819
10423.1777343750,-53.7050895691
10447.2031250000,-53.7251014709
10471.2851562500,-53.7451095581
10495.4218750000,-53.7648315430
10519.6152343750,-53.7844543457
10543.8632812500,-53.8040733337
10568.1787109375,-53.8236999512
10592.5400390625,-53.8435821533
10616.9560546875,-53.8636856079
10641.4287109375,-53.8837890625
10665.9580078125,-53.9038925171
10690.5439453125,-53.9250831604
10715.1982421875,-53.9480438232
10739.8974609375,-53.9709930420
10764.6533203125,-53.9939422607
10789.4667968750,-54.0184669495
10814.3378906250,-54.0473518372
10839.2656250000,-54.0762329102
10864.2509765625,-54.1051177979
10889.3056640625,-54.1353263855
10914.4062500000,-54.1711883545
10939.5644531250,-54.2070541382
10964.7812500000,-54.2429199219
10990.0556640625,-54.2794799805
11015.3886718750,-54.3200950623
11040.7919921875,-54.3607254028
11066.2412109375,-54.4013328552
11091.7500000000,-54.4421081543
11117.3173828125,-54.4838218689
11142.9433593750,-54.5255317688
11168.6289062500,-54.5672454834
11194.3730468750,-54.6087265015
11220.1894531250,-54.6491622925
11246.0527343750,-54.6895790100
11271.9755859375,-54.7299957275
11297.9580078125,-54.7699356079
11324.0009765625,-54.8084335327
11350.1035156250,-54.8469314575
11376.2792968750,-54.8854484558
11402.5019531250,-54.9232406616
11428.7861328125,-54.9597473145
11455.1298828125,-54.9962539673
11481.5351562500,-55.0327568054
11508.0000000000,-55.0682907104
11534.5273437500,-55.1028289795
11561.1279296875,-55.1373825073
11587.7773437500,-55.1719207764
11614.4873046875,-55.2057228088
11641.2597656250,-55.2391586304
11668.0937500000,-55.2725982666
11694.9892578125,-55.3060340881
11721.9472656250,-55.3399238586
11748.9804687500,-55.3738975525
11776.0625000000,-55.4078559875
11803.2070312500,-55.4419441223
11830.4140625000,-55.4770584106
11857.6845703125,-55.5121765137
11885.0166015625,-55.5472908020
11912.4257812500,-55.5821838379
11939.8847656250,-55.6166763306
11967.4072265625,-55.6511688232
11994.9931640625,-55.6856575012
12022.6425781250,-55.7173423767
12050.3554687500,-55.7477531433
12078.1318359375,-55.7781639099
12105.9863281250,-55.8084259033
12133.8916015625,-55.8320007324
12161.8613281250,-55.8555755615
12189.8955078125,-55.8791465759
12217.9931640625,-55.8999786377
12246.1572265625,-55.9165229797
12274.3984375000,-55.9330749512
12302.6923828125,-55.9496192932
12331.0507812500,-55.9626159668
12359.4746093750,-55.9746437073
12387.9638671875,-55.9866752625
12416.5195312500,-55.9985923767
12445.1396484375,-56.0100898743
12473.8408203125,-56.0215873718
12502.5937500000,-56.0330848694
12531.4130859375,-56.0466575623
12560.2988281250,-56.0612716675
12589.2509765625,-56.0758895874
12618.2705078125,-56.0912475586
12647.3701171875,-56.1108436584
12676.5234375000,-56.1304321289
12705.7441406250,-56.1500167847
12735.0312500000,-56.1725692749
12764.3867187500,-56.1966438293
12793.8095703125,-56.2207145691
12823.2998046875,-56.2452621460
12852.8730468750,-56.2717208862
12882.4990234375,-56.2981681824
12912.1943359375,-56.3246154785
12941.9580078125,-56.3511352539
12971.7900390625,-56.3776741028
13001.6914062500,-56.4042129517
13031.6611328125,-56.4303665161
13061.7138671875,-56.4558448792
13091.8222656250,-56.4813117981
13122.0000000000,-56.5067787170
13152.2470703125,-56.5316619873
13182.5634765625,-56.5565338135
13212.9501953125,-56.5814094543
13243.4218750000,-56.6070365906
13273.9492187500,-56.6330909729
13304.5468750000,-56.6591453552
13335.2138671875,-56.6861572266
13365.9531250000,-56.7154045105
13396.7626953125,-56.7446517944
13427.6425781250,-56.7738990784
13458.6093750000,-56.8071136475
13489.6328125000,-56.8403244019
13520.7265625000,-56.8735351563
13551.8935546875,-56.9084548950
13583.1308593750,-56.9440345764
13614.4414062500,-56.9796180725
13645.8388671875,-57.0145912170
13677.2929687500,-57.0488319397
13708.8203125000,-57.0830764771
13740.4199218750,-57.1161079407
13772.0927734375,-57.1452636719
13803.8388671875,-57.1744232178
13835.6572265625,-57.2033767700
13867.5644531250,-57.2263183594
13899.5302734375,-57.2492485046
13931.5693359375,-57.2721786499
13963.6826171875,-57.2918243408
13995.8701171875,-57.3108978271
14028.1318359375,-57.3299751282
14060.4677734375,-57.3493537903
14092.8935546875,-57.3688850403
14125.3789062500,-57.3884048462
14157.9384765625,-57.4103126526
14190.5732421875,-57.4341239929
14223.2841796875,-57.4579391479
14256.0693359375,-57.4845695496
14288.9462890625,-57.5147590637
14321.8837890625,-57.5449333191
14354.8964843750,-57.5773849487
14387.9853515625,-57.6140174866
14421.1503906250,-57.6506500244
14454.3925781250,-57.6886024475
14487.7109375000,-57.7298965454
14521.1220703125,-57.7712097168
14554.5947265625,-57.8128433228
14588.1435546875,-57.8555793762
14621.7705078125,-57.8983154297
14655.4746093750,-57.9407119751
14689.2568359375,-57.9818229675
14723.1328125000,-58.0229530334
14757.0703125000,-58.0635337830
14791.0869140625,-58.1020278931
14825.1806640625,-58.1405258179
14859.3544921875,-58.1787071228
14893.6054687500,-58.2157669067
14927.9365234375,-58.2528266907
14962.3632812500,-58.2897796631
14996.8525390625,-58.3263549805
15031.4208984375,-58.3629302979
15066.0693359375,-58.3988876343
15100.7978515625,-58.4334678650
15135.6064453125,-58.4680519104
15170.5117187500,-58.5007781982
15205.4804687500,-58.5304946899
15240.5302734375,-58.5602111816
15275.6611328125,-58.5873947144
15310.8730468750,-58.6118354797
15346.1650390625,-58.6362724304
15381.5390625000,-58.6600532532
15417.0117187500,-58.6833953857
15452.5488281250,-58.7067222595
15488.1679687500,-58.7337379456
15523.8691406250,-58.7621269226
15559.6533203125,-58.7905197144
15595.5195312500,-58.8262290955
15631.4677734375,-58.8629379272
15667.5166015625,-58.8999824524
15703.6318359375,-58.9429817200
15739.8300781250,-58.9859809875
15776.1113281250,-59.0292587280
15812.4765625000,-59.0734329224
15848.9248046875,-59.1176071167
15885.4755859375,-59.1605644226
15922.0927734375,-59.2019653320
15958.7939453125,-59.2433662415
15995.5800781250,-59.2823600769
16032.4511718750,-59.3201713562
16069.4072265625,-59.3579826355
16106.4482421875,-59.3928718567
16143.5927734375,-59.4275016785
16180.8046875000,-59.4612884521
16218.1025390625,-59.4911727905
16255.4863281250,-59.5210571289
16292.9560546875,-59.5469703674
16330.5126953125,-59.5488586426
16368.1738281250,-59.5490455627
16405.9042968750,-59.5492286682
16443.7207031250,-59.5557975769
16481.6250000000,-59.5584259033
16519.6152343750,-59.5680503845
16557.6953125000,-59.5684852600
16595.8613281250,-59.5709838867
16634.1347656250,-59.5789146423
16672.4765625000,-59.5861701965
16710.9082031250,-59.5891380310
16749.4277343750,-59.5903282166
16788.0371093750,-59.6007919312
16826.7343750000,-59.6017494202
16865.5390625000,-59.6086769104
16904.4160156250,-59.6092262268
16943.3808593750,-59.6128158569
16982.4375000000,-59.6154174805
17021.5820312500,-59.6169548035
17060.8183593750,-59.6470565796
17100.1445312500,-59.6821708679
17139.5820312500,-59.7271308899
17179.0898437500,-59.7720680237
17218.6875000000,-59.8220176697
17258.3789062500,-59.8742828369
17298.1601562500,-59.9266166687
17338.0332031250,-59.9794273376
17378.0000000000,-60.0322418213
17418.0761718750,-60.0822486877
17458.2265625000,-60.1301498413
17498.4687500000,-60.1777458191
17538.8027343750,-60.2185401917
17579.2324218750,-60.2593383789
17619.7519531250,-60.2975120544
17660.3867187500,-60.3333320618
17701.0957031250,-60.3691444397
17741.8984375000,-60.4052810669
17782.7949218750,-60.4414138794
17823.7851562500,-60.4803810120
17864.8691406250,-60.5218315125
17906.0488281250,-60.5636215210
17947.3437500000,-60.6108970642
17988.7148437500,-60.6581535339
18030.1796875000,-60.7054557800
18071.7402343750,-60.7527847290
18113.3964843750,-60.7987480164
18155.1484375000,-60.8370170593
18197.0175781250,-60.8753013611
18238.9628906250,-60.9025840759
18281.0058593750,-60.9255599976
18323.1445312500,-60.9445762634
18365.3808593750,-60.9543075562
18407.7148437500,-60.9640388489
18450.1445312500,-60.9708480835
18492.6953125000,-60.9773063660
18535.3222656250,-60.9879302979
18578.0468750000,-61.0027313232
18620.8710937500,-61.0192375183
18663.7929687500,-61.0482635498
18706.8144531250,-61.0772933960
18749.9355468750,-61.1146888733
18793.1757812500,-61.1548461914
18836.4941406250,-61.1956863403
18879.9140625000,-61.2375831604
18923.4335937500,-61.2790451050
18967.0546875000,-61.3135032654
19010.7734375000,-61.3479614258
19054.6171875000,-61.3741416931
19098.5390625000,-61.3972320557
19142.5625000000,-61.4165687561
19186.6875000000,-61.4305877686
19230.9140625000,-61.4443435669
19275.2421875000,-61.4559669495
19319.6738281250,-61.4675941467
19364.2285156250,-61.4841117859
19408.8632812500,-61.5017127991
19453.6015625000,-61.5259132385
19498.4433593750,-61.5557823181
19543.3886718750,-61.5889778137
19588.4375000000,-61.6311759949
19633.6132812500,-61.6734695435
19678.8691406250,-61.7206878662
19724.2304687500,-61.7679061890
19769.6972656250,-61.8111915588
19815.2675781250,-61.8533020020
19860.9433593750,-61.8897666931
19906.7226562500,-61.9213523865
19952.6328125000,-61.9505195618
19998.6250000000,-61.9743804932
20044.7226562500,-61.9981498718
20090.9277343750,-62.0211791992
20137.2382812500,-62.0442047119
20183.6562500000,-62.0698661804
20230.2031250000,-62.0958175659
20276.8339843750,-62.1219062805
20323.5742187500,-62.1480598450
20370.4218750000,-62.1710891724
20417.3769531250,-62.1914710999
20464.4394531250,-62.2084884644
20511.6113281250,-62.2199020386
20558.9160156250,-62.2299690247
20606.3046875000,-62.2352294922
20653.8046875000,-62.2405738831
20701.4121093750,-62.2468872070
20749.1308593750,-62.2532005310
20796.9589843750,-62.2681465149
20844.8984375000,-62.2836341858
20892.9687500000,-62.3120422363
20941.1289062500,-62.3433265686
20989.4003906250,-62.3878173828
21037.7812500000,-62.4378585815
21086.2753906250,-62.4969367981
21134.8808593750,-62.5620193481
21183.6210937500,-62.6287345886
21232.4511718750,-62.6969680786
21281.3945312500,-62.7597160339
21330.4492187500,-62.7883110046
21379.6171875000,-62.7968368530
21428.8984375000,-62.7980194092
21478.2929687500,-62.8085441589
21527.8261718750,-62.8101501465
21577.4492187500,-62.8150329590
21627.1875000000,-62.8306579590
21677.0390625000,-62.8456535339
21727.0058593750,-62.8524589539
21777.0878906250,-62.8617515564
21827.3105468750,-62.8741073608
21877.6230468750,-62.8860282898
21928.0527343750,-62.8926353455
21978.5996093750,-62.8957252502
22029.2617187500,-62.9101371765
22080.0410156250,-62.9161834717
22130.9355468750,-62.9216537476
22181.9746093750,-62.9228401184
22233.1054687500,-62.9513816833
22284.3535156250,-63.0190696716
22335.7207031250,-63.1027755737
22387.2070312500,-63.1869316101
22438.8105468750,-63.2736587524
22490.5585937500,-63.3584823608
22542.4003906250,-63.4343528748
22594.3632812500,-63.5063133240
22646.4433593750,-63.5642662048
22698.6464843750,-63.6177215576
22750.9667968750,-63.6587677002
22803.4101562500,-63.6963768005
22855.9980468750,-63.7267913818
22908.6835937500,-63.7554931641
22961.4902343750,-63.7815322876
23014.4179687500,-63.8063049316
23067.4667968750,-63.8296127319
23120.6386718750,-63.8494110107
23173.9335937500,-63.8500251770
23227.3769531250,-63.8500251770
23280.9179687500,-63.8500251770
23334.5820312500,-63.8500251770
23388.3710937500,-63.8500251770
23442.2812500000,-63.8500251770
23496.3183593750,-63.8631744385
23550.5039062500,-63.8639793396
23604.7910156250,-63.8661766052
23659.2011718750,-63.8662796021
23713.7363281250,-63.8698463440
23768.3984375000,-63.8761482239
23823.1875000000,-63.8761711121
23878.1015625000,-63.8802070618
23933.1679687500,-63.8804588318
23988.3359375000,-63.8820686340
24043.6308593750,-63.8858108521
24099.0527343750,-63.8866119385
24154.6035156250,-63.8961257935
24210.2812500000,-63.9189300537
24266.1132812500,-63.9204673767
24322.0488281250,-63.9407348633
24378.1132812500,-63.9513015747
24434.3066406250,-63.9607200623
24490.6289062500,-63.9617881775
24547.0820312500,-63.9681243896
24603.6640625000,-63.9729919434
24660.4042968750,-63.9776344299
24717.2480468750,-64.0456085205
24774.2226562500,-64.1435623169
24831.3300781250,-64.2409057617
24888.5683593750,-64.3331222534
24945.9375000000,-64.4164733887
25003.4394531250,-64.4868087769
25061.1015625000,-64.5400085449
25118.8691406250,-64.5833511353
25176.7714843750,-64.6078033447
25234.8046875000,-64.6283416748
25292.9726562500,-64.6401138306
25351.2753906250,-64.6525878906
25409.7402343750,-64.6662826538
25468.3105468750,-64.6857070923
25527.0175781250,-64.7084884644
25585.8593750000,-64.7403259277
25644.8359375000,-64.7744064331
25703.9492187500,-64.8143615723
25763.1972656250,-64.8555984497
25822.6132812500,-64.8984375000
25882.1347656250,-64.9399719238
25941.7949218750,-64.9808425903
26001.5937500000,-65.0148773193
26061.5292968750,-65.0450057983
26121.6015625000,-65.0672454834
26181.8437500000,-65.0814819336
26242.1953125000,-65.0911712646
26302.6835937500,-65.0939865112
26363.3144531250,-65.0971221924
26424.0839843750,-65.1020126343
26484.9921875000,-65.1142272949
26546.0429687500,-65.1313552856
26607.2617187500,-65.1658020020
26668.5937500000,-65.2067031860
26730.0664062500,-65.2615890503
26791.6816406250,-65.3243255615
26853.4375000000,-65.3919677734
26915.3378906250,-65.4598693848
26977.4082031250,-65.5232925415
27039.5937500000,-65.5773086548
27101.9218750000,-65.6153106689
27164.3945312500,-65.6335220337
27227.0097656250,-65.6343231201
27289.7695312500,-65.6397399902
27352.6738281250,-65.6435470581
27415.7539062500,-65.6447296143
27478.9492187500,-65.6475067139
27542.2910156250,-65.6524429321
27605.7773437500,-65.6539688110
27669.4101562500,-65.6583709717
27733.1914062500,-65.6873168945
27797.1171875000,-65.7210922241
27861.2226562500,-65.7618865967
27925.4453125000,-65.8102111816
27989.8144531250,-65.8617172241
28054.3339843750,-65.9181060791
28119.0000000000,-65.9759597778
28183.8164062500,-66.0342025757
28248.8144531250,-66.0888900757
28313.9296875000,-66.1383972168
28379.1953125000,-66.1832885742
28444.6113281250,-66.2180252075
28510.1777343750,-66.2509307861
28575.8964843750,-66.2817153931
28641.7656250000,-66.3181762695
28707.8183593750,-66.3589172363
28773.9921875000,-66.4067687988
28840.3183593750,-66.4560852051
28906.7968750000,-66.4895858765
28973.4296875000,-66.4966659546
29040.2148437500,-66.4975967407
29107.1855468750,-66.5020065308
29174.2812500000,-66.5087814331
29241.5292968750,-66.5091094971
29308.9335937500,-66.5096359253
29376.4921875000,-66.5126953125
29444.2070312500,-66.5134429932
29512.0781250000,-66.5208358765
29580.1386718750,-66.5239257813
29648.3222656250,-66.5278396606
29716.6640625000,-66.5293045044
29785.1621093750,-66.5296096802
29853.8203125000,-66.5367279053
29922.6347656250,-66.5432586670
29991.6406250000,-66.5456390381
30060.7734375000,-66.5522842407
30130.0664062500,-66.5562438965
30199.5175781250,-66.5860977173
30269.1308593750,-66.6240310669
30338.9023437500,-66.6515121460
30408.8359375000,-66.6703414917
30478.9648437500,-66.6893234253
30549.2207031250,-66.7172927856
30619.6386718750,-66.7624740601
30690.2187500000,-66.8309402466
30760.9628906250,-66.9270858765
30831.8691406250,-67.0383071899
30902.9375000000,-67.1532363892
30974.2050781250,-67.2630615234
31045.6035156250,-67.3611221313
31117.1660156250,-67.4441299438
31188.8925781250,-67.5111312866
31260.7851562500,-67.5660247803
31332.8437500000,-67.6123199463
31405.1035156250,-67.6512298584
31477.4941406250,-67.6837768555
31550.0507812500,-67.7114028931
31622.7773437500,-67.7364578247
31695.6699218750,-67.7632293701
31768.7304687500,-67.7961807251
31841.9589843750,-67.8365173340
31915.3925781250,-67.8372955322
31988.9589843750,-67.8438034058
32062.6972656250,-67.8448333740
32136.6035156250,-67.8628082275
32210.6796875000,-67.8716735840
32284.9277343750,-67.8869323730
32359.3828125000,-67.8903274536
32433.9726562500,-67.9170303345
32508.7363281250,-67.9247131348
32583.6718750000,-67.9435882568
32658.7792968750,-67.9658889771
32734.0585937500,-67.9766082764
32809.5156250000,-68.0040740967
32885.1796875000,-68.0130920410
32960.9804687500,-68.0419464111
33036.9570312500,-68.0625762939
33113.1093750000,-68.0637283325
33189.4375000000,-68.1016082764
33265.9414062500,-68.1090621948
33342.6250000000,-68.1163024902
33419.5156250000,-68.1452865601
33496.5507812500,-68.1462478638
33573.7617187500,-68.1531753540
33651.1523437500,-68.1682662964
33728.7226562500,-68.1710205078
33806.4687500000,-68.1710433960
33884.4335937500,-68.1827926636
33962.5390625000,-68.1893157959
34040.8242187500,-68.2014312744
34119.2890625000,-68.2292175293
34197.9375000000,-68.2792205811
34276.7656250000,-68.3521347046
34355.7773437500,-68.3693161011
34435.0078125000,-68.3711624146
34514.3828125000,-68.3977050781
34593.9414062500,-68.4043197632
34673.6835937500,-68.4413146973
34753.6054687500,-68.4494705200
34833.7187500000,-68.4633331299
34914.0507812500,-68.5135345459
34994.5273437500,-68.5328979492
35075.1953125000,-68.5360794067
35156.0429687500,-68.5774459839
35237.0820312500,-68.6047286987
35318.3046875000,-68.6082992554
35399.7148437500,-68.6311645508
35481.3554687500,-68.6481857300
35563.1406250000,-68.6499938965
35645.1171875000,-68.6708908081
35727.2812500000,-68.6999588013
35809.6367187500,-68.7264175415
35892.1796875000,-68.7580490112
35974.9531250000,-68.7978134155
36057.8789062500,-68.8420181274
36140.9921875000,-68.8824844360
36224.3007812500,-68.9082870483
36307.8007812500,-68.9109420776
36391.4921875000,-68.9112777710
36475.3789062500,-68.9140243530
36559.4960937500,-68.9219970703
36643.7695312500,-68.9233703613
36728.2343750000,-68.9243240356
36812.8945312500,-68.9381561279
36897.7539062500,-68.9571762085
36982.8046875000,-68.9692611694
37068.0507812500,-68.9723358154
37153.5390625000,-68.9724731445
37239.1796875000,-68.9796600342
37325.0195312500,-69.0058593750
37411.0546875000,-69.0585556030
37497.2890625000,-69.1393966675
37583.7226562500,-69.2442932129
37670.3984375000,-69.3647537231
37757.2304687500,-69.4893798828
37844.2656250000,-69.6051406860
37931.5000000000,-69.6533050537
38018.9335937500,-69.6609115601
38106.5703125000,-69.6712951660
38194.4062500000,-69.6966781616
38282.4921875000,-69.6990661621
38370.7343750000,-69.7066574097
38459.1796875000,-69.7471466064
38547.8320312500,-69.7563934326
38636.6875000000,-69.7735824585
38725.7500000000,-69.7783355713
38815.0585937500,-69.8292617798
38904.5273437500,-69.8551330566
38994.2070312500,-69.8712692261
39084.0898437500,-69.8783645630
39174.1835937500,-69.9003677368
39264.4804687500,-69.9161834717
39354.9882812500,-69.9427032471
39445.7460937500,-69.9548797607
39536.6718750000,-69.9550704956
39627.8085937500,-69.9809417725
39719.1523437500,-69.9826126099
39810.7070312500,-70.0183258057
39902.4765625000,-70.1024246216
39994.4960937500,-70.1839218140
40086.6875000000,-70.2543182373
40179.0898437500,-70.3100204468
40271.7070312500,-70.3527908325
40364.5351562500,-70.3879394531
40457.5781250000,-70.4140243530
40550.8359375000,-70.4209213257
40644.3515625000,-70.4234542847
40738.0390625000,-70.4240036011
40831.9453125000,-70.4434661865
40926.0664062500,-70.4542922974
41020.4023437500,-70.4545745850
41114.9570312500,-70.4702072144
41209.7304687500,-70.4822540283
41304.7656250000,-70.4980010986
41399.9765625000,-70.4999008179
41495.4062500000,-70.5087585449
41591.0585937500,-70.5204315186
41686.9257812500,-70.5292892456
41783.0195312500,-70.5294723511
41879.3789062500,-70.5295257568
41975.9140625000,-70.5319671631
42072.6679687500,-70.5321502686
42169.6484375000,-70.5338058472
42266.8554687500,-70.5403747559
42364.2812500000,-70.5413665771
42461.9335937500,-70.5452117920
42559.8593750000,-70.5504074097
42657.9648437500,-70.5846786499
42756.2929687500,-70.6398315430
42854.8476562500,-70.7565994263
42953.6328125000,-70.8819885254
43052.6445312500,-70.9470672607
43151.9296875000,-70.9763870239
43251.3984375000,-70.9849243164
43351.0976562500,-70.9873886108
43451.0234375000,-70.9952621460
43551.1796875000,-70.9989929199
43651.5703125000,-71.0472564697
43752.1914062500,-71.1180572510
43853.0898437500,-71.2016601563
43954.1757812500,-71.2723159790
44055.4921875000,-71.3028030396
44157.0429687500,-71.3157043457
44258.8281250000,-71.3179702759
44360.8476562500,-71.3463745117
44463.1015625000,-71.3785400391
44565.6406250000,-71.3813095093
44668.3671875000,-71.4010696411
44771.3320312500,-71.5038452148
44874.5351562500,-71.5954284668
44977.9726562500,-71.6008605957
45081.6484375000,-71.6091003418
45185.6171875000,-71.6101379395
45289.7734375000,-71.6291809082
45394.1679687500,-71.6570510864
45498.8046875000,-71.6745223999
45603.6835937500,-71.6813507080
45708.8046875000,-71.6877059937
45814.1640625000,-71.6975173950
45919.8203125000,-71.7092361450
46025.6679687500,-71.7496185303
46131.7617187500,-71.8400421143
46238.0976562500,-71.9773330688
46344.6796875000,-71.9831848145
46451.5078125000,-71.9870300293
46558.6328125000,-72.0022354126
46665.9531250000,-72.0125656128
46773.5234375000,-72.0171737671
46881.3398437500,-72.0302734375
46989.4023437500,-72.0415191650
47097.7187500000,-72.0519180298
47206.2812500000,-72.0599822998
47315.1484375000,-72.0884094238
47424.2109375000,-72.0957641602
47533.5273437500,-72.1121444702
47643.0976562500,-72.1303558350
47752.9179687500,-72.1434020996
47862.9921875000,-72.1874237061
47973.3710937500,-72.2987289429
48083.9531250000,-72.3014144897
48194.7890625000,-72.3015518188
48305.8828125000,-72.3389129639
48417.2304687500,-72.3545684814
48528.8359375000,-72.3712692261
48640.6992187500,-72.3981475830
48752.8710937500,-72.4289855957
48865.2500000000,-72.4289855957
48977.8867187500,-72.4350128174
49090.7851562500,-72.4856719971
49203.9453125000,-72.5385665894
49317.3632812500,-72.5785598755
49431.0429687500,-72.6079025269
49545.0390625000,-72.6597824097
49659.2421875000,-72.6970901489
49773.7109375000,-72.6976776123
49888.4453125000,-72.7089385986
50003.4414062500,-72.7351760864
50118.7031250000,-72.7447509766
50234.2851562500,-72.7587661743
50350.0781250000,-72.7752456665
50466.1367187500,-72.8006362915
50582.4648437500,-72.8310470581
50699.0625000000,-72.8572082520
50815.9257812500,-72.8814315796
50933.0625000000,-72.8958587646
51050.5234375000,-72.9374084473
51168.1953125000,-72.9601821899
51286.1445312500,-72.9810714722
51404.3593750000,-73.0197677612
51522.8515625000,-73.0215454102
51641.6171875000,-73.0403594971
51760.7109375000,-73.0576477051
51880.0234375000,-73.1609191895
51999.6093750000,-73.2272338867
52119.4726562500,-73.2636413574
52239.6093750000,-73.2663574219
52360.0273437500,-73.2703781128
52480.7187500000,-73.2718582153
52601.7500000000,-73.2776260376
52723.0000000000,-73.3108901978
52844.5312500000,-73.3684310913
52966.3398437500,-73.4320526123
53088.4335937500,-73.4670410156
53210.8046875000,-73.4714355469
53333.5195312500,-73.4826507568
53456.4570312500,-73.4853591919
53579.6757812500,-73.4908828735
53703.1835937500,-73.5393600464
53826.9726562500,-73.6162338257
53951.0468750000,-73.6373901367
54075.4062500000,-73.6630783081
54200.1132812500,-73.6737747192
54325.0507812500,-73.6870956421
54450.2734375000,-73.7149505615
54575.7851562500,-73.7452011108
54701.5859375000,-73.7718353271
54827.6757812500,-73.7780303955
54954.0585937500,-73.7787017822
55080.7929687500,-73.7800216675
55207.7578125000,-73.7976837158
55335.0156250000,-73.8381500244
55462.5664062500,-73.8438873291
55590.4101562500,-73.8501358032
55718.5507812500,-73.8687667847
55847.0468750000,-73.8892745972
55975.7773437500,-73.8907089233
56104.8085937500,-73.9083938599
56234.1328125000,-73.9484024048
56363.7578125000,-73.9703140259
56493.6796875000,-74.0009613037
56623.9023437500,-74.1153106689
56754.4843750000,-74.1228485107
56885.3085937500,-74.1364822388
57016.4335937500,-74.2232513428
57147.8593750000,-74.2233352661
57279.5898437500,-74.2304840088
57411.6210937500,-74.2994155884
57544.0234375000,-74.3378601074
57676.6679687500,-74.4002990723
57809.6171875000,-74.4877090454
57942.8710937500,-74.5839462280
58076.4335937500,-74.6576690674
58210.3046875000,-74.6654052734
58344.4843750000,-74.6779251099
58479.0351562500,-74.6804199219
58613.8320312500,-74.7063827515
58748.9414062500,-74.7087173462
58884.3632812500,-74.7123565674
59020.0937500000,-74.7194137573
59156.1406250000,-74.7346878052
59292.5000000000,-74.7350921631
59429.2382812500,-74.7369766235
59566.2265625000,-74.7372283936
59703.5312500000,-74.7377700806
59841.1523437500,-74.7388687134
59979.0898437500,-74.7507476807
60117.3476562500,-74.7799453735
60255.9882812500,-74.8031539917
60394.8828125000,-74.8240356445
60534.0976562500,-74.8334884644
60673.6328125000,-74.8419265747
60813.4882812500,-74.9792098999
60953.6679687500,-75.0997924805
61094.1718750000,-75.2096023560
61235.0625000000,-75.2497100830
61376.2148437500,-75.2515792847
61517.6914062500,-75.2705001831
61659.4960937500,-75.2715911865
61801.6250000000,-75.2935638428
61944.0820312500,-75.2999420166
62086.9335937500,-75.3020324707
62230.0507812500,-75.3070068359
62373.4960937500,-75.3104629517
62517.2695312500,-75.3191223145
62661.3750000000,-75.3391571045
62805.8164062500,-75.3396453857
62950.5859375000,-75.3676910400
63095.7617187500,-75.3714141846
63241.2031250000,-75.3731155396
63386.9765625000,-75.4440155029
63533.0898437500,-75.5375213623
63679.5390625000,-75.6062469482
63826.3242187500,-75.6508636475
63973.5195312500,-75.6996536255
64120.9804687500,-75.7074813843
64268.7851562500,-75.7109756470
64416.9296875000,-75.7176361084
64565.4140625000,-75.7663116455
64714.2421875000,-75.7665328979
64863.4140625000,-75.7934036255
65013.0000000000,-75.8274078369
65162.8593750000,-75.8319625854
65313.0625000000,-75.8522262573
65463.6132812500,-75.8584594727
65614.5156250000,-75.8723068237
65765.7578125000,-75.9224548340
65917.3515625000,-76.0083465576
66069.3671875000,-76.0613403320
66221.6640625000,-76.0691604614
66374.3125000000,-76.0868377686
66527.3125000000,-76.0882797241
66680.6562500000,-76.1024627686
66834.3593750000,-76.1162643433
66988.4921875000,-76.1285705566
67142.9062500000,-76.1472625732
67297.6796875000,-76.1553421021
67452.8046875000,-76.1768417358
67608.2890625000,-76.1868057251
67764.1250000000,-76.2144470215
67920.3281250000,-76.2473526001
68076.9609375000,-76.3059158325
68233.8906250000,-76.4033737183
68391.1718750000,-76.4139404297
68548.8203125000,-76.4380111694
68706.8281250000,-76.5058898926
68865.2031250000,-76.5305633545
69024.0156250000,-76.6020812988
69183.1250000000,-76.6259765625
69342.5937500000,-76.6511077881
69502.4296875000,-76.6593017578
69662.6406250000,-76.6797866821
69823.2187500000,-76.8077163696
69984.1640625000,-76.8285217285
70145.5625000000,-76.8579864502
70307.2500000000,-76.8744430542
70469.3125000000,-76.9024658203
70631.7500000000,-76.9238891602
70794.5625000000,-76.9477462769
70957.7500000000,-77.0089569092
71121.3906250000,-77.0111389160
71285.3281250000,-77.0145492554
71449.6484375000,-77.0146484375
71614.3437500000,-77.0270385742
71779.4218750000,-77.0470275879
71944.8750000000,-77.0731887817
72110.7187500000,-77.1118392944
72277.0156250000,-77.1297225952
72443.6171875000,-77.1353378296
72610.6093750000,-77.2763977051
72777.9765625000,-77.3851623535
72945.7343750000,-77.4343338013
73113.8828125000,-77.4878540039
73282.4140625000,-77.5384979248
73451.4140625000,-77.5486221313
73620.7265625000,-77.5910263062
73790.4296875000,-77.6260986328
73960.5234375000,-77.6497802734
74131.0078125000,-77.6836776733
74301.8828125000,-77.7045822144
74473.2343750000,-77.7066421509
74644.8984375000,-77.7090377808
74816.9609375000,-77.7500228882
74989.4218750000,-77.7562713623
75162.2734375000,-77.7660369873
75335.5312500000,-77.7674789429
75509.1875000000,-77.7781753540
75683.3203125000,-77.7837142944
75857.7812500000,-77.7957763672
76032.6328125000,-77.8087005615
76207.8984375000,-77.8280944824
76383.5625000000,-77.8853759766
76559.6328125000,-77.8866119385
76736.1875000000,-77.9066390991
76913.0703125000,-77.9089431763
77090.3593750000,-77.9323043823
77268.0625000000,-77.9327926636
77446.1718750000,-77.9456939697
77624.6875000000,-77.9580001831
77803.6171875000,-78.0270843506
77983.0468750000,-78.0950088501
78162.8046875000,-78.1004180908
78342.9765625000,-78.1227951050
78523.5625000000,-78.1427993774
78704.5625000000,-78.1430969238
78885.9843750000,-78.2234954834
79067.8203125000,-78.2453155518
79250.1640625000,-78.2494964600
79432.8437500000,-78.3472290039
79615.9375000000,-78.3934020996
79799.4609375000,-78.4218292236
79983.4062500000,-78.5399398804
80167.7734375000,-78.5755615234
80352.6484375000,-78.5878219604
80537.8671875000,-78.5890808105
80723.5156250000,-78.6555099487
80909.5859375000,-78.6805343628
81096.0937500000,-78.7415618896
81283.0234375000,-78.7475814819
81470.3828125000,-78.7821578979
81658.2734375000,-78.8213729858
81846.5000000000,-78.8299179077
82035.1640625000,-78.8346405029
82224.2578125000,-78.9005584717
82413.7890625000,-78.9164657593
82603.7578125000,-78.9168853760
82794.2578125000,-78.9555664063
82985.1015625000,-78.9775695801
83176.3906250000,-78.9830245972
83368.1171875000,-78.9872207642
83560.2890625000,-78.9987792969
83752.8984375000,-79.0196914673
83945.9609375000,-79.0289611816
84139.5546875000,-79.0439147949
84333.5000000000,-79.1040039063
84527.8906250000,-79.1063232422
84722.7343750000,-79.1681060791
84918.0312500000,-79.1775894165
85113.7734375000,-79.1929626465
85310.0546875000,-79.2072219849
85506.7031250000,-79.2101821899
85703.8046875000,-79.2307968140
85901.3515625000,-79.2350540161
86099.3671875000,-79.2625732422
86297.8281250000,-79.2688522339
86496.7500000000,-79.2747955322
86696.2265625000,-79.3093948364
86896.0703125000,-79.3641357422
87096.3671875000,-79.3728027344
87297.1328125000,-79.3728027344
87498.3593750000,-79.3728027344
87700.0468750000,-79.4146575928
87902.2031250000,-79.4408645630
88104.9218750000,-79.4528274536
88308.0078125000,-79.4584655762
88511.5703125000,-79.4603042603
88715.5937500000,-79.4827575684
88920.0859375000,-79.5037689209
89125.0546875000,-79.5215454102
89330.5937500000,-79.6244506836
89536.5078125000,-79.6708221436
89742.8906250000,-79.6729202271
89949.7578125000,-79.6743392944
90157.1015625000,-79.7000732422
90364.9140625000,-79.7140731812
90573.2109375000,-79.7751388550
90782.0937500000,-79.7893524170
90991.3515625000,-79.7912063599
91201.0937500000,-79.8619689941
91411.3203125000,-79.8821411133
91622.0234375000,-79.9082489014
91833.2187500000,-79.9814376831
92045.0078125000,-80.0225601196
92257.1718750000,-80.0318908691
92469.8359375000,-80.0886001587
92682.9843750000,-80.1757125854
92896.6250000000,-80.1980667114
93110.7578125000,-80.2444229126
93325.3828125000,-80.2584686279
93540.6093750000,-80.2653427124
93756.2265625000,-80.2674407959
93972.3437500000,-80.2764282227
94188.9531250000,-80.2766418457
94406.0703125000,-80.2960357666
94623.6796875000,-80.2970504761
94841.8984375000,-80.3057785034
95060.5156250000,-80.3172760010
95279.6328125000,-80.4441833496
95499.2656250000,-80.6002120972
95719.3984375000,-80.6028671265
95940.0390625000,-80.6296844482
96161.1875000000,-80.6982421875
96382.9453125000,-80.7028427124
96605.1171875000,-80.7144088745
96827.7968750000,-80.7548065186
97050.9921875000,-80.7674179077
97274.7031250000,-80.7695693970
97498.9296875000,-80.7740783691
97723.6718750000,-80.7770385742
97949.0390625000,-80.8510742188
98174.8203125000,-80.8663711548
98401.1171875000,-80.8722610474
98627.9375000000,-80.9343414307
98855.2812500000,-80.9425506592
99083.1484375000,-80.9737014771
99311.6562500000,-80.9971618652
99540.5781250000,-81.0746231079
99770.0234375000,-81.1581954956
100000.0000000000,-81.2220916748
100230.5078125000,-81.2469253540
100461.5468750000,-81.2607727051
100693.1171875000,-81.2698135376
100925.3359375000,-81.2823181152
101157.9687500000,-81.3030853271
101391.1484375000,-81.3330993652
101624.8593750000,-81.3699569702
101859.1171875000,-81.4095230103
102093.9062500000,-81.4390869141
102329.3515625000,-81.4456558228
102565.2265625000,-81.4479446411
102801.6484375000,-81.4486389160
103038.6171875000,-81.4688415527
103276.1250000000,-81.4723434448
103514.1875000000,-81.4831848145
103752.7890625000,-81.5059890747
103992.0625000000,-81.5079727173
104231.7734375000,-81.5150833130
104472.0312500000,-81.5430221558
104712.8515625000,-81.5443267822
104954.2187500000,-81.5610885620
105196.1484375000,-81.5705108643
105438.6328125000,-81.5755462646
105681.7890625000,-81.5909957886
105925.3984375000,-81.5964584351
106169.5625000000,-81.6012420654
106414.2890625000,-81.6241836548
106659.5859375000,-81.6910705566
106905.4375000000,-81.7543334961
107151.9843750000,-81.8078079224
107398.9765625000,-81.8490753174
107646.5390625000,-81.8810424805
107894.6718750000,-81.9106903076
108143.3750000000,-81.9460144043
108392.6562500000,-81.9924545288
108642.5078125000,-82.0507125854
108893.0546875000,-82.1167984009
109144.0625000000,-82.1837997437
109395.6484375000,-82.2448730469
109647.8125000000,-82.2954483032
109900.5546875000,-82.3342361450
110153.8828125000,-82.3628692627
110407.9218750000,-82.3848190308
110662.4140625000,-82.4013671875
110917.5000000000,-82.4217300415
111173.1718750000,-82.4468231201
111429.4375000000,-82.4789505005
111686.2890625000,-82.5181884766
111943.7343750000,-82.5615997314
112201.8984375000,-82.6033706665
112460.5312500000,-82.6079940796
112719.7578125000,-82.6111907959
112979.5859375000,-82.6207580566
113240.0078125000,-82.6256713867
113501.0390625000,-82.6362762451
113762.7890625000,-82.6435699463
114025.0234375000,-82.6505889893
114287.8593750000,-82.6543579102
114551.2968750000,-82.6556777954
114815.3437500000,-82.6956787109
115080.0078125000,-82.7835845947
115345.2734375000,-82.8783264160
115611.2812500000,-82.9353485107
115877.7734375000,-82.9803237915
116144.8750000000,-82.9888610840
116412.6015625000,-82.9902267456
116680.9375000000,-82.9966278076
116949.8984375000,-83.0031433105
117219.4765625000,-83.0089416504
117489.8046875000,-83.0093002319
117760.6250000000,-83.0194778442
118032.0703125000,-83.0214385986
118304.1406250000,-83.0279312134
118576.8437500000,-83.0461349487
118850.1718750000,-83.0569534302
119124.2578125000,-83.0587158203
119398.8515625000,-83.0630493164
119674.0703125000,-83.0874023438
119949.9296875000,-83.0942993164
120226.4218750000,-83.1051635742
120503.5546875000,-83.1295242310
120781.3203125000,-83.1490020752
121059.8671875000,-83.1495056152
121338.9140625000,-83.1725006104
121618.6093750000,-83.2004241943
121898.9531250000,-83.2053680420
122179.9375000000,-83.2199935913
122461.5703125000,-83.2594680786
122743.9843750000,-83.3855819702
123026.9218750000,-83.4729156494
123310.5078125000,-83.5568695068
123594.7421875000,-83.6316223145
123879.6406250000,-83.6474227905
124165.1953125000,-83.6498107910
124451.3984375000,-83.6598281860
124738.4062500000,-83.6657943726
125025.9375000000,-83.6857452393
125314.1328125000,-83.6909103394
125602.9921875000,-83.6911239624
125892.5156250000,-83.7290420532
126182.7031250000,-83.7294998169
126473.7031250000,-83.7444229126
126765.2343750000,-83.7450714111
127057.4375000000,-83.8154296875
127350.3125000000,-83.8670120239
127643.8671875000,-83.9201126099
127938.0937500000,-83.9738616943
128233.0000000000,-84.0273361206
128528.7265625000,-84.0794677734
128824.9921875000,-84.1531753540
129121.9453125000,-84.2231597900
129419.5781250000,-84.2686157227
129717.8984375000,-84.3133697510
130016.9140625000,-84.3554153442
130316.6093750000,-84.3981475830
130617.1406250000,-84.3991241455
130918.2265625000,-84.4005432129
131220.0000000000,-84.4034347534
131522.4687500000,-84.4050369263
131825.6406250000,-84.4071044922
132129.5000000000,-84.4104003906
132434.2187500000,-84.4164505005
132739.4843750000,-84.4239883423
133045.4687500000,-84.4283981323
133352.1406250000,-84.4296493530
133659.5312500000,-84.4393005371
133967.6250000000,-84.4922256470
134276.4218750000,-84.5379791260
134586.0937500000,-84.5874557495
134896.3281250000,-84.6586456299
135207.2656250000,-84.7126235962
135518.9375000000,-84.7154541016
135831.3125000000,-84.7188415527
136144.4062500000,-84.7267532349
136458.3906250000,-84.7366561890
136772.9375000000,-84.7368316650
137088.2031250000,-84.7430114746
137404.2031250000,-84.7566375732
137720.9218750000,-84.8227005005
138038.3906250000,-84.8936843872
138356.5781250000,-84.9339981079
138675.6406250000,-84.9647674561
138995.2968750000,-84.9902725220
139315.7031250000,-84.9906387329
139636.8281250000,-84.9908828735
139958.7031250000,-84.9962539673
140281.3125000000,-84.9993667603
140604.6718750000,-85.0102233887
140928.9375000000,-85.0396270752
141253.7812500000,-85.0952758789
141579.3906250000,-85.1445693970
141905.7343750000,-85.1650543213
142232.8437500000,-85.1769027710
142560.7031250000,-85.1901626587
142889.4687500000,-85.2102890015
143218.8281250000,-85.2302169800
143548.9687500000,-85.2639236450
143879.8593750000,-85.2975082397
144211.5156250000,-85.3208999634
144543.9218750000,-85.3626632690
144877.1093750000,-85.4103851318
145211.2187500000,-85.4408569336
145545.9375000000,-85.4647598267
145881.4375000000,-85.4717941284
146217.7031250000,-85.4752273560
146554.7500000000,-85.4808883667
146892.5625000000,-85.4813156128
147231.3281250000,-85.4832992554
147570.7031250000,-85.5072174072
147910.8593750000,-85.5773010254
148251.8125000000,-85.6841506958
148593.5468750000,-85.7741317749
148936.0625000000,-85.9111251831
149279.3750000000,-86.0228271484
149623.6250000000,-86.0408706665
149968.5312500000,-86.0564727783
150314.2187500000,-86.0593566895
150660.7031250000,-86.0728454590
151007.9843750000,-86.0738754272
151356.0625000000,-86.0982666016
151705.1250000000,-86.1780471802
152054.8125000000,-86.2517089844
152405.3125000000,-86.2540969849
152756.6093750000,-86.2545700073
153108.7187500000,-86.2693786621
153461.6562500000,-86.2745437622
153815.3906250000,-86.2882385254
154170.1093750000,-86.2983703613
154525.4843750000,-86.3047561646
154881.6875000000,-86.3066864014
155238.7031250000,-86.3456954956
155596.5312500000,-86.3705215454
155955.1875000000,-86.3738937378
156314.6875000000,-86.3773345947
156675.1718750000,-86.3858261108
157036.3125000000,-86.3875198364
157398.2968750000,-86.3954391479
157761.1093750000,-86.4721069336
158124.7656250000,-86.5855560303
158489.2500000000,-86.6718673706
158854.7500000000,-86.7842864990
159220.9218750000,-86.8586120605
159587.9375000000,-86.8612594604
159955.7968750000,-86.8702774048
160324.5156250000,-86.8731307983
160694.0625000000,-86.8783721924
161064.4843750000,-86.9141998291
161435.9218750000,-86.9277954102
161808.0468750000,-86.9378509521
162181.0312500000,-86.9442214966
162554.8593750000,-86.9625701904
162929.5625000000,-86.9641189575
163305.1250000000,-86.9799346924
163681.7343750000,-86.9903335571
164059.0312500000,-86.9915542603
164437.2031250000,-87.0103530884
164816.2343750000,-87.0115127563
165196.1562500000,-87.0344238281
165576.9375000000,-87.1041259766
165958.6093750000,-87.1909332275
166341.3437500000,-87.2795486450
166724.7656250000,-87.3206558228
167109.0781250000,-87.3251190186
167494.2812500000,-87.3339080811
167880.3593750000,-87.3423919678
168267.3437500000,-87.3492813110
168655.3906250000,-87.3572769165
169044.1562500000,-87.3691711426
169433.8125000000,-87.3962631226
169824.3750000000,-87.4375610352
170215.8281250000,-87.4815216064
170608.1875000000,-87.5238647461
171001.4531250000,-87.5568161011
171395.8125000000,-87.5777511597
171790.8906250000,-87.5846633911
172186.8750000000,-87.5876922607
172583.7812500000,-87.6010360718
172981.6093750000,-87.6314773560
173380.3437500000,-87.6774826050
173779.9843750000,-87.7272949219
174180.7500000000,-87.7342147827
174582.2500000000,-87.7351989746
174984.6875000000,-87.7393341064
175388.0312500000,-87.7611236572
175792.3125000000,-87.8225402832
176197.5312500000,-87.8714141846
176603.8750000000,-87.9095306396
177010.9531250000,-87.9417343140
177418.9843750000,-87.9771728516
177827.9375000000,-88.0340881348
178237.8437500000,-88.0756225586
178648.7031250000,-88.1033630371
179060.5000000000,-88.1208343506
179473.4375000000,-88.1432189941
179887.1406250000,-88.2110671997
180301.7968750000,-88.2930603027
180717.4062500000,-88.3779983521
181133.9687500000,-88.4163742065
181551.5000000000,-88.4283981323
181970.1875000000,-88.4299850464
182389.6406250000,-88.4448242188
182810.0625000000,-88.4492111206
183231.4531250000,-88.4584350586
183653.8125000000,-88.4954757690
184077.1406250000,-88.5155105591
184501.4531250000,-88.5270919800
184926.9531250000,-88.5346374512
185353.2187500000,-88.5472564697
185780.4687500000,-88.5697021484
186208.7031250000,-88.5770263672
186637.9375000000,-88.5882186890
187068.1406250000,-88.6084899902
187499.3437500000,-88.6888351440
187931.7500000000,-88.7298660278
188364.9531250000,-88.7539978027
188799.1406250000,-88.7799682617
189234.3437500000,-88.7956161499
189670.5312500000,-88.8034820557
190107.7500000000,-88.8214721680
190546.1562500000,-88.8850936890
190985.3906250000,-88.9625473022
191425.6250000000,-89.0359497070
191866.8750000000,-89.0763473511
192309.1406250000,-89.0799865723
192752.4218750000,-89.0844879150
193196.7343750000,-89.1043701172
193642.2812500000,-89.1781082153
194088.6406250000,-89.1821899414
194536.0312500000,-89.1868896484
194984.4375000000,-89.2000045776
195433.8906250000,-89.2077255249
195884.3906250000,-89.2389907837
196336.1250000000,-89.2562408447
196788.7031250000,-89.2660140991
197242.3125000000,-89.2686996460
197696.9687500000,-89.2786941528
198152.6718750000,-89.3595657349
198609.4218750000,-89.4336624146
199067.2343750000,-89.4954299927
199526.3125000000,-89.5323028564
199986.2343750000,-89.5408859253
200447.2187500000,-89.5410690308
200909.2656250000,-89.5417251587
201372.3750000000,-89.5773696899
201836.5625000000,-89.6285705566
202302.0312500000,-89.6472015381
202768.3437500000,-89.6649856567
203235.7343750000,-89.6692428589
203704.2187500000,-89.7330551147
204173.7656250000,-89.7334136963
204644.4062500000,-89.7819900513
205116.1250000000,-89.7975463867
205589.1562500000,-89.8170166016
206063.0468750000,-89.8460388184
206538.0468750000,-89.8728256226
207014.1250000000,-89.8750839233
207491.3125000000,-89.8977584839
207969.5937500000,-89.9700927734
208448.9843750000,-90.0343017578
208929.7031250000,-90.0533065796
209411.2968750000,-90.0581283569
209894.0000000000,-90.0721511841
210377.8281250000,-90.0723571777
210862.7500000000,-90.0752258301
211348.8125000000,-90.0835571289
211836.2187500000,-90.0837020874
212324.5156250000,-90.1165466309
212813.9375000000,-90.1828384399
213304.4843750000,-90.1948699951
213796.1718750000,-90.1970367432
214288.9843750000,-90.2161941528
214782.9375000000,-90.2536468506
215278.2656250000,-90.2795257568
215774.5000000000,-90.2798080444
216271.8750000000,-90.3320922852
216770.3906250000,-90.3451461792
217270.0625000000,-90.3505783081
217770.8906250000,-90.3835983276
218273.1093750000,-90.3842926025
218776.2343750000,-90.4085159302
219280.5312500000,-90.4480209351
219785.9843750000,-90.4825286865
220292.6093750000,-90.5308227539
220800.4062500000,-90.5947418213
221309.3593750000,-90.6518707275
221819.7343750000,-90.6850662231
222331.0468750000,-90.7120666504
222843.5468750000,-90.7632675171
223357.2031250000,-90.8403091431
223872.0625000000,-90.9162292480
224388.1093750000,-90.9690551758
224905.5781250000,-90.9823913574
225424.0000000000,-91.0005416870
225943.6250000000,-91.0014266968
226464.4375000000,-91.0204544067
226986.4531250000,-91.0232086182
227509.6718750000,-91.0255508423
228034.1093750000,-91.1098480225
228559.9843750000,-91.1920776367
229086.8281250000,-91.2281570435
229614.8906250000,-91.2332153320
230144.1718750000,-91.2485427856
230674.6718750000,-91.3084106445
231206.3906250000,-91.3901824951
231739.3437500000,-91.4639663696
232273.7812500000,-91.4644775391
232809.1875000000,-91.4693145752
233345.8281250000,-91.4748535156
233883.7031250000,-91.4877090454
234422.8125000000,-91.4918289185
234963.1875000000,-91.4956893921
235505.0468750000,-91.5366668701
236047.9062500000,-91.6212158203
236592.0156250000,-91.6955795288
237137.3750000000,-91.7378540039
237683.9843750000,-91.7491073608
238231.8750000000,-91.7497024536
238781.0156250000,-91.7506790161
239331.6718750000,-91.7689132690
239883.3593750000,-91.7792892456
240436.2968750000,-91.7863769531
240990.5312500000,-91.7908935547
241546.0312500000,-91.7954788208
242102.8125000000,-91.8504562378
242661.1406250000,-91.8523025513
243220.4843750000,-91.8616104126
243781.1250000000,-91.8730773926
244343.0625000000,-91.8881378174
244906.2968750000,-91.8999786377
245470.8125000000,-91.9262084961
246036.6406250000,-91.9600219727
246604.0468750000,-91.9907455444
247172.4843750000,-92.0093765259
247742.2343750000,-92.0636444092
248313.2968750000,-92.0968475342
248885.6718750000,-92.0993957520
249459.3750000000,-92.1212539673
250034.4062500000,-92.1295852661
250611.0156250000,-92.1481323242
251188.7031250000,-92.1636505127
251767.7031250000,-92.1877899170
252348.0468750000,-92.2024383545
252929.7343750000,-92.2918014526
253512.7500000000,-92.4479522705
254097.3906250000,-92.5395660400
254683.1093750000,-92.5430603027
255270.1718750000,-92.5557098389
255858.5781250000,-92.5601806641
256448.3593750000,-92.5655212402
257039.4843750000,-92.5659408569
257631.9843750000,-92.5702056885
258226.1250000000,-92.5748977661
258821.3593750000,-92.5944366455
259417.9531250000,-92.6031646729
260015.9375000000,-92.6165695190
260615.2812500000,-92.6359863281
261216.0312500000,-92.6490554810
261818.4375000000,-92.6552658081
262421.9375000000,-92.6590576172
263026.8437500000,-92.6761856079
263633.1562500000,-92.7339324951
264240.8437500000,-92.8462753296
264849.9375000000,-92.9363555908
265460.4375000000,-92.9825134277
266072.6250000000,-92.9989776611
266685.9375000000,-93.0142440796
267300.6562500000,-93.0231170654
267916.8125000000,-93.0258331299
268534.3750000000,-93.0320968628
269153.3750000000,-93.0472106934
269774.0937500000,-93.0490417480
270395.9375000000,-93.0990676880
271019.2187500000,-93.1098403931
271643.9375000000,-93.1347351074
272270.0937500000,-93.1419677734
272897.6875000000,-93.1584854126
273526.7500000000,-93.1771240234
274157.5312500000,-93.2446060181
274789.5000000000,-93.3823471069
275422.9062500000,-93.3849639893
276057.7812500000,-93.4059600830
276694.0937500000,-93.4100189209
277331.9062500000,-93.4493713379
277971.1875000000,-93.4526062012
278612.2187500000,-93.5142440796
279254.4375000000,-93.5351791382
279898.1562500000,-93.5444412231
280543.3437500000,-93.5874862671
281190.0000000000,-93.6351547241
281838.1562500000,-93.6359176636
282488.1250000000,-93.6524429321
283139.2812500000,-93.6544418335
283791.9375000000,-93.6611709595
284446.0937500000,-93.6744613647
285101.7812500000,-93.6826171875
285758.9687500000,-93.6984558105
286417.6562500000,-93.7235183716
287078.1875000000,-93.7592926025
287739.9062500000,-93.7969665527
288403.1875000000,-93.8309173584
289067.9687500000,-93.8626861572
289734.2812500000,-93.9049606323
290402.1562500000,-94.0904083252
291071.8750000000,-94.1847839355
291742.8125000000,-94.2360076904
292415.2812500000,-94.2574081421
293089.3437500000,-94.2910766602
293764.9062500000,-94.2916183472
294442.0625000000,-94.3034286499
295120.7812500000,-94.3125076294
295801.3750000000,-94.3135528564
296483.2187500000,-94.3188552856
297166.6250000000,-94.3345870972
297851.6250000000,-94.3455886841
298538.1875000000,-94.3752441406
299226.3437500000,-94.3792114258
299916.4062500000,-94.3830795288
300607.7500000000,-94.3879928589
301300.6562500000,-94.3983840942
301995.1875000000,-94.4301681519
302691.3125000000,-94.4651947021
303389.0312500000,-94.5536956787
304088.3750000000,-94.6427917480
304789.6562500000,-94.7267532349
305492.2187500000,-94.8002624512
306196.3750000000,-94.8542861938
306902.1875000000,-94.8588867188
307609.6250000000,-94.8613128662
308318.6875000000,-94.8634643555
309029.3750000000,-94.8836593628
309742.0625000000,-94.8854598999
310456.0312500000,-94.8992385864
311171.6562500000,-94.9060745239
311888.9375000000,-94.9195175171
312607.8437500000,-94.9204635620
313328.4375000000,-94.9235458374
314051.0312500000,-94.9695663452
314774.9375000000,-95.0165939331
315500.5000000000,-95.0590972900
316227.7812500000,-95.0944671631
316956.6875000000,-95.1237411499
317687.3125000000,-95.1509246826
318419.5937500000,-95.1812667847
319153.9375000000,-95.2190399170
319889.5937500000,-95.2653198242
320626.9687500000,-95.3170852661
321366.0312500000,-95.3676528931
322106.8125000000,-95.3966140747
322849.2812500000,-95.4026031494
323593.8125000000,-95.4032058716
324339.7187500000,-95.4088134766
325087.3750000000,-95.4171524048
325836.7187500000,-95.4224624634
326587.7812500000,-95.4328842163
327340.5937500000,-95.4339904785
328095.1250000000,-95.4409561157
328851.7812500000,-95.4513854980
329609.8125000000,-95.4854736328
330369.5937500000,-95.5207061768
331131.0937500000,-95.5549011230
331894.3750000000,-95.5874176025
332659.4375000000,-95.6210937500
333426.2187500000,-95.6570510864
334195.1562500000,-95.6961441040
334965.5000000000,-95.7377319336
335737.6250000000,-95.7799835205
336511.5312500000,-95.8206481934
337287.2187500000,-95.8579025269
338064.6875000000,-95.8911056519
338844.3125000000,-95.9210281372
339625.3750000000,-95.9496231079
340408.2500000000,-95.9790954590
341192.9062500000,-96.0107498169
341979.3750000000,-96.0441360474
342767.6562500000,-96.0769958496
343557.7812500000,-96.1063079834
344350.0625000000,-96.1298675537
345143.8125000000,-96.1475830078
345939.4062500000,-96.1618804932
346736.8125000000,-96.1767578125
347536.0625000000,-96.2091674805
348337.1562500000,-96.2538681030
349140.5000000000,-96.2870864868
349945.2812500000,-96.3160934448
350751.9375000000,-96.3358917236
351560.4375000000,-96.3363265991
352370.8125000000,-96.3381271362
353183.0625000000,-96.3396606445
353997.1562500000,-96.3442001343
354813.5312500000,-96.3445739746
355631.4062500000,-96.3471908569
356451.1562500000,-96.3649215698
357272.8125000000,-96.3932647705
358096.3437500000,-96.4349136353
358921.7812500000,-96.4920043945
359749.5312500000,-96.6055603027
360578.7812500000,-96.7343292236
361409.9375000000,-96.8167800903
362243.0000000000,-96.8451156616
363078.0000000000,-96.8467330933
363914.9375000000,-96.8595046997
364753.7812500000,-96.8648834229
365594.9687500000,-96.8866653442
366437.6875000000,-96.8878097534
367282.3437500000,-96.8974609375
368128.9687500000,-96.9388885498
368977.5312500000,-96.9403610229
369828.0312500000,-96.9434661865
370680.5312500000,-96.9826126099
371535.3750000000,-96.9867248535
372391.7812500000,-97.0056838989
373250.1875000000,-97.0066375732
374110.5625000000,-97.0124282837
374972.9062500000,-97.0134353638
375837.2500000000,-97.0814285278
376703.9687500000,-97.1216888428
377572.3125000000,-97.1586456299
378442.6562500000,-97.1950607300
379314.9687500000,-97.2336578369
380189.3437500000,-97.2755889893
381065.6875000000,-97.3421173096
381944.0625000000,-97.4064788818
382824.9062500000,-97.4355926514
383707.3437500000,-97.4418334961
384591.8125000000,-97.4440917969
385478.3125000000,-97.4502792358
386366.8750000000,-97.4619064331
387257.5000000000,-97.4752731323
388150.5625000000,-97.4876708984
389045.2812500000,-97.4941253662
389942.0625000000,-97.4973754883
390840.9062500000,-97.5072097778
391741.8125000000,-97.5773315430
392644.8125000000,-97.6782836914
393549.8750000000,-97.7360763550
394457.4687500000,-97.7779388428
395366.7187500000,-97.8030700684
396278.0937500000,-97.8222351074
397191.5312500000,-97.8458328247
398107.0937500000,-97.8767166138
399024.7500000000,-97.9212265015
399944.9687500000,-97.9753646851
400866.8750000000,-98.0598144531
401790.9062500000,-98.1350708008
402717.0625000000,-98.1756057739
403645.3437500000,-98.2093124390
404575.7812500000,-98.2366409302
405508.3437500000,-98.2635345459
406443.5312500000,-98.2754516602
407380.4062500000,-98.2761688232
408319.4375000000,-98.2766265869
409260.6562500000,-98.2877807617
410204.0312500000,-98.3132629395
411149.5625000000,-98.3359680176
412097.3125000000,-98.3571243286
413047.6562500000,-98.3766784668
413999.7812500000,-98.3831939697
414954.0625000000,-98.3836288452
415910.5625000000,-98.3865737915
416869.2812500000,-98.4034500122
417830.1875000000,-98.4328765869
418793.7812500000,-98.4482574463
419759.1250000000,-98.4558944702
420726.6875000000,-98.4559173584
421696.5000000000,-98.4579391479
422668.5312500000,-98.4690933228
423642.8125000000,-98.4738235474
424619.3437500000,-98.4755554199
425598.5937500000,-98.4821014404
426579.6250000000,-98.4884872437
427562.9375000000,-98.5043563843
428548.5000000000,-98.5418395996
429536.3125000000,-98.5767440796
430526.4375000000,-98.6240081787
431519.3125000000,-98.7198181152
432514.0000000000,-98.8285064697
433510.9687500000,-98.8952255249
434510.2500000000,-98.9365234375
435511.8125000000,-98.9384155273
436515.6875000000,-98.9452819824
437521.9062500000,-98.9453582764
438530.9062500000,-98.9486999512
439541.7500000000,-98.9519653320
440554.9062500000,-98.9583435059
441570.4375000000,-98.9645843506
442588.2812500000,-98.9671249390
443608.4687500000,-98.9825134277
444631.0312500000,-98.9847793579
445656.4062500000,-98.9974060059
446683.6875000000,-98.9986953735
447713.3125000000,-99.0462265015
448745.3437500000,-99.1049575806
449779.7187500000,-99.2094116211
450816.5000000000,-99.3196105957
451856.1562500000,-99.3882293701
452897.7187500000,-99.4221572876
453941.6875000000,-99.4303894043
454988.0625000000,-99.4586181641
456036.8437500000,-99.4715194702
457088.0312500000,-99.4740829468
458141.6562500000,-99.5129318237
459198.1875000000,-99.5220413208
460256.6875000000,-99.5422668457
461317.6250000000,-99.5714111328
462380.9687500000,-99.5729598999
463446.8125000000,-99.5895004272
464515.0937500000,-99.6113586426
465586.3437500000,-99.6148681641
466659.5312500000,-99.6344985962
467735.2187500000,-99.6779098511
468813.3750000000,-99.7073898315
469894.0312500000,-99.7460174561
470977.1875000000,-99.7848892212
472062.8125000000,-99.7896041870
473151.4687500000,-99.8115158081
474242.1250000000,-99.8273620605
475335.2812500000,-99.8286819458
476430.9687500000,-99.8913269043
477529.1562500000,-99.9023056030
478629.9062500000,-99.9206008911
479733.7187500000,-99.9397125244
480839.5312500000,-99.9645309448
481947.9062500000,-99.9764099121
483058.8125000000,-100.0306854248
484172.3125000000,-100.1344299316
485288.3437500000,-100.1769256592
486406.9687500000,-100.1802291870
487528.7187500000,-100.2005767822
488652.5000000000,-100.2167968750
489778.8750000000,-100.2180709839
490907.8437500000,-100.2400741577
492039.4375000000,-100.2623596191
493173.6250000000,-100.2696533203
494310.4375000000,-100.2696685791
495450.3750000000,-100.3250503540
496592.4375000000,-100.3717422485
497737.1250000000,-100.4036331177
498884.4375000000,-100.4277038574
500034.4062500000,-100.4510650635
501187.0000000000,-100.4776992798
502342.8437500000,-100.5038452148
503500.7812500000,-100.5208511353
504661.3750000000,-100.5210189819
505824.6562500000,-100.5236968994
506990.6250000000,-100.5353622437
508159.2812500000,-100.5463104248
509330.6250000000,-100.5547332764
510505.2187500000,-100.5629196167
511681.9687500000,-100.5658645630
512861.4375000000,-100.5842590332
514043.6250000000,-100.6075134277
515228.5312500000,-100.6090087891
516416.1562500000,-100.6287994385
517607.0937500000,-100.6367187500
518800.2187500000,-100.6405258179
519996.0937500000,-100.6829223633
521194.7187500000,-100.8541030884
522396.1250000000,-101.0479431152
523600.2812500000,-101.1943359375
524807.1875000000,-101.2155227661
526017.5000000000,-101.2225494385
527230.0000000000,-101.2376861572
528445.3125000000,-101.2596130371
529663.4375000000,-101.2820587158
530884.3125000000,-101.2859497070
532108.0625000000,-101.2863006592
533335.1875000000,-101.3114089966
534564.5625000000,-101.3416976929
535796.7500000000,-101.3633117676
537031.8125000000,-101.3839569092
538269.6875000000,-101.4367828369
539510.4375000000,-101.4450759888
540754.0625000000,-101.4625701904
542001.1250000000,-101.5011291504
543250.5000000000,-101.5097808838
544502.7500000000,-101.5452499390
545757.8750000000,-101.6592559814
547015.8750000000,-101.6807403564
548276.7500000000,-101.6837005615
549540.5625000000,-101.6846771240
550807.9375000000,-101.6915969849
552077.5625000000,-101.6977233887
553350.1250000000,-101.7055053711
554625.6875000000,-101.7123336792
555904.1250000000,-101.7135391235
557185.5000000000,-101.7563552856
558470.5000000000,-101.7876129150
559757.8125000000,-101.8013153076
561048.0625000000,-101.8028335571
562341.3125000000,-101.8070602417
563637.5625000000,-101.8271179199
564936.8125000000,-101.8701705933
566239.0000000000,-101.9093933105
567544.8750000000,-101.9250488281
568853.0625000000,-101.9307785034
570164.3125000000,-101.9439697266
571478.6250000000,-101.9689865112
572795.8750000000,-102.0184326172
574116.2500000000,-102.1224975586
575440.2500000000,-102.2485427856
576766.6875000000,-102.2576904297
578096.1875000000,-102.2809524536
579428.6875000000,-102.2876205444
580764.3125000000,-102.3192749023
582103.0625000000,-102.3312072754
583444.8125000000,-102.3357543945
584790.3750000000,-102.3989715576
586138.3125000000,-102.4194107056
587489.4375000000,-102.4205703735
588843.6250000000,-102.4248123169
590200.9375000000,-102.4302825928
591561.4375000000,-102.4312591553
592925.0000000000,-102.4333267212
594292.3750000000,-102.4370117188
595662.2500000000,-102.4399566650
597035.3125000000,-102.4627380371
598411.5000000000,-102.5110549927
599790.9375000000,-102.5853500366
601173.4375000000,-102.6528854370
602559.8750000000,-102.7185440063
603948.8125000000,-102.7906723022
605340.9375000000,-102.8449554443
606736.3125000000,-102.8868103027
608134.8750000000,-102.9158172607
609536.6875000000,-102.9254302979
610941.6875000000,-102.9299392700
612350.6250000000,-102.9353713989
613762.1250000000,-102.9376983643
615176.9375000000,-102.9392166138
616594.9375000000,-102.9404220581
618016.2500000000,-102.9458618164
619440.8125000000,-102.9557800293
620869.3750000000,-102.9623718262
622300.5000000000,-102.9872589111
623734.9375000000,-102.9962844849
625172.6875000000,-103.0123214722
626613.7500000000,-103.0194549561
628058.1250000000,-103.0254592896
629505.8750000000,-103.1037521362
630957.6250000000,-103.1756515503
632412.0000000000,-103.2396163940
633869.7500000000,-103.2932205200
635330.8750000000,-103.3026351929
636795.3750000000,-103.3085250854
638263.2500000000,-103.3143844604
639735.1875000000,-103.3189392090
641209.8125000000,-103.3343048096
642687.8750000000,-103.3883285522
644169.3125000000,-103.3888168335
645654.1250000000,-103.3944549561
647142.4375000000,-103.4032516479
648634.1250000000,-103.4208221436
650130.0000000000,-103.4218750000
651628.5625000000,-103.4361877441
653130.6250000000,-103.4371871948
654636.1250000000,-103.4381866455
656145.1250000000,-103.4453659058
657657.6250000000,-103.4628372192
659173.5625000000,-103.4686965942
660693.6875000000,-103.4824981689
662216.6250000000,-103.5361022949
663743.1250000000,-103.6864624023
665273.0625000000,-103.7422332764
666806.5625000000,-103.7630081177
668343.6250000000,-103.7869949341
669884.9375000000,-103.7905044556
671429.0625000000,-103.7928390503
672976.7500000000,-103.8137054443
674528.0000000000,-103.8244628906
676082.8750000000,-103.8293151855
677641.2500000000,-103.8414306641
679203.3125000000,-103.8538513184
680769.6250000000,-103.8839263916
682338.8750000000,-103.8852310181
683911.6875000000,-103.8889694214
685488.1875000000,-103.8925170898
687068.2500000000,-103.9669265747
688652.0000000000,-104.0082244873
690240.1875000000,-104.0313873291
691831.1875000000,-104.0761337280
693425.9375000000,-104.1195144653
695024.3125000000,-104.1257781982
696626.4375000000,-104.1387481689
698232.1875000000,-104.1621170044
699841.6875000000,-104.2195053101
701455.6250000000,-104.3527755737
703072.5000000000,-104.4326019287
704693.1250000000,-104.4359893799
706317.5000000000,-104.4369354248
707945.6250000000,-104.4488754272
709577.5000000000,-104.4610137939
711213.8750000000,-104.4647827148
712853.3125000000,-104.4721450806
714496.5000000000,-104.4951553345
716143.4375000000,-104.5087280273
717794.1875000000,-104.5188903809
719448.7500000000,-104.5491104126
721107.1250000000,-104.5738906860
722770.1250000000,-104.5780944824
724436.1875000000,-104.6104278564
726106.0625000000,-104.6248855591
727779.8125000000,-104.7049102783
729457.3750000000,-104.8516845703
731138.8125000000,-104.8607711792
732824.1250000000,-104.8761978149
734514.1875000000,-104.8805618286
736207.2500000000,-104.9114761353
737904.3125000000,-104.9237976074
739605.1875000000,-104.9472198486
741310.0625000000,-104.9539947510
743018.8125000000,-105.0061874390
744732.3750000000,-105.0151672363
746449.0000000000,-105.0360488892
748169.6250000000,-105.0831298828
749894.1875000000,-105.0913391113
751622.7500000000,-105.1493148804
753355.3125000000,-105.1787796021
755091.8750000000,-105.1968841553
756833.2500000000,-105.2057037354
758577.7500000000,-105.2380065918
760326.3750000000,-105.2663497925
762078.9375000000,-105.2728424072
763835.6250000000,-105.2990036011
765596.3125000000,-105.3128433228
767361.8750000000,-105.3491973877
769130.6875000000,-105.3626251221
770903.6250000000,-105.3993911743
772680.6250000000,-105.4502182007
774461.6875000000,-105.5010070801
776246.8750000000,-105.5509719849
778036.1875000000,-105.5529937744
779830.4375000000,-105.5569686890
781628.0000000000,-105.5620422363
783429.7500000000,-105.5629653931
785235.6250000000,-105.5640106201
787045.6250000000,-105.5745620728
788859.8125000000,-105.5884323120
790678.1875000000,-105.6183471680
792501.6250000000,-105.6193313599
794328.4375000000,-105.6431884766
796159.3750000000,-105.6893157959
797994.6250000000,-105.7033004761
799834.0000000000,-105.7100601196
801677.6875000000,-105.7175064087
803526.5000000000,-105.7209930420
805378.6875000000,-105.7259597778
807235.1250000000,-105.7295684814
809095.8750000000,-105.7416152954
810960.9375000000,-105.7666473389
812830.2500000000,-105.7965621948
814703.8750000000,-105.8454895020
816582.6875000000,-105.9348983765
818465.0000000000,-106.0258560181
820351.6250000000,-106.1050033569
822242.5625000000,-106.1515731812
824137.8750000000,-106.1822052002
826037.6250000000,-106.2141799927
827942.5625000000,-106.2701873779
829851.0625000000,-106.2928771973
831763.9375000000,-106.3246002197
833681.1875000000,-106.3322372437
835602.8750000000,-106.3490295410
837529.0000000000,-106.3723220825
839459.5625000000,-106.3753433228
841395.5000000000,-106.3804779053
843335.0000000000,-106.3827819824
845278.9375000000,-106.4604873657
847227.3750000000,-106.5169677734
849180.2500000000,-106.5380172729
851137.6875000000,-106.5452957153
853100.5625000000,-106.5481643677
855067.0000000000,-106.5600585938
857038.0000000000,-106.5901107788
859013.5625000000,-106.6156311035
860993.6250000000,-106.6396713257
862978.3125000000,-106.6561584473
864967.5000000000,-106.6678543091
866962.2500000000,-106.7495040894
868960.6875000000,-106.7918624878
870963.6875000000,-106.7926330566
872971.3125000000,-106.8425292969
874983.6250000000,-106.8648605347
877000.5000000000,-106.8813323975
879022.0625000000,-106.9102935791
881049.2500000000,-106.9726562500
883080.1250000000,-106.9782638550
885115.6875000000,-106.9853973389
887155.9375000000,-106.9996414185
889200.8750000000,-107.0121994019
891250.5625000000,-107.0157699585
893305.9375000000,-107.0370788574
895365.0625000000,-107.0590438843
897428.9375000000,-107.0596847534
899497.5625000000,-107.2047729492
901571.0000000000,-107.2264556885
903649.1875000000,-107.2276306152
905732.1250000000,-107.2590637207
907820.9375000000,-107.2740707397
909913.5000000000,-107.3010635376
912010.9375000000,-107.3114089966
914113.1875000000,-107.3199844360
916220.2500000000,-107.3527145386
918332.1875000000,-107.4123382568
920450.0625000000,-107.4137191772
922571.7500000000,-107.4783096313
924698.3750000000,-107.4871139526
926829.8125000000,-107.5024642944
928966.2500000000,-107.5084609985
931107.5625000000,-107.5211944580
933253.8750000000,-107.5561065674
935406.0625000000,-107.5961303711
937562.2500000000,-107.7099609375
939723.4375000000,-107.7290496826
941889.5625000000,-107.7329483032
944060.6875000000,-107.7484512329
946236.8125000000,-107.7663269043
948419.0000000000,-107.7899703979
950605.1250000000,-107.7963943481
952796.3750000000,-107.8197097778
954992.6250000000,-107.8576965332
957193.9375000000,-107.9017257690
959400.3750000000,-107.9285430908
961611.8125000000,-107.9330291748
963829.5000000000,-107.9516296387
966051.1875000000,-107.9565582275
968278.0000000000,-107.9771575928
970509.9375000000,-107.9809875488
972747.0625000000,-108.0097579956
974989.3125000000,-108.0363006592
977236.6875000000,-108.0667877197
979490.3750000000,-108.0860519409
981748.1875000000,-108.1361999512
984011.1875000000,-108.1379928589
986279.3750000000,-108.1629104614
988552.8125000000,-108.1659393311
990831.5000000000,-108.1732940674
993116.5625000000,-108.1851654053
995405.7500000000,-108.1956787109
997700.2500000000,-108.2054824829
1000000.0000000000,-108.2203292847
1002305.0625000000,-108.2279357910
1004615.4375000000,-108.2650985718
1006931.1875000000,-108.3170242310
1009253.3125000000,-108.3683013916
1011579.7500000000,-108.4126205444
1013911.5000000000,-108.4472351074
1016248.6250000000,-108.4615249634
1018591.1250000000,-108.4646072388
1020939.0625000000,-108.4695663452
1023293.5625000000,-108.4705352783
1025652.3125000000,-108.4724884033
1028016.5000000000,-108.4739303589
1030386.1250000000,-108.5032653809
1032761.2500000000,-108.5500793457
1035141.8750000000,-108.6094894409
1037527.9375000000,-108.6759338379
1039920.6250000000,-108.7353363037
1042317.7500000000,-108.7811126709
1044720.3750000000,-108.8120346069
1047128.5000000000,-108.8284072876
1049542.2500000000,-108.8285903931
1051961.5000000000,-108.8292312622
1054386.3750000000,-108.8304595947
1056817.8750000000,-108.8321838379
1059254.0000000000,-108.8347854614
1061695.6250000000,-108.8493499756
1064142.8750000000,-108.8759002686
1066595.8750000000,-108.9132232666
1069054.3750000000,-108.9600524902
1071519.8750000000,-109.0141754150
1073989.7500000000,-109.0719528198
1076465.3750000000,-109.1286926270
1078946.7500000000,-109.1837692261
1081433.7500000000,-109.2384338379
1083926.5000000000,-109.2945327759
1086425.0000000000,-109.3542404175
1088930.5000000000,-109.4189758301
1091440.6250000000,-109.4494400024
1093956.5000000000,-109.4578933716
1096478.1250000000,-109.4644622803
1099005.5000000000,-109.4833374023
1101538.8750000000,-109.4848175049
1104079.1250000000,-109.4951705933
1106624.1250000000,-109.5247650146
1109175.0000000000,-109.5339431763
1111731.7500000000,-109.5416641235
1114294.3750000000,-109.5701904297
1116862.8750000000,-109.5731658936
1119437.3750000000,-109.5880050659
1122019.0000000000,-109.6051940918
1124605.2500000000,-109.6129989624
1127197.6250000000,-109.6169281006
1129795.8750000000,-109.6230163574
1132400.1250000000,-109.6464385986
1135010.3750000000,-109.6669998169
1137627.8750000000,-109.6817016602
1140250.2500000000,-109.7010040283
1142878.6250000000,-109.7327728271
1145513.0000000000,-109.7810745239
1148153.5000000000,-109.8448638916
1150800.0000000000,-109.9176483154
1153452.7500000000,-109.9877014160
1156112.7500000000,-110.0218200684
1158777.7500000000,-110.0275878906
1161448.7500000000,-110.0293197632
1164126.0000000000,-110.0396423340
1166809.3750000000,-110.0459365845
1169499.0000000000,-110.0470809937
1172194.7500000000,-110.0641174316
1174898.0000000000,-110.0683059692
1177606.2500000000,-110.0734481812
1180320.7500000000,-110.0745239258
1183041.3750000000,-110.1004104614
1185768.3750000000,-110.1221923828
1188501.7500000000,-110.1353225708
1191242.6250000000,-110.1400451660
1193988.5000000000,-110.1406097412
1196740.7500000000,-110.1439590454
1199499.2500000000,-110.1567764282
1202264.2500000000,-110.1823654175
1205035.5000000000,-110.2163085938
1207813.2500000000,-110.2500228882
1210598.6250000000,-110.2772445679
1213389.1250000000,-110.2962112427
1216186.1250000000,-110.3102569580
1218989.5000000000,-110.3257446289
1221799.3750000000,-110.3488922119
1224615.7500000000,-110.3827133179
1227439.8750000000,-110.4256362915
1230269.2500000000,-110.4721832275
1233105.0000000000,-110.5159606934
1235947.5000000000,-110.5531768799
1238796.3750000000,-110.5852584839
1241651.8750000000,-110.6183776855
1244514.0000000000,-110.6573715210
1247384.1250000000,-110.7027435303
1250259.3750000000,-110.7496566772
1253141.3750000000,-110.7902450562
1256029.8750000000,-110.8177032471
1258925.1250000000,-110.8302078247
1261827.0000000000,-110.8322372437
1264737.0000000000,-110.8325881958
1267652.3750000000,-110.8402328491
1270574.3750000000,-110.8606109619
1273503.1250000000,-110.8942718506
1276438.6250000000,-110.9382324219
1279380.8750000000,-110.9888381958
1282330.0000000000,-111.0439453125
1285287.2500000000,-111.1031188965
1288250.0000000000,-111.1655807495
1291219.5000000000,-111.2281951904
1294195.7500000000,-111.2848892212
1297179.0000000000,-111.3289947510
1300169.1250000000,-111.3571166992
1303166.1250000000,-111.3719940186
1306171.3750000000,-111.3794631958
1309182.2500000000,-111.3818054199
1312200.0000000000,-111.3850250244
1315224.7500000000,-111.3901214600
1318256.3750000000,-111.3959960938
1321295.1250000000,-111.4055175781
1324342.2500000000,-111.4158859253
1327394.8750000000,-111.4195404053
1330454.6250000000,-111.4357528687
1333521.3750000000,-111.4496536255
1336595.2500000000,-111.4553222656
1339676.2500000000,-111.4668502808
1342764.2500000000,-111.4773559570
1345860.8750000000,-111.4887161255
1348963.2500000000,-111.4923706055
1352072.7500000000,-111.5076293945
1355189.3750000000,-111.5715866089
1358313.1250000000,-111.6435470581
1361444.1250000000,-111.7166213989
1364583.8750000000,-111.7821807861
1367729.3750000000,-111.8331375122
1370882.0000000000,-111.8667602539
1374042.0000000000,-111.8852996826
1377209.2500000000,-111.8941802979
1380383.8750000000,-111.8991394043
1383565.7500000000,-111.9041061401
1386756.5000000000,-111.9106445313
1389953.0000000000,-111.9186401367
1393157.0000000000,-111.9316101074
1396368.2500000000,-111.9443130493
1399587.0000000000,-111.9535675049
1402813.1250000000,-111.9663543701
1406046.7500000000,-111.9865036011
1409289.3750000000,-112.0173034668
1412537.8750000000,-112.0593261719
1415793.8750000000,-112.1094131470
1419057.3750000000,-112.1621093750
1422328.3750000000,-112.2126464844
1425607.0000000000,-112.2589874268
1428894.6250000000,-112.3013000488
1432188.3750000000,-112.3397674561
1435489.6250000000,-112.3732910156
1438798.5000000000,-112.4095687866
1442115.1250000000,-112.4241943359
1445439.2500000000,-112.4241943359
1448771.1250000000,-112.4293746948
1452112.2500000000,-112.4297332764
1455459.5000000000,-112.4326324463
1458814.3750000000,-112.4370574951
1462177.0000000000,-112.4666900635
1465547.5000000000,-112.5099716187
1468925.6250000000,-112.5573654175
1472313.2500000000,-112.6106872559
1475707.0000000000,-112.6353225708
1479108.6250000000,-112.6353912354
1482518.1250000000,-112.6358337402
1485935.3750000000,-112.6374130249
1489360.6250000000,-112.6393203735
1492793.6250000000,-112.6512908936
1496236.3750000000,-112.6749267578
1499685.2500000000,-112.7129287720
1503142.1250000000,-112.7964324951
1506607.0000000000,-112.8943710327
1510079.7500000000,-112.9565048218
1513560.6250000000,-113.0074005127
1517051.1250000000,-113.0433654785
1520548.1250000000,-113.0647430420
1524053.0000000000,-113.0718994141
1527566.1250000000,-113.0737838745
1531087.2500000000,-113.0749053955
1534616.5000000000,-113.0759201050
1538153.8750000000,-113.0773696899
1541701.1250000000,-113.0904922485
1545254.8750000000,-113.1166534424
1548816.8750000000,-113.1656875610
1552387.0000000000,-113.2050552368
1555965.3750000000,-113.2190628052
1559551.8750000000,-113.2289199829
1563146.7500000000,-113.2422637939
1566751.7500000000,-113.2639007568
1570363.1250000000,-113.3066406250
1573983.0000000000,-113.3174667358
1577611.1250000000,-113.3202285767
1581247.6250000000,-113.3314437866
1584892.5000000000,-113.3394241333
1588547.5000000000,-113.3422393799
1592209.2500000000,-113.3548126221
1595879.3750000000,-113.3779983521
1599558.0000000000,-113.3817596436
1603245.1250000000,-113.3840026855
1606940.7500000000,-113.3976364136
1610644.8750000000,-113.4002532959
1614359.2500000000,-113.4162292480
1618080.5000000000,-113.4707565308
1621810.2500000000,-113.5456619263
1625548.6250000000,-113.5591049194
1629295.6250000000,-113.5643386841
1633051.2500000000,-113.5806121826
1636817.3750000000,-113.5993194580
1640590.3750000000,-113.6262207031
1644372.0000000000,-113.6467819214
1648162.3750000000,-113.6514511108
1651961.5000000000,-113.6651306152
1655769.5000000000,-113.6683883667
1659586.1250000000,-113.6824111938
1663413.3750000000,-113.7764968872
1667247.6250000000,-113.8655853271
1671090.7500000000,-113.8768768311
1674942.7500000000,-113.8788070679
1678803.6250000000,-113.8962020874
1682673.3750000000,-113.9160232544
1686554.0000000000,-113.9189376831
1690441.6250000000,-113.9413909912
1694338.1250000000,-113.9422225952
1698243.7500000000,-113.9458618164
1702158.2500000000,-113.9503021240
1706081.8750000000,-113.9536285400
1710014.5000000000,-113.9608764648
1713958.1250000000,-113.9861679077
1717908.8750000000,-114.0266952515
1721868.8750000000,-114.0612869263
1725837.8750000000,-114.1159133911
1729816.0000000000,-114.1648025513
1733803.3750000000,-114.1887130737
1737799.8750000000,-114.2091903687
1741807.6250000000,-114.2186279297
1745822.6250000000,-114.2229385376
1749846.7500000000,-114.2385940552
1753880.3750000000,-114.2731857300
1757923.1250000000,-114.3113861084
1761975.2500000000,-114.3788070679
1766038.7500000000,-114.4350357056
1770109.5000000000,-114.4539260864
1774189.7500000000,-114.4588317871
1778279.3750000000,-114.4589080811
1782378.5000000000,-114.4653472900
1786487.0000000000,-114.4829025269
1790605.0000000000,-114.4997482300
1794734.3750000000,-114.5095748901
1798871.3750000000,-114.5297241211
1803017.8750000000,-114.5562820435
1807174.0000000000,-114.5738296509
1811339.6250000000,-114.5957565308
1815514.8750000000,-114.6195907593
1819701.8750000000,-114.6428451538
1823896.3750000000,-114.6976470947
1828100.6250000000,-114.7796401978
1832314.5000000000,-114.8969573975
1836538.1250000000,-114.9891281128
1840771.3750000000,-114.9936981201
1845014.5000000000,-115.0164489746
1849269.5000000000,-115.0200119019
1853532.1250000000,-115.0223007202
1857804.6250000000,-115.0242080688
1862087.0000000000,-115.0271224976
1866379.2500000000,-115.0298614502
1870681.3750000000,-115.0493545532
1874993.5000000000,-115.0782546997
1879317.5000000000,-115.0857849121
1883649.5000000000,-115.1040267944
1887991.5000000000,-115.1135864258
1892343.3750000000,-115.1474838257
1896705.3750000000,-115.1517639160
1901077.3750000000,-115.1521301270
1905461.6250000000,-115.1983718872
1909853.8750000000,-115.2915802002
1914256.2500000000,-115.3662643433
1918668.7500000000,-115.4580612183
1923091.3750000000,-115.4851074219
1927524.2500000000,-115.4861831665
1931967.3750000000,-115.5176239014
1936422.7500000000,-115.5203475952
1940886.3750000000,-115.5215759277
1945360.2500000000,-115.5495147705
1949844.3750000000,-115.5576324463
1954339.0000000000,-115.5585861206
1958843.8750000000,-115.5593566895
1963361.2500000000,-115.5616989136
1967887.0000000000,-115.5669174194
1972423.1250000000,-115.5712127686
1976969.6250000000,-115.5768432617
1981526.7500000000,-115.6453628540
1986094.2500000000,-115.7616958618
1990672.3750000000,-115.8809356689
1995263.2500000000,-115.9766464233
1999862.3750000000,-115.9844741821
2004472.2500000000,-115.9904174805
2009092.7500000000,-116.0225524902
2013723.7500000000,-116.0404281616
2018365.6250000000,-116.0419006348
2023020.2500000000,-116.0692138672
2027683.5000000000,-116.0938186646
2032357.3750000000,-116.1058807373
2037042.1250000000,-116.1184310913
2041737.6250000000,-116.1310806274
2046444.0000000000,-116.1431427002
2051161.2500000000,-116.1596145630
2055891.5000000000,-116.1715469360
2060630.5000000000,-116.1832122803
2065380.3750000000,-116.1970062256
2070141.2500000000,-116.2037658691
2074913.1250000000,-116.2204589844
2079695.8750000000,-116.2428207397
2084489.7500000000,-116.2683486938
2089297.0000000000,-116.2706222534
2094112.8750000000,-116.2809066772
2098940.0000000000,-116.3311538696
2103778.2500000000,-116.3448638916
2108627.5000000000,-116.3644790649
2113488.0000000000,-116.3824920654
2118362.2500000000,-116.3912582397
2123245.2500000000,-116.3977508545
2128139.5000000000,-116.3998031616
2133045.0000000000,-116.4044952393
2137961.7500000000,-116.4099044800
2142889.7500000000,-116.4446258545
2147829.5000000000,-116.5107116699
2152782.7500000000,-116.5978088379
2157745.0000000000,-116.6285095215
2162718.7500000000,-116.6359176636
2167704.0000000000,-116.6403274536
2172700.7500000000,-116.6548309326
2177708.7500000000,-116.6590576172
2182731.0000000000,-116.6682662964
2187762.5000000000,-116.7364425659
2192805.2500000000,-116.7853851318
2197860.0000000000,-116.7903747559
2202926.2500000000,-116.8037719727
2208004.0000000000,-116.8166580200
2213093.7500000000,-116.8215637207
2218197.5000000000,-116.8409423828
2223310.5000000000,-116.8654556274
2228435.5000000000,-116.8666152954
2233572.0000000000,-116.9074630737
2238720.7500000000,-116.9092254639
2243881.0000000000,-116.9290618896
2249055.7500000000,-116.9383621216
2254240.0000000000,-117.0214157104
2259436.2500000000,-117.1122207642
2264644.5000000000,-117.1526794434
2269864.5000000000,-117.1675338745
2275096.7500000000,-117.1736450195
2280341.0000000000,-117.2039642334
2285600.0000000000,-117.2591476440
2290868.2500000000,-117.3264770508
2296149.0000000000,-117.3713607788
2301441.7500000000,-117.3799667358
2306746.7500000000,-117.3812332153
2312064.0000000000,-117.4007492065
2317393.5000000000,-117.5047454834
2322737.7500000000,-117.5252075195
2328091.7500000000,-117.5391693115
2333458.2500000000,-117.5845108032
2338837.0000000000,-117.5928955078
2344228.2500000000,-117.5956039429
2349631.7500000000,-117.6074218750
2355050.5000000000,-117.6136779785
2360479.0000000000,-117.6426544189
2365920.0000000000,-117.6784973145
2371373.7500000000,-117.6796035767
2376840.0000000000,-117.6970596313
2382318.7500000000,-117.6994171143
2387810.0000000000,-117.7198181152
2393316.7500000000,-117.7221069336
2398833.5000000000,-117.7384338379
2404363.0000000000,-117.7384796143
2409905.2500000000,-117.7454757690
2415460.2500000000,-117.7610092163
2421028.0000000000,-117.7666168213
2426611.2500000000,-117.7728729248
2432205.0000000000,-117.8101730347
2437811.2500000000,-117.8216094971
2443430.5000000000,-117.8226394653
2449063.0000000000,-117.8462677002
2454708.2500000000,-117.8506011963
2460366.5000000000,-117.9330215454
2466040.5000000000,-117.9514694214
2471724.7500000000,-117.9736480713
2477422.2500000000,-117.9857101440
2483133.0000000000,-117.9933547974
2488856.7500000000,-117.9973144531
2494593.7500000000,-118.0333786011
2500344.0000000000,-118.0414886475
2506110.2500000000,-118.0421066284
2511887.0000000000,-118.0490951538
2517677.0000000000,-118.0499725342
2523480.5000000000,-118.0750885010
2529297.2500000000,-118.1004180908
2535127.5000000000,-118.1165924072
2540974.0000000000,-118.1175231934
2546831.0000000000,-118.1434097290
2552701.7500000000,-118.2196426392
2558585.7500000000,-118.3301086426
2564483.5000000000,-118.3796234131
2570395.0000000000,-118.3889465332
2576319.7500000000,-118.3945922852
2582261.2500000000,-118.4208831787
2588213.5000000000,-118.4814224243
2594179.5000000000,-118.4898834229
2600159.2500000000,-118.4932250977
2606153.0000000000,-118.5276260376
2612160.2500000000,-118.5441513062
2618184.2500000000,-118.5489044189
2624219.5000000000,-118.5906372070
2630268.5000000000,-118.5988616943
2636331.5000000000,-118.6166992188
2642408.2500000000,-118.6392059326
2648499.2500000000,-118.6585998535
2654604.2500000000,-118.6900863647
2660726.2500000000,-118.6950988770
2666859.5000000000,-118.7065124512
2673006.7500000000,-118.7805480957
2679168.2500000000,-118.8620986938
2685343.7500000000,-118.8791580200
2691533.7500000000,-118.8894119263
2697741.0000000000,-118.8918914795
2703959.2500000000,-118.9316253662
2710192.2500000000,-118.9390411377
2716439.2500000000,-118.9455413818
2722701.0000000000,-118.9574432373
2728977.0000000000,-118.9641647339
2735267.5000000000,-118.9678115845
2741575.5000000000,-118.9889984131
2747895.0000000000,-118.9972076416
2754229.0000000000,-119.0350723267
2760577.7500000000,-119.0387878418
2766941.0000000000,-119.0615844727
2773319.0000000000,-119.0654678345
2779711.7500000000,-119.0709533691
2786122.2500000000,-119.0760498047
2792544.5000000000,-119.0799255371
2798981.5000000000,-119.1076431274
2805433.2500000000,-119.1320343018
2811900.0000000000,-119.1458816528
2818381.7500000000,-119.1620788574
2824881.2500000000,-119.1934051514
2831393.0000000000,-119.2136230469
2837919.5000000000,-119.2617797852
2844461.0000000000,-119.3988342285
2851017.7500000000,-119.5375671387
2857589.5000000000,-119.5510025024
2864176.5000000000,-119.5916213989
2870781.7500000000,-119.5932388306
2877399.2500000000,-119.6026458740
2884031.7500000000,-119.6031341553
2890679.7500000000,-119.6060562134
2897343.0000000000,-119.6252136230
2904021.5000000000,-119.6897354126
2910718.7500000000,-119.6984710693
2917428.0000000000,-119.7030181885
2924153.0000000000,-119.7160720825
2930893.2500000000,-119.7229232788
2937649.2500000000,-119.7398376465
2944420.7500000000,-119.7687149048
2951207.7500000000,-119.7837677002
2958013.7500000000,-119.7962493896
2964832.2500000000,-119.8342208862
2971666.2500000000,-119.8372116089
2978516.2500000000,-119.8475952148
2985382.0000000000,-119.8501281738
2992263.5000000000,-119.8621597290
2999164.2500000000,-119.8902359009
3006077.5000000000,-120.0230865479
3013006.7500000000,-120.0478591919
3019951.7500000000,-120.0684509277
3026913.0000000000,-120.0872039795
3033890.2500000000,-120.1005401611
3040883.7500000000,-120.1130142212
3047896.5000000000,-120.1232833862
3054922.0000000000,-120.1357421875
3061963.7500000000,-120.1508941650
3069022.0000000000,-120.1745986938
3076096.2500000000,-120.2016906738
3083186.7500000000,-120.2394104004
3090293.7500000000,-120.2774505615
3097420.5000000000,-120.3160934448
3104560.2500000000,-120.3497543335
3111716.5000000000,-120.3794555664
3118889.2500000000,-120.4012603760
3126078.5000000000,-120.4214477539
3133284.5000000000,-120.4404525757
3140510.2500000000,-120.4622726440
3147749.2500000000,-120.4874191284
3155005.2500000000,-120.5179748535
3162277.7500000000,-120.5503387451
3169567.0000000000,-120.5845565796
3176873.0000000000,-120.6171646118
3184196.0000000000,-120.6475143433
3191539.2500000000,-120.6732330322
3198896.0000000000,-120.6970214844
3206269.7500000000,-120.7171630859
3213660.2500000000,-120.7372360229
3221068.0000000000,-120.7572174072
3228492.7500000000,-120.7785491943
3235938.2500000000,-120.8002777100
3243397.2500000000,-120.8220977783
3250873.5000000000,-120.8415985107
3258367.0000000000,-120.8588790894
3265877.7500000000,-120.8590698242
3273406.0000000000,-120.8596725464
3280951.2500000000,-120.8651351929
3288517.7500000000,-120.8658142090
3296098.0000000000,-120.8676986694
3303695.7500000000,-120.8700790405
3311311.0000000000,-120.8727340698
3318944.0000000000,-120.8795928955
3326594.2500000000,-120.9030990601
3334262.2500000000,-120.9302749634
3341951.7500000000,-120.9627456665
3349655.2500000000,-120.9974517822
3357376.2500000000,-121.0335617065
3365115.2500000000,-121.0717315674
3372872.2500000000,-121.1097869873
3380646.7500000000,-121.1477127075
3388443.2500000000,-121.1825637817
3396253.7500000000,-121.2157363892
3404082.5000000000,-121.2463302612
3411929.0000000000,-121.2751235962
3419793.7500000000,-121.3027648926
3427676.7500000000,-121.3282318115
3435577.7500000000,-121.3498764038
3443500.7500000000,-121.3691177368
3451438.2500000000,-121.3844528198
3459394.0000000000,-121.4013671875
3467368.2500000000,-121.4199523926
3475360.7500000000,-121.4468154907
3483371.7500000000,-121.4779510498
3491405.0000000000,-121.5127487183
3499452.7500000000,-121.5501937866
3507519.2500000000,-121.5881195068
3515604.5000000000,-121.6265106201
3523708.2500000000,-121.6669845581
3531830.5000000000,-121.7069015503
3539971.7500000000,-121.7462387085
3548135.5000000000,-121.7753829956
3556314.2500000000,-121.7960357666
3564511.7500000000,-121.8062591553
3572728.2500000000,-121.8068771362
3580963.5000000000,-121.8076400757
3589218.0000000000,-121.8081283569
3597495.2500000000,-121.8148345947
3605787.7500000000,-121.8304595947
3614099.2500000000,-121.8524856567
3622430.0000000000,-121.8840484619
3630780.0000000000,-121.9203567505
3639149.2500000000,-121.9597015381
3647537.7500000000,-122.0004196167
3655949.5000000000,-122.0349884033
3664376.7500000000,-122.0417785645
3672823.5000000000,-122.0438613892
3681289.5000000000,-122.0459136963
3689775.2500000000,-122.0557098389
3698280.5000000000,-122.0568008423
3706805.2500000000,-122.0623245239
3715353.7500000000,-122.0684661865
3723918.0000000000,-122.0755538940
3732501.7500000000,-122.0758056641
3741105.5000000000,-122.0765609741
3749729.0000000000,-122.0981292725
3758372.5000000000,-122.1235580444
3767039.7500000000,-122.1491241455
3775723.2500000000,-122.1740112305
3784426.5000000000,-122.1979141235
3793149.7500000000,-122.2193374634
3801893.2500000000,-122.2392120361
3810657.0000000000,-122.2583465576
3819440.7500000000,-122.2780380249
3828249.0000000000,-122.3035202026
3837073.5000000000,-122.3355941772
3845918.2500000000,-122.3751449585
3854783.2500000000,-122.4260253906
3863668.7500000000,-122.4814224243
3872574.7500000000,-122.5374069214
3881505.7500000000,-122.5907669067
3890452.7500000000,-122.6305847168
3899420.5000000000,-122.6595077515
3908409.0000000000,-122.6787185669
3917418.2500000000,-122.6891479492
3926448.0000000000,-122.6982955933
3935498.7500000000,-122.7107467651
3944574.7500000000,-122.7278823853
3953667.2500000000,-122.7522125244
3962780.7500000000,-122.7812728882
3971915.2500000000,-122.8111495972
3981070.7500000000,-122.8405227661
3990247.5000000000,-122.8676605225
3999449.7500000000,-122.8949279785
4008668.7500000000,-122.9238967896
4017909.0000000000,-122.9544143677
4027170.5000000000,-122.9848022461
4036453.5000000000,-123.0072326660
4045757.7500000000,-123.0207061768
4055083.5000000000,-123.0262603760
4064435.2500000000,-123.0263595581
4073804.0000000000,-123.0326690674
4083194.5000000000,-123.0499725342
4092606.5000000000,-123.0787506104
4102040.2500000000,-123.1185455322
4111495.7500000000,-123.1655807495
4120973.0000000000,-123.2095718384
4130476.7500000000,-123.2459793091
4139997.7500000000,-123.2715148926
4149540.7500000000,-123.2760314941
4159105.7500000000,-123.2765350342
4168692.7500000000,-123.2806320190
4178301.7500000000,-123.2823028564
4187937.7500000000,-123.2849502563
4197591.0000000000,-123.3120346069
4207267.0000000000,-123.3528442383
4216965.0000000000,-123.3970870972
4226685.5000000000,-123.4373092651
4236428.0000000000,-123.4667053223
4246193.5000000000,-123.4811096191
4255986.0000000000,-123.4929656982
4265796.5000000000,-123.5102691650
4275629.5000000000,-123.5369644165
4285485.0000000000,-123.5743942261
4295363.0000000000,-123.6202468872
4305264.5000000000,-123.6657409668
4315193.0000000000,-123.7045745850
4325140.0000000000,-123.7319183350
4335109.5000000000,-123.7333297729
4345102.5000000000,-123.7352066040
4355118.0000000000,-123.7415466309
4365157.0000000000,-123.7446060181
4375219.0000000000,-123.7537384033
4385309.0000000000,-123.7895050049
4395417.5000000000,-123.8368148804
4405549.0000000000,-123.8643875122
4415704.5000000000,-123.8666076660
4425883.0000000000,-123.8759613037
4436085.0000000000,-123.8807525635
4446310.5000000000,-123.8821945190
4456564.0000000000,-123.8976974487
4466837.0000000000,-123.9011077881
4477133.5000000000,-123.9140243530
4487453.5000000000,-123.9201431274
4497797.5000000000,-123.9216384888
4508165.0000000000,-123.9324493408
4518561.5000000000,-123.9342651367
4528977.0000000000,-123.9387283325
4539417.0000000000,-123.9449691772
4549880.5000000000,-123.9788742065
4560368.5000000000,-124.0245513916
4570880.5000000000,-124.0785598755
4581416.5000000000,-124.1364517212
4591982.0000000000,-124.1953506470
4602567.0000000000,-124.2549362183
4613176.0000000000,-124.3138275146
4623810.0000000000,-124.3652954102
4634468.0000000000,-124.3940505981
4645151.0000000000,-124.3956298828
4655863.5000000000,-124.3994216919
4666595.5000000000,-124.4033737183
4677352.0000000000,-124.4040985107
4688134.0000000000,-124.4090957642
4698940.5000000000,-124.4163284302
4709771.5000000000,-124.4181900024
4720628.0000000000,-124.4233627319
4731514.5000000000,-124.4253921509
4742421.0000000000,-124.4271697998
4753353.0000000000,-124.4274597168
4764309.5000000000,-124.4322052002
4775291.5000000000,-124.4393539429
4786299.0000000000,-124.4722747803
4797337.0000000000,-124.5307235718
4808395.5000000000,-124.6004867554
4819479.0000000000,-124.6535339355
4830588.0000000000,-124.6689453125
4841723.0000000000,-124.6750564575
4852883.5000000000,-124.6760711670
4864070.0000000000,-124.6762771606
4875287.0000000000,-124.7044448853
4886525.0000000000,-124.7514648438
4897789.0000000000,-124.8093948364
4909078.5000000000,-124.8702392578
4920394.5000000000,-124.9267654419
4931736.0000000000,-124.9414672852
4943104.0000000000,-124.9518890381
4954504.0000000000,-124.9628906250
4965924.5000000000,-124.9726409912
4977371.0000000000,-124.9983596802
4988844.5000000000,-125.0029525757
5000344.0000000000,-125.0042495728
5011870.0000000000,-125.0256423950
5023428.5000000000,-125.0302429199
5035007.5000000000,-125.0409698486
5046614.0000000000,-125.0479660034
5058246.5000000000,-125.0500030518
5069906.0000000000,-125.0871810913
5081592.5000000000,-125.1808242798
5093306.0000000000,-125.2543106079
5105052.0000000000,-125.2577819824
5116819.5000000000,-125.2683181763
5128614.5000000000,-125.2688217163
5140436.0000000000,-125.2864990234
5152285.0000000000,-125.2886657715
5164161.5000000000,-125.3015899658
5176071.0000000000,-125.3453445435
5188002.0000000000,-125.3858566284
5199961.0000000000,-125.4157943726
5211947.0000000000,-125.4391174316
5223961.0000000000,-125.4607009888
5236002.5000000000,-125.4775390625
5248072.0000000000,-125.4840927124
5260175.0000000000,-125.4841461182
5272300.0000000000,-125.4889907837
5284453.0000000000,-125.5057144165
5296634.0000000000,-125.5295639038
5308843.5000000000,-125.5532913208
5321080.5000000000,-125.5677719116
5333352.0000000000,-125.5792465210
5345645.5000000000,-125.5949783325
5357967.5000000000,-125.6245956421
5370318.0000000000,-125.6789169312
5382697.0000000000,-125.7607269287
5395104.5000000000,-125.8531341553
5407541.0000000000,-125.8755416870
5420011.5000000000,-125.8799438477
5432505.0000000000,-125.8958892822
5445027.5000000000,-125.9022369385
5457578.5000000000,-125.9235000610
5470158.5000000000,-125.9277648926
5482767.5000000000,-125.9291610718
5495406.0000000000,-125.9474334717
5508079.0000000000,-125.9501037598
5520775.5000000000,-125.9665451050
5533501.5000000000,-125.9744873047
5546256.5000000000,-125.9766311646
5559041.0000000000,-125.9981842041
5571855.0000000000,-126.0030288696
5584704.5000000000,-126.0185012817
5597578.0000000000,-126.0216445923
5610480.5000000000,-126.0237121582
5623413.5000000000,-126.0820312500
5636375.5000000000,-126.1537246704
5649368.0000000000,-126.2132415771
5662390.0000000000,-126.2317657471
5675448.5000000000,-126.2327041626
5688531.0000000000,-126.2439956665
5701643.5000000000,-126.2449035645
5714786.0000000000,-126.2574081421
5727959.0000000000,-126.3065032959
5741162.5000000000,-126.3639297485
5754402.5000000000,-126.4157485962
5767666.5000000000,-126.4664688110
5780961.5000000000,-126.4889221191
5794287.0000000000,-126.4923019409
5807643.5000000000,-126.4936676025
5821030.5000000000,-126.4955215454
5834448.5000000000,-126.5009765625
5847903.5000000000,-126.5162200928
5861383.5000000000,-126.5461273193
5874894.0000000000,-126.5869140625
5888436.5000000000,-126.6259231567
5902009.5000000000,-126.6601486206
5915614.0000000000,-126.6842880249
5929250.0000000000,-126.7101821899
5942924.0000000000,-126.7439956665
5956622.5000000000,-126.7757644653
5970353.0000000000,-126.7961654663
5984115.5000000000,-126.8051300049
5997909.0000000000,-126.8120117188
6011734.5000000000,-126.8380813599
6025599.0000000000,-126.8786773682
6039488.0000000000,-126.9099044800
6053409.5000000000,-126.9101104736
6067363.0000000000,-126.9209671021
6081349.0000000000,-126.9343032837
6095367.0000000000,-126.9403762817
6109417.0000000000,-126.9439544678
6123506.5000000000,-126.9551010132
6137621.5000000000,-126.9559860229
6151769.0000000000,-126.9591751099
6165949.5000000000,-126.9659652710
6180162.5000000000,-126.9723052979
6194408.0000000000,-126.9834594727
6208693.5000000000,-126.9980697632
6223005.0000000000,-127.0000762939
6237349.5000000000,-127.0055770874
6251727.0000000000,-127.0299758911
6266137.5000000000,-127.0356597900
6280581.5000000000,-127.0481109619
6295058.5000000000,-127.1082839966
6309576.0000000000,-127.1946716309
6324120.0000000000,-127.2613754272
6338698.0000000000,-127.2994995117
6353309.0000000000,-127.3174514771
6367954.0000000000,-127.3265914917
6382632.5000000000,-127.3459014893
6397352.0000000000,-127.3829498291
6412098.0000000000,-127.4270629883
6426878.5000000000,-127.4329605103
6441693.0000000000,-127.4482421875
6456541.5000000000,-127.4518966675
6471424.0000000000,-127.5052261353
6486341.5000000000,-127.5186767578
6501300.0000000000,-127.5548095703
6516286.0000000000,-127.5640563965
6531306.5000000000,-127.5654983521
6546361.5000000000,-127.5706787109
6561451.5000000000,-127.5748367310
6576576.0000000000,-127.6922683716
6591735.5000000000,-127.7372665405
6606937.0000000000,-127.7402648926
6622166.5000000000,-127.7458343506
6637431.0000000000,-127.7591018677
6652731.0000000000,-127.7664031982
6668066.0000000000,-127.7745361328
6683436.0000000000,-127.7768859863
6698849.5000000000,-127.7885742188
6714290.5000000000,-127.7901229858
6729767.5000000000,-127.8076629639
6745280.0000000000,-127.8753128052
6760828.5000000000,-127.9293060303
6776413.0000000000,-127.9554443359
6792033.0000000000,-127.9842910767
6807696.5000000000,-128.0012817383
6823388.5000000000,-128.0147705078
6839117.0000000000,-128.0449371338
6854881.5000000000,-128.1253509521
6870682.5000000000,-128.2189025879
6886520.0000000000,-128.2534332275
6902401.5000000000,-128.2636413574
6918312.0000000000,-128.2680969238
6934259.5000000000,-128.2797698975
6950243.5000000000,-128.2818298340
6966264.0000000000,-128.2984619141
6982322.0000000000,-128.3294372559
6998416.5000000000,-128.3313903809
7014556.0000000000,-128.3472595215
7030725.0000000000,-128.3579406738
7046931.5000000000,-128.4039459229
7063175.0000000000,-128.5014953613
7079456.5000000000,-128.5282897949
7095775.0000000000,-128.5407409668
7112139.0000000000,-128.5438385010
7128533.0000000000,-128.5477752686
7144965.0000000000,-128.5718841553
7161434.5000000000,-128.5870819092
7177942.0000000000,-128.6212615967
7194487.5000000000,-128.6248626709
7211071.5000000000,-128.6553955078
7227701.5000000000,-128.6709594727
7244362.0000000000,-128.7021942139
7261060.5000000000,-128.7083129883
7277798.0000000000,-128.7196044922
7294573.5000000000,-128.7344818115
7311388.0000000000,-128.7371520996
7328241.5000000000,-128.7448425293
7345141.5000000000,-128.7648468018
7362072.5000000000,-128.7739410400
7379043.0000000000,-128.7745208740
7396052.0000000000,-128.7823486328
7413100.5000000000,-128.7895050049
7430188.0000000000,-128.7900085449
7447323.5000000000,-128.8027954102
7464490.0000000000,-128.8076782227
7481696.5000000000,-128.8116760254
7498942.0000000000,-128.8192443848
7516227.5000000000,-128.8280944824
7533553.0000000000,-128.8438110352
7550918.5000000000,-128.9434814453
7568332.0000000000,-128.9852294922
7585777.5000000000,-128.9870910645
7603263.5000000000,-129.0332489014
7620789.5000000000,-129.0335998535
7638356.0000000000,-129.0469360352
7655963.0000000000,-129.0588836670
7673619.0000000000,-129.0609130859
7691307.0000000000,-129.1470947266
7709036.0000000000,-129.1555328369
7726806.0000000000,-129.1576232910
7744617.0000000000,-129.1590728760
7762469.0000000000,-129.1657104492
7780362.0000000000,-129.1963195801
7798304.5000000000,-129.2399902344
7816280.5000000000,-129.2905731201
7834297.5000000000,-129.3119201660
7852356.0000000000,-129.3220672607
7870456.0000000000,-129.3350067139
7888598.0000000000,-129.3971099854
7906782.0000000000,-129.4030303955
7925016.5000000000,-129.4181213379
7943284.0000000000,-129.4441528320
7961594.0000000000,-129.4840850830
7979946.0000000000,-129.4956512451
7998340.5000000000,-129.5424957275
8016777.0000000000,-129.5466308594
8035265.0000000000,-129.5516815186
8053787.0000000000,-129.5915679932
8072351.5000000000,-129.6244659424
8090959.0000000000,-129.6349487305
8109609.0000000000,-129.6450958252
8128302.5000000000,-129.6765289307
8147038.5000000000,-129.6942596436
8165827.0000000000,-129.7059936523
8184650.0000000000,-129.7185974121
8203516.0000000000,-129.7619323730
8222426.0000000000,-129.7793579102
8241379.0000000000,-129.7804870605
8260376.0000000000,-129.7866821289
8279426.0000000000,-129.7875518799
8298510.5000000000,-129.8502807617
8317639.0000000000,-129.8973083496
8336812.0000000000,-129.9608154297
8356029.0000000000,-129.9773254395
8375290.0000000000,-129.9822235107
8394596.0000000000,-130.0281829834
8413955.0000000000,-130.0503692627
8433350.0000000000,-130.0695953369
8452789.0000000000,-130.1396942139
8472274.0000000000,-130.1938781738
8491803.0000000000,-130.1951751709
8511377.0000000000,-130.1975555420
8531006.0000000000,-130.2195739746
8550670.0000000000,-130.2292022705
8570380.0000000000,-130.2412414551
8590136.0000000000,-130.2801513672
8609936.0000000000,-130.2924346924
8629783.0000000000,-130.3164367676
8649675.0000000000,-130.3312988281
8669623.0000000000,-130.3318023682
8689607.0000000000,-130.3745117188
8709637.0000000000,-130.3868408203
8729713.0000000000,-130.3959503174
8749836.0000000000,-130.4280700684
8770005.0000000000,-130.4423522949
8790220.0000000000,-130.4512176514
8810492.0000000000,-130.4928436279
8830801.0000000000,-130.4944610596
8851157.0000000000,-130.5119934082
8871559.0000000000,-130.5184783936
8892009.0000000000,-130.5478973389
8912505.0000000000,-130.5578460693
8933059.0000000000,-130.5627899170
8953651.0000000000,-130.5759124756
8974289.0000000000,-130.5996856689
8994976.0000000000,-130.6152343750
9015710.0000000000,-130.6298522949
9036492.0000000000,-130.6608123779
9057321.0000000000,-130.6673889160
9078209.0000000000,-130.6792755127
9099135.0000000000,-130.6931915283
9120109.0000000000,-130.7129058838
9141132.0000000000,-130.7300109863
9162203.0000000000,-130.7500305176
9183322.0000000000,-130.7578735352
9204500.0000000000,-130.7987976074
9225718.0000000000,-130.8299255371
9246983.0000000000,-130.8477020264
9268298.0000000000,-130.9200744629
9289662.0000000000,-130.9640960693
9311076.0000000000,-131.0459289551
9332538.0000000000,-131.1233367920
9354061.0000000000,-131.1290893555
9375623.0000000000,-131.1583099365
9397234.0000000000,-131.1831359863
9418895.0000000000,-131.2296600342
9440607.0000000000,-131.2313995361
9462368.0000000000,-131.2349395752
9484190.0000000000,-131.3626098633
9506052.0000000000,-131.4033050537
9527964.0000000000,-131.4204101563
9549926.0000000000,-131.4265441895
9571940.0000000000,-131.4918365479
9594004.0000000000,-131.5467376709
9616118.0000000000,-131.5941314697
9638295.0000000000,-131.5995483398
9660512.0000000000,-131.6196136475
9682780.0000000000,-131.6242065430
9705099.0000000000,-131.6262664795
9727470.0000000000,-131.6591949463
9749893.0000000000,-131.6684875488
9772367.0000000000,-131.6763153076
9794904.0000000000,-131.7459564209
9817482.0000000000,-131.8439483643
9840112.0000000000,-131.9353790283
9862794.0000000000,-131.9387664795
9885528.0000000000,-131.9589996338
9908315.0000000000,-131.9656372070
9931165.0000000000,-131.9951629639
9954057.0000000000,-132.0294799805
9977002.0000000000,-132.0585937500
10000000.0000000000,-132.0645446777
10023051.0000000000,-132.1246795654
10046155.0000000000,-132.1538238525
10069312.0000000000,-132.1563720703
10092533.0000000000,-132.1570129395
10115797.0000000000,-132.1570281982
10139115.0000000000,-132.1666717529
10162486.0000000000,-132.2022857666
10185911.0000000000,-132.2034606934
10209391.0000000000,-132.2255249023
10232935.0000000000,-132.2520751953
10256523.0000000000,-132.2548980713
10280165.0000000000,-132.2600708008
10303861.0000000000,-132.2625579834
10327613.0000000000,-132.2990264893
10351418.0000000000,-132.3063354492
10375279.0000000000,-132.3182983398
10399206.0000000000,-132.3338470459
10423177.0000000000,-132.3364105225
10447203.0000000000,-132.3364105225
10471285.0000000000,-132.3824920654
10495422.0000000000,-132.4234313965
10519615.0000000000,-132.4297943115
10543863.0000000000,-132.4305572510
10568179.0000000000,-132.4766845703
10592540.0000000000,-132.4931335449
10616956.0000000000,-132.5037689209
10641429.0000000000,-132.5091094971
10665958.0000000000,-132.5448150635
10690544.0000000000,-132.5585784912
10715198.0000000000,-132.5585784912
10739898.0000000000,-132.5675048828
10764654.0000000000,-132.5999450684
10789467.0000000000,-132.6625518799
10814338.0000000000,-132.7606964111
10839265.0000000000,-132.8485412598
10864251.0000000000,-132.8542022705
10889305.0000000000,-132.8603210449
10914406.0000000000,-132.8893585205
10939565.0000000000,-132.9501495361
10964781.0000000000,-132.9654541016
10990056.0000000000,-132.9733886719
11015388.0000000000,-133.0467987061
11040792.0000000000,-133.0583496094
11066242.0000000000,-133.0931396484
11091750.0000000000,-133.1080932617
11117317.0000000000,-133.1159820557
11142944.0000000000,-133.1416320801
11168629.0000000000,-133.1464080811
11194373.0000000000,-133.1583404541
11220189.0000000000,-133.1643676758
11246053.0000000000,-133.1657257080
11271976.0000000000,-133.1657257080
11297958.0000000000,-133.1657257080
11324001.0000000000,-133.1657257080
11350104.0000000000,-133.1657257080
11376279.0000000000,-133.1657257080
11402502.0000000000,-133.1657257080
11428786.0000000000,-133.1657257080
11455130.0000000000,-133.1657257080
11481535.0000000000,-133.1657257080
11508000.0000000000,-133.1643676758
11534527.0000000000,-133.1464080811
11561128.0000000000,-133.1416320801
11587777.0000000000,-133.1643676758
11614488.0000000000,-133.1723175049
11641260.0000000000,-133.2144622803
11668094.0000000000,-133.2198333740
11694990.0000000000,-133.2281036377
11721947.0000000000,-133.2372131348
11748980.0000000000,-133.2768859863
11776062.0000000000,-133.3003234863
11803207.0000000000,-133.3083038330
11830414.0000000000,-133.3083038330
11857684.0000000000,-133.3083038330
11885017.0000000000,-133.3083038330
11912426.0000000000,-133.3083038330
11939885.0000000000,-133.3083038330
11967407.0000000000,-133.3083038330
11994993.0000000000,-133.3099670410
12022642.0000000000,-133.3371276855
12050355.0000000000,-133.3473510742
12078132.0000000000,-133.3506774902
12105986.0000000000,-133.3554840088
12133892.0000000000,-133.3563995361
12161861.0000000000,-133.3614959717
12189895.0000000000,-133.5495452881
12217994.0000000000,-133.7611389160
12246157.0000000000,-133.7611389160
12274399.0000000000,-133.7611389160
12302692.0000000000,-133.7611389160
12331051.0000000000,-133.7611389160
12359475.0000000000,-133.7611389160
12387964.0000000000,-133.7611389160
12416519.0000000000,-133.7611389160
12445140.0000000000,-133.7611389160
12473841.0000000000,-133.9844818115
12502594.0000000000,-134.0028228760
12531413.0000000000,-134.0299835205
12560299.0000000000,-134.1899566650
12589251.0000000000,-134.2697296143
12618270.0000000000,-134.3205108643
12647370.0000000000,-134.3869476318
12676523.0000000000,-134.4400939941
12705744.0000000000,-134.5435333252
12735031.0000000000,-134.5486907959
12764387.0000000000,-134.6199035645
12793809.0000000000,-134.6199035645
12823300.0000000000,-134.6199035645
12852873.0000000000,-134.6199035645
12882499.0000000000,-134.6199035645
12912195.0000000000,-134.6199035645
12941958.0000000000,-134.6199035645
12971790.0000000000,-134.5435333252
13001691.0000000000,-134.5435333252
13031661.0000000000,-134.5435333252
13061714.0000000000,-134.5435333252
13091822.0000000000,-134.5435333252
13122000.0000000000,-134.5435333252
13152247.0000000000,-134.5435333252
13182564.0000000000,-134.5435333252
13212951.0000000000,-134.5435333252
13243422.0000000000,-134.5435333252
13273949.0000000000,-134.5435333252
13304546.0000000000,-134.5435333252
13335214.0000000000,-134.5413970947
13365953.0000000000,-134.5275115967
13396762.0000000000,-134.5275115967
13427643.0000000000,-134.5275115967
13458609.0000000000,-134.5275115967
13489632.0000000000,-134.5275115967
13520727.0000000000,-134.5413970947
13551893.0000000000,-134.5435333252
13583131.0000000000,-134.5557556152
13614441.0000000000,-134.5562591553
13645839.0000000000,-134.6233215332
13677293.0000000000,-134.6517791748
13708820.0000000000,-134.6701965332
13740420.0000000000,-134.6829986572
13772093.0000000000,-134.7043762207
13803838.0000000000,-134.7367553711
13835657.0000000000,-134.7627868652
13867565.0000000000,-134.7635803223
13899530.0000000000,-134.7641754150
13931570.0000000000,-134.7641754150
13963683.0000000000,-134.7641754150
13995870.0000000000,-134.8454742432
14028132.0000000000,-134.8454742432
14060468.0000000000,-134.8454742432
14092893.0000000000,-134.8454742432
14125379.0000000000,-134.8454742432
14157939.0000000000,-134.8736724854
14190574.0000000000,-134.9025878906
14223284.0000000000,-134.9039459229
14256070.0000000000,-134.9149475098
14288946.0000000000,-134.9302062988
14321884.0000000000,-134.9676361084
14354896.0000000000,-134.9676361084
14387986.0000000000,-134.9676361084
14421151.0000000000,-134.9676361084
14454393.0000000000,-135.1173095703
14487711.0000000000,-135.1287994385
14521122.0000000000,-135.1407318115
14554594.0000000000,-135.1772460938
14588144.0000000000,-135.2011413574
14621770.0000000000,-135.2444610596
14655475.0000000000,-135.2500152588
14689257.0000000000,-135.2736053467
14723133.0000000000,-135.3086090088
14757070.0000000000,-135.3115844727
14791086.0000000000,-135.3350830078
14825181.0000000000,-135.3436279297
14859354.0000000000,-135.3668975830
14893606.0000000000,-135.3954925537
14927937.0000000000,-135.4044799805
14962363.0000000000,-135.4929199219
14996852.0000000000,-135.4964447021
15031421.0000000000,-135.5536804199
15066070.0000000000,-135.5997924805
15100798.0000000000,-135.6010131836
15135607.0000000000,-135.6155090332
15170512.0000000000,-135.6188964844
15205481.0000000000,-135.7483978271
15240531.0000000000,-135.9147186279
15275661.0000000000,-135.9812469482
15310873.0000000000,-136.0135345459
15346165.0000000000,-136.0427551270
15381539.0000000000,-136.0570068359
15417012.0000000000,-136.1083526611
15452549.0000000000,-136.1195678711
15488168.0000000000,-136.1411590576
15523870.0000000000,-136.1781921387
15559653.0000000000,-136.1781921387
15595519.0000000000,-136.1781921387
15631468.0000000000,-136.1781921387
15667517.0000000000,-136.1781921387
15703632.0000000000,-136.1781921387
15739830.0000000000,-136.1781921387
15776111.0000000000,-136.1781921387
15812476.0000000000,-136.1781921387
15848925.0000000000,-136.2202606201
15885475.0000000000,-136.2391510010
15922092.0000000000,-136.2654418945
15958794.0000000000,-136.2720184326
15995580.0000000000,-136.3821411133
16032451.0000000000,-136.3909759521
16069407.0000000000,-136.4681854248
16106448.0000000000,-136.5408935547
16143592.0000000000,-136.6293487549
16180804.0000000000,-136.6371002197
16218102.0000000000,-136.6379394531
16255486.0000000000,-136.7944183350
16292956.0000000000,-136.7944183350
16330513.0000000000,-136.7944183350
16368174.0000000000,-136.6371002197
16405903.0000000000,-136.6293487549
16443720.0000000000,-136.5408935547
16481624.0000000000,-136.5217132568
16519616.0000000000,-136.4681854248
16557694.0000000000,-136.4681854248
16595861.0000000000,-136.4681854248
16634134.0000000000,-136.4681854248
16672477.0000000000,-136.4681854248
16710908.0000000000,-136.4681854248
16749428.0000000000,-136.4681854248
16788036.0000000000,-136.4681854248
16826734.0000000000,-136.4681854248
16865540.0000000000,-136.4681854248
16904416.0000000000,-136.4681854248
16943382.0000000000,-136.5217132568
16982438.0000000000,-136.5408935547
17021582.0000000000,-136.6371002197
17060818.0000000000,-136.7944183350
17100146.0000000000,-136.8541870117
17139582.0000000000,-136.8662719727
17179090.0000000000,-136.8682250977
17218688.0000000000,-136.8682250977
17258378.0000000000,-136.8682250977
17298160.0000000000,-136.8682250977
17338034.0000000000,-136.8704681396
17378000.0000000000,-136.9231109619
17418076.0000000000,-136.9359436035
17458226.0000000000,-136.9708251953
17498468.0000000000,-136.9719696045
17538804.0000000000,-137.0069122314
17579232.0000000000,-137.0784606934
17619752.0000000000,-137.0808563232
17660388.0000000000,-137.0808715820
17701096.0000000000,-137.0808715820
17741898.0000000000,-137.0808715820
17782794.0000000000,-137.0808715820
17823784.0000000000,-137.0808715820
17864870.0000000000,-137.0992584229
17906050.0000000000,-137.1592407227
17947344.0000000000,-137.1592407227
17988714.0000000000,-137.1592407227
18030180.0000000000,-137.1592407227
18071740.0000000000,-137.2358093262
18113396.0000000000,-137.3044586182
18155150.0000000000,-137.3105316162
18197018.0000000000,-137.3166046143
18238964.0000000000,-137.3166046143
18281006.0000000000,-137.3166046143
18323144.0000000000,-137.3166046143
18365380.0000000000,-137.3166046143
18407714.0000000000,-137.3166046143
18450146.0000000000,-137.3105316162
18492694.0000000000,-137.3044586182
18535322.0000000000,-137.2358093262
18578046.0000000000,-137.3044586182
18620870.0000000000,-137.3105316162
18663792.0000000000,-137.3166046143
18706814.0000000000,-137.3775634766
18749934.0000000000,-137.4298248291
18793176.0000000000,-137.5469360352
18836496.0000000000,-137.6117706299
18879914.0000000000,-137.6471405029
18923434.0000000000,-137.6684722900
18967054.0000000000,-137.6696014404
19010774.0000000000,-137.7710571289
19054616.0000000000,-137.8654632568
19098538.0000000000,-137.8794708252
19142562.0000000000,-137.8794708252
19186688.0000000000,-137.8794708252
19230914.0000000000,-137.9530792236
19275242.0000000000,-137.9536743164
19319674.0000000000,-137.9943237305
19364228.0000000000,-138.0112915039
19408864.0000000000,-138.0452575684
19453602.0000000000,-138.0579681396
19498444.0000000000,-138.1120452881
19543390.0000000000,-138.1132202148
19588438.0000000000,-138.1659545898
19633612.0000000000,-138.2590484619
19678870.0000000000,-138.3213958740
19724230.0000000000,-138.3905029297
19769696.0000000000,-138.4371490479
19815268.0000000000,-138.4499969482
19860942.0000000000,-138.4611663818
19906724.0000000000,-138.4801025391
19952632.0000000000,-138.4801025391
19998624.0000000000,-138.4801025391
20044722.0000000000,-138.5905456543
20090926.0000000000,-138.7298889160
20137238.0000000000,-138.7298889160
20183656.0000000000,-138.7298889160
20230202.0000000000,-138.7298889160
20276834.0000000000,-138.7298889160
20323574.0000000000,-138.7298889160
20370422.0000000000,-138.7298889160
20417376.0000000000,-138.7870330811
20464440.0000000000,-138.8521118164
20511612.0000000000,-138.8533477783
20558916.0000000000,-139.0451507568
20606306.0000000000,-139.0529174805
20653804.0000000000,-139.2466125488
20701412.0000000000,-139.2906951904
20749130.0000000000,-139.3021850586
20796960.0000000000,-139.3021850586
20844898.0000000000,-139.3021850586
20892970.0000000000,-139.3021850586
20941130.0000000000,-139.3021850586
20989400.0000000000,-139.3021850586
21037782.0000000000,-139.3021850586
21086276.0000000000,-139.3021850586
21134882.0000000000,-139.3021850586
21183622.0000000000,-139.3021850586
21232452.0000000000,-139.2906951904
21281394.0000000000,-139.2906951904
21330448.0000000000,-139.3021850586
21379618.0000000000,-139.3021850586
21428898.0000000000,-139.3021850586
21478294.0000000000,-139.3021850586
21527826.0000000000,-139.3021850586
21577450.0000000000,-139.2906951904
21627188.0000000000,-139.1106262207
21677040.0000000000,-139.0886840820
21727006.0000000000,-139.0804748535
21777088.0000000000,-139.0804748535
21827310.0000000000,-139.0804748535
21877624.0000000000,-139.0789642334
21928054.0000000000,-139.0529174805
21978600.0000000000,-138.9869995117
22029262.0000000000,-138.9869995117
22080040.0000000000,-138.9869995117
22130936.0000000000,-139.0296478271
22181974.0000000000,-139.0789642334
22233106.0000000000,-139.0804748535
22284354.0000000000,-139.0886840820
22335722.0000000000,-139.1106262207
22387206.0000000000,-139.3520050049
22438810.0000000000,-139.1106262207
22490558.0000000000,-139.0886840820
22542400.0000000000,-139.0886840820
22594362.0000000000,-139.0886840820
22646444.0000000000,-139.0886840820
22698646.0000000000,-139.0886840820
22750968.0000000000,-139.0804748535
22803410.0000000000,-139.0789642334
22855998.0000000000,-139.0296478271
22908684.0000000000,-138.9869995117
22961490.0000000000,-138.8653106689
23014418.0000000000,-138.8653106689
23067468.0000000000,-138.8653106689
23120640.0000000000,-138.8653106689
23173934.0000000000,-138.8653106689
23227378.0000000000,-138.8653106689
23280918.0000000000,-138.8653106689
23334582.0000000000,-138.8453826904
23388370.0000000000,-138.5764160156
23442282.0000000000,-138.5195617676
23496318.0000000000,-138.4868316650
23550504.0000000000,-138.4479064941
23604790.0000000000,-138.3845062256
23659200.0000000000,-138.3845062256
23713738.0000000000,-138.3845062256
23768398.0000000000,-138.3845062256
23823186.0000000000,-138.4479064941
23878100.0000000000,-138.4868316650
23933168.0000000000,-138.5764160156
23988336.0000000000,-138.8653106689
24043630.0000000000,-138.8653106689
24099052.0000000000,-138.8653106689
24154602.0000000000,-138.8653106689
24210280.0000000000,-138.8653106689
24266114.0000000000,-138.8653106689
24322048.0000000000,-138.8653106689
24378112.0000000000,-138.8653106689
24434306.0000000000,-138.8653106689
24490628.0000000000,-138.8653106689
24547082.0000000000,-138.8653106689
24603664.0000000000,-138.8653106689
24660404.0000000000,-139.0679626465
24717248.0000000000,-139.0679626465
24774224.0000000000,-138.7576293945
24831330.0000000000,-138.7576293945
24888568.0000000000,-138.7576293945
24945938.0000000000,-138.7576293945
25003440.0000000000,-138.8978118896
25061102.0000000000,-139.0679626465
25118870.0000000000,-139.0695953369
25176770.0000000000,-139.1114349365
25234804.0000000000,-139.1219940186
25292972.0000000000,-139.1219940186
25351274.0000000000,-139.1604919434
25409740.0000000000,-139.1707916260
25468310.0000000000,-139.2205352783
25527016.0000000000,-139.2485046387
25585858.0000000000,-139.2485046387
25644836.0000000000,-139.2485046387
25703948.0000000000,-139.2485046387
25763198.0000000000,-139.2579498291
25822612.0000000000,-139.3399505615
25882136.0000000000,-139.3837585449
25941796.0000000000,-139.4244995117
26001594.0000000000,-139.4325714111
26061528.0000000000,-139.5085906982
26121602.0000000000,-139.5936737061
26181844.0000000000,-139.7115173340
26242194.0000000000,-139.5936737061
26302684.0000000000,-139.5085906982
26363314.0000000000,-139.5085906982
26424084.0000000000,-139.5936737061
26484992.0000000000,-139.7531585693
26546042.0000000000,-139.8639068604
26607262.0000000000,-139.8639068604
26668594.0000000000,-139.8639068604
26730066.0000000000,-139.8639068604
26791682.0000000000,-139.8639068604
26853438.0000000000,-140.0002746582
26915338.0000000000,-140.1716308594
26977408.0000000000,-140.2507781982
27039594.0000000000,-140.4032745361
27101922.0000000000,-140.6462707520
27164394.0000000000,-140.6863555908
27227010.0000000000,-140.6863555908
27289770.0000000000,-140.6863555908
27352674.0000000000,-140.7995147705
27415754.0000000000,-140.8138580322
27478950.0000000000,-140.9985504150
27542290.0000000000,-141.5345153809
27605778.0000000000,-141.5850830078
27669410.0000000000,-141.7540893555
27733190.0000000000,-141.8257904053
27797118.0000000000,-141.8777008057
27861222.0000000000,-142.0388946533
27925444.0000000000,-142.1042633057
27989814.0000000000,-142.5731048584
28054334.0000000000,-142.5731048584
28119000.0000000000,-142.5731048584
28183816.0000000000,-142.5731048584
28248814.0000000000,-142.5731048584
28313930.0000000000,-142.5731048584
28379194.0000000000,-142.1042633057
28444610.0000000000,-142.0388946533
28510178.0000000000,-141.8777008057
28575896.0000000000,-141.8257904053
28641766.0000000000,-141.8257904053
28707818.0000000000,-141.7540893555
28773992.0000000000,-141.7540893555
28840318.0000000000,-141.7540893555
28906796.0000000000,-141.7540893555
28973428.0000000000,-141.7540893555
29040214.0000000000,-141.5850830078
29107186.0000000000,-141.5345153809
29174280.0000000000,-141.4101104736
29241530.0000000000,-140.9985504150
29308932.0000000000,-140.8138580322
29376492.0000000000,-140.7569274902
29444208.0000000000,-140.7569274902
29512078.0000000000,-140.7569274902
29580138.0000000000,-140.7569274902
29648322.0000000000,-140.7569274902
29716664.0000000000,-140.7569274902
29785162.0000000000,-140.7569274902
29853820.0000000000,-140.7569274902
29922634.0000000000,-141.4101104736
29991642.0000000000,-141.4242095947
30060774.0000000000,-141.4242095947
30130066.0000000000,-141.4242095947
30199518.0000000000,-141.4242095947
30269130.0000000000,-141.4242095947
30338904.0000000000,-141.4242095947
30408836.0000000000,-141.4242095947
30478964.0000000000,-141.4242095947
30549220.0000000000,-141.4242095947
30619638.0000000000,-141.4101104736
30690220.0000000000,-141.3292083740
30760962.0000000000,-141.2097015381
30831868.0000000000,-141.3292083740
30902938.0000000000,-141.4101104736
30974206.0000000000,-141.4242095947
31045604.0000000000,-141.4915466309
31117166.0000000000,-141.5385742188
31188892.0000000000,-141.7890472412
31260786.0000000000,-141.9884643555
31332844.0000000000,-142.0984954834
31405102.0000000000,-142.0984954834
31477494.0000000000,-141.9884643555
31550052.0000000000,-141.9884643555
31622776.0000000000,-141.9884643555
31695670.0000000000,-141.9884643555
31768730.0000000000,-141.9884643555
31841960.0000000000,-141.9884643555
31915392.0000000000,-141.9884643555
31988960.0000000000,-141.9884643555
32062696.0000000000,-141.9884643555
32136604.0000000000,-142.0333099365
32210680.0000000000,-142.0333099365
32284928.0000000000,-142.0333099365
32359382.0000000000,-142.0333099365
32433974.0000000000,-141.9884643555
32508736.0000000000,-141.9361724854
32583670.0000000000,-141.9361724854
32658778.0000000000,-141.9361724854
32734060.0000000000,-141.9361724854
32809514.0000000000,-141.9361724854
32885178.0000000000,-141.9361724854
32960980.0000000000,-141.9361724854
33036958.0000000000,-141.9361724854
33113110.0000000000,-141.9361724854
33189438.0000000000,-141.9361724854
33265942.0000000000,-141.9361724854
33342624.0000000000,-141.9361724854
33419516.0000000000,-141.9361724854
33496552.0000000000,-142.0333099365
33573764.0000000000,-142.0984954834
33651152.0000000000,-142.3237304688
33728720.0000000000,-142.4111328125
33806468.0000000000,-142.5705566406
33884432.0000000000,-142.6699218750
33962536.0000000000,-142.7373962402
34040824.0000000000,-142.7373962402
34119292.0000000000,-142.7373962402
34197936.0000000000,-142.7373962402
34276768.0000000000,-142.7373962402
34355776.0000000000,-142.7373962402
34435008.0000000000,-142.8907775879
34514384.0000000000,-143.0672912598
34593940.0000000000,-143.0672912598
34673680.0000000000,-143.0672912598
34753608.0000000000,-143.0672912598
34833716.0000000000,-143.0672912598
34914048.0000000000,-143.0672912598
34994528.0000000000,-143.0672912598
35075192.0000000000,-143.0672912598
35156044.0000000000,-143.0672912598
35237080.0000000000,-143.0672912598
35318304.0000000000,-143.0672912598
35399716.0000000000,-143.0672912598
35481356.0000000000,-143.0672912598
35563140.0000000000,-143.0672912598
35645116.0000000000,-143.0672912598
35727280.0000000000,-143.0672912598
35809636.0000000000,-143.1335144043
35892180.0000000000,-143.1335144043
35974952.0000000000,-143.1335144043
36057876.0000000000,-143.1335144043
36140992.0000000000,-143.1335144043
36224300.0000000000,-143.1468811035
36307800.0000000000,-143.3766632080
36391492.0000000000,-143.1468811035
36475376.0000000000,-143.1335144043
36559496.0000000000,-143.1335144043
36643768.0000000000,-143.1335144043
36728236.0000000000,-143.1335144043
36812896.0000000000,-142.9538269043
36897752.0000000000,-142.2981719971
36982804.0000000000,-142.1118621826
37068052.0000000000,-141.8003082275
37153536.0000000000,-141.8003082275
37239180.0000000000,-141.8003082275
37325020.0000000000,-141.8003082275
37411056.0000000000,-141.8003082275
37497292.0000000000,-141.8003082275
37583724.0000000000,-141.8003082275
37670400.0000000000,-141.8003082275
37757232.0000000000,-141.8003082275
37844264.0000000000,-141.8003082275
37931500.0000000000,-141.8003082275
38018932.0000000000,-141.7275695801
38106568.0000000000,-141.7275695801
38194408.0000000000,-141.7275695801
38282492.0000000000,-141.7275695801
38370736.0000000000,-141.7275695801
38459180.0000000000,-141.8003082275
38547832.0000000000,-142.1837921143
38636688.0000000000,-142.2981719971
38725748.0000000000,-142.7662658691
38815056.0000000000,-142.9538269043
38904528.0000000000,-142.9538269043
38994204.0000000000,-142.9538269043
39084092.0000000000,-142.9538269043
39174180.0000000000,-142.9538269043
39264480.0000000000,-142.7662658691
39354988.0000000000,-142.2981719971
39445748.0000000000,-142.1837921143
39536672.0000000000,-141.9609222412
39627808.0000000000,-141.7275695801
39719152.0000000000,-141.5141906738
39810708.0000000000,-141.5117645264
39902476.0000000000,-141.5117645264
39994496.0000000000,-141.5117645264
40086688.0000000000,-141.5141906738
40179088.0000000000,-141.7275695801
40271704.0000000000,-141.9101257324
40364536.0000000000,-141.9101257324
40457576.0000000000,-141.9101257324
40550836.0000000000,-141.9101257324
40644352.0000000000,-141.9101257324
40738040.0000000000,-141.9101257324
40831944.0000000000,-141.9101257324
40926064.0000000000,-141.9101257324
41020404.0000000000,-141.9101257324
41114956.0000000000,-141.9101257324
41209732.0000000000,-141.9101257324
41304768.0000000000,-141.9101257324
41399976.0000000000,-141.9101257324
41495408.0000000000,-141.9101257324
41591056.0000000000,-141.9101257324
41686928.0000000000,-141.9101257324
41783020.0000000000,-141.9609222412
41879376.0000000000,-142.1837921143
41975912.0000000000,-142.7851867676
42072668.0000000000,-142.9860534668
42169652.0000000000,-143.2476501465
42266856.0000000000,-143.2476501465
42364284.0000000000,-142.9860534668
42461936.0000000000,-142.7851867676
42559860.0000000000,-141.9609222412
42657964.0000000000,-141.9101257324
42756292.0000000000,-141.9101257324
42854848.0000000000,-142.3678741455
42953632.0000000000,-142.7851867676
43052644.0000000000,-143.2476501465
43151932.0000000000,-143.5107116699
43251400.0000000000,-143.6835937500
43351096.0000000000,-143.6835937500
43451024.0000000000,-143.6835937500
43551180.0000000000,-143.6835937500
43651568.0000000000,-143.6835937500
43752188.0000000000,-143.6835937500
43853088.0000000000,-143.9792633057
43954176.0000000000,-143.9792633057
44055492.0000000000,-143.6835937500
44157044.0000000000,-143.5107116699
44258828.0000000000,-143.4564056396
44360848.0000000000,-143.6835937500
44463104.0000000000,-143.9792633057
44565644.0000000000,-144.1690826416
44668368.0000000000,-144.3680114746
44771332.0000000000,-144.7983093262
44874532.0000000000,-145.0352783203
44977972.0000000000,-145.0352783203
45081652.0000000000,-144.7983093262
45185616.0000000000,-144.3680114746
45289772.0000000000,-144.3680114746
45394168.0000000000,-144.3680114746
45498804.0000000000,-144.3680114746
45603684.0000000000,-144.3680114746
45708804.0000000000,-144.1690826416
45814164.0000000000,-144.1641082764
45919820.0000000000,-144.0605773926
46025668.0000000000,-143.9792633057
46131760.0000000000,-143.6835937500
46238100.0000000000,-143.4564056396
46344680.0000000000,-143.3065490723
46451508.0000000000,-143.3065490723
46558632.0000000000,-143.3065490723
46665956.0000000000,-143.3065490723
46773524.0000000000,-143.3065490723
46881340.0000000000,-143.4564056396
46989404.0000000000,-143.9792633057
47097716.0000000000,-144.0605773926
47206280.0000000000,-144.0605773926
47315148.0000000000,-143.4564056396
47424212.0000000000,-143.3065490723
47533528.0000000000,-143.2832183838
47643096.0000000000,-143.3065490723
47752916.0000000000,-143.3191070557
47862992.0000000000,-143.3191070557
47973372.0000000000,-143.3191070557
48083952.0000000000,-143.3191070557
48194788.0000000000,-143.2832183838
48305880.0000000000,-143.2832183838
48417232.0000000000,-143.3191070557
48528836.0000000000,-143.4292144775
48640696.0000000000,-143.4292144775
48752872.0000000000,-143.4292144775
48865252.0000000000,-143.4292144775
48977888.0000000000,-143.4292144775
49090784.0000000000,-143.4292144775
49203944.0000000000,-143.4292144775
49317364.0000000000,-143.3191070557
49431044.0000000000,-143.2832183838
49545040.0000000000,-143.0019836426
49659244.0000000000,-143.0019836426
49773712.0000000000,-143.0019836426
49888444.0000000000,-143.0019836426
50003440.0000000000,-143.0019836426
50118700.0000000000,-143.0019836426
50234284.0000000000,-143.0019836426
50350076.0000000000,-143.3191070557
50466136.0000000000,-143.4292144775
50582464.0000000000,-143.5009460449
50699060.0000000000,-143.5608825684
50815928.0000000000,-143.7270050049
50933060.0000000000,-144.2975769043
51050520.0000000000,-144.2986297607
51168196.0000000000,-144.2986297607
51286144.0000000000,-144.2986297607
51404360.0000000000,-144.2986297607
51522852.0000000000,-144.2986297607
51641616.0000000000,-143.7270050049
51760712.0000000000,-143.5608825684
51880024.0000000000,-143.5608825684
51999608.0000000000,-143.5608825684
52119472.0000000000,-143.5608825684
52239612.0000000000,-143.5608825684
52360028.0000000000,-143.5608825684
52480720.0000000000,-143.5608825684
52601752.0000000000,-143.7270050049
52723000.0000000000,-143.7270050049
52844532.0000000000,-143.7270050049
52966340.0000000000,-143.7270050049
53088432.0000000000,-143.7270050049
53210804.0000000000,-143.7270050049
53333520.0000000000,-143.7270050049
53456456.0000000000,-143.7270050049
53579676.0000000000,-143.7270050049
53703180.0000000000,-143.7270050049
53826972.0000000000,-143.5608825684
53951048.0000000000,-143.3388824463
54075408.0000000000,-143.0905914307
54200116.0000000000,-143.0905914307
54325048.0000000000,-143.0905914307
54450272.0000000000,-143.0905914307
54575784.0000000000,-142.8191375732
54701584.0000000000,-142.5700531006
54827676.0000000000,-142.1485290527
54954060.0000000000,-142.1472473145
55080792.0000000000,-141.7447357178
55207756.0000000000,-141.7447357178
55335016.0000000000,-141.7447357178
55462564.0000000000,-141.7447357178
55590412.0000000000,-141.7447357178
55718552.0000000000,-141.7447357178
55847048.0000000000,-141.7447357178
55975780.0000000000,-141.7447357178
56104808.0000000000,-141.7447357178
56234132.0000000000,-141.8417205811
56363756.0000000000,-142.0786285400
56493680.0000000000,-142.1125488281
56623900.0000000000,-142.1472473145
56754484.0000000000,-142.1485290527
56885308.0000000000,-142.1472473145
57016432.0000000000,-142.1472473145
57147860.0000000000,-142.1472473145
57279588.0000000000,-142.4155731201
57411624.0000000000,-142.4257965088
57544024.0000000000,-142.4645538330
57676668.0000000000,-142.4645538330
57809616.0000000000,-142.4645538330
57942872.0000000000,-142.4645538330
58076432.0000000000,-142.4645538330
58210304.0000000000,-142.4645538330
58344484.0000000000,-142.4645538330
58479036.0000000000,-142.4645538330
58613832.0000000000,-142.4257965088
58748944.0000000000,-142.4155731201
58884364.0000000000,-142.1125488281
59020096.0000000000,-142.0786285400
59156140.0000000000,-141.8566284180
59292500.0000000000,-141.8566284180
59429240.0000000000,-141.8566284180
59566228.0000000000,-142.0786285400
59703532.0000000000,-142.1125488281
59841152.0000000000,-142.2384796143
59979092.0000000000,-142.4155731201
60117348.0000000000,-142.4257965088
60255988.0000000000,-142.4645538330
60394884.0000000000,-142.7922210693
60534096.0000000000,-142.9679412842
60673632.0000000000,-143.1931304932
60813488.0000000000,-143.2026824951
60953668.0000000000,-143.2026824951
61094172.0000000000,-143.2026824951
61235064.0000000000,-143.2026824951
61376216.0000000000,-143.2969055176
61517692.0000000000,-143.5232543945
61659496.0000000000,-143.6548614502
61801624.0000000000,-143.5232543945
61944080.0000000000,-143.2969055176
62086936.0000000000,-143.1931304932
62230048.0000000000,-142.9679412842
62373496.0000000000,-142.9679412842
62517268.0000000000,-142.9679412842
62661376.0000000000,-143.1931304932
62805816.0000000000,-143.1931304932
62950588.0000000000,-143.1931304932
63095764.0000000000,-143.2251129150
63241204.0000000000,-143.2251129150
63386976.0000000000,-143.1931304932
63533088.0000000000,-143.0036621094
63679536.0000000000,-143.0036621094
63826324.0000000000,-143.2251129150
63973516.0000000000,-143.2251129150
64120980.0000000000,-143.2251129150
64268784.0000000000,-143.2251129150
64416928.0000000000,-143.2251129150
64565416.0000000000,-143.2251129150
64714244.0000000000,-143.2251129150
64863412.0000000000,-143.2969055176
65013000.0000000000,-143.4737854004
65162860.0000000000,-143.5232543945
65313064.0000000000,-143.5232543945
65463616.0000000000,-143.5232543945
65614512.0000000000,-143.5232543945
65765760.0000000000,-143.4737854004
65917356.0000000000,-143.2251129150
66069372.0000000000,-143.2251129150
66221664.0000000000,-143.0036621094
66374312.0000000000,-142.9689636230
66527308.0000000000,-142.9246368408
66680660.0000000000,-142.9246368408
66834364.0000000000,-142.9246368408
66988492.0000000000,-142.9246368408
67142904.0000000000,-142.7483215332
67297680.0000000000,-142.7114105225
67452800.0000000000,-142.5055236816
67608288.0000000000,-142.4783782959
67764128.0000000000,-142.3967285156
67920328.0000000000,-142.1575775146
68076968.0000000000,-142.3967285156
68233888.0000000000,-142.4783782959
68391168.0000000000,-142.5055236816
68548816.0000000000,-142.5970764160
68706824.0000000000,-142.6930084229
68865200.0000000000,-142.6930084229
69024016.0000000000,-142.6930084229
69183120.0000000000,-142.6930084229
69342592.0000000000,-142.6930084229
69502432.0000000000,-142.5970764160
69662640.0000000000,-142.6930084229
69823216.0000000000,-142.7483215332
69984168.0000000000,-142.7483215332
70145560.0000000000,-142.7483215332
70307248.0000000000,-142.7483215332
70469312.0000000000,-142.8406829834
70631752.0000000000,-142.8406829834
70794560.0000000000,-142.9689636230
70957752.0000000000,-142.9897155762
71121392.0000000000,-143.0896606445
71285328.0000000000,-143.0896606445
71449648.0000000000,-143.0896606445
71614344.0000000000,-143.0896606445
71779424.0000000000,-143.1810302734
71944880.0000000000,-143.6087799072
72110712.0000000000,-143.6155548096
72277016.0000000000,-143.8090057373
72443616.0000000000,-143.8254547119
72610608.0000000000,-143.8254547119
72777976.0000000000,-144.0271759033
72945736.0000000000,-144.0281677246
73113880.0000000000,-144.0476531982
73282416.0000000000,-144.0783691406
73451416.0000000000,-144.0783691406
73620728.0000000000,-144.1738891602
73790432.0000000000,-144.1738891602
73960520.0000000000,-144.1738891602
74131008.0000000000,-144.1738891602
74301880.0000000000,-144.1738891602
74473232.0000000000,-144.1738891602
74644904.0000000000,-144.1738891602
74816960.0000000000,-144.1738891602
74989424.0000000000,-144.1738891602
75162280.0000000000,-144.1738891602
75335528.0000000000,-144.1738891602
75509184.0000000000,-144.1738891602
75683320.0000000000,-144.1738891602
75857776.0000000000,-144.3239440918
76032632.0000000000,-144.3239440918
76207896.0000000000,-144.3239440918
76383560.0000000000,-144.6957244873
76559632.0000000000,-144.7166442871
76736192.0000000000,-145.1300811768
76913072.0000000000,-145.1557769775
77090360.0000000000,-145.1557769775
77268064.0000000000,-145.1557769775
77446168.0000000000,-145.1557769775
77624688.0000000000,-145.1612243652
77803616.0000000000,-145.1612243652
77983048.0000000000,-145.1557769775
78162800.0000000000,-145.1423492432
78342976.0000000000,-145.1300811768
78523560.0000000000,-144.7916107178
78704560.0000000000,-144.7916107178
78885984.0000000000,-144.7916107178
79067816.0000000000,-144.3239440918
79250160.0000000000,-144.0314331055
79432840.0000000000,-144.0314331055
79615936.0000000000,-144.0314331055
79799456.0000000000,-144.3239440918
79983400.0000000000,-144.0314331055
80167768.0000000000,-143.9786529541
80352648.0000000000,-143.7321472168
80537872.0000000000,-143.7152557373
80723512.0000000000,-143.6587677002
80909592.0000000000,-143.3492889404
81096088.0000000000,-143.3492889404
81283024.0000000000,-143.7152557373
81470384.0000000000,-143.7152557373
81658272.0000000000,-143.7152557373
81846496.0000000000,-143.7152557373
82035160.0000000000,-143.7321472168
82224256.0000000000,-143.7321472168
82413792.0000000000,-143.7321472168
82603760.0000000000,-143.7321472168
82794256.0000000000,-143.7321472168
82985104.0000000000,-143.7321472168
83176392.0000000000,-143.9786529541
83368120.0000000000,-143.9786529541
83560288.0000000000,-143.7321472168
83752904.0000000000,-143.7152557373
83945960.0000000000,-143.3492889404
84139552.0000000000,-143.3492889404
84333496.0000000000,-143.3074493408
84527896.0000000000,-143.2926788330
84722736.0000000000,-143.2926788330
84918032.0000000000,-143.2926788330
85113768.0000000000,-143.2926788330
85310056.0000000000,-143.2926788330
85506704.0000000000,-143.3074493408
85703800.0000000000,-143.3074493408
85901352.0000000000,-143.3074493408
86099360.0000000000,-143.3074493408
86297832.0000000000,-143.3074493408
86496752.0000000000,-143.2926788330
86696224.0000000000,-143.2478332520
86896072.0000000000,-143.2478332520
87096368.0000000000,-143.2263793945
87297136.0000000000,-143.2118225098
87498360.0000000000,-143.1842498779
87700048.0000000000,-142.9573211670
87902208.0000000000,-142.9448547363
88104920.0000000000,-142.8462066650
88308008.0000000000,-142.8462066650
88511568.0000000000,-142.8462066650
88715592.0000000000,-142.8462066650
88920088.0000000000,-142.8450775146
89125056.0000000000,-142.7807464600
89330592.0000000000,-142.7807464600
89536504.0000000000,-142.8450775146
89742896.0000000000,-142.8462066650
89949760.0000000000,-142.8462066650
90157096.0000000000,-142.8462066650
90364920.0000000000,-142.8450775146
90573216.0000000000,-142.8462066650
90782088.0000000000,-142.9448547363
90991352.0000000000,-142.9573211670
91201088.0000000000,-142.9573211670
91411320.0000000000,-142.9448547363
91622024.0000000000,-142.8462066650
91833224.0000000000,-142.9448547363
92045008.0000000000,-142.9573211670
92257176.0000000000,-143.2118225098
92469832.0000000000,-142.9573211670
92682984.0000000000,-142.9448547363
92896624.0000000000,-142.9448547363
93110760.0000000000,-142.8462066650
93325384.0000000000,-142.8462066650
93540608.0000000000,-142.7799072266
93756224.0000000000,-142.7720184326
93972344.0000000000,-142.6717834473
94188952.0000000000,-142.5953063965
94406064.0000000000,-142.5661468506
94623680.0000000000,-142.5616302490
94841896.0000000000,-142.4593505859
95060512.0000000000,-142.3217010498
95279640.0000000000,-142.3217010498
95499264.0000000000,-142.4313354492
95719392.0000000000,-142.4313354492
95940032.0000000000,-142.4593505859
96161184.0000000000,-142.5616302490
96382952.0000000000,-142.5661468506
96605120.0000000000,-142.5953063965
96827800.0000000000,-142.6356048584
97050992.0000000000,-142.6717834473
97274704.0000000000,-142.7720184326
97498928.0000000000,-142.7799072266
97723672.0000000000,-142.7799072266
97949040.0000000000,-142.7799072266
98174816.0000000000,-142.7720184326
98401120.0000000000,-142.7720184326
98627936.0000000000,-142.7720184326
98855280.0000000000,-142.7720184326
99083152.0000000000,-142.7720184326
99311656.0000000000,-142.7799072266
99540576.0000000000,-142.7799072266
99770024.0000000000,-142.7799072266
100000000.0000000000,-142.7799072266
