Type,FSWP-50
Version,3.02SP1
Date,03.Jul 2026
VSupply,ON
Mode,Voltage
Voltage Set,0.6000000000,V
Voltage Min,0.0000000000,V
Voltage Max,0.6500000000,V
Voltage Meas,0.5972434910,V
Current Max,20.0000000000,mA
Current Meas,16.5357306985,mA
VTune,OFF
Voltage Set,0.0000000000,V
Voltage Min,0.0000000000,V
Voltage Max,0.0100000000,V
Voltage Meas,-0.0165394221,V
Current Max,20.0000000000,mA
Current Meas,0.1490850453,mA
VAux,OFF
Voltage Set,0.0000000000,V
Voltage Min,-10.0000000000,V
Voltage Max,10.0000000000,V
Voltage Meas,-0.0083674880,V
Current Max,100.0000000000,mA
Current Meas,-0.0655661470,mA
Mode,Phase Noise
Measurement,Phase Noise
Input,RF
RF Att,0.0000000000,dB
Coupling,AC
RBW,2.0000000000,%
XCORR Factor,1000
XCORR Optimize,ON
Estimated Meas Time,3.7457527981,s
Sweep Count,5
Signal Frequency,25991677813.2084922791,Hz
Signal Level,-16.7682000000,dBm
Start,10000.0000000000,Hz
Stop,100000000.0000000000,Hz
SubSweep,1
Start,10000.0000000000,Hz
Stop,30000.0000000000,Hz
RBW,600.0000000000,Hz
XCORR Count,1000
SubSweep,2
Start,30000.0000000000,Hz
Stop,100000.0000000000,Hz
RBW,600.0000000000,Hz
XCORR Count,1000
SubSweep,3
Start,100000.0000000000,Hz
Stop,300000.0000000000,Hz
RBW,2000.0000000000,Hz
XCORR Count,3300
SubSweep,4
Start,300000.0000000000,Hz
Stop,1000000.0000000000,Hz
RBW,6000.0000000000,Hz
XCORR Count,10000
SubSweep,5
Start,1000000.0000000000,Hz
Stop,3000000.0000000000,Hz
RBW,20000.0000000000,Hz
XCORR Count,10000
SubSweep,6
Start,3000000.0000000000,Hz
Stop,10000000.0000000000,Hz
RBW,60000.0000000000,Hz
XCORR Count,10000
SubSweep,7
Start,10000000.0000000000,Hz
Stop,30000000.0000000000,Hz
RBW,200000.0000000000,Hz
XCORR Count,10000
SubSweep,8
Start,30000000.0000000000,Hz
Stop,100000000.0000000000,Hz
RBW,600000.0000000000,Hz
XCORR Count,10000
Integrated Measurements Range,1
Start,10000.0000000000,Hz
Stop,100000000.0000000000,Hz
Weighting,OFF
Integrated Measurements Range,2
Start,10000.0000000000,Hz
Stop,100000000.0000000000,Hz
Weighting,OFF
Integrated Measurements Range,3
Start,10000.0000000000,Hz
Stop,100000000.0000000000,Hz
Weighting,OFF
Integrated Measurements Range,4
Start,10000.0000000000,Hz
Stop,100000000.0000000000,Hz
Weighting,OFF
Integrated Measurements Range,5
Start,10000.0000000000,Hz
Stop,100000000.0000000000,Hz
Weighting,OFF
Integrated Measurements Range,6
Start,10000.0000000000,Hz
Stop,100000000.0000000000,Hz
Weighting,OFF
Integrated Measurements Range,7
Start,10000.0000000000,Hz
Stop,100000000.0000000000,Hz
Weighting,OFF
Integrated Measurements Range,8
Start,10000.0000000000,Hz
Stop,100000000.0000000000,Hz
Weighting,OFF
Integrated Measurements Range,9
Start,10000.0000000000,Hz
Stop,100000000.0000000000,Hz
Weighting,OFF
Integrated Measurements Range,10
Start,10000.0000000000,Hz
Stop,100000000.0000000000,Hz
Weighting,OFF
Spot Noise Decade Edges,OFF
Spot Noise User Defined,ON
Spot Noise User Defined Offset,1
State,OFF
Offset,1000.0000000000,Hz
Spot Noise User Defined Offset,2
State,OFF
Offset,10000.0000000000,Hz
Spot Noise User Defined Offset,3
State,ON
Offset,100000.0000000000,Hz
Spot Noise User Defined Offset,4
State,ON
Offset,1000000.0000000000,Hz
Spot Noise User Defined Offset,5
State,ON
Offset,10000000.0000000000,Hz
Spot Noise User Defined Offset,6
State,OFF
Offset,100000000.0000000000,Hz
Window,1,Noise Spectrum
Trace,1
Trace Mode,CLR/WRITE
Trace Result,PN
Smoothing,ON
Smoothing Value,1.0000000000,%
Spurious Removal,ON
Spurious Removal Threshold,6.0000000000,dB
Trace Offset,OFF
Trace Offset,0.0000000000,dB
Trace Label,OFF
Trace Label,Trace 1
x-Unit,Hz
y-Unit,dBc/Hz
Values,4001
10000.0000000000,-53.1525573730
10023.0507812500,-53.1771812439
10046.1542968750,-53.2018051147
10069.3115234375,-53.2264289856
10092.5332031250,-53.2569808960
10115.7968750000,-53.2879219055
10139.1152343750,-53.3188629150
10162.4863281250,-53.3498039246
10185.9111328125,-53.3857727051
10209.3906250000,-53.4255065918
10232.9355468750,-53.4652633667
10256.5234375000,-53.5050010681
10280.1650390625,-53.5471687317
10303.8613281250,-53.5966453552
10327.6123046875,-53.6461219788
10351.4189453125,-53.6955986023
10375.2792968750,-53.7450714111
10399.2060546875,-53.8019676208
10423.1777343750,-53.8590583801
10447.2031250000,-53.9161491394
10471.2851562500,-53.9732398987
10495.4218750000,-54.0315170288
10519.6152343750,-54.0902252197
10543.8632812500,-54.1489295959
10568.1787109375,-54.2076606750
10592.5400390625,-54.2627639771
10616.9560546875,-54.3147735596
10641.4287109375,-54.3667831421
10665.9580078125,-54.4187927246
10690.5439453125,-54.4658203125
10715.1982421875,-54.5048065186
10739.8974609375,-54.5437698364
10764.6533203125,-54.5827331543
10789.4667968750,-54.6181602478
10814.3378906250,-54.6437873840
10839.2656250000,-54.6694145203
10864.2509765625,-54.6950378418
10889.3056640625,-54.7192459106
10914.4062500000,-54.7372322083
10939.5644531250,-54.7552223206
10964.7812500000,-54.7732124329
10990.0556640625,-54.7911758423
11015.3886718750,-54.8089828491
11040.7919921875,-54.8268013000
11066.2412109375,-54.8446083069
11091.7500000000,-54.8630790710
11117.3173828125,-54.8854713440
11142.9433593750,-54.9078598022
11168.6289062500,-54.9302520752
11194.3730468750,-54.9535789490
11220.1894531250,-54.9812545776
11246.0527343750,-55.0089149475
11271.9755859375,-55.0365753174
11297.9580078125,-55.0651359558
11324.0009765625,-55.0964202881
11350.1035156250,-55.1277084351
11376.2792968750,-55.1590118408
11402.5019531250,-55.1911430359
11428.7861328125,-55.2248229980
11455.1298828125,-55.2585029602
11481.5351562500,-55.2921829224
11508.0000000000,-55.3272323608
11534.5273437500,-55.3636970520
11561.1279296875,-55.4001770020
11587.7773437500,-55.4366416931
11614.4873046875,-55.4754180908
11641.2597656250,-55.5153579712
11668.0937500000,-55.5552940369
11694.9892578125,-55.5952301025
11721.9472656250,-55.6369323730
11748.9804687500,-55.6789054871
11776.0625000000,-55.7208595276
11803.2070312500,-55.7625236511
11830.4140625000,-55.8019294739
11857.6845703125,-55.8413352966
11885.0166015625,-55.8807373047
11912.4257812500,-55.9169807434
11939.8847656250,-55.9481430054
11967.4072265625,-55.9793014526
11994.9931640625,-56.0104598999
12022.6425781250,-56.0338554382
12050.3554687500,-56.0537490845
12078.1318359375,-56.0736427307
12105.9863281250,-56.0933189392
12133.8916015625,-56.1040344238
12161.8613281250,-56.1147537231
12189.8955078125,-56.1254692078
12217.9931640625,-56.1349258423
12246.1572265625,-56.1424102783
12274.3984375000,-56.1498985291
12302.6923828125,-56.1573829651
12331.0507812500,-56.1669006348
12359.4746093750,-56.1769676208
12387.9638671875,-56.1870384216
12416.5195312500,-56.1981391907
12445.1396484375,-56.2130775452
12473.8408203125,-56.2280273438
12502.5937500000,-56.2429695129
12531.4130859375,-56.2600975037
12560.2988281250,-56.2783241272
12589.2509765625,-56.2965507507
12618.2705078125,-56.3148612976
12647.3701171875,-56.3336410522
12676.5234375000,-56.3524169922
12705.7441406250,-56.3711891174
12735.0312500000,-56.3900375366
12764.3867187500,-56.4089202881
12793.8095703125,-56.4278030396
12823.2998046875,-56.4473228455
12852.8730468750,-56.4693870544
12882.4990234375,-56.4914398193
12912.1943359375,-56.5134963989
12941.9580078125,-56.5413131714
12971.7900390625,-56.5708732605
13001.6914062500,-56.6004371643
13031.6611328125,-56.6332969666
13061.7138671875,-56.6720199585
13091.8222656250,-56.7107200623
13122.0000000000,-56.7494239807
13152.2470703125,-56.7934951782
13182.5634765625,-56.8376693726
13212.9501953125,-56.8818435669
13243.4218750000,-56.9247665405
13273.9492187500,-56.9669151306
13304.5468750000,-57.0090637207
13335.2138671875,-57.0488815308
13365.9531250000,-57.0832633972
13396.7626953125,-57.1176452637
13427.6425781250,-57.1520271301
13458.6093750000,-57.1799812317
13489.6328125000,-57.2079048157
13520.7265625000,-57.2358245850
13551.8935546875,-57.2645263672
13583.1308593750,-57.2935333252
13614.4414062500,-57.3225364685
13645.8388671875,-57.3552818298
13677.2929687500,-57.3922729492
13708.8203125000,-57.4292602539
13740.4199218750,-57.4680824280
13772.0927734375,-57.5127906799
13803.8388671875,-57.5575027466
13835.6572265625,-57.6022071838
13867.5644531250,-57.6468849182
13899.5302734375,-57.6915397644
13931.5693359375,-57.7361984253
13963.6826171875,-57.7730331421
13995.8701171875,-57.8084983826
14028.1318359375,-57.8439636230
14060.4677734375,-57.8710136414
14092.8935546875,-57.8943328857
14125.3789062500,-57.9176406860
14157.9384765625,-57.9372711182
14190.5732421875,-57.9539642334
14223.2841796875,-57.9706611633
14256.0693359375,-57.9885826111
14288.9462890625,-58.0080642700
14321.8837890625,-58.0275344849
14354.8964843750,-58.0500106812
14387.9853515625,-58.0780220032
14421.1503906250,-58.1060333252
14454.3925781250,-58.1356735229
14487.7109375000,-58.1694412231
14521.1220703125,-58.2032241821
14554.5947265625,-58.2358627319
14588.1435546875,-58.2431449890
14621.7705078125,-58.2447013855
14655.4746093750,-58.2462539673
14689.2568359375,-58.2525482178
14723.1328125000,-58.2566490173
14757.0703125000,-58.2648468018
14791.0869140625,-58.2668571472
14825.1806640625,-58.2811431885
14859.3544921875,-58.2811660767
14893.6054687500,-58.2938346863
14927.9365234375,-58.2978401184
14962.3632812500,-58.3056411743
14996.8525390625,-58.3153076172
15031.4208984375,-58.3194618225
15066.0693359375,-58.3323631287
15100.7978515625,-58.3327713013
15135.6064453125,-58.3415527344
15170.5117187500,-58.3417625427
15205.4804687500,-58.3452682495
15240.5302734375,-58.3479042053
15275.6611328125,-58.3542556763
15310.8730468750,-58.3904838562
15346.1650390625,-58.4392051697
15381.5390625000,-58.5000572205
15417.0117187500,-58.5692253113
15452.5488281250,-58.6383590698
15488.1679687500,-58.7158126831
15523.8691406250,-58.7963790894
15559.6533203125,-58.8769493103
15595.5195312500,-58.9557418823
15631.4677734375,-59.0342864990
15667.5166015625,-59.1120643616
15703.6318359375,-59.1746177673
15739.8300781250,-59.2371711731
15776.1113281250,-59.2939262390
15812.4765625000,-59.3322868347
15848.9248046875,-59.3706436157
15885.4755859375,-59.3987045288
15922.0927734375,-59.4125251770
15958.7939453125,-59.4139747620
15995.5800781250,-59.4146575928
16032.4511718750,-59.4153594971
16069.4072265625,-59.4181938171
16106.4482421875,-59.4228248596
16143.5927734375,-59.4234123230
16180.8046875000,-59.4291305542
16218.1025390625,-59.4292411804
16255.4863281250,-59.4309997559
16292.9560546875,-59.4342803955
16330.5126953125,-59.4343185425
16368.1738281250,-59.4343566895
16405.9042968750,-59.4523506165
16443.7207031250,-59.4781990051
16481.6250000000,-59.5050964355
16519.6152343750,-59.5495872498
16557.6953125000,-59.5940780640
16595.8613281250,-59.6421852112
16634.1347656250,-59.6961326599
16672.4765625000,-59.7500495911
16710.9082031250,-59.7980117798
16749.4277343750,-59.8437423706
16788.0371093750,-59.8874588013
16826.7343750000,-59.9100990295
16865.5390625000,-59.9294433594
16904.4160156250,-59.9327545166
16943.3808593750,-59.9327774048
16982.4375000000,-59.9351539612
17021.5820312500,-59.9393196106
17060.8183593750,-59.9408569336
17100.1445312500,-59.9449081421
17139.5820312500,-59.9449081421
17179.0898437500,-59.9449081421
17218.6875000000,-59.9609832764
17258.3789062500,-59.9877510071
17298.1601562500,-60.0166206360
17338.0332031250,-60.0606117249
17378.0000000000,-60.1046028137
17418.0761718750,-60.1523742676
17458.2265625000,-60.2029037476
17498.4687500000,-60.2532844543
17538.8027343750,-60.3003120422
17579.2324218750,-60.3473396301
17619.7519531250,-60.3896293640
17660.3867187500,-60.4276580811
17701.0957031250,-60.4654502869
17741.8984375000,-60.4937171936
17782.7949218750,-60.5219841003
17823.7851562500,-60.5468940735
17864.8691406250,-60.5688667297
17906.0488281250,-60.5908584595
17947.3437500000,-60.6131095886
17988.7148437500,-60.6353492737
18030.1796875000,-60.6618194580
18071.7402343750,-60.6911354065
18113.3964843750,-60.7220306396
18155.1484375000,-60.7617950439
18197.0175781250,-60.8015823364
18238.9628906250,-60.8477325439
18281.0058593750,-60.8963890076
18323.1445312500,-60.9462814331
18365.3808593750,-60.9990997314
18407.7148437500,-61.0519142151
18450.1445312500,-61.1040267944
18492.6953125000,-61.1560821533
18535.3222656250,-61.2059288025
18578.0468750000,-61.2535858154
18620.8710937500,-61.3004570007
18663.7929687500,-61.3415870667
18706.8144531250,-61.3827133179
18749.9355468750,-61.4183197021
18793.1757812500,-61.4521331787
18836.4941406250,-61.4832916260
18879.9140625000,-61.5104866028
18923.4335937500,-61.5374221802
18967.0546875000,-61.5601539612
19010.7734375000,-61.5828857422
19054.6171875000,-61.6044731140
19098.5390625000,-61.6256179810
19142.5625000000,-61.6471481323
19186.6875000000,-61.6692237854
19230.9140625000,-61.6914825439
19275.2421875000,-61.7152442932
19319.6738281250,-61.7390060425
19364.2285156250,-61.7626304626
19408.8632812500,-61.7862091064
19453.6015625000,-61.8077392578
19498.4433593750,-61.8275146484
19543.3886718750,-61.8455162048
19588.4375000000,-61.8587112427
19633.6132812500,-61.8718223572
19678.8691406250,-61.8785743713
19724.2304687500,-61.8853263855
19769.6972656250,-61.8893013000
19815.2675781250,-61.8924446106
19860.9433593750,-61.8958168030
19906.7226562500,-61.8993911743
19952.6328125000,-61.9045867920
19998.6250000000,-61.9132957458
20044.7226562500,-61.9231338501
20090.9277343750,-61.9426307678
20137.2382812500,-61.9621238708
20183.6562500000,-61.9962005615
20230.2031250000,-62.0318107605
20276.8339843750,-62.0797386169
20323.5742187500,-62.1325111389
20370.4218750000,-62.1908836365
20417.3769531250,-62.2540054321
20464.4394531250,-62.3159599304
20511.6113281250,-62.3759727478
20558.9160156250,-62.4325981140
20606.3046875000,-62.4770507813
20653.8046875000,-62.5201225281
20701.4121093750,-62.5461425781
20749.1308593750,-62.5721664429
20796.9589843750,-62.5884284973
20844.8984375000,-62.6040840149
20892.9687500000,-62.6211929321
20941.1289062500,-62.6386146545
20989.4003906250,-62.6631546021
21037.7812500000,-62.6906814575
21086.2753906250,-62.7252769470
21134.8808593750,-62.7645721436
21183.6210937500,-62.8083343506
21232.4511718750,-62.8563842773
21281.3945312500,-62.9061851501
21330.4492187500,-62.9583473206
21379.6171875000,-63.0101699829
21428.8984375000,-63.0613632202
21478.2929687500,-63.1070022583
21527.8261718750,-63.1102638245
21577.4492187500,-63.1104774475
21627.1875000000,-63.1148605347
21677.0390625000,-63.1179885864
21727.0058593750,-63.1285934448
21777.0878906250,-63.1308174133
21827.3105468750,-63.1427192688
21877.6230468750,-63.1544837952
21928.0527343750,-63.1550025940
21978.5996093750,-63.1590843201
22029.2617187500,-63.1756973267
22080.0410156250,-63.1806106567
22130.9355468750,-63.1933822632
22181.9746093750,-63.1949844360
22233.1054687500,-63.2069854736
22284.3535156250,-63.2131271362
22335.7207031250,-63.2241630554
22387.2070312500,-63.2334632874
22438.8105468750,-63.2402420044
22490.5585937500,-63.2486038208
22542.4003906250,-63.2492942810
22594.3632812500,-63.2573394775
22646.4433593750,-63.2620124817
22698.6464843750,-63.2729644775
22750.9667968750,-63.3211402893
22803.4101562500,-63.3779182434
22855.9980468750,-63.4527626038
22908.6835937500,-63.5354461670
22961.4902343750,-63.6305122375
23014.4179687500,-63.7272605896
23067.4667968750,-63.8259506226
23120.6386718750,-63.9166755676
23173.9335937500,-64.0007629395
23227.3769531250,-64.0694732666
23280.9179687500,-64.1293487549
23334.5820312500,-64.1732864380
23388.3710937500,-64.2115020752
23442.2812500000,-64.2385101318
23496.3183593750,-64.2634429932
23550.5039062500,-64.2805328369
23604.7910156250,-64.2965621948
23659.2011718750,-64.3006286621
23713.7363281250,-64.3019180298
23768.3984375000,-64.3023605347
23823.1875000000,-64.3046035767
23878.1015625000,-64.3071594238
23933.1679687500,-64.3095703125
23988.3359375000,-64.3106765747
24043.6308593750,-64.3119659424
24099.0527343750,-64.3265457153
24154.6035156250,-64.3525543213
24210.2812500000,-64.3810272217
24266.1132812500,-64.4196777344
24322.0488281250,-64.4595947266
24378.1132812500,-64.5053558350
24434.3066406250,-64.5533370972
24490.6289062500,-64.6052703857
24547.0820312500,-64.6598510742
24603.6640625000,-64.6771316528
24660.4042968750,-64.6789016724
24717.2480468750,-64.6816864014
24774.2226562500,-64.6991500854
24831.3300781250,-64.7042465210
24888.5683593750,-64.7165603638
24945.9375000000,-64.7195205688
25003.4394531250,-64.7448577881
25061.1015625000,-64.7477111816
25118.8691406250,-64.7725219727
25176.7714843750,-64.7748184204
25234.8046875000,-64.8075256348
25292.9726562500,-64.8133239746
25351.2753906250,-64.8282012939
25409.7402343750,-64.8438110352
25468.3105468750,-64.8722381592
25527.0175781250,-64.8796844482
25585.8593750000,-64.9061203003
25644.8359375000,-64.9093322754
25703.9492187500,-64.9115447998
25763.1972656250,-64.9312820435
25822.6132812500,-64.9313735962
25882.1347656250,-64.9397506714
25941.7949218750,-65.0090332031
26001.5937500000,-65.1253128052
26061.5292968750,-65.2352371216
26121.6015625000,-65.3323287964
26181.8437500000,-65.4025878906
26242.1953125000,-65.4536285400
26302.6835937500,-65.4562301636
26363.3144531250,-65.4575576782
26424.0839843750,-65.4629058838
26484.9921875000,-65.4643096924
26546.0429687500,-65.4719467163
26607.2617187500,-65.4731140137
26668.5937500000,-65.4806365967
26730.0664062500,-65.4847793579
26791.6816406250,-65.5147781372
26853.4375000000,-65.5507202148
26915.3378906250,-65.5965270996
26977.4082031250,-65.6431579590
27039.5937500000,-65.6907577515
27101.9218750000,-65.7322463989
27164.3945312500,-65.7700347900
27227.0097656250,-65.7929153442
27289.7695312500,-65.8091964722
27352.6738281250,-65.8169555664
27415.7539062500,-65.8188476563
27478.9492187500,-65.8201828003
27542.2910156250,-65.8243103027
27605.7773437500,-65.8361816406
27669.4101562500,-65.8532104492
27733.1914062500,-65.8891677856
27797.1171875000,-65.9334259033
27861.2226562500,-65.9897613525
27925.4453125000,-66.0582885742
27989.8144531250,-66.1301193237
28054.3339843750,-66.2039871216
28119.0000000000,-66.2706909180
28183.8164062500,-66.3321456909
28248.8144531250,-66.3778610229
28313.9296875000,-66.4164047241
28379.1953125000,-66.4485321045
28444.6113281250,-66.4762191772
28510.1777343750,-66.5042648315
28575.8964843750,-66.5330581665
28641.7656250000,-66.5619583130
28707.8183593750,-66.5737533569
28773.9921875000,-66.5754699707
28840.3183593750,-66.5755844116
28906.7968750000,-66.5815200806
28973.4296875000,-66.5843353271
29040.2148437500,-66.5890808105
29107.1855468750,-66.5918655396
29174.2812500000,-66.6009140015
29241.5292968750,-66.6038360596
29308.9335937500,-66.6123733521
29376.4921875000,-66.6173095703
29444.2070312500,-66.6236190796
29512.0781250000,-66.6269454956
29580.1386718750,-66.6280364990
29648.3222656250,-66.6354370117
29716.6640625000,-66.6359252930
29785.1621093750,-66.6567306519
29853.8203125000,-66.6958312988
29922.6347656250,-66.7372665405
29991.6406250000,-66.7780532837
30060.7734375000,-66.7973251343
30130.0664062500,-66.8222274780
30199.5175781250,-66.8407287598
30269.1308593750,-66.8542633057
30338.9023437500,-66.8663864136
30408.8359375000,-66.8835449219
30478.9648437500,-66.9103622437
30549.2207031250,-66.9507827759
30619.6386718750,-67.0078887939
30690.2187500000,-67.0834732056
30760.9628906250,-67.1793899536
30831.8691406250,-67.2858734131
30902.9375000000,-67.3031845093
30974.2050781250,-67.3070449829
31045.6035156250,-67.3278503418
31117.1660156250,-67.3339920044
31188.8925781250,-67.3751907349
31260.7851562500,-67.3783721924
31332.8437500000,-67.3924331665
31405.1035156250,-67.4361038208
31477.4941406250,-67.4379959106
31550.0507812500,-67.4880371094
31622.7773437500,-67.5036621094
31695.6699218750,-67.5054473877
31768.7304687500,-67.5613937378
31841.9589843750,-67.5645446777
31915.3925781250,-67.5782546997
31988.9589843750,-67.6021118164
32062.6972656250,-67.6027832031
32136.6035156250,-67.6575622559
32210.6796875000,-67.7393188477
32284.9277343750,-67.8206939697
32359.3828125000,-67.8995056152
32433.9726562500,-67.9742050171
32508.7363281250,-68.0437316895
32583.6718750000,-68.1073150635
32658.7792968750,-68.1647796631
32734.0585937500,-68.2167510986
32809.5156250000,-68.2649002075
32885.1796875000,-68.3115005493
32960.9804687500,-68.3574829102
33036.9570312500,-68.4005508423
33113.1093750000,-68.4204788208
33189.4375000000,-68.4231796265
33265.9414062500,-68.4258575439
33342.6250000000,-68.4343566895
33419.5156250000,-68.4353713989
33496.5507812500,-68.4361572266
33573.7617187500,-68.4453811646
33651.1523437500,-68.4499664307
33728.7226562500,-68.4539871216
33806.4687500000,-68.4596252441
33884.4335937500,-68.4623107910
33962.5390625000,-68.4636001587
34040.8242187500,-68.4684066772
34119.2890625000,-68.4744644165
34197.9375000000,-68.4962005615
34276.7656250000,-68.5325164795
34355.7773437500,-68.5852127075
34435.0078125000,-68.6513748169
34514.3828125000,-68.7234268188
34593.9414062500,-68.7913894653
34673.6835937500,-68.8461685181
34753.6054687500,-68.8823928833
34833.7187500000,-68.9020996094
34914.0507812500,-68.9128417969
34994.5273437500,-68.9230117798
35075.1953125000,-68.9389648438
35156.0429687500,-68.9627609253
35237.0820312500,-68.9919891357
35318.3046875000,-69.0215377808
35399.7148437500,-69.0463333130
35481.3554687500,-69.0633316040
35563.1406250000,-69.0676803589
35645.1171875000,-69.0687713623
35727.2812500000,-69.0710449219
35809.6367187500,-69.0720062256
35892.1796875000,-69.0737304688
35974.9531250000,-69.0802536011
36057.8789062500,-69.1070632935
36140.9921875000,-69.1510086060
36224.3007812500,-69.2095565796
36307.8007812500,-69.2762298584
36391.4921875000,-69.3422927856
36475.3789062500,-69.3990936279
36559.4960937500,-69.4402236938
36643.7695312500,-69.4608154297
36728.2343750000,-69.4627380371
36812.8945312500,-69.4631881714
36897.7539062500,-69.4687347412
36982.8046875000,-69.4690246582
37068.0507812500,-69.4701538086
37153.5390625000,-69.4899826050
37239.1796875000,-69.5221633911
37325.0195312500,-69.5601577759
37411.0546875000,-69.5961151123
37497.2890625000,-69.6227645874
37583.7226562500,-69.6367721558
37670.3984375000,-69.6407623291
37757.2304687500,-69.6423492432
37844.2656250000,-69.6505508423
37931.5000000000,-69.6710739136
38018.9335937500,-69.7192840576
38106.5703125000,-69.7270660400
38194.4062500000,-69.7292938232
38282.4921875000,-69.7472534180
38370.7343750000,-69.7541961670
38459.1796875000,-69.7587738037
38547.8320312500,-69.7617950439
38636.6875000000,-69.8112030029
38725.7500000000,-69.8854522705
38815.0585937500,-69.9581451416
38904.5273437500,-70.0144805908
38994.2070312500,-70.0506515503
39084.0898437500,-70.0736160278
39174.1835937500,-70.0953674316
39264.4804687500,-70.1265792847
39354.9882812500,-70.1732864380
39445.7460937500,-70.2368545532
39536.6718750000,-70.3151626587
39627.8085937500,-70.4504852295
39719.1523437500,-70.5914306641
39810.7070312500,-70.6822052002
39902.4765625000,-70.7570114136
39994.4960937500,-70.7653427124
40086.6875000000,-70.7681884766
40179.0898437500,-70.7909622192
40271.7070312500,-70.7982635498
40364.5351562500,-70.8468093872
40457.5781250000,-70.8516769409
40550.8359375000,-70.8587799072
40644.3515625000,-70.9110336304
40738.0390625000,-70.9122314453
40831.9453125000,-70.9166564941
40926.0664062500,-70.9522171021
41020.4023437500,-70.9556655884
41114.9570312500,-70.9694519043
41209.7304687500,-70.9817886353
41304.7656250000,-71.0379409790
41399.9765625000,-71.0705184937
41495.4062500000,-71.0713577271
41591.0585937500,-71.0824584961
41686.9257812500,-71.0980834961
41783.0195312500,-71.1127853394
41879.3789062500,-71.1326293945
41975.9140625000,-71.1356582642
42072.6679687500,-71.1560363770
42169.6484375000,-71.1632385254
42266.8554687500,-71.1776580811
42364.2812500000,-71.1797180176
42461.9335937500,-71.1818084717
42559.8593750000,-71.1833953857
42657.9648437500,-71.1867065430
42756.2929687500,-71.1899032593
42854.8476562500,-71.1927032471
42953.6328125000,-71.2057800293
43052.6445312500,-71.2105712891
43151.9296875000,-71.2161407471
43251.3984375000,-71.2559432983
43351.0976562500,-71.3057250977
43451.0234375000,-71.3833694458
43551.1796875000,-71.4476165771
43651.5703125000,-71.4778366089
43752.1914062500,-71.5029296875
43853.0898437500,-71.5276718140
43954.1757812500,-71.5655212402
44055.4921875000,-71.5971069336
44157.0429687500,-71.6120452881
44258.8281250000,-71.6269912720
44360.8476562500,-71.6477127075
44463.1015625000,-71.6946868896
44565.6406250000,-71.7495727539
44668.3671875000,-71.7834014893
44771.3320312500,-71.8010101318
44874.5351562500,-71.8042755127
44977.9726562500,-71.8110885620
45081.6484375000,-71.8192214966
45185.6171875000,-71.8302993774
45289.7734375000,-71.8359451294
45394.1679687500,-71.8416519165
45498.8046875000,-71.9308242798
45603.6835937500,-72.0113525391
45708.8046875000,-72.0923233032
45814.1640625000,-72.1800384521
45919.8203125000,-72.1968078613
46025.6679687500,-72.2036819458
46131.7617187500,-72.2057037354
46238.0976562500,-72.2084808350
46344.6796875000,-72.2108535767
46451.5078125000,-72.2151641846
46558.6328125000,-72.2158660889
46665.9531250000,-72.2241516113
46773.5234375000,-72.2472076416
46881.3398437500,-72.2497482300
46989.4023437500,-72.2507247925
47097.7187500000,-72.2572784424
47206.2812500000,-72.2691116333
47315.1484375000,-72.2702102661
47424.2109375000,-72.2767410278
47533.5273437500,-72.2808456421
47643.0976562500,-72.2903976440
47752.9179687500,-72.3550109863
47862.9921875000,-72.3606948853
47973.3710937500,-72.3731994629
48083.9531250000,-72.4413986206
48194.7890625000,-72.4483795166
48305.8828125000,-72.4598617554
48417.2304687500,-72.4974288940
48528.8359375000,-72.5070724487
48640.6992187500,-72.5370864868
48752.8710937500,-72.5383911133
48865.2500000000,-72.5609741211
48977.8867187500,-72.6366882324
49090.7851562500,-72.6567306519
49203.9453125000,-72.6765060425
49317.3632812500,-72.7146987915
49431.0429687500,-72.7577438354
49545.0390625000,-72.8359756470
49659.2421875000,-72.9201889038
49773.7109375000,-72.9843215942
49888.4453125000,-73.1077880859
50003.4414062500,-73.1629638672
50118.7031250000,-73.1818695068
50234.2851562500,-73.1975173950
50350.0781250000,-73.2233657837
50466.1367187500,-73.2543334961
50582.4648437500,-73.2564849854
50699.0625000000,-73.3079452515
50815.9257812500,-73.3533096313
50933.0625000000,-73.3611450195
51050.5234375000,-73.3984222412
51168.1953125000,-73.4423141479
51286.1445312500,-73.4464187622
51404.3593750000,-73.4757308960
51522.8515625000,-73.4819488525
51641.6171875000,-73.5048141479
51760.7109375000,-73.5098419189
51880.0234375000,-73.5578536987
51999.6093750000,-73.6035079956
52119.4726562500,-73.6055831909
52239.6093750000,-73.6123046875
52360.0273437500,-73.6651306152
52480.7187500000,-73.7092514038
52601.7500000000,-73.7223434448
52723.0000000000,-73.7673568726
52844.5312500000,-73.7781143188
52966.3398437500,-73.7908172607
53088.4335937500,-73.8303070068
53210.8046875000,-73.8474273682
53333.5195312500,-73.8525466919
53456.4570312500,-73.8553237915
53579.6757812500,-73.8560867310
53703.1835937500,-73.8676605225
53826.9726562500,-73.9148330688
53951.0468750000,-73.9240875244
54075.4062500000,-73.9425048828
54200.1132812500,-74.0266571045
54325.0507812500,-74.0337600708
54450.2734375000,-74.0774917603
54575.7851562500,-74.1116409302
54701.5859375000,-74.1410217285
54827.6757812500,-74.1692047119
54954.0585937500,-74.1951217651
55080.7929687500,-74.2096557617
55207.7578125000,-74.2114562988
55335.0156250000,-74.2340316772
55462.5664062500,-74.2419433594
55590.4101562500,-74.2442398071
55718.5507812500,-74.2459716797
55847.0468750000,-74.2539443970
55975.7773437500,-74.2583694458
56104.8085937500,-74.2605361938
56234.1328125000,-74.2639999390
56363.7578125000,-74.3041305542
56493.6796875000,-74.3872680664
56623.9023437500,-74.4911956787
56754.4843750000,-74.5871353149
56885.3085937500,-74.6440277100
57016.4335937500,-74.6487045288
57147.8593750000,-74.6495590210
57279.5898437500,-74.6571884155
57411.6210937500,-74.7175521851
57544.0234375000,-74.7958755493
57676.6679687500,-74.8554382324
57809.6171875000,-74.8822708130
57942.8710937500,-74.8846206665
58076.4335937500,-74.8957443237
58210.3046875000,-74.9422607422
58344.4843750000,-74.9635086060
58479.0351562500,-74.9855117798
58613.8320312500,-75.0155639648
58748.9414062500,-75.0400390625
58884.3632812500,-75.1054992676
59020.0937500000,-75.1116409302
59156.1406250000,-75.1169433594
59292.5000000000,-75.1296768188
59429.2382812500,-75.1312332153
59566.2265625000,-75.1497192383
59703.5312500000,-75.2300643921
59841.1523437500,-75.2515640259
59979.0898437500,-75.3043746948
60117.3476562500,-75.3223953247
60255.9882812500,-75.3385848999
60394.8828125000,-75.3574218750
60534.0976562500,-75.5140151978
60673.6328125000,-75.5174865723
60813.4882812500,-75.5380096436
60953.6679687500,-75.5421066284
61094.1718750000,-75.5720214844
61235.0625000000,-75.5926284790
61376.2148437500,-75.5932693481
61517.6914062500,-75.5952835083
61659.4960937500,-75.6049194336
61801.6250000000,-75.6136245728
61944.0820312500,-75.6464996338
62086.9335937500,-75.7041168213
62230.0507812500,-75.7450332642
62373.4960937500,-75.7476501465
62517.2695312500,-75.7477035522
62661.3750000000,-75.7647247314
62805.8164062500,-75.7871017456
62950.5859375000,-75.8571472168
63095.7617187500,-75.9003982544
63241.2031250000,-75.9079208374
63386.9765625000,-75.9108352661
63533.0898437500,-75.9119796753
63679.5390625000,-75.9222335815
63826.3242187500,-75.9279327393
63973.5195312500,-75.9298934937
64120.9804687500,-75.9369354248
64268.7851562500,-75.9427337646
64416.9296875000,-75.9452438354
64565.4140625000,-75.9484710693
64714.2421875000,-76.1023178101
64863.4140625000,-76.2798995972
65013.0000000000,-76.2844619751
65162.8593750000,-76.2983245850
65313.0625000000,-76.3118133545
65463.6132812500,-76.3382720947
65614.5156250000,-76.3491897583
65765.7578125000,-76.4111175537
65917.3515625000,-76.4119186401
66069.3671875000,-76.4294204712
66221.6640625000,-76.4849090576
66374.3125000000,-76.4870758057
66527.3125000000,-76.4924087524
66680.6562500000,-76.5027236938
66834.3593750000,-76.5453338623
66988.4921875000,-76.5718917847
67142.9062500000,-76.5767364502
67297.6796875000,-76.5822906494
67452.8046875000,-76.6132049561
67608.2890625000,-76.6804122925
67764.1250000000,-76.7674026489
67920.3281250000,-76.8265228271
68076.9609375000,-76.8288879395
68233.8906250000,-76.8351058960
68391.1718750000,-76.8618087769
68548.8203125000,-76.8853149414
68706.8281250000,-76.9071502686
68865.2031250000,-76.9358978271
69024.0156250000,-76.9362640381
69183.1250000000,-76.9630813599
69342.5937500000,-77.0306549072
69502.4296875000,-77.0394592285
69662.6406250000,-77.0408782959
69823.2187500000,-77.1020965576
69984.1640625000,-77.1161193848
70145.5625000000,-77.1176910400
70307.2500000000,-77.1448364258
70469.3125000000,-77.1449203491
70631.7500000000,-77.1820373535
70794.5625000000,-77.2587127686
70957.7500000000,-77.2604827881
71121.3906250000,-77.3099441528
71285.3281250000,-77.3766174316
71449.6484375000,-77.4363555908
71614.3437500000,-77.4429626465
71779.4218750000,-77.4770355225
71944.8750000000,-77.4804687500
72110.7187500000,-77.4952392578
72277.0156250000,-77.4995193481
72443.6171875000,-77.5060806274
72610.6093750000,-77.5088958740
72777.9765625000,-77.5394134521
72945.7343750000,-77.6012039185
73113.8828125000,-77.6019973755
73282.4140625000,-77.6782531738
73451.4140625000,-77.7333984375
73620.7265625000,-77.7412185669
73790.4296875000,-77.7458114624
73960.5234375000,-77.7569351196
74131.0078125000,-77.8312835693
74301.8828125000,-77.8454971313
74473.2343750000,-77.8686981201
74644.8984375000,-77.8819580078
74816.9609375000,-77.8859939575
74989.4218750000,-77.9192581177
75162.2734375000,-78.0209884644
75335.5312500000,-78.0701446533
75509.1875000000,-78.0721664429
75683.3203125000,-78.0764236450
75857.7812500000,-78.0854949951
76032.6328125000,-78.1255874634
76207.8984375000,-78.1460418701
76383.5625000000,-78.1599273682
76559.6328125000,-78.2062454224
76736.1875000000,-78.2393188477
76913.0703125000,-78.2603683472
77090.3593750000,-78.2623291016
77268.0625000000,-78.3329238892
77446.1718750000,-78.3501129150
77624.6875000000,-78.3750762939
77803.6171875000,-78.4087295532
77983.0468750000,-78.4506149292
78162.8046875000,-78.4542236328
78342.9765625000,-78.4875869751
78523.5625000000,-78.4969024658
78704.5625000000,-78.5084228516
78885.9843750000,-78.5237197876
79067.8203125000,-78.5411148071
79250.1640625000,-78.5600280762
79432.8437500000,-78.5714950562
79615.9375000000,-78.6450958252
79799.4609375000,-78.6632919312
79983.4062500000,-78.6757659912
80167.7734375000,-78.7284088135
80352.6484375000,-78.7363739014
80537.8671875000,-78.7482528687
80723.5156250000,-78.7498321533
80909.5859375000,-78.7627334595
81096.0937500000,-78.8040542603
81283.0234375000,-78.8297424316
81470.3828125000,-78.8767852783
81658.2734375000,-78.8872909546
81846.5000000000,-78.9029083252
82035.1640625000,-78.9661865234
82224.2578125000,-78.9980773926
82413.7890625000,-79.0271682739
82603.7578125000,-79.1122512817
82794.2578125000,-79.1439285278
82985.1015625000,-79.1888885498
83176.3906250000,-79.2010421753
83368.1171875000,-79.2197494507
83560.2890625000,-79.2302474976
83752.8984375000,-79.2707290649
83945.9609375000,-79.2738342285
84139.5546875000,-79.2786636353
84333.5000000000,-79.2911453247
84527.8906250000,-79.3122253418
84722.7343750000,-79.3123931885
84918.0312500000,-79.3294143677
85113.7734375000,-79.3327636719
85310.0546875000,-79.3618392944
85506.7031250000,-79.3643188477
85703.8046875000,-79.3859252930
85901.3515625000,-79.3999862671
86099.3671875000,-79.4050216675
86297.8281250000,-79.4086303711
86496.7500000000,-79.4435043335
86696.2265625000,-79.4897994995
86896.0703125000,-79.4934692383
87096.3671875000,-79.5233917236
87297.1328125000,-79.5558547974
87498.3593750000,-79.5577468872
87700.0468750000,-79.6147918701
87902.2031250000,-79.6161422729
88104.9218750000,-79.6357192993
88308.0078125000,-79.6765670776
88511.5703125000,-79.6944961548
88715.5937500000,-79.7852325439
88920.0859375000,-79.7948379517
89125.0546875000,-79.8698196411
89330.5937500000,-79.8720932007
89536.5078125000,-79.8933486938
89742.8906250000,-79.9744491577
89949.7578125000,-79.9781723022
90157.1015625000,-80.0251770020
90364.9140625000,-80.1584396362
90573.2109375000,-80.2782135010
90782.0937500000,-80.3037643433
90991.3515625000,-80.3140792847
91201.0937500000,-80.4232635498
91411.3203125000,-80.4344177246
91622.0234375000,-80.4840621948
91833.2187500000,-80.4902267456
92045.0078125000,-80.4951324463
92257.1718750000,-80.5017471313
92469.8359375000,-80.5437850952
92682.9843750000,-80.5449981689
92896.6250000000,-80.5659484863
93110.7578125000,-80.6019287109
93325.3828125000,-80.6065063477
93540.6093750000,-80.6407470703
93756.2265625000,-80.6581954956
93972.3437500000,-80.6619796753
94188.9531250000,-80.7340164185
94406.0703125000,-80.7787399292
94623.6796875000,-80.8042068481
94841.8984375000,-80.8162460327
95060.5156250000,-80.8231277466
95279.6328125000,-80.8232421875
95499.2656250000,-80.8704528809
95719.3984375000,-80.9062576294
95940.0390625000,-80.9089813232
96161.1875000000,-80.9631500244
96382.9453125000,-80.9851379395
96605.1171875000,-81.0366210938
96827.7968750000,-81.0759048462
97050.9921875000,-81.0792465210
97274.7031250000,-81.0814056396
97498.9296875000,-81.1048812866
97723.6718750000,-81.1077270508
97949.0390625000,-81.1815032959
98174.8203125000,-81.2464599609
98401.1171875000,-81.3283615112
98627.9375000000,-81.3493041992
98855.2812500000,-81.3684463501
99083.1484375000,-81.3968734741
99311.6562500000,-81.4530105591
99540.5781250000,-81.4537963867
99770.0234375000,-81.4631500244
100000.0000000000,-81.4668579102
100230.5078125000,-81.4814682007
100461.5468750000,-81.4925460815
100693.1171875000,-81.5039138794
100925.3359375000,-81.5231399536
101157.9687500000,-81.5296783447
101391.1484375000,-81.5410308838
101624.8593750000,-81.5756530762
101859.1171875000,-81.6269073486
102093.9062500000,-81.6493911743
102329.3515625000,-81.6796798706
102565.2265625000,-81.7305908203
102801.6484375000,-81.7770614624
103038.6171875000,-81.8171997070
103276.1250000000,-81.8495407104
103514.1875000000,-81.8730926514
103752.7890625000,-81.8876266479
103992.0625000000,-81.8953323364
104231.7734375000,-81.9008255005
104472.0312500000,-81.9093856812
104712.8515625000,-81.9255371094
104954.2187500000,-81.9512863159
105196.1484375000,-81.9852676392
105438.6328125000,-82.0232315063
105681.7890625000,-82.0597915649
105925.3984375000,-82.0907211304
106169.5625000000,-82.1149291992
106414.2890625000,-82.1349105835
106659.5859375000,-82.1557159424
106905.4375000000,-82.1828155518
107151.9843750000,-82.2198638916
107398.9765625000,-82.2670974731
107646.5390625000,-82.3211212158
107894.6718750000,-82.3757400513
108143.3750000000,-82.4237136841
108392.6562500000,-82.4430541992
108642.5078125000,-82.4465789795
108893.0546875000,-82.4492797852
109144.0625000000,-82.4579925537
109395.6484375000,-82.4588317871
109647.8125000000,-82.4629974365
109900.5546875000,-82.4717636108
110153.8828125000,-82.4770736694
110407.9218750000,-82.4776611328
110662.4140625000,-82.4805831909
110917.5000000000,-82.4907379150
111173.1718750000,-82.4958267212
111429.4375000000,-82.4960479736
111686.2890625000,-82.4978942871
111943.7343750000,-82.4984970093
112201.8984375000,-82.5026702881
112460.5312500000,-82.5193862915
112719.7578125000,-82.5464477539
112979.5859375000,-82.5826644897
113240.0078125000,-82.6264648438
113501.0390625000,-82.6766738892
113762.7890625000,-82.7325057983
114025.0234375000,-82.7926025391
114287.8593750000,-82.8541336060
114551.2968750000,-82.9127578735
114815.3437500000,-82.9639358521
115080.0078125000,-83.0204162598
115345.2734375000,-83.0600738525
115611.2812500000,-83.0808334351
115877.7734375000,-83.1007232666
116144.8750000000,-83.1205215454
116412.6015625000,-83.1403656006
116680.9375000000,-83.1613388062
116949.8984375000,-83.1860809326
117219.4765625000,-83.2177124023
117489.8046875000,-83.2578277588
117760.6250000000,-83.3050003052
118032.0703125000,-83.3550262451
118304.1406250000,-83.4029083252
118576.8437500000,-83.4454650879
118850.1718750000,-83.4827194214
119124.2578125000,-83.5173187256
119398.8515625000,-83.5710678101
119674.0703125000,-83.6286849976
119949.9296875000,-83.6675338745
120226.4218750000,-83.7054519653
120503.5546875000,-83.7439498901
120781.3203125000,-83.7868804932
121059.8671875000,-83.8388519287
121338.9140625000,-83.9028854370
121618.6093750000,-83.9785842896
121898.9531250000,-84.0613327026
122179.9375000000,-84.0736694336
122461.5703125000,-84.0801544189
122743.9843750000,-84.0847930908
123026.9218750000,-84.1072845459
123310.5078125000,-84.1101837158
123594.7421875000,-84.1408691406
123879.6406250000,-84.1430816650
124165.1953125000,-84.1448135376
124451.3984375000,-84.1845932007
124738.4062500000,-84.1870117188
125025.9375000000,-84.2310180664
125314.1328125000,-84.2361679077
125602.9921875000,-84.2397460938
125892.5156250000,-84.2687911987
126182.7031250000,-84.2914810181
126473.7031250000,-84.2916717529
126765.2343750000,-84.3179168701
127057.4375000000,-84.3889694214
127350.3125000000,-84.4196701050
127643.8671875000,-84.4352188110
127938.0937500000,-84.4363021851
128233.0000000000,-84.4367599487
128528.7265625000,-84.4387435913
128824.9921875000,-84.4485244751
129121.9453125000,-84.4732589722
129419.5781250000,-84.4944458008
129717.8984375000,-84.5179519653
130016.9140625000,-84.5458068848
130316.6093750000,-84.6051406860
130617.1406250000,-84.6876144409
130918.2265625000,-84.7552719116
131220.0000000000,-84.8250808716
131522.4687500000,-84.8881072998
131825.6406250000,-84.8911590576
132129.5000000000,-84.8983917236
132434.2187500000,-84.9201049805
132739.4843750000,-84.9216613770
133045.4687500000,-84.9353408813
133352.1406250000,-84.9454421997
133659.5312500000,-84.9613265991
133967.6250000000,-84.9862442017
134276.4218750000,-85.0354843140
134586.0937500000,-85.0611801147
134896.3281250000,-85.0631790161
135207.2656250000,-85.0736846924
135518.9375000000,-85.0749588013
135831.3125000000,-85.0909729004
136144.4062500000,-85.0916671753
136458.3906250000,-85.1932449341
136772.9375000000,-85.2408447266
137088.2031250000,-85.2564926147
137404.2031250000,-85.2593307495
137720.9218750000,-85.3381729126
138038.3906250000,-85.3391647339
138356.5781250000,-85.3429718018
138675.6406250000,-85.4411010742
138995.2968750000,-85.4446640015
139315.7031250000,-85.4671783447
139636.8281250000,-85.5076599121
139958.7031250000,-85.5365905762
140281.3125000000,-85.5476074219
140604.6718750000,-85.5861358643
140928.9375000000,-85.6041183472
141253.7812500000,-85.6115264893
141579.3906250000,-85.6411361694
141905.7343750000,-85.6644897461
142232.8437500000,-85.6805877686
142560.7031250000,-85.6978912354
142889.4687500000,-85.7200317383
143218.8281250000,-85.7472610474
143548.9687500000,-85.8157272339
143879.8593750000,-85.9042510986
144211.5156250000,-85.9624252319
144543.9218750000,-86.0193786621
144877.1093750000,-86.0206146240
145211.2187500000,-86.0255432129
145545.9375000000,-86.0263748169
145881.4375000000,-86.0358963013
146217.7031250000,-86.0382537842
146554.7500000000,-86.0411224365
146892.5625000000,-86.0722427368
147231.3281250000,-86.1268463135
147570.7031250000,-86.1785125732
147910.8593750000,-86.2677688599
148251.8125000000,-86.3513488770
148593.5468750000,-86.3934097290
148936.0625000000,-86.4335021973
149279.3750000000,-86.4575805664
149623.6250000000,-86.4710464478
149968.5312500000,-86.4794006348
150314.2187500000,-86.4829559326
150660.7031250000,-86.4897155762
151007.9843750000,-86.5021667480
151356.0625000000,-86.5164794922
151705.1250000000,-86.5486526489
152054.8125000000,-86.5903930664
152405.3125000000,-86.6220932007
152756.6093750000,-86.6406936646
153108.7187500000,-86.6497955322
153461.6562500000,-86.6678695679
153815.3906250000,-86.6693572998
154170.1093750000,-86.6930770874
154525.4843750000,-86.7128295898
154881.6875000000,-86.7335586548
155238.7031250000,-86.7462844849
155596.5312500000,-86.7496185303
155955.1875000000,-86.7789230347
156314.6875000000,-86.7812576294
156675.1718750000,-86.7893981934
157036.3125000000,-86.8320159912
157398.2968750000,-86.9402770996
157761.1093750000,-87.0389328003
158124.7656250000,-87.1185836792
158489.2500000000,-87.1568450928
158854.7500000000,-87.1942825317
159220.9218750000,-87.2154083252
159587.9375000000,-87.2252960205
159955.7968750000,-87.2384796143
160324.5156250000,-87.2707748413
160694.0625000000,-87.3201446533
161064.4843750000,-87.3759994507
161435.9218750000,-87.4244613647
161808.0468750000,-87.4502258301
162181.0312500000,-87.4797439575
162554.8593750000,-87.4844360352
162929.5625000000,-87.4850997925
163305.1250000000,-87.5012664795
163681.7343750000,-87.5194549561
164059.0312500000,-87.5280303955
164437.2031250000,-87.5331802368
164816.2343750000,-87.5454330444
165196.1562500000,-87.5531387329
165576.9375000000,-87.5911026001
165958.6093750000,-87.5925292969
166341.3437500000,-87.6082305908
166724.7656250000,-87.6130065918
167109.0781250000,-87.6512985229
167494.2812500000,-87.6553115845
167880.3593750000,-87.6657028198
168267.3437500000,-87.6781692505
168655.3906250000,-87.7334976196
169044.1562500000,-87.7935104370
169433.8125000000,-87.8610763550
169824.3750000000,-87.9072113037
170215.8281250000,-87.9454650879
170608.1875000000,-87.9638977051
171001.4531250000,-87.9698486328
171395.8125000000,-87.9707641602
171790.8906250000,-87.9732055664
172186.8750000000,-87.9761657715
172583.7812500000,-88.0124130249
172981.6093750000,-88.0705490112
173380.3437500000,-88.1285324097
173779.9843750000,-88.1776580811
174180.7500000000,-88.2007446289
174582.2500000000,-88.2408370972
174984.6875000000,-88.3089294434
175388.0312500000,-88.3328323364
175792.3125000000,-88.3415832520
176197.5312500000,-88.3739700317
176603.8750000000,-88.3964920044
177010.9531250000,-88.4012374878
177418.9843750000,-88.4379959106
177827.9375000000,-88.4726562500
178237.8437500000,-88.5150756836
178648.7031250000,-88.5185928345
179060.5000000000,-88.5406188965
179473.4375000000,-88.5676498413
179887.1406250000,-88.5725173950
180301.7968750000,-88.5809860229
180717.4062500000,-88.5985260010
181133.9687500000,-88.6035614014
181551.5000000000,-88.6071777344
181970.1875000000,-88.6121215820
182389.6406250000,-88.6774444580
182810.0625000000,-88.7315139771
183231.4531250000,-88.7797241211
183653.8125000000,-88.8047943115
184077.1406250000,-88.8110122681
184501.4531250000,-88.8141937256
184926.9531250000,-88.8168563843
185353.2187500000,-88.8686218262
185780.4687500000,-88.9765777588
186208.7031250000,-89.0906829834
186637.9375000000,-89.1344604492
187068.1406250000,-89.1525192261
187499.3437500000,-89.1601867676
187931.7500000000,-89.1607666016
188364.9531250000,-89.2106323242
188799.1406250000,-89.2110824585
189234.3437500000,-89.2178039551
189670.5312500000,-89.2585449219
190107.7500000000,-89.2616119385
190546.1562500000,-89.2853317261
190985.3906250000,-89.2907714844
191425.6250000000,-89.2996139526
191866.8750000000,-89.3216247559
192309.1406250000,-89.3978576660
192752.4218750000,-89.4081115723
193196.7343750000,-89.4290084839
193642.2812500000,-89.4297409058
194088.6406250000,-89.4385223389
194536.0312500000,-89.4596481323
194984.4375000000,-89.4627304077
195433.8906250000,-89.4844818115
195884.3906250000,-89.4912567139
196336.1250000000,-89.4920730591
196788.7031250000,-89.4963226318
197242.3125000000,-89.5001373291
197696.9687500000,-89.5182876587
198152.6718750000,-89.6207962036
198609.4218750000,-89.7161407471
199067.2343750000,-89.7277221680
199526.3125000000,-89.7296752930
199986.2343750000,-89.7621383667
200447.2187500000,-89.7889709473
200909.2656250000,-89.8028945923
201372.3750000000,-89.8186111450
201836.5625000000,-89.8987274170
202302.0312500000,-89.9882812500
202768.3437500000,-89.9922561646
203235.7343750000,-89.9964370728
203704.2187500000,-90.0294876099
204173.7656250000,-90.0419082642
204644.4062500000,-90.0452880859
205116.1250000000,-90.0518188477
205589.1562500000,-90.0602951050
206063.0468750000,-90.1698455811
206538.0468750000,-90.3185501099
207014.1250000000,-90.3252105713
207491.3125000000,-90.3288726807
207969.5937500000,-90.3301544189
208448.9843750000,-90.3558425903
208929.7031250000,-90.3726119995
209411.2968750000,-90.4268264771
209894.0000000000,-90.4379501343
210377.8281250000,-90.4391021729
210862.7500000000,-90.4645156860
211348.8125000000,-90.5681152344
211836.2187500000,-90.5707931519
212324.5156250000,-90.5734634399
212813.9375000000,-90.5897827148
213304.4843750000,-90.6128921509
213796.1718750000,-90.6150360107
214288.9843750000,-90.6552047729
214782.9375000000,-90.6571807861
215278.2656250000,-90.6729125977
215774.5000000000,-90.6956329346
216271.8750000000,-90.7268447876
216770.3906250000,-90.8159713745
217270.0625000000,-90.8819808960
217770.8906250000,-90.9012069702
218273.1093750000,-90.9038925171
218776.2343750000,-90.9105606079
219280.5312500000,-90.9602127075
219785.9843750000,-91.0524978638
220292.6093750000,-91.1169738770
220800.4062500000,-91.1289978027
221309.3593750000,-91.1343994141
221819.7343750000,-91.1527099609
222331.0468750000,-91.1555099487
222843.5468750000,-91.1700057983
223357.2031250000,-91.1742172241
223872.0625000000,-91.1805725098
224388.1093750000,-91.1865463257
224905.5781250000,-91.2030944824
225424.0000000000,-91.2034454346
225943.6250000000,-91.2138824463
226464.4375000000,-91.2237091064
226986.4531250000,-91.2369537354
227509.6718750000,-91.2955780029
228034.1093750000,-91.3735122681
228559.9843750000,-91.4441986084
229086.8281250000,-91.4841003418
229614.8906250000,-91.4987640381
230144.1718750000,-91.5284652710
230674.6718750000,-91.5996017456
231206.3906250000,-91.6708068848
231739.3437500000,-91.7222747803
232273.7812500000,-91.7268905640
232809.1875000000,-91.7384872437
233345.8281250000,-91.7448043823
233883.7031250000,-91.7494888306
234422.8125000000,-91.7504577637
234963.1875000000,-91.7524871826
235505.0468750000,-91.8599777222
236047.9062500000,-91.8611907959
236592.0156250000,-91.8642807007
237137.3750000000,-91.9218673706
237683.9843750000,-91.9338912964
238231.8750000000,-91.9954757690
238781.0156250000,-92.0073699951
239331.6718750000,-92.0144805908
239883.3593750000,-92.0577468872
240436.2968750000,-92.0638275146
240990.5312500000,-92.0934753418
241546.0312500000,-92.1744079590
242102.8125000000,-92.2572250366
242661.1406250000,-92.2673034668
243220.4843750000,-92.2679443359
243781.1250000000,-92.2834014893
244343.0625000000,-92.2929687500
244906.2968750000,-92.3044052124
245470.8125000000,-92.3380737305
246036.6406250000,-92.3548583984
246604.0468750000,-92.3630905151
247172.4843750000,-92.3643798828
247742.2343750000,-92.4068298340
248313.2968750000,-92.4072265625
248885.6718750000,-92.4105682373
249459.3750000000,-92.4300918579
250034.4062500000,-92.4323120117
250611.0156250000,-92.4635238647
251188.7031250000,-92.5374526978
251767.7031250000,-92.6722183228
252348.0468750000,-92.7540893555
252929.7343750000,-92.7666320801
253512.7500000000,-92.7959976196
254097.3906250000,-92.8088302612
254683.1093750000,-92.8429031372
255270.1718750000,-92.8581085205
255858.5781250000,-92.8867111206
256448.3593750000,-92.9087677002
257039.4843750000,-92.9258270264
257631.9843750000,-93.0144805908
258226.1250000000,-93.0241088867
258821.3593750000,-93.0274581909
259417.9531250000,-93.0642242432
260015.9375000000,-93.0681762695
260615.2812500000,-93.0808486938
261216.0312500000,-93.0820312500
261818.4375000000,-93.0824508667
262421.9375000000,-93.1270599365
263026.8437500000,-93.2101516724
263633.1562500000,-93.2237091064
264240.8437500000,-93.2330093384
264849.9375000000,-93.2392654419
265460.4375000000,-93.2573623657
266072.6250000000,-93.2902755737
266685.9375000000,-93.3072509766
267300.6562500000,-93.3311080933
267916.8125000000,-93.3693542480
268534.3750000000,-93.3732681274
269153.3750000000,-93.4206924438
269774.0937500000,-93.5536422729
270395.9375000000,-93.5799255371
271019.2187500000,-93.5889816284
271643.9375000000,-93.5953598022
272270.0937500000,-93.5980529785
272897.6875000000,-93.5995025635
273526.7500000000,-93.6442871094
274157.5312500000,-93.6466827393
274789.5000000000,-93.6619949341
275422.9062500000,-93.6866378784
276057.7812500000,-93.6871337891
276694.0937500000,-93.7090377808
277331.9062500000,-93.7658615112
277971.1875000000,-93.8050308228
278612.2187500000,-93.8487396240
279254.4375000000,-93.9519805908
279898.1562500000,-93.9935760498
280543.3437500000,-94.0159149170
281190.0000000000,-94.0414733887
281838.1562500000,-94.0545883179
282488.1250000000,-94.0693435669
283139.2812500000,-94.0716934204
283791.9375000000,-94.0774230957
284446.0937500000,-94.0857315063
285101.7812500000,-94.0984344482
285758.9687500000,-94.1202239990
286417.6562500000,-94.1212692261
287078.1875000000,-94.1568756104
287739.9062500000,-94.2494430542
288403.1875000000,-94.3110885620
289067.9687500000,-94.3485107422
289734.2812500000,-94.3559417725
290402.1562500000,-94.3820953369
291071.8750000000,-94.5031280518
291742.8125000000,-94.5384521484
292415.2812500000,-94.5646591187
293089.3437500000,-94.5653533936
293764.9062500000,-94.5971908569
294442.0625000000,-94.6534194946
295120.7812500000,-94.6581573486
295801.3750000000,-94.6675338745
296483.2187500000,-94.7036514282
297166.6250000000,-94.7305526733
297851.6250000000,-94.7467498779
298538.1875000000,-94.7597198486
299226.3437500000,-94.7680053711
299916.4062500000,-94.7687835693
300607.7500000000,-94.7982482910
301300.6562500000,-94.8315963745
301995.1875000000,-94.8360443115
302691.3125000000,-94.8414382935
303389.0312500000,-94.8659896851
304088.3750000000,-94.8820190430
304789.6562500000,-94.9348983765
305492.2187500000,-94.9923095703
306196.3750000000,-95.0513381958
306902.1875000000,-95.1089477539
307609.6250000000,-95.1623916626
308318.6875000000,-95.2094573975
309029.3750000000,-95.2485733032
309742.0625000000,-95.2788009644
310456.0312500000,-95.3004150391
311171.6562500000,-95.3161926270
311888.9375000000,-95.3295974731
312607.8437500000,-95.3443222046
313328.4375000000,-95.3630599976
314051.0312500000,-95.3866271973
314774.9375000000,-95.4136505127
315500.5000000000,-95.4412612915
316227.7812500000,-95.4662933350
316956.6875000000,-95.4865493774
317687.3125000000,-95.5018920898
318419.5937500000,-95.5143890381
319153.9375000000,-95.5277786255
319889.5937500000,-95.5461196899
320626.9687500000,-95.5723342896
321366.0312500000,-95.6069793701
322106.8125000000,-95.6479263306
322849.2812500000,-95.6911392212
323593.8125000000,-95.7324218750
324339.7187500000,-95.7691955566
325087.3750000000,-95.8016891479
325836.7187500000,-95.8324127197
326587.7812500000,-95.8642654419
327340.5937500000,-95.8982849121
328095.1250000000,-95.8997192383
328851.7812500000,-95.9047012329
329609.8125000000,-95.9121170044
330369.5937500000,-95.9281997681
331131.0937500000,-95.9320755005
331894.3750000000,-95.9355239868
332659.4375000000,-95.9595794678
333426.2187500000,-95.9601058960
334195.1562500000,-95.9664230347
334965.5000000000,-95.9753952026
335737.6250000000,-95.9759063721
336511.5312500000,-96.0125961304
337287.2187500000,-96.0596313477
338064.6875000000,-96.1025161743
338844.3125000000,-96.1394424438
339625.3750000000,-96.1714324951
340408.2500000000,-96.2010879517
341192.9062500000,-96.2310791016
341979.3750000000,-96.2630538940
342767.6562500000,-96.2971115112
343557.7812500000,-96.3318099976
344350.0625000000,-96.3646621704
345143.8125000000,-96.3930358887
345939.4062500000,-96.4152526855
346736.8125000000,-96.4314498901
347536.0625000000,-96.4493408203
348337.1562500000,-96.4687576294
349140.5000000000,-96.4867630005
349945.2812500000,-96.5095596313
350751.9375000000,-96.5365142822
351560.4375000000,-96.5666885376
352370.8125000000,-96.5994796753
353183.0625000000,-96.6347961426
353997.1562500000,-96.6725692749
354813.5312500000,-96.7122192383
355631.4062500000,-96.7523956299
356451.1562500000,-96.7914199829
357272.8125000000,-96.8282775879
358096.3437500000,-96.8633422852
358921.7812500000,-96.8980636597
359749.5312500000,-96.9518432617
360578.7812500000,-97.0041580200
361409.9375000000,-97.0321960449
362243.0000000000,-97.0510711670
363078.0000000000,-97.0607376099
363914.9375000000,-97.0648727417
364753.7812500000,-97.0696868896
365594.9687500000,-97.0815887451
366437.6875000000,-97.1050186157
367282.3437500000,-97.1412124634
368128.9687500000,-97.2146224976
368977.5312500000,-97.2945175171
369828.0312500000,-97.3416519165
370680.5312500000,-97.3775634766
371535.3750000000,-97.3997268677
372391.7812500000,-97.4091949463
373250.1875000000,-97.4099655151
374110.5625000000,-97.4104385376
374972.9062500000,-97.4211807251
375837.2500000000,-97.4537200928
376703.9687500000,-97.4908370972
377572.3125000000,-97.5368270874
378442.6562500000,-97.5844573975
379314.9687500000,-97.5866470337
380189.3437500000,-97.5868835449
381065.6875000000,-97.6036148071
381944.0625000000,-97.6090850830
382824.9062500000,-97.6303939819
383707.3437500000,-97.6330337524
384591.8125000000,-97.6542663574
385478.3125000000,-97.6591567993
386366.8750000000,-97.6677246094
387257.5000000000,-97.6819839478
388150.5625000000,-97.6904373169
389045.2812500000,-97.7255172729
389942.0625000000,-97.7567138672
390840.9062500000,-97.7837677002
391741.8125000000,-97.8214416504
392644.8125000000,-97.8620300293
393549.8750000000,-97.8914108276
394457.4687500000,-97.9198684692
395366.7187500000,-97.9446029663
396278.0937500000,-97.9717483521
397191.5312500000,-97.9928207397
398107.0937500000,-98.0081024170
399024.7500000000,-98.0281677246
399944.9687500000,-98.0544586182
400866.8750000000,-98.1040420532
401790.9062500000,-98.1576614380
402717.0625000000,-98.1918945313
403645.3437500000,-98.2235107422
404575.7812500000,-98.2525711060
405508.3437500000,-98.2912979126
406443.5312500000,-98.3236160278
407380.4062500000,-98.3392410278
408319.4375000000,-98.3500747681
409260.6562500000,-98.3597335815
410204.0312500000,-98.3686141968
411149.5625000000,-98.3789825439
412097.3125000000,-98.3963623047
413047.6562500000,-98.4387054443
413999.7812500000,-98.4903564453
414954.0625000000,-98.5202255249
415910.5625000000,-98.5382385254
416869.2812500000,-98.5383834839
417830.1875000000,-98.5414733887
418793.7812500000,-98.5492095947
419759.1250000000,-98.5788879395
420726.6875000000,-98.6555099487
421696.5000000000,-98.7434997559
422668.5312500000,-98.7934417725
423642.8125000000,-98.8295364380
424619.3437500000,-98.8573913574
425598.5937500000,-98.8683319092
426579.6250000000,-98.8707427979
427562.9375000000,-98.8740081787
428548.5000000000,-98.8810272217
429536.3125000000,-98.8916397095
430526.4375000000,-98.9093475342
431519.3125000000,-98.9508972168
432514.0000000000,-99.0018768311
433510.9687500000,-99.0353622437
434510.2500000000,-99.0748443604
435511.8125000000,-99.1027984619
436515.6875000000,-99.1175918579
437521.9062500000,-99.1436767578
438530.9062500000,-99.1780624390
439541.7500000000,-99.2058639526
440554.9062500000,-99.2491607666
441570.4375000000,-99.2903900146
442588.2812500000,-99.3168487549
443608.4687500000,-99.3615264893
444631.0312500000,-99.4168853760
445656.4062500000,-99.4608230591
446683.6875000000,-99.5256195068
447713.3125000000,-99.5747528076
448745.3437500000,-99.5907745361
449779.7187500000,-99.5967864990
450816.5000000000,-99.6030044556
451856.1562500000,-99.6190795898
452897.7187500000,-99.6665649414
453941.6875000000,-99.7271499634
454988.0625000000,-99.7827453613
456036.8437500000,-99.8277893066
457088.0312500000,-99.8548660278
458141.6562500000,-99.8868560791
459198.1875000000,-99.8939819336
460256.6875000000,-99.8952560425
461317.6250000000,-99.8978195190
462380.9687500000,-99.9000396729
463446.8125000000,-99.9197311401
464515.0937500000,-99.9229965210
465586.3437500000,-99.9240417480
466659.5312500000,-99.9290008545
467735.2187500000,-99.9470672607
468813.3750000000,-99.9594879150
469894.0312500000,-99.9694442749
470977.1875000000,-99.9709320068
472062.8125000000,-99.9793853760
473151.4687500000,-99.9814300537
474242.1250000000,-99.9863967896
475335.2812500000,-100.0317764282
476430.9687500000,-100.0330429077
477529.1562500000,-100.0341567993
478629.9062500000,-100.0636901855
479733.7187500000,-100.0774917603
480839.5312500000,-100.0789413452
481947.9062500000,-100.0953063965
483058.8125000000,-100.1170120239
484172.3125000000,-100.1372528076
485288.3437500000,-100.1646423340
486406.9687500000,-100.2013549805
487528.7187500000,-100.2392349243
488652.5000000000,-100.2713775635
489778.8750000000,-100.2987365723
490907.8437500000,-100.3233032227
492039.4375000000,-100.3460617065
493173.6250000000,-100.3652648926
494310.4375000000,-100.3834457397
495450.3750000000,-100.4083404541
496592.4375000000,-100.4472122192
497737.1250000000,-100.5133819580
498884.4375000000,-100.6054916382
500034.4062500000,-100.7209625244
501187.0000000000,-100.8361968994
502342.8437500000,-100.9072952271
503500.7812500000,-100.9159622192
504661.3750000000,-100.9171295166
505824.6562500000,-100.9268493652
506990.6250000000,-100.9413223267
508159.2812500000,-100.9532012939
509330.6250000000,-100.9811096191
510505.2187500000,-101.0550994873
511681.9687500000,-101.1375427246
512861.4375000000,-101.2106781006
514043.6250000000,-101.2135467529
515228.5312500000,-101.2226409912
516416.1562500000,-101.2272949219
517607.0937500000,-101.2508697510
518800.2187500000,-101.2509460449
519996.0937500000,-101.2556686401
521194.7187500000,-101.2615356445
522396.1250000000,-101.2654800415
523600.2812500000,-101.2914505005
524807.1875000000,-101.2915420532
526017.5000000000,-101.2948074341
527230.0000000000,-101.3079605103
528445.3125000000,-101.3707504272
529663.4375000000,-101.4812469482
530884.3125000000,-101.5359802246
532108.0625000000,-101.5485305786
533335.1875000000,-101.5503005981
534564.5625000000,-101.5577697754
535796.7500000000,-101.6115036011
537031.8125000000,-101.6785278320
538269.6875000000,-101.7526016235
539510.4375000000,-101.8200073242
540754.0625000000,-101.8719177246
542001.1250000000,-101.9225006104
543250.5000000000,-101.9524688721
544502.7500000000,-101.9815063477
545757.8750000000,-102.0126876831
547015.8750000000,-102.0199890137
548276.7500000000,-102.0207138062
549540.5625000000,-102.0298461914
550807.9375000000,-102.0380172729
552077.5625000000,-102.0428771973
553350.1250000000,-102.0504837036
554625.6875000000,-102.0630645752
555904.1250000000,-102.0688247681
557185.5000000000,-102.0773468018
558470.5000000000,-102.0930175781
559757.8125000000,-102.1050949097
561048.0625000000,-102.1056594849
562341.3125000000,-102.1470718384
563637.5625000000,-102.1501998901
564936.8125000000,-102.1623916626
566239.0000000000,-102.1638641357
567544.8750000000,-102.2434692383
568853.0625000000,-102.3332901001
570164.3125000000,-102.4023437500
571478.6250000000,-102.4168243408
572795.8750000000,-102.4205245972
574116.2500000000,-102.4364929199
575440.2500000000,-102.4518890381
576766.6875000000,-102.4716415405
578096.1875000000,-102.4880065918
579428.6875000000,-102.4968643188
580764.3125000000,-102.5086975098
582103.0625000000,-102.5219268799
583444.8125000000,-102.5803451538
584790.3750000000,-102.6597290039
586138.3125000000,-102.7250137329
587489.4375000000,-102.7674636841
588843.6250000000,-102.8027648926
590200.9375000000,-102.8122558594
591561.4375000000,-102.8220062256
592925.0000000000,-102.8440093994
594292.3750000000,-102.8737411499
595662.2500000000,-102.9054565430
597035.3125000000,-102.9191741943
598411.5000000000,-102.9420928955
599790.9375000000,-102.9837646484
601173.4375000000,-102.9967727661
602559.8750000000,-102.9996109009
603948.8125000000,-103.0664825439
605340.9375000000,-103.0716781616
606736.3125000000,-103.0850296021
608134.8750000000,-103.0977706909
609536.6875000000,-103.1313171387
610941.6875000000,-103.1435317993
612350.6250000000,-103.1495437622
613762.1250000000,-103.1532592773
615176.9375000000,-103.1632995605
616594.9375000000,-103.1893310547
618016.2500000000,-103.2058410645
619440.8125000000,-103.2174224854
620869.3750000000,-103.2310104370
622300.5000000000,-103.2682037354
623734.9375000000,-103.2706069946
625172.6875000000,-103.2949447632
626613.7500000000,-103.4035339355
628058.1250000000,-103.4332046509
629505.8750000000,-103.4557800293
630957.6250000000,-103.4794387817
632412.0000000000,-103.4978866577
633869.7500000000,-103.5004653931
635330.8750000000,-103.5275039673
636795.3750000000,-103.5583267212
638263.2500000000,-103.6274719238
639735.1875000000,-103.6911697388
641209.8125000000,-103.7097625732
642687.8750000000,-103.7238235474
644169.3125000000,-103.7366104126
645654.1250000000,-103.7743606567
647142.4375000000,-103.7887115479
648634.1250000000,-103.7916717529
650130.0000000000,-103.8594207764
651628.5625000000,-103.8618087769
653130.6250000000,-103.8682937622
654636.1250000000,-103.8746337891
656145.1250000000,-103.8829193115
657657.6250000000,-103.9224472046
659173.5625000000,-103.9241943359
660693.6875000000,-103.9385375977
662216.6250000000,-103.9456634521
663743.1250000000,-103.9573516846
665273.0625000000,-103.9648361206
666806.5625000000,-103.9844589233
668343.6250000000,-103.9933395386
669884.9375000000,-103.9983444214
671429.0625000000,-104.0044784546
672976.7500000000,-104.0083847046
674528.0000000000,-104.0564117432
676082.8750000000,-104.1171722412
677641.2500000000,-104.1471176147
679203.3125000000,-104.1485366821
680769.6250000000,-104.1509246826
682338.8750000000,-104.2013931274
683911.6875000000,-104.2942733765
685488.1875000000,-104.3844680786
687068.2500000000,-104.4457321167
688652.0000000000,-104.4927902222
690240.1875000000,-104.4951095581
691831.1875000000,-104.4978332520
693425.9375000000,-104.5021820068
695024.3125000000,-104.5240402222
696626.4375000000,-104.5308151245
698232.1875000000,-104.5465621948
699841.6875000000,-104.5604629517
701455.6250000000,-104.5735015869
703072.5000000000,-104.5798568726
704693.1250000000,-104.6077346802
706317.5000000000,-104.6498336792
707945.6250000000,-104.6538238525
709577.5000000000,-104.6605377197
711213.8750000000,-104.6640243530
712853.3125000000,-104.6679382324
714496.5000000000,-104.6916732788
716143.4375000000,-104.7021560669
717794.1875000000,-104.7176513672
719448.7500000000,-104.7192459106
721107.1250000000,-104.8384475708
722770.1250000000,-104.8391036987
724436.1875000000,-104.8757476807
726106.0625000000,-104.8936004639
727779.8125000000,-104.9061126709
729457.3750000000,-104.9651031494
731138.8125000000,-104.9772720337
732824.1250000000,-105.0354537964
734514.1875000000,-105.0366439819
736207.2500000000,-105.0420761108
737904.3125000000,-105.0968780518
739605.1875000000,-105.1137619019
741310.0625000000,-105.1295471191
743018.8125000000,-105.1377792358
744732.3750000000,-105.1595077515
746449.0000000000,-105.1653976440
748169.6250000000,-105.2205123901
749894.1875000000,-105.2566680908
751622.7500000000,-105.2685165405
753355.3125000000,-105.2816543579
755091.8750000000,-105.2918014526
756833.2500000000,-105.2929229736
758577.7500000000,-105.3604888916
760326.3750000000,-105.4298171997
762078.9375000000,-105.5165023804
763835.6250000000,-105.5678100586
765596.3125000000,-105.5691757202
767361.8750000000,-105.5698776245
769130.6875000000,-105.5741729736
770903.6250000000,-105.5761184692
772680.6250000000,-105.5764007568
774461.6875000000,-105.5943679810
776246.8750000000,-105.6492233276
778036.1875000000,-105.7110977173
779830.4375000000,-105.7659835815
781628.0000000000,-105.7697219849
783429.7500000000,-105.7766723633
785235.6250000000,-105.7790145874
787045.6250000000,-105.7847595215
788859.8125000000,-105.7896881104
790678.1875000000,-105.8092956543
792501.6250000000,-105.8316192627
794328.4375000000,-105.8353805542
796159.3750000000,-105.8741683960
797994.6250000000,-105.9707794189
799834.0000000000,-106.0838928223
801677.6875000000,-106.0993118286
803526.5000000000,-106.1156997681
805378.6875000000,-106.1463546753
807235.1250000000,-106.1598052979
809095.8750000000,-106.1649475098
810960.9375000000,-106.2053527832
812830.2500000000,-106.2180557251
814703.8750000000,-106.2234191895
816582.6875000000,-106.2246475220
818465.0000000000,-106.2335891724
820351.6250000000,-106.2709426880
822242.5625000000,-106.3041076660
824137.8750000000,-106.3346023560
826037.6250000000,-106.3490600586
827942.5625000000,-106.3936538696
829851.0625000000,-106.4026794434
831763.9375000000,-106.4081268311
833681.1875000000,-106.4178237915
835602.8750000000,-106.4422454834
837529.0000000000,-106.4506301880
839459.5625000000,-106.5004348755
841395.5000000000,-106.5841827393
843335.0000000000,-106.6203002930
845278.9375000000,-106.6450729370
847227.3750000000,-106.6554031372
849180.2500000000,-106.6655578613
851137.6875000000,-106.6924743652
853100.5625000000,-106.6994857788
855067.0000000000,-106.7295303345
857038.0000000000,-106.8126144409
859013.5625000000,-106.8989944458
860993.6250000000,-106.9458694458
862978.3125000000,-106.9541168213
864967.5000000000,-106.9680175781
866962.2500000000,-106.9686965942
868960.6875000000,-106.9699172974
870963.6875000000,-106.9827117920
872971.3125000000,-106.9900131226
874983.6250000000,-107.0841979980
877000.5000000000,-107.1669540405
879022.0625000000,-107.1687622070
881049.2500000000,-107.1747131348
883080.1250000000,-107.1812744141
885115.6875000000,-107.1825561523
887155.9375000000,-107.1953430176
889200.8750000000,-107.2229461670
891250.5625000000,-107.2236785889
893305.9375000000,-107.2742919922
895365.0625000000,-107.2768020630
897428.9375000000,-107.2916107178
899497.5625000000,-107.2921295166
901571.0000000000,-107.2977600098
903649.1875000000,-107.2992782593
905732.1250000000,-107.3047943115
907820.9375000000,-107.3166427612
909913.5000000000,-107.3185729980
912010.9375000000,-107.3367233276
914113.1875000000,-107.3909378052
916220.2500000000,-107.4547424316
918332.1875000000,-107.4987258911
920450.0625000000,-107.6057281494
922571.7500000000,-107.7269210815
924698.3750000000,-107.7576751709
926829.8125000000,-107.7721633911
928966.2500000000,-107.7783737183
931107.5625000000,-107.8102111816
933253.8750000000,-107.8213500977
935406.0625000000,-107.8236236572
937562.2500000000,-107.8269424438
939723.4375000000,-107.8291549683
941889.5625000000,-107.8337326050
944060.6875000000,-107.8420562744
946236.8125000000,-107.8470001221
948419.0000000000,-107.8484420776
950605.1250000000,-107.8594284058
952796.3750000000,-107.8649520874
954992.6250000000,-107.8904113770
957193.9375000000,-107.9035491943
959400.3750000000,-107.9099731445
961611.8125000000,-107.9188919067
963829.5000000000,-107.9415740967
966051.1875000000,-107.9632720947
968278.0000000000,-107.9822082520
970509.9375000000,-107.9822082520
972747.0625000000,-107.9920730591
974989.3125000000,-108.0209274292
977236.6875000000,-108.0535812378
979490.3750000000,-108.0555419922
981748.1875000000,-108.0606460571
984011.1875000000,-108.0863113403
986279.3750000000,-108.1146240234
988552.8125000000,-108.1593780518
990831.5000000000,-108.2619628906
993116.5625000000,-108.3403472900
995405.7500000000,-108.4530334473
997700.2500000000,-108.4844207764
1000000.0000000000,-108.5263366699
1002305.0625000000,-108.5621795654
1004615.4375000000,-108.5686645508
1006931.1875000000,-108.5909423828
1009253.3125000000,-108.6126632690
1011579.7500000000,-108.6301269531
1013911.5000000000,-108.6437072754
1016248.6250000000,-108.6537399292
1018591.1250000000,-108.6601715088
1020939.0625000000,-108.6660385132
1023293.5625000000,-108.6729507446
1025652.3125000000,-108.6826019287
1028016.5000000000,-108.6992187500
1030386.1250000000,-108.7260360718
1032761.2500000000,-108.7632980347
1035141.8750000000,-108.8113327026
1037527.9375000000,-108.8701095581
1039920.6250000000,-108.9367370605
1042317.7500000000,-109.0024337769
1044720.3750000000,-109.0633544922
1047128.5000000000,-109.1164321899
1049542.2500000000,-109.1585083008
1051961.5000000000,-109.1915817261
1054386.3750000000,-109.2205352783
1056817.8750000000,-109.2473983765
1059254.0000000000,-109.2737274170
1061695.6250000000,-109.3003768921
1064142.8750000000,-109.3274307251
1066595.8750000000,-109.3478164673
1069054.3750000000,-109.3520507813
1071519.8750000000,-109.3552017212
1073989.7500000000,-109.3558044434
1076465.3750000000,-109.3644104004
1078946.7500000000,-109.3757400513
1081433.7500000000,-109.3791885376
1083926.5000000000,-109.3840484619
1086425.0000000000,-109.3947525024
1088930.5000000000,-109.4051513672
1091440.6250000000,-109.4113082886
1093956.5000000000,-109.4141082764
1096478.1250000000,-109.4307403564
1099005.5000000000,-109.4395294189
1101538.8750000000,-109.4447479248
1104079.1250000000,-109.4566116333
1106624.1250000000,-109.4719009399
1109175.0000000000,-109.4726867676
1111731.7500000000,-109.4912109375
1114294.3750000000,-109.4931640625
1116862.8750000000,-109.4942169189
1119437.3750000000,-109.4990997314
1122019.0000000000,-109.5427093506
1124605.2500000000,-109.6003952026
1127197.6250000000,-109.6639556885
1129795.8750000000,-109.7287750244
1132400.1250000000,-109.7722778320
1135010.3750000000,-109.7820358276
1137627.8750000000,-109.7866592407
1140250.2500000000,-109.7895050049
1142878.6250000000,-109.8080215454
1145513.0000000000,-109.8292007446
1148153.5000000000,-109.8392181396
1150800.0000000000,-109.8402099609
1153452.7500000000,-109.8686752319
1156112.7500000000,-109.8736419678
1158777.7500000000,-109.8887252808
1161448.7500000000,-109.8928833008
1164126.0000000000,-109.8974685669
1166809.3750000000,-109.8985977173
1169499.0000000000,-109.9880523682
1172194.7500000000,-110.0863265991
1174898.0000000000,-110.1801757813
1177606.2500000000,-110.2554092407
1180320.7500000000,-110.2753677368
1183041.3750000000,-110.2754440308
1185768.3750000000,-110.2941741943
1188501.7500000000,-110.3003692627
1191242.6250000000,-110.3094787598
1193988.5000000000,-110.3218002319
1196740.7500000000,-110.3440933228
1199499.2500000000,-110.3468551636
1202264.2500000000,-110.3502655029
1205035.5000000000,-110.3635253906
1207813.2500000000,-110.3639221191
1210598.6250000000,-110.3720397949
1213389.1250000000,-110.3720932007
1216186.1250000000,-110.4197082520
1218989.5000000000,-110.4998245239
1221799.3750000000,-110.5813827515
1224615.7500000000,-110.6577377319
1227439.8750000000,-110.7263488770
1230269.2500000000,-110.7360992432
1233105.0000000000,-110.7473297119
1235947.5000000000,-110.7617416382
1238796.3750000000,-110.7879028320
1241651.8750000000,-110.8000640869
1244514.0000000000,-110.8106994629
1247384.1250000000,-110.8438873291
1250259.3750000000,-110.8659515381
1253141.3750000000,-110.8878860474
1256029.8750000000,-110.8937301636
1258925.1250000000,-110.9134292603
1261827.0000000000,-110.9333343506
1264737.0000000000,-110.9464416504
1267652.3750000000,-110.9600830078
1270574.3750000000,-110.9655609131
1273503.1250000000,-110.9739608765
1276438.6250000000,-110.9749755859
1279380.8750000000,-110.9778823853
1282330.0000000000,-110.9951629639
1285287.2500000000,-111.1016387939
1288250.0000000000,-111.1730194092
1291219.5000000000,-111.1815719604
1294195.7500000000,-111.1858749390
1297179.0000000000,-111.1879272461
1300169.1250000000,-111.2103576660
1303166.1250000000,-111.2136611938
1306171.3750000000,-111.2409057617
1309182.2500000000,-111.2430114746
1312200.0000000000,-111.2530288696
1315224.7500000000,-111.2569732666
1318256.3750000000,-111.3014297485
1321295.1250000000,-111.3484878540
1324342.2500000000,-111.3903884888
1327394.8750000000,-111.4281234741
1330454.6250000000,-111.4596862793
1333521.3750000000,-111.4866333008
1336595.2500000000,-111.5073013306
1339676.2500000000,-111.5212249756
1342764.2500000000,-111.5323944092
1345860.8750000000,-111.5488739014
1348963.2500000000,-111.5777282715
1352072.7500000000,-111.6186599731
1355189.3750000000,-111.6620101929
1358313.1250000000,-111.6921844482
1361444.1250000000,-111.6938247681
1364583.8750000000,-111.6974563599
1367729.3750000000,-111.7002029419
1370882.0000000000,-111.7054138184
1374042.0000000000,-111.7253494263
1377209.2500000000,-111.7746810913
1380383.8750000000,-111.8362503052
1383565.7500000000,-111.8990707397
1386756.5000000000,-111.9561309814
1389953.0000000000,-112.0064315796
1393157.0000000000,-112.0205764771
1396368.2500000000,-112.0240783691
1399587.0000000000,-112.0424804688
1402813.1250000000,-112.0511169434
1406046.7500000000,-112.0735931396
1409289.3750000000,-112.0815353394
1412537.8750000000,-112.0928115845
1415793.8750000000,-112.1220245361
1419057.3750000000,-112.1303024292
1422328.3750000000,-112.1397247314
1425607.0000000000,-112.1480026245
1428894.6250000000,-112.1504898071
1432188.3750000000,-112.1869201660
1435489.6250000000,-112.2339248657
1438798.5000000000,-112.3036804199
1442115.1250000000,-112.3674163818
1445439.2500000000,-112.4032287598
1448771.1250000000,-112.4362258911
1452112.2500000000,-112.4689102173
1455459.5000000000,-112.5004882813
1458814.3750000000,-112.5269317627
1462177.0000000000,-112.5453186035
1465547.5000000000,-112.5582046509
1468925.6250000000,-112.5731887817
1472313.2500000000,-112.6002655029
1475707.0000000000,-112.6103134155
1479108.6250000000,-112.6134185791
1482518.1250000000,-112.6218643188
1485935.3750000000,-112.6396789551
1489360.6250000000,-112.6608886719
1492793.6250000000,-112.6676254272
1496236.3750000000,-112.6734161377
1499685.2500000000,-112.6763916016
1503142.1250000000,-112.7746124268
1506607.0000000000,-112.7892684937
1510079.7500000000,-112.8007507324
1513560.6250000000,-112.8131713867
1517051.1250000000,-112.8472213745
1520548.1250000000,-112.8548965454
1524053.0000000000,-112.8572616577
1527566.1250000000,-112.8742294312
1531087.2500000000,-112.8798675537
1534616.5000000000,-112.8987884521
1538153.8750000000,-112.9314575195
1541701.1250000000,-112.9473114014
1545254.8750000000,-112.9502410889
1548816.8750000000,-112.9569931030
1552387.0000000000,-112.9958038330
1555965.3750000000,-113.0522613525
1559551.8750000000,-113.1249389648
1563146.7500000000,-113.1990737915
1566751.7500000000,-113.2600631714
1570363.1250000000,-113.3162384033
1573983.0000000000,-113.3316574097
1577611.1250000000,-113.3565902710
1581247.6250000000,-113.3571853638
1584892.5000000000,-113.3614273071
1588547.5000000000,-113.3675079346
1592209.2500000000,-113.3683929443
1595879.3750000000,-113.3693847656
1599558.0000000000,-113.3889999390
1603245.1250000000,-113.3964309692
1606940.7500000000,-113.4136505127
1610644.8750000000,-113.4223937988
1614359.2500000000,-113.4305648804
1618080.5000000000,-113.4378738403
1621810.2500000000,-113.4417266846
1625548.6250000000,-113.4455795288
1629295.6250000000,-113.4783325195
1633051.2500000000,-113.5324020386
1636817.3750000000,-113.5363998413
1640590.3750000000,-113.5758361816
1644372.0000000000,-113.6116104126
1648162.3750000000,-113.6297531128
1651961.5000000000,-113.6514587402
1655769.5000000000,-113.6772842407
1659586.1250000000,-113.6783752441
1663413.3750000000,-113.6863784790
1667247.6250000000,-113.6944580078
1671090.7500000000,-113.7026443481
1674942.7500000000,-113.7295761108
1678803.6250000000,-113.7805480957
1682673.3750000000,-113.8747482300
1686554.0000000000,-113.9516677856
1690441.6250000000,-113.9777603149
1694338.1250000000,-113.9887619019
1698243.7500000000,-113.9978561401
1702158.2500000000,-114.0105361938
1706081.8750000000,-114.0170669556
1710014.5000000000,-114.0180206299
1713958.1250000000,-114.0216445923
1717908.8750000000,-114.0543441772
1721868.8750000000,-114.1071624756
1725837.8750000000,-114.2185287476
1729816.0000000000,-114.2876052856
1733803.3750000000,-114.2974472046
1737799.8750000000,-114.3026885986
1741807.6250000000,-114.3219909668
1745822.6250000000,-114.3227157593
1749846.7500000000,-114.3296813965
1753880.3750000000,-114.3572692871
1757923.1250000000,-114.3592071533
1761975.2500000000,-114.3592987061
1766038.7500000000,-114.3756942749
1770109.5000000000,-114.3810577393
1774189.7500000000,-114.3812103271
1778279.3750000000,-114.3993530273
1782378.5000000000,-114.3997116089
1786487.0000000000,-114.4034347534
1790605.0000000000,-114.4319076538
1794734.3750000000,-114.4371795654
1798871.3750000000,-114.4381103516
1803017.8750000000,-114.4598770142
1807174.0000000000,-114.4683074951
1811339.6250000000,-114.5063629150
1815514.8750000000,-114.5600204468
1819701.8750000000,-114.5707321167
1823896.3750000000,-114.5717391968
1828100.6250000000,-114.5983657837
1832314.5000000000,-114.7126693726
1836538.1250000000,-114.7140426636
1840771.3750000000,-114.7256927490
1845014.5000000000,-114.7520523071
1849269.5000000000,-114.7956390381
1853532.1250000000,-114.8576278687
1857804.6250000000,-114.8897628784
1862087.0000000000,-114.8915557861
1866379.2500000000,-114.9725494385
1870681.3750000000,-114.9899597168
1874993.5000000000,-115.0128326416
1879317.5000000000,-115.0564270020
1883649.5000000000,-115.0710220337
1887991.5000000000,-115.1422424316
1892343.3750000000,-115.1437606812
1896705.3750000000,-115.1600952148
1901077.3750000000,-115.1897811890
1905461.6250000000,-115.1918182373
1909853.8750000000,-115.2019348145
1914256.2500000000,-115.2231597900
1918668.7500000000,-115.2364501953
1923091.3750000000,-115.2565231323
1927524.2500000000,-115.2643280029
1931967.3750000000,-115.2894821167
1936422.7500000000,-115.2943115234
1940886.3750000000,-115.3032150269
1945360.2500000000,-115.3502807617
1949844.3750000000,-115.4524688721
1954339.0000000000,-115.4627151489
1958843.8750000000,-115.4687271118
1963361.2500000000,-115.4935150146
1967887.0000000000,-115.5012435913
1972423.1250000000,-115.5385971069
1976969.6250000000,-115.5458450317
1981526.7500000000,-115.5614471436
1986094.2500000000,-115.5887680054
1990672.3750000000,-115.5926132202
1995263.2500000000,-115.6308212280
1999862.3750000000,-115.6310195923
2004472.2500000000,-115.6365890503
2009092.7500000000,-115.6595077515
2013723.7500000000,-115.6654434204
2018365.6250000000,-115.6746292114
2023020.2500000000,-115.6795959473
2027683.5000000000,-115.6829681396
2032357.3750000000,-115.6833496094
2037042.1250000000,-115.7123870850
2041737.6250000000,-115.7346801758
2046444.0000000000,-115.7728958130
2051161.2500000000,-115.7777938843
2055891.5000000000,-115.7843399048
2060630.5000000000,-115.7972335815
2065380.3750000000,-115.8348236084
2070141.2500000000,-115.8835144043
2074913.1250000000,-115.9520339966
2079695.8750000000,-116.0582046509
2084489.7500000000,-116.1791458130
2089297.0000000000,-116.2829437256
2094112.8750000000,-116.3426055908
2098940.0000000000,-116.3485031128
2103778.2500000000,-116.3544921875
2108627.5000000000,-116.3704147339
2113488.0000000000,-116.3717346191
2118362.2500000000,-116.3814620972
2123245.2500000000,-116.4163665771
2128139.5000000000,-116.4240188599
2133045.0000000000,-116.4298400879
2137961.7500000000,-116.4301223755
2142889.7500000000,-116.4305038452
2147829.5000000000,-116.4311294556
2152782.7500000000,-116.4325714111
2157745.0000000000,-116.4535522461
2162718.7500000000,-116.4776382446
2167704.0000000000,-116.4824295044
2172700.7500000000,-116.4863357544
2177708.7500000000,-116.5027694702
2182731.0000000000,-116.5150909424
2187762.5000000000,-116.5333480835
2192805.2500000000,-116.5683212280
2197860.0000000000,-116.5808029175
2202926.2500000000,-116.6120147705
2208004.0000000000,-116.6207199097
2213093.7500000000,-116.6379928589
2218197.5000000000,-116.6452102661
2223310.5000000000,-116.6491317749
2228435.5000000000,-116.6703948975
2233572.0000000000,-116.7332077026
2238720.7500000000,-116.7462539673
2243881.0000000000,-116.7832489014
2249055.7500000000,-116.8543548584
2254240.0000000000,-116.8583297729
2259436.2500000000,-116.9105606079
2264644.5000000000,-116.9166107178
2269864.5000000000,-117.0097122192
2275096.7500000000,-117.0102996826
2280341.0000000000,-117.0593872070
2285600.0000000000,-117.0626602173
2290868.2500000000,-117.0656356812
2296149.0000000000,-117.1113281250
2301441.7500000000,-117.1574172974
2306746.7500000000,-117.2094879150
2312064.0000000000,-117.2122497559
2317393.5000000000,-117.2398681641
2322737.7500000000,-117.2717590332
2328091.7500000000,-117.2812652588
2333458.2500000000,-117.2937469482
2338837.0000000000,-117.3350830078
2344228.2500000000,-117.3544769287
2349631.7500000000,-117.3636703491
2355050.5000000000,-117.3695678711
2360479.0000000000,-117.4045410156
2365920.0000000000,-117.4104614258
2371373.7500000000,-117.4177246094
2376840.0000000000,-117.4251785278
2382318.7500000000,-117.4523544312
2387810.0000000000,-117.5036773682
2393316.7500000000,-117.5077896118
2398833.5000000000,-117.5091781616
2404363.0000000000,-117.5272216797
2409905.2500000000,-117.5277404785
2415460.2500000000,-117.5418624878
2421028.0000000000,-117.5669250488
2426611.2500000000,-117.5865554810
2432205.0000000000,-117.5921707153
2437811.2500000000,-117.6750640869
2443430.5000000000,-117.7542495728
2449063.0000000000,-117.7813415527
2454708.2500000000,-117.7882461548
2460366.5000000000,-117.8134002686
2466040.5000000000,-117.8451232910
2471724.7500000000,-117.8734436035
2477422.2500000000,-117.8953628540
2483133.0000000000,-117.9370117188
2488856.7500000000,-117.9526367188
2494593.7500000000,-117.9561767578
2500344.0000000000,-117.9911346436
2506110.2500000000,-117.9914093018
2511887.0000000000,-118.0326004028
2517677.0000000000,-118.0780563354
2523480.5000000000,-118.0890731812
2529297.2500000000,-118.0918807983
2535127.5000000000,-118.1394653320
2540974.0000000000,-118.1542663574
2546831.0000000000,-118.1918411255
2552701.7500000000,-118.1927947998
2558585.7500000000,-118.2110061646
2564483.5000000000,-118.2146987915
2570395.0000000000,-118.2455825806
2576319.7500000000,-118.2601776123
2582261.2500000000,-118.2657241821
2588213.5000000000,-118.2663421631
2594179.5000000000,-118.2854385376
2600159.2500000000,-118.2861785889
2606153.0000000000,-118.3339691162
2612160.2500000000,-118.3498687744
2618184.2500000000,-118.3551406860
2624219.5000000000,-118.3680953979
2630268.5000000000,-118.3744125366
2636331.5000000000,-118.4028320313
2642408.2500000000,-118.4517822266
2648499.2500000000,-118.5061492920
2654604.2500000000,-118.5690231323
2660726.2500000000,-118.6239852905
2666859.5000000000,-118.6272811890
2673006.7500000000,-118.6331329346
2679168.2500000000,-118.6434097290
2685343.7500000000,-118.6461181641
2691533.7500000000,-118.6490249634
2697741.0000000000,-118.6722106934
2703959.2500000000,-118.6781616211
2710192.2500000000,-118.6783065796
2716439.2500000000,-118.7042312622
2722701.0000000000,-118.7736816406
2728977.0000000000,-118.7989730835
2735267.5000000000,-118.8051300049
2741575.5000000000,-118.8462829590
2747895.0000000000,-118.8683395386
2754229.0000000000,-118.8877029419
2760577.7500000000,-118.8956222534
2766941.0000000000,-118.9149475098
2773319.0000000000,-118.9366531372
2779711.7500000000,-118.9935531616
2786122.2500000000,-119.0117340088
2792544.5000000000,-119.0329666138
2798981.5000000000,-119.0367660522
2805433.2500000000,-119.0481948853
2811900.0000000000,-119.0485153198
2818381.7500000000,-119.0866012573
2824881.2500000000,-119.1054763794
2831393.0000000000,-119.1240921021
2837919.5000000000,-119.1338958740
2844461.0000000000,-119.1898651123
2851017.7500000000,-119.2052841187
2857589.5000000000,-119.2409362793
2864176.5000000000,-119.3088531494
2870781.7500000000,-119.3275222778
2877399.2500000000,-119.3320770264
2884031.7500000000,-119.3380584717
2890679.7500000000,-119.3699417114
2897343.0000000000,-119.3798446655
2904021.5000000000,-119.3887481689
2910718.7500000000,-119.3981018066
2917428.0000000000,-119.4044494629
2924153.0000000000,-119.5008926392
2930893.2500000000,-119.5066604614
2937649.2500000000,-119.5251388550
2944420.7500000000,-119.6030731201
2951207.7500000000,-119.6183547974
2958013.7500000000,-119.6596908569
2964832.2500000000,-119.6709747314
2971666.2500000000,-119.6858444214
2978516.2500000000,-119.6975173950
2985382.0000000000,-119.7068939209
2992263.5000000000,-119.7136917114
2999164.2500000000,-119.7456665039
3006077.5000000000,-119.8486404419
3013006.7500000000,-119.8836669922
3019951.7500000000,-119.9145889282
3026913.0000000000,-119.9436950684
3033890.2500000000,-119.9614715576
3040883.7500000000,-119.9763488770
3047896.5000000000,-119.9820709229
3054922.0000000000,-119.9860153198
3061963.7500000000,-119.9877853394
3069022.0000000000,-119.9930114746
3076096.2500000000,-119.9996109009
3083186.7500000000,-120.0159072876
3090293.7500000000,-120.0347442627
3097420.5000000000,-120.0601959229
3104560.2500000000,-120.0877532959
3111716.5000000000,-120.1169891357
3118889.2500000000,-120.1447143555
3126078.5000000000,-120.1718673706
3133284.5000000000,-120.1972732544
3140510.2500000000,-120.2243423462
3147749.2500000000,-120.2533721924
3155005.2500000000,-120.2882690430
3162277.7500000000,-120.3251113892
3169567.0000000000,-120.3638610840
3176873.0000000000,-120.3984832764
3184196.0000000000,-120.4273452759
3191539.2500000000,-120.4440155029
3198896.0000000000,-120.4556579590
3206269.7500000000,-120.4576721191
3213660.2500000000,-120.4600448608
3221068.0000000000,-120.4628982544
3228492.7500000000,-120.4724807739
3235938.2500000000,-120.4854660034
3243397.2500000000,-120.5077514648
3250873.5000000000,-120.5354309082
3258367.0000000000,-120.5683212280
3265877.7500000000,-120.6082839966
3273406.0000000000,-120.6497726440
3280951.2500000000,-120.6928329468
3288517.7500000000,-120.7331848145
3296098.0000000000,-120.7717742920
3303695.7500000000,-120.8037948608
3311311.0000000000,-120.8334350586
3318944.0000000000,-120.8598175049
3326594.2500000000,-120.8819427490
3334262.2500000000,-120.9017333984
3341951.7500000000,-120.9167480469
3349655.2500000000,-120.9290924072
3357376.2500000000,-120.9401016235
3365115.2500000000,-120.9538574219
3372872.2500000000,-120.9719390869
3380646.7500000000,-120.9947052002
3388443.2500000000,-121.0235137939
3396253.7500000000,-121.0520248413
3404082.5000000000,-121.0788497925
3411929.0000000000,-121.0985260010
3419793.7500000000,-121.1144409180
3427676.7500000000,-121.1244049072
3435577.7500000000,-121.1326522827
3443500.7500000000,-121.1402587891
3451438.2500000000,-121.1487655640
3459394.0000000000,-121.1587905884
3467368.2500000000,-121.1700744629
3475360.7500000000,-121.1849975586
3483371.7500000000,-121.2026367188
3491405.0000000000,-121.2226409912
3499452.7500000000,-121.2456893921
3507519.2500000000,-121.2676925659
3515604.5000000000,-121.2886886597
3523708.2500000000,-121.3037643433
3531830.5000000000,-121.3170089722
3539971.7500000000,-121.3283767700
3548135.5000000000,-121.3429565430
3556314.2500000000,-121.3619537354
3564511.7500000000,-121.3854751587
3572728.2500000000,-121.4187240601
3580963.5000000000,-121.4559249878
3589218.0000000000,-121.4969711304
3597495.2500000000,-121.5428695679
3605787.7500000000,-121.5905456543
3614099.2500000000,-121.6396942139
3622430.0000000000,-121.6897506714
3630780.0000000000,-121.7383270264
3639149.2500000000,-121.7850875854
3647537.7500000000,-121.8272094727
3655949.5000000000,-121.8643722534
3664376.7500000000,-121.8976440430
3672823.5000000000,-121.9256744385
3681289.5000000000,-121.9463043213
3689775.2500000000,-121.9611740112
3698280.5000000000,-121.9649734497
3706805.2500000000,-121.9661636353
3715353.7500000000,-121.9673995972
3723918.0000000000,-121.9691314697
3732501.7500000000,-121.9692840576
3741105.5000000000,-121.9716873169
3749729.0000000000,-121.9809722900
3758372.5000000000,-121.9950332642
3767039.7500000000,-122.0138702393
3775723.2500000000,-122.0360031128
3784426.5000000000,-122.0614166260
3793149.7500000000,-122.0921173096
3801893.2500000000,-122.1247940063
3810657.0000000000,-122.1580047607
3819440.7500000000,-122.1891784668
3828249.0000000000,-122.2125930786
3837073.5000000000,-122.2290496826
3845918.2500000000,-122.2383041382
3854783.2500000000,-122.2384109497
3863668.7500000000,-122.2390213013
3872574.7500000000,-122.2398605347
3881505.7500000000,-122.2466354370
3890452.7500000000,-122.2683715820
3899420.5000000000,-122.3001403809
3908409.0000000000,-122.3402099609
3917418.2500000000,-122.3865203857
3926448.0000000000,-122.4313659668
3935498.7500000000,-122.4719696045
3944574.7500000000,-122.5076141357
3953667.2500000000,-122.5369567871
3962780.7500000000,-122.5625534058
3971915.2500000000,-122.5869445801
3981070.7500000000,-122.6108245850
3990247.5000000000,-122.6347122192
3999449.7500000000,-122.6567077637
4008668.7500000000,-122.6752471924
4017909.0000000000,-122.6894531250
4027170.5000000000,-122.6977462769
4036453.5000000000,-122.7027969360
4045757.7500000000,-122.7084884644
4055083.5000000000,-122.7161788940
4064435.2500000000,-122.7272796631
4073804.0000000000,-122.7423019409
4083194.5000000000,-122.7612075806
4092606.5000000000,-122.7857055664
4102040.2500000000,-122.8175735474
4111495.7500000000,-122.8611602783
4120973.0000000000,-122.9099349976
4130476.7500000000,-122.9585647583
4139997.7500000000,-123.0028915405
4149540.7500000000,-123.0375442505
4159105.7500000000,-123.0610580444
4168692.7500000000,-123.0794906616
4178301.7500000000,-123.0952835083
4187937.7500000000,-123.1103210449
4197591.0000000000,-123.1159667969
4207267.0000000000,-123.1228027344
4216965.0000000000,-123.1229782104
4226685.5000000000,-123.1236724854
4236428.0000000000,-123.1293563843
4246193.5000000000,-123.1303253174
4255986.0000000000,-123.1504592896
4265796.5000000000,-123.1945571899
4275629.5000000000,-123.2487335205
4285485.0000000000,-123.3042831421
4295363.0000000000,-123.3482589722
4305264.5000000000,-123.3765182495
4315193.0000000000,-123.3941192627
4325140.0000000000,-123.4064025879
4335109.5000000000,-123.4189300537
4345102.5000000000,-123.4362564087
4355118.0000000000,-123.4553909302
4365157.0000000000,-123.4701309204
4375219.0000000000,-123.4794006348
4385309.0000000000,-123.4849395752
4395417.5000000000,-123.4905548096
4405549.0000000000,-123.4997177124
4415704.5000000000,-123.5089950562
4425883.0000000000,-123.5169754028
4436085.0000000000,-123.5279693604
4446310.5000000000,-123.5485992432
4456564.0000000000,-123.5851745605
4466837.0000000000,-123.6376342773
4477133.5000000000,-123.6704101563
4487453.5000000000,-123.6707916260
4497797.5000000000,-123.6870574951
4508165.0000000000,-123.6893081665
4518561.5000000000,-123.6893844604
4528977.0000000000,-123.7115936279
4539417.0000000000,-123.7175750732
4549880.5000000000,-123.7244720459
4560368.5000000000,-123.7246322632
4570880.5000000000,-123.7700347900
4581416.5000000000,-123.8171539307
4591982.0000000000,-123.8570175171
4602567.0000000000,-123.8827133179
4613176.0000000000,-123.8931579590
4623810.0000000000,-123.9018173218
4634468.0000000000,-123.9221038818
4645151.0000000000,-123.9598999023
4655863.5000000000,-124.0118942261
4666595.5000000000,-124.0675582886
4677352.0000000000,-124.1148910522
4688134.0000000000,-124.1478195190
4698940.5000000000,-124.1722183228
4709771.5000000000,-124.2032852173
4720628.0000000000,-124.2463607788
4731514.5000000000,-124.2957000732
4742421.0000000000,-124.3397140503
4753353.0000000000,-124.3472900391
4764309.5000000000,-124.3504486084
4775291.5000000000,-124.3612747192
4786299.0000000000,-124.3631515503
4797337.0000000000,-124.3681564331
4808395.5000000000,-124.3700561523
4819479.0000000000,-124.3716735840
4830588.0000000000,-124.3743438721
4841723.0000000000,-124.3748321533
4852883.5000000000,-124.3765106201
4864070.0000000000,-124.3779144287
4875287.0000000000,-124.3930435181
4886525.0000000000,-124.4372100830
4897789.0000000000,-124.4861526489
4909078.5000000000,-124.5339279175
4920394.5000000000,-124.5786056519
4931736.0000000000,-124.6214447021
4943104.0000000000,-124.6624984741
4954504.0000000000,-124.6766738892
4965924.5000000000,-124.6903076172
4977371.0000000000,-124.6974639893
4988844.5000000000,-124.7013549805
5000344.0000000000,-124.7047882080
5011870.0000000000,-124.7112655640
5023428.5000000000,-124.7144012451
5035007.5000000000,-124.7171401978
5046614.0000000000,-124.7198104858
5058246.5000000000,-124.7255020142
5069906.0000000000,-124.7281494141
5081592.5000000000,-124.7393112183
5093306.0000000000,-124.7574539185
5105052.0000000000,-124.7597122192
5116819.5000000000,-124.7906875610
5128614.5000000000,-124.8861007690
5140436.0000000000,-124.9641723633
5152285.0000000000,-125.0106582642
5164161.5000000000,-125.0363235474
5176071.0000000000,-125.0603866577
5188002.0000000000,-125.0892410278
5199961.0000000000,-125.0950469971
5211947.0000000000,-125.1026458740
5223961.0000000000,-125.1040573120
5236002.5000000000,-125.1115722656
5248072.0000000000,-125.1152420044
5260175.0000000000,-125.1284484863
5272300.0000000000,-125.1600189209
5284453.0000000000,-125.1626968384
5296634.0000000000,-125.1632461548
5308843.5000000000,-125.1761703491
5321080.5000000000,-125.1885375977
5333352.0000000000,-125.1946792603
5345645.5000000000,-125.1983947754
5357967.5000000000,-125.2130203247
5370318.0000000000,-125.2140197754
5382697.0000000000,-125.2294845581
5395104.5000000000,-125.2741622925
5407541.0000000000,-125.3213653564
5420011.5000000000,-125.3803253174
5432505.0000000000,-125.4572372437
5445027.5000000000,-125.5452194214
5457578.5000000000,-125.6286849976
5470158.5000000000,-125.6955642700
5482767.5000000000,-125.7430267334
5495406.0000000000,-125.7730712891
5508079.0000000000,-125.7894439697
5520775.5000000000,-125.7977981567
5533501.5000000000,-125.7988967896
5546256.5000000000,-125.8019638062
5559041.0000000000,-125.8145217896
5571855.0000000000,-125.8159713745
5584704.5000000000,-125.8250732422
5597578.0000000000,-125.8489151001
5610480.5000000000,-125.8630294800
5623413.5000000000,-125.8684005737
5636375.5000000000,-125.8935089111
5649368.0000000000,-125.8995132446
5662390.0000000000,-125.9104309082
5675448.5000000000,-125.9373550415
5688531.0000000000,-125.9666976929
5701643.5000000000,-125.9785003662
5714786.0000000000,-125.9841156006
5727959.0000000000,-125.9983215332
5741162.5000000000,-125.9994735718
5754402.5000000000,-126.0113220215
5767666.5000000000,-126.0192642212
5780961.5000000000,-126.0301284790
5794287.0000000000,-126.0447082520
5807643.5000000000,-126.0646286011
5821030.5000000000,-126.0683593750
5834448.5000000000,-126.0792617798
5847903.5000000000,-126.1256332397
5861383.5000000000,-126.1732330322
5874894.0000000000,-126.2067794800
5888436.5000000000,-126.2328872681
5902009.5000000000,-126.2787628174
5915614.0000000000,-126.3420333862
5929250.0000000000,-126.3828887939
5942924.0000000000,-126.3898239136
5956622.5000000000,-126.3944778442
5970353.0000000000,-126.4075012207
5984115.5000000000,-126.4205703735
5997909.0000000000,-126.4284591675
6011734.5000000000,-126.4310760498
6025599.0000000000,-126.4426651001
6039488.0000000000,-126.4472579956
6053409.5000000000,-126.4490890503
6067363.0000000000,-126.4686508179
6081349.0000000000,-126.4984512329
6095367.0000000000,-126.5318222046
6109417.0000000000,-126.5359802246
6123506.5000000000,-126.5388336182
6137621.5000000000,-126.5508041382
6151769.0000000000,-126.5513992310
6165949.5000000000,-126.5814208984
6180162.5000000000,-126.6159439087
6194408.0000000000,-126.6700286865
6208693.5000000000,-126.7343902588
6223005.0000000000,-126.7750091553
6237349.5000000000,-126.7982330322
6251727.0000000000,-126.8033828735
6266137.5000000000,-126.8035430908
6280581.5000000000,-126.8226928711
6295058.5000000000,-126.8593063354
6309576.0000000000,-126.8843078613
6324120.0000000000,-126.9076461792
6338698.0000000000,-126.9316864014
6353309.0000000000,-126.9618148804
6367954.0000000000,-126.9779815674
6382632.5000000000,-126.9871597290
6397352.0000000000,-127.0052719116
6412098.0000000000,-127.0364761353
6426878.5000000000,-127.1097106934
6441693.0000000000,-127.1898193359
6456541.5000000000,-127.2005004883
6471424.0000000000,-127.2092361450
6486341.5000000000,-127.2169647217
6501300.0000000000,-127.2188720703
6516286.0000000000,-127.2256088257
6531306.5000000000,-127.2338638306
6546361.5000000000,-127.2526245117
6561451.5000000000,-127.2699050903
6576576.0000000000,-127.2716751099
6591735.5000000000,-127.2719421387
6606937.0000000000,-127.2840118408
6622166.5000000000,-127.2976379395
6637431.0000000000,-127.3429031372
6652731.0000000000,-127.3582229614
6668066.0000000000,-127.3642196655
6683436.0000000000,-127.3821411133
6698849.5000000000,-127.4137496948
6714290.5000000000,-127.4698562622
6729767.5000000000,-127.5345993042
6745280.0000000000,-127.6141052246
6760828.5000000000,-127.6464309692
6776413.0000000000,-127.6525573730
6792033.0000000000,-127.7020111084
6807696.5000000000,-127.7846069336
6823388.5000000000,-127.8155212402
6839117.0000000000,-127.8197479248
6854881.5000000000,-127.8235626221
6870682.5000000000,-127.8294906616
6886520.0000000000,-127.8336486816
6902401.5000000000,-127.8635635376
6918312.0000000000,-127.8941802979
6934259.5000000000,-127.9071578979
6950243.5000000000,-127.9311141968
6966264.0000000000,-127.9880447388
6982322.0000000000,-127.9921798706
6998416.5000000000,-128.0012969971
7014556.0000000000,-128.0283203125
7030725.0000000000,-128.0294036865
7046931.5000000000,-128.0299530029
7063175.0000000000,-128.0313720703
7079456.5000000000,-128.0729217529
7095775.0000000000,-128.0730590820
7112139.0000000000,-128.0898284912
7128533.0000000000,-128.1131591797
7144965.0000000000,-128.1175842285
7161434.5000000000,-128.1447601318
7177942.0000000000,-128.1707000732
7194487.5000000000,-128.2021789551
7211071.5000000000,-128.2251434326
7227701.5000000000,-128.2281494141
7244362.0000000000,-128.2663879395
7261060.5000000000,-128.2699432373
7277798.0000000000,-128.2736358643
7294573.5000000000,-128.3360443115
7311388.0000000000,-128.3661651611
7328241.5000000000,-128.4062042236
7345141.5000000000,-128.4431762695
7362072.5000000000,-128.4491271973
7379043.0000000000,-128.4687652588
7396052.0000000000,-128.4701995850
7413100.5000000000,-128.4851989746
7430188.0000000000,-128.4971160889
7447323.5000000000,-128.5166778564
7464490.0000000000,-128.5169830322
7481696.5000000000,-128.5308532715
7498942.0000000000,-128.6006469727
7516227.5000000000,-128.6079101563
7533553.0000000000,-128.6181793213
7550918.5000000000,-128.6233978271
7568332.0000000000,-128.6474914551
7585777.5000000000,-128.6481018066
7603263.5000000000,-128.6639709473
7620789.5000000000,-128.6721191406
7638356.0000000000,-128.6882324219
7655963.0000000000,-128.7135772705
7673619.0000000000,-128.7233581543
7691307.0000000000,-128.7942199707
7709036.0000000000,-128.8980560303
7726806.0000000000,-128.9108581543
7744617.0000000000,-128.9133605957
7762469.0000000000,-128.9266967773
7780362.0000000000,-128.9422607422
7798304.5000000000,-128.9451904297
7816280.5000000000,-128.9454040527
7834297.5000000000,-128.9553985596
7852356.0000000000,-128.9870452881
7870456.0000000000,-129.0027770996
7888598.0000000000,-129.0195465088
7906782.0000000000,-129.0260772705
7925016.5000000000,-129.0330810547
7943284.0000000000,-129.0338134766
7961594.0000000000,-129.0352172852
7979946.0000000000,-129.0458831787
7998340.5000000000,-129.0684204102
8016777.0000000000,-129.0933380127
8035265.0000000000,-129.1201629639
8053787.0000000000,-129.1264038086
8072351.5000000000,-129.1285705566
8090959.0000000000,-129.1315002441
8109609.0000000000,-129.1433715820
8128302.5000000000,-129.1445770264
8147038.5000000000,-129.1662445068
8165827.0000000000,-129.1782073975
8184650.0000000000,-129.2364654541
8203516.0000000000,-129.2469177246
8222426.0000000000,-129.2652435303
8241379.0000000000,-129.2789001465
8260376.0000000000,-129.2844085693
8279426.0000000000,-129.3427276611
8298510.5000000000,-129.3622894287
8317639.0000000000,-129.3869018555
8336812.0000000000,-129.4620361328
8356029.0000000000,-129.5941772461
8375290.0000000000,-129.6369171143
8394596.0000000000,-129.6390228271
8413955.0000000000,-129.6574554443
8433350.0000000000,-129.6677856445
8452789.0000000000,-129.6754302979
8472274.0000000000,-129.6882324219
8491803.0000000000,-129.6914062500
8511377.0000000000,-129.7072448730
8531006.0000000000,-129.7165374756
8550670.0000000000,-129.7233428955
8570380.0000000000,-129.7430725098
8590136.0000000000,-129.7460327148
8609936.0000000000,-129.7466888428
8629783.0000000000,-129.7777557373
8649675.0000000000,-129.7787322998
8669623.0000000000,-129.7961730957
8689607.0000000000,-129.7996673584
8709637.0000000000,-129.8267974854
8729713.0000000000,-129.8391418457
8749836.0000000000,-129.8894195557
8770005.0000000000,-129.9800720215
8790220.0000000000,-129.9853057861
8810492.0000000000,-130.0294799805
8830801.0000000000,-130.0729064941
8851157.0000000000,-130.0730590820
8871559.0000000000,-130.0734558105
8892009.0000000000,-130.0781402588
8912505.0000000000,-130.0865783691
8933059.0000000000,-130.1057586670
8953651.0000000000,-130.1216888428
8974289.0000000000,-130.1334991455
8994976.0000000000,-130.1793823242
9015710.0000000000,-130.1957855225
9036492.0000000000,-130.2171936035
9057321.0000000000,-130.2206573486
9078209.0000000000,-130.2850646973
9099135.0000000000,-130.2900695801
9120109.0000000000,-130.3233184814
9141132.0000000000,-130.3505401611
9162203.0000000000,-130.3616027832
9183322.0000000000,-130.3731384277
9204500.0000000000,-130.4241943359
9225718.0000000000,-130.4331665039
9246983.0000000000,-130.4571685791
9268298.0000000000,-130.4690704346
9289662.0000000000,-130.4694976807
9311076.0000000000,-130.4747619629
9332538.0000000000,-130.4801025391
9354061.0000000000,-130.4802246094
9375623.0000000000,-130.5000152588
9397234.0000000000,-130.5278320313
9418895.0000000000,-130.6189575195
9440607.0000000000,-130.6692810059
9462368.0000000000,-130.6692810059
9484190.0000000000,-130.6847686768
9506052.0000000000,-130.6872558594
9527964.0000000000,-130.6883239746
9549926.0000000000,-130.6929168701
9571940.0000000000,-130.7089691162
9594004.0000000000,-130.7168273926
9616118.0000000000,-130.7177429199
9638295.0000000000,-130.7277221680
9660512.0000000000,-130.7299041748
9682780.0000000000,-130.7771148682
9705099.0000000000,-130.7951354980
9727470.0000000000,-130.8061981201
9749893.0000000000,-130.8453979492
9772367.0000000000,-130.8774566650
9794904.0000000000,-130.8774566650
9817482.0000000000,-130.8774566650
9840112.0000000000,-130.8774566650
9862794.0000000000,-130.8816833496
9885528.0000000000,-130.8818969727
9908315.0000000000,-130.9031066895
9931165.0000000000,-130.9043426514
9954057.0000000000,-130.9188079834
9977002.0000000000,-130.9432678223
10000000.0000000000,-130.9467620850
10023051.0000000000,-130.9522094727
10046155.0000000000,-130.9605560303
10069312.0000000000,-130.9683837891
10092533.0000000000,-130.9683837891
10115797.0000000000,-130.9683837891
10139115.0000000000,-130.9683837891
10162486.0000000000,-130.9683837891
10185911.0000000000,-130.9683837891
10209391.0000000000,-130.9683837891
10232935.0000000000,-130.9683837891
10256523.0000000000,-130.9829254150
10280165.0000000000,-130.9912567139
10303861.0000000000,-131.0036621094
10327613.0000000000,-131.0118408203
10351418.0000000000,-131.0136871338
10375279.0000000000,-131.0794067383
10399206.0000000000,-131.1944732666
10423177.0000000000,-131.3259735107
10447203.0000000000,-131.4523010254
10471285.0000000000,-131.4585876465
10495422.0000000000,-131.4729156494
10519615.0000000000,-131.4785308838
10543863.0000000000,-131.4920806885
10568179.0000000000,-131.5033416748
10592540.0000000000,-131.5385284424
10616956.0000000000,-131.5514831543
10641429.0000000000,-131.5570526123
10665958.0000000000,-131.5884399414
10690544.0000000000,-131.6141815186
10715198.0000000000,-131.6166381836
10739898.0000000000,-131.6239318848
10764654.0000000000,-131.6325225830
10789467.0000000000,-131.6402893066
10814338.0000000000,-131.6544189453
10839265.0000000000,-131.6544189453
10864251.0000000000,-131.6544189453
10889305.0000000000,-131.6544189453
10914406.0000000000,-131.6544189453
10939565.0000000000,-131.6544189453
10964781.0000000000,-131.6544189453
10990056.0000000000,-131.6618957520
11015388.0000000000,-131.6748962402
11040792.0000000000,-131.6758880615
11066242.0000000000,-131.6761474609
11091750.0000000000,-131.7041778564
11117317.0000000000,-131.7139434814
11142944.0000000000,-131.7275848389
11168629.0000000000,-131.7463989258
11194373.0000000000,-131.7579803467
11220189.0000000000,-131.7733001709
11246053.0000000000,-131.7941436768
11271976.0000000000,-131.7969055176
11297958.0000000000,-131.8064422607
11324001.0000000000,-131.8064422607
11350104.0000000000,-131.8064422607
11376279.0000000000,-131.8413085938
11402502.0000000000,-131.8413085938
11428786.0000000000,-131.8413085938
11455130.0000000000,-131.8413085938
11481535.0000000000,-131.8413085938
11508000.0000000000,-131.8413085938
11534527.0000000000,-131.8413085938
11561128.0000000000,-131.8413085938
11587777.0000000000,-131.8413085938
11614488.0000000000,-131.8413085938
11641260.0000000000,-131.8606414795
11668094.0000000000,-131.8704833984
11694990.0000000000,-131.9387359619
11721947.0000000000,-131.9876861572
11748980.0000000000,-131.9876861572
11776062.0000000000,-131.9885253906
11803207.0000000000,-132.0066680908
11830414.0000000000,-132.0166778564
11857684.0000000000,-132.0530090332
11885017.0000000000,-132.0797576904
11912426.0000000000,-132.0944824219
11939885.0000000000,-132.1487274170
11967407.0000000000,-132.1511688232
11994993.0000000000,-132.1656036377
12022642.0000000000,-132.1735839844
12050355.0000000000,-132.1872863770
12078132.0000000000,-132.1972198486
12105986.0000000000,-132.2076416016
12133892.0000000000,-132.4008178711
12161861.0000000000,-132.4212341309
12189895.0000000000,-132.4694213867
12217994.0000000000,-132.6792602539
12246157.0000000000,-132.7008361816
12274399.0000000000,-132.7270812988
12302692.0000000000,-132.9440460205
12331051.0000000000,-132.9785919189
12359475.0000000000,-132.9785919189
12387964.0000000000,-132.9785919189
12416519.0000000000,-132.9785919189
12445140.0000000000,-132.9785919189
12473841.0000000000,-132.9785919189
12502594.0000000000,-132.9785919189
12531413.0000000000,-132.9785919189
12560299.0000000000,-132.9785919189
12589251.0000000000,-133.0212402344
12618270.0000000000,-133.0518035889
12647370.0000000000,-133.0598144531
12676523.0000000000,-133.0598144531
12705744.0000000000,-133.0598144531
12735031.0000000000,-133.0598144531
12764387.0000000000,-133.2398223877
12793809.0000000000,-133.2516479492
12823300.0000000000,-133.2562866211
12852873.0000000000,-133.3104095459
12882499.0000000000,-133.3104095459
12912195.0000000000,-133.3104095459
12941958.0000000000,-133.3104095459
12971790.0000000000,-133.3104095459
13001691.0000000000,-133.3104095459
13031661.0000000000,-133.3104095459
13061714.0000000000,-133.3104095459
13091822.0000000000,-133.3104095459
13122000.0000000000,-133.2753906250
13152247.0000000000,-133.2753906250
13182564.0000000000,-133.2753906250
13212951.0000000000,-133.2753906250
13243422.0000000000,-133.2753906250
13273949.0000000000,-133.2753906250
13304546.0000000000,-133.2753906250
13335214.0000000000,-133.2753906250
13365953.0000000000,-133.2753906250
13396762.0000000000,-133.2753906250
13427643.0000000000,-133.2753906250
13458609.0000000000,-133.2753906250
13489632.0000000000,-133.2753906250
13520727.0000000000,-133.3104095459
13551893.0000000000,-133.3765258789
13583131.0000000000,-133.4095764160
13614441.0000000000,-133.4095764160
13645839.0000000000,-133.4095764160
13677293.0000000000,-133.4095764160
13708820.0000000000,-133.4095764160
13740420.0000000000,-133.4095764160
13772093.0000000000,-133.4095764160
13803838.0000000000,-133.4402618408
13835657.0000000000,-133.4742431641
13867565.0000000000,-133.4947357178
13899530.0000000000,-133.5097656250
13931570.0000000000,-133.5097656250
13963683.0000000000,-133.5097656250
13995870.0000000000,-133.5097656250
14028132.0000000000,-133.5097656250
14060468.0000000000,-133.7118225098
14092893.0000000000,-133.7805786133
14125379.0000000000,-133.8580780029
14157939.0000000000,-133.9175872803
14190574.0000000000,-133.9303588867
14223284.0000000000,-133.9336547852
14256070.0000000000,-133.9729003906
14288946.0000000000,-133.9897308350
14321884.0000000000,-133.9969482422
14354896.0000000000,-134.0676269531
14387986.0000000000,-134.0686950684
14421151.0000000000,-134.0732574463
14454393.0000000000,-134.0739135742
14487711.0000000000,-134.0865936279
14521122.0000000000,-134.0943450928
14554594.0000000000,-134.1097106934
14588144.0000000000,-134.2052612305
14621770.0000000000,-134.2818756104
14655475.0000000000,-134.3034210205
14689257.0000000000,-134.3666381836
14723133.0000000000,-134.3666381836
14757070.0000000000,-134.3666381836
14791086.0000000000,-134.3666381836
14825181.0000000000,-134.3666381836
14859354.0000000000,-134.4554443359
14893606.0000000000,-134.4896087646
14927937.0000000000,-134.5167388916
14962363.0000000000,-134.5565643311
14996852.0000000000,-134.6267700195
15031421.0000000000,-134.6460876465
15066070.0000000000,-134.7319793701
15100798.0000000000,-134.7496643066
15135607.0000000000,-134.8188018799
15170512.0000000000,-134.8195648193
15205481.0000000000,-134.8279876709
15240531.0000000000,-134.8481140137
15275661.0000000000,-134.8647308350
15310873.0000000000,-134.8760681152
15346165.0000000000,-134.8880004883
15381539.0000000000,-134.8880004883
15417012.0000000000,-134.8880004883
15452549.0000000000,-134.9066162109
15488168.0000000000,-134.9131317139
15523870.0000000000,-134.9215545654
15559653.0000000000,-135.0017395020
15595519.0000000000,-135.0226440430
15631468.0000000000,-135.0281829834
15667517.0000000000,-135.0476074219
15703632.0000000000,-135.1097717285
15739830.0000000000,-135.1966857910
15776111.0000000000,-135.3282012939
15812476.0000000000,-135.3282012939
15848925.0000000000,-135.3282012939
15885475.0000000000,-135.3282012939
15922092.0000000000,-135.3454132080
15958794.0000000000,-135.3960571289
15995580.0000000000,-135.4283294678
16032451.0000000000,-135.4298706055
16069407.0000000000,-135.5554809570
16106448.0000000000,-135.5654754639
16143592.0000000000,-135.5782165527
16180804.0000000000,-135.5865173340
16218102.0000000000,-135.5865173340
16255486.0000000000,-135.5865173340
16292956.0000000000,-135.5865173340
16330513.0000000000,-135.5865173340
16368174.0000000000,-135.5865173340
16405903.0000000000,-135.5865173340
16443720.0000000000,-135.6094360352
16481624.0000000000,-135.6094360352
16519616.0000000000,-135.6094360352
16557694.0000000000,-135.6094360352
16595861.0000000000,-135.6094360352
16634134.0000000000,-135.6250152588
16672477.0000000000,-135.6250152588
16710908.0000000000,-135.6250152588
16749428.0000000000,-135.6411285400
16788036.0000000000,-135.6833953857
16826734.0000000000,-135.6937255859
16865540.0000000000,-135.7371520996
16904416.0000000000,-135.7715454102
16943382.0000000000,-135.7815246582
16982438.0000000000,-135.8085021973
17021582.0000000000,-135.8716278076
17060818.0000000000,-135.8828887939
17100146.0000000000,-135.8891906738
17139582.0000000000,-135.9578857422
17179090.0000000000,-135.9578857422
17218688.0000000000,-135.9578857422
17258378.0000000000,-135.9578857422
17298160.0000000000,-136.1000366211
17338034.0000000000,-136.1045989990
17378000.0000000000,-136.1939697266
17418076.0000000000,-136.2016601563
17458226.0000000000,-136.3358764648
17498468.0000000000,-136.3544158936
17538804.0000000000,-136.3597412109
17579232.0000000000,-136.4236907959
17619752.0000000000,-136.5289611816
17660388.0000000000,-136.5574798584
17701096.0000000000,-136.6397247314
17741898.0000000000,-136.6413879395
17782794.0000000000,-136.6507263184
17823784.0000000000,-136.7446136475
17864870.0000000000,-136.7446136475
17906050.0000000000,-136.6507263184
17947344.0000000000,-136.6507263184
17988714.0000000000,-136.6507263184
18030180.0000000000,-136.6507263184
18071740.0000000000,-136.6507263184
18113396.0000000000,-136.6507263184
18155150.0000000000,-136.6507263184
18197018.0000000000,-136.6507263184
18238964.0000000000,-136.6507263184
18281006.0000000000,-136.6507263184
18323144.0000000000,-136.7341156006
18365380.0000000000,-136.7595672607
18407714.0000000000,-136.7607574463
18450146.0000000000,-136.7748565674
18492694.0000000000,-136.8471221924
18535322.0000000000,-136.8471221924
18578046.0000000000,-136.8670654297
18620870.0000000000,-136.8849945068
18663792.0000000000,-137.0614471436
18706814.0000000000,-137.0890502930
18749934.0000000000,-137.1319580078
18793176.0000000000,-137.1319580078
18836496.0000000000,-137.1319580078
18879914.0000000000,-137.1319580078
18923434.0000000000,-137.1319580078
18967054.0000000000,-137.0890502930
19010774.0000000000,-137.0614471436
19054616.0000000000,-136.8670654297
19098538.0000000000,-136.8471221924
19142562.0000000000,-136.8471221924
19186688.0000000000,-136.8471221924
19230914.0000000000,-136.8471221924
19275242.0000000000,-136.8471221924
19319674.0000000000,-136.7577209473
19364228.0000000000,-136.7341156006
19408864.0000000000,-136.6156921387
19453602.0000000000,-136.6156921387
19498444.0000000000,-136.6045074463
19543390.0000000000,-136.6045074463
19588438.0000000000,-136.6045074463
19633612.0000000000,-136.6085510254
19678870.0000000000,-136.6156921387
19724230.0000000000,-136.7066650391
19769696.0000000000,-136.7341156006
19815268.0000000000,-136.7577209473
19860942.0000000000,-136.7830047607
19906724.0000000000,-136.9420928955
19952632.0000000000,-136.9550476074
19998624.0000000000,-136.9834289551
20044722.0000000000,-136.9834289551
20090926.0000000000,-136.9834289551
20137238.0000000000,-136.9834289551
20183656.0000000000,-136.9550476074
20230202.0000000000,-136.9420928955
20276834.0000000000,-136.9420928955
20323574.0000000000,-136.9420928955
20370422.0000000000,-136.9420928955
20417376.0000000000,-136.9420928955
20464440.0000000000,-136.9420928955
20511612.0000000000,-136.9420928955
20558916.0000000000,-136.9420928955
20606306.0000000000,-136.9420928955
20653804.0000000000,-136.9420928955
20701412.0000000000,-136.9420928955
20749130.0000000000,-136.9420928955
20796960.0000000000,-136.9420928955
20844898.0000000000,-136.9550476074
20892970.0000000000,-136.9834289551
20941130.0000000000,-137.0810089111
20989400.0000000000,-137.2314605713
21037782.0000000000,-137.2314605713
21086276.0000000000,-137.3626251221
21134882.0000000000,-137.4489288330
21183622.0000000000,-137.4637451172
21232452.0000000000,-137.4840850830
21281394.0000000000,-137.4840850830
21330448.0000000000,-137.5337982178
21379618.0000000000,-137.5650177002
21428898.0000000000,-137.6536865234
21478294.0000000000,-137.7050628662
21527826.0000000000,-137.7210693359
21577450.0000000000,-137.8470916748
21627188.0000000000,-137.8609313965
21677040.0000000000,-137.8695220947
21727006.0000000000,-137.9749603271
21777088.0000000000,-137.9977264404
21827310.0000000000,-138.0708312988
21877624.0000000000,-138.2456207275
21928054.0000000000,-138.3265228271
21978600.0000000000,-138.3426818848
22029262.0000000000,-138.5558319092
22080040.0000000000,-138.5571136475
22130936.0000000000,-138.6512603760
22181974.0000000000,-138.6525268555
22233106.0000000000,-138.6541290283
22284354.0000000000,-138.7878570557
22335722.0000000000,-138.7878570557
22387206.0000000000,-138.7878570557
22438810.0000000000,-138.7878570557
22490558.0000000000,-138.8890075684
22542400.0000000000,-138.8890075684
22594362.0000000000,-138.9078063965
22646444.0000000000,-138.9353027344
22698646.0000000000,-138.9353027344
22750968.0000000000,-138.9353027344
22803410.0000000000,-138.9353027344
22855998.0000000000,-138.9376525879
22908684.0000000000,-138.9476928711
22961490.0000000000,-138.9476928711
23014418.0000000000,-138.9476928711
23067468.0000000000,-138.9476928711
23120640.0000000000,-138.9476928711
23173934.0000000000,-138.9476928711
23227378.0000000000,-138.9476928711
23280918.0000000000,-138.9476928711
23334582.0000000000,-138.9476928711
23388370.0000000000,-138.9613494873
23442282.0000000000,-138.9750366211
23496318.0000000000,-139.0074768066
23550504.0000000000,-139.0074768066
23604790.0000000000,-139.0074768066
23659200.0000000000,-139.0074768066
23713738.0000000000,-139.0074768066
23768398.0000000000,-139.0074768066
23823186.0000000000,-139.0001220703
23878100.0000000000,-138.9750366211
23933168.0000000000,-138.9613494873
23988336.0000000000,-138.9476928711
24043630.0000000000,-138.9476928711
24099052.0000000000,-138.9476928711
24154602.0000000000,-138.9476928711
24210280.0000000000,-138.9476928711
24266114.0000000000,-138.9476928711
24322048.0000000000,-138.9476928711
24378112.0000000000,-138.9476928711
24434306.0000000000,-138.9476928711
24490628.0000000000,-138.9476928711
24547082.0000000000,-138.9476928711
24603664.0000000000,-138.9613494873
24660404.0000000000,-138.9730072021
24717248.0000000000,-139.0001220703
24774224.0000000000,-139.0074768066
24831330.0000000000,-139.0074768066
24888568.0000000000,-139.0074768066
24945938.0000000000,-139.1064605713
25003440.0000000000,-139.3788909912
25061102.0000000000,-139.3829650879
25118870.0000000000,-139.3829650879
25176770.0000000000,-139.3829650879
25234804.0000000000,-139.3829650879
25292972.0000000000,-139.3788909912
25351274.0000000000,-139.3788909912
25409740.0000000000,-139.3788909912
25468310.0000000000,-139.3788909912
25527016.0000000000,-139.3788909912
25585858.0000000000,-139.3829650879
25644836.0000000000,-139.4404144287
25703948.0000000000,-139.5784606934
25763198.0000000000,-139.5784606934
25822612.0000000000,-139.6934814453
25882136.0000000000,-139.7325286865
25941796.0000000000,-139.7325286865
26001594.0000000000,-139.7325286865
26061528.0000000000,-139.6934814453
26121602.0000000000,-139.6173553467
26181844.0000000000,-139.6934814453
26242194.0000000000,-139.7325286865
26302684.0000000000,-139.7695007324
26363314.0000000000,-140.2603454590
26424084.0000000000,-140.2623291016
26484992.0000000000,-140.3214416504
26546042.0000000000,-140.3553771973
26607262.0000000000,-140.4954986572
26668594.0000000000,-140.5357666016
26730066.0000000000,-140.5357666016
26791682.0000000000,-140.5357666016
26853438.0000000000,-140.4954986572
26915338.0000000000,-140.3214416504
26977408.0000000000,-140.3214416504
27039594.0000000000,-140.5357666016
27101922.0000000000,-140.7906799316
27164394.0000000000,-140.7906799316
27227010.0000000000,-140.7906799316
27289770.0000000000,-140.5357666016
27352674.0000000000,-140.4750823975
27415754.0000000000,-140.3214416504
27478950.0000000000,-140.2603454590
27542290.0000000000,-140.2603454590
27605778.0000000000,-140.2603454590
27669410.0000000000,-140.2603454590
27733190.0000000000,-140.3214416504
27797118.0000000000,-140.3214416504
27861222.0000000000,-140.3214416504
27925444.0000000000,-140.3214416504
27989814.0000000000,-140.3462677002
28054334.0000000000,-140.3462677002
28119000.0000000000,-140.3462677002
28183816.0000000000,-140.3462677002
28248814.0000000000,-140.3462677002
28313930.0000000000,-140.3462677002
28379194.0000000000,-140.3462677002
28444610.0000000000,-140.4750823975
28510178.0000000000,-140.5357666016
28575896.0000000000,-140.6649169922
28641766.0000000000,-140.7174835205
28707818.0000000000,-140.7174835205
28773992.0000000000,-140.7174835205
28840318.0000000000,-140.6649169922
28906796.0000000000,-140.5357666016
28973428.0000000000,-140.4750823975
29040214.0000000000,-140.3462677002
29107186.0000000000,-140.2815704346
29174280.0000000000,-140.1562652588
29241530.0000000000,-140.0110931396
29308932.0000000000,-139.7361602783
29376492.0000000000,-139.4471130371
29444208.0000000000,-139.4471130371
29512078.0000000000,-139.4471130371
29580138.0000000000,-139.4471130371
29648322.0000000000,-139.4471130371
29716664.0000000000,-139.4411010742
29785162.0000000000,-139.3424530029
29853820.0000000000,-139.2645263672
29922634.0000000000,-139.2645263672
29991642.0000000000,-139.2645263672
30060774.0000000000,-139.2645263672
30130066.0000000000,-139.2645263672
30199518.0000000000,-139.2645263672
30269130.0000000000,-139.2645263672
30338904.0000000000,-139.2645263672
30408836.0000000000,-139.2645263672
30478964.0000000000,-139.2645263672
30549220.0000000000,-139.2645263672
30619638.0000000000,-139.3424530029
30690220.0000000000,-139.3424530029
30760962.0000000000,-139.3424530029
30831868.0000000000,-140.1050262451
30902938.0000000000,-140.6649169922
30974206.0000000000,-140.6697235107
31045604.0000000000,-140.8138122559
31117166.0000000000,-140.8138122559
31188892.0000000000,-140.8138122559
31260786.0000000000,-140.8138122559
31332844.0000000000,-140.6697235107
31405102.0000000000,-140.5882263184
31477494.0000000000,-140.1050262451
31550052.0000000000,-140.1050262451
31622776.0000000000,-140.1050262451
31695670.0000000000,-140.1050262451
31768730.0000000000,-140.5882263184
31841960.0000000000,-140.6697235107
31915392.0000000000,-140.8138122559
31988960.0000000000,-140.8747253418
32062696.0000000000,-141.1151428223
32136604.0000000000,-141.1161956787
32210680.0000000000,-141.1260681152
32284928.0000000000,-141.3557739258
32359382.0000000000,-141.4166259766
32433974.0000000000,-141.5091857910
32508736.0000000000,-141.5091857910
32583670.0000000000,-141.5091857910
32658778.0000000000,-141.5091857910
32734060.0000000000,-141.5091857910
32809514.0000000000,-141.5091857910
32885178.0000000000,-141.5091857910
32960980.0000000000,-141.5091857910
33036958.0000000000,-141.4166259766
33113110.0000000000,-141.3557739258
33189438.0000000000,-141.2519836426
33265942.0000000000,-141.1161956787
33342624.0000000000,-141.1151428223
33419516.0000000000,-140.8747253418
33496552.0000000000,-140.8138122559
33573764.0000000000,-140.6697235107
33651152.0000000000,-140.5882263184
33728720.0000000000,-140.5111236572
33806468.0000000000,-140.0750885010
33884432.0000000000,-139.9745635986
33962536.0000000000,-139.8822326660
34040824.0000000000,-139.8736419678
34119292.0000000000,-139.8409271240
34197936.0000000000,-139.7149505615
34276768.0000000000,-139.5397491455
34355776.0000000000,-139.4939575195
34435008.0000000000,-139.3491516113
34514384.0000000000,-139.3056945801
34593940.0000000000,-139.1511993408
34673680.0000000000,-139.0361633301
34753608.0000000000,-139.0232696533
34833716.0000000000,-138.8952178955
34914048.0000000000,-138.8952178955
34994528.0000000000,-138.8952178955
35075192.0000000000,-138.8952178955
35156044.0000000000,-138.8952178955
35237080.0000000000,-138.8952178955
35318304.0000000000,-138.8952178955
35399716.0000000000,-138.8952178955
35481356.0000000000,-138.8952178955
35563140.0000000000,-138.8952178955
35645116.0000000000,-138.8952178955
35727280.0000000000,-138.8952178955
35809636.0000000000,-138.8952178955
35892180.0000000000,-138.8952178955
35974952.0000000000,-138.8952178955
36057876.0000000000,-139.0361633301
36140992.0000000000,-139.4939575195
36224300.0000000000,-139.5397491455
36307800.0000000000,-139.5708465576
36391492.0000000000,-139.5708465576
36475376.0000000000,-139.5708465576
36559496.0000000000,-139.6327362061
36643768.0000000000,-139.7203674316
36728236.0000000000,-139.7203674316
36812896.0000000000,-139.7203674316
36897752.0000000000,-139.7203674316
36982804.0000000000,-139.7482299805
37068052.0000000000,-139.7812194824
37153536.0000000000,-139.7812194824
37239180.0000000000,-139.7812194824
37325020.0000000000,-139.8235321045
37411056.0000000000,-139.8819732666
37497292.0000000000,-139.9032897949
37583724.0000000000,-139.9365539551
37670400.0000000000,-139.9694366455
37757232.0000000000,-140.0106201172
37844264.0000000000,-140.1268157959
37931500.0000000000,-140.1336059570
38018932.0000000000,-140.1492156982
38106568.0000000000,-140.2411804199
38194408.0000000000,-140.3017272949
38282492.0000000000,-140.3276824951
38370736.0000000000,-140.3286285400
38459180.0000000000,-140.5729980469
38547832.0000000000,-140.7563171387
38636688.0000000000,-140.7563171387
38725748.0000000000,-140.7563171387
38815056.0000000000,-140.7563171387
38904528.0000000000,-140.7563171387
38994204.0000000000,-140.7563171387
39084092.0000000000,-140.5748748779
39174180.0000000000,-140.5729980469
39264480.0000000000,-140.2411804199
39354988.0000000000,-140.1492156982
39445748.0000000000,-140.1463623047
39536672.0000000000,-140.1336059570
39627808.0000000000,-140.1268157959
39719152.0000000000,-140.1268157959
39810708.0000000000,-140.1336059570
39902476.0000000000,-140.1379241943
39994496.0000000000,-140.1463623047
40086688.0000000000,-140.1492156982
40179088.0000000000,-140.2411804199
40271704.0000000000,-140.5748748779
40364536.0000000000,-140.7563171387
40457576.0000000000,-140.7563171387
40550836.0000000000,-141.0184936523
40644352.0000000000,-141.0696716309
40738040.0000000000,-141.1665802002
40831944.0000000000,-141.2546081543
40926064.0000000000,-141.4732971191
41020404.0000000000,-141.6775817871
41114956.0000000000,-141.6848449707
41209732.0000000000,-141.9098968506
41304768.0000000000,-141.9098968506
41399976.0000000000,-141.9098968506
41495408.0000000000,-142.1320800781
41591056.0000000000,-142.1320800781
41686928.0000000000,-141.9098968506
41783020.0000000000,-141.2546081543
41879376.0000000000,-141.1665802002
41975912.0000000000,-141.0696716309
42072668.0000000000,-141.0184936523
42169652.0000000000,-140.7076721191
42266856.0000000000,-140.5748748779
42364284.0000000000,-140.5410003662
42461936.0000000000,-140.2320709229
42559860.0000000000,-140.2320709229
42657964.0000000000,-140.2320709229
42756292.0000000000,-140.2320709229
42854848.0000000000,-140.2320709229
42953632.0000000000,-140.2320709229
43052644.0000000000,-140.2320709229
43151932.0000000000,-140.2320709229
43251400.0000000000,-140.2320709229
43351096.0000000000,-140.3580169678
43451024.0000000000,-140.5410003662
43551180.0000000000,-140.7076721191
43651568.0000000000,-141.0184936523
43752188.0000000000,-141.0184936523
43853088.0000000000,-141.0184936523
43954176.0000000000,-141.0184936523
44055492.0000000000,-141.0184936523
44157044.0000000000,-141.0184936523
44258828.0000000000,-141.0184936523
44360848.0000000000,-141.0184936523
44463104.0000000000,-141.3847198486
44565644.0000000000,-141.5624237061
44668368.0000000000,-141.5624237061
44771332.0000000000,-141.5624237061
44874532.0000000000,-141.5624237061
44977972.0000000000,-141.3847198486
45081652.0000000000,-140.8179016113
45185616.0000000000,-140.8179016113
45289772.0000000000,-140.8179016113
45394168.0000000000,-140.8179016113
45498804.0000000000,-140.8179016113
45603684.0000000000,-140.8179016113
45708804.0000000000,-141.1055297852
45814164.0000000000,-141.3847198486
45919820.0000000000,-141.4465637207
46025668.0000000000,-141.5624237061
46131760.0000000000,-141.5624237061
46238100.0000000000,-141.5624237061
46344680.0000000000,-141.5624237061
46451508.0000000000,-141.6177825928
46558632.0000000000,-141.6673431396
46665956.0000000000,-141.6737213135
46773524.0000000000,-141.6867065430
46881340.0000000000,-141.7361145020
46989404.0000000000,-141.7361145020
47097716.0000000000,-141.7361145020
47206280.0000000000,-141.7361145020
47315148.0000000000,-141.7361145020
47424212.0000000000,-141.8937072754
47533528.0000000000,-141.9043121338
47643096.0000000000,-141.9936218262
47752916.0000000000,-142.0120086670
47862992.0000000000,-142.0120086670
47973372.0000000000,-142.0120086670
48083952.0000000000,-142.0120086670
48194788.0000000000,-142.0120086670
48305880.0000000000,-142.1107788086
48417232.0000000000,-142.1278381348
48528836.0000000000,-142.1452636719
48640696.0000000000,-142.1707611084
48752872.0000000000,-142.3551177979
48865252.0000000000,-142.4299774170
48977888.0000000000,-142.4299774170
49090784.0000000000,-142.4299774170
49203944.0000000000,-142.4299774170
49317364.0000000000,-142.4586181641
49431044.0000000000,-142.5136413574
49545040.0000000000,-142.6733093262
49659244.0000000000,-142.9988098145
49773712.0000000000,-143.0103302002
49888444.0000000000,-143.0310974121
50003440.0000000000,-143.0412445068
50118700.0000000000,-143.0846862793
50234284.0000000000,-143.0846862793
50350076.0000000000,-143.0310974121
50466136.0000000000,-143.0310974121
50582464.0000000000,-143.0846862793
50699060.0000000000,-143.1052093506
50815928.0000000000,-143.1888275146
50933060.0000000000,-143.1888275146
51050520.0000000000,-143.1888275146
51168196.0000000000,-143.1888275146
51286144.0000000000,-143.1762847900
51404360.0000000000,-143.1052093506
51522852.0000000000,-143.1052093506
51641616.0000000000,-143.1052093506
51760712.0000000000,-143.1052093506
51880024.0000000000,-143.1052093506
51999608.0000000000,-143.1052093506
52119472.0000000000,-143.1052093506
52239612.0000000000,-143.0310974121
52360028.0000000000,-142.9988098145
52480720.0000000000,-142.9988098145
52601752.0000000000,-142.9988098145
52723000.0000000000,-142.9819946289
52844532.0000000000,-142.8858795166
52966340.0000000000,-142.6733093262
53088432.0000000000,-142.5136413574
53210804.0000000000,-142.4299774170
53333520.0000000000,-142.4299774170
53456456.0000000000,-142.4299774170
53579676.0000000000,-142.5136413574
53703180.0000000000,-142.8858795166
53826972.0000000000,-142.7560882568
53951048.0000000000,-142.4006042480
54075408.0000000000,-142.3727111816
54200116.0000000000,-142.3727111816
54325048.0000000000,-142.3727111816
54450272.0000000000,-142.3727111816
54575784.0000000000,-142.1567993164
54701584.0000000000,-141.9763031006
54827676.0000000000,-141.8896636963
54954060.0000000000,-141.5133819580
55080792.0000000000,-141.2297515869
55207756.0000000000,-141.0518798828
55335016.0000000000,-140.8146514893
55462564.0000000000,-140.8146514893
55590412.0000000000,-140.8146514893
55718552.0000000000,-140.8146514893
55847048.0000000000,-140.8146514893
55975780.0000000000,-140.8146514893
56104808.0000000000,-140.8146514893
56234132.0000000000,-141.0518798828
56363756.0000000000,-141.2297515869
56493680.0000000000,-141.5133819580
56623900.0000000000,-141.6858673096
56754484.0000000000,-141.6858673096
56885308.0000000000,-141.6858673096
57016432.0000000000,-141.6858673096
57147860.0000000000,-141.6858673096
57279588.0000000000,-141.6858673096
57411624.0000000000,-141.6858673096
57544024.0000000000,-141.6858673096
57676668.0000000000,-141.6858673096
57809616.0000000000,-141.3492126465
57942872.0000000000,-141.2297515869
58076432.0000000000,-141.2297515869
58210304.0000000000,-141.2297515869
58344484.0000000000,-141.2297515869
58479036.0000000000,-141.2297515869
58613832.0000000000,-141.0518798828
58748944.0000000000,-141.0518798828
58884364.0000000000,-141.0518798828
59020096.0000000000,-141.0518798828
59156140.0000000000,-141.0518798828
59292500.0000000000,-141.2297515869
59429240.0000000000,-141.3492126465
59566228.0000000000,-141.3492126465
59703532.0000000000,-141.3492126465
59841152.0000000000,-141.3492126465
59979092.0000000000,-141.3492126465
60117348.0000000000,-141.6858673096
60255988.0000000000,-141.9514160156
60394884.0000000000,-142.1253356934
60534096.0000000000,-142.1814422607
60673632.0000000000,-142.6881408691
60813488.0000000000,-143.0478057861
60953668.0000000000,-143.0478057861
61094172.0000000000,-142.7165069580
61235064.0000000000,-142.7165069580
61376216.0000000000,-142.7165069580
61517692.0000000000,-142.1814422607
61659496.0000000000,-142.1814422607
61801624.0000000000,-142.1814422607
61944080.0000000000,-142.1253356934
62086936.0000000000,-141.8945007324
62230048.0000000000,-141.8945007324
62373496.0000000000,-141.8945007324
62517268.0000000000,-141.8945007324
62661376.0000000000,-142.1814422607
62805816.0000000000,-142.6570129395
62950588.0000000000,-142.7165069580
63095764.0000000000,-143.8169097900
63241204.0000000000,-144.2252655029
63386976.0000000000,-144.3032531738
63533088.0000000000,-144.3399963379
63679536.0000000000,-144.3399963379
63826324.0000000000,-144.3399963379
63973516.0000000000,-144.3399963379
64120980.0000000000,-144.3399963379
64268784.0000000000,-144.3399963379
64416928.0000000000,-144.3399963379
64565416.0000000000,-144.3399963379
64714244.0000000000,-144.3032531738
64863412.0000000000,-144.2252655029
65013000.0000000000,-143.8169097900
65162860.0000000000,-143.8169097900
65313064.0000000000,-143.8169097900
65463616.0000000000,-143.0027465820
65614512.0000000000,-142.7165069580
65765760.0000000000,-142.6570129395
65917356.0000000000,-142.5594787598
66069372.0000000000,-141.9466552734
66221664.0000000000,-141.9466552734
66374312.0000000000,-141.9466552734
66527308.0000000000,-141.9466552734
66680660.0000000000,-141.8945007324
66834364.0000000000,-141.6621398926
66988492.0000000000,-141.6185607910
67142904.0000000000,-141.6033020020
67297680.0000000000,-141.5693206787
67452800.0000000000,-141.5277099609
67608288.0000000000,-141.4936065674
67764128.0000000000,-141.3899230957
67920328.0000000000,-141.3504486084
68076968.0000000000,-141.3504486084
68233888.0000000000,-141.3899230957
68391168.0000000000,-141.3899230957
68548816.0000000000,-141.3899230957
68706824.0000000000,-141.3504486084
68865200.0000000000,-140.8941802979
69024016.0000000000,-140.8613281250
69183120.0000000000,-140.8613281250
69342592.0000000000,-140.8613281250
69502432.0000000000,-140.8613281250
69662640.0000000000,-140.8613281250
69823216.0000000000,-140.8613281250
69984168.0000000000,-140.8613281250
70145560.0000000000,-140.8613281250
70307248.0000000000,-140.8941802979
70469312.0000000000,-141.3504486084
70631752.0000000000,-141.3899230957
70794560.0000000000,-141.5257263184
70957752.0000000000,-141.5257263184
71121392.0000000000,-141.5257263184
71285328.0000000000,-141.7541351318
71449648.0000000000,-141.7643890381
71614344.0000000000,-141.7643890381
71779424.0000000000,-141.7643890381
71944880.0000000000,-141.7643890381
72110712.0000000000,-141.7643890381
72277016.0000000000,-141.7643890381
72443616.0000000000,-141.7643890381
72610608.0000000000,-141.7643890381
72777976.0000000000,-141.7643890381
72945736.0000000000,-141.7643890381
73113880.0000000000,-141.7643890381
73282416.0000000000,-142.2842254639
73451416.0000000000,-142.4159545898
73620728.0000000000,-142.6074829102
73790432.0000000000,-142.7953033447
73960520.0000000000,-142.9190368652
74131008.0000000000,-142.9779663086
74301880.0000000000,-143.3474121094
74473232.0000000000,-143.4475860596
74644904.0000000000,-143.4738616943
74816960.0000000000,-143.4738616943
74989424.0000000000,-143.4738616943
75162280.0000000000,-143.4738616943
75335528.0000000000,-143.4738616943
75509184.0000000000,-143.4738616943
75683320.0000000000,-143.4738616943
75857776.0000000000,-143.4738616943
76032632.0000000000,-143.4738616943
76207896.0000000000,-143.4475860596
76383560.0000000000,-143.3474121094
76559632.0000000000,-142.9779663086
76736192.0000000000,-142.9779663086
76913072.0000000000,-142.9779663086
77090360.0000000000,-142.9642944336
77268064.0000000000,-142.9642944336
77446168.0000000000,-142.9642944336
77624688.0000000000,-142.9642944336
77803616.0000000000,-142.9190368652
77983048.0000000000,-142.7953033447
78162800.0000000000,-142.6074829102
78342976.0000000000,-142.4438476563
78523560.0000000000,-142.4159545898
78704560.0000000000,-142.2842254639
78885984.0000000000,-142.1455535889
79067816.0000000000,-142.0166015625
79250160.0000000000,-142.1455535889
79432840.0000000000,-142.4438476563
79615936.0000000000,-142.7953033447
79799456.0000000000,-142.9642944336
79983400.0000000000,-143.2401885986
80167768.0000000000,-142.9642944336
80352648.0000000000,-142.4438476563
80537872.0000000000,-142.1455535889
80723512.0000000000,-142.0166015625
80909592.0000000000,-142.0166015625
81096088.0000000000,-141.9809417725
81283024.0000000000,-141.9540557861
81470384.0000000000,-141.9512329102
81658272.0000000000,-141.9419555664
81846496.0000000000,-141.8069763184
82035160.0000000000,-141.8069763184
82224256.0000000000,-141.8069763184
82413792.0000000000,-141.9159698486
82603760.0000000000,-141.9159698486
82794256.0000000000,-141.9419555664
82985104.0000000000,-141.9419555664
83176392.0000000000,-141.9419555664
83368120.0000000000,-141.9419555664
83560288.0000000000,-141.9159698486
83752904.0000000000,-141.9159698486
83945960.0000000000,-141.9159698486
84139552.0000000000,-141.9159698486
84333496.0000000000,-141.8177337646
84527896.0000000000,-141.8177337646
84722736.0000000000,-141.8177337646
84918032.0000000000,-141.8177337646
85113768.0000000000,-141.8177337646
85310056.0000000000,-141.8069763184
85506704.0000000000,-141.1967773438
85703800.0000000000,-141.1852264404
85901352.0000000000,-141.1852264404
86099360.0000000000,-141.1967773438
86297832.0000000000,-141.1967773438
86496752.0000000000,-141.1967773438
86696224.0000000000,-141.1967773438
86896072.0000000000,-141.1852264404
87096368.0000000000,-141.0054473877
87297136.0000000000,-140.7717742920
87498360.0000000000,-140.5886535645
87700048.0000000000,-140.5646667480
87902208.0000000000,-140.5381774902
88104920.0000000000,-140.5381774902
88308008.0000000000,-140.5646667480
88511568.0000000000,-140.5143890381
88715592.0000000000,-140.4397888184
88920088.0000000000,-140.2961883545
89125056.0000000000,-140.2100982666
89330592.0000000000,-140.2961883545
89536504.0000000000,-140.4397888184
89742896.0000000000,-140.5143890381
89949760.0000000000,-140.5646667480
90157096.0000000000,-140.5646667480
90364920.0000000000,-140.5646667480
90573216.0000000000,-140.5646667480
90782088.0000000000,-140.7240905762
90991352.0000000000,-140.7240905762
91201088.0000000000,-140.7240905762
91411320.0000000000,-140.7240905762
91622024.0000000000,-140.7240905762
91833224.0000000000,-140.7240905762
92045008.0000000000,-140.7911682129
92257176.0000000000,-140.9258117676
92469832.0000000000,-140.9258117676
92682984.0000000000,-140.9258117676
92896624.0000000000,-140.9258117676
93110760.0000000000,-140.9258117676
93325384.0000000000,-140.9258117676
93540608.0000000000,-140.7911682129
93756224.0000000000,-140.7911682129
93972344.0000000000,-140.9258117676
94188952.0000000000,-141.4563446045
94406064.0000000000,-141.5461883545
94623680.0000000000,-141.5461883545
94841896.0000000000,-141.5461883545
95060512.0000000000,-141.9937591553
95279640.0000000000,-142.3268280029
95499264.0000000000,-143.2606506348
95719392.0000000000,-143.4900512695
95940032.0000000000,-143.6482391357
96161184.0000000000,-143.6482391357
96382952.0000000000,-143.6482391357
96605120.0000000000,-143.6498565674
96827800.0000000000,-143.6498565674
97050992.0000000000,-143.6498565674
97274704.0000000000,-143.6498565674
97498928.0000000000,-143.6498565674
97723672.0000000000,-143.6498565674
97949040.0000000000,-143.6498565674
98174816.0000000000,-143.6498565674
98401120.0000000000,-143.6498565674
98627936.0000000000,-143.6498565674
98855280.0000000000,-143.7208099365
99083152.0000000000,-143.9061889648
99311656.0000000000,-143.7653198242
99540576.0000000000,-143.7208099365
99770024.0000000000,-143.7653198242
100000000.0000000000,-143.7653198242
