Type,FSWP-50
Version,3.02SP1
Date,03.Jul 2026
VSupply,ON
Mode,Voltage
Voltage Set,0.6000000000,V
Voltage Min,0.0000000000,V
Voltage Max,0.6500000000,V
Voltage Meas,0.6013217619,V
Current Max,20.0000000000,mA
Current Meas,16.4687500000,mA
VTune,OFF
Voltage Set,0.0000000000,V
Voltage Min,0.0000000000,V
Voltage Max,0.0100000000,V
Voltage Meas,-0.0187498625,V
Current Max,20.0000000000,mA
Current Meas,0.1485658923,mA
VAux,OFF
Voltage Set,0.0000000000,V
Voltage Min,-10.0000000000,V
Voltage Max,10.0000000000,V
Voltage Meas,-0.0044495587,V
Current Max,100.0000000000,mA
Current Meas,-0.0465550384,mA
Mode,Phase Noise
Measurement,Phase Noise
Input,RF
RF Att,0.0000000000,dB
Coupling,AC
RBW,2.0000000000,%
XCORR Factor,1000
XCORR Optimize,ON
Estimated Meas Time,3.7457527981,s
Sweep Count,5
Signal Frequency,26693289389.2260437012,Hz
Signal Level,-16.7201000000,dBm
Start,10000.0000000000,Hz
Stop,100000000.0000000000,Hz
SubSweep,1
Start,10000.0000000000,Hz
Stop,30000.0000000000,Hz
RBW,600.0000000000,Hz
XCORR Count,1000
SubSweep,2
Start,30000.0000000000,Hz
Stop,100000.0000000000,Hz
RBW,600.0000000000,Hz
XCORR Count,1000
SubSweep,3
Start,100000.0000000000,Hz
Stop,300000.0000000000,Hz
RBW,2000.0000000000,Hz
XCORR Count,3300
SubSweep,4
Start,300000.0000000000,Hz
Stop,1000000.0000000000,Hz
RBW,6000.0000000000,Hz
XCORR Count,10000
SubSweep,5
Start,1000000.0000000000,Hz
Stop,3000000.0000000000,Hz
RBW,20000.0000000000,Hz
XCORR Count,10000
SubSweep,6
Start,3000000.0000000000,Hz
Stop,10000000.0000000000,Hz
RBW,60000.0000000000,Hz
XCORR Count,10000
SubSweep,7
Start,10000000.0000000000,Hz
Stop,30000000.0000000000,Hz
RBW,200000.0000000000,Hz
XCORR Count,10000
SubSweep,8
Start,30000000.0000000000,Hz
Stop,100000000.0000000000,Hz
RBW,600000.0000000000,Hz
XCORR Count,10000
Integrated Measurements Range,1
Start,10000.0000000000,Hz
Stop,100000000.0000000000,Hz
Weighting,OFF
Integrated Measurements Range,2
Start,10000.0000000000,Hz
Stop,100000000.0000000000,Hz
Weighting,OFF
Integrated Measurements Range,3
Start,10000.0000000000,Hz
Stop,100000000.0000000000,Hz
Weighting,OFF
Integrated Measurements Range,4
Start,10000.0000000000,Hz
Stop,100000000.0000000000,Hz
Weighting,OFF
Integrated Measurements Range,5
Start,10000.0000000000,Hz
Stop,100000000.0000000000,Hz
Weighting,OFF
Integrated Measurements Range,6
Start,10000.0000000000,Hz
Stop,100000000.0000000000,Hz
Weighting,OFF
Integrated Measurements Range,7
Start,10000.0000000000,Hz
Stop,100000000.0000000000,Hz
Weighting,OFF
Integrated Measurements Range,8
Start,10000.0000000000,Hz
Stop,100000000.0000000000,Hz
Weighting,OFF
Integrated Measurements Range,9
Start,10000.0000000000,Hz
Stop,100000000.0000000000,Hz
Weighting,OFF
Integrated Measurements Range,10
Start,10000.0000000000,Hz
Stop,100000000.0000000000,Hz
Weighting,OFF
Spot Noise Decade Edges,OFF
Spot Noise User Defined,ON
Spot Noise User Defined Offset,1
State,OFF
Offset,1000.0000000000,Hz
Spot Noise User Defined Offset,2
State,OFF
Offset,10000.0000000000,Hz
Spot Noise User Defined Offset,3
State,ON
Offset,100000.0000000000,Hz
Spot Noise User Defined Offset,4
State,ON
Offset,1000000.0000000000,Hz
Spot Noise User Defined Offset,5
State,ON
Offset,10000000.0000000000,Hz
Spot Noise User Defined Offset,6
State,OFF
Offset,100000000.0000000000,Hz
Window,1,Noise Spectrum
Trace,1
Trace Mode,CLR/WRITE
Trace Result,PN
Smoothing,ON
Smoothing Value,1.0000000000,%
Spurious Removal,ON
Spurious Removal Threshold,6.0000000000,dB
Trace Offset,OFF
Trace Offset,0.0000000000,dB
Trace Label,OFF
Trace Label,Trace 1
x-Unit,Hz
y-Unit,dBc/Hz
Values,4001
10000.0000000000,-53.4182319641
10023.0507812500,-53.4607734680
10046.1542968750,-53.5033149719
10069.3115234375,-53.5458564758
10092.5332031250,-53.5913200378
10115.7968750000,-53.6369590759
10139.1152343750,-53.6826019287
10162.4863281250,-53.7282447815
10185.9111328125,-53.7714691162
10209.3906250000,-53.8128814697
10232.9355468750,-53.8543128967
10256.5234375000,-53.8957252502
10280.1650390625,-53.9346923828
10303.8613281250,-53.9663162231
10327.6123046875,-53.9979400635
10351.4189453125,-54.0295677185
10375.2792968750,-54.0611915588
10399.2060546875,-54.0833091736
10423.1777343750,-54.1051292419
10447.2031250000,-54.1269531250
10471.2851562500,-54.1487731934
10495.4218750000,-54.1665382385
10519.6152343750,-54.1828308105
10543.8632812500,-54.1991271973
10568.1787109375,-54.2154273987
10592.5400390625,-54.2309455872
10616.9560546875,-54.2457923889
10641.4287109375,-54.2606391907
10665.9580078125,-54.2754898071
10690.5439453125,-54.2902870178
10715.1982421875,-54.3050193787
10739.8974609375,-54.3197402954
10764.6533203125,-54.3344612122
10789.4667968750,-54.3491783142
10814.3378906250,-54.3638877869
10839.2656250000,-54.3785972595
10864.2509765625,-54.3933029175
10889.3056640625,-54.4083862305
10914.4062500000,-54.4250640869
10939.5644531250,-54.4417419434
10964.7812500000,-54.4584159851
10990.0556640625,-54.4760513306
11015.3886718750,-54.4992218018
11040.7919921875,-54.5224037170
11066.2412109375,-54.5455741882
11091.7500000000,-54.5703239441
11117.3173828125,-54.6043777466
11142.9433593750,-54.6384277344
11168.6289062500,-54.6724815369
11194.3730468750,-54.7086029053
11220.1894531250,-54.7542991638
11246.0527343750,-54.7999725342
11271.9755859375,-54.8456459045
11297.9580078125,-54.8931541443
11324.0009765625,-54.9462242126
11350.1035156250,-54.9992980957
11376.2792968750,-55.0523948669
11402.5019531250,-55.1054992676
11428.7861328125,-55.1586723328
11455.1298828125,-55.2118377686
11481.5351562500,-55.2650070190
11508.0000000000,-55.3149948120
11534.5273437500,-55.3617134094
11561.1279296875,-55.4084510803
11587.7773437500,-55.4551658630
11614.4873046875,-55.4957618713
11641.2597656250,-55.5332946777
11668.0937500000,-55.5708312988
11694.9892578125,-55.6083641052
11721.9472656250,-55.6389961243
11748.9804687500,-55.6686401367
11776.0625000000,-55.6982688904
11803.2070312500,-55.7273254395
11830.4140625000,-55.7519111633
11857.6845703125,-55.7764930725
11885.0166015625,-55.8010749817
11912.4257812500,-55.8244094849
11939.8847656250,-55.8457145691
11967.4072265625,-55.8670234680
11994.9931640625,-55.8883323669
12022.6425781250,-55.9074745178
12050.3554687500,-55.9256401062
12078.1318359375,-55.9438056946
12105.9863281250,-55.9619178772
12133.8916015625,-55.9774894714
12161.8613281250,-55.9930610657
12189.8955078125,-56.0086288452
12217.9931640625,-56.0245170593
12246.1572265625,-56.0409049988
12274.3984375000,-56.0573005676
12302.6923828125,-56.0736846924
12331.0507812500,-56.0953521729
12359.4746093750,-56.1184577942
12387.9638671875,-56.1415634155
12416.5195312500,-56.1670761108
12445.1396484375,-56.2015686035
12473.8408203125,-56.2360801697
12502.5937500000,-56.2705726624
12531.4130859375,-56.3123893738
12560.2988281250,-56.3578796387
12589.2509765625,-56.4033699036
12618.2705078125,-56.4496574402
12647.3701171875,-56.5005035400
12676.5234375000,-56.5513267517
12705.7441406250,-56.6021499634
12735.0312500000,-56.6517601013
12764.3867187500,-56.7007484436
12793.8095703125,-56.7497367859
12823.2998046875,-56.7974472046
12852.8730468750,-56.8400878906
12882.4990234375,-56.8827056885
12912.1943359375,-56.9253273010
12941.9580078125,-56.9620933533
12971.7900390625,-56.9970817566
13001.6914062500,-57.0320739746
13031.6611328125,-57.0642127991
13061.7138671875,-57.0913124084
13091.8222656250,-57.1184005737
13122.0000000000,-57.1454887390
13152.2470703125,-57.1642303467
13182.5634765625,-57.1828155518
13212.9501953125,-57.2014045715
13243.4218750000,-57.2148742676
13273.9492187500,-57.2253036499
13304.5468750000,-57.2357330322
13335.2138671875,-57.2445182800
13365.9531250000,-57.2494735718
13396.7626953125,-57.2544288635
13427.6425781250,-57.2593803406
13458.6093750000,-57.2630462646
13489.6328125000,-57.2667083740
13520.7265625000,-57.2703666687
13551.8935546875,-57.2756614685
13583.1308593750,-57.2815933228
13614.4414062500,-57.2875251770
13645.8388671875,-57.2954788208
13677.2929687500,-57.3057327271
13708.8203125000,-57.3159866333
13740.4199218750,-57.3276329041
13772.0927734375,-57.3437500000
13803.8388671875,-57.3598709106
13835.6572265625,-57.3762550354
13867.5644531250,-57.4006423950
13899.5302734375,-57.4250221252
13931.5693359375,-57.4494018555
13963.6826171875,-57.4836006165
13995.8701171875,-57.5195274353
14028.1318359375,-57.5554504395
14060.4677734375,-57.6011466980
14092.8935546875,-57.6512145996
14125.3789062500,-57.7012596130
14157.9384765625,-57.7588768005
14190.5732421875,-57.8225288391
14223.2841796875,-57.8861808777
14256.0693359375,-57.9534111023
14288.9462890625,-58.0251808167
14321.8837890625,-58.0969161987
14354.8964843750,-58.1678352356
14387.9853515625,-58.2372550964
14421.1503906250,-58.3066749573
14454.3925781250,-58.3721427917
14487.7109375000,-58.4275817871
14521.1220703125,-58.4830436707
14554.5947265625,-58.5336265564
14588.1435546875,-58.5684242249
14621.7705078125,-58.6032218933
14655.4746093750,-58.6342849731
14689.2568359375,-58.6511802673
14723.1328125000,-58.6680831909
14757.0703125000,-58.6834411621
14791.0869140625,-58.6927795410
14825.1806640625,-58.7021179199
14859.3544921875,-58.7122993469
14893.6054687500,-58.7254867554
14927.9365234375,-58.7386741638
14962.3632812500,-58.7544670105
14996.8525390625,-58.7778816223
15031.4208984375,-58.8013000488
15066.0693359375,-58.8275985718
15100.7978515625,-58.8603286743
15135.6064453125,-58.8930587769
15170.5117187500,-58.9269180298
15205.4804687500,-58.9625320435
15240.5302734375,-58.9981460571
15275.6611328125,-59.0315780640
15310.8730468750,-59.0626411438
15346.1650390625,-59.0937080383
15381.5390625000,-59.1198387146
15417.0117187500,-59.1426048279
15452.5488281250,-59.1653594971
15488.1679687500,-59.1831245422
15523.8691406250,-59.1990242004
15559.6533203125,-59.2149238586
15595.5195312500,-59.2283439636
15631.4677734375,-59.2414245605
15667.5166015625,-59.2545013428
15703.6318359375,-59.2673606873
15739.8300781250,-59.2802238464
15776.1113281250,-59.2929153442
15812.4765625000,-59.3050880432
15848.9248046875,-59.3172607422
15885.4755859375,-59.3283805847
15922.0927734375,-59.3381919861
15958.7939453125,-59.3479995728
15995.5800781250,-59.3564796448
16032.4511718750,-59.3643074036
16069.4072265625,-59.3721313477
16106.4482421875,-59.3817672729
16143.5927734375,-59.3915748596
16180.8046875000,-59.4027557373
16218.1025390625,-59.4204521179
16255.4863281250,-59.4381523132
16292.9560546875,-59.4613761902
16330.5126953125,-59.4913253784
16368.1738281250,-59.5212860107
16405.9042968750,-59.5603065491
16443.7207031250,-59.6024246216
16481.6250000000,-59.6449470520
16519.6152343750,-59.6942825317
16557.6953125000,-59.7436256409
16595.8613281250,-59.7928047180
16634.1347656250,-59.8417510986
16672.4765625000,-59.8906707764
16710.9082031250,-59.9343528748
16749.4277343750,-59.9760665894
16788.0371093750,-60.0169029236
16826.7343750000,-60.0485763550
16865.5390625000,-60.0802612305
16904.4160156250,-60.1084136963
16943.3808593750,-60.1324806213
16982.4375000000,-60.1565475464
17021.5820312500,-60.1796226501
17060.8183593750,-60.2025299072
17100.1445312500,-60.2268981934
17139.5820312500,-60.2554168701
17179.0898437500,-60.2839164734
17218.6875000000,-60.3180809021
17258.3789062500,-60.3548545837
17298.1601562500,-60.3922233582
17338.0332031250,-60.4338836670
17378.0000000000,-60.4755477905
17418.0761718750,-60.5162010193
17458.2265625000,-60.5560798645
17498.4687500000,-60.5957069397
17538.8027343750,-60.6298065186
17579.2324218750,-60.6639060974
17619.7519531250,-60.6961441040
17660.3867187500,-60.7267150879
17701.0957031250,-60.7573089600
17741.8984375000,-60.7897338867
17782.7949218750,-60.8221626282
17823.7851562500,-60.8566131592
17864.8691406250,-60.8928375244
17906.0488281250,-60.9289970398
17947.3437500000,-60.9641342163
17988.7148437500,-60.9992561340
18030.1796875000,-61.0288200378
18071.7402343750,-61.0546531677
18113.3964843750,-61.0784416199
18155.1484375000,-61.0907402039
18197.0175781250,-61.1030464172
18238.9628906250,-61.1084442139
18281.0058593750,-61.1111335754
18323.1445312500,-61.1139373779
18365.3808593750,-61.1170005798
18407.7148437500,-61.1200637817
18450.1445312500,-61.1326675415
18492.6953125000,-61.1464271545
18535.3222656250,-61.1682701111
18578.0468750000,-61.1982040405
18620.8710937500,-61.2298355103
18663.7929687500,-61.2739448547
18706.8144531250,-61.3180503845
18749.9355468750,-61.3659744263
18793.1757812500,-61.4151725769
18836.4941406250,-61.4614067078
18879.9140625000,-61.5032234192
18923.4335937500,-61.5440521240
18967.0546875000,-61.5689239502
19010.7734375000,-61.5719223022
19054.6171875000,-61.5729598999
19098.5390625000,-61.5756568909
19142.5625000000,-61.5780906677
19186.6875000000,-61.5803871155
19230.9140625000,-61.5853385925
19275.2421875000,-61.5895843506
19319.6738281250,-61.5937957764
19364.2285156250,-61.5983161926
19408.8632812500,-61.5987815857
19453.6015625000,-61.6049919128
19498.4433593750,-61.6055488586
19543.3886718750,-61.6111030579
19588.4375000000,-61.6113739014
19633.6132812500,-61.6120147705
19678.8691406250,-61.6298828125
19724.2304687500,-61.6483917236
19769.6972656250,-61.6709518433
19815.2675781250,-61.6947250366
19860.9433593750,-61.7225227356
19906.7226562500,-61.7537994385
19952.6328125000,-61.7880210876
19998.6250000000,-61.8285751343
20044.7226562500,-61.8698730469
20090.9277343750,-61.9175109863
20137.2382812500,-61.9651489258
20183.6562500000,-62.0133590698
20230.2031250000,-62.0616531372
20276.8339843750,-62.1051635742
20323.5742187500,-62.1468124390
20370.4218750000,-62.1827621460
20417.3769531250,-62.2138862610
20464.4394531250,-62.2414016724
20511.6113281250,-62.2629165649
20558.9160156250,-62.2833023071
20606.3046875000,-62.2996368408
20653.8046875000,-62.3160171509
20701.4121093750,-62.3329544067
20749.1308593750,-62.3498878479
20796.9589843750,-62.3720932007
20844.8984375000,-62.3946304321
20892.9687500000,-62.4235687256
20941.1289062500,-62.4539222717
20989.4003906250,-62.4889106750
21037.7812500000,-62.5258445740
21086.2753906250,-62.5650291443
21134.8808593750,-62.6057014465
21183.6210937500,-62.6474227905
21232.4511718750,-62.6901168823
21281.3945312500,-62.7335472107
21330.4492187500,-62.7779693604
21379.6171875000,-62.8224334717
21428.8984375000,-62.8669815063
21478.2929687500,-62.9101142883
21527.8261718750,-62.9497833252
21577.4492187500,-62.9867897034
21627.1875000000,-63.0152053833
21677.0390625000,-63.0409622192
21727.0058593750,-63.0555343628
21777.0878906250,-63.0685691833
21827.3105468750,-63.0733985901
21877.6230468750,-63.0780639648
21928.0527343750,-63.0816917419
21978.5996093750,-63.0861015320
22029.2617187500,-63.0963745117
22080.0410156250,-63.1077804565
22130.9355468750,-63.1282119751
22181.9746093750,-63.1497230530
22233.1054687500,-63.1794395447
22284.3535156250,-63.2099609375
22335.7207031250,-63.2460327148
22387.2070312500,-63.2826576233
22438.8105468750,-63.3224372864
22490.5585937500,-63.3625564575
22542.4003906250,-63.4040985107
22594.3632812500,-63.4454078674
22646.4433593750,-63.4858741760
22698.6464843750,-63.5246429443
22750.9667968750,-63.5587120056
22803.4101562500,-63.5885848999
22855.9980468750,-63.6090812683
22908.6835937500,-63.6096687317
22961.4902343750,-63.6115531921
23014.4179687500,-63.6154022217
23067.4667968750,-63.6190490723
23120.6386718750,-63.6219291687
23173.9335937500,-63.6244201660
23227.3769531250,-63.6287040710
23280.9179687500,-63.6292457581
23334.5820312500,-63.6424446106
23388.3710937500,-63.6715507507
23442.2812500000,-63.7184371948
23496.3183593750,-63.7686347961
23550.5039062500,-63.8328247070
23604.7910156250,-63.8981285095
23659.2011718750,-63.9694328308
23713.7363281250,-64.0407867432
23768.3984375000,-64.1123352051
23823.1875000000,-64.1826019287
23878.1015625000,-64.2505569458
23933.1679687500,-64.3160095215
23988.3359375000,-64.3789443970
24043.6308593750,-64.4396896362
24099.0527343750,-64.4992980957
24154.6035156250,-64.5604629517
24210.2812500000,-64.6219711304
24266.1132812500,-64.6919174194
24322.0488281250,-64.7638626099
24378.1132812500,-64.8452835083
24434.3066406250,-64.9290542603
24490.6289062500,-65.0170364380
24547.0820312500,-65.1019058228
24603.6640625000,-65.1842651367
24660.4042968750,-65.2524795532
24717.2480468750,-65.3160781860
24774.2226562500,-65.3549041748
24831.3300781250,-65.3623657227
24888.5683593750,-65.3628387451
24945.9375000000,-65.3660049438
25003.4394531250,-65.3721694946
25061.1015625000,-65.3766174316
25118.8691406250,-65.3829421997
25176.7714843750,-65.3884277344
25234.8046875000,-65.3891983032
25292.9726562500,-65.3953170776
25351.2753906250,-65.4020614624
25409.7402343750,-65.4029388428
25468.3105468750,-65.4046249390
25527.0175781250,-65.4075317383
25585.8593750000,-65.4085769653
25644.8359375000,-65.4096450806
25703.9492187500,-65.4101791382
25763.1972656250,-65.4121856689
25822.6132812500,-65.4150772095
25882.1347656250,-65.4170150757
25941.7949218750,-65.4313507080
26001.5937500000,-65.4681930542
26061.5292968750,-65.5106582642
26121.6015625000,-65.5238800049
26181.8437500000,-65.5307846069
26242.1953125000,-65.5309066772
26302.6835937500,-65.5447692871
26363.3144531250,-65.5513076782
26424.0839843750,-65.5644454956
26484.9921875000,-65.5714111328
26546.0429687500,-65.5785217285
26607.2617187500,-65.6010055542
26668.5937500000,-65.6166076660
26730.0664062500,-65.6185531616
26791.6816406250,-65.6344146729
26853.4375000000,-65.6545028687
26915.3378906250,-65.6727981567
26977.4082031250,-65.6730194092
27039.5937500000,-65.6920776367
27101.9218750000,-65.7117233276
27164.3945312500,-65.7149429321
27227.0097656250,-65.7220153809
27289.7695312500,-65.7432937622
27352.6738281250,-65.7479095459
27415.7539062500,-65.7572250366
27478.9492187500,-65.7572402954
27542.2910156250,-65.7652282715
27605.7773437500,-65.8225631714
27669.4101562500,-65.8845672607
27733.1914062500,-65.9504165649
27797.1171875000,-66.0120544434
27861.2226562500,-66.0676193237
27925.4453125000,-66.1062927246
27989.8144531250,-66.1370544434
28054.3339843750,-66.1543197632
28119.0000000000,-66.1695175171
28183.8164062500,-66.1847915649
28248.8144531250,-66.2113342285
28313.9296875000,-66.2475814819
28379.1953125000,-66.2925720215
28444.6113281250,-66.3507614136
28510.1777343750,-66.4113006592
28575.8964843750,-66.4745559692
28641.7656250000,-66.5365524292
28707.8183593750,-66.5971908569
28773.9921875000,-66.6553192139
28840.3183593750,-66.7086486816
28906.7968750000,-66.7578735352
28973.4296875000,-66.7988357544
29040.2148437500,-66.8285980225
29107.1855468750,-66.8512115479
29174.2812500000,-66.8624191284
29241.5292968750,-66.8688430786
29308.9335937500,-66.8736038208
29376.4921875000,-66.8806228638
29444.2070312500,-66.8940658569
29512.0781250000,-66.9125747681
29580.1386718750,-66.9404296875
29648.3222656250,-66.9746017456
29716.6640625000,-67.0129928589
29785.1621093750,-67.0565490723
29853.8203125000,-67.1026535034
29922.6347656250,-67.1499099731
29991.6406250000,-67.1974639893
30060.7734375000,-67.2327423096
30130.0664062500,-67.2790985107
30199.5175781250,-67.2814483643
30269.1308593750,-67.2833023071
30338.9023437500,-67.2902679443
30408.8359375000,-67.3010482788
30478.9648437500,-67.3177871704
30549.2207031250,-67.3225708008
30619.6386718750,-67.3303298950
30690.2187500000,-67.3551483154
30760.9628906250,-67.3616867065
30831.8691406250,-67.3656845093
30902.9375000000,-67.3792724609
30974.2050781250,-67.3991699219
31045.6035156250,-67.4009017944
31117.1660156250,-67.4176025391
31188.8925781250,-67.4209060669
31260.7851562500,-67.4312210083
31332.8437500000,-67.4350509644
31405.1035156250,-67.4506301880
31477.4941406250,-67.4528427124
31550.0507812500,-67.4619979858
31622.7773437500,-67.4634094238
31695.6699218750,-67.4944229126
31768.7304687500,-67.5769958496
31841.9589843750,-67.6652374268
31915.3925781250,-67.7573699951
31988.9589843750,-67.8523025513
32062.6972656250,-67.9495239258
32136.6035156250,-68.0482635498
32210.6796875000,-68.1465530396
32284.9277343750,-68.2390899658
32359.3828125000,-68.3204421997
32433.9726562500,-68.3302688599
32508.7363281250,-68.3335113525
32583.6718750000,-68.3475646973
32658.7792968750,-68.3496170044
32734.0585937500,-68.3713607788
32809.5156250000,-68.3855743408
32885.1796875000,-68.3895721436
32960.9804687500,-68.3928146362
33036.9570312500,-68.4104995728
33113.1093750000,-68.4234924316
33189.4375000000,-68.4315490723
33265.9414062500,-68.4328613281
33342.6250000000,-68.4406661987
33419.5156250000,-68.4488754272
33496.5507812500,-68.4531402588
33573.7617187500,-68.4581527710
33651.1523437500,-68.4581832886
33728.7226562500,-68.4662094116
33806.4687500000,-68.4680862427
33884.4335937500,-68.5322418213
33962.5390625000,-68.6177825928
34040.8242187500,-68.6997222900
34119.2890625000,-68.7092132568
34197.9375000000,-68.7149429321
34276.7656250000,-68.7291641235
34355.7773437500,-68.7447052002
34435.0078125000,-68.7677383423
34514.3828125000,-68.7691650391
34593.9414062500,-68.7885818481
34673.6835937500,-68.8128738403
34753.6054687500,-68.8205642700
34833.7187500000,-68.8327102661
34914.0507812500,-68.8530273438
34994.5273437500,-68.8536682129
35075.1953125000,-68.8654022217
35156.0429687500,-68.8702239990
35237.0820312500,-68.8783645630
35318.3046875000,-68.8816833496
35399.7148437500,-68.8828582764
35481.3554687500,-68.8851776123
35563.1406250000,-68.8856277466
35645.1171875000,-68.9123077393
35727.2812500000,-68.9421615601
35809.6367187500,-68.9832305908
35892.1796875000,-69.0389251709
35974.9531250000,-69.1072235107
36057.8789062500,-69.1829376221
36140.9921875000,-69.2613830566
36224.3007812500,-69.3407135010
36307.8007812500,-69.4217910767
36391.4921875000,-69.5061569214
36475.3789062500,-69.5706558228
36559.4960937500,-69.5754165649
36643.7695312500,-69.5932922363
36728.2343750000,-69.5955047607
36812.8945312500,-69.6080856323
36897.7539062500,-69.6460723877
36982.8046875000,-69.6637191772
37068.0507812500,-69.6786422729
37153.5390625000,-69.7113952637
37239.1796875000,-69.7363967896
37325.0195312500,-69.7530822754
37411.0546875000,-69.7745895386
37497.2890625000,-69.8049087524
37583.7226562500,-69.8173065186
37670.3984375000,-69.8206634521
37757.2304687500,-69.8261184692
37844.2656250000,-69.9121856689
37931.5000000000,-70.0076370239
38018.9335937500,-70.1510772705
38106.5703125000,-70.2885818481
38194.4062500000,-70.3724822998
38282.4921875000,-70.4500122070
38370.7343750000,-70.5215072632
38459.1796875000,-70.5253753662
38547.8320312500,-70.5327453613
38636.6875000000,-70.5363006592
38725.7500000000,-70.5441284180
38815.0585937500,-70.5472869873
38904.5273437500,-70.5515518188
38994.2070312500,-70.5587997437
39084.0898437500,-70.5732498169
39174.1835937500,-70.5852890015
39264.4804687500,-70.5865325928
39354.9882812500,-70.5877990723
39445.7460937500,-70.5943984985
39536.6718750000,-70.6001052856
39627.8085937500,-70.6362457275
39719.1523437500,-70.6426849365
39810.7070312500,-70.6578140259
39902.4765625000,-70.6811904907
39994.4960937500,-70.6853027344
40086.6875000000,-70.7073059082
40179.0898437500,-70.7084655762
40271.7070312500,-70.7315063477
40364.5351562500,-70.8068466187
40457.5781250000,-70.8789215088
40550.8359375000,-70.9451522827
40644.3515625000,-71.0259170532
40738.0390625000,-71.0800170898
40831.9453125000,-71.0915145874
40926.0664062500,-71.0940856934
41020.4023437500,-71.0953903198
41114.9570312500,-71.0978240967
41209.7304687500,-71.0980148315
41304.7656250000,-71.1180801392
41399.9765625000,-71.1532821655
41495.4062500000,-71.2246170044
41591.0585937500,-71.2603607178
41686.9257812500,-71.2770309448
41783.0195312500,-71.2807388306
41879.3789062500,-71.2922210693
41975.9140625000,-71.3023681641
42072.6679687500,-71.3174667358
42169.6484375000,-71.3198471069
42266.8554687500,-71.3433532715
42364.2812500000,-71.3928146362
42461.9335937500,-71.4307632446
42559.8593750000,-71.4514541626
42657.9648437500,-71.4579772949
42756.2929687500,-71.4583358765
42854.8476562500,-71.4645690918
42953.6328125000,-71.4844436646
43052.6445312500,-71.5059432983
43151.9296875000,-71.5309219360
43251.3984375000,-71.5576629639
43351.0976562500,-71.5856857300
43451.0234375000,-71.6313095093
43551.1796875000,-71.6819610596
43651.5703125000,-71.7199707031
43752.1914062500,-71.7620773315
43853.0898437500,-71.8086700439
43954.1757812500,-71.8860931396
44055.4921875000,-71.9687423706
44157.0429687500,-72.0249176025
44258.8281250000,-72.0692596436
44360.8476562500,-72.0780258179
44463.1015625000,-72.0805053711
44565.6406250000,-72.0952987671
44668.3671875000,-72.1217727661
44771.3320312500,-72.1433181763
44874.5351562500,-72.1549377441
44977.9726562500,-72.1605300903
45081.6484375000,-72.1644210815
45185.6171875000,-72.1851119995
45289.7734375000,-72.1955032349
45394.1679687500,-72.2091751099
45498.8046875000,-72.2274322510
45603.6835937500,-72.2352447510
45708.8046875000,-72.2485809326
45814.1640625000,-72.2689208984
45919.8203125000,-72.3097915649
46025.6679687500,-72.3107376099
46131.7617187500,-72.3107681274
46238.0976562500,-72.3507080078
46344.6796875000,-72.3590927124
46451.5078125000,-72.3674850464
46558.6328125000,-72.3941421509
46665.9531250000,-72.4533462524
46773.5234375000,-72.5111770630
46881.3398437500,-72.5575256348
46989.4023437500,-72.6135940552
47097.7187500000,-72.6393814087
47206.2812500000,-72.6556701660
47315.1484375000,-72.6625518799
47424.2109375000,-72.6869430542
47533.5273437500,-72.7042694092
47643.0976562500,-72.7084274292
47752.9179687500,-72.7478103638
47862.9921875000,-72.7903442383
47973.3710937500,-72.7964782715
48083.9531250000,-72.8085098267
48194.7890625000,-72.8387908936
48305.8828125000,-72.8409042358
48417.2304687500,-72.8628158569
48528.8359375000,-72.8675994873
48640.6992187500,-72.8789367676
48752.8710937500,-72.9283065796
48865.2500000000,-72.9862670898
48977.8867187500,-73.0378417969
49090.7851562500,-73.0725936890
49203.9453125000,-73.1217193604
49317.3632812500,-73.1611709595
49431.0429687500,-73.1804046631
49545.0390625000,-73.2067871094
49659.2421875000,-73.2121658325
49773.7109375000,-73.2216567993
49888.4453125000,-73.2309570313
50003.4414062500,-73.2372283936
50118.7031250000,-73.2524032593
50234.2851562500,-73.2614669800
50350.0781250000,-73.2773056030
50466.1367187500,-73.2936859131
50582.4648437500,-73.3034210205
50699.0625000000,-73.3197860718
50815.9257812500,-73.3496551514
50933.0625000000,-73.3628616333
51050.5234375000,-73.3732986450
51168.1953125000,-73.3776473999
51286.1445312500,-73.3920364380
51404.3593750000,-73.4410247803
51522.8515625000,-73.4653549194
51641.6171875000,-73.4765243530
51760.7109375000,-73.5087203979
51880.0234375000,-73.5089187622
51999.6093750000,-73.5367126465
52119.4726562500,-73.5414886475
52239.6093750000,-73.5471954346
52360.0273437500,-73.6813964844
52480.7187500000,-73.7955932617
52601.7500000000,-73.8321914673
52723.0000000000,-73.8332595825
52844.5312500000,-73.8365020752
52966.3398437500,-73.8924789429
53088.4335937500,-73.9324417114
53210.8046875000,-73.9497528076
53333.5195312500,-73.9753265381
53456.4570312500,-74.0055084229
53579.6757812500,-74.0356979370
53703.1835937500,-74.1122894287
53826.9726562500,-74.1674880981
53951.0468750000,-74.2021484375
54075.4062500000,-74.2225875854
54200.1132812500,-74.2322387695
54325.0507812500,-74.2391815186
54450.2734375000,-74.2421035767
54575.7851562500,-74.2431564331
54701.5859375000,-74.2593688965
54827.6757812500,-74.3041915894
54954.0585937500,-74.3851928711
55080.7929687500,-74.4796218872
55207.7578125000,-74.5629730225
55335.0156250000,-74.6196136475
55462.5664062500,-74.6373672485
55590.4101562500,-74.6377258301
55718.5507812500,-74.6395950317
55847.0468750000,-74.6402053833
55975.7773437500,-74.6595153809
56104.8085937500,-74.7047195435
56234.1328125000,-74.7313461304
56363.7578125000,-74.7612228394
56493.6796875000,-74.7669219971
56623.9023437500,-74.8040161133
56754.4843750000,-74.8286514282
56885.3085937500,-74.8579406738
57016.4335937500,-74.8718643188
57147.8593750000,-74.9158325195
57279.5898437500,-74.9996032715
57411.6210937500,-75.0116195679
57544.0234375000,-75.0230026245
57676.6679687500,-75.0983047485
57809.6171875000,-75.1320037842
57942.8710937500,-75.1772232056
58076.4335937500,-75.1867752075
58210.3046875000,-75.2214431763
58344.4843750000,-75.2545242310
58479.0351562500,-75.2610473633
58613.8320312500,-75.2766036987
58748.9414062500,-75.2999267578
58884.3632812500,-75.3347854614
59020.0937500000,-75.3620452881
59156.1406250000,-75.3947677612
59292.5000000000,-75.3968887329
59429.2382812500,-75.4454498291
59566.2265625000,-75.4597702026
59703.5312500000,-75.4651184082
59841.1523437500,-75.4703216553
59979.0898437500,-75.4818801880
60117.3476562500,-75.4850540161
60255.9882812500,-75.4980163574
60394.8828125000,-75.5109100342
60534.0976562500,-75.5550765991
60673.6328125000,-75.6149139404
60813.4882812500,-75.7005920410
60953.6679687500,-75.7012710571
61094.1718750000,-75.7179336548
61235.0625000000,-75.7544937134
61376.2148437500,-75.7625961304
61517.6914062500,-75.7864685059
61659.4960937500,-75.8169479370
61801.6250000000,-75.8583068848
61944.0820312500,-75.9043579102
62086.9335937500,-75.9128646851
62230.0507812500,-75.9298706055
62373.4960937500,-75.9844055176
62517.2695312500,-75.9869384766
62661.3750000000,-76.0060043335
62805.8164062500,-76.0480346680
62950.5859375000,-76.0599288940
63095.7617187500,-76.0617065430
63241.2031250000,-76.1140060425
63386.9765625000,-76.1464233398
63533.0898437500,-76.1703338623
63679.5390625000,-76.2268524170
63826.3242187500,-76.2376174927
63973.5195312500,-76.2516632080
64120.9804687500,-76.2913513184
64268.7851562500,-76.3159561157
64416.9296875000,-76.3378982544
64565.4140625000,-76.3417434692
64714.2421875000,-76.3635864258
64863.4140625000,-76.3972549438
65013.0000000000,-76.3994216919
65162.8593750000,-76.4141387939
65313.0625000000,-76.4384918213
65463.6132812500,-76.4459609985
65614.5156250000,-76.4585113525
65765.7578125000,-76.4747314453
65917.3515625000,-76.5102310181
66069.3671875000,-76.5357589722
66221.6640625000,-76.5436859131
66374.3125000000,-76.5742568970
66527.3125000000,-76.6300430298
66680.6562500000,-76.6624374390
66834.3593750000,-76.6841201782
66988.4921875000,-76.7103042603
67142.9062500000,-76.7300872803
67297.6796875000,-76.7960281372
67452.8046875000,-76.8013610840
67608.2890625000,-76.8352355957
67764.1250000000,-76.8576736450
67920.3281250000,-76.9425659180
68076.9609375000,-77.0628204346
68233.8906250000,-77.1294860840
68391.1718750000,-77.1512527466
68548.8203125000,-77.1611557007
68706.8281250000,-77.1738204956
68865.2031250000,-77.2129898071
69024.0156250000,-77.2201919556
69183.1250000000,-77.2214965820
69342.5937500000,-77.2476501465
69502.4296875000,-77.2584304810
69662.6406250000,-77.2779464722
69823.2187500000,-77.4546432495
69984.1640625000,-77.5503311157
70145.5625000000,-77.5852584839
70307.2500000000,-77.5861511230
70469.3125000000,-77.6075668335
70631.7500000000,-77.6369934082
70794.5625000000,-77.6552276611
70957.7500000000,-77.6721725464
71121.3906250000,-77.6895523071
71285.3281250000,-77.6942138672
71449.6484375000,-77.7220077515
71614.3437500000,-77.7304916382
71779.4218750000,-77.7363510132
71944.8750000000,-77.7480697632
72110.7187500000,-77.7500839233
72277.0156250000,-77.7502593994
72443.6171875000,-77.8043594360
72610.6093750000,-77.8150100708
72777.9765625000,-77.8214569092
72945.7343750000,-77.8723373413
73113.8828125000,-77.8971099854
73282.4140625000,-77.9071731567
73451.4140625000,-77.9454040527
73620.7265625000,-77.9593963623
73790.4296875000,-77.9852905273
73960.5234375000,-77.9883499146
74131.0078125000,-77.9888992310
74301.8828125000,-78.0486679077
74473.2343750000,-78.0877914429
74644.8984375000,-78.0937881470
74816.9609375000,-78.1154098511
74989.4218750000,-78.1398544312
75162.2734375000,-78.2238006592
75335.5312500000,-78.3142395020
75509.1875000000,-78.3544540405
75683.3203125000,-78.4014892578
75857.7812500000,-78.4112243652
76032.6328125000,-78.4387893677
76207.8984375000,-78.4809646606
76383.5625000000,-78.4916610718
76559.6328125000,-78.5258636475
76736.1875000000,-78.5441360474
76913.0703125000,-78.5838088989
77090.3593750000,-78.5887603760
77268.0625000000,-78.6063385010
77446.1718750000,-78.6514892578
77624.6875000000,-78.6660842896
77803.6171875000,-78.6798629761
77983.0468750000,-78.7088699341
78162.8046875000,-78.7182540894
78342.9765625000,-78.7229766846
78523.5625000000,-78.8272628784
78704.5625000000,-78.8624191284
78885.9843750000,-78.8799667358
79067.8203125000,-78.8973464966
79250.1640625000,-78.9077224731
79432.8437500000,-78.9113693237
79615.9375000000,-78.9148635864
79799.4609375000,-78.9296798706
79983.4062500000,-78.9925155640
80167.7734375000,-79.0443954468
80352.6484375000,-79.0590667725
80537.8671875000,-79.1315917969
80723.5156250000,-79.1560745239
80909.5859375000,-79.1930160522
81096.0937500000,-79.3063430786
81283.0234375000,-79.3317565918
81470.3828125000,-79.3436050415
81658.2734375000,-79.3463821411
81846.5000000000,-79.3521041870
82035.1640625000,-79.4142761230
82224.2578125000,-79.4324188232
82413.7890625000,-79.4417037964
82603.7578125000,-79.4513168335
82794.2578125000,-79.4728851318
82985.1015625000,-79.5255050659
83176.3906250000,-79.5658798218
83368.1171875000,-79.5727996826
83560.2890625000,-79.6041183472
83752.8984375000,-79.6092834473
83945.9609375000,-79.6120986938
84139.5546875000,-79.6123046875
84333.5000000000,-79.6243209839
84527.8906250000,-79.6307373047
84722.7343750000,-79.6565933228
84918.0312500000,-79.6812667847
85113.7734375000,-79.6882324219
85310.0546875000,-79.6894912720
85506.7031250000,-79.7028121948
85703.8046875000,-79.8407821655
85901.3515625000,-79.8665771484
86099.3671875000,-79.9265060425
86297.8281250000,-79.9938049316
86496.7500000000,-80.0323715210
86696.2265625000,-80.1034240723
86896.0703125000,-80.2230224609
87096.3671875000,-80.2280273438
87297.1328125000,-80.2327194214
87498.3593750000,-80.2464141846
87700.0468750000,-80.2797012329
87902.2031250000,-80.2875747681
88104.9218750000,-80.2948379517
88308.0078125000,-80.2992172241
88511.5703125000,-80.3123397827
88715.5937500000,-80.3246231079
88920.0859375000,-80.3507690430
89125.0546875000,-80.4110260010
89330.5937500000,-80.4307098389
89536.5078125000,-80.4333114624
89742.8906250000,-80.4359588623
89949.7578125000,-80.4693527222
90157.1015625000,-80.4946136475
90364.9140625000,-80.4986114502
90573.2109375000,-80.4990463257
90782.0937500000,-80.5096359253
90991.3515625000,-80.5297698975
91201.0937500000,-80.5301208496
91411.3203125000,-80.5949935913
91622.0234375000,-80.5960998535
91833.2187500000,-80.6060180664
92045.0078125000,-80.6748504639
92257.1718750000,-80.7354354858
92469.8359375000,-80.7393341064
92682.9843750000,-80.7621078491
92896.6250000000,-80.8252334595
93110.7578125000,-80.8281631470
93325.3828125000,-80.8533706665
93540.6093750000,-80.8587875366
93756.2265625000,-80.8627090454
93972.3437500000,-80.8831100464
94188.9531250000,-80.9180526733
94406.0703125000,-80.9477157593
94623.6796875000,-80.9739303589
94841.8984375000,-81.0215759277
95060.5156250000,-81.0450286865
95279.6328125000,-81.0459671021
95499.2656250000,-81.1031875610
95719.3984375000,-81.1051406860
95940.0390625000,-81.1176757813
96161.1875000000,-81.1221923828
96382.9453125000,-81.1304168701
96605.1171875000,-81.1615905762
96827.7968750000,-81.2136459351
97050.9921875000,-81.2925796509
97274.7031250000,-81.3149566650
97498.9296875000,-81.3824539185
97723.6718750000,-81.4533004761
97949.0390625000,-81.4606399536
98174.8203125000,-81.4820709229
98401.1171875000,-81.4872055054
98627.9375000000,-81.5416030884
98855.2812500000,-81.5887069702
99083.1484375000,-81.5912780762
99311.6562500000,-81.5985641479
99540.5781250000,-81.6181716919
99770.0234375000,-81.6187286377
100000.0000000000,-81.6474075317
100230.5078125000,-81.6686630249
100461.5468750000,-81.6733551025
100693.1171875000,-81.6941833496
100925.3359375000,-81.7113342285
101157.9687500000,-81.7281723022
101391.1484375000,-81.7483139038
101624.8593750000,-81.7745132446
101859.1171875000,-81.8078536987
102093.9062500000,-81.8475265503
102329.3515625000,-81.8913040161
102565.2265625000,-81.9363708496
102801.6484375000,-81.9805145264
103038.6171875000,-82.0229339600
103276.1250000000,-82.0646362305
103514.1875000000,-82.1081619263
103752.7890625000,-82.1568374634
103992.0625000000,-82.2130661011
104231.7734375000,-82.2763519287
104472.0312500000,-82.3439941406
104712.8515625000,-82.4113388062
104954.2187500000,-82.4729843140
105196.1484375000,-82.5243606567
105438.6328125000,-82.5629119873
105681.7890625000,-82.5887298584
105925.3984375000,-82.6041870117
106169.5625000000,-82.6130065918
106414.2890625000,-82.6189498901
106659.5859375000,-82.6246795654
106905.4375000000,-82.6313323975
107151.9843750000,-82.6387863159
107398.9765625000,-82.6465225220
107646.5390625000,-82.6546630859
107894.6718750000,-82.6646194458
108143.3750000000,-82.6789321899
108392.6562500000,-82.7004241943
108642.5078125000,-82.7311401367
108893.0546875000,-82.7714767456
109144.0625000000,-82.8197174072
109395.6484375000,-82.8722915649
109647.8125000000,-82.9242019653
109900.5546875000,-82.9700164795
110153.8828125000,-83.0051422119
110407.9218750000,-83.0272827148
110662.4140625000,-83.0370254517
110917.5000000000,-83.0397186279
111173.1718750000,-83.0397720337
111429.4375000000,-83.0432128906
111686.2890625000,-83.0540084839
111943.7343750000,-83.0730667114
112201.8984375000,-83.0985641479
112460.5312500000,-83.1274032593
112719.7578125000,-83.1569900513
112979.5859375000,-83.1864242554
113240.0078125000,-83.2166290283
113501.0390625000,-83.2494659424
113762.7890625000,-83.2864608765
114025.0234375000,-83.3279571533
114287.8593750000,-83.3731384277
114551.2968750000,-83.4206390381
114815.3437500000,-83.4693069458
115080.0078125000,-83.5420227051
115345.2734375000,-83.6099090576
115611.2812500000,-83.6460189819
115877.7734375000,-83.6705017090
116144.8750000000,-83.6821212769
116412.6015625000,-83.6834182739
116680.9375000000,-83.6840057373
116949.8984375000,-83.6892471313
117219.4765625000,-83.7085189819
117489.8046875000,-83.7436294556
117760.6250000000,-83.7914352417
118032.0703125000,-83.8446197510
118304.1406250000,-83.8945312500
118576.8437500000,-83.9343261719
118850.1718750000,-83.9611129761
119124.2578125000,-83.9761962891
119398.8515625000,-83.9857864380
119674.0703125000,-83.9924163818
119949.9296875000,-83.9980087280
120226.4218750000,-84.0038528442
120503.5546875000,-84.0084609985
120781.3203125000,-84.0112075806
121059.8671875000,-84.0133819580
121338.9140625000,-84.0181503296
121618.6093750000,-84.0294952393
121898.9531250000,-84.0505523682
122179.9375000000,-84.0822906494
122461.5703125000,-84.1464004517
122743.9843750000,-84.2178802490
123026.9218750000,-84.2637176514
123310.5078125000,-84.3042602539
123594.7421875000,-84.3374938965
123879.6406250000,-84.3626251221
124165.1953125000,-84.3803634644
124451.3984375000,-84.3929290771
124738.4062500000,-84.4082336426
125025.9375000000,-84.4233245850
125314.1328125000,-84.4316864014
125602.9921875000,-84.4352188110
125892.5156250000,-84.4354553223
126182.7031250000,-84.4363479614
126473.7031250000,-84.4368362427
126765.2343750000,-84.4494476318
127057.4375000000,-84.4826278687
127350.3125000000,-84.5177536011
127643.8671875000,-84.5611114502
127938.0937500000,-84.6108856201
128233.0000000000,-84.6651763916
128528.7265625000,-84.7222824097
128824.9921875000,-84.8106155396
129121.9453125000,-84.8998718262
129419.5781250000,-84.9576950073
129717.8984375000,-85.0114517212
130016.9140625000,-85.0581588745
130316.6093750000,-85.1094207764
130617.1406250000,-85.1235809326
130918.2265625000,-85.1334075928
131220.0000000000,-85.1384963989
131522.4687500000,-85.1434249878
131825.6406250000,-85.1547164917
132129.5000000000,-85.1594009399
132434.2187500000,-85.1609420776
132739.4843750000,-85.1746139526
133045.4687500000,-85.1832122803
133352.1406250000,-85.1856613159
133659.5312500000,-85.1904296875
133967.6250000000,-85.2052917480
134276.4218750000,-85.2057800293
134586.0937500000,-85.2157440186
134896.3281250000,-85.2322235107
135207.2656250000,-85.2818832397
135518.9375000000,-85.3127365112
135831.3125000000,-85.3399276733
136144.4062500000,-85.3615341187
136458.3906250000,-85.3756484985
136772.9375000000,-85.3784408569
137088.2031250000,-85.3790817261
137404.2031250000,-85.3821105957
137720.9218750000,-85.3831710815
138038.3906250000,-85.4073181152
138356.5781250000,-85.4332427979
138675.6406250000,-85.4629669189
138995.2968750000,-85.5073776245
139315.7031250000,-85.5479812622
139636.8281250000,-85.5735702515
139958.7031250000,-85.6007843018
140281.3125000000,-85.6511688232
140604.6718750000,-85.7160797119
140928.9375000000,-85.7702941895
141253.7812500000,-85.8632736206
141579.3906250000,-85.9561386108
141905.7343750000,-86.0058670044
142232.8437500000,-86.0368804932
142560.7031250000,-86.0382156372
142889.4687500000,-86.0396041870
143218.8281250000,-86.0496749878
143548.9687500000,-86.0674285889
143879.8593750000,-86.1376113892
144211.5156250000,-86.2010498047
144543.9218750000,-86.2895584106
144877.1093750000,-86.3505859375
145211.2187500000,-86.3686523438
145545.9375000000,-86.3741531372
145881.4375000000,-86.3745422363
146217.7031250000,-86.3832244873
146554.7500000000,-86.4017639160
146892.5625000000,-86.4526672363
147231.3281250000,-86.5238723755
147570.7031250000,-86.5686187744
147910.8593750000,-86.5705871582
148251.8125000000,-86.5796813965
148593.5468750000,-86.5800170898
148936.0625000000,-86.5808029175
149279.3750000000,-86.5930023193
149623.6250000000,-86.6077270508
149968.5312500000,-86.6147003174
150314.2187500000,-86.6452102661
150660.7031250000,-86.6528015137
151007.9843750000,-86.6626205444
151356.0625000000,-86.6949615479
151705.1250000000,-86.7272033691
152054.8125000000,-86.7283706665
152405.3125000000,-86.7363891602
152756.6093750000,-86.7473373413
153108.7187500000,-86.8162460327
153461.6562500000,-86.9081497192
153815.3906250000,-86.9928741455
154170.1093750000,-87.0377120972
154525.4843750000,-87.0799560547
154881.6875000000,-87.0830688477
155238.7031250000,-87.0870513916
155596.5312500000,-87.0909881592
155955.1875000000,-87.0956573486
156314.6875000000,-87.0980453491
156675.1718750000,-87.1210327148
157036.3125000000,-87.1824264526
157398.2968750000,-87.2611846924
157761.1093750000,-87.2616653442
158124.7656250000,-87.2797622681
158489.2500000000,-87.2822799683
158854.7500000000,-87.3145675659
159220.9218750000,-87.3208923340
159587.9375000000,-87.3259048462
159955.7968750000,-87.3299636841
160324.5156250000,-87.3364257813
160694.0625000000,-87.3372802734
161064.4843750000,-87.3395538330
161435.9218750000,-87.3430709839
161808.0468750000,-87.3801345825
162181.0312500000,-87.3938827515
162554.8593750000,-87.3962478638
162929.5625000000,-87.4044723511
163305.1250000000,-87.4537963867
163681.7343750000,-87.4931564331
164059.0312500000,-87.5189132690
164437.2031250000,-87.5534820557
164816.2343750000,-87.6144485474
165196.1562500000,-87.7076263428
165576.9375000000,-87.8105392456
165958.6093750000,-87.9031906128
166341.3437500000,-87.9808807373
166724.7656250000,-88.0135574341
167109.0781250000,-88.0199279785
167494.2812500000,-88.0334777832
167880.3593750000,-88.0403671265
168267.3437500000,-88.0503921509
168655.3906250000,-88.0652389526
169044.1562500000,-88.0838241577
169433.8125000000,-88.0931472778
169824.3750000000,-88.0940246582
170215.8281250000,-88.1002960205
170608.1875000000,-88.1345214844
171001.4531250000,-88.1607666016
171395.8125000000,-88.1803054810
171790.8906250000,-88.2139587402
172186.8750000000,-88.2772674561
172583.7812500000,-88.3476104736
172981.6093750000,-88.3626022339
173380.3437500000,-88.3806686401
173779.9843750000,-88.3971939087
174180.7500000000,-88.4496383667
174582.2500000000,-88.4867706299
174984.6875000000,-88.5002899170
175388.0312500000,-88.5379104614
175792.3125000000,-88.5851898193
176197.5312500000,-88.5914306641
176603.8750000000,-88.5961532593
177010.9531250000,-88.6035537720
177418.9843750000,-88.6166076660
177827.9375000000,-88.6217193604
178237.8437500000,-88.6477432251
178648.7031250000,-88.6582031250
179060.5000000000,-88.6607971191
179473.4375000000,-88.6702423096
179887.1406250000,-88.6751785278
180301.7968750000,-88.7025299072
180717.4062500000,-88.7589721680
181133.9687500000,-88.8428573608
181551.5000000000,-88.9173049927
181970.1875000000,-88.9890213013
182389.6406250000,-89.0393371582
182810.0625000000,-89.0441131592
183231.4531250000,-89.0475997925
183653.8125000000,-89.0476760864
184077.1406250000,-89.0906524658
184501.4531250000,-89.1817169189
184926.9531250000,-89.2548980713
185353.2187500000,-89.2566604614
185780.4687500000,-89.2601852417
186208.7031250000,-89.2700805664
186637.9375000000,-89.2830276489
187068.1406250000,-89.2854537964
187499.3437500000,-89.2910232544
187931.7500000000,-89.2918243408
188364.9531250000,-89.3206787109
188799.1406250000,-89.3246688843
189234.3437500000,-89.3372650146
189670.5312500000,-89.3469696045
190107.7500000000,-89.3512268066
190546.1562500000,-89.3535537720
190985.3906250000,-89.4241104126
191425.6250000000,-89.4262847900
191866.8750000000,-89.4329147339
192309.1406250000,-89.4734649658
192752.4218750000,-89.4753189087
193196.7343750000,-89.4886245728
193642.2812500000,-89.5263671875
194088.6406250000,-89.5316009521
194536.0312500000,-89.5346908569
194984.4375000000,-89.5352859497
195433.8906250000,-89.5642242432
195884.3906250000,-89.6346740723
196336.1250000000,-89.7251205444
196788.7031250000,-89.8619079590
197242.3125000000,-90.0754318237
197696.9687500000,-90.1370010376
198152.6718750000,-90.1382980347
198609.4218750000,-90.1405944824
199067.2343750000,-90.1411666870
199526.3125000000,-90.1437530518
199986.2343750000,-90.1464157104
200447.2187500000,-90.1494598389
200909.2656250000,-90.1494750977
201372.3750000000,-90.1504974365
201836.5625000000,-90.1614227295
202302.0312500000,-90.1810226440
202768.3437500000,-90.2148742676
203235.7343750000,-90.2414474487
203704.2187500000,-90.2622680664
204173.7656250000,-90.2644119263
204644.4062500000,-90.2908172607
205116.1250000000,-90.3859100342
205589.1562500000,-90.5170593262
206063.0468750000,-90.5331954956
206538.0468750000,-90.5586166382
207014.1250000000,-90.6008071899
207491.3125000000,-90.6248245239
207969.5937500000,-90.6480331421
208448.9843750000,-90.7122726440
208929.7031250000,-90.7123870850
209411.2968750000,-90.7460632324
209894.0000000000,-90.7630767822
210377.8281250000,-90.7742004395
210862.7500000000,-90.8254547119
211348.8125000000,-90.8871994019
211836.2187500000,-90.9273223877
212324.5156250000,-90.9382934570
212813.9375000000,-90.9427413940
213304.4843750000,-90.9679794312
213796.1718750000,-90.9867324829
214288.9843750000,-90.9958190918
214782.9375000000,-91.0257415771
215278.2656250000,-91.0538482666
215774.5000000000,-91.0620422363
216271.8750000000,-91.0658721924
216770.3906250000,-91.1330490112
217270.0625000000,-91.1820678711
217770.8906250000,-91.1932296753
218273.1093750000,-91.2032318115
218776.2343750000,-91.2048797607
219280.5312500000,-91.2068634033
219785.9843750000,-91.2555007935
220292.6093750000,-91.3086929321
220800.4062500000,-91.3370590210
221309.3593750000,-91.3542480469
221819.7343750000,-91.3946380615
222331.0468750000,-91.4655609131
222843.5468750000,-91.4691162109
223357.2031250000,-91.4851150513
223872.0625000000,-91.4923706055
224388.1093750000,-91.5206527710
224905.5781250000,-91.5449905396
225424.0000000000,-91.5506362915
225943.6250000000,-91.5581970215
226464.4375000000,-91.5595550537
226986.4531250000,-91.5755538940
227509.6718750000,-91.5978088379
228034.1093750000,-91.5979461670
228559.9843750000,-91.6314163208
229086.8281250000,-91.6915817261
229614.8906250000,-91.7498931885
230144.1718750000,-91.8246612549
230674.6718750000,-91.8991088867
231206.3906250000,-91.9589996338
231739.3437500000,-92.0032577515
232273.7812500000,-92.0058059692
232809.1875000000,-92.0143051147
233345.8281250000,-92.0246353149
233883.7031250000,-92.0961761475
234422.8125000000,-92.1013565063
234963.1875000000,-92.1196136475
235505.0468750000,-92.1246871948
236047.9062500000,-92.1668090820
236592.0156250000,-92.1672515869
237137.3750000000,-92.1815948486
237683.9843750000,-92.1964263916
238231.8750000000,-92.1993179321
238781.0156250000,-92.2021713257
239331.6718750000,-92.2244415283
239883.3593750000,-92.2478790283
240436.2968750000,-92.2565841675
240990.5312500000,-92.2619094849
241546.0312500000,-92.3307266235
242102.8125000000,-92.4062957764
242661.1406250000,-92.4108581543
243220.4843750000,-92.4122772217
243781.1250000000,-92.4135589600
244343.0625000000,-92.4268798828
244906.2968750000,-92.4425048828
245470.8125000000,-92.5116806030
246036.6406250000,-92.5520172119
246604.0468750000,-92.5619888306
247172.4843750000,-92.5905456543
247742.2343750000,-92.6226577759
248313.2968750000,-92.6227493286
248885.6718750000,-92.6788711548
249459.3750000000,-92.7332382202
250034.4062500000,-92.7444229126
250611.0156250000,-92.7923507690
251188.7031250000,-92.8264999390
251767.7031250000,-92.8294601440
252348.0468750000,-92.8623809814
252929.7343750000,-92.8631591797
253512.7500000000,-92.8702316284
254097.3906250000,-92.8713226318
254683.1093750000,-92.8952941895
255270.1718750000,-92.9721679688
255858.5781250000,-93.1010284424
256448.3593750000,-93.1266784668
257039.4843750000,-93.1295623779
257631.9843750000,-93.1840896606
258226.1250000000,-93.2336959839
258821.3593750000,-93.2473297119
259417.9531250000,-93.3020629883
260015.9375000000,-93.3468322754
260615.2812500000,-93.3476181030
261216.0312500000,-93.3719482422
261818.4375000000,-93.3840942383
262421.9375000000,-93.4071578979
263026.8437500000,-93.4458694458
263633.1562500000,-93.4488372803
264240.8437500000,-93.5025558472
264849.9375000000,-93.5135345459
265460.4375000000,-93.5176391602
266072.6250000000,-93.6016693115
266685.9375000000,-93.6760177612
267300.6562500000,-93.7074661255
267916.8125000000,-93.7093582153
268534.3750000000,-93.7556991577
269153.3750000000,-93.7682342529
269774.0937500000,-93.7765121460
270395.9375000000,-93.7952270508
271019.2187500000,-93.8092041016
271643.9375000000,-93.8147201538
272270.0937500000,-93.8208541870
272897.6875000000,-93.8259048462
273526.7500000000,-93.8260726929
274157.5312500000,-93.8357086182
274789.5000000000,-93.8570098877
275422.9062500000,-93.9345397949
276057.7812500000,-93.9435501099
276694.0937500000,-93.9694747925
277331.9062500000,-93.9700241089
277971.1875000000,-93.9912338257
278612.2187500000,-94.0379867554
279254.4375000000,-94.1240310669
279898.1562500000,-94.1769332886
280543.3437500000,-94.2063140869
281190.0000000000,-94.2571105957
281838.1562500000,-94.2577819824
282488.1250000000,-94.2657394409
283139.2812500000,-94.3085632324
283791.9375000000,-94.3176727295
284446.0937500000,-94.3312911987
285101.7812500000,-94.3597564697
285758.9687500000,-94.3964843750
286417.6562500000,-94.4001388550
287078.1875000000,-94.4061965942
287739.9062500000,-94.4143371582
288403.1875000000,-94.4664688110
289067.9687500000,-94.5535812378
289734.2812500000,-94.6119232178
290402.1562500000,-94.6171417236
291071.8750000000,-94.6184768677
291742.8125000000,-94.6209030151
292415.2812500000,-94.6339340210
293089.3437500000,-94.6378021240
293764.9062500000,-94.6495895386
294442.0625000000,-94.6620864868
295120.7812500000,-94.6819763184
295801.3750000000,-94.6825637817
296483.2187500000,-94.7283706665
297166.6250000000,-94.7415084839
297851.6250000000,-94.7484817505
298538.1875000000,-94.7748870850
299226.3437500000,-94.7913131714
299916.4062500000,-94.8052215576
300607.7500000000,-94.8220367432
301300.6562500000,-94.8256912231
301995.1875000000,-94.8469161987
302691.3125000000,-94.8769073486
303389.0312500000,-94.9263305664
304088.3750000000,-94.9733657837
304789.6562500000,-95.0185775757
305492.2187500000,-95.0629425049
306196.3750000000,-95.1073608398
306902.1875000000,-95.1522598267
307609.6250000000,-95.1976699829
308318.6875000000,-95.2434234619
309029.3750000000,-95.2894439697
309742.0625000000,-95.3359603882
310456.0312500000,-95.3834838867
311171.6562500000,-95.4327621460
311888.9375000000,-95.4845199585
312607.8437500000,-95.5390625000
313328.4375000000,-95.5958099365
314051.0312500000,-95.6528320313
314774.9375000000,-95.7067489624
315500.5000000000,-95.7534637451
316227.7812500000,-95.7892227173
316956.6875000000,-95.8119201660
317687.3125000000,-95.8221740723
318419.5937500000,-95.8223266602
319153.9375000000,-95.8236007690
319889.5937500000,-95.8256759644
320626.9687500000,-95.8404312134
321366.0312500000,-95.8707809448
322106.8125000000,-95.9166107178
322849.2812500000,-95.9725952148
323593.8125000000,-96.0290527344
324339.7187500000,-96.0480041504
325087.3750000000,-96.0499343872
325836.7187500000,-96.0560150146
326587.7812500000,-96.0585632324
327340.5937500000,-96.0690078735
328095.1250000000,-96.0729598999
328851.7812500000,-96.0746459961
329609.8125000000,-96.0773620605
330369.5937500000,-96.0828475952
331131.0937500000,-96.0872955322
331894.3750000000,-96.0926208496
332659.4375000000,-96.0948638916
333426.2187500000,-96.1007690430
334195.1562500000,-96.1051101685
334965.5000000000,-96.1105651855
335737.6250000000,-96.1388015747
336511.5312500000,-96.1821517944
337287.2187500000,-96.2403869629
338064.6875000000,-96.3100128174
338844.3125000000,-96.3847579956
339625.3750000000,-96.4569778442
340408.2500000000,-96.5198593140
341192.9062500000,-96.5693359375
341979.3750000000,-96.6049423218
342767.6562500000,-96.6293182373
343557.7812500000,-96.6467361450
344350.0625000000,-96.6614761353
345143.8125000000,-96.6763076782
345939.4062500000,-96.6915817261
346736.8125000000,-96.6940536499
347536.0625000000,-96.6962509155
348337.1562500000,-96.7050552368
349140.5000000000,-96.7054672241
349945.2812500000,-96.7072906494
350751.9375000000,-96.7129898071
351560.4375000000,-96.7400283813
352370.8125000000,-96.7895126343
353183.0625000000,-96.8464584351
353997.1562500000,-96.8981704712
354813.5312500000,-96.9060974121
355631.4062500000,-96.9117355347
356451.1562500000,-96.9239578247
357272.8125000000,-96.9264602661
358096.3437500000,-96.9334335327
358921.7812500000,-96.9418182373
359749.5312500000,-96.9470825195
360578.7812500000,-96.9662170410
361409.9375000000,-97.0074462891
362243.0000000000,-97.0572052002
363078.0000000000,-97.1151962280
363914.9375000000,-97.1802520752
364753.7812500000,-97.2492370605
365594.9687500000,-97.3171691895
366437.6875000000,-97.3784408569
367282.3437500000,-97.4285278320
368128.9687500000,-97.4768447876
368977.5312500000,-97.4956436157
369828.0312500000,-97.4978179932
370680.5312500000,-97.4998092651
371535.3750000000,-97.5006256104
372391.7812500000,-97.5019912720
373250.1875000000,-97.5040817261
374110.5625000000,-97.5137939453
374972.9062500000,-97.5559387207
375837.2500000000,-97.6125411987
376703.9687500000,-97.6522216797
377572.3125000000,-97.6887512207
378442.6562500000,-97.7212295532
379314.9687500000,-97.7507858276
380189.3437500000,-97.7791061401
381065.6875000000,-97.8201904297
381944.0625000000,-97.8567886353
382824.9062500000,-97.8751068115
383707.3437500000,-97.8881301880
384591.8125000000,-97.8979415894
385478.3125000000,-97.9090423584
386366.8750000000,-97.9423065186
387257.5000000000,-98.0023803711
388150.5625000000,-98.0602722168
389045.2812500000,-98.1241912842
389942.0625000000,-98.1254653931
390840.9062500000,-98.1261367798
391741.8125000000,-98.1396408081
392644.8125000000,-98.1523666382
393549.8750000000,-98.1601486206
394457.4687500000,-98.1894989014
395366.7187500000,-98.1965866089
396278.0937500000,-98.2106628418
397191.5312500000,-98.2350234985
398107.0937500000,-98.2434692383
399024.7500000000,-98.2603988647
399944.9687500000,-98.2614974976
400866.8750000000,-98.2826538086
401790.9062500000,-98.2892456055
402717.0625000000,-98.2970733643
403645.3437500000,-98.3113784790
404575.7812500000,-98.3526306152
405508.3437500000,-98.3900527954
406443.5312500000,-98.4119338989
407380.4062500000,-98.4292678833
408319.4375000000,-98.4580230713
409260.6562500000,-98.5281295776
410204.0312500000,-98.6156387329
411149.5625000000,-98.6741867065
412097.3125000000,-98.7256240845
413047.6562500000,-98.7830810547
413999.7812500000,-98.8220901489
414954.0625000000,-98.8386077881
415910.5625000000,-98.8506164551
416869.2812500000,-98.8648300171
417830.1875000000,-98.8793106079
418793.7812500000,-98.8899688721
419759.1250000000,-98.9004287720
420726.6875000000,-98.9136123657
421696.5000000000,-98.9263381958
422668.5312500000,-98.9391098022
423642.8125000000,-98.9590759277
424619.3437500000,-99.0046539307
425598.5937500000,-99.0582122803
426579.6250000000,-99.0903091431
427562.9375000000,-99.1220245361
428548.5000000000,-99.1410293579
429536.3125000000,-99.1547088623
430526.4375000000,-99.1773529053
431519.3125000000,-99.2345428467
432514.0000000000,-99.3061294556
433510.9687500000,-99.3511962891
434510.2500000000,-99.3977584839
435511.8125000000,-99.4236679077
436515.6875000000,-99.4345626831
437521.9062500000,-99.4551086426
438530.9062500000,-99.4825592041
439541.7500000000,-99.5028839111
440554.9062500000,-99.5332260132
441570.4375000000,-99.5674667358
442588.2812500000,-99.5971984863
443608.4687500000,-99.6525344849
444631.0312500000,-99.6570816040
445656.4062500000,-99.6596832275
446683.6875000000,-99.6699600220
447713.3125000000,-99.6712875366
448745.3437500000,-99.6803512573
449779.7187500000,-99.7013244629
450816.5000000000,-99.7041091919
451856.1562500000,-99.7085189819
452897.7187500000,-99.7265472412
453941.6875000000,-99.7362060547
454988.0625000000,-99.7389602661
456036.8437500000,-99.7423400879
457088.0312500000,-99.7514801025
458141.6562500000,-99.8076019287
459198.1875000000,-99.8895492554
460256.6875000000,-99.9511642456
461317.6250000000,-100.0487747192
462380.9687500000,-100.1426467896
463446.8125000000,-100.2144317627
464515.0937500000,-100.2635421753
465586.3437500000,-100.2872924805
466659.5312500000,-100.3046569824
467735.2187500000,-100.3305511475
468813.3750000000,-100.3340225220
469894.0312500000,-100.3506469727
470977.1875000000,-100.3941421509
472062.8125000000,-100.4122467041
473151.4687500000,-100.4407043457
474242.1250000000,-100.4783859253
475335.2812500000,-100.4788208008
476430.9687500000,-100.5318374634
477529.1562500000,-100.5393753052
478629.9062500000,-100.5434112549
479733.7187500000,-100.5434265137
480839.5312500000,-100.5619201660
481947.9062500000,-100.5629119873
483058.8125000000,-100.5720901489
484172.3125000000,-100.5845794678
485288.3437500000,-100.6008148193
486406.9687500000,-100.6110763550
487528.7187500000,-100.6155090332
488652.5000000000,-100.6156463623
489778.8750000000,-100.6171875000
490907.8437500000,-100.6226196289
492039.4375000000,-100.6235198975
493173.6250000000,-100.6273117065
494310.4375000000,-100.6294708252
495450.3750000000,-100.6294708252
496592.4375000000,-100.6442565918
497737.1250000000,-100.7204360962
498884.4375000000,-100.8089599609
500034.4062500000,-100.9121551514
501187.0000000000,-101.0204772949
502342.8437500000,-101.0376052856
503500.7812500000,-101.0418930054
504661.3750000000,-101.0500869751
505824.6562500000,-101.0712509155
506990.6250000000,-101.0749435425
508159.2812500000,-101.0960083008
509330.6250000000,-101.1109313965
510505.2187500000,-101.1235885620
511681.9687500000,-101.1307754517
512861.4375000000,-101.1617736816
514043.6250000000,-101.1650772095
515228.5312500000,-101.1990890503
516416.1562500000,-101.2653503418
517607.0937500000,-101.3358230591
518800.2187500000,-101.3986740112
519996.0937500000,-101.4377365112
521194.7187500000,-101.4391098022
522396.1250000000,-101.4396667480
523600.2812500000,-101.4422073364
524807.1875000000,-101.4451141357
526017.5000000000,-101.4522628784
527230.0000000000,-101.4537124634
528445.3125000000,-101.4643325806
529663.4375000000,-101.4843750000
530884.3125000000,-101.4963150024
532108.0625000000,-101.4975662231
533335.1875000000,-101.5130081177
534564.5625000000,-101.5211029053
535796.7500000000,-101.6308517456
537031.8125000000,-101.7507705688
538269.6875000000,-101.8469543457
539510.4375000000,-101.9066772461
540754.0625000000,-101.9249954224
542001.1250000000,-101.9287033081
543250.5000000000,-101.9389801025
544502.7500000000,-101.9686737061
545757.8750000000,-102.0232849121
547015.8750000000,-102.0618133545
548276.7500000000,-102.0904159546
549540.5625000000,-102.1225738525
550807.9375000000,-102.1246719360
552077.5625000000,-102.1288833618
553350.1250000000,-102.1406631470
554625.6875000000,-102.1438140869
555904.1250000000,-102.1441955566
557185.5000000000,-102.1540069580
558470.5000000000,-102.1643600464
559757.8125000000,-102.1943054199
561048.0625000000,-102.2376022339
562341.3125000000,-102.2676315308
563637.5625000000,-102.2889633179
564936.8125000000,-102.2981033325
566239.0000000000,-102.3029327393
567544.8750000000,-102.3038024902
568853.0625000000,-102.3093566895
570164.3125000000,-102.3152542114
571478.6250000000,-102.3309249878
572795.8750000000,-102.3420486450
574116.2500000000,-102.3694076538
575440.2500000000,-102.3785705566
576766.6875000000,-102.4053268433
578096.1875000000,-102.4095001221
579428.6875000000,-102.4276428223
580764.3125000000,-102.4796524048
582103.0625000000,-102.5376968384
583444.8125000000,-102.5836257935
584790.3750000000,-102.6670608521
586138.3125000000,-102.7607650757
587489.4375000000,-102.7695770264
588843.6250000000,-102.7791900635
590200.9375000000,-102.7799148560
591561.4375000000,-102.7996368408
592925.0000000000,-102.8300170898
594292.3750000000,-102.8492507935
595662.2500000000,-102.8669662476
597035.3125000000,-102.8743515015
598411.5000000000,-102.9573669434
599790.9375000000,-102.9755554199
601173.4375000000,-102.9819869995
602559.8750000000,-102.9976043701
603948.8125000000,-103.0385742188
605340.9375000000,-103.0506820679
606736.3125000000,-103.0770874023
608134.8750000000,-103.0861358643
609536.6875000000,-103.0945663452
610941.6875000000,-103.0980377197
612350.6250000000,-103.1033859253
613762.1250000000,-103.1066360474
615176.9375000000,-103.1111297607
616594.9375000000,-103.1267623901
618016.2500000000,-103.1492233276
619440.8125000000,-103.1542510986
620869.3750000000,-103.1688537598
622300.5000000000,-103.2369003296
623734.9375000000,-103.2690811157
625172.6875000000,-103.2758026123
626613.7500000000,-103.3010559082
628058.1250000000,-103.3540649414
629505.8750000000,-103.3975830078
630957.6250000000,-103.4056320190
632412.0000000000,-103.4176177979
633869.7500000000,-103.4187393188
635330.8750000000,-103.4319610596
636795.3750000000,-103.4480972290
638263.2500000000,-103.4484939575
639735.1875000000,-103.4587173462
641209.8125000000,-103.4928359985
642687.8750000000,-103.6214599609
644169.3125000000,-103.7828750610
645654.1250000000,-103.8470611572
647142.4375000000,-103.8480377197
648634.1250000000,-103.8625946045
650130.0000000000,-103.8652877808
651628.5625000000,-103.8767547607
653130.6250000000,-103.8790588379
654636.1250000000,-103.9079666138
656145.1250000000,-103.9100723267
657657.6250000000,-103.9103775024
659173.5625000000,-103.9244689941
660693.6875000000,-103.9285125732
662216.6250000000,-103.9569625854
663743.1250000000,-103.9907531738
665273.0625000000,-103.9928817749
666806.5625000000,-104.0436553955
668343.6250000000,-104.1722030640
669884.9375000000,-104.2498474121
671429.0625000000,-104.2691802979
672976.7500000000,-104.2850570679
674528.0000000000,-104.2943878174
676082.8750000000,-104.3012390137
677641.2500000000,-104.3078384399
679203.3125000000,-104.3131942749
680769.6250000000,-104.3579711914
682338.8750000000,-104.3758773804
683911.6875000000,-104.3774337769
685488.1875000000,-104.3784255981
687068.2500000000,-104.4206542969
688652.0000000000,-104.4319915771
690240.1875000000,-104.4350204468
691831.1875000000,-104.4979629517
693425.9375000000,-104.5126342773
695024.3125000000,-104.5429306030
696626.4375000000,-104.5849151611
698232.1875000000,-104.5979690552
699841.6875000000,-104.6003265381
701455.6250000000,-104.6314239502
703072.5000000000,-104.6628875732
704693.1250000000,-104.7283630371
706317.5000000000,-104.7612762451
707945.6250000000,-104.7709121704
709577.5000000000,-104.8191833496
711213.8750000000,-104.8260955811
712853.3125000000,-104.8527679443
714496.5000000000,-104.8827896118
716143.4375000000,-104.9187316895
717794.1875000000,-104.9434814453
719448.7500000000,-104.9598541260
721107.1250000000,-104.9706192017
722770.1250000000,-104.9825973511
724436.1875000000,-104.9871597290
726106.0625000000,-105.0111312866
727779.8125000000,-105.0306167603
729457.3750000000,-105.0367889404
731138.8125000000,-105.0484619141
732824.1250000000,-105.0746765137
734514.1875000000,-105.1202392578
736207.2500000000,-105.1232299805
737904.3125000000,-105.1418914795
739605.1875000000,-105.1729965210
741310.0625000000,-105.1976089478
743018.8125000000,-105.2988052368
744732.3750000000,-105.3207626343
746449.0000000000,-105.3236999512
748169.6250000000,-105.3783264160
749894.1875000000,-105.3838043213
751622.7500000000,-105.4878234863
753355.3125000000,-105.5024261475
755091.8750000000,-105.5113220215
756833.2500000000,-105.5532760620
758577.7500000000,-105.5552215576
760326.3750000000,-105.5632095337
762078.9375000000,-105.5845413208
763835.6250000000,-105.6017761230
765596.3125000000,-105.6201248169
767361.8750000000,-105.6356048584
769130.6875000000,-105.6495819092
770903.6250000000,-105.6854934692
772680.6250000000,-105.6880416870
774461.6875000000,-105.7185134888
776246.8750000000,-105.7967605591
778036.1875000000,-105.8813323975
779830.4375000000,-105.9177246094
781628.0000000000,-105.9183883667
783429.7500000000,-105.9411544800
785235.6250000000,-105.9537048340
787045.6250000000,-105.9726867676
788859.8125000000,-105.9903411865
790678.1875000000,-105.9938278198
792501.6250000000,-106.0116119385
794328.4375000000,-106.0128021240
796159.3750000000,-106.0381927490
797994.6250000000,-106.0642395020
799834.0000000000,-106.0672454834
801677.6875000000,-106.0713424683
803526.5000000000,-106.0919036865
805378.6875000000,-106.0969467163
807235.1250000000,-106.1138839722
809095.8750000000,-106.1624298096
810960.9375000000,-106.1730880737
812830.2500000000,-106.1833953857
814703.8750000000,-106.2981491089
816582.6875000000,-106.3145446777
818465.0000000000,-106.3320770264
820351.6250000000,-106.3477249146
822242.5625000000,-106.3771286011
824137.8750000000,-106.4068298340
826037.6250000000,-106.4131317139
827942.5625000000,-106.4752426147
829851.0625000000,-106.5109481812
831763.9375000000,-106.5414123535
833681.1875000000,-106.5417098999
835602.8750000000,-106.5591964722
837529.0000000000,-106.5851516724
839459.5625000000,-106.6236114502
841395.5000000000,-106.6293563843
843335.0000000000,-106.6744384766
845278.9375000000,-106.6841201782
847227.3750000000,-106.6864318848
849180.2500000000,-106.6906356812
851137.6875000000,-106.7016296387
853100.5625000000,-106.7048492432
855067.0000000000,-106.7056503296
857038.0000000000,-106.7129287720
859013.5625000000,-106.7234878540
860993.6250000000,-106.7282638550
862978.3125000000,-106.7684249878
864967.5000000000,-106.8478851318
866962.2500000000,-106.9161224365
868960.6875000000,-106.9600143433
870963.6875000000,-107.0050964355
872971.3125000000,-107.0106735229
874983.6250000000,-107.0291213989
877000.5000000000,-107.0562057495
879022.0625000000,-107.0728607178
881049.2500000000,-107.0777282715
883080.1250000000,-107.1376724243
885115.6875000000,-107.1477966309
887155.9375000000,-107.1507720947
889200.8750000000,-107.1724319458
891250.5625000000,-107.2236175537
893305.9375000000,-107.3401184082
895365.0625000000,-107.3590698242
897428.9375000000,-107.3626861572
899497.5625000000,-107.4156112671
901571.0000000000,-107.4291305542
903649.1875000000,-107.4466476440
905732.1250000000,-107.4900283813
907820.9375000000,-107.4946746826
909913.5000000000,-107.4953918457
912010.9375000000,-107.5127258301
914113.1875000000,-107.5168838501
916220.2500000000,-107.5472946167
918332.1875000000,-107.5536575317
920450.0625000000,-107.5726089478
922571.7500000000,-107.5746231079
924698.3750000000,-107.5748596191
926829.8125000000,-107.5767898560
928966.2500000000,-107.5850372314
931107.5625000000,-107.5913391113
933253.8750000000,-107.6661300659
935406.0625000000,-107.7213821411
937562.2500000000,-107.7254028320
939723.4375000000,-107.7399673462
941889.5625000000,-107.7457962036
944060.6875000000,-107.8214187622
946236.8125000000,-107.8224792480
948419.0000000000,-107.8544921875
950605.1250000000,-107.9287033081
952796.3750000000,-107.9602432251
954992.6250000000,-107.9617538452
957193.9375000000,-107.9650650024
959400.3750000000,-107.9779281616
961611.8125000000,-107.9829025269
963829.5000000000,-107.9890441895
966051.1875000000,-108.0479278564
968278.0000000000,-108.0592269897
970509.9375000000,-108.0611343384
972747.0625000000,-108.0716400146
974989.3125000000,-108.1143875122
977236.6875000000,-108.1306915283
979490.3750000000,-108.1555099487
981748.1875000000,-108.1692581177
984011.1875000000,-108.2101364136
986279.3750000000,-108.2242584229
988552.8125000000,-108.2607803345
990831.5000000000,-108.2740783691
993116.5625000000,-108.2997665405
995405.7500000000,-108.3038940430
997700.2500000000,-108.3389663696
1000000.0000000000,-108.5535354614
1002305.0625000000,-108.5539932251
1004615.4375000000,-108.5671463013
1006931.1875000000,-108.5681152344
1009253.3125000000,-108.5870895386
1011579.7500000000,-108.5920486450
1013911.5000000000,-108.6039733887
1016248.6250000000,-108.6272659302
1018591.1250000000,-108.6696853638
1020939.0625000000,-108.7112121582
1023293.5625000000,-108.7491073608
1025652.3125000000,-108.7808685303
1028016.5000000000,-108.8022003174
1030386.1250000000,-108.8142013550
1032761.2500000000,-108.8204727173
1035141.8750000000,-108.8237533569
1037527.9375000000,-108.8277664185
1039920.6250000000,-108.8415603638
1042317.7500000000,-108.8674774170
1044720.3750000000,-108.9063949585
1047128.5000000000,-108.9579620361
1049542.2500000000,-109.0204391479
1051961.5000000000,-109.0842895508
1054386.3750000000,-109.1408996582
1056817.8750000000,-109.1842269897
1059254.0000000000,-109.1850585938
1061695.6250000000,-109.1873168945
1064142.8750000000,-109.1954498291
1066595.8750000000,-109.1983413696
1069054.3750000000,-109.2112426758
1071519.8750000000,-109.2127227783
1073989.7500000000,-109.2193832397
1076465.3750000000,-109.2216491699
1078946.7500000000,-109.2559204102
1081433.7500000000,-109.2935562134
1083926.5000000000,-109.3299484253
1086425.0000000000,-109.3610229492
1088930.5000000000,-109.3822021484
1091440.6250000000,-109.3961181641
1093956.5000000000,-109.4041061401
1096478.1250000000,-109.4060058594
1099005.5000000000,-109.4067077637
1101538.8750000000,-109.4069442749
1104079.1250000000,-109.4076080322
1106624.1250000000,-109.4080886841
1109175.0000000000,-109.4101409912
1111731.7500000000,-109.4173736572
1114294.3750000000,-109.4294891357
1116862.8750000000,-109.4480514526
1119437.3750000000,-109.4765014648
1122019.0000000000,-109.5153045654
1124605.2500000000,-109.5652999878
1127197.6250000000,-109.6261520386
1129795.8750000000,-109.6961059570
1132400.1250000000,-109.7719802856
1135010.3750000000,-109.8488693237
1137627.8750000000,-109.9203338623
1140250.2500000000,-109.9418258667
1142878.6250000000,-109.9435195923
1145513.0000000000,-109.9587707520
1148153.5000000000,-109.9642105103
1150800.0000000000,-109.9817581177
1153452.7500000000,-109.9897079468
1156112.7500000000,-110.0005264282
1158777.7500000000,-110.0261535645
1161448.7500000000,-110.0289382935
1164126.0000000000,-110.0468368530
1166809.3750000000,-110.0553054810
1169499.0000000000,-110.0581512451
1172194.7500000000,-110.0669937134
1174898.0000000000,-110.0973815918
1177606.2500000000,-110.1477432251
1180320.7500000000,-110.1963577271
1183041.3750000000,-110.2426681519
1185768.3750000000,-110.2857818604
1188501.7500000000,-110.3243255615
1191242.6250000000,-110.3569946289
1193988.5000000000,-110.3832168579
1196740.7500000000,-110.4037170410
1199499.2500000000,-110.4203414917
1202264.2500000000,-110.4354858398
1205035.5000000000,-110.4515075684
1207813.2500000000,-110.4698181152
1210598.6250000000,-110.4912261963
1213389.1250000000,-110.5158157349
1216186.1250000000,-110.5425796509
1218989.5000000000,-110.5692672729
1221799.3750000000,-110.5926284790
1224615.7500000000,-110.6094207764
1227439.8750000000,-110.6172256470
1230269.2500000000,-110.6178588867
1233105.0000000000,-110.6189956665
1235947.5000000000,-110.6190261841
1238796.3750000000,-110.6308212280
1241651.8750000000,-110.6532745361
1244514.0000000000,-110.6831588745
1247384.1250000000,-110.7151794434
1250259.3750000000,-110.7447052002
1253141.3750000000,-110.7698287964
1256029.8750000000,-110.7916259766
1258925.1250000000,-110.8131561279
1261827.0000000000,-110.8380813599
1264737.0000000000,-110.8694686890
1267652.3750000000,-110.9089202881
1270574.3750000000,-110.9561080933
1273503.1250000000,-111.0087127686
1276438.6250000000,-111.0629959106
1279380.8750000000,-111.1150741577
1282330.0000000000,-111.1622467041
1285287.2500000000,-111.2036056519
1288250.0000000000,-111.2394866943
1291219.5000000000,-111.2489318848
1294195.7500000000,-111.2490768433
1297179.0000000000,-111.2540893555
1300169.1250000000,-111.2556686401
1303166.1250000000,-111.2651443481
1306171.3750000000,-111.2703475952
1309182.2500000000,-111.2731399536
1312200.0000000000,-111.2816009521
1315224.7500000000,-111.2954330444
1318256.3750000000,-111.2999343872
1321295.1250000000,-111.3047637939
1324342.2500000000,-111.3125839233
1327394.8750000000,-111.3142242432
1330454.6250000000,-111.3191833496
1333521.3750000000,-111.3514785767
1336595.2500000000,-111.4090652466
1339676.2500000000,-111.4708023071
1342764.2500000000,-111.5320510864
1345860.8750000000,-111.5926361084
1348963.2500000000,-111.6546936035
1352072.7500000000,-111.7177886963
1355189.3750000000,-111.7761688232
1358313.1250000000,-111.8212585449
1361444.1250000000,-111.8475570679
1364583.8750000000,-111.8565521240
1367729.3750000000,-111.8567733765
1370882.0000000000,-111.8567962646
1374042.0000000000,-111.8608627319
1377209.2500000000,-111.8685989380
1380383.8750000000,-111.8723068237
1383565.7500000000,-111.8729858398
1386756.5000000000,-111.8749084473
1389953.0000000000,-111.8759689331
1393157.0000000000,-111.8923492432
1396368.2500000000,-111.9362411499
1399587.0000000000,-111.9747314453
1402813.1250000000,-112.0153427124
1406046.7500000000,-112.0575408936
1409289.3750000000,-112.1010971069
1412537.8750000000,-112.1423950195
1415793.8750000000,-112.1584472656
1419057.3750000000,-112.1655960083
1422328.3750000000,-112.1698379517
1425607.0000000000,-112.1739501953
1428894.6250000000,-112.1846084595
1432188.3750000000,-112.1884841919
1435489.6250000000,-112.2010498047
1438798.5000000000,-112.3073577881
1442115.1250000000,-112.3765106201
1445439.2500000000,-112.3804779053
1448771.1250000000,-112.3932266235
1452112.2500000000,-112.3981170654
1455459.5000000000,-112.4225845337
1458814.3750000000,-112.4337310791
1462177.0000000000,-112.4398422241
1465547.5000000000,-112.4495697021
1468925.6250000000,-112.4779357910
1472313.2500000000,-112.5209274292
1475707.0000000000,-112.5264205933
1479108.6250000000,-112.5282440186
1482518.1250000000,-112.5837020874
1485935.3750000000,-112.5943145752
1489360.6250000000,-112.6089706421
1492793.6250000000,-112.6169967651
1496236.3750000000,-112.6256942749
1499685.2500000000,-112.6264572144
1503142.1250000000,-112.6348190308
1506607.0000000000,-112.6506347656
1510079.7500000000,-112.6530303955
1513560.6250000000,-112.6543121338
1517051.1250000000,-112.6675109863
1520548.1250000000,-112.6695861816
1524053.0000000000,-112.6754074097
1527566.1250000000,-112.6994094849
1531087.2500000000,-112.7113876343
1534616.5000000000,-112.7638702393
1538153.8750000000,-112.7670211792
1541701.1250000000,-112.8051223755
1545254.8750000000,-112.8143997192
1548816.8750000000,-112.8353347778
1552387.0000000000,-112.9661102295
1555965.3750000000,-113.0265960693
1559551.8750000000,-113.0461349487
1563146.7500000000,-113.0584335327
1566751.7500000000,-113.0585021973
1570363.1250000000,-113.0594787598
1573983.0000000000,-113.0670471191
1577611.1250000000,-113.0834579468
1581247.6250000000,-113.1103591919
1584892.5000000000,-113.1295547485
1588547.5000000000,-113.1334838867
1592209.2500000000,-113.1365509033
1595879.3750000000,-113.1366195679
1599558.0000000000,-113.1503448486
1603245.1250000000,-113.1774978638
1606940.7500000000,-113.2460632324
1610644.8750000000,-113.3334426880
1614359.2500000000,-113.3891983032
1618080.5000000000,-113.4296722412
1621810.2500000000,-113.4515609741
1625548.6250000000,-113.4533767700
1629295.6250000000,-113.4644927979
1633051.2500000000,-113.4974594116
1636817.3750000000,-113.5532073975
1640590.3750000000,-113.6532592773
1644372.0000000000,-113.7285232544
1648162.3750000000,-113.7467422485
1651961.5000000000,-113.7488555908
1655769.5000000000,-113.7602539063
1659586.1250000000,-113.8033981323
1663413.3750000000,-113.8379821777
1667247.6250000000,-113.8414306641
1671090.7500000000,-113.8446655273
1674942.7500000000,-113.8461074829
1678803.6250000000,-113.8647003174
1682673.3750000000,-113.8700332642
1686554.0000000000,-113.8739013672
1690441.6250000000,-113.8741912842
1694338.1250000000,-113.8794403076
1698243.7500000000,-113.8821563721
1702158.2500000000,-113.8823318481
1706081.8750000000,-113.8846054077
1710014.5000000000,-113.8874893188
1713958.1250000000,-113.9004821777
1717908.8750000000,-113.9340744019
1721868.8750000000,-113.9852523804
1725837.8750000000,-114.0551681519
1729816.0000000000,-114.1046447754
1733803.3750000000,-114.1239700317
1737799.8750000000,-114.1466064453
1741807.6250000000,-114.1738891602
1745822.6250000000,-114.1964035034
1749846.7500000000,-114.2301788330
1753880.3750000000,-114.2641830444
1757923.1250000000,-114.2936325073
1761975.2500000000,-114.3411026001
1766038.7500000000,-114.3502120972
1770109.5000000000,-114.3557510376
1774189.7500000000,-114.3577041626
1778279.3750000000,-114.3865280151
1782378.5000000000,-114.4098434448
1786487.0000000000,-114.4186477661
1790605.0000000000,-114.4222335815
1794734.3750000000,-114.4514694214
1798871.3750000000,-114.4526290894
1803017.8750000000,-114.4729156494
1807174.0000000000,-114.5096282959
1811339.6250000000,-114.5440902710
1815514.8750000000,-114.5599060059
1819701.8750000000,-114.5632247925
1823896.3750000000,-114.5695343018
1828100.6250000000,-114.5914840698
1832314.5000000000,-114.6486892700
1836538.1250000000,-114.7219848633
1840771.3750000000,-114.7615356445
1845014.5000000000,-114.7906570435
1849269.5000000000,-114.8124847412
1853532.1250000000,-114.8702774048
1857804.6250000000,-114.9592895508
1862087.0000000000,-115.0107574463
1866379.2500000000,-115.0191955566
1870681.3750000000,-115.0195007324
1874993.5000000000,-115.0313034058
1879317.5000000000,-115.0356674194
1883649.5000000000,-115.0420837402
1887991.5000000000,-115.0450363159
1892343.3750000000,-115.0504150391
1896705.3750000000,-115.0515518188
1901077.3750000000,-115.0606460571
1905461.6250000000,-115.0720367432
1909853.8750000000,-115.0806503296
1914256.2500000000,-115.0818862915
1918668.7500000000,-115.0988235474
1923091.3750000000,-115.1159896851
1927524.2500000000,-115.1291351318
1931967.3750000000,-115.1491546631
1936422.7500000000,-115.1691360474
1940886.3750000000,-115.1720428467
1945360.2500000000,-115.1990585327
1949844.3750000000,-115.2075881958
1954339.0000000000,-115.2186431885
1958843.8750000000,-115.2217788696
1963361.2500000000,-115.2963485718
1967887.0000000000,-115.3658447266
1972423.1250000000,-115.4018630981
1976969.6250000000,-115.4029388428
1981526.7500000000,-115.4046707153
1986094.2500000000,-115.4099884033
1990672.3750000000,-115.4121246338
1995263.2500000000,-115.4188537598
1999862.3750000000,-115.4446640015
2004472.2500000000,-115.5222549438
2009092.7500000000,-115.6554718018
2013723.7500000000,-115.6780319214
2018365.6250000000,-115.7007522583
2023020.2500000000,-115.7015838623
2027683.5000000000,-115.7518234253
2032357.3750000000,-115.7533645630
2037042.1250000000,-115.7566223145
2041737.6250000000,-115.7790374756
2046444.0000000000,-115.7924880981
2051161.2500000000,-115.7924880981
2055891.5000000000,-115.7970199585
2060630.5000000000,-115.8162765503
2065380.3750000000,-115.8615264893
2070141.2500000000,-115.8724899292
2074913.1250000000,-115.9223022461
2079695.8750000000,-116.0414352417
2084489.7500000000,-116.1485137939
2089297.0000000000,-116.1609344482
2094112.8750000000,-116.1825485229
2098940.0000000000,-116.1906204224
2103778.2500000000,-116.2130584717
2108627.5000000000,-116.2248764038
2113488.0000000000,-116.2278366089
2118362.2500000000,-116.2359008789
2123245.2500000000,-116.2384185791
2128139.5000000000,-116.2533721924
2133045.0000000000,-116.2563476563
2137961.7500000000,-116.2666473389
2142889.7500000000,-116.2719039917
2147829.5000000000,-116.2852172852
2152782.7500000000,-116.3169937134
2157745.0000000000,-116.3258056641
2162718.7500000000,-116.3330612183
2167704.0000000000,-116.3837890625
2172700.7500000000,-116.3928909302
2177708.7500000000,-116.4273986816
2182731.0000000000,-116.4289550781
2187762.5000000000,-116.4336395264
2192805.2500000000,-116.5340957642
2197860.0000000000,-116.5465316772
2202926.2500000000,-116.5649795532
2208004.0000000000,-116.5688400269
2213093.7500000000,-116.6067123413
2218197.5000000000,-116.6295852661
2223310.5000000000,-116.6445693970
2228435.5000000000,-116.6458587646
2233572.0000000000,-116.6742248535
2238720.7500000000,-116.6848297119
2243881.0000000000,-116.7081680298
2249055.7500000000,-116.7230834961
2254240.0000000000,-116.7267074585
2259436.2500000000,-116.7632446289
2264644.5000000000,-116.7759399414
2269864.5000000000,-116.8169326782
2275096.7500000000,-116.8642578125
2280341.0000000000,-116.8671646118
2285600.0000000000,-116.8695449829
2290868.2500000000,-116.8950958252
2296149.0000000000,-116.9049224854
2301441.7500000000,-116.9108200073
2306746.7500000000,-117.0055236816
2312064.0000000000,-117.1479873657
2317393.5000000000,-117.2744216919
2322737.7500000000,-117.3054199219
2328091.7500000000,-117.3072433472
2333458.2500000000,-117.3115158081
2338837.0000000000,-117.3148651123
2344228.2500000000,-117.3174285889
2349631.7500000000,-117.3261184692
2355050.5000000000,-117.3387908936
2360479.0000000000,-117.3496093750
2365920.0000000000,-117.4010543823
2371373.7500000000,-117.4950332642
2376840.0000000000,-117.4963226318
2382318.7500000000,-117.5116806030
2387810.0000000000,-117.5676727295
2393316.7500000000,-117.5829086304
2398833.5000000000,-117.5856704712
2404363.0000000000,-117.6105422974
2409905.2500000000,-117.6197814941
2415460.2500000000,-117.6530303955
2421028.0000000000,-117.6545791626
2426611.2500000000,-117.6926422119
2432205.0000000000,-117.6982803345
2437811.2500000000,-117.7095718384
2443430.5000000000,-117.7215576172
2449063.0000000000,-117.7384872437
2454708.2500000000,-117.7712478638
2460366.5000000000,-117.7834548950
2466040.5000000000,-117.8254089355
2471724.7500000000,-117.8498001099
2477422.2500000000,-117.8518066406
2483133.0000000000,-117.9168395996
2488856.7500000000,-117.9327850342
2494593.7500000000,-117.9469757080
2500344.0000000000,-117.9496841431
2506110.2500000000,-117.9622726440
2511887.0000000000,-117.9731979370
2517677.0000000000,-117.9760208130
2523480.5000000000,-117.9949035645
2529297.2500000000,-118.0003509521
2535127.5000000000,-118.0169754028
2540974.0000000000,-118.0353851318
2546831.0000000000,-118.0364761353
2552701.7500000000,-118.0402832031
2558585.7500000000,-118.0598449707
2564483.5000000000,-118.0895385742
2570395.0000000000,-118.0903625488
2576319.7500000000,-118.0917205811
2582261.2500000000,-118.1363906860
2588213.5000000000,-118.1727828979
2594179.5000000000,-118.1883392334
2600159.2500000000,-118.2483901978
2606153.0000000000,-118.2609939575
2612160.2500000000,-118.2775650024
2618184.2500000000,-118.3373718262
2624219.5000000000,-118.3397827148
2630268.5000000000,-118.3625488281
2636331.5000000000,-118.3787155151
2642408.2500000000,-118.3928985596
2648499.2500000000,-118.3967742920
2654604.2500000000,-118.4129028320
2660726.2500000000,-118.4364776611
2666859.5000000000,-118.4488143921
2673006.7500000000,-118.4825973511
2679168.2500000000,-118.4906921387
2685343.7500000000,-118.5238418579
2691533.7500000000,-118.5295867920
2697741.0000000000,-118.5781707764
2703959.2500000000,-118.5834426880
2710192.2500000000,-118.5898742676
2716439.2500000000,-118.6129302979
2722701.0000000000,-118.6797714233
2728977.0000000000,-118.7357482910
2735267.5000000000,-118.7633972168
2741575.5000000000,-118.7698135376
2747895.0000000000,-118.7846527100
2754229.0000000000,-118.8009033203
2760577.7500000000,-118.8281402588
2766941.0000000000,-118.8323364258
2773319.0000000000,-118.8326568604
2779711.7500000000,-118.8400650024
2786122.2500000000,-118.8545989990
2792544.5000000000,-118.9013595581
2798981.5000000000,-118.9168014526
2805433.2500000000,-118.9478912354
2811900.0000000000,-119.0160675049
2818381.7500000000,-119.0591506958
2824881.2500000000,-119.0645675659
2831393.0000000000,-119.0775222778
2837919.5000000000,-119.0936203003
2844461.0000000000,-119.0996627808
2851017.7500000000,-119.1203765869
2857589.5000000000,-119.1226272583
2864176.5000000000,-119.2313613892
2870781.7500000000,-119.2324295044
2877399.2500000000,-119.2393722534
2884031.7500000000,-119.2432556152
2890679.7500000000,-119.2525405884
2897343.0000000000,-119.2534561157
2904021.5000000000,-119.2685546875
2910718.7500000000,-119.2828598022
2917428.0000000000,-119.2832946777
2924153.0000000000,-119.3394851685
2930893.2500000000,-119.4101028442
2937649.2500000000,-119.4722671509
2944420.7500000000,-119.5278549194
2951207.7500000000,-119.5533142090
2958013.7500000000,-119.5989532471
2964832.2500000000,-119.6151962280
2971666.2500000000,-119.6500015259
2978516.2500000000,-119.6690063477
2985382.0000000000,-119.6892242432
2992263.5000000000,-119.7207870483
2999164.2500000000,-119.7291564941
3006077.5000000000,-119.7573623657
3013006.7500000000,-119.7781143188
3019951.7500000000,-119.7999420166
3026913.0000000000,-119.8412017822
3033890.2500000000,-119.8747634888
3040883.7500000000,-119.8752136230
3047896.5000000000,-119.9007415771
3054922.0000000000,-119.9159088135
3061963.7500000000,-119.9207611084
3069022.0000000000,-119.9215393066
3076096.2500000000,-119.9237747192
3083186.7500000000,-119.9301528931
3090293.7500000000,-119.9460983276
3097420.5000000000,-119.9477310181
3104560.2500000000,-119.9738693237
3111716.5000000000,-120.0068359375
3118889.2500000000,-120.0418090820
3126078.5000000000,-120.0753631592
3133284.5000000000,-120.0988845825
3140510.2500000000,-120.1153945923
3147749.2500000000,-120.1235427856
3155005.2500000000,-120.1254348755
3162277.7500000000,-120.1255645752
3169567.0000000000,-120.1267089844
3176873.0000000000,-120.1304016113
3184196.0000000000,-120.1376495361
3191539.2500000000,-120.1506958008
3198896.0000000000,-120.1664657593
3206269.7500000000,-120.1903686523
3213660.2500000000,-120.2184600830
3221068.0000000000,-120.2520065308
3228492.7500000000,-120.2914352417
3235938.2500000000,-120.3326416016
3243397.2500000000,-120.3747253418
3250873.5000000000,-120.4126892090
3258367.0000000000,-120.4466629028
3265877.7500000000,-120.4673156738
3273406.0000000000,-120.4824752808
3280951.2500000000,-120.4869613647
3288517.7500000000,-120.4886169434
3296098.0000000000,-120.4888763428
3303695.7500000000,-120.4972229004
3311311.0000000000,-120.5123825073
3318944.0000000000,-120.5369186401
3326594.2500000000,-120.5755157471
3334262.2500000000,-120.6201782227
3341951.7500000000,-120.6750640869
3349655.2500000000,-120.7329483032
3357376.2500000000,-120.7920913696
3365115.2500000000,-120.8439331055
3372872.2500000000,-120.8866729736
3380646.7500000000,-120.8900222778
3388443.2500000000,-120.8910446167
3396253.7500000000,-120.8944931030
3404082.5000000000,-120.9053039551
3411929.0000000000,-120.9061279297
3419793.7500000000,-120.9193267822
3427676.7500000000,-120.9195785522
3435577.7500000000,-120.9287338257
3443500.7500000000,-120.9313583374
3451438.2500000000,-120.9323806763
3459394.0000000000,-120.9373703003
3467368.2500000000,-120.9589843750
3475360.7500000000,-120.9993515015
3483371.7500000000,-121.0419311523
3491405.0000000000,-121.0862960815
3499452.7500000000,-121.1268615723
3507519.2500000000,-121.1623687744
3515604.5000000000,-121.1929931641
3523708.2500000000,-121.2139205933
3531830.5000000000,-121.2338714600
3539971.7500000000,-121.2528457642
3548135.5000000000,-121.2798233032
3556314.2500000000,-121.3126678467
3564511.7500000000,-121.3514175415
3572728.2500000000,-121.3945999146
3580963.5000000000,-121.4331893921
3589218.0000000000,-121.4669036865
3597495.2500000000,-121.4847640991
3605787.7500000000,-121.4956665039
3614099.2500000000,-121.5011901855
3622430.0000000000,-121.5057830811
3630780.0000000000,-121.5143280029
3639149.2500000000,-121.5260314941
3647537.7500000000,-121.5419006348
3655949.5000000000,-121.5579223633
3664376.7500000000,-121.5736999512
3672823.5000000000,-121.5886459351
3681289.5000000000,-121.6051712036
3689775.2500000000,-121.6239318848
3698280.5000000000,-121.6457672119
3706805.2500000000,-121.6725082397
3715353.7500000000,-121.7015991211
3723918.0000000000,-121.7328796387
3732501.7500000000,-121.7669219971
3741105.5000000000,-121.8014450073
3749729.0000000000,-121.8350524902
3758372.5000000000,-121.8652343750
3767039.7500000000,-121.8875961304
3775723.2500000000,-121.9053802490
3784426.5000000000,-121.9191741943
3793149.7500000000,-121.9346160889
3801893.2500000000,-121.9549942017
3810657.0000000000,-121.9794692993
3819440.7500000000,-122.0078125000
3828249.0000000000,-122.0352783203
3837073.5000000000,-122.0621643066
3845918.2500000000,-122.0889968872
3854783.2500000000,-122.1204757690
3863668.7500000000,-122.1559371948
3872574.7500000000,-122.1680297852
3881505.7500000000,-122.1681823730
3890452.7500000000,-122.1812133789
3899420.5000000000,-122.1819381714
3908409.0000000000,-122.1910629272
3917418.2500000000,-122.2064132690
3926448.0000000000,-122.2072753906
3935498.7500000000,-122.2220916748
3944574.7500000000,-122.2257003784
3953667.2500000000,-122.2318496704
3962780.7500000000,-122.2330780029
3971915.2500000000,-122.2588806152
3981070.7500000000,-122.2841873169
3990247.5000000000,-122.3123779297
3999449.7500000000,-122.3475952148
4008668.7500000000,-122.3867416382
4017909.0000000000,-122.4276275635
4027170.5000000000,-122.4654693604
4036453.5000000000,-122.4934310913
4045757.7500000000,-122.5135574341
4055083.5000000000,-122.5277938843
4064435.2500000000,-122.5394744873
4073804.0000000000,-122.5575332642
4083194.5000000000,-122.5828628540
4092606.5000000000,-122.6139831543
4102040.2500000000,-122.6486206055
4111495.7500000000,-122.6795501709
4120973.0000000000,-122.7028961182
4130476.7500000000,-122.7206802368
4139997.7500000000,-122.7356872559
4149540.7500000000,-122.7539672852
4159105.7500000000,-122.7843093872
4168692.7500000000,-122.8244323730
4178301.7500000000,-122.8715515137
4187937.7500000000,-122.9217147827
4197591.0000000000,-122.9664993286
4207267.0000000000,-122.9852218628
4216965.0000000000,-122.9876632690
4226685.5000000000,-122.9969711304
4236428.0000000000,-122.9972839355
4246193.5000000000,-123.0012817383
4255986.0000000000,-123.0125274658
4265796.5000000000,-123.0128479004
4275629.5000000000,-123.0225296021
4285485.0000000000,-123.0586242676
4295363.0000000000,-123.0978088379
4305264.5000000000,-123.1312942505
4315193.0000000000,-123.1569900513
4325140.0000000000,-123.1745681763
4335109.5000000000,-123.1852416992
4345102.5000000000,-123.1919479370
4355118.0000000000,-123.2036590576
4365157.0000000000,-123.2282257080
4375219.0000000000,-123.2688217163
4385309.0000000000,-123.3240356445
4395417.5000000000,-123.3875503540
4405549.0000000000,-123.4458312988
4415704.5000000000,-123.4733352661
4425883.0000000000,-123.4804763794
4436085.0000000000,-123.4809112549
4446310.5000000000,-123.4868392944
4456564.0000000000,-123.4962081909
4466837.0000000000,-123.5072631836
4477133.5000000000,-123.5100021362
4487453.5000000000,-123.5106277466
4497797.5000000000,-123.5168151855
4508165.0000000000,-123.5531463623
4518561.5000000000,-123.6151199341
4528977.0000000000,-123.6847152710
4539417.0000000000,-123.7455596924
4549880.5000000000,-123.7476882935
4560368.5000000000,-123.7541961670
4570880.5000000000,-123.7649383545
4581416.5000000000,-123.7741546631
4591982.0000000000,-123.7855224609
4602567.0000000000,-123.7940292358
4613176.0000000000,-123.8004455566
4623810.0000000000,-123.8007812500
4634468.0000000000,-123.8443145752
4645151.0000000000,-123.8886032104
4655863.5000000000,-123.9263992310
4666595.5000000000,-123.9520492554
4677352.0000000000,-123.9573211670
4688134.0000000000,-123.9601287842
4698940.5000000000,-123.9625091553
4709771.5000000000,-123.9720840454
4720628.0000000000,-124.0090866089
4731514.5000000000,-124.0618591309
4742421.0000000000,-124.1183547974
4753353.0000000000,-124.1672058105
4764309.5000000000,-124.2015686035
4775291.5000000000,-124.2147979736
4786299.0000000000,-124.2154922485
4797337.0000000000,-124.2200241089
4808395.5000000000,-124.2214660645
4819479.0000000000,-124.2251205444
4830588.0000000000,-124.2253112793
4841723.0000000000,-124.2501983643
4852883.5000000000,-124.2872848511
4864070.0000000000,-124.3281631470
4875287.0000000000,-124.3610229492
4886525.0000000000,-124.3729782104
4897789.0000000000,-124.3770751953
4909078.5000000000,-124.3771514893
4920394.5000000000,-124.3806762695
4931736.0000000000,-124.4104385376
4943104.0000000000,-124.4606094360
4954504.0000000000,-124.4981689453
4965924.5000000000,-124.5017089844
4977371.0000000000,-124.5168457031
4988844.5000000000,-124.5177078247
5000344.0000000000,-124.5311431885
5011870.0000000000,-124.5523529053
5023428.5000000000,-124.5668106079
5035007.5000000000,-124.5846099854
5046614.0000000000,-124.5891036987
5058246.5000000000,-124.6026611328
5069906.0000000000,-124.6143264771
5081592.5000000000,-124.6194229126
5093306.0000000000,-124.6518936157
5105052.0000000000,-124.6608581543
5116819.5000000000,-124.6802139282
5128614.5000000000,-124.6883468628
5140436.0000000000,-124.7108230591
5152285.0000000000,-124.7180786133
5164161.5000000000,-124.7356185913
5176071.0000000000,-124.7631759644
5188002.0000000000,-124.8591461182
5199961.0000000000,-124.9405136108
5211947.0000000000,-124.9881668091
5223961.0000000000,-125.0080642700
5236002.5000000000,-125.0134735107
5248072.0000000000,-125.0143356323
5260175.0000000000,-125.0155029297
5272300.0000000000,-125.0163955688
5284453.0000000000,-125.0180664063
5296634.0000000000,-125.0188293457
5308843.5000000000,-125.0194931030
5321080.5000000000,-125.0200119019
5333352.0000000000,-125.0216445923
5345645.5000000000,-125.0333480835
5357967.5000000000,-125.0641479492
5370318.0000000000,-125.1103057861
5382697.0000000000,-125.1677474976
5395104.5000000000,-125.2330093384
5407541.0000000000,-125.3002853394
5420011.5000000000,-125.3593750000
5432505.0000000000,-125.4018173218
5445027.5000000000,-125.4293746948
5457578.5000000000,-125.4519042969
5470158.5000000000,-125.4677276611
5482767.5000000000,-125.4743881226
5495406.0000000000,-125.4807891846
5508079.0000000000,-125.4875411987
5520775.5000000000,-125.4901733398
5533501.5000000000,-125.4921112061
5546256.5000000000,-125.4925994873
5559041.0000000000,-125.4998703003
5571855.0000000000,-125.5072402954
5584704.5000000000,-125.5095672607
5597578.0000000000,-125.5198364258
5610480.5000000000,-125.5484313965
5623413.5000000000,-125.6187667847
5636375.5000000000,-125.7060394287
5649368.0000000000,-125.7929611206
5662390.0000000000,-125.8061218262
5675448.5000000000,-125.8109970093
5688531.0000000000,-125.8282165527
5701643.5000000000,-125.8320388794
5714786.0000000000,-125.8575210571
5727959.0000000000,-125.8601989746
5741162.5000000000,-125.8765792847
5754402.5000000000,-125.8850326538
5767666.5000000000,-125.8851089478
5780961.5000000000,-125.8883895874
5794287.0000000000,-125.9014739990
5807643.5000000000,-125.9032669067
5821030.5000000000,-125.9265289307
5834448.5000000000,-125.9352264404
5847903.5000000000,-125.9477996826
5861383.5000000000,-125.9593124390
5874894.0000000000,-125.9660186768
5888436.5000000000,-125.9716873169
5902009.5000000000,-126.0197448730
5915614.0000000000,-126.1375885010
5929250.0000000000,-126.1512069702
5942924.0000000000,-126.1540222168
5956622.5000000000,-126.1608734131
5970353.0000000000,-126.1632537842
5984115.5000000000,-126.1651306152
5997909.0000000000,-126.1662673950
6011734.5000000000,-126.1677246094
6025599.0000000000,-126.1726379395
6039488.0000000000,-126.1887207031
6053409.5000000000,-126.2102279663
6067363.0000000000,-126.2304840088
6081349.0000000000,-126.2633666992
6095367.0000000000,-126.3163452148
6109417.0000000000,-126.3986358643
6123506.5000000000,-126.4542465210
6137621.5000000000,-126.4856872559
6151769.0000000000,-126.5226821899
6165949.5000000000,-126.5575714111
6180162.5000000000,-126.5804443359
6194408.0000000000,-126.5948181152
6208693.5000000000,-126.6031570435
6223005.0000000000,-126.6098556519
6237349.5000000000,-126.6166534424
6251727.0000000000,-126.6253662109
6266137.5000000000,-126.6313095093
6280581.5000000000,-126.6324996948
6295058.5000000000,-126.6359558105
6309576.0000000000,-126.6756896973
6324120.0000000000,-126.7194976807
6338698.0000000000,-126.7465057373
6353309.0000000000,-126.7605819702
6367954.0000000000,-126.7986831665
6382632.5000000000,-126.8673706055
6397352.0000000000,-126.9236526489
6412098.0000000000,-126.9452133179
6426878.5000000000,-126.9572830200
6441693.0000000000,-126.9593276978
6456541.5000000000,-127.0226440430
6471424.0000000000,-127.0370254517
6486341.5000000000,-127.0461959839
6501300.0000000000,-127.0463562012
6516286.0000000000,-127.0743560791
6531306.5000000000,-127.0748748779
6546361.5000000000,-127.0752944946
6561451.5000000000,-127.0995712280
6576576.0000000000,-127.1587982178
6591735.5000000000,-127.2103424072
6606937.0000000000,-127.2337417603
6622166.5000000000,-127.2358322144
6637431.0000000000,-127.2395401001
6652731.0000000000,-127.2510147095
6668066.0000000000,-127.2558288574
6683436.0000000000,-127.2607574463
6698849.5000000000,-127.2806472778
6714290.5000000000,-127.2822875977
6729767.5000000000,-127.2837829590
6745280.0000000000,-127.3013076782
6760828.5000000000,-127.3101577759
6776413.0000000000,-127.3137435913
6792033.0000000000,-127.3163909912
6807696.5000000000,-127.3319778442
6823388.5000000000,-127.3582153320
6839117.0000000000,-127.3587188721
6854881.5000000000,-127.4162750244
6870682.5000000000,-127.4263305664
6886520.0000000000,-127.4409790039
6902401.5000000000,-127.4682312012
6918312.0000000000,-127.4925765991
6934259.5000000000,-127.5600357056
6950243.5000000000,-127.5665283203
6966264.0000000000,-127.5765228271
6982322.0000000000,-127.6079483032
6998416.5000000000,-127.6529159546
7014556.0000000000,-127.6835479736
7030725.0000000000,-127.7105102539
7046931.5000000000,-127.7256469727
7063175.0000000000,-127.7262573242
7079456.5000000000,-127.7313613892
7095775.0000000000,-127.7541275024
7112139.0000000000,-127.8154067993
7128533.0000000000,-127.8401870728
7144965.0000000000,-127.8527297974
7161434.5000000000,-127.8541107178
7177942.0000000000,-127.9759216309
7194487.5000000000,-127.9901428223
7211071.5000000000,-127.9966049194
7227701.5000000000,-128.0646667480
7244362.0000000000,-128.0668182373
7261060.5000000000,-128.0795135498
7277798.0000000000,-128.0880737305
7294573.5000000000,-128.0905456543
7311388.0000000000,-128.0972442627
7328241.5000000000,-128.1027984619
7345141.5000000000,-128.1134643555
7362072.5000000000,-128.1251831055
7379043.0000000000,-128.1494750977
7396052.0000000000,-128.1514587402
7413100.5000000000,-128.1724090576
7430188.0000000000,-128.1763610840
7447323.5000000000,-128.1779937744
7464490.0000000000,-128.1869506836
7481696.5000000000,-128.1869659424
7498942.0000000000,-128.2076568604
7516227.5000000000,-128.2414855957
7533553.0000000000,-128.2420959473
7550918.5000000000,-128.2499237061
7568332.0000000000,-128.3385925293
7585777.5000000000,-128.3984527588
7603263.5000000000,-128.4020385742
7620789.5000000000,-128.4183044434
7638356.0000000000,-128.4201660156
7655963.0000000000,-128.4246368408
7673619.0000000000,-128.4319458008
7691307.0000000000,-128.4448852539
7709036.0000000000,-128.4689636230
7726806.0000000000,-128.4710540771
7744617.0000000000,-128.4982910156
7762469.0000000000,-128.5801239014
7780362.0000000000,-128.6964111328
7798304.5000000000,-128.7263946533
7816280.5000000000,-128.7643890381
7834297.5000000000,-128.7732849121
7852356.0000000000,-128.7822875977
7870456.0000000000,-128.8241882324
7888598.0000000000,-128.8339080811
7906782.0000000000,-128.8452301025
7925016.5000000000,-128.8579254150
7943284.0000000000,-128.8710937500
7961594.0000000000,-128.8726043701
7979946.0000000000,-128.9140014648
7998340.5000000000,-128.9310302734
8016777.0000000000,-128.9414367676
8035265.0000000000,-128.9490051270
8053787.0000000000,-128.9933471680
8072351.5000000000,-128.9986114502
8090959.0000000000,-129.0090637207
8109609.0000000000,-129.0144195557
8128302.5000000000,-129.0184326172
8147038.5000000000,-129.0723724365
8165827.0000000000,-129.0772857666
8184650.0000000000,-129.0870819092
8203516.0000000000,-129.0993499756
8222426.0000000000,-129.1191406250
8241379.0000000000,-129.1333923340
8260376.0000000000,-129.1429901123
8279426.0000000000,-129.1787109375
8298510.5000000000,-129.1990051270
8317639.0000000000,-129.2190399170
8336812.0000000000,-129.2480621338
8356029.0000000000,-129.2851409912
8375290.0000000000,-129.3513488770
8394596.0000000000,-129.4134979248
8413955.0000000000,-129.4220428467
8433350.0000000000,-129.4233245850
8452789.0000000000,-129.4484863281
8472274.0000000000,-129.4774322510
8491803.0000000000,-129.5591583252
8511377.0000000000,-129.5742034912
8531006.0000000000,-129.5762634277
8550670.0000000000,-129.5785980225
8570380.0000000000,-129.6008300781
8590136.0000000000,-129.6036987305
8609936.0000000000,-129.6142120361
8629783.0000000000,-129.6387481689
8649675.0000000000,-129.6537322998
8669623.0000000000,-129.6742858887
8689607.0000000000,-129.6859741211
8709637.0000000000,-129.6865386963
8729713.0000000000,-129.6876220703
8749836.0000000000,-129.7121429443
8770005.0000000000,-129.7359771729
8790220.0000000000,-129.7494354248
8810492.0000000000,-129.7683410645
8830801.0000000000,-129.7780303955
8851157.0000000000,-129.8189086914
8871559.0000000000,-129.8347625732
8892009.0000000000,-129.8691864014
8912505.0000000000,-129.8838043213
8933059.0000000000,-129.8926696777
8953651.0000000000,-129.9291229248
8974289.0000000000,-129.9726715088
8994976.0000000000,-130.0242767334
9015710.0000000000,-130.0602264404
9036492.0000000000,-130.0775451660
9057321.0000000000,-130.0968627930
9078209.0000000000,-130.1183471680
9099135.0000000000,-130.1695556641
9120109.0000000000,-130.2755126953
9141132.0000000000,-130.3188323975
9162203.0000000000,-130.3539123535
9183322.0000000000,-130.3554534912
9204500.0000000000,-130.3624725342
9225718.0000000000,-130.3858184814
9246983.0000000000,-130.3985900879
9268298.0000000000,-130.4118499756
9289662.0000000000,-130.4865417480
9311076.0000000000,-130.5469055176
9332538.0000000000,-130.5642547607
9354061.0000000000,-130.5789794922
9375623.0000000000,-130.5923309326
9397234.0000000000,-130.5943603516
9418895.0000000000,-130.6041564941
9440607.0000000000,-130.6076049805
9462368.0000000000,-130.6091461182
9484190.0000000000,-130.6126708984
9506052.0000000000,-130.6302642822
9527964.0000000000,-130.6887817383
9549926.0000000000,-130.7616577148
9571940.0000000000,-130.7688293457
9594004.0000000000,-130.7965545654
9616118.0000000000,-130.8027343750
9638295.0000000000,-130.8113861084
9660512.0000000000,-130.8217468262
9682780.0000000000,-130.8265991211
9705099.0000000000,-130.8396759033
9727470.0000000000,-130.8407592773
9749893.0000000000,-130.8582611084
9772367.0000000000,-130.9099884033
9794904.0000000000,-130.9740142822
9817482.0000000000,-131.0250244141
9840112.0000000000,-131.0395355225
9862794.0000000000,-131.0628814697
9885528.0000000000,-131.0880126953
9908315.0000000000,-131.1242980957
9931165.0000000000,-131.1586151123
9954057.0000000000,-131.1964874268
9977002.0000000000,-131.2699432373
10000000.0000000000,-131.3393402100
10023051.0000000000,-131.4207458496
10046155.0000000000,-131.4575805664
10069312.0000000000,-131.4594421387
10092533.0000000000,-131.4627380371
10115797.0000000000,-131.4817962646
10139115.0000000000,-131.4903106689
10162486.0000000000,-131.5052337646
10185911.0000000000,-131.5067901611
10209391.0000000000,-131.5257415771
10232935.0000000000,-131.5369110107
10256523.0000000000,-131.5720672607
10280165.0000000000,-131.5769042969
10303861.0000000000,-131.5852813721
10327613.0000000000,-131.6092834473
10351418.0000000000,-131.6407318115
10375279.0000000000,-131.6407318115
10399206.0000000000,-131.6407318115
10423177.0000000000,-131.6407318115
10447203.0000000000,-131.6425476074
10471285.0000000000,-131.6445312500
10495422.0000000000,-131.6476898193
10519615.0000000000,-131.6752624512
10543863.0000000000,-131.6769104004
10568179.0000000000,-131.6851654053
10592540.0000000000,-131.6945800781
10616956.0000000000,-131.6955566406
10641429.0000000000,-131.7235107422
10665958.0000000000,-131.7276611328
10690544.0000000000,-131.7297973633
10715198.0000000000,-131.7370452881
10739898.0000000000,-131.7520446777
10764654.0000000000,-131.7722320557
10789467.0000000000,-131.7737426758
10814338.0000000000,-131.8039550781
10839265.0000000000,-131.8236083984
10864251.0000000000,-131.8315277100
10889305.0000000000,-131.8333129883
10914406.0000000000,-131.8568420410
10939565.0000000000,-131.8941802979
10964781.0000000000,-131.8944091797
10990056.0000000000,-131.9253997803
11015388.0000000000,-131.9395904541
11040792.0000000000,-131.9555206299
11066242.0000000000,-131.9790802002
11091750.0000000000,-131.9864501953
11117317.0000000000,-131.9970855713
11142944.0000000000,-132.0041656494
11168629.0000000000,-132.1138305664
11194373.0000000000,-132.1209869385
11220189.0000000000,-132.1511688232
11246053.0000000000,-132.2794952393
11271976.0000000000,-132.2857513428
11297958.0000000000,-132.3015594482
11324001.0000000000,-132.4199829102
11350104.0000000000,-132.4374694824
11376279.0000000000,-132.4446258545
11402502.0000000000,-132.5138854980
11428786.0000000000,-132.5261535645
11455130.0000000000,-132.5597991943
11481535.0000000000,-132.5715026855
11508000.0000000000,-132.6810760498
11534527.0000000000,-132.7765350342
11561128.0000000000,-132.8640747070
11587777.0000000000,-132.9023132324
11614488.0000000000,-132.9109954834
11641260.0000000000,-132.9188232422
11668094.0000000000,-132.9299163818
11694990.0000000000,-132.9380035400
11721947.0000000000,-132.9535675049
11748980.0000000000,-132.9654541016
11776062.0000000000,-132.9964904785
11803207.0000000000,-132.9964904785
11830414.0000000000,-132.9964904785
11857684.0000000000,-133.0529937744
11885017.0000000000,-133.0572052002
11912426.0000000000,-133.0977020264
11939885.0000000000,-133.1504516602
11967407.0000000000,-133.1799316406
11994993.0000000000,-133.1799316406
12022642.0000000000,-133.1799316406
12050355.0000000000,-133.1799316406
12078132.0000000000,-133.1799316406
12105986.0000000000,-133.1799316406
12133892.0000000000,-133.1799316406
12161861.0000000000,-133.1799316406
12189895.0000000000,-133.1912994385
12217994.0000000000,-133.2133331299
12246157.0000000000,-133.2408905029
12274399.0000000000,-133.2425231934
12302692.0000000000,-133.3230895996
12331051.0000000000,-133.3944549561
12359475.0000000000,-133.3995971680
12387964.0000000000,-133.5604705811
12416519.0000000000,-133.5604705811
12445140.0000000000,-133.5604705811
12473841.0000000000,-133.5192871094
12502594.0000000000,-133.3944549561
12531413.0000000000,-133.3230895996
12560299.0000000000,-133.2859954834
12589251.0000000000,-133.2859954834
12618270.0000000000,-133.2859954834
12647370.0000000000,-133.2859954834
12676523.0000000000,-133.2859954834
12705744.0000000000,-133.2859954834
12735031.0000000000,-133.2859954834
12764387.0000000000,-133.2859954834
12793809.0000000000,-133.2859954834
12823300.0000000000,-133.2859954834
12852873.0000000000,-133.2859954834
12882499.0000000000,-133.2859954834
12912195.0000000000,-133.3230895996
12941958.0000000000,-133.4374694824
12971790.0000000000,-133.5192871094
13001691.0000000000,-133.5604705811
13031661.0000000000,-133.7182312012
13061714.0000000000,-133.7441711426
13091822.0000000000,-133.8073120117
13122000.0000000000,-133.9515838623
13152247.0000000000,-133.9850463867
13182564.0000000000,-133.9858398438
13212951.0000000000,-134.0583343506
13243422.0000000000,-134.0902099609
13273949.0000000000,-134.1062011719
13304546.0000000000,-134.1110229492
13335214.0000000000,-134.1159973145
13365953.0000000000,-134.1159973145
13396762.0000000000,-134.1159973145
13427643.0000000000,-134.1159973145
13458609.0000000000,-134.1159973145
13489632.0000000000,-134.1159973145
13520727.0000000000,-134.1159973145
13551893.0000000000,-134.1159973145
13583131.0000000000,-134.1402130127
13614441.0000000000,-134.1560058594
13645839.0000000000,-134.1579742432
13677293.0000000000,-134.1587829590
13708820.0000000000,-134.1802062988
13740420.0000000000,-134.1899871826
13772093.0000000000,-134.2248229980
13803838.0000000000,-134.2425842285
13835657.0000000000,-134.2425842285
13867565.0000000000,-134.2425842285
13899530.0000000000,-134.2425842285
13931570.0000000000,-134.2412872314
13963683.0000000000,-134.2248229980
13995870.0000000000,-134.2248229980
14028132.0000000000,-134.2248229980
14060468.0000000000,-134.2248229980
14092893.0000000000,-134.2248229980
14125379.0000000000,-134.2248229980
14157939.0000000000,-134.2248229980
14190574.0000000000,-134.2248229980
14223284.0000000000,-134.2248229980
14256070.0000000000,-134.2248229980
14288946.0000000000,-134.2248229980
14321884.0000000000,-134.2248229980
14354896.0000000000,-134.2248229980
14387986.0000000000,-134.2412872314
14421151.0000000000,-134.3205413818
14454393.0000000000,-134.3368225098
14487711.0000000000,-134.3416595459
14521122.0000000000,-134.3867950439
14554594.0000000000,-134.4300994873
14588144.0000000000,-134.4373016357
14621770.0000000000,-134.4483032227
14655475.0000000000,-134.4968566895
14689257.0000000000,-134.5065765381
14723133.0000000000,-134.5203399658
14757070.0000000000,-134.5479583740
14791086.0000000000,-134.5555877686
14825181.0000000000,-134.6054840088
14859354.0000000000,-134.6322631836
14893606.0000000000,-134.7228546143
14927937.0000000000,-134.7230529785
14962363.0000000000,-134.7640838623
14996852.0000000000,-134.7662048340
15031421.0000000000,-134.8009033203
15066070.0000000000,-134.8393859863
15100798.0000000000,-134.8523712158
15135607.0000000000,-134.8914642334
15170512.0000000000,-135.1022186279
15205481.0000000000,-135.1080932617
15240531.0000000000,-135.1210174561
15275661.0000000000,-135.1411437988
15310873.0000000000,-135.1631317139
15346165.0000000000,-135.2931823730
15381539.0000000000,-135.3224029541
15417012.0000000000,-135.3289337158
15452549.0000000000,-135.3513183594
15488168.0000000000,-135.3718719482
15523870.0000000000,-135.3947296143
15559653.0000000000,-135.4478912354
15595519.0000000000,-135.4576110840
15631468.0000000000,-135.5081329346
15667517.0000000000,-135.5910491943
15703632.0000000000,-135.6531219482
15739830.0000000000,-135.6531219482
15776111.0000000000,-135.6531219482
15812476.0000000000,-135.6531219482
15848925.0000000000,-135.6531219482
15885475.0000000000,-135.6531219482
15922092.0000000000,-135.6531219482
15958794.0000000000,-135.7180480957
15995580.0000000000,-135.7180480957
16032451.0000000000,-135.7180480957
16069407.0000000000,-135.7180480957
16106448.0000000000,-135.7180480957
16143592.0000000000,-135.7180480957
16180804.0000000000,-135.6531219482
16218102.0000000000,-135.6138153076
16255486.0000000000,-135.6022491455
16292956.0000000000,-135.5910491943
16330513.0000000000,-135.5910491943
16368174.0000000000,-135.5910491943
16405903.0000000000,-135.5910491943
16443720.0000000000,-135.6022491455
16481624.0000000000,-135.6022491455
16519616.0000000000,-135.6022491455
16557694.0000000000,-135.6022491455
16595861.0000000000,-135.6022491455
16634134.0000000000,-135.6022491455
16672477.0000000000,-135.6022491455
16710908.0000000000,-135.5910491943
16749428.0000000000,-135.5459289551
16788036.0000000000,-135.4933319092
16826734.0000000000,-135.4844512939
16865540.0000000000,-135.4933319092
16904416.0000000000,-135.5355377197
16943382.0000000000,-135.5459289551
16982438.0000000000,-135.5459289551
17021582.0000000000,-135.5459289551
17060818.0000000000,-135.5459289551
17100146.0000000000,-135.5459289551
17139582.0000000000,-135.5459289551
17179090.0000000000,-135.5459289551
17218688.0000000000,-135.5459289551
17258378.0000000000,-135.5459289551
17298160.0000000000,-135.6022491455
17338034.0000000000,-135.6138153076
17378000.0000000000,-135.7180480957
17418076.0000000000,-135.7505645752
17458226.0000000000,-135.8974609375
17498468.0000000000,-135.9141845703
17538804.0000000000,-135.9322967529
17579232.0000000000,-135.9322967529
17619752.0000000000,-135.9322967529
17660388.0000000000,-135.9322967529
17701096.0000000000,-135.9322967529
17741898.0000000000,-135.9322967529
17782794.0000000000,-135.9705352783
17823784.0000000000,-135.9872436523
17864870.0000000000,-136.0277557373
17906050.0000000000,-136.0440979004
17947344.0000000000,-136.1612548828
17988714.0000000000,-136.1709442139
18030180.0000000000,-136.1739349365
18071740.0000000000,-136.1856842041
18113396.0000000000,-136.1872253418
18155150.0000000000,-136.1872253418
18197018.0000000000,-136.1856842041
18238964.0000000000,-136.1856842041
18281006.0000000000,-136.1872253418
18323144.0000000000,-136.1896209717
18365380.0000000000,-136.2338256836
18407714.0000000000,-136.2610168457
18450146.0000000000,-136.2970428467
18492694.0000000000,-136.3023223877
18535322.0000000000,-136.3459930420
18578046.0000000000,-136.3459930420
18620870.0000000000,-136.3459930420
18663792.0000000000,-136.3023223877
18706814.0000000000,-136.3023223877
18749934.0000000000,-136.3023223877
18793176.0000000000,-136.3023223877
18836496.0000000000,-136.3023223877
18879914.0000000000,-136.3023223877
18923434.0000000000,-136.3023223877
18967054.0000000000,-136.3023223877
19010774.0000000000,-136.3023223877
19054616.0000000000,-136.3459930420
19098538.0000000000,-136.4076385498
19142562.0000000000,-136.4868011475
19186688.0000000000,-136.5261383057
19230914.0000000000,-136.5646514893
19275242.0000000000,-136.5914306641
19319674.0000000000,-136.6397094727
19364228.0000000000,-136.6583862305
19408864.0000000000,-136.9579925537
19453602.0000000000,-137.0594635010
19498444.0000000000,-137.0894927979
19543390.0000000000,-137.3454284668
19588438.0000000000,-137.3846435547
19633612.0000000000,-137.4358215332
19678870.0000000000,-137.5636901855
19724230.0000000000,-137.6662597656
19769696.0000000000,-137.7213592529
19815268.0000000000,-137.9004516602
19860942.0000000000,-138.1600952148
19906724.0000000000,-138.2331695557
19952632.0000000000,-138.2614898682
19998624.0000000000,-138.3748168945
20044722.0000000000,-138.3996429443
20090926.0000000000,-138.4010467529
20137238.0000000000,-138.4998474121
20183656.0000000000,-138.5008239746
20230202.0000000000,-138.5079956055
20276834.0000000000,-138.5439910889
20323574.0000000000,-138.5485076904
20370422.0000000000,-138.7183380127
20417376.0000000000,-138.8592834473
20464440.0000000000,-138.8592834473
20511612.0000000000,-138.8592834473
20558916.0000000000,-138.8592834473
20606306.0000000000,-138.8592834473
20653804.0000000000,-138.8592834473
20701412.0000000000,-138.8592834473
20749130.0000000000,-138.8592834473
20796960.0000000000,-138.8592834473
20844898.0000000000,-138.8592834473
20892970.0000000000,-138.8712921143
20941130.0000000000,-138.8771972656
20989400.0000000000,-138.9971008301
21037782.0000000000,-139.0780029297
21086276.0000000000,-139.1202697754
21134882.0000000000,-139.1202697754
21183622.0000000000,-139.1202697754
21232452.0000000000,-139.1202697754
21281394.0000000000,-139.1290283203
21330448.0000000000,-139.1332855225
21379618.0000000000,-139.2175598145
21428898.0000000000,-139.5277404785
21478294.0000000000,-139.8605957031
21527826.0000000000,-139.9335174561
21577450.0000000000,-140.0221557617
21627188.0000000000,-140.1375427246
21677040.0000000000,-140.1405639648
21727006.0000000000,-140.1902160645
21777088.0000000000,-140.2893676758
21827310.0000000000,-140.2893676758
21877624.0000000000,-140.3355102539
21928054.0000000000,-140.3355102539
21978600.0000000000,-140.3355102539
22029262.0000000000,-140.2893676758
22080040.0000000000,-140.2758483887
22130936.0000000000,-140.1902160645
22181974.0000000000,-140.1902160645
22233106.0000000000,-140.1902160645
22284354.0000000000,-140.0573120117
22335722.0000000000,-139.9335174561
22387206.0000000000,-139.8605957031
22438810.0000000000,-139.8605957031
22490558.0000000000,-139.8605957031
22542400.0000000000,-139.8605957031
22594362.0000000000,-139.8605957031
22646444.0000000000,-139.8724365234
22698646.0000000000,-139.8724365234
22750968.0000000000,-139.8724365234
22803410.0000000000,-139.8724365234
22855998.0000000000,-139.8724365234
22908684.0000000000,-139.8724365234
22961490.0000000000,-139.8724365234
23014418.0000000000,-139.8236389160
23067468.0000000000,-139.8009338379
23120640.0000000000,-139.7986907959
23173934.0000000000,-139.7858734131
23227378.0000000000,-139.7858734131
23280918.0000000000,-139.7986907959
23334582.0000000000,-139.7986907959
23388370.0000000000,-139.7858734131
23442282.0000000000,-139.7746124268
23496318.0000000000,-139.7142639160
23550504.0000000000,-139.7142639160
23604790.0000000000,-139.7142639160
23659200.0000000000,-139.7025756836
23713738.0000000000,-139.5318756104
23768398.0000000000,-139.3515319824
23823186.0000000000,-139.3302001953
23878100.0000000000,-139.2067871094
23933168.0000000000,-139.0876617432
23988336.0000000000,-138.9852447510
24043630.0000000000,-138.9852447510
24099052.0000000000,-138.9852447510
24154602.0000000000,-138.9852447510
24210280.0000000000,-138.9852447510
24266114.0000000000,-138.9852447510
24322048.0000000000,-138.9852447510
24378112.0000000000,-138.9852447510
24434306.0000000000,-138.9852447510
24490628.0000000000,-138.9852447510
24547082.0000000000,-138.9169769287
24603664.0000000000,-138.7250671387
24660404.0000000000,-138.6895294189
24717248.0000000000,-138.9169769287
24774224.0000000000,-138.9852447510
24831330.0000000000,-139.0876617432
24888568.0000000000,-139.0876617432
24945938.0000000000,-139.0876617432
25003440.0000000000,-139.0876617432
25061102.0000000000,-139.0876617432
25118870.0000000000,-139.0876617432
25176770.0000000000,-139.0876617432
25234804.0000000000,-138.7569732666
25292972.0000000000,-138.7569732666
25351274.0000000000,-138.7569732666
25409740.0000000000,-139.1663360596
25468310.0000000000,-139.1663360596
25527016.0000000000,-139.1663360596
25585858.0000000000,-139.1663360596
25644836.0000000000,-139.1663360596
25703948.0000000000,-139.2113494873
25763198.0000000000,-139.3515319824
25822612.0000000000,-139.4118194580
25882136.0000000000,-139.2113494873
25941796.0000000000,-139.1663360596
26001594.0000000000,-139.1663360596
26061528.0000000000,-139.1663360596
26121602.0000000000,-139.2113494873
26181844.0000000000,-139.2113494873
26242194.0000000000,-139.2113494873
26302684.0000000000,-139.2113494873
26363314.0000000000,-139.2113494873
26424084.0000000000,-139.3694763184
26484992.0000000000,-139.3694763184
26546042.0000000000,-139.3694763184
26607262.0000000000,-139.1663360596
26668594.0000000000,-138.9750213623
26730066.0000000000,-138.7569732666
26791682.0000000000,-138.5899810791
26853438.0000000000,-138.5681304932
26915338.0000000000,-138.4400329590
26977408.0000000000,-138.4400329590
27039594.0000000000,-138.4400329590
27101922.0000000000,-138.4400329590
27164394.0000000000,-138.4278869629
27227010.0000000000,-138.4278869629
27289770.0000000000,-138.4278869629
27352674.0000000000,-138.4278869629
27415754.0000000000,-138.4400329590
27478950.0000000000,-138.4522247314
27542290.0000000000,-138.5681304932
27605778.0000000000,-138.5899810791
27669410.0000000000,-138.7569732666
27733190.0000000000,-138.5899810791
27797118.0000000000,-138.5681304932
27861222.0000000000,-138.4522247314
27925444.0000000000,-138.4278869629
27989814.0000000000,-138.4522247314
28054334.0000000000,-138.4522247314
28119000.0000000000,-138.4522247314
28183816.0000000000,-138.4522247314
28248814.0000000000,-138.4522247314
28313930.0000000000,-138.4522247314
28379194.0000000000,-138.4522247314
28444610.0000000000,-138.5899810791
28510178.0000000000,-138.9750213623
28575896.0000000000,-139.2138519287
28641766.0000000000,-139.3694763184
28707818.0000000000,-139.3694763184
28773992.0000000000,-139.3819274902
28840318.0000000000,-139.6717376709
28906796.0000000000,-139.7880859375
28973428.0000000000,-140.1502838135
29040214.0000000000,-140.2512207031
29107186.0000000000,-140.1502838135
29174280.0000000000,-140.1502838135
29241530.0000000000,-140.2512207031
29308932.0000000000,-140.2555389404
29376492.0000000000,-140.2841339111
29444208.0000000000,-140.3325500488
29512078.0000000000,-140.5743713379
29580138.0000000000,-140.6637420654
29648322.0000000000,-140.6691894531
29716664.0000000000,-140.7185211182
29785162.0000000000,-140.7249908447
29853820.0000000000,-140.7684326172
29922634.0000000000,-140.8489685059
29991642.0000000000,-140.8489685059
30060774.0000000000,-140.7684326172
30130066.0000000000,-140.7249908447
30199518.0000000000,-140.7185211182
30269130.0000000000,-140.6958923340
30338904.0000000000,-140.6691894531
30408836.0000000000,-140.6691894531
30478964.0000000000,-140.6691894531
30549220.0000000000,-140.6691894531
30619638.0000000000,-140.6691894531
30690220.0000000000,-140.6691894531
30760962.0000000000,-140.6958923340
30831868.0000000000,-140.6958923340
30902938.0000000000,-140.6958923340
30974206.0000000000,-140.6958923340
31045604.0000000000,-140.7185211182
31117166.0000000000,-140.7249908447
31188892.0000000000,-140.7249908447
31260786.0000000000,-140.7249908447
31332844.0000000000,-140.7684326172
31405102.0000000000,-140.7855834961
31477494.0000000000,-140.8385009766
31550052.0000000000,-140.8385009766
31622776.0000000000,-140.8385009766
31695670.0000000000,-140.8385009766
31768730.0000000000,-140.8385009766
31841960.0000000000,-140.9312744141
31915392.0000000000,-141.0534667969
31988960.0000000000,-141.0871734619
32062696.0000000000,-141.0871734619
32136604.0000000000,-141.0871734619
32210680.0000000000,-141.0871734619
32284928.0000000000,-141.0534667969
32359382.0000000000,-140.9312744141
32433974.0000000000,-140.8385009766
32508736.0000000000,-140.7855834961
32583670.0000000000,-140.6958923340
32658778.0000000000,-140.6270904541
32734060.0000000000,-140.6219787598
32809514.0000000000,-140.6178894043
32885178.0000000000,-140.4182434082
32960980.0000000000,-140.2692108154
33036958.0000000000,-140.2692108154
33113110.0000000000,-140.2910461426
33189438.0000000000,-140.4182434082
33265942.0000000000,-140.4386901855
33342624.0000000000,-140.5288238525
33419516.0000000000,-140.6178894043
33496552.0000000000,-140.6219787598
33573764.0000000000,-140.6270904541
33651152.0000000000,-140.6859130859
33728720.0000000000,-140.7855834961
33806468.0000000000,-140.7855834961
33884432.0000000000,-140.7855834961
33962536.0000000000,-140.7855834961
34040824.0000000000,-140.7855834961
34119292.0000000000,-140.7855834961
34197936.0000000000,-140.7855834961
34276768.0000000000,-140.7855834961
34355776.0000000000,-140.7855834961
34435008.0000000000,-140.6859130859
34514384.0000000000,-140.5288238525
34593940.0000000000,-140.4386901855
34673680.0000000000,-140.2910461426
34753608.0000000000,-140.2719116211
34833716.0000000000,-140.0285186768
34914048.0000000000,-139.9312591553
34994528.0000000000,-139.9312591553
35075192.0000000000,-139.9312591553
35156044.0000000000,-139.9312591553
35237080.0000000000,-139.9553527832
35318304.0000000000,-139.9553527832
35399716.0000000000,-139.9553527832
35481356.0000000000,-139.9553527832
35563140.0000000000,-139.9553527832
35645116.0000000000,-139.9855651855
35727280.0000000000,-140.0285186768
35809636.0000000000,-140.0298309326
35892180.0000000000,-140.0764007568
35974952.0000000000,-140.1281585693
36057876.0000000000,-140.2719116211
36140992.0000000000,-140.2910461426
36224300.0000000000,-140.4386901855
36307800.0000000000,-140.5288238525
36391492.0000000000,-140.6859130859
36475376.0000000000,-140.6859130859
36559496.0000000000,-140.6859130859
36643768.0000000000,-140.5343933105
36728236.0000000000,-140.2719116211
36812896.0000000000,-140.1281585693
36897752.0000000000,-140.0764007568
36982804.0000000000,-140.0298309326
37068052.0000000000,-139.9855651855
37153536.0000000000,-139.9553527832
37239180.0000000000,-139.9553527832
37325020.0000000000,-139.9553527832
37411056.0000000000,-139.9553527832
37497292.0000000000,-139.9553527832
37583724.0000000000,-139.9553527832
37670400.0000000000,-139.9553527832
37757232.0000000000,-139.9855651855
37844264.0000000000,-140.0298309326
37931500.0000000000,-140.0764007568
38018932.0000000000,-140.1281585693
38106568.0000000000,-140.3800506592
38194408.0000000000,-140.5343933105
38282492.0000000000,-140.5343933105
38370736.0000000000,-140.5343933105
38459180.0000000000,-140.5343933105
38547832.0000000000,-140.5343933105
38636688.0000000000,-140.5343933105
38725748.0000000000,-140.5343933105
38815056.0000000000,-140.8134307861
38904528.0000000000,-140.8227996826
38994204.0000000000,-140.8700256348
39084092.0000000000,-141.1804504395
39174180.0000000000,-141.2835388184
39264480.0000000000,-141.2835388184
39354988.0000000000,-141.1804504395
39445748.0000000000,-140.8227996826
39536672.0000000000,-140.8227996826
39627808.0000000000,-140.8227996826
39719152.0000000000,-140.8227996826
39810708.0000000000,-140.8227996826
39902476.0000000000,-140.8227996826
39994496.0000000000,-140.8227996826
40086688.0000000000,-141.0051727295
40179088.0000000000,-141.1804504395
40271704.0000000000,-141.2835388184
40364536.0000000000,-141.3265686035
40457576.0000000000,-141.5690917969
40550836.0000000000,-141.7543029785
40644352.0000000000,-141.9283752441
40738040.0000000000,-141.9680023193
40831944.0000000000,-142.0289001465
40926064.0000000000,-142.0289001465
41020404.0000000000,-142.0289001465
41114956.0000000000,-141.9680023193
41209732.0000000000,-141.9283752441
41304768.0000000000,-141.7543029785
41399976.0000000000,-141.6996154785
41495408.0000000000,-141.5690917969
41591056.0000000000,-141.5690917969
41686928.0000000000,-141.5690917969
41783020.0000000000,-141.5690917969
41879376.0000000000,-141.5690917969
41975912.0000000000,-141.6996154785
42072668.0000000000,-141.7543029785
42169652.0000000000,-141.7543029785
42266856.0000000000,-141.7573852539
42364284.0000000000,-141.9283752441
42461936.0000000000,-141.9680023193
42559860.0000000000,-141.9680023193
42657964.0000000000,-141.9680023193
42756292.0000000000,-141.9680023193
42854848.0000000000,-141.8364105225
42953632.0000000000,-141.7573852539
43052644.0000000000,-141.7573852539
43151932.0000000000,-141.7573852539
43251400.0000000000,-141.7573852539
43351096.0000000000,-141.7573852539
43451024.0000000000,-141.7573852539
43551180.0000000000,-141.7573852539
43651568.0000000000,-141.7573852539
43752188.0000000000,-141.8364105225
43853088.0000000000,-141.8364105225
43954176.0000000000,-141.8364105225
44055492.0000000000,-141.8364105225
44157044.0000000000,-141.8364105225
44258828.0000000000,-141.8364105225
44360848.0000000000,-141.8364105225
44463104.0000000000,-141.8364105225
44565644.0000000000,-141.8364105225
44668368.0000000000,-141.8364105225
44771332.0000000000,-141.7573852539
44874532.0000000000,-141.7067108154
44977972.0000000000,-141.7067108154
45081652.0000000000,-141.7573852539
45185616.0000000000,-141.8364105225
45289772.0000000000,-142.0167083740
45394168.0000000000,-142.3497772217
45498804.0000000000,-142.3858032227
45603684.0000000000,-142.9163513184
45708804.0000000000,-143.2354125977
45814164.0000000000,-142.9163513184
45919820.0000000000,-142.3858032227
46025668.0000000000,-142.3683319092
46131760.0000000000,-142.0167083740
46238100.0000000000,-141.8364105225
46344680.0000000000,-141.8364105225
46451508.0000000000,-141.8364105225
46558632.0000000000,-141.3961029053
46665956.0000000000,-141.3041839600
46773524.0000000000,-141.1398773193
46881340.0000000000,-141.1398773193
46989404.0000000000,-141.1570892334
47097716.0000000000,-141.3041839600
47206280.0000000000,-141.3961029053
47315148.0000000000,-142.0167083740
47424212.0000000000,-142.3683319092
47533528.0000000000,-142.7429504395
47643096.0000000000,-143.2354125977
47752916.0000000000,-143.3914031982
47862992.0000000000,-143.3914031982
47973372.0000000000,-143.3914031982
48083952.0000000000,-143.2354125977
48194788.0000000000,-143.2354125977
48305880.0000000000,-143.2354125977
48417232.0000000000,-143.2354125977
48528836.0000000000,-143.2354125977
48640696.0000000000,-143.2354125977
48752872.0000000000,-143.2354125977
48865252.0000000000,-143.1498107910
48977888.0000000000,-142.8826141357
49090784.0000000000,-143.1498107910
49203944.0000000000,-143.1498107910
49317364.0000000000,-143.1498107910
49431044.0000000000,-143.1498107910
49545040.0000000000,-142.8826141357
49659244.0000000000,-142.7557067871
49773712.0000000000,-142.7429504395
49888444.0000000000,-142.7005462646
50003440.0000000000,-142.6436309814
50118700.0000000000,-142.3683319092
50234284.0000000000,-141.7040710449
50350076.0000000000,-141.1570892334
50466136.0000000000,-141.1570892334
50582464.0000000000,-141.1570892334
50699060.0000000000,-141.1570892334
50815928.0000000000,-141.1570892334
50933060.0000000000,-141.7040710449
51050520.0000000000,-142.3489227295
51168196.0000000000,-142.3489227295
51286144.0000000000,-142.3489227295
51404360.0000000000,-142.3489227295
51522852.0000000000,-142.3489227295
51641616.0000000000,-142.3489227295
51760712.0000000000,-141.7040710449
51880024.0000000000,-141.0867309570
51999608.0000000000,-141.0661315918
52119472.0000000000,-141.0658264160
52239612.0000000000,-140.9560546875
52360028.0000000000,-140.5566253662
52480720.0000000000,-140.3314056396
52601752.0000000000,-140.1552429199
52723000.0000000000,-140.1552429199
52844532.0000000000,-140.1552429199
52966340.0000000000,-140.1552429199
53088432.0000000000,-140.1552429199
53210804.0000000000,-140.1552429199
53333520.0000000000,-140.1552429199
53456456.0000000000,-140.1552429199
53579676.0000000000,-140.1543731689
53703180.0000000000,-140.0637054443
53826972.0000000000,-140.0445556641
53951048.0000000000,-139.9326019287
54075408.0000000000,-139.9326019287
54200116.0000000000,-140.0445556641
54325048.0000000000,-140.0445556641
54450272.0000000000,-140.0445556641
54575784.0000000000,-140.0445556641
54701584.0000000000,-140.0445556641
54827676.0000000000,-140.0445556641
54954060.0000000000,-140.0445556641
55080792.0000000000,-140.0445556641
55207756.0000000000,-140.0445556641
55335016.0000000000,-140.0445556641
55462564.0000000000,-140.0637054443
55590412.0000000000,-140.1552429199
55718552.0000000000,-140.5566253662
55847048.0000000000,-140.0637054443
55975780.0000000000,-140.0445556641
56104808.0000000000,-139.9326019287
56234132.0000000000,-139.8234558105
56363756.0000000000,-139.8957977295
56493680.0000000000,-139.9326019287
56623900.0000000000,-140.0445556641
56754484.0000000000,-140.0637054443
56885308.0000000000,-140.6827239990
57016432.0000000000,-140.7595672607
57147860.0000000000,-140.8802032471
57279588.0000000000,-140.9637298584
57411624.0000000000,-141.0261688232
57544024.0000000000,-141.0492858887
57676668.0000000000,-141.0492858887
57809616.0000000000,-141.0492858887
57942872.0000000000,-141.0261688232
58076432.0000000000,-140.9637298584
58210304.0000000000,-140.8802032471
58344484.0000000000,-140.7595672607
58479036.0000000000,-140.6827239990
58613832.0000000000,-140.0637054443
58748944.0000000000,-140.0637054443
58884364.0000000000,-140.1616668701
59020096.0000000000,-140.5879669189
59156140.0000000000,-140.6827239990
59292500.0000000000,-140.7595672607
59429240.0000000000,-140.8802032471
59566228.0000000000,-140.9420166016
59703532.0000000000,-140.9637298584
59841152.0000000000,-141.0261688232
59979092.0000000000,-141.0492858887
60117348.0000000000,-141.2032623291
60255988.0000000000,-141.3578796387
60394884.0000000000,-141.3578796387
60534096.0000000000,-141.3578796387
60673632.0000000000,-141.3578796387
60813488.0000000000,-141.3578796387
60953668.0000000000,-141.3578796387
61094172.0000000000,-141.3578796387
61235064.0000000000,-141.6097717285
61376216.0000000000,-141.6097717285
61517692.0000000000,-141.6097717285
61659496.0000000000,-141.6097717285
61801624.0000000000,-141.6097717285
61944080.0000000000,-141.6308135986
62086936.0000000000,-141.6308135986
62230048.0000000000,-141.6308135986
62373496.0000000000,-141.6308135986
62517268.0000000000,-141.6308135986
62661376.0000000000,-141.6308135986
62805816.0000000000,-141.6325836182
62950588.0000000000,-141.7772674561
63095764.0000000000,-141.8266754150
63241204.0000000000,-142.2627868652
63386976.0000000000,-142.3091735840
63533088.0000000000,-142.3530731201
63679536.0000000000,-142.3917388916
63826324.0000000000,-142.4889831543
63973516.0000000000,-142.6504821777
64120980.0000000000,-142.6504821777
64268784.0000000000,-142.6504821777
64416928.0000000000,-142.6504821777
64565416.0000000000,-142.7306060791
64714244.0000000000,-142.8207397461
64863412.0000000000,-142.8407592773
65013000.0000000000,-143.1967468262
65162860.0000000000,-143.2149963379
65313064.0000000000,-143.2149963379
65463616.0000000000,-143.2149963379
65614512.0000000000,-142.8207397461
65765760.0000000000,-142.7306060791
65917356.0000000000,-142.6504821777
66069372.0000000000,-142.4889831543
66221664.0000000000,-142.3917388916
66374312.0000000000,-142.3530731201
66527308.0000000000,-142.2655487061
66680660.0000000000,-142.2655487061
66834364.0000000000,-142.2655487061
66988492.0000000000,-142.2655487061
67142904.0000000000,-142.2655487061
67297680.0000000000,-142.2655487061
67452800.0000000000,-142.3530731201
67608288.0000000000,-142.3917388916
67764128.0000000000,-142.4889831543
67920328.0000000000,-142.6504821777
68076968.0000000000,-142.7306060791
68233888.0000000000,-142.7306060791
68391168.0000000000,-142.7434387207
68548816.0000000000,-142.7434387207
68706824.0000000000,-142.7434387207
68865200.0000000000,-142.7306060791
69024016.0000000000,-142.6504821777
69183120.0000000000,-142.7306060791
69342592.0000000000,-142.7434387207
69502432.0000000000,-142.7434387207
69662640.0000000000,-142.6504821777
69823216.0000000000,-142.4208679199
69984168.0000000000,-142.2655487061
70145560.0000000000,-142.1977691650
70307248.0000000000,-142.1885833740
70469312.0000000000,-142.1885833740
70631752.0000000000,-142.1885833740
70794560.0000000000,-142.1885833740
70957752.0000000000,-142.1885833740
71121392.0000000000,-142.1885833740
71285328.0000000000,-142.0550994873
71449648.0000000000,-141.9183197021
71614344.0000000000,-141.9052276611
71779424.0000000000,-141.7887268066
71944880.0000000000,-141.8838500977
72110712.0000000000,-141.9052276611
72277016.0000000000,-141.9183197021
72443616.0000000000,-142.0550994873
72610608.0000000000,-142.1977691650
72777976.0000000000,-142.4208679199
72945736.0000000000,-142.7434387207
73113880.0000000000,-143.1878204346
73282416.0000000000,-143.3587646484
73451416.0000000000,-143.3587646484
73620728.0000000000,-143.3587646484
73790432.0000000000,-143.1878204346
73960520.0000000000,-142.7434387207
74131008.0000000000,-142.7434387207
74301880.0000000000,-142.7434387207
74473232.0000000000,-142.4208679199
74644904.0000000000,-142.4208679199
74816960.0000000000,-142.4208679199
74989424.0000000000,-142.4208679199
75162280.0000000000,-142.2937164307
75335528.0000000000,-142.2937164307
75509184.0000000000,-142.2937164307
75683320.0000000000,-142.2937164307
75857776.0000000000,-142.2937164307
76032632.0000000000,-142.0832977295
76207896.0000000000,-141.9183197021
76383560.0000000000,-141.8838500977
76559632.0000000000,-141.8838500977
76736192.0000000000,-141.9183197021
76913072.0000000000,-142.0832977295
77090360.0000000000,-142.1693572998
77268064.0000000000,-142.2937164307
77446168.0000000000,-142.2937164307
77624688.0000000000,-142.3212127686
77803616.0000000000,-142.3212127686
77983048.0000000000,-142.2937164307
78162800.0000000000,-142.1693572998
78342976.0000000000,-142.1693572998
78523560.0000000000,-142.1693572998
78704560.0000000000,-142.1693572998
78885984.0000000000,-142.1693572998
79067816.0000000000,-142.1693572998
79250160.0000000000,-142.1693572998
79432840.0000000000,-142.1693572998
79615936.0000000000,-142.1693572998
79799456.0000000000,-142.1693572998
79983400.0000000000,-142.0832977295
80167768.0000000000,-142.0832977295
80352648.0000000000,-142.0832977295
80537872.0000000000,-141.6226654053
80723512.0000000000,-141.5743560791
80909592.0000000000,-141.5743560791
81096088.0000000000,-141.5743560791
81283024.0000000000,-141.6226654053
81470384.0000000000,-141.6226654053
81658272.0000000000,-141.6226654053
81846496.0000000000,-141.6226654053
82035160.0000000000,-141.6226654053
82224256.0000000000,-141.6226654053
82413792.0000000000,-141.5743560791
82603760.0000000000,-141.2987823486
82794256.0000000000,-141.2987823486
82985104.0000000000,-142.1693572998
83176392.0000000000,-142.1693572998
83368120.0000000000,-142.1693572998
83560288.0000000000,-142.1878356934
83752904.0000000000,-142.1878356934
83945960.0000000000,-142.1878356934
84139552.0000000000,-142.1693572998
84333496.0000000000,-141.3377838135
84527896.0000000000,-141.3377838135
84722736.0000000000,-141.3377838135
84918032.0000000000,-141.3377838135
85113768.0000000000,-141.7583465576
85310056.0000000000,-141.7583465576
85506704.0000000000,-141.3377838135
85703800.0000000000,-141.3377838135
85901352.0000000000,-141.3377838135
86099360.0000000000,-141.7583465576
86297832.0000000000,-141.9911346436
86496752.0000000000,-141.9911346436
86696224.0000000000,-141.9911346436
86896072.0000000000,-141.9911346436
87096368.0000000000,-141.7583465576
87297136.0000000000,-141.6044311523
87498360.0000000000,-141.3377838135
87700048.0000000000,-141.3377838135
87902208.0000000000,-141.6044311523
88104920.0000000000,-141.6044311523
88308008.0000000000,-141.6044311523
88511568.0000000000,-141.7583465576
88715592.0000000000,-141.7583465576
88920088.0000000000,-141.7583465576
89125056.0000000000,-141.7583465576
89330592.0000000000,-141.6044311523
89536504.0000000000,-141.6044311523
89742896.0000000000,-141.6044311523
89949760.0000000000,-141.6044311523
90157096.0000000000,-141.6044311523
90364920.0000000000,-141.4204711914
90573216.0000000000,-141.6044311523
90782088.0000000000,-141.7583465576
90991352.0000000000,-141.7583465576
91201088.0000000000,-141.7583465576
91411320.0000000000,-141.8084716797
91622024.0000000000,-141.8758697510
91833224.0000000000,-141.8758697510
92045008.0000000000,-141.9911346436
92257176.0000000000,-142.0008544922
92469832.0000000000,-142.0008544922
92682984.0000000000,-142.0008544922
92896624.0000000000,-141.9911346436
93110760.0000000000,-141.9911346436
93325384.0000000000,-142.0008544922
93540608.0000000000,-142.0008544922
93756224.0000000000,-142.0008544922
93972344.0000000000,-142.0956115723
94188952.0000000000,-142.1801452637
94406064.0000000000,-142.4117431641
94623680.0000000000,-142.4293670654
94841896.0000000000,-142.4293670654
95060512.0000000000,-142.5076751709
95279640.0000000000,-142.6501007080
95499264.0000000000,-142.6678161621
95719392.0000000000,-142.7279052734
95940032.0000000000,-142.8792266846
96161184.0000000000,-142.9313659668
96382952.0000000000,-143.0743103027
96605120.0000000000,-143.4246368408
96827800.0000000000,-143.4246368408
97050992.0000000000,-143.4246368408
97274704.0000000000,-143.4642791748
97498928.0000000000,-143.4642791748
97723672.0000000000,-143.4642791748
97949040.0000000000,-143.4642791748
98174816.0000000000,-143.5856781006
98401120.0000000000,-143.5994873047
98627936.0000000000,-143.6029052734
98855280.0000000000,-143.6341857910
99083152.0000000000,-143.6341857910
99311656.0000000000,-143.6341857910
99540576.0000000000,-143.6341857910
99770024.0000000000,-143.6341857910
100000000.0000000000,-143.6029052734
