Type,FSWP-50
Version,3.02SP1
Date,03.Jul 2026
VSupply,ON
Mode,Voltage
Voltage Set,0.6000000000,V
Voltage Min,0.0000000000,V
Voltage Max,0.6500000000,V
Voltage Meas,0.5959326183,V
Current Max,20.0000000000,mA
Current Meas,16.6076803768,mA
VTune,OFF
Voltage Set,0.0000000000,V
Voltage Min,0.0000000000,V
Voltage Max,0.0100000000,V
Voltage Meas,-0.0191654762,V
Current Max,20.0000000000,mA
Current Meas,0.1488288861,mA
VAux,OFF
Voltage Set,0.0000000000,V
Voltage Min,-10.0000000000,V
Voltage Max,10.0000000000,V
Voltage Meas,-0.0062756160,V
Current Max,100.0000000000,mA
Current Meas,-0.0491746102,mA
Mode,Phase Noise
Measurement,Phase Noise
Input,RF
RF Att,0.0000000000,dB
Coupling,AC
RBW,2.0000000000,%
XCORR Factor,1000
XCORR Optimize,ON
Estimated Meas Time,3.7457527981,s
Sweep Count,5
Signal Frequency,25443094372.2724151611,Hz
Signal Level,-17.7634000000,dBm
Start,10000.0000000000,Hz
Stop,100000000.0000000000,Hz
SubSweep,1
Start,10000.0000000000,Hz
Stop,30000.0000000000,Hz
RBW,600.0000000000,Hz
XCORR Count,1000
SubSweep,2
Start,30000.0000000000,Hz
Stop,100000.0000000000,Hz
RBW,600.0000000000,Hz
XCORR Count,1000
SubSweep,3
Start,100000.0000000000,Hz
Stop,300000.0000000000,Hz
RBW,2000.0000000000,Hz
XCORR Count,3300
SubSweep,4
Start,300000.0000000000,Hz
Stop,1000000.0000000000,Hz
RBW,6000.0000000000,Hz
XCORR Count,10000
SubSweep,5
Start,1000000.0000000000,Hz
Stop,3000000.0000000000,Hz
RBW,20000.0000000000,Hz
XCORR Count,10000
SubSweep,6
Start,3000000.0000000000,Hz
Stop,10000000.0000000000,Hz
RBW,60000.0000000000,Hz
XCORR Count,10000
SubSweep,7
Start,10000000.0000000000,Hz
Stop,30000000.0000000000,Hz
RBW,200000.0000000000,Hz
XCORR Count,10000
SubSweep,8
Start,30000000.0000000000,Hz
Stop,100000000.0000000000,Hz
RBW,600000.0000000000,Hz
XCORR Count,10000
Integrated Measurements Range,1
Start,10000.0000000000,Hz
Stop,100000000.0000000000,Hz
Weighting,OFF
Integrated Measurements Range,2
Start,10000.0000000000,Hz
Stop,100000000.0000000000,Hz
Weighting,OFF
Integrated Measurements Range,3
Start,10000.0000000000,Hz
Stop,100000000.0000000000,Hz
Weighting,OFF
Integrated Measurements Range,4
Start,10000.0000000000,Hz
Stop,100000000.0000000000,Hz
Weighting,OFF
Integrated Measurements Range,5
Start,10000.0000000000,Hz
Stop,100000000.0000000000,Hz
Weighting,OFF
Integrated Measurements Range,6
Start,10000.0000000000,Hz
Stop,100000000.0000000000,Hz
Weighting,OFF
Integrated Measurements Range,7
Start,10000.0000000000,Hz
Stop,100000000.0000000000,Hz
Weighting,OFF
Integrated Measurements Range,8
Start,10000.0000000000,Hz
Stop,100000000.0000000000,Hz
Weighting,OFF
Integrated Measurements Range,9
Start,10000.0000000000,Hz
Stop,100000000.0000000000,Hz
Weighting,OFF
Integrated Measurements Range,10
Start,10000.0000000000,Hz
Stop,100000000.0000000000,Hz
Weighting,OFF
Spot Noise Decade Edges,OFF
Spot Noise User Defined,ON
Spot Noise User Defined Offset,1
State,OFF
Offset,1000.0000000000,Hz
Spot Noise User Defined Offset,2
State,OFF
Offset,10000.0000000000,Hz
Spot Noise User Defined Offset,3
State,ON
Offset,100000.0000000000,Hz
Spot Noise User Defined Offset,4
State,ON
Offset,1000000.0000000000,Hz
Spot Noise User Defined Offset,5
State,ON
Offset,10000000.0000000000,Hz
Spot Noise User Defined Offset,6
State,OFF
Offset,100000000.0000000000,Hz
Window,1,Noise Spectrum
Trace,1
Trace Mode,CLR/WRITE
Trace Result,PN
Smoothing,ON
Smoothing Value,1.0000000000,%
Spurious Removal,ON
Spurious Removal Threshold,6.0000000000,dB
Trace Offset,OFF
Trace Offset,0.0000000000,dB
Trace Label,OFF
Trace Label,Trace 1
x-Unit,Hz
y-Unit,dBc/Hz
Values,4001
10000.0000000000,-53.5500259399
10023.0507812500,-53.5727539063
10046.1542968750,-53.5954856873
10069.3115234375,-53.6182136536
10092.5332031250,-53.6316452026
10115.7968750000,-53.6444358826
10139.1152343750,-53.6572227478
10162.4863281250,-53.6700096130
10185.9111328125,-53.6807670593
10209.3906250000,-53.6899986267
10232.9355468750,-53.6992340088
10256.5234375000,-53.7084655762
10280.1650390625,-53.7190437317
10303.8613281250,-53.7336578369
10327.6123046875,-53.7482719421
10351.4189453125,-53.7628898621
10375.2792968750,-53.7775039673
10399.2060546875,-53.8045768738
10423.1777343750,-53.8320121765
10447.2031250000,-53.8594474792
10471.2851562500,-53.8868827820
10495.4218750000,-53.9252204895
10519.6152343750,-53.9675102234
10543.8632812500,-54.0097999573
10568.1787109375,-54.0521087646
10592.5400390625,-54.0997810364
10616.9560546875,-54.1520729065
10641.4287109375,-54.2043685913
10665.9580078125,-54.2566604614
10690.5439453125,-54.3091468811
10715.1982421875,-54.3619651794
10739.8974609375,-54.4147567749
10764.6533203125,-54.4675521851
10789.4667968750,-54.5180778503
10814.3378906250,-54.5623245239
10839.2656250000,-54.6065711975
10864.2509765625,-54.6508178711
10889.3056640625,-54.6927261353
10914.4062500000,-54.7244033813
10939.5644531250,-54.7560768127
10964.7812500000,-54.7877502441
10990.0556640625,-54.8178253174
11015.3886718750,-54.8386383057
11040.7919921875,-54.8594589233
11066.2412109375,-54.8802719116
11091.7500000000,-54.9002037048
11117.3173828125,-54.9149475098
11142.9433593750,-54.9296913147
11168.6289062500,-54.9444351196
11194.3730468750,-54.9589958191
11220.1894531250,-54.9727287292
11246.0527343750,-54.9864501953
11271.9755859375,-55.0001754761
11297.9580078125,-55.0146331787
11324.0009765625,-55.0313148499
11350.1035156250,-55.0479965210
11376.2792968750,-55.0646896362
11402.5019531250,-55.0833206177
11428.7861328125,-55.1055145264
11455.1298828125,-55.1277084351
11481.5351562500,-55.1498985291
11508.0000000000,-55.1752777100
11534.5273437500,-55.2039413452
11561.1279296875,-55.2326164246
11587.7773437500,-55.2612800598
11614.4873046875,-55.2938041687
11641.2597656250,-55.3282623291
11668.0937500000,-55.3627204895
11694.9892578125,-55.3971786499
11721.9472656250,-55.4348831177
11748.9804687500,-55.4730796814
11776.0625000000,-55.5112571716
11803.2070312500,-55.5495109558
11830.4140625000,-55.5884094238
11857.6845703125,-55.6273040771
11885.0166015625,-55.6661987305
11912.4257812500,-55.7042160034
11939.8847656250,-55.7407913208
11967.4072265625,-55.7773666382
11994.9931640625,-55.8139419556
12022.6425781250,-55.8476905823
12050.3554687500,-55.8801612854
12078.1318359375,-55.9126281738
12105.9863281250,-55.9450263977
12133.8916015625,-55.9738655090
12161.8613281250,-56.0027046204
12189.8955078125,-56.0315475464
12217.9931640625,-56.0598907471
12246.1572265625,-56.0874671936
12274.3984375000,-56.1150550842
12302.6923828125,-56.1426277161
12331.0507812500,-56.1711997986
12359.4746093750,-56.2000427246
12387.9638671875,-56.2288818359
12416.5195312500,-56.2582359314
12445.1396484375,-56.2895050049
12473.8408203125,-56.3207893372
12502.5937500000,-56.3520584106
12531.4130859375,-56.3847045898
12560.2988281250,-56.4180450439
12589.2509765625,-56.4513854980
12618.2705078125,-56.4848556519
12647.3701171875,-56.5190734863
12676.5234375000,-56.5532722473
12705.7441406250,-56.5874748230
12735.0312500000,-56.6209373474
12764.3867187500,-56.6540222168
12793.8095703125,-56.6871109009
12823.2998046875,-56.7193641663
12852.8730468750,-56.7483100891
12882.4990234375,-56.7772407532
12912.1943359375,-56.8061752319
12941.9580078125,-56.8294601440
12971.7900390625,-56.8510322571
13001.6914062500,-56.8726043701
13031.6611328125,-56.8911743164
13061.7138671875,-56.9044418335
13091.8222656250,-56.9176979065
13122.0000000000,-56.9309577942
13152.2470703125,-56.9388923645
13182.5634765625,-56.9467277527
13212.9501953125,-56.9545631409
13243.4218750000,-56.9623374939
13273.9492187500,-56.9700660706
13304.5468750000,-56.9777984619
13335.2138671875,-56.9868698120
13365.9531250000,-56.9990692139
13396.7626953125,-57.0112686157
13427.6425781250,-57.0234642029
13458.6093750000,-57.0420875549
13489.6328125000,-57.0607223511
13520.7265625000,-57.0793571472
13551.8935546875,-57.1026344299
13583.1308593750,-57.1277198792
13614.4414062500,-57.1528053284
13645.8388671875,-57.1806793213
13677.2929687500,-57.2117118835
13708.8203125000,-57.2427444458
13740.4199218750,-57.2749633789
13772.0927734375,-57.3109855652
13803.8388671875,-57.3470115662
13835.6572265625,-57.3831176758
13867.5644531250,-57.4216041565
13899.5302734375,-57.4600753784
13931.5693359375,-57.4985427856
13963.6826171875,-57.5354690552
13995.8701171875,-57.5721244812
14028.1318359375,-57.6087799072
14060.4677734375,-57.6416282654
14092.8935546875,-57.6727981567
14125.3789062500,-57.7039527893
14157.9384765625,-57.7319869995
14190.5732421875,-57.7575340271
14223.2841796875,-57.7830772400
14256.0693359375,-57.8079223633
14288.9462890625,-57.8318939209
14321.8837890625,-57.8558578491
14354.8964843750,-57.8812255859
14387.9853515625,-57.9091796875
14421.1503906250,-57.9371376038
14454.3925781250,-57.9672966003
14487.7109375000,-58.0030364990
14521.1220703125,-58.0387954712
14554.5947265625,-58.0764236450
14588.1435546875,-58.1201820374
14621.7705078125,-58.1639404297
14655.4746093750,-58.2086906433
14689.2568359375,-58.2572288513
14723.1328125000,-58.3057861328
14757.0703125000,-58.3541717529
14791.0869140625,-58.4019699097
14825.1806640625,-58.4497680664
14859.3544921875,-58.4961204529
14893.6054687500,-58.5372886658
14927.9365234375,-58.5784606934
14962.3632812500,-58.6169319153
14996.8525390625,-58.6474037170
15031.4208984375,-58.6778793335
15066.0693359375,-58.7047576904
15100.7978515625,-58.7236213684
15135.6064453125,-58.7424850464
15170.5117187500,-58.7575759888
15205.4804687500,-58.7666320801
15240.5302734375,-58.7756881714
15275.6611328125,-58.7815780640
15310.8730468750,-58.7840423584
15346.1650390625,-58.7865028381
15381.5390625000,-58.7871665955
15417.0117187500,-58.7872962952
15452.5488281250,-58.7874259949
15488.1679687500,-58.7884597778
15523.8691406250,-58.7902832031
15559.6533203125,-58.7921066284
15595.5195312500,-58.7988128662
15631.4677734375,-58.8061866760
15667.5166015625,-58.8138504028
15703.6318359375,-58.8269004822
15739.8300781250,-58.8399467468
15776.1113281250,-58.8534126282
15812.4765625000,-58.8682060242
15848.9248046875,-58.8829994202
15885.4755859375,-58.8966560364
15922.0927734375,-58.9088821411
15958.7939453125,-58.9211082458
15995.5800781250,-58.9321670532
16032.4511718750,-58.9426498413
16069.4072265625,-58.9531326294
16106.4482421875,-58.9688568115
16143.5927734375,-58.9850845337
16180.8046875000,-59.0038871765
16218.1025390625,-59.0349578857
16255.4863281250,-59.0660285950
16292.9560546875,-59.1052589417
16330.5126953125,-59.1544151306
16368.1738281250,-59.2035942078
16405.9042968750,-59.2612228394
16443.7207031250,-59.3217391968
16481.6250000000,-59.3820953369
16519.6152343750,-59.4396896362
16557.6953125000,-59.4972839355
16595.8613281250,-59.5484199524
16634.1347656250,-59.5891876221
16672.4765625000,-59.6299362183
16710.9082031250,-59.6548194885
16749.4277343750,-59.6737594604
16788.0371093750,-59.6913948059
16826.7343750000,-59.6954116821
16865.5390625000,-59.6994285583
16904.4160156250,-59.7029190063
16943.3808593750,-59.7057991028
16982.4375000000,-59.7086753845
17021.5820312500,-59.7211189270
17060.8183593750,-59.7351875305
17100.1445312500,-59.7535324097
17139.5820312500,-59.7839622498
17179.0898437500,-59.8143768311
17218.6875000000,-59.8544044495
17258.3789062500,-59.8988609314
17298.1601562500,-59.9443130493
17338.0332031250,-59.9969100952
17378.0000000000,-60.0495109558
17418.0761718750,-60.1038436890
17458.2265625000,-60.1594276428
17498.4687500000,-60.2150001526
17538.8027343750,-60.2704467773
17579.2324218750,-60.3258934021
17619.7519531250,-60.3796081543
17660.3867187500,-60.4317855835
17701.0957031250,-60.4837379456
17741.8984375000,-60.5269966125
17782.7949218750,-60.5702514648
17823.7851562500,-60.6049041748
17864.8691406250,-60.6124267578
17906.0488281250,-60.6147308350
17947.3437500000,-60.6169586182
17988.7148437500,-60.6202888489
18030.1796875000,-60.6320152283
18071.7402343750,-60.6341590881
18113.3964843750,-60.6375274658
18155.1484375000,-60.6480178833
18197.0175781250,-60.6579399109
18238.9628906250,-60.6581001282
18281.0058593750,-60.6584320068
18323.1445312500,-60.6646652222
18365.3808593750,-60.6682319641
18407.7148437500,-60.6713905334
18450.1445312500,-60.7009925842
18492.6953125000,-60.7465972900
18535.3222656250,-60.8009033203
18578.0468750000,-60.8639297485
18620.8710937500,-60.9274024963
18663.7929687500,-60.9941444397
18706.8144531250,-61.0608863831
18749.9355468750,-61.1201896667
18793.1757812500,-61.1770858765
18836.4941406250,-61.2271614075
18879.9140625000,-61.2670402527
18923.4335937500,-61.3060302734
18967.0546875000,-61.3306617737
19010.7734375000,-61.3552932739
19054.6171875000,-61.3742103577
19098.5390625000,-61.3909912109
19142.5625000000,-61.4075241089
19186.6875000000,-61.4237022400
19230.9140625000,-61.4401855469
19275.2421875000,-61.4591827393
19319.6738281250,-61.4781799316
19364.2285156250,-61.4995307922
19408.8632812500,-61.5213928223
19453.6015625000,-61.5443954468
19498.4433593750,-61.5683784485
19543.3886718750,-61.5929603577
19588.4375000000,-61.6191673279
19633.6132812500,-61.6454277039
19678.8691406250,-61.6742095947
19724.2304687500,-61.7029953003
19769.6972656250,-61.7332191467
19815.2675781250,-61.7638740540
19860.9433593750,-61.7946052551
19906.7226562500,-61.8253974915
19952.6328125000,-61.8558387756
19998.6250000000,-61.8854484558
20044.7226562500,-61.9149055481
20090.9277343750,-61.9430427551
20137.2382812500,-61.9711837769
20183.6562500000,-61.9973373413
20230.2031250000,-62.0232963562
20276.8339843750,-62.0456581116
20323.5742187500,-62.0666160583
20370.4218750000,-62.0830574036
20417.3769531250,-62.0956764221
20464.4394531250,-62.1054649353
20511.6113281250,-62.1105346680
20558.9160156250,-62.1156654358
20606.3046875000,-62.1210060120
20653.8046875000,-62.1272239685
20701.4121093750,-62.1441955566
20749.1308593750,-62.1611709595
20796.9589843750,-62.1957931519
20844.8984375000,-62.2315216064
20892.9687500000,-62.2805099487
20941.1289062500,-62.3324317932
20989.4003906250,-62.3883132935
21037.7812500000,-62.4458503723
21086.2753906250,-62.5002059937
21134.8808593750,-62.5524482727
21183.6210937500,-62.6000289917
21232.4511718750,-62.6430473328
21281.3945312500,-62.6837081909
21330.4492187500,-62.7211875916
21379.6171875000,-62.7586631775
21428.8984375000,-62.7961425781
21478.2929687500,-62.8340682983
21527.8261718750,-62.8731117249
21577.4492187500,-62.9117469788
21627.1875000000,-62.9491157532
21677.0390625000,-62.9855003357
21727.0058593750,-63.0177116394
21777.0878906250,-63.0493011475
21827.3105468750,-63.0775642395
21877.6230468750,-63.1061058044
21928.0527343750,-63.1365661621
21978.5996093750,-63.1679649353
22029.2617187500,-63.2064323425
22080.0410156250,-63.2456626892
22130.9355468750,-63.2910003662
22181.9746093750,-63.3151779175
22233.1054687500,-63.3228073120
22284.3535156250,-63.3261604309
22335.7207031250,-63.3359909058
22387.2070312500,-63.3427810669
22438.8105468750,-63.3460159302
22490.5585937500,-63.3747634888
22542.4003906250,-63.3781280518
22594.3632812500,-63.3821601868
22646.4433593750,-63.4067344666
22698.6464843750,-63.4180641174
22750.9667968750,-63.4320755005
22803.4101562500,-63.4326896667
22855.9980468750,-63.4428939819
22908.6835937500,-63.4569625854
22961.4902343750,-63.4624519348
23014.4179687500,-63.4638366699
23067.4667968750,-63.4942131042
23120.6386718750,-63.5585174561
23173.9335937500,-63.6246337891
23227.3769531250,-63.6811561584
23280.9179687500,-63.7321624756
23334.5820312500,-63.7661628723
23388.3710937500,-63.7940597534
23442.2812500000,-63.8088722229
23496.3183593750,-63.8212547302
23550.5039062500,-63.8342361450
23604.7910156250,-63.8483276367
23659.2011718750,-63.8744087219
23713.7363281250,-63.9037055969
23768.3984375000,-63.9447059631
23823.1875000000,-63.9886970520
23878.1015625000,-64.0381011963
23933.1679687500,-64.0880279541
23988.3359375000,-64.1384124756
24043.6308593750,-64.1874008179
24099.0527343750,-64.2356643677
24154.6035156250,-64.2825469971
24210.2812500000,-64.3291244507
24266.1132812500,-64.3739547729
24322.0488281250,-64.4179153442
24378.1132812500,-64.4579086304
24434.3066406250,-64.4713821411
24490.6289062500,-64.4718093872
24547.0820312500,-64.4738540649
24603.6640625000,-64.4808731079
24660.4042968750,-64.4885864258
24717.2480468750,-64.4924087524
24774.2226562500,-64.4943618774
24831.3300781250,-64.5082702637
24888.5683593750,-64.5106658936
24945.9375000000,-64.5245056152
25003.4394531250,-64.5251541138
25061.1015625000,-64.5427398682
25118.8691406250,-64.5452041626
25176.7714843750,-64.5467681885
25234.8046875000,-64.5557327271
25292.9726562500,-64.5626831055
25351.2753906250,-64.5668716431
25409.7402343750,-64.5672683716
25468.3105468750,-64.5942840576
25527.0175781250,-64.6518554688
25585.8593750000,-64.7251052856
25644.8359375000,-64.8005599976
25703.9492187500,-64.8780822754
25763.1972656250,-64.9495925903
25822.6132812500,-65.0138015747
25882.1347656250,-65.0638275146
25941.7949218750,-65.1084213257
26001.5937500000,-65.1403274536
26061.5292968750,-65.1710815430
26121.6015625000,-65.1995086670
26181.8437500000,-65.2289123535
26242.1953125000,-65.2588424683
26302.6835937500,-65.2908935547
26363.3144531250,-65.3241653442
26424.0839843750,-65.3604202271
26484.9921875000,-65.4016571045
26546.0429687500,-65.4462356567
26607.2617187500,-65.4998016357
26668.5937500000,-65.5547866821
26730.0664062500,-65.6035308838
26791.6816406250,-65.6118469238
26853.4375000000,-65.6145782471
26915.3378906250,-65.6207351685
26977.4082031250,-65.6387405396
27039.5937500000,-65.6630249023
27101.9218750000,-65.6640167236
27164.3945312500,-65.6824569702
27227.0097656250,-65.7105102539
27289.7695312500,-65.7234497070
27352.6738281250,-65.7283859253
27415.7539062500,-65.7402038574
27478.9492187500,-65.7639846802
27542.2910156250,-65.7758560181
27605.7773437500,-65.7767105103
27669.4101562500,-65.7854232788
27733.1914062500,-65.7925415039
27797.1171875000,-65.8029861450
27861.2226562500,-65.8087463379
27925.4453125000,-65.8110580444
27989.8144531250,-65.8150177002
28054.3339843750,-65.8290786743
28119.0000000000,-65.8325195313
28183.8164062500,-65.8382415771
28248.8144531250,-65.8425521851
28313.9296875000,-65.9067916870
28379.1953125000,-66.0098648071
28444.6113281250,-66.1120529175
28510.1777343750,-66.2091827393
28575.8964843750,-66.2991485596
28641.7656250000,-66.3755874634
28707.8183593750,-66.4454345703
28773.9921875000,-66.4608993530
28840.3183593750,-66.4647369385
28906.7968750000,-66.4795989990
28973.4296875000,-66.4876556396
29040.2148437500,-66.5057449341
29107.1855468750,-66.5083923340
29174.2812500000,-66.5236968994
29241.5292968750,-66.5482864380
29308.9335937500,-66.5556106567
29376.4921875000,-66.5773468018
29444.2070312500,-66.5870819092
29512.0781250000,-66.5982208252
29580.1386718750,-66.6200103760
29648.3222656250,-66.6278686523
29716.6640625000,-66.6397323608
29785.1621093750,-66.6401138306
29853.8203125000,-66.6404418945
29922.6347656250,-66.7065200806
29991.6406250000,-66.7758407593
30060.7734375000,-66.8369293213
30130.0664062500,-66.9009017944
30199.5175781250,-66.9551239014
30269.1308593750,-66.9989395142
30338.9023437500,-67.0323410034
30408.8359375000,-67.0594329834
30478.9648437500,-67.0834503174
30549.2207031250,-67.1061782837
30619.6386718750,-67.1290359497
30690.2187500000,-67.1530914307
30760.9628906250,-67.1796798706
30831.8691406250,-67.2090606689
30902.9375000000,-67.2408142090
30974.2050781250,-67.2741088867
31045.6035156250,-67.3077011108
31117.1660156250,-67.3402023315
31188.8925781250,-67.3702621460
31260.7851562500,-67.3981933594
31332.8437500000,-67.4255218506
31405.1035156250,-67.4534149170
31477.4941406250,-67.4825439453
31550.0507812500,-67.5130844116
31622.7773437500,-67.5447769165
31695.6699218750,-67.5778274536
31768.7304687500,-67.6136016846
31841.9589843750,-67.6540145874
31915.3925781250,-67.7005004883
31988.9589843750,-67.7530059814
32062.6972656250,-67.8095474243
32136.6035156250,-67.8157501221
32210.6796875000,-67.8185348511
32284.9277343750,-67.8371810913
32359.3828125000,-67.8421554565
32433.9726562500,-67.8659820557
32508.7363281250,-67.8768920898
32583.6718750000,-67.8799743652
32658.7792968750,-67.9141311646
32734.0585937500,-67.9159088135
32809.5156250000,-67.9380111694
32885.1796875000,-67.9457244873
32960.9804687500,-67.9506072998
33036.9570312500,-67.9649658203
33113.1093750000,-67.9672546387
33189.4375000000,-68.0025100708
33265.9414062500,-68.0551452637
33342.6250000000,-68.0640640259
33419.5156250000,-68.0641632080
33496.5507812500,-68.0656585693
33573.7617187500,-68.0891876221
33651.1523437500,-68.0968475342
33728.7226562500,-68.1146011353
33806.4687500000,-68.1181335449
33884.4335937500,-68.1450119019
33962.5390625000,-68.1487808228
34040.8242187500,-68.1536331177
34119.2890625000,-68.1623229980
34197.9375000000,-68.1644439697
34276.7656250000,-68.2304077148
34355.7773437500,-68.3186187744
34435.0078125000,-68.4066314697
34514.3828125000,-68.4821624756
34593.9414062500,-68.4884796143
34673.6835937500,-68.4963989258
34753.6054687500,-68.5045928955
34833.7187500000,-68.5051803589
34914.0507812500,-68.5083694458
34994.5273437500,-68.5132522583
35075.1953125000,-68.5181350708
35156.0429687500,-68.5211105347
35237.0820312500,-68.5304565430
35318.3046875000,-68.5356674194
35399.7148437500,-68.5386734009
35481.3554687500,-68.5420303345
35563.1406250000,-68.5501861572
35645.1171875000,-68.5507354736
35727.2812500000,-68.5546569824
35809.6367187500,-68.5585556030
35892.1796875000,-68.5627059937
35974.9531250000,-68.5628280640
36057.8789062500,-68.5650711060
36140.9921875000,-68.6240844727
36224.3007812500,-68.7185974121
36307.8007812500,-68.8218688965
36391.4921875000,-68.9216232300
36475.3789062500,-69.0087127686
36559.4960937500,-69.0784149170
36643.7695312500,-69.1289825439
36728.2343750000,-69.1457290649
36812.8945312500,-69.1518096924
36897.7539062500,-69.1562042236
36982.8046875000,-69.1597518921
37068.0507812500,-69.1691513062
37153.5390625000,-69.1714706421
37239.1796875000,-69.1831283569
37325.0195312500,-69.2388153076
37411.0546875000,-69.3088684082
37497.2890625000,-69.3785476685
37583.7226562500,-69.4342269897
37670.3984375000,-69.4680099487
37757.2304687500,-69.4738922119
37844.2656250000,-69.4771804810
37931.5000000000,-69.4797973633
38018.9335937500,-69.5075836182
38106.5703125000,-69.6065902710
38194.4062500000,-69.7128143311
38282.4921875000,-69.8294372559
38370.7343750000,-69.8362121582
38459.1796875000,-69.8431854248
38547.8320312500,-69.8586196899
38636.6875000000,-69.8761672974
38725.7500000000,-69.9046249390
38815.0585937500,-69.9250793457
38904.5273437500,-69.9343872070
38994.2070312500,-69.9611129761
39084.0898437500,-69.9779205322
39174.1835937500,-70.0110702515
39264.4804687500,-70.0132675171
39354.9882812500,-70.0444412231
39445.7460937500,-70.0499877930
39536.6718750000,-70.0537109375
39627.8085937500,-70.0649871826
39719.1523437500,-70.0950241089
39810.7070312500,-70.1266098022
39902.4765625000,-70.1417312622
39994.4960937500,-70.1509017944
40086.6875000000,-70.1644058228
40179.0898437500,-70.1666564941
40271.7070312500,-70.1919021606
40364.5351562500,-70.2132186890
40457.5781250000,-70.2204971313
40550.8359375000,-70.2791671753
40644.3515625000,-70.2869415283
40738.0390625000,-70.2954254150
40831.9453125000,-70.3526916504
40926.0664062500,-70.3570327759
41020.4023437500,-70.4014511108
41114.9570312500,-70.4159774780
41209.7304687500,-70.4265670776
41304.7656250000,-70.4432449341
41399.9765625000,-70.4481124878
41495.4062500000,-70.5317840576
41591.0585937500,-70.6328964233
41686.9257812500,-70.6947555542
41783.0195312500,-70.7443008423
41879.3789062500,-70.7732620239
41975.9140625000,-70.7733535767
42072.6679687500,-70.7799758911
42169.6484375000,-70.7824020386
42266.8554687500,-70.8509140015
42364.2812500000,-70.9419479370
42461.9335937500,-71.0525436401
42559.8593750000,-71.1622085571
42657.9648437500,-71.2047882080
42756.2929687500,-71.2079544067
42854.8476562500,-71.2523956299
42953.6328125000,-71.2664871216
43052.6445312500,-71.2865295410
43151.9296875000,-71.3133697510
43251.3984375000,-71.3208084106
43351.0976562500,-71.3274078369
43451.0234375000,-71.3303756714
43551.1796875000,-71.3421783447
43651.5703125000,-71.3491668701
43752.1914062500,-71.3519668579
43853.0898437500,-71.3520584106
43954.1757812500,-71.3581237793
44055.4921875000,-71.3673324585
44157.0429687500,-71.3766555786
44258.8281250000,-71.4142532349
44360.8476562500,-71.4321594238
44463.1015625000,-71.4650726318
44565.6406250000,-71.4710006714
44668.3671875000,-71.5045852661
44771.3320312500,-71.5049362183
44874.5351562500,-71.5550384521
44977.9726562500,-71.6475372314
45081.6484375000,-71.7141113281
45185.6171875000,-71.7515869141
45289.7734375000,-71.7903137207
45394.1679687500,-71.8015594482
45498.8046875000,-71.8097991943
45603.6835937500,-71.8386459351
45708.8046875000,-71.8458938599
45814.1640625000,-71.8544235229
45919.8203125000,-71.8791122437
46025.6679687500,-71.9169692993
46131.7617187500,-71.9229431152
46238.0976562500,-71.9557495117
46344.6796875000,-71.9691619873
46451.5078125000,-72.0117721558
46558.6328125000,-72.0134887695
46665.9531250000,-72.0338821411
46773.5234375000,-72.0654907227
46881.3398437500,-72.0710525513
46989.4023437500,-72.0866317749
47097.7187500000,-72.1542510986
47206.2812500000,-72.2010650635
47315.1484375000,-72.2163543701
47424.2109375000,-72.2240753174
47533.5273437500,-72.2454986572
47643.0976562500,-72.2550354004
47752.9179687500,-72.2575149536
47862.9921875000,-72.3496017456
47973.3710937500,-72.4244537354
48083.9531250000,-72.4373779297
48194.7890625000,-72.4458465576
48305.8828125000,-72.4627914429
48417.2304687500,-72.4909973145
48528.8359375000,-72.4955978394
48640.6992187500,-72.4994125366
48752.8710937500,-72.5233078003
48865.2500000000,-72.6296920776
48977.8867187500,-72.6396865845
49090.7851562500,-72.6433334351
49203.9453125000,-72.6910476685
49317.3632812500,-72.7046737671
49431.0429687500,-72.7425765991
49545.0390625000,-72.7989425659
49659.2421875000,-72.8233871460
49773.7109375000,-72.8283233643
49888.4453125000,-72.9039230347
50003.4414062500,-72.9062042236
50118.7031250000,-72.9261093140
50234.2851562500,-72.9467163086
50350.0781250000,-72.9935073853
50466.1367187500,-73.0052185059
50582.4648437500,-73.0297088623
50699.0625000000,-73.0400314331
50815.9257812500,-73.0438003540
50933.0625000000,-73.0594940186
51050.5234375000,-73.0686874390
51168.1953125000,-73.0745162964
51286.1445312500,-73.1248626709
51404.3593750000,-73.1281967163
51522.8515625000,-73.1811676025
51641.6171875000,-73.1877288818
51760.7109375000,-73.2086944580
51880.0234375000,-73.2156219482
51999.6093750000,-73.3151855469
52119.4726562500,-73.4096069336
52239.6093750000,-73.4620819092
52360.0273437500,-73.4883422852
52480.7187500000,-73.4987716675
52601.7500000000,-73.5090866089
52723.0000000000,-73.5120697021
52844.5312500000,-73.5273971558
52966.3398437500,-73.5399017334
53088.4335937500,-73.5743179321
53210.8046875000,-73.6065139771
53333.5195312500,-73.6139297485
53456.4570312500,-73.6143112183
53579.6757812500,-73.6260910034
53703.1835937500,-73.6659011841
53826.9726562500,-73.7365951538
53951.0468750000,-73.7439422607
54075.4062500000,-73.7656173706
54200.1132812500,-73.7794799805
54325.0507812500,-73.8295669556
54450.2734375000,-73.8490447998
54575.7851562500,-73.8988800049
54701.5859375000,-73.9170227051
54827.6757812500,-73.9802474976
54954.0585937500,-74.0248489380
55080.7929687500,-74.0584030151
55207.7578125000,-74.0956344604
55335.0156250000,-74.1263809204
55462.5664062500,-74.1715621948
55590.4101562500,-74.1782531738
55718.5507812500,-74.1922378540
55847.0468750000,-74.1995849609
55975.7773437500,-74.2183837891
56104.8085937500,-74.2299118042
56234.1328125000,-74.2707977295
56363.7578125000,-74.2945938110
56493.6796875000,-74.3221969604
56623.9023437500,-74.3273773193
56754.4843750000,-74.3448181152
56885.3085937500,-74.3723602295
57016.4335937500,-74.3780899048
57147.8593750000,-74.3884811401
57279.5898437500,-74.3997497559
57411.6210937500,-74.4122467041
57544.0234375000,-74.4297790527
57676.6679687500,-74.4339141846
57809.6171875000,-74.4519424438
57942.8710937500,-74.4814834595
58076.4335937500,-74.5058746338
58210.3046875000,-74.5190811157
58344.4843750000,-74.6443252563
58479.0351562500,-74.7553405762
58613.8320312500,-74.8383865356
58748.9414062500,-74.8528213501
58884.3632812500,-74.8594970703
59020.0937500000,-74.8641357422
59156.1406250000,-74.9100646973
59292.5000000000,-74.9101028442
59429.2382812500,-74.9131774902
59566.2265625000,-74.9513244629
59703.5312500000,-75.0029449463
59841.1523437500,-75.0585098267
59979.0898437500,-75.1365280151
60117.3476562500,-75.2214660645
60255.9882812500,-75.2341461182
60394.8828125000,-75.2388305664
60534.0976562500,-75.2653350830
60673.6328125000,-75.2776641846
60813.4882812500,-75.2881469727
60953.6679687500,-75.3108291626
61094.1718750000,-75.3219375610
61235.0625000000,-75.4563217163
61376.2148437500,-75.6140823364
61517.6914062500,-75.6795196533
61659.4960937500,-75.6804046631
61801.6250000000,-75.6880264282
61944.0820312500,-75.6957244873
62086.9335937500,-75.6991577148
62230.0507812500,-75.7042541504
62373.4960937500,-75.7236557007
62517.2695312500,-75.7453002930
62661.3750000000,-75.7553253174
62805.8164062500,-75.7794570923
62950.5859375000,-75.7865219116
63095.7617187500,-75.7927703857
63241.2031250000,-75.8064041138
63386.9765625000,-75.8088226318
63533.0898437500,-75.8477554321
63679.5390625000,-75.8821868896
63826.3242187500,-75.9337310791
63973.5195312500,-75.9596633911
64120.9804687500,-75.9864578247
64268.7851562500,-76.0186996460
64416.9296875000,-76.0208587646
64565.4140625000,-76.0588531494
64714.2421875000,-76.0745773315
64863.4140625000,-76.0748901367
65013.0000000000,-76.0856781006
65162.8593750000,-76.0893325806
65313.0625000000,-76.1266555786
65463.6132812500,-76.1277465820
65614.5156250000,-76.1305084229
65765.7578125000,-76.1623229980
65917.3515625000,-76.1803970337
66069.3671875000,-76.1844711304
66221.6640625000,-76.1911544800
66374.3125000000,-76.2274627686
66527.3125000000,-76.2718734741
66680.6562500000,-76.3045120239
66834.3593750000,-76.3468704224
66988.4921875000,-76.3990554810
67142.9062500000,-76.5157470703
67297.6796875000,-76.5748596191
67452.8046875000,-76.5940246582
67608.2890625000,-76.6035766602
67764.1250000000,-76.6200637817
67920.3281250000,-76.6326599121
68076.9609375000,-76.6344223022
68233.8906250000,-76.6444473267
68391.1718750000,-76.6908264160
68548.8203125000,-76.7490844727
68706.8281250000,-76.7557220459
68865.2031250000,-76.7594909668
69024.0156250000,-76.7850799561
69183.1250000000,-76.7965698242
69342.5937500000,-76.8318176270
69502.4296875000,-76.8467483521
69662.6406250000,-76.8472518921
69823.2187500000,-76.8577499390
69984.1640625000,-76.8743438721
70145.5625000000,-76.8786773682
70307.2500000000,-76.8824157715
70469.3125000000,-76.8874359131
70631.7500000000,-76.8912277222
70794.5625000000,-76.9004440308
70957.7500000000,-76.9453964233
71121.3906250000,-76.9464721680
71285.3281250000,-76.9470596313
71449.6484375000,-76.9952621460
71614.3437500000,-77.0130691528
71779.4218750000,-77.0188598633
71944.8750000000,-77.0331192017
72110.7187500000,-77.0355224609
72277.0156250000,-77.0564804077
72443.6171875000,-77.1920394897
72610.6093750000,-77.3635787964
72777.9765625000,-77.4239730835
72945.7343750000,-77.4270019531
73113.8828125000,-77.4388961792
73282.4140625000,-77.4531555176
73451.4140625000,-77.4614791870
73620.7265625000,-77.4643096924
73790.4296875000,-77.4769592285
73960.5234375000,-77.4810104370
74131.0078125000,-77.4899444580
74301.8828125000,-77.5030212402
74473.2343750000,-77.5104598999
74644.8984375000,-77.5296936035
74816.9609375000,-77.5432510376
74989.4218750000,-77.5916671753
75162.2734375000,-77.6058044434
75335.5312500000,-77.6563339233
75509.1875000000,-77.7009201050
75683.3203125000,-77.7551574707
75857.7812500000,-77.7776336670
76032.6328125000,-77.7934341431
76207.8984375000,-77.8489608765
76383.5625000000,-77.8522415161
76559.6328125000,-77.8701324463
76736.1875000000,-77.9328460693
76913.0703125000,-77.9921035767
77090.3593750000,-78.0736694336
77268.0625000000,-78.0947113037
77446.1718750000,-78.1194763184
77624.6875000000,-78.1438369751
77803.6171875000,-78.1469955444
77983.0468750000,-78.1484375000
78162.8046875000,-78.1635437012
78342.9765625000,-78.1939849854
78523.5625000000,-78.2021560669
78704.5625000000,-78.2785949707
78885.9843750000,-78.2966308594
79067.8203125000,-78.3002319336
79250.1640625000,-78.4810333252
79432.8437500000,-78.5180664063
79615.9375000000,-78.5259017944
79799.4609375000,-78.5460891724
79983.4062500000,-78.5603561401
80167.7734375000,-78.6304779053
80352.6484375000,-78.6441268921
80537.8671875000,-78.6523971558
80723.5156250000,-78.6634674072
80909.5859375000,-78.6689834595
81096.0937500000,-78.6829681396
81283.0234375000,-78.6877517700
81470.3828125000,-78.6898269653
81658.2734375000,-78.7101516724
81846.5000000000,-78.7251434326
82035.1640625000,-78.7423629761
82224.2578125000,-78.7516403198
82413.7890625000,-78.7562332153
82603.7578125000,-78.8196487427
82794.2578125000,-78.8483505249
82985.1015625000,-78.8680496216
83176.3906250000,-78.9065628052
83368.1171875000,-79.0047607422
83560.2890625000,-79.1483306885
83752.8984375000,-79.1660385132
83945.9609375000,-79.1668014526
84139.5546875000,-79.1869201660
84333.5000000000,-79.1899414063
84527.8906250000,-79.2031631470
84722.7343750000,-79.2131118774
84918.0312500000,-79.2613754272
85113.7734375000,-79.3151473999
85310.0546875000,-79.3196182251
85506.7031250000,-79.3296127319
85703.8046875000,-79.3341064453
85901.3515625000,-79.3560104370
86099.3671875000,-79.3816528320
86297.8281250000,-79.4212493896
86496.7500000000,-79.4697189331
86696.2265625000,-79.5132064819
86896.0703125000,-79.5588836670
87096.3671875000,-79.5746307373
87297.1328125000,-79.5957794189
87498.3593750000,-79.6222686768
87700.0468750000,-79.6297760010
87902.2031250000,-79.6495208740
88104.9218750000,-79.6509399414
88308.0078125000,-79.6617889404
88511.5703125000,-79.6762237549
88715.5937500000,-79.7166824341
88920.0859375000,-79.7314987183
89125.0546875000,-79.7654418945
89330.5937500000,-79.7773590088
89536.5078125000,-79.8018188477
89742.8906250000,-79.8065109253
89949.7578125000,-79.8265914917
90157.1015625000,-79.8311309814
90364.9140625000,-80.0500640869
90573.2109375000,-80.2064361572
90782.0937500000,-80.2336349487
90991.3515625000,-80.2847976685
91201.0937500000,-80.2983169556
91411.3203125000,-80.3267517090
91622.0234375000,-80.3374252319
91833.2187500000,-80.3547821045
92045.0078125000,-80.4002838135
92257.1718750000,-80.4067764282
92469.8359375000,-80.4087677002
92682.9843750000,-80.4457931519
92896.6250000000,-80.4497451782
93110.7578125000,-80.4538497925
93325.3828125000,-80.4586715698
93540.6093750000,-80.4609909058
93756.2265625000,-80.4739532471
93972.3437500000,-80.4828033447
94188.9531250000,-80.5164947510
94406.0703125000,-80.5484619141
94623.6796875000,-80.5554656982
94841.8984375000,-80.5587768555
95060.5156250000,-80.5680465698
95279.6328125000,-80.6137008667
95499.2656250000,-80.6895980835
95719.3984375000,-80.7065963745
95940.0390625000,-80.7223434448
96161.1875000000,-80.7745895386
96382.9453125000,-80.8172454834
96605.1171875000,-80.8365631104
96827.7968750000,-80.8826522827
97050.9921875000,-80.8956146240
97274.7031250000,-80.8959274292
97498.9296875000,-80.9419250488
97723.6718750000,-80.9599456787
97949.0390625000,-81.0041732788
98174.8203125000,-81.0321884155
98401.1171875000,-81.0324478149
98627.9375000000,-81.1094818115
98855.2812500000,-81.1104888916
99083.1484375000,-81.2106246948
99311.6562500000,-81.2145309448
99540.5781250000,-81.3693389893
99770.0234375000,-81.3897399902
100000.0000000000,-81.3913574219
100230.5078125000,-81.4379501343
100461.5468750000,-81.4547119141
100693.1171875000,-81.4554443359
100925.3359375000,-81.4661865234
101157.9687500000,-81.4671096802
101391.1484375000,-81.4792098999
101624.8593750000,-81.4857101440
101859.1171875000,-81.4883651733
102093.9062500000,-81.5052261353
102329.3515625000,-81.5079803467
102565.2265625000,-81.5175857544
102801.6484375000,-81.5189514160
103038.6171875000,-81.5210342407
103276.1250000000,-81.5493774414
103514.1875000000,-81.5802459717
103752.7890625000,-81.6093902588
103992.0625000000,-81.6399459839
104231.7734375000,-81.6772308350
104472.0312500000,-81.7264251709
104712.8515625000,-81.7903060913
104954.2187500000,-81.8677062988
105196.1484375000,-81.9532165527
105438.6328125000,-82.0380783081
105681.7890625000,-82.1046524048
105925.3984375000,-82.1065521240
106169.5625000000,-82.1080551147
106414.2890625000,-82.1123809814
106659.5859375000,-82.1144866943
106905.4375000000,-82.1160583496
107151.9843750000,-82.1221389771
107398.9765625000,-82.1303024292
107646.5390625000,-82.1351928711
107894.6718750000,-82.1396331787
108143.3750000000,-82.1516799927
108392.6562500000,-82.1652832031
108642.5078125000,-82.1674499512
108893.0546875000,-82.1676712036
109144.0625000000,-82.1857376099
109395.6484375000,-82.1996688843
109647.8125000000,-82.2020721436
109900.5546875000,-82.2063598633
110153.8828125000,-82.2092971802
110407.9218750000,-82.2566528320
110662.4140625000,-82.3043289185
110917.5000000000,-82.3610229492
111173.1718750000,-82.4135971069
111429.4375000000,-82.4575195313
111686.2890625000,-82.4898071289
111943.7343750000,-82.5097274780
112201.8984375000,-82.5192794800
112460.5312500000,-82.5233840942
112719.7578125000,-82.5290527344
112979.5859375000,-82.5435485840
113240.0078125000,-82.5719909668
113501.0390625000,-82.6154327393
113762.7890625000,-82.6704483032
114025.0234375000,-82.7306137085
114287.8593750000,-82.7892379761
114551.2968750000,-82.8423004150
114815.3437500000,-82.8897857666
115080.0078125000,-82.9585800171
115345.2734375000,-83.0337066650
115611.2812500000,-83.0882186890
115877.7734375000,-83.1414108276
116144.8750000000,-83.1877517700
116412.6015625000,-83.2231903076
116680.9375000000,-83.2469253540
116949.8984375000,-83.2614669800
117219.4765625000,-83.2710494995
117489.8046875000,-83.2795867920
117760.6250000000,-83.2892837524
118032.0703125000,-83.3004074097
118304.1406250000,-83.3120498657
118576.8437500000,-83.3231277466
118850.1718750000,-83.3329696655
119124.2578125000,-83.3412094116
119398.8515625000,-83.3412246704
119674.0703125000,-83.3435211182
119949.9296875000,-83.3461380005
120226.4218750000,-83.3480682373
120503.5546875000,-83.3492431641
120781.3203125000,-83.3511581421
121059.8671875000,-83.3634262085
121338.9140625000,-83.3967514038
121618.6093750000,-83.4468154907
121898.9531250000,-83.5103073120
122179.9375000000,-83.5797424316
122461.5703125000,-83.6699981689
122743.9843750000,-83.7014465332
123026.9218750000,-83.7034683228
123310.5078125000,-83.7107620239
123594.7421875000,-83.7191772461
123879.6406250000,-83.7244033813
124165.1953125000,-83.7246093750
124451.3984375000,-83.7323074341
124738.4062500000,-83.7630233765
125025.9375000000,-83.8134613037
125314.1328125000,-83.8433761597
125602.9921875000,-83.8689804077
125892.5156250000,-83.8935089111
126182.7031250000,-83.9222869873
126473.7031250000,-83.9599151611
126765.2343750000,-84.0347290039
127057.4375000000,-84.1158370972
127350.3125000000,-84.1608734131
127643.8671875000,-84.1913375854
127938.0937500000,-84.2064971924
128233.0000000000,-84.2108764648
128528.7265625000,-84.2118682861
128824.9921875000,-84.2212524414
129121.9453125000,-84.2411041260
129419.5781250000,-84.2557067871
129717.8984375000,-84.2662887573
130016.9140625000,-84.2722702026
130316.6093750000,-84.2812500000
130617.1406250000,-84.3019332886
130918.2265625000,-84.3264007568
131220.0000000000,-84.3552246094
131522.4687500000,-84.3802032471
131825.6406250000,-84.3823318481
132129.5000000000,-84.3857116699
132434.2187500000,-84.3866424561
132739.4843750000,-84.3982238770
133045.4687500000,-84.4018554688
133352.1406250000,-84.4092254639
133659.5312500000,-84.4300460815
133967.6250000000,-84.5140380859
134276.4218750000,-84.5915374756
134586.0937500000,-84.6769866943
134896.3281250000,-84.8000030518
135207.2656250000,-84.9004745483
135518.9375000000,-84.9452743530
135831.3125000000,-84.9733505249
136144.4062500000,-84.9880523682
136458.3906250000,-84.9954833984
136772.9375000000,-84.9985504150
137088.2031250000,-85.0011291504
137404.2031250000,-85.0046310425
137720.9218750000,-85.0138397217
138038.3906250000,-85.0337219238
138356.5781250000,-85.0606765747
138675.6406250000,-85.1018218994
138995.2968750000,-85.1904525757
139315.7031250000,-85.2958450317
139636.8281250000,-85.3663711548
139958.7031250000,-85.3704147339
140281.3125000000,-85.3825378418
140604.6718750000,-85.3975296021
140928.9375000000,-85.4294509888
141253.7812500000,-85.4444427490
141579.3906250000,-85.4570770264
141905.7343750000,-85.5006408691
142232.8437500000,-85.5043792725
142560.7031250000,-85.5353317261
142889.4687500000,-85.5477600098
143218.8281250000,-85.5617523193
143548.9687500000,-85.5665054321
143879.8593750000,-85.5846328735
144211.5156250000,-85.5943603516
144543.9218750000,-85.5969314575
144877.1093750000,-85.5997238159
145211.2187500000,-85.6006546021
145545.9375000000,-85.6590042114
145881.4375000000,-85.7213668823
146217.7031250000,-85.7598266602
146554.7500000000,-85.7774505615
146892.5625000000,-85.8129501343
147231.3281250000,-85.8719024658
147570.7031250000,-85.9302291870
147910.8593750000,-86.0366210938
148251.8125000000,-86.1455154419
148593.5468750000,-86.2083435059
148936.0625000000,-86.2781066895
149279.3750000000,-86.3251647949
149623.6250000000,-86.3523788452
149968.5312500000,-86.3698425293
150314.2187500000,-86.3773574829
150660.7031250000,-86.3866577148
151007.9843750000,-86.3971862793
151356.0625000000,-86.4062805176
151705.1250000000,-86.4144897461
152054.8125000000,-86.4245681763
152405.3125000000,-86.4246063232
152756.6093750000,-86.4353485107
153108.7187500000,-86.4501113892
153461.6562500000,-86.4698028564
153815.3906250000,-86.4737777710
154170.1093750000,-86.4847335815
154525.4843750000,-86.5183715820
154881.6875000000,-86.5310897827
155238.7031250000,-86.5448989868
155596.5312500000,-86.5651092529
155955.1875000000,-86.5901184082
156314.6875000000,-86.5919342041
156675.1718750000,-86.5976181030
157036.3125000000,-86.6060485840
157398.2968750000,-86.6387023926
157761.1093750000,-86.6805343628
158124.7656250000,-86.7270355225
158489.2500000000,-86.7630920410
158854.7500000000,-86.8154907227
159220.9218750000,-86.8529968262
159587.9375000000,-86.8611450195
159955.7968750000,-86.8630218506
160324.5156250000,-86.8690567017
160694.0625000000,-86.8726959229
161064.4843750000,-86.8791580200
161435.9218750000,-86.8948364258
161808.0468750000,-86.8992767334
162181.0312500000,-86.9038543701
162554.8593750000,-86.9300003052
162929.5625000000,-86.9343338013
163305.1250000000,-86.9521865845
163681.7343750000,-86.9535675049
164059.0312500000,-86.9542617798
164437.2031250000,-87.0233993530
164816.2343750000,-87.0932693481
165196.1562500000,-87.1492996216
165576.9375000000,-87.1958999634
165958.6093750000,-87.2382125854
166341.3437500000,-87.2774658203
166724.7656250000,-87.3055801392
167109.0781250000,-87.3226776123
167494.2812500000,-87.3339157104
167880.3593750000,-87.3481979370
168267.3437500000,-87.3695526123
168655.3906250000,-87.3973312378
169044.1562500000,-87.4384765625
169433.8125000000,-87.5200119019
169824.3750000000,-87.5970764160
170215.8281250000,-87.6717681885
170608.1875000000,-87.7320404053
171001.4531250000,-87.7721862793
171395.8125000000,-87.8062896729
171790.8906250000,-87.8480224609
172186.8750000000,-87.8974380493
172583.7812500000,-87.9406356812
172981.6093750000,-87.9672851563
173380.3437500000,-87.9792327881
173779.9843750000,-88.0023574829
174180.7500000000,-88.0286788940
174582.2500000000,-88.0401687622
174984.6875000000,-88.0454788208
175388.0312500000,-88.0454940796
175792.3125000000,-88.0679550171
176197.5312500000,-88.1215515137
176603.8750000000,-88.1794052124
177010.9531250000,-88.2055816650
177418.9843750000,-88.2075347900
177827.9375000000,-88.2157821655
178237.8437500000,-88.2172012329
178648.7031250000,-88.2192306519
179060.5000000000,-88.2278060913
179473.4375000000,-88.2362594604
179887.1406250000,-88.2463226318
180301.7968750000,-88.2505340576
180717.4062500000,-88.2574310303
181133.9687500000,-88.2715606689
181551.5000000000,-88.2750473022
181970.1875000000,-88.3259963989
182389.6406250000,-88.4906539917
182810.0625000000,-88.6119079590
183231.4531250000,-88.6838836670
183653.8125000000,-88.7168960571
184077.1406250000,-88.7325363159
184501.4531250000,-88.7577896118
184926.9531250000,-88.7620544434
185353.2187500000,-88.7638778687
185780.4687500000,-88.7803878784
186208.7031250000,-88.7830657959
186637.9375000000,-88.7839965820
187068.1406250000,-88.8257675171
187499.3437500000,-88.8947906494
187931.7500000000,-88.9446945190
188364.9531250000,-88.9959030151
188799.1406250000,-89.0745468140
189234.3437500000,-89.1202545166
189670.5312500000,-89.1212158203
190107.7500000000,-89.1394424438
190546.1562500000,-89.1675109863
190985.3906250000,-89.1877517700
191425.6250000000,-89.2002029419
191866.8750000000,-89.2243652344
192309.1406250000,-89.2293014526
192752.4218750000,-89.2467117310
193196.7343750000,-89.2501754761
193642.2812500000,-89.2606964111
194088.6406250000,-89.2633209229
194536.0312500000,-89.2755050659
194984.4375000000,-89.2845611572
195433.8906250000,-89.2904434204
195884.3906250000,-89.3039932251
196336.1250000000,-89.3322372437
196788.7031250000,-89.3713912964
197242.3125000000,-89.3860473633
197696.9687500000,-89.3891830444
198152.6718750000,-89.4081954956
198609.4218750000,-89.4204330444
199067.2343750000,-89.4510269165
199526.3125000000,-89.4660186768
199986.2343750000,-89.4704971313
200447.2187500000,-89.5434799194
200909.2656250000,-89.6156921387
201372.3750000000,-89.6692962646
201836.5625000000,-89.7034988403
202302.0312500000,-89.7127838135
202768.3437500000,-89.7301330566
203235.7343750000,-89.7545471191
203704.2187500000,-89.7636642456
204173.7656250000,-89.7681274414
204644.4062500000,-89.8134384155
205116.1250000000,-89.9497528076
205589.1562500000,-90.1158294678
206063.0468750000,-90.1336364746
206538.0468750000,-90.1386337280
207014.1250000000,-90.1469345093
207491.3125000000,-90.1522521973
207969.5937500000,-90.1536941528
208448.9843750000,-90.1643447876
208929.7031250000,-90.1934204102
209411.2968750000,-90.1989746094
209894.0000000000,-90.2026519775
210377.8281250000,-90.2402114868
210862.7500000000,-90.2580718994
211348.8125000000,-90.2604598999
211836.2187500000,-90.2608184814
212324.5156250000,-90.2629699707
212813.9375000000,-90.2728271484
213304.4843750000,-90.2913513184
213796.1718750000,-90.2948837280
214288.9843750000,-90.2963638306
214782.9375000000,-90.3117675781
215278.2656250000,-90.3742370605
215774.5000000000,-90.5002365112
216271.8750000000,-90.6287536621
216770.3906250000,-90.6470642090
217270.0625000000,-90.6597671509
217770.8906250000,-90.6887207031
218273.1093750000,-90.7066040039
218776.2343750000,-90.7163925171
219280.5312500000,-90.7392578125
219785.9843750000,-90.7562561035
220292.6093750000,-90.8003463745
220800.4062500000,-90.8223114014
221309.3593750000,-90.8825454712
221819.7343750000,-90.8831176758
222331.0468750000,-90.8852157593
222843.5468750000,-90.9153900146
223357.2031250000,-90.9214859009
223872.0625000000,-90.9863204956
224388.1093750000,-90.9893646240
224905.5781250000,-91.0087203979
225424.0000000000,-91.0658493042
225943.6250000000,-91.1002883911
226464.4375000000,-91.1337661743
226986.4531250000,-91.1410293579
227509.6718750000,-91.1787796021
228034.1093750000,-91.2130889893
228559.9843750000,-91.2358627319
229086.8281250000,-91.2490844727
229614.8906250000,-91.2687911987
230144.1718750000,-91.2774734497
230674.6718750000,-91.2781066895
231206.3906250000,-91.3300018311
231739.3437500000,-91.3324966431
232273.7812500000,-91.3612365723
232809.1875000000,-91.3693084717
233345.8281250000,-91.3974685669
233883.7031250000,-91.4225463867
234422.8125000000,-91.4477005005
234963.1875000000,-91.5017318726
235505.0468750000,-91.5074844360
236047.9062500000,-91.5080718994
236592.0156250000,-91.5401382446
237137.3750000000,-91.6727828979
237683.9843750000,-91.7727050781
238231.8750000000,-91.7989425659
238781.0156250000,-91.8070526123
239331.6718750000,-91.8111038208
239883.3593750000,-91.8556900024
240436.2968750000,-91.8570022583
240990.5312500000,-91.9378585815
241546.0312500000,-92.0855560303
242102.8125000000,-92.0957641602
242661.1406250000,-92.0983963013
243220.4843750000,-92.1054382324
243781.1250000000,-92.1253814697
244343.0625000000,-92.1449584961
244906.2968750000,-92.1519622803
245470.8125000000,-92.2178039551
246036.6406250000,-92.2221221924
246604.0468750000,-92.2262115479
247172.4843750000,-92.2289962769
247742.2343750000,-92.2363128662
248313.2968750000,-92.2809829712
248885.6718750000,-92.3203964233
249459.3750000000,-92.3659591675
250034.4062500000,-92.3772506714
250611.0156250000,-92.3802719116
251188.7031250000,-92.4169845581
251767.7031250000,-92.4575958252
252348.0468750000,-92.4639205933
252929.7343750000,-92.4997253418
253512.7500000000,-92.5006484985
254097.3906250000,-92.5054016113
254683.1093750000,-92.5060348511
255270.1718750000,-92.5097808838
255858.5781250000,-92.5539169312
256448.3593750000,-92.5541305542
257039.4843750000,-92.5828247070
257631.9843750000,-92.6638183594
258226.1250000000,-92.7371978760
258821.3593750000,-92.7829055786
259417.9531250000,-92.8176040649
260015.9375000000,-92.8191223145
260615.2812500000,-92.8449478149
261216.0312500000,-92.9298248291
261818.4375000000,-92.9450302124
262421.9375000000,-92.9541320801
263026.8437500000,-93.0354995728
263633.1562500000,-93.0499954224
264240.8437500000,-93.0592803955
264849.9375000000,-93.1174011230
265460.4375000000,-93.1574478149
266072.6250000000,-93.1832809448
266685.9375000000,-93.2238006592
267300.6562500000,-93.2703094482
267916.8125000000,-93.2783203125
268534.3750000000,-93.2794494629
269153.3750000000,-93.2803726196
269774.0937500000,-93.2840118408
270395.9375000000,-93.2900009155
271019.2187500000,-93.2901535034
271643.9375000000,-93.2938690186
272270.0937500000,-93.3143768311
272897.6875000000,-93.3165359497
273526.7500000000,-93.3665313721
274157.5312500000,-93.3882217407
274789.5000000000,-93.3903732300
275422.9062500000,-93.4189529419
276057.7812500000,-93.4260330200
276694.0937500000,-93.4780883789
277331.9062500000,-93.4914474487
277971.1875000000,-93.5035171509
278612.2187500000,-93.5428924561
279254.4375000000,-93.6114654541
279898.1562500000,-93.6270828247
280543.3437500000,-93.6398086548
281190.0000000000,-93.6536178589
281838.1562500000,-93.7218475342
282488.1250000000,-93.7331848145
283139.2812500000,-93.7401962280
283791.9375000000,-93.7958221436
284446.0937500000,-93.8043136597
285101.7812500000,-93.8137741089
285758.9687500000,-93.8556213379
286417.6562500000,-93.8768081665
287078.1875000000,-93.8848037720
287739.9062500000,-93.8857498169
288403.1875000000,-93.8875579834
289067.9687500000,-93.9188919067
289734.2812500000,-93.9853210449
290402.1562500000,-94.0625305176
291071.8750000000,-94.0718688965
291742.8125000000,-94.0821075439
292415.2812500000,-94.1659393311
293089.3437500000,-94.1890029907
293764.9062500000,-94.2282333374
294442.0625000000,-94.2895736694
295120.7812500000,-94.3394241333
295801.3750000000,-94.3774871826
296483.2187500000,-94.4214630127
297166.6250000000,-94.4607315063
297851.6250000000,-94.4916534424
298538.1875000000,-94.5754776001
299226.3437500000,-94.6613998413
299916.4062500000,-94.6718978882
300607.7500000000,-94.6995849609
301300.6562500000,-94.7240524292
301995.1875000000,-94.7416076660
302691.3125000000,-94.7527542114
303389.0312500000,-94.7589416504
304088.3750000000,-94.7618637085
304789.6562500000,-94.7629394531
305492.2187500000,-94.7632522583
306196.3750000000,-94.7638626099
306902.1875000000,-94.7661209106
307609.6250000000,-94.7717437744
308318.6875000000,-94.7822723389
309029.3750000000,-94.7981719971
309742.0625000000,-94.8180389404
310456.0312500000,-94.8381042480
311171.6562500000,-94.8541259766
311888.9375000000,-94.8635559082
312607.8437500000,-94.8666915894
313328.4375000000,-94.8668670654
314051.0312500000,-94.8695373535
314774.9375000000,-94.8805084229
315500.5000000000,-94.9041290283
316227.7812500000,-94.9420013428
316956.6875000000,-94.9925765991
317687.3125000000,-95.0517272949
318419.5937500000,-95.1140441895
319153.9375000000,-95.1745300293
319889.5937500000,-95.2299041748
320626.9687500000,-95.2795333862
321366.0312500000,-95.3249740601
322106.8125000000,-95.3688354492
322849.2812500000,-95.4132995605
323593.8125000000,-95.4589920044
324339.7187500000,-95.5047454834
325087.3750000000,-95.5486145020
325836.7187500000,-95.5892791748
326587.7812500000,-95.6271820068
327340.5937500000,-95.6643829346
328095.1250000000,-95.7032318115
328851.7812500000,-95.7445831299
329609.8125000000,-95.7869567871
330369.5937500000,-95.8273773193
331131.0937500000,-95.8632965088
331894.3750000000,-95.8936691284
332659.4375000000,-95.9214401245
333426.2187500000,-95.9488525391
334195.1562500000,-95.9779968262
334965.5000000000,-96.0092391968
335737.6250000000,-96.0415420532
336511.5312500000,-96.0734481812
337287.2187500000,-96.1038665771
338064.6875000000,-96.1320648193
338844.3125000000,-96.1571578979
339625.3750000000,-96.1779251099
340408.2500000000,-96.1933059692
341192.9062500000,-96.2034301758
341979.3750000000,-96.2102813721
342767.6562500000,-96.2173614502
343557.7812500000,-96.2282562256
344350.0625000000,-96.2449493408
345143.8125000000,-96.2670135498
345939.4062500000,-96.2922668457
346736.8125000000,-96.3185501099
347536.0625000000,-96.3606414795
348337.1562500000,-96.4122467041
349140.5000000000,-96.4575195313
349945.2812500000,-96.4788970947
350751.9375000000,-96.4847335815
351560.4375000000,-96.4943084717
352370.8125000000,-96.5065536499
353183.0625000000,-96.5103607178
353997.1562500000,-96.5149536133
354813.5312500000,-96.5412445068
355631.4062500000,-96.5435028076
356451.1562500000,-96.5653305054
357272.8125000000,-96.5717391968
358096.3437500000,-96.5952835083
358921.7812500000,-96.6041259766
359749.5312500000,-96.6139678955
360578.7812500000,-96.6341705322
361409.9375000000,-96.6478118896
362243.0000000000,-96.6556167603
363078.0000000000,-96.6598281860
363914.9375000000,-96.6616973877
364753.7812500000,-96.7334289551
365594.9687500000,-96.8112564087
366437.6875000000,-96.8884506226
367282.3437500000,-96.9612731934
368128.9687500000,-97.0577697754
368977.5312500000,-97.1424942017
369828.0312500000,-97.1923828125
370680.5312500000,-97.2380142212
371535.3750000000,-97.2794113159
372391.7812500000,-97.3165283203
373250.1875000000,-97.3494567871
374110.5625000000,-97.3783111572
374972.9062500000,-97.4131622314
375837.2500000000,-97.4393615723
376703.9687500000,-97.4522781372
377572.3125000000,-97.4646377563
378442.6562500000,-97.4799118042
379314.9687500000,-97.5012207031
380189.3437500000,-97.5299301147
381065.6875000000,-97.5836029053
381944.0625000000,-97.6382446289
382824.9062500000,-97.6685638428
383707.3437500000,-97.6749954224
384591.8125000000,-97.6781921387
385478.3125000000,-97.6871109009
386366.8750000000,-97.6913604736
387257.5000000000,-97.6918258667
388150.5625000000,-97.6985092163
389045.2812500000,-97.7067871094
389942.0625000000,-97.7080917358
390840.9062500000,-97.7086257935
391741.8125000000,-97.7106475830
392644.8125000000,-97.7151794434
393549.8750000000,-97.7206497192
394457.4687500000,-97.7228393555
395366.7187500000,-97.7311096191
396278.0937500000,-97.7315750122
397191.5312500000,-97.7322082520
398107.0937500000,-97.7604141235
399024.7500000000,-97.8042678833
399944.9687500000,-97.8623657227
400866.8750000000,-97.9660797119
401790.9062500000,-98.0711517334
402717.0625000000,-98.1325759888
403645.3437500000,-98.1835937500
404575.7812500000,-98.2234649658
405508.3437500000,-98.2568130493
406443.5312500000,-98.2600784302
407380.4062500000,-98.2623367310
408319.4375000000,-98.2642669678
409260.6562500000,-98.2658615112
410204.0312500000,-98.2757720947
411149.5625000000,-98.2826843262
412097.3125000000,-98.2841262817
413047.6562500000,-98.2860641479
413999.7812500000,-98.2924041748
414954.0625000000,-98.3278961182
415910.5625000000,-98.3738098145
416869.2812500000,-98.4488296509
417830.1875000000,-98.5138473511
418793.7812500000,-98.5445175171
419759.1250000000,-98.5678329468
420726.6875000000,-98.6018829346
421696.5000000000,-98.6097030640
422668.5312500000,-98.6134338379
423642.8125000000,-98.6152191162
424619.3437500000,-98.6381988525
425598.5937500000,-98.6394348145
426579.6250000000,-98.6447982788
427562.9375000000,-98.6749801636
428548.5000000000,-98.6774444580
429536.3125000000,-98.6797866821
430526.4375000000,-98.7055969238
431519.3125000000,-98.7059326172
432514.0000000000,-98.7090301514
433510.9687500000,-98.7218170166
434510.2500000000,-98.7708892822
435511.8125000000,-98.8356170654
436515.6875000000,-98.8744735718
437521.9062500000,-98.9204406738
438530.9062500000,-98.9548110962
439541.7500000000,-98.9720764160
440554.9062500000,-98.9926528931
441570.4375000000,-99.0084228516
442588.2812500000,-99.0153274536
443608.4687500000,-99.0209426880
444631.0312500000,-99.0258560181
445656.4062500000,-99.0336303711
446683.6875000000,-99.0621871948
447713.3125000000,-99.1117248535
448745.3437500000,-99.1559448242
449779.7187500000,-99.2222061157
450816.5000000000,-99.2678375244
451856.1562500000,-99.2710800171
452897.7187500000,-99.2751770020
453941.6875000000,-99.2801971436
454988.0625000000,-99.2845230103
456036.8437500000,-99.3158187866
457088.0312500000,-99.3676300049
458141.6562500000,-99.4710693359
459198.1875000000,-99.5815887451
460256.6875000000,-99.6466445923
461317.6250000000,-99.6999816895
462380.9687500000,-99.7200241089
463446.8125000000,-99.7220611572
464515.0937500000,-99.7298660278
465586.3437500000,-99.7722091675
466659.5312500000,-99.7727279663
467735.2187500000,-99.8052597046
468813.3750000000,-99.8123397827
469894.0312500000,-99.8202056885
470977.1875000000,-99.8301315308
472062.8125000000,-99.9678802490
473151.4687500000,-99.9697494507
474242.1250000000,-99.9874649048
475335.2812500000,-99.9957809448
476430.9687500000,-100.0543212891
477529.1562500000,-100.0651702881
478629.9062500000,-100.0783081055
479733.7187500000,-100.1554870605
480839.5312500000,-100.1760635376
481947.9062500000,-100.1835861206
483058.8125000000,-100.2418060303
484172.3125000000,-100.2519607544
485288.3437500000,-100.2613983154
486406.9687500000,-100.3418273926
487528.7187500000,-100.3420715332
488652.5000000000,-100.3486328125
489778.8750000000,-100.3596496582
490907.8437500000,-100.3649520874
492039.4375000000,-100.3914337158
493173.6250000000,-100.3975906372
494310.4375000000,-100.4058761597
495450.3750000000,-100.4169006348
496592.4375000000,-100.4313888550
497737.1250000000,-100.4840393066
498884.4375000000,-100.5500030518
500034.4062500000,-100.6279907227
501187.0000000000,-100.7031860352
502342.8437500000,-100.7538070679
503500.7812500000,-100.7739486694
504661.3750000000,-100.7759323120
505824.6562500000,-100.7766113281
506990.6250000000,-100.7818908691
508159.2812500000,-100.7925033569
509330.6250000000,-100.7950515747
510505.2187500000,-100.7951889038
511681.9687500000,-100.8157043457
512861.4375000000,-100.8661499023
514043.6250000000,-100.9414901733
515228.5312500000,-100.9591598511
516416.1562500000,-100.9731521606
517607.0937500000,-100.9768218994
518800.2187500000,-101.0098800659
519996.0937500000,-101.0214385986
521194.7187500000,-101.0214920044
522396.1250000000,-101.0370025635
523600.2812500000,-101.0756149292
524807.1875000000,-101.0969390869
526017.5000000000,-101.1085052490
527230.0000000000,-101.1269378662
528445.3125000000,-101.1604766846
529663.4375000000,-101.2096328735
530884.3125000000,-101.2181396484
532108.0625000000,-101.2235107422
533335.1875000000,-101.2332458496
534564.5625000000,-101.2343139648
535796.7500000000,-101.2511062622
537031.8125000000,-101.3141708374
538269.6875000000,-101.3972854614
539510.4375000000,-101.4699478149
540754.0625000000,-101.5051651001
542001.1250000000,-101.5163497925
543250.5000000000,-101.5308837891
544502.7500000000,-101.5777587891
545757.8750000000,-101.6649322510
547015.8750000000,-101.7051620483
548276.7500000000,-101.7097396851
549540.5625000000,-101.7179565430
550807.9375000000,-101.7199707031
552077.5625000000,-101.7345733643
553350.1250000000,-101.7442474365
554625.6875000000,-101.7794189453
555904.1250000000,-101.8112030029
557185.5000000000,-101.8510055542
558470.5000000000,-101.8845062256
559757.8125000000,-101.9201812744
561048.0625000000,-101.9611892700
562341.3125000000,-101.9863357544
563637.5625000000,-102.0106735229
564936.8125000000,-102.0143203735
566239.0000000000,-102.0185775757
567544.8750000000,-102.0285491943
568853.0625000000,-102.0363998413
570164.3125000000,-102.0384368896
571478.6250000000,-102.0426712036
572795.8750000000,-102.0508728027
574116.2500000000,-102.0586624146
575440.2500000000,-102.0765380859
576766.6875000000,-102.1070404053
578096.1875000000,-102.1448593140
579428.6875000000,-102.1890411377
580764.3125000000,-102.2336120605
582103.0625000000,-102.2749023438
583444.8125000000,-102.3134078979
584790.3750000000,-102.3407745361
586138.3125000000,-102.3593292236
587489.4375000000,-102.3985748291
588843.6250000000,-102.4714279175
590200.9375000000,-102.5299148560
591561.4375000000,-102.5598373413
592925.0000000000,-102.5668640137
594292.3750000000,-102.5698928833
595662.2500000000,-102.6198196411
597035.3125000000,-102.6320343018
598411.5000000000,-102.6344146729
599790.9375000000,-102.6434326172
601173.4375000000,-102.6464080811
602559.8750000000,-102.6555557251
603948.8125000000,-102.7636795044
605340.9375000000,-102.8259735107
606736.3125000000,-102.8317260742
608134.8750000000,-102.8401565552
609536.6875000000,-102.8714904785
610941.6875000000,-102.9283523560
612350.6250000000,-103.0210266113
613762.1250000000,-103.1052932739
615176.9375000000,-103.1152343750
616594.9375000000,-103.1284027100
618016.2500000000,-103.1285018921
619440.8125000000,-103.1468048096
620869.3750000000,-103.1534576416
622300.5000000000,-103.1599884033
623734.9375000000,-103.1605606079
625172.6875000000,-103.1916122437
626613.7500000000,-103.2211303711
628058.1250000000,-103.2650756836
629505.8750000000,-103.3199310303
630957.6250000000,-103.3564071655
632412.0000000000,-103.3888473511
633869.7500000000,-103.3943252563
635330.8750000000,-103.4114227295
636795.3750000000,-103.4514999390
638263.2500000000,-103.4936599731
639735.1875000000,-103.5089187622
641209.8125000000,-103.5557861328
642687.8750000000,-103.6053390503
644169.3125000000,-103.6384277344
645654.1250000000,-103.6648712158
647142.4375000000,-103.6688842773
648634.1250000000,-103.6936798096
650130.0000000000,-103.6937179565
651628.5625000000,-103.6982574463
653130.6250000000,-103.7092208862
654636.1250000000,-103.7128295898
656145.1250000000,-103.7552566528
657657.6250000000,-103.7981567383
659173.5625000000,-103.8349914551
660693.6875000000,-103.8410949707
662216.6250000000,-103.8484954834
663743.1250000000,-103.8672943115
665273.0625000000,-103.8758773804
666806.5625000000,-103.8775863647
668343.6250000000,-103.8906631470
669884.9375000000,-103.9210052490
671429.0625000000,-103.9212875366
672976.7500000000,-103.9552078247
674528.0000000000,-103.9947433472
676082.8750000000,-104.0130462646
677641.2500000000,-104.0567169189
679203.3125000000,-104.1891708374
680769.6250000000,-104.2553710938
682338.8750000000,-104.2768783569
683911.6875000000,-104.2875747681
685488.1875000000,-104.3037109375
687068.2500000000,-104.3132095337
688652.0000000000,-104.3208541870
690240.1875000000,-104.3317642212
691831.1875000000,-104.3518524170
693425.9375000000,-104.3577499390
695024.3125000000,-104.3797760010
696626.4375000000,-104.3807449341
698232.1875000000,-104.3900451660
699841.6875000000,-104.4011917114
701455.6250000000,-104.4235610962
703072.5000000000,-104.4572143555
704693.1250000000,-104.5057296753
706317.5000000000,-104.5109024048
707945.6250000000,-104.5352249146
709577.5000000000,-104.5799179077
711213.8750000000,-104.5973892212
712853.3125000000,-104.6084136963
714496.5000000000,-104.6120605469
716143.4375000000,-104.6263809204
717794.1875000000,-104.6375427246
719448.7500000000,-104.6382064819
721107.1250000000,-104.6785812378
722770.1250000000,-104.6791992188
724436.1875000000,-104.6833877563
726106.0625000000,-104.7442779541
727779.8125000000,-104.7926940918
729457.3750000000,-104.8127365112
731138.8125000000,-104.8163146973
732824.1250000000,-104.8303222656
734514.1875000000,-104.8403396606
736207.2500000000,-104.8447952271
737904.3125000000,-104.8582534790
739605.1875000000,-104.8777313232
741310.0625000000,-104.8906097412
743018.8125000000,-104.9095993042
744732.3750000000,-104.9172515869
746449.0000000000,-104.9178466797
748169.6250000000,-105.0220108032
749894.1875000000,-105.1165695190
751622.7500000000,-105.1181335449
753355.3125000000,-105.1432418823
755091.8750000000,-105.1501312256
756833.2500000000,-105.1551284790
758577.7500000000,-105.1974334717
760326.3750000000,-105.2067642212
762078.9375000000,-105.2376708984
763835.6250000000,-105.2381668091
765596.3125000000,-105.2698745728
767361.8750000000,-105.3482360840
769130.6875000000,-105.4080810547
770903.6250000000,-105.4201889038
772680.6250000000,-105.4278640747
774461.6875000000,-105.4289627075
776246.8750000000,-105.4375152588
778036.1875000000,-105.4390640259
779830.4375000000,-105.4499893188
781628.0000000000,-105.4577102661
783429.7500000000,-105.4601821899
785235.6250000000,-105.4698486328
787045.6250000000,-105.4702529907
788859.8125000000,-105.4796371460
790678.1875000000,-105.5139541626
792501.6250000000,-105.6183700562
794328.4375000000,-105.7370910645
796159.3750000000,-105.8188247681
797994.6250000000,-105.9093780518
799834.0000000000,-105.9847793579
801677.6875000000,-105.9920883179
803526.5000000000,-105.9924926758
805378.6875000000,-105.9935455322
807235.1250000000,-106.0396575928
809095.8750000000,-106.0528945923
810960.9375000000,-106.0543518066
812830.2500000000,-106.0613784790
814703.8750000000,-106.0893325806
816582.6875000000,-106.1343917847
818465.0000000000,-106.1537017822
820351.6250000000,-106.1786499023
822242.5625000000,-106.1909942627
824137.8750000000,-106.1992187500
826037.6250000000,-106.2150039673
827942.5625000000,-106.2254943848
829851.0625000000,-106.2351913452
831763.9375000000,-106.2756652832
833681.1875000000,-106.2790069580
835602.8750000000,-106.3467788696
837529.0000000000,-106.3773422241
839459.5625000000,-106.3819122314
841395.5000000000,-106.3864746094
843335.0000000000,-106.4160079956
845278.9375000000,-106.4408187866
847227.3750000000,-106.4479217529
849180.2500000000,-106.4758224487
851137.6875000000,-106.5197448730
853100.5625000000,-106.5265274048
855067.0000000000,-106.6255493164
857038.0000000000,-106.7573776245
859013.5625000000,-106.7670898438
860993.6250000000,-106.7735748291
862978.3125000000,-106.7933197021
864967.5000000000,-106.8016815186
866962.2500000000,-106.8092803955
868960.6875000000,-106.8495483398
870963.6875000000,-106.8539505005
872971.3125000000,-106.8908615112
874983.6250000000,-106.9381179810
877000.5000000000,-106.9497604370
879022.0625000000,-106.9755859375
881049.2500000000,-106.9884414673
883080.1250000000,-106.9955444336
885115.6875000000,-106.9993209839
887155.9375000000,-107.0689849854
889200.8750000000,-107.0807342529
891250.5625000000,-107.0911560059
893305.9375000000,-107.0990600586
895365.0625000000,-107.1018371582
897428.9375000000,-107.1555252075
899497.5625000000,-107.1562805176
901571.0000000000,-107.1616592407
903649.1875000000,-107.1816253662
905732.1250000000,-107.2172012329
907820.9375000000,-107.2204666138
909913.5000000000,-107.2248611450
912010.9375000000,-107.2328186035
914113.1875000000,-107.2647552490
916220.2500000000,-107.2820968628
918332.1875000000,-107.3096084595
920450.0625000000,-107.3113250732
922571.7500000000,-107.4522247314
924698.3750000000,-107.6294860840
926829.8125000000,-107.6635208130
928966.2500000000,-107.6757812500
931107.5625000000,-107.6907653809
933253.8750000000,-107.7479934692
935406.0625000000,-107.7572097778
937562.2500000000,-107.7700347900
939723.4375000000,-107.7917327881
941889.5625000000,-107.8073348999
944060.6875000000,-107.8152999878
946236.8125000000,-107.8172225952
948419.0000000000,-107.8180160522
950605.1250000000,-107.8270416260
952796.3750000000,-107.8278808594
954992.6250000000,-107.8331527710
957193.9375000000,-107.8357238770
959400.3750000000,-107.8444900513
961611.8125000000,-107.8456344604
963829.5000000000,-107.8615036011
966051.1875000000,-107.8908386230
968278.0000000000,-107.9129028320
970509.9375000000,-107.9154052734
972747.0625000000,-107.9521255493
974989.3125000000,-107.9624404907
977236.6875000000,-108.0501022339
979490.3750000000,-108.0983963013
981748.1875000000,-108.1261596680
984011.1875000000,-108.1383819580
986279.3750000000,-108.1965026855
988552.8125000000,-108.1997299194
990831.5000000000,-108.2053451538
993116.5625000000,-108.2098236084
995405.7500000000,-108.2330780029
997700.2500000000,-108.2550964355
1000000.0000000000,-108.2744445801
1002305.0625000000,-108.2795257568
1004615.4375000000,-108.2994384766
1006931.1875000000,-108.3169326782
1009253.3125000000,-108.3571472168
1011579.7500000000,-108.3962554932
1013911.5000000000,-108.4354476929
1016248.6250000000,-108.4760971069
1018591.1250000000,-108.5218276978
1020939.0625000000,-108.5712280273
1023293.5625000000,-108.6229400635
1025652.3125000000,-108.6752929688
1028016.5000000000,-108.7243423462
1030386.1250000000,-108.7661285400
1032761.2500000000,-108.8005294800
1035141.8750000000,-108.8277435303
1037527.9375000000,-108.8486099243
1039920.6250000000,-108.8671112061
1042317.7500000000,-108.8884658813
1044720.3750000000,-108.9144515991
1047128.5000000000,-108.9459609985
1049542.2500000000,-108.9827346802
1051961.5000000000,-109.0190505981
1054386.3750000000,-109.0495452881
1056817.8750000000,-109.0572509766
1059254.0000000000,-109.0578536987
1061695.6250000000,-109.0625457764
1064142.8750000000,-109.0658798218
1066595.8750000000,-109.0711212158
1069054.3750000000,-109.0712051392
1071519.8750000000,-109.0791702271
1073989.7500000000,-109.0797119141
1076465.3750000000,-109.0816726685
1078946.7500000000,-109.0945434570
1081433.7500000000,-109.1112899780
1083926.5000000000,-109.1297378540
1086425.0000000000,-109.1514053345
1088930.5000000000,-109.1815948486
1091440.6250000000,-109.2201385498
1093956.5000000000,-109.2652435303
1096478.1250000000,-109.3130645752
1099005.5000000000,-109.3581314087
1101538.8750000000,-109.3927612305
1104079.1250000000,-109.4025115967
1106624.1250000000,-109.4026641846
1109175.0000000000,-109.4083709717
1111731.7500000000,-109.4096755981
1114294.3750000000,-109.4130630493
1116862.8750000000,-109.4153060913
1119437.3750000000,-109.4443893433
1122019.0000000000,-109.4836654663
1124605.2500000000,-109.5280761719
1127197.6250000000,-109.5727462769
1129795.8750000000,-109.6137313843
1132400.1250000000,-109.6486434937
1135010.3750000000,-109.6758956909
1137627.8750000000,-109.6918106079
1140250.2500000000,-109.6953430176
1142878.6250000000,-109.6956481934
1145513.0000000000,-109.6982345581
1148153.5000000000,-109.7062149048
1150800.0000000000,-109.7068710327
1153452.7500000000,-109.7101440430
1156112.7500000000,-109.7206268311
1158777.7500000000,-109.7683944702
1161448.7500000000,-109.8362579346
1164126.0000000000,-109.9162445068
1166809.3750000000,-109.9970703125
1169499.0000000000,-110.0673828125
1172194.7500000000,-110.1194152832
1174898.0000000000,-110.1519241333
1177606.2500000000,-110.1703796387
1180320.7500000000,-110.1846542358
1183041.3750000000,-110.1982650757
1185768.3750000000,-110.2114639282
1188501.7500000000,-110.2232971191
1191242.6250000000,-110.2337722778
1193988.5000000000,-110.2448196411
1196740.7500000000,-110.2595672607
1199499.2500000000,-110.2800521851
1202264.2500000000,-110.2990264893
1205035.5000000000,-110.3047561646
1207813.2500000000,-110.3048858643
1210598.6250000000,-110.3053817749
1213389.1250000000,-110.3191223145
1216186.1250000000,-110.3250885010
1218989.5000000000,-110.3271179199
1221799.3750000000,-110.3337326050
1224615.7500000000,-110.3407363892
1227439.8750000000,-110.3425369263
1230269.2500000000,-110.3587341309
1233105.0000000000,-110.4024581909
1235947.5000000000,-110.4521102905
1238796.3750000000,-110.5053482056
1241651.8750000000,-110.5627746582
1244514.0000000000,-110.6269073486
1247384.1250000000,-110.6989669800
1250259.3750000000,-110.7767715454
1253141.3750000000,-110.8553314209
1256029.8750000000,-110.9289932251
1258925.1250000000,-110.9939422607
1261827.0000000000,-111.0010452271
1264737.0000000000,-111.0047988892
1267652.3750000000,-111.0195846558
1270574.3750000000,-111.0306396484
1273503.1250000000,-111.0489425659
1276438.6250000000,-111.0544128418
1279380.8750000000,-111.0734634399
1282330.0000000000,-111.0939025879
1285287.2500000000,-111.0947799683
1288250.0000000000,-111.1266021729
1291219.5000000000,-111.1275329590
1294195.7500000000,-111.1288299561
1297179.0000000000,-111.1466140747
1300169.1250000000,-111.1474227905
1303166.1250000000,-111.1846923828
1306171.3750000000,-111.2438430786
1309182.2500000000,-111.2994003296
1312200.0000000000,-111.3451843262
1315224.7500000000,-111.3761444092
1318256.3750000000,-111.3924636841
1321295.1250000000,-111.4009246826
1324342.2500000000,-111.4112014771
1327394.8750000000,-111.4301986694
1330454.6250000000,-111.4548187256
1333521.3750000000,-111.4560775757
1336595.2500000000,-111.4647750854
1339676.2500000000,-111.4651184082
1342764.2500000000,-111.4764556885
1345860.8750000000,-111.4791793823
1348963.2500000000,-111.4855041504
1352072.7500000000,-111.4944076538
1355189.3750000000,-111.5347137451
1358313.1250000000,-111.5703887939
1361444.1250000000,-111.5886993408
1364583.8750000000,-111.5895080566
1367729.3750000000,-111.5918884277
1370882.0000000000,-111.5943069458
1374042.0000000000,-111.6174163818
1377209.2500000000,-111.6576385498
1380383.8750000000,-111.7084121704
1383565.7500000000,-111.7624130249
1386756.5000000000,-111.8148269653
1389953.0000000000,-111.8631286621
1393157.0000000000,-111.9184570313
1396368.2500000000,-111.9224929810
1399587.0000000000,-111.9238967896
1402813.1250000000,-111.9283447266
1406046.7500000000,-111.9382781982
1409289.3750000000,-111.9557037354
1412537.8750000000,-111.9578933716
1415793.8750000000,-111.9647827148
1419057.3750000000,-111.9717559814
1422328.3750000000,-111.9808349609
1425607.0000000000,-111.9835433960
1428894.6250000000,-111.9887619019
1432188.3750000000,-111.9894714355
1435489.6250000000,-112.0060348511
1438798.5000000000,-112.0910491943
1442115.1250000000,-112.1377563477
1445439.2500000000,-112.1384429932
1448771.1250000000,-112.1518325806
1452112.2500000000,-112.1528930664
1455459.5000000000,-112.1622238159
1458814.3750000000,-112.1662979126
1462177.0000000000,-112.2232131958
1465547.5000000000,-112.3011703491
1468925.6250000000,-112.3863067627
1472313.2500000000,-112.4924621582
1475707.0000000000,-112.5537185669
1479108.6250000000,-112.5643157959
1482518.1250000000,-112.5665893555
1485935.3750000000,-112.5787658691
1489360.6250000000,-112.6146392822
1492793.6250000000,-112.6750717163
1496236.3750000000,-112.7447357178
1499685.2500000000,-112.7465438843
1503142.1250000000,-112.7540512085
1506607.0000000000,-112.7609481812
1510079.7500000000,-112.7827301025
1513560.6250000000,-112.8044891357
1517051.1250000000,-112.8087768555
1520548.1250000000,-112.8430252075
1524053.0000000000,-112.8558654785
1527566.1250000000,-112.8702697754
1531087.2500000000,-112.8794479370
1534616.5000000000,-112.8950500488
1538153.8750000000,-112.8964157104
1541701.1250000000,-112.9097824097
1545254.8750000000,-112.9099502563
1548816.8750000000,-112.9124221802
1552387.0000000000,-113.0268630981
1555965.3750000000,-113.0917816162
1559551.8750000000,-113.1386947632
1563146.7500000000,-113.1689147949
1566751.7500000000,-113.1882171631
1570363.1250000000,-113.2101974487
1573983.0000000000,-113.2324523926
1577611.1250000000,-113.2469177246
1581247.6250000000,-113.2585220337
1584892.5000000000,-113.2612152100
1588547.5000000000,-113.2626495361
1592209.2500000000,-113.2652282715
1595879.3750000000,-113.2652435303
1599558.0000000000,-113.2729415894
1603245.1250000000,-113.2963180542
1606940.7500000000,-113.3608169556
1610644.8750000000,-113.4430999756
1614359.2500000000,-113.4922027588
1618080.5000000000,-113.5187454224
1621810.2500000000,-113.5203018188
1625548.6250000000,-113.5246124268
1629295.6250000000,-113.5257186890
1633051.2500000000,-113.5326538086
1636817.3750000000,-113.5327606201
1640590.3750000000,-113.5384597778
1644372.0000000000,-113.5676879883
1648162.3750000000,-113.6001739502
1651961.5000000000,-113.6310882568
1655769.5000000000,-113.6595993042
1659586.1250000000,-113.6654205322
1663413.3750000000,-113.6667175293
1667247.6250000000,-113.6674118042
1671090.7500000000,-113.6879577637
1674942.7500000000,-113.7268371582
1678803.6250000000,-113.7546539307
1682673.3750000000,-113.7833557129
1686554.0000000000,-113.8022155762
1690441.6250000000,-113.8185653687
1694338.1250000000,-113.8459396362
1698243.7500000000,-113.9120178223
1702158.2500000000,-113.9186782837
1706081.8750000000,-113.9346237183
1710014.5000000000,-113.9441680908
1713958.1250000000,-113.9906234741
1717908.8750000000,-113.9958190918
1721868.8750000000,-114.0146942139
1725837.8750000000,-114.0317001343
1729816.0000000000,-114.0356597900
1733803.3750000000,-114.0639266968
1737799.8750000000,-114.0651550293
1741807.6250000000,-114.1299896240
1745822.6250000000,-114.2074813843
1749846.7500000000,-114.2986526489
1753880.3750000000,-114.3684234619
1757923.1250000000,-114.3987274170
1761975.2500000000,-114.4095230103
1766038.7500000000,-114.4216461182
1770109.5000000000,-114.4386672974
1774189.7500000000,-114.4553527832
1778279.3750000000,-114.4641036987
1782378.5000000000,-114.4657135010
1786487.0000000000,-114.4717330933
1790605.0000000000,-114.4906005859
1794734.3750000000,-114.4936294556
1798871.3750000000,-114.4947433472
1803017.8750000000,-114.5027236938
1807174.0000000000,-114.5212326050
1811339.6250000000,-114.5760192871
1815514.8750000000,-114.5761337280
1819701.8750000000,-114.6086273193
1823896.3750000000,-114.6097564697
1828100.6250000000,-114.6300430298
1832314.5000000000,-114.6558074951
1836538.1250000000,-114.6784362793
1840771.3750000000,-114.6858978271
1845014.5000000000,-114.7074966431
1849269.5000000000,-114.7789688110
1853532.1250000000,-114.8320922852
1857804.6250000000,-114.8680953979
1862087.0000000000,-114.8872756958
1866379.2500000000,-114.9292068481
1870681.3750000000,-114.9969329834
1874993.5000000000,-115.0525360107
1879317.5000000000,-115.0526504517
1883649.5000000000,-115.0913696289
1887991.5000000000,-115.1119079590
1892343.3750000000,-115.1239776611
1896705.3750000000,-115.1701965332
1901077.3750000000,-115.1806259155
1905461.6250000000,-115.2171630859
1909853.8750000000,-115.2216796875
1914256.2500000000,-115.2223358154
1918668.7500000000,-115.2290802002
1923091.3750000000,-115.2294082642
1927524.2500000000,-115.2322387695
1931967.3750000000,-115.2472381592
1936422.7500000000,-115.3173446655
1940886.3750000000,-115.3563690186
1945360.2500000000,-115.3617095947
1949844.3750000000,-115.3705978394
1954339.0000000000,-115.3790512085
1958843.8750000000,-115.3955230713
1963361.2500000000,-115.3992614746
1967887.0000000000,-115.4083023071
1972423.1250000000,-115.4340972900
1976969.6250000000,-115.4423370361
1981526.7500000000,-115.4530410767
1986094.2500000000,-115.4564361572
1990672.3750000000,-115.5259857178
1995263.2500000000,-115.6137390137
1999862.3750000000,-115.6918945313
2004472.2500000000,-115.6988449097
2009092.7500000000,-115.7016448975
2013723.7500000000,-115.7362899780
2018365.6250000000,-115.7480697632
2023020.2500000000,-115.7522659302
2027683.5000000000,-115.7711715698
2032357.3750000000,-115.7736587524
2037042.1250000000,-115.8362045288
2041737.6250000000,-115.8809967041
2046444.0000000000,-115.8853836060
2051161.2500000000,-115.9077301025
2055891.5000000000,-115.9092636108
2060630.5000000000,-115.9223556519
2065380.3750000000,-115.9280242920
2070141.2500000000,-115.9660110474
2074913.1250000000,-115.9968566895
2079695.8750000000,-116.0058746338
2084489.7500000000,-116.0058898926
2089297.0000000000,-116.0116729736
2094112.8750000000,-116.0247573853
2098940.0000000000,-116.0250091553
2103778.2500000000,-116.0300064087
2108627.5000000000,-116.0479583740
2113488.0000000000,-116.1328125000
2118362.2500000000,-116.1891708374
2123245.2500000000,-116.2066650391
2128139.5000000000,-116.2368087769
2133045.0000000000,-116.2473068237
2137961.7500000000,-116.2656631470
2142889.7500000000,-116.3278198242
2147829.5000000000,-116.3287506104
2152782.7500000000,-116.3479537964
2157745.0000000000,-116.4289550781
2162718.7500000000,-116.4873962402
2167704.0000000000,-116.5346679688
2172700.7500000000,-116.5350723267
2177708.7500000000,-116.5426483154
2182731.0000000000,-116.5629577637
2187762.5000000000,-116.6323852539
2192805.2500000000,-116.7125320435
2197860.0000000000,-116.7145538330
2202926.2500000000,-116.7214508057
2208004.0000000000,-116.7557144165
2213093.7500000000,-116.7567672729
2218197.5000000000,-116.7686996460
2223310.5000000000,-116.8339767456
2228435.5000000000,-116.8405990601
2233572.0000000000,-116.8516540527
2238720.7500000000,-116.8918457031
2243881.0000000000,-116.8958129883
2249055.7500000000,-116.9043502808
2254240.0000000000,-116.9351501465
2259436.2500000000,-116.9415740967
2264644.5000000000,-116.9544906616
2269864.5000000000,-116.9720687866
2275096.7500000000,-117.0197525024
2280341.0000000000,-117.0890121460
2285600.0000000000,-117.1086196899
2290868.2500000000,-117.1426620483
2296149.0000000000,-117.1575164795
2301441.7500000000,-117.2009811401
2306746.7500000000,-117.2253417969
2312064.0000000000,-117.2274932861
2317393.5000000000,-117.2571105957
2322737.7500000000,-117.2634201050
2328091.7500000000,-117.2726593018
2333458.2500000000,-117.2776412964
2338837.0000000000,-117.2965393066
2344228.2500000000,-117.2979888916
2349631.7500000000,-117.3043518066
2355050.5000000000,-117.3116683960
2360479.0000000000,-117.3349990845
2365920.0000000000,-117.3378601074
2371373.7500000000,-117.3431625366
2376840.0000000000,-117.4100418091
2382318.7500000000,-117.4734725952
2387810.0000000000,-117.5061569214
2393316.7500000000,-117.5327301025
2398833.5000000000,-117.5438995361
2404363.0000000000,-117.5792999268
2409905.2500000000,-117.6123580933
2415460.2500000000,-117.6253051758
2421028.0000000000,-117.6501998901
2426611.2500000000,-117.6530532837
2432205.0000000000,-117.6644821167
2437811.2500000000,-117.6831893921
2443430.5000000000,-117.7106018066
2449063.0000000000,-117.7536773682
2454708.2500000000,-117.7859954834
2460366.5000000000,-117.8093032837
2466040.5000000000,-117.8173065186
2471724.7500000000,-117.8493499756
2477422.2500000000,-117.8701248169
2483133.0000000000,-117.8736572266
2488856.7500000000,-117.9131698608
2494593.7500000000,-117.9172515869
2500344.0000000000,-117.9295196533
2506110.2500000000,-117.9351196289
2511887.0000000000,-117.9552154541
2517677.0000000000,-117.9945449829
2523480.5000000000,-117.9977569580
2529297.2500000000,-118.0071868896
2535127.5000000000,-118.0506591797
2540974.0000000000,-118.0543441772
2546831.0000000000,-118.0709457397
2552701.7500000000,-118.1923294067
2558585.7500000000,-118.3308944702
2564483.5000000000,-118.3404846191
2570395.0000000000,-118.3412246704
2576319.7500000000,-118.3754959106
2582261.2500000000,-118.3797760010
2588213.5000000000,-118.4008560181
2594179.5000000000,-118.4444961548
2600159.2500000000,-118.5607681274
2606153.0000000000,-118.5745468140
2612160.2500000000,-118.5770721436
2618184.2500000000,-118.5851211548
2624219.5000000000,-118.5972137451
2630268.5000000000,-118.6026687622
2636331.5000000000,-118.6347045898
2642408.2500000000,-118.6531600952
2648499.2500000000,-118.6954040527
2654604.2500000000,-118.7030792236
2660726.2500000000,-118.7085876465
2666859.5000000000,-118.7116317749
2673006.7500000000,-118.7173385620
2679168.2500000000,-118.7194519043
2685343.7500000000,-118.7262344360
2691533.7500000000,-118.7446441650
2697741.0000000000,-118.7715682983
2703959.2500000000,-118.7837219238
2710192.2500000000,-118.7908782959
2716439.2500000000,-118.7963333130
2722701.0000000000,-118.8421859741
2728977.0000000000,-118.8535690308
2735267.5000000000,-118.8540344238
2741575.5000000000,-118.8552932739
2747895.0000000000,-118.8740005493
2754229.0000000000,-118.9131240845
2760577.7500000000,-118.9138336182
2766941.0000000000,-118.9917602539
2773319.0000000000,-119.0061569214
2779711.7500000000,-119.0145721436
2786122.2500000000,-119.0637435913
2792544.5000000000,-119.1153717041
2798981.5000000000,-119.1393661499
2805433.2500000000,-119.1716384888
2811900.0000000000,-119.2024612427
2818381.7500000000,-119.2435302734
2824881.2500000000,-119.3111343384
2831393.0000000000,-119.4023818970
2837919.5000000000,-119.4363403320
2844461.0000000000,-119.4452667236
2851017.7500000000,-119.4458084106
2857589.5000000000,-119.4498138428
2864176.5000000000,-119.4504241943
2870781.7500000000,-119.4667816162
2877399.2500000000,-119.4824523926
2884031.7500000000,-119.4938812256
2890679.7500000000,-119.4994277954
2897343.0000000000,-119.5101165771
2904021.5000000000,-119.5162506104
2910718.7500000000,-119.5271301270
2917428.0000000000,-119.6177062988
2924153.0000000000,-119.6217575073
2930893.2500000000,-119.6441650391
2937649.2500000000,-119.6562805176
2944420.7500000000,-119.7015304565
2951207.7500000000,-119.7032470703
2958013.7500000000,-119.7546310425
2964832.2500000000,-119.8111801147
2971666.2500000000,-119.8121490479
2978516.2500000000,-119.8267898560
2985382.0000000000,-119.8306655884
2992263.5000000000,-119.8472442627
2999164.2500000000,-119.8506851196
3006077.5000000000,-119.8518295288
3013006.7500000000,-119.8713836670
3019951.7500000000,-119.8789443970
3026913.0000000000,-119.8981323242
3033890.2500000000,-119.9258728027
3040883.7500000000,-119.9284362793
3047896.5000000000,-119.9561080933
3054922.0000000000,-119.9840240479
3061963.7500000000,-120.0091171265
3069022.0000000000,-120.0275726318
3076096.2500000000,-120.0433959961
3083186.7500000000,-120.0543594360
3090293.7500000000,-120.0663375854
3097420.5000000000,-120.0811996460
3104560.2500000000,-120.1018829346
3111716.5000000000,-120.1272125244
3118889.2500000000,-120.1622314453
3126078.5000000000,-120.2000732422
3133284.5000000000,-120.2441558838
3140510.2500000000,-120.2883148193
3147749.2500000000,-120.3324966431
3155005.2500000000,-120.3707733154
3162277.7500000000,-120.4062957764
3169567.0000000000,-120.4318008423
3176873.0000000000,-120.4546279907
3184196.0000000000,-120.4736938477
3191539.2500000000,-120.4937744141
3198896.0000000000,-120.5144424438
3206269.7500000000,-120.5378341675
3213660.2500000000,-120.5600204468
3221068.0000000000,-120.5806274414
3228492.7500000000,-120.5960006714
3235938.2500000000,-120.6097030640
3243397.2500000000,-120.6219100952
3250873.5000000000,-120.6377105713
3258367.0000000000,-120.6569976807
3265877.7500000000,-120.6853637695
3273406.0000000000,-120.7163314819
3280951.2500000000,-120.7512130737
3288517.7500000000,-120.7843322754
3296098.0000000000,-120.8162460327
3303695.7500000000,-120.8417663574
3311311.0000000000,-120.8658370972
3318944.0000000000,-120.8879089355
3326594.2500000000,-120.9123458862
3334262.2500000000,-120.9387054443
3341951.7500000000,-120.9601287842
3349655.2500000000,-120.9693756104
3357376.2500000000,-120.9698486328
3365115.2500000000,-120.9754562378
3372872.2500000000,-120.9974899292
3380646.7500000000,-121.0029373169
3388443.2500000000,-121.0060882568
3396253.7500000000,-121.0313110352
3404082.5000000000,-121.0368041992
3411929.0000000000,-121.0605468750
3419793.7500000000,-121.0651702881
3427676.7500000000,-121.0653076172
3435577.7500000000,-121.0856018066
3443500.7500000000,-121.0857391357
3451438.2500000000,-121.0970458984
3459394.0000000000,-121.1199417114
3467368.2500000000,-121.1818313599
3475360.7500000000,-121.2340087891
3483371.7500000000,-121.2747344971
3491405.0000000000,-121.3054351807
3499452.7500000000,-121.3165283203
3507519.2500000000,-121.3239288330
3515604.5000000000,-121.3277587891
3523708.2500000000,-121.3410186768
3531830.5000000000,-121.3622589111
3539971.7500000000,-121.3917236328
3548135.5000000000,-121.4273757935
3556314.2500000000,-121.4577255249
3564511.7500000000,-121.4825592041
3572728.2500000000,-121.4915542603
3580963.5000000000,-121.4996643066
3589218.0000000000,-121.5077896118
3597495.2500000000,-121.5343933105
3605787.7500000000,-121.5768127441
3614099.2500000000,-121.6329193115
3622430.0000000000,-121.7043228149
3630780.0000000000,-121.7727050781
3639149.2500000000,-121.8356246948
3647537.7500000000,-121.8808059692
3655949.5000000000,-121.9098052979
3664376.7500000000,-121.9296722412
3672823.5000000000,-121.9419708252
3681289.5000000000,-121.9568862915
3689775.2500000000,-121.9755554199
3698280.5000000000,-121.9993820190
3706805.2500000000,-122.0283889771
3715353.7500000000,-122.0582427979
3723918.0000000000,-122.0885543823
3732501.7500000000,-122.1182937622
3741105.5000000000,-122.1480331421
3749729.0000000000,-122.1779785156
3758372.5000000000,-122.2085418701
3767039.7500000000,-122.2388381958
3775723.2500000000,-122.2670211792
3784426.5000000000,-122.2922592163
3793149.7500000000,-122.3088684082
3801893.2500000000,-122.3214797974
3810657.0000000000,-122.3322982788
3819440.7500000000,-122.3449935913
3828249.0000000000,-122.3644332886
3837073.5000000000,-122.3868026733
3845918.2500000000,-122.4107437134
3854783.2500000000,-122.4137725830
3863668.7500000000,-122.4195327759
3872574.7500000000,-122.4224624634
3881505.7500000000,-122.4293136597
3890452.7500000000,-122.4298019409
3899420.5000000000,-122.4390716553
3908409.0000000000,-122.4416732788
3917418.2500000000,-122.4439773560
3926448.0000000000,-122.4466400146
3935498.7500000000,-122.4473495483
3944574.7500000000,-122.4772491455
3953667.2500000000,-122.5200271606
3962780.7500000000,-122.5601196289
3971915.2500000000,-122.5940093994
3981070.7500000000,-122.6209030151
3990247.5000000000,-122.6409378052
3999449.7500000000,-122.6606903076
4008668.7500000000,-122.6837615967
4017909.0000000000,-122.7119903564
4027170.5000000000,-122.7484893799
4036453.5000000000,-122.7914276123
4045757.7500000000,-122.8324737549
4055083.5000000000,-122.8585815430
4064435.2500000000,-122.8607025146
4073804.0000000000,-122.8662643433
4083194.5000000000,-122.8709564209
4092606.5000000000,-122.8757171631
4102040.2500000000,-122.8816299438
4111495.7500000000,-122.8850479126
4120973.0000000000,-122.9037780762
4130476.7500000000,-122.9365158081
4139997.7500000000,-122.9698181152
4149540.7500000000,-122.9997940063
4159105.7500000000,-123.0271453857
4168692.7500000000,-123.0556716919
4178301.7500000000,-123.0872573853
4187937.7500000000,-123.1232452393
4197591.0000000000,-123.1635742188
4207267.0000000000,-123.2024536133
4216965.0000000000,-123.2365112305
4226685.5000000000,-123.2645187378
4236428.0000000000,-123.2864074707
4246193.5000000000,-123.3032684326
4255986.0000000000,-123.3166656494
4265796.5000000000,-123.3263549805
4275629.5000000000,-123.3330001831
4285485.0000000000,-123.3383178711
4295363.0000000000,-123.3483047485
4305264.5000000000,-123.3693008423
4315193.0000000000,-123.4013214111
4325140.0000000000,-123.4422683716
4335109.5000000000,-123.4883270264
4345102.5000000000,-123.5338058472
4355118.0000000000,-123.5735092163
4365157.0000000000,-123.6090850830
4375219.0000000000,-123.6422805786
4385309.0000000000,-123.6738510132
4395417.5000000000,-123.7029113770
4405549.0000000000,-123.7241592407
4415704.5000000000,-123.7341842651
4425883.0000000000,-123.7381439209
4436085.0000000000,-123.7429656982
4446310.5000000000,-123.7548980713
4456564.0000000000,-123.7771987915
4466837.0000000000,-123.8063812256
4477133.5000000000,-123.8307647705
4487453.5000000000,-123.8459320068
4497797.5000000000,-123.8546447754
4508165.0000000000,-123.8634338379
4518561.5000000000,-123.8797225952
4528977.0000000000,-123.9079437256
4539417.0000000000,-123.9450683594
4549880.5000000000,-123.9800567627
4560368.5000000000,-124.0086288452
4570880.5000000000,-124.0310516357
4581416.5000000000,-124.0499420166
4591982.0000000000,-124.0682296753
4602567.0000000000,-124.0872497559
4613176.0000000000,-124.1073379517
4623810.0000000000,-124.1310043335
4634468.0000000000,-124.1623458862
4645151.0000000000,-124.2034530640
4655863.5000000000,-124.2517471313
4666595.5000000000,-124.2996139526
4677352.0000000000,-124.3361663818
4688134.0000000000,-124.3366165161
4698940.5000000000,-124.3371582031
4709771.5000000000,-124.3491744995
4720628.0000000000,-124.3538665771
4731514.5000000000,-124.3560104370
4742421.0000000000,-124.3942947388
4753353.0000000000,-124.4386825562
4764309.5000000000,-124.4645156860
4775291.5000000000,-124.4695587158
4786299.0000000000,-124.4741439819
4797337.0000000000,-124.4748611450
4808395.5000000000,-124.4773788452
4819479.0000000000,-124.4804840088
4830588.0000000000,-124.4809341431
4841723.0000000000,-124.4847793579
4852883.5000000000,-124.4913940430
4864070.0000000000,-124.4917449951
4875287.0000000000,-124.5084075928
4886525.0000000000,-124.5614547729
4897789.0000000000,-124.6213760376
4909078.5000000000,-124.6761779785
4920394.5000000000,-124.7218170166
4931736.0000000000,-124.7601699829
4943104.0000000000,-124.7918167114
4954504.0000000000,-124.8162155151
4965924.5000000000,-124.8349609375
4977371.0000000000,-124.8528060913
4988844.5000000000,-124.8732070923
5000344.0000000000,-124.8934936523
5011870.0000000000,-124.8992385864
5023428.5000000000,-124.9013366699
5035007.5000000000,-124.9057846069
5046614.0000000000,-124.9059143066
5058246.5000000000,-124.9245300293
5069906.0000000000,-124.9679489136
5081592.5000000000,-125.0182113647
5093306.0000000000,-125.0609741211
5105052.0000000000,-125.0921554565
5116819.5000000000,-125.1184310913
5128614.5000000000,-125.1481628418
5140436.0000000000,-125.1830368042
5152285.0000000000,-125.2173385620
5164161.5000000000,-125.2436294556
5176071.0000000000,-125.2602462769
5188002.0000000000,-125.2746276855
5199961.0000000000,-125.2975921631
5211947.0000000000,-125.3310317993
5223961.0000000000,-125.3650054932
5236002.5000000000,-125.3878250122
5248072.0000000000,-125.3992767334
5260175.0000000000,-125.4120712280
5272300.0000000000,-125.4387588501
5284453.0000000000,-125.4774703979
5296634.0000000000,-125.5125122070
5308843.5000000000,-125.5327453613
5321080.5000000000,-125.5382080078
5333352.0000000000,-125.5500946045
5345645.5000000000,-125.5785827637
5357967.5000000000,-125.6178054810
5370318.0000000000,-125.6533126831
5382697.0000000000,-125.6748199463
5395104.5000000000,-125.6830749512
5407541.0000000000,-125.6859359741
5420011.5000000000,-125.6883544922
5432505.0000000000,-125.6897430420
5445027.5000000000,-125.6925506592
5457578.5000000000,-125.7065277100
5470158.5000000000,-125.7236404419
5482767.5000000000,-125.7283401489
5495406.0000000000,-125.7377777100
5508079.0000000000,-125.7459030151
5520775.5000000000,-125.7622528076
5533501.5000000000,-125.7768402100
5546256.5000000000,-125.7793273926
5559041.0000000000,-125.8035354614
5571855.0000000000,-125.8036804199
5584704.5000000000,-125.8335266113
5597578.0000000000,-125.8816757202
5610480.5000000000,-125.8927841187
5623413.5000000000,-125.9033889771
5636375.5000000000,-125.9294052124
5649368.0000000000,-125.9789810181
5662390.0000000000,-126.0452880859
5675448.5000000000,-126.0925750732
5688531.0000000000,-126.0959625244
5701643.5000000000,-126.1051254272
5714786.0000000000,-126.1207351685
5727959.0000000000,-126.1268005371
5741162.5000000000,-126.1320800781
5754402.5000000000,-126.1869049072
5767666.5000000000,-126.2665252686
5780961.5000000000,-126.3077774048
5794287.0000000000,-126.3241119385
5807643.5000000000,-126.3466491699
5821030.5000000000,-126.3726806641
5834448.5000000000,-126.3909912109
5847903.5000000000,-126.3971939087
5861383.5000000000,-126.4003372192
5874894.0000000000,-126.4128494263
5888436.5000000000,-126.4383621216
5902009.5000000000,-126.4914932251
5915614.0000000000,-126.5510864258
5929250.0000000000,-126.5915374756
5942924.0000000000,-126.6048507690
5956622.5000000000,-126.6189422607
5970353.0000000000,-126.6217422485
5984115.5000000000,-126.6257019043
5997909.0000000000,-126.6272964478
6011734.5000000000,-126.6324691772
6025599.0000000000,-126.6336898804
6039488.0000000000,-126.6408843994
6053409.5000000000,-126.6441421509
6067363.0000000000,-126.6446075439
6081349.0000000000,-126.6547851563
6095367.0000000000,-126.6575851440
6109417.0000000000,-126.6642990112
6123506.5000000000,-126.6647338867
6137621.5000000000,-126.7052612305
6151769.0000000000,-126.7500381470
6165949.5000000000,-126.7878723145
6180162.5000000000,-126.8108596802
6194408.0000000000,-126.8267211914
6208693.5000000000,-126.8707199097
6223005.0000000000,-126.9438247681
6237349.5000000000,-126.9760894775
6251727.0000000000,-126.9953079224
6266137.5000000000,-127.0127258301
6280581.5000000000,-127.0373153687
6295058.5000000000,-127.0717163086
6309576.0000000000,-127.1090011597
6324120.0000000000,-127.1185379028
6338698.0000000000,-127.1406402588
6353309.0000000000,-127.1461181641
6367954.0000000000,-127.1563186646
6382632.5000000000,-127.1572570801
6397352.0000000000,-127.1718750000
6412098.0000000000,-127.2144165039
6426878.5000000000,-127.2280197144
6441693.0000000000,-127.2304916382
6456541.5000000000,-127.2785415649
6471424.0000000000,-127.2825546265
6486341.5000000000,-127.2950668335
6501300.0000000000,-127.3140945435
6516286.0000000000,-127.3220367432
6531306.5000000000,-127.3343734741
6546361.5000000000,-127.3448028564
6561451.5000000000,-127.3530273438
6576576.0000000000,-127.3768615723
6591735.5000000000,-127.3897628784
6606937.0000000000,-127.3950271606
6622166.5000000000,-127.4533843994
6637431.0000000000,-127.4596176147
6652731.0000000000,-127.4762191772
6668066.0000000000,-127.4875488281
6683436.0000000000,-127.6330795288
6698849.5000000000,-127.6386032104
6714290.5000000000,-127.6475906372
6729767.5000000000,-127.6687316895
6745280.0000000000,-127.6999893188
6760828.5000000000,-127.7256546021
6776413.0000000000,-127.7400970459
6792033.0000000000,-127.7436218262
6807696.5000000000,-127.7498703003
6823388.5000000000,-127.7505569458
6839117.0000000000,-127.7529907227
6854881.5000000000,-127.7838439941
6870682.5000000000,-127.8241882324
6886520.0000000000,-127.8403549194
6902401.5000000000,-127.8598175049
6918312.0000000000,-127.8890304565
6934259.5000000000,-127.9041213989
6950243.5000000000,-127.9125289917
6966264.0000000000,-127.9311370850
6982322.0000000000,-127.9518508911
6998416.5000000000,-127.9651641846
7014556.0000000000,-127.9698638916
7030725.0000000000,-127.9800872803
7046931.5000000000,-127.9978866577
7063175.0000000000,-128.0517578125
7079456.5000000000,-128.1335754395
7095775.0000000000,-128.1599884033
7112139.0000000000,-128.1623077393
7128533.0000000000,-128.1824645996
7144965.0000000000,-128.1935424805
7161434.5000000000,-128.2225952148
7177942.0000000000,-128.3095855713
7194487.5000000000,-128.3693695068
7211071.5000000000,-128.4245452881
7227701.5000000000,-128.4741821289
7244362.0000000000,-128.5409851074
7261060.5000000000,-128.5579376221
7277798.0000000000,-128.5598602295
7294573.5000000000,-128.5640411377
7311388.0000000000,-128.5667724609
7328241.5000000000,-128.5679321289
7345141.5000000000,-128.5697326660
7362072.5000000000,-128.5947723389
7379043.0000000000,-128.6038818359
7396052.0000000000,-128.6081542969
7413100.5000000000,-128.6094512939
7430188.0000000000,-128.6234588623
7447323.5000000000,-128.6341400146
7464490.0000000000,-128.6539459229
7481696.5000000000,-128.6567840576
7498942.0000000000,-128.6716156006
7516227.5000000000,-128.6817321777
7533553.0000000000,-128.6844787598
7550918.5000000000,-128.6956634521
7568332.0000000000,-128.7228393555
7585777.5000000000,-128.7426757813
7603263.5000000000,-128.7684173584
7620789.5000000000,-128.7761688232
7638356.0000000000,-128.7966766357
7655963.0000000000,-128.8124389648
7673619.0000000000,-128.8601684570
7691307.0000000000,-128.8740234375
7709036.0000000000,-128.8817596436
7726806.0000000000,-128.9264526367
7744617.0000000000,-129.0075836182
7762469.0000000000,-129.0318145752
7780362.0000000000,-129.0440826416
7798304.5000000000,-129.0512847900
7816280.5000000000,-129.0689697266
7834297.5000000000,-129.0865783691
7852356.0000000000,-129.0901641846
7870456.0000000000,-129.1162109375
7888598.0000000000,-129.1430969238
7906782.0000000000,-129.1458282471
7925016.5000000000,-129.1574859619
7943284.0000000000,-129.1667480469
7961594.0000000000,-129.1859741211
7979946.0000000000,-129.2101135254
7998340.5000000000,-129.2266235352
8016777.0000000000,-129.2597503662
8035265.0000000000,-129.2741546631
8053787.0000000000,-129.2868499756
8072351.5000000000,-129.2951354980
8090959.0000000000,-129.3118286133
8109609.0000000000,-129.3256683350
8128302.5000000000,-129.3351440430
8147038.5000000000,-129.3572082520
8165827.0000000000,-129.3746337891
8184650.0000000000,-129.4322967529
8203516.0000000000,-129.4538421631
8222426.0000000000,-129.4571990967
8241379.0000000000,-129.4792175293
8260376.0000000000,-129.5190124512
8279426.0000000000,-129.5567474365
8298510.5000000000,-129.6498870850
8317639.0000000000,-129.6504211426
8336812.0000000000,-129.6521911621
8356029.0000000000,-129.7496795654
8375290.0000000000,-129.7507324219
8394596.0000000000,-129.7669372559
8413955.0000000000,-129.7688446045
8433350.0000000000,-129.7701416016
8452789.0000000000,-129.7947387695
8472274.0000000000,-129.7962799072
8491803.0000000000,-129.8013305664
8511377.0000000000,-129.8016815186
8531006.0000000000,-129.8171539307
8550670.0000000000,-129.8467559814
8570380.0000000000,-129.8733825684
8590136.0000000000,-129.8767547607
8609936.0000000000,-129.8808593750
8629783.0000000000,-129.9036254883
8649675.0000000000,-129.9113616943
8669623.0000000000,-129.9206542969
8689607.0000000000,-129.9233703613
8709637.0000000000,-129.9470367432
8729713.0000000000,-129.9612121582
8749836.0000000000,-130.0037536621
8770005.0000000000,-130.0144805908
8790220.0000000000,-130.0721435547
8810492.0000000000,-130.0901641846
8830801.0000000000,-130.1024017334
8851157.0000000000,-130.1487884521
8871559.0000000000,-130.1957397461
8892009.0000000000,-130.2130432129
8912505.0000000000,-130.2648925781
8933059.0000000000,-130.3346862793
8953651.0000000000,-130.3420715332
8974289.0000000000,-130.3495941162
8994976.0000000000,-130.3912200928
9015710.0000000000,-130.4085998535
9036492.0000000000,-130.4187774658
9057321.0000000000,-130.4507751465
9078209.0000000000,-130.4526214600
9099135.0000000000,-130.5451354980
9120109.0000000000,-130.5675506592
9141132.0000000000,-130.5863342285
9162203.0000000000,-130.6514434814
9183322.0000000000,-130.6643676758
9204500.0000000000,-130.6734771729
9225718.0000000000,-130.6859436035
9246983.0000000000,-130.7547760010
9268298.0000000000,-130.8142547607
9289662.0000000000,-130.8234405518
9311076.0000000000,-130.8394317627
9332538.0000000000,-130.8465576172
9354061.0000000000,-130.8475952148
9375623.0000000000,-130.8586883545
9397234.0000000000,-130.8664855957
9418895.0000000000,-130.8704681396
9440607.0000000000,-130.8758697510
9462368.0000000000,-130.8857269287
9484190.0000000000,-130.9116973877
9506052.0000000000,-130.9215545654
9527964.0000000000,-130.9346313477
9549926.0000000000,-130.9402465820
9571940.0000000000,-130.9673309326
9594004.0000000000,-131.0126953125
9616118.0000000000,-131.0539855957
9638295.0000000000,-131.0539855957
9660512.0000000000,-131.0539855957
9682780.0000000000,-131.0631408691
9705099.0000000000,-131.0660858154
9727470.0000000000,-131.0816192627
9749893.0000000000,-131.0873718262
9772367.0000000000,-131.0913543701
9794904.0000000000,-131.1001281738
9817482.0000000000,-131.1191406250
9840112.0000000000,-131.1191406250
9862794.0000000000,-131.1191406250
9885528.0000000000,-131.1191406250
9908315.0000000000,-131.1369934082
9931165.0000000000,-131.1495208740
9954057.0000000000,-131.1562347412
9977002.0000000000,-131.2449188232
10000000.0000000000,-131.2578277588
10023051.0000000000,-131.2730255127
10046155.0000000000,-131.3454742432
10069312.0000000000,-131.3472290039
10092533.0000000000,-131.3968963623
10115797.0000000000,-131.4177703857
10139115.0000000000,-131.4208068848
10162486.0000000000,-131.4660644531
10185911.0000000000,-131.4732208252
10209391.0000000000,-131.4804992676
10232935.0000000000,-131.5212707520
10256523.0000000000,-131.6282348633
10280165.0000000000,-131.7041931152
10303861.0000000000,-131.7649688721
10327613.0000000000,-131.7894134521
10351418.0000000000,-131.7998657227
10375279.0000000000,-131.8020935059
10399206.0000000000,-131.8068389893
10423177.0000000000,-131.8080749512
10447203.0000000000,-131.8207855225
10471285.0000000000,-131.8571014404
10495422.0000000000,-131.8922119141
10519615.0000000000,-131.9195098877
10543863.0000000000,-131.9270629883
10568179.0000000000,-131.9312286377
10592540.0000000000,-131.9341430664
10616956.0000000000,-131.9426269531
10641429.0000000000,-131.9429626465
10665958.0000000000,-132.0143890381
10690544.0000000000,-132.0901794434
10715198.0000000000,-132.1033325195
10739898.0000000000,-132.1078186035
10764654.0000000000,-132.1078186035
10789467.0000000000,-132.1078186035
10814338.0000000000,-132.1078186035
10839265.0000000000,-132.1078186035
10864251.0000000000,-132.1078186035
10889305.0000000000,-132.1314849854
10914406.0000000000,-132.1833953857
10939565.0000000000,-132.1970062256
10964781.0000000000,-132.2012176514
10990056.0000000000,-132.2287750244
11015388.0000000000,-132.2854309082
11040792.0000000000,-132.2902984619
11066242.0000000000,-132.2959136963
11091750.0000000000,-132.3094482422
11117317.0000000000,-132.3385467529
11142944.0000000000,-132.3480224609
11168629.0000000000,-132.3833160400
11194373.0000000000,-132.3970336914
11220189.0000000000,-132.4485015869
11246053.0000000000,-132.5185089111
11271976.0000000000,-132.5981903076
11297958.0000000000,-132.6152801514
11324001.0000000000,-132.7414398193
11350104.0000000000,-132.7922210693
11376279.0000000000,-132.7922821045
11402502.0000000000,-132.9250640869
11428786.0000000000,-132.9259338379
11455130.0000000000,-132.9788360596
11481535.0000000000,-133.0069274902
11508000.0000000000,-133.0218811035
11534527.0000000000,-133.0543518066
11561128.0000000000,-133.0543518066
11587777.0000000000,-133.0543518066
11614488.0000000000,-133.0543518066
11641260.0000000000,-133.0543518066
11668094.0000000000,-133.0543518066
11694990.0000000000,-133.0543518066
11721947.0000000000,-133.0543518066
11748980.0000000000,-133.0543518066
11776062.0000000000,-133.0543518066
11803207.0000000000,-133.0543518066
11830414.0000000000,-133.0632629395
11857684.0000000000,-133.0637817383
11885017.0000000000,-133.0666198730
11912426.0000000000,-133.0779724121
11939885.0000000000,-133.0840301514
11967407.0000000000,-133.0959625244
11994993.0000000000,-133.1006011963
12022642.0000000000,-133.1108551025
12050355.0000000000,-133.1257476807
12078132.0000000000,-133.1356964111
12105986.0000000000,-133.1434783936
12133892.0000000000,-133.1434783936
12161861.0000000000,-133.1434783936
12189895.0000000000,-133.1434783936
12217994.0000000000,-133.1447143555
12246157.0000000000,-133.1771240234
12274399.0000000000,-133.2290954590
12302692.0000000000,-133.2844543457
12331051.0000000000,-133.3716583252
12359475.0000000000,-133.4053192139
12387964.0000000000,-133.4135589600
12416519.0000000000,-133.4380187988
12445140.0000000000,-133.4523925781
12473841.0000000000,-133.4523925781
12502594.0000000000,-133.4821777344
12531413.0000000000,-133.4834442139
12560299.0000000000,-133.5154113770
12589251.0000000000,-133.5484466553
12618270.0000000000,-133.5908966064
12647370.0000000000,-133.6038665771
12676523.0000000000,-133.6118774414
12705744.0000000000,-133.6901702881
12735031.0000000000,-133.7891082764
12764387.0000000000,-133.8044891357
12793809.0000000000,-133.8513183594
12823300.0000000000,-133.8944854736
12852873.0000000000,-133.9125061035
12882499.0000000000,-133.9262695313
12912195.0000000000,-133.9989471436
12941958.0000000000,-134.0044860840
12971790.0000000000,-134.0119628906
13001691.0000000000,-134.0365905762
13031661.0000000000,-134.0989685059
13061714.0000000000,-134.1012268066
13091822.0000000000,-134.1302947998
13122000.0000000000,-134.1347351074
13152247.0000000000,-134.1347351074
13182564.0000000000,-134.1347351074
13212951.0000000000,-134.1347351074
13243422.0000000000,-134.1347351074
13273949.0000000000,-134.1347351074
13304546.0000000000,-134.1347351074
13335214.0000000000,-134.1347351074
13365953.0000000000,-134.1347351074
13396762.0000000000,-134.2586822510
13427643.0000000000,-134.2881927490
13458609.0000000000,-134.3132629395
13489632.0000000000,-134.3215789795
13520727.0000000000,-134.4780120850
13551893.0000000000,-134.4890747070
13583131.0000000000,-134.6513519287
13614441.0000000000,-134.7282714844
13645839.0000000000,-134.7857208252
13677293.0000000000,-134.7986755371
13708820.0000000000,-134.8712768555
13740420.0000000000,-134.9452819824
13772093.0000000000,-135.0466918945
13803838.0000000000,-135.1464080811
13835657.0000000000,-135.2552947998
13867565.0000000000,-135.2621002197
13899530.0000000000,-135.5562133789
13931570.0000000000,-135.5647125244
13963683.0000000000,-135.5750274658
13995870.0000000000,-135.5750274658
14028132.0000000000,-135.5750274658
14060468.0000000000,-135.5750274658
14092893.0000000000,-135.5750274658
14125379.0000000000,-135.5750274658
14157939.0000000000,-135.5647125244
14190574.0000000000,-135.5562133789
14223284.0000000000,-135.5533599854
14256070.0000000000,-135.2621002197
14288946.0000000000,-135.2097625732
14321884.0000000000,-135.1464080811
14354896.0000000000,-135.0466918945
14387986.0000000000,-134.9452819824
14421151.0000000000,-134.8712768555
14454393.0000000000,-134.9595794678
14487711.0000000000,-135.0264282227
14521122.0000000000,-135.0264282227
14554594.0000000000,-135.0264282227
14588144.0000000000,-135.0264282227
14621770.0000000000,-135.0264282227
14655475.0000000000,-135.0264282227
14689257.0000000000,-135.1162414551
14723133.0000000000,-135.1464080811
14757070.0000000000,-135.1162414551
14791086.0000000000,-135.0264282227
14825181.0000000000,-135.0159454346
14859354.0000000000,-134.9595794678
14893606.0000000000,-134.9595794678
14927937.0000000000,-134.9595794678
14962363.0000000000,-134.9595794678
14996852.0000000000,-134.9595794678
15031421.0000000000,-134.9595794678
15066070.0000000000,-134.9595794678
15100798.0000000000,-134.9595794678
15135607.0000000000,-134.9595794678
15170512.0000000000,-134.9595794678
15205481.0000000000,-134.9595794678
15240531.0000000000,-134.9595794678
15275661.0000000000,-134.9595794678
15310873.0000000000,-134.9595794678
15346165.0000000000,-134.9595794678
15381539.0000000000,-134.9595794678
15417012.0000000000,-134.9595794678
15452549.0000000000,-135.0159454346
15488168.0000000000,-135.0264282227
15523870.0000000000,-135.0957031250
15559653.0000000000,-135.1162414551
15595519.0000000000,-135.1776885986
15631468.0000000000,-135.4755859375
15667517.0000000000,-135.8580932617
15703632.0000000000,-136.0401763916
15739830.0000000000,-136.0542449951
15776111.0000000000,-136.0898132324
15812476.0000000000,-136.1015014648
15848925.0000000000,-136.1029510498
15885475.0000000000,-136.1175994873
15922092.0000000000,-136.1439666748
15958794.0000000000,-136.1526184082
15995580.0000000000,-136.1526184082
16032451.0000000000,-136.1526184082
16069407.0000000000,-136.1526184082
16106448.0000000000,-136.1526184082
16143592.0000000000,-136.1526184082
16180804.0000000000,-136.1526184082
16218102.0000000000,-136.1526184082
16255486.0000000000,-136.1681060791
16292956.0000000000,-136.1739959717
16330513.0000000000,-136.2342834473
16368174.0000000000,-136.3302154541
16405903.0000000000,-136.3416900635
16443720.0000000000,-136.3506317139
16481624.0000000000,-136.4312896729
16519616.0000000000,-136.6074981689
16557694.0000000000,-136.6074981689
16595861.0000000000,-136.6074981689
16634134.0000000000,-136.6074981689
16672477.0000000000,-136.6074981689
16710908.0000000000,-136.6074981689
16749428.0000000000,-136.6074981689
16788036.0000000000,-136.6074981689
16826734.0000000000,-136.6074981689
16865540.0000000000,-136.6074981689
16904416.0000000000,-136.6074981689
16943382.0000000000,-136.6074981689
16982438.0000000000,-136.6074981689
17021582.0000000000,-136.6016387939
17060818.0000000000,-136.5325164795
17100146.0000000000,-136.2583923340
17139582.0000000000,-136.1681060791
17179090.0000000000,-136.0850982666
17218688.0000000000,-135.9809570313
17258378.0000000000,-135.9809570313
17298160.0000000000,-135.9809570313
17338034.0000000000,-135.9809570313
17378000.0000000000,-135.9809570313
17418076.0000000000,-135.9809570313
17458226.0000000000,-135.9742126465
17498468.0000000000,-135.7867736816
17538804.0000000000,-135.7434539795
17579232.0000000000,-135.6329650879
17619752.0000000000,-135.7084655762
17660388.0000000000,-135.7434539795
17701096.0000000000,-135.7867736816
17741898.0000000000,-135.9742126465
17782794.0000000000,-135.9809570313
17823784.0000000000,-136.0740203857
17864870.0000000000,-136.0740203857
17906050.0000000000,-136.0740203857
17947344.0000000000,-136.0740203857
17988714.0000000000,-136.0740203857
18030180.0000000000,-136.0740203857
18071740.0000000000,-136.0740203857
18113396.0000000000,-136.0740203857
18155150.0000000000,-136.0740203857
18197018.0000000000,-136.0740203857
18238964.0000000000,-136.0740203857
18281006.0000000000,-136.0740203857
18323144.0000000000,-136.5338134766
18365380.0000000000,-136.5579376221
18407714.0000000000,-136.8011322021
18450146.0000000000,-137.0553283691
18492694.0000000000,-137.0928192139
18535322.0000000000,-137.1957397461
18578046.0000000000,-137.3390655518
18620870.0000000000,-137.3588104248
18663792.0000000000,-137.6904144287
18706814.0000000000,-137.7357330322
18749934.0000000000,-137.7973480225
18793176.0000000000,-138.0080718994
18836496.0000000000,-138.0574645996
18879914.0000000000,-138.0656433105
18923434.0000000000,-138.2317047119
18967054.0000000000,-138.3005065918
19010774.0000000000,-138.4367370605
19054616.0000000000,-138.4161529541
19098538.0000000000,-138.4161529541
19142562.0000000000,-138.4161529541
19186688.0000000000,-138.4161529541
19230914.0000000000,-138.4161529541
19275242.0000000000,-138.4161529541
19319674.0000000000,-138.4161529541
19364228.0000000000,-138.4161529541
19408864.0000000000,-138.4921569824
19453602.0000000000,-138.5374755859
19498444.0000000000,-138.6427612305
19543390.0000000000,-138.6480407715
19588438.0000000000,-138.6480407715
19633612.0000000000,-138.6480407715
19678870.0000000000,-138.6427612305
19724230.0000000000,-138.6033630371
19769696.0000000000,-138.5374755859
19815268.0000000000,-138.4921569824
19860942.0000000000,-138.5374755859
19906724.0000000000,-138.6033630371
19952632.0000000000,-138.6427612305
19998624.0000000000,-138.6480407715
20044722.0000000000,-138.7259826660
20090926.0000000000,-138.7259826660
20137238.0000000000,-138.7259826660
20183656.0000000000,-138.7259826660
20230202.0000000000,-138.7259826660
20276834.0000000000,-138.7259826660
20323574.0000000000,-138.6480407715
20370422.0000000000,-138.6427612305
20417376.0000000000,-138.6033630371
20464440.0000000000,-138.5374755859
20511612.0000000000,-138.4265594482
20558916.0000000000,-138.4161529541
20606306.0000000000,-138.4161529541
20653804.0000000000,-138.4161529541
20701412.0000000000,-138.4161529541
20749130.0000000000,-138.4161529541
20796960.0000000000,-138.4161529541
20844898.0000000000,-138.4161529541
20892970.0000000000,-138.4161529541
20941130.0000000000,-138.4265594482
20989400.0000000000,-138.6033630371
21037782.0000000000,-138.6033630371
21086276.0000000000,-138.6033630371
21134882.0000000000,-138.6033630371
21183622.0000000000,-138.6033630371
21232452.0000000000,-138.6033630371
21281394.0000000000,-138.6033630371
21330448.0000000000,-138.4265594482
21379618.0000000000,-138.3652191162
21428898.0000000000,-138.3404083252
21478294.0000000000,-138.2872772217
21527826.0000000000,-138.2705688477
21577450.0000000000,-138.2298126221
21627188.0000000000,-137.9594879150
21677040.0000000000,-137.9594879150
21727006.0000000000,-137.9292907715
21777088.0000000000,-137.8999328613
21827310.0000000000,-137.8533172607
21877624.0000000000,-137.8533172607
21928054.0000000000,-137.8533172607
21978600.0000000000,-137.8533172607
22029262.0000000000,-137.8149871826
22080040.0000000000,-137.7398529053
22130936.0000000000,-137.7398529053
22181974.0000000000,-137.8149871826
22233106.0000000000,-137.8533172607
22284354.0000000000,-137.8999328613
22335722.0000000000,-137.9292907715
22387206.0000000000,-137.9594879150
22438810.0000000000,-137.9835662842
22490558.0000000000,-138.0032043457
22542400.0000000000,-138.2705688477
22594362.0000000000,-138.0032043457
22646444.0000000000,-138.0032043457
22698646.0000000000,-137.9835662842
22750968.0000000000,-137.9594879150
22803410.0000000000,-137.9292907715
22855998.0000000000,-137.9292907715
22908684.0000000000,-137.9292907715
22961490.0000000000,-137.9292907715
23014418.0000000000,-137.9292907715
23067468.0000000000,-137.9292907715
23120640.0000000000,-137.9594879150
23173934.0000000000,-137.9835662842
23227378.0000000000,-138.0032043457
23280918.0000000000,-138.1417236328
23334582.0000000000,-138.0032043457
23388370.0000000000,-138.0032043457
23442282.0000000000,-138.0032043457
23496318.0000000000,-138.0032043457
23550504.0000000000,-138.0032043457
23604790.0000000000,-138.1417236328
23659200.0000000000,-138.3912658691
23713738.0000000000,-138.6833190918
23768398.0000000000,-138.6833190918
23823186.0000000000,-138.6833190918
23878100.0000000000,-138.6833190918
23933168.0000000000,-138.6833190918
23988336.0000000000,-138.7232360840
24043630.0000000000,-138.9948730469
24099052.0000000000,-139.1136169434
24154602.0000000000,-139.2724761963
24210280.0000000000,-139.2983703613
24266114.0000000000,-139.3778076172
24322048.0000000000,-139.4952697754
24378112.0000000000,-139.5793151855
24434306.0000000000,-139.5793151855
24490628.0000000000,-139.5793151855
24547082.0000000000,-139.5815429688
24603664.0000000000,-139.7971496582
24660404.0000000000,-139.7971496582
24717248.0000000000,-139.7971496582
24774224.0000000000,-139.9370574951
24831330.0000000000,-139.9370574951
24888568.0000000000,-139.9370574951
24945938.0000000000,-139.9370574951
25003440.0000000000,-139.9370574951
25061102.0000000000,-139.9370574951
25118870.0000000000,-140.0769500732
25176770.0000000000,-140.0769500732
25234804.0000000000,-140.0769500732
25292972.0000000000,-139.9370574951
25351274.0000000000,-139.8797454834
25409740.0000000000,-139.7971496582
25468310.0000000000,-139.5815429688
25527016.0000000000,-139.5815429688
25585858.0000000000,-139.6361846924
25644836.0000000000,-139.7971496582
25703948.0000000000,-139.8797454834
25763198.0000000000,-140.1098175049
25822612.0000000000,-140.2019958496
25882136.0000000000,-140.2019958496
25941796.0000000000,-140.3624267578
26001594.0000000000,-140.3624267578
26061528.0000000000,-140.4832916260
26121602.0000000000,-140.5374450684
26181844.0000000000,-140.5374450684
26242194.0000000000,-140.5374450684
26302684.0000000000,-140.5374450684
26363314.0000000000,-140.5374450684
26424084.0000000000,-140.4832916260
26484992.0000000000,-140.3624267578
26546042.0000000000,-140.3624267578
26607262.0000000000,-140.3624267578
26668594.0000000000,-140.2019958496
26730066.0000000000,-139.9531860352
26791682.0000000000,-139.8797454834
26853438.0000000000,-139.8599548340
26915338.0000000000,-139.8599548340
26977408.0000000000,-139.8599548340
27039594.0000000000,-139.8599548340
27101922.0000000000,-139.8599548340
27164394.0000000000,-139.6426849365
27227010.0000000000,-139.6361846924
27289770.0000000000,-139.6426849365
27352674.0000000000,-139.8599548340
27415754.0000000000,-139.8797454834
27478950.0000000000,-139.9531860352
27542290.0000000000,-139.9531860352
27605778.0000000000,-139.8599548340
27669410.0000000000,-139.6426849365
27733190.0000000000,-139.6361846924
27797118.0000000000,-139.6361846924
27861222.0000000000,-139.6361846924
27925444.0000000000,-139.6426849365
27989814.0000000000,-139.8599548340
28054334.0000000000,-139.9531860352
28119000.0000000000,-139.9531860352
28183816.0000000000,-139.9531860352
28248814.0000000000,-139.9531860352
28313930.0000000000,-139.8599548340
28379194.0000000000,-139.6426849365
28444610.0000000000,-139.6426849365
28510178.0000000000,-139.6426849365
28575896.0000000000,-139.6426849365
28641766.0000000000,-139.5885009766
28707818.0000000000,-139.5885009766
28773992.0000000000,-139.6426849365
28840318.0000000000,-139.6723480225
28906796.0000000000,-139.6723480225
28973428.0000000000,-139.6426849365
29040214.0000000000,-139.6426849365
29107186.0000000000,-139.6426849365
29174280.0000000000,-139.6426849365
29241530.0000000000,-139.6426849365
29308932.0000000000,-139.6723480225
29376492.0000000000,-139.8058319092
29444208.0000000000,-139.8106536865
29512078.0000000000,-140.1487731934
29580138.0000000000,-140.1487731934
29648322.0000000000,-140.1487731934
29716664.0000000000,-139.9460906982
29785162.0000000000,-139.8106536865
29853820.0000000000,-139.8106536865
29922634.0000000000,-139.8106536865
29991642.0000000000,-139.8058319092
30060774.0000000000,-139.7434082031
30130066.0000000000,-139.7434082031
30199518.0000000000,-139.7434082031
30269130.0000000000,-139.7434082031
30338904.0000000000,-139.7434082031
30408836.0000000000,-139.7434082031
30478964.0000000000,-139.7434082031
30549220.0000000000,-139.7434082031
30619638.0000000000,-139.7434082031
30690220.0000000000,-139.6723480225
30760962.0000000000,-139.5815277100
30831868.0000000000,-139.5688171387
30902938.0000000000,-139.5680541992
30974206.0000000000,-139.5439300537
31045604.0000000000,-139.5439300537
31117166.0000000000,-139.5439300537
31188892.0000000000,-139.5680541992
31260786.0000000000,-139.5680541992
31332844.0000000000,-139.5680541992
31405102.0000000000,-139.5680541992
31477494.0000000000,-139.5688171387
31550052.0000000000,-139.5688171387
31622776.0000000000,-139.5688171387
31695670.0000000000,-139.5688171387
31768730.0000000000,-139.7261199951
31841960.0000000000,-139.7434082031
31915392.0000000000,-139.8106536865
31988960.0000000000,-139.8801422119
32062696.0000000000,-139.9061889648
32136604.0000000000,-139.9460906982
32210680.0000000000,-139.9460906982
32284928.0000000000,-139.9061889648
32359382.0000000000,-139.8801422119
32433974.0000000000,-139.8351593018
32508736.0000000000,-139.7434082031
32583670.0000000000,-139.7261199951
32658778.0000000000,-139.5439300537
32734060.0000000000,-139.7261199951
32809514.0000000000,-139.7434082031
32885178.0000000000,-139.8351593018
32960980.0000000000,-139.8801422119
33036958.0000000000,-139.8801422119
33113110.0000000000,-139.8351593018
33189438.0000000000,-139.7261199951
33265942.0000000000,-139.7261199951
33342624.0000000000,-139.8351593018
33419516.0000000000,-139.8801422119
33496552.0000000000,-139.9061889648
33573764.0000000000,-139.9687805176
33651152.0000000000,-139.9878692627
33728720.0000000000,-140.0574188232
33806468.0000000000,-140.2533111572
33884432.0000000000,-140.4162750244
33962536.0000000000,-140.6578216553
34040824.0000000000,-140.6912536621
34119292.0000000000,-140.8041687012
34197936.0000000000,-140.8727874756
34276768.0000000000,-141.2285156250
34355776.0000000000,-141.3225250244
34435008.0000000000,-141.7074127197
34514384.0000000000,-141.8267822266
34593940.0000000000,-141.8267822266
34673680.0000000000,-141.8267822266
34753608.0000000000,-141.8267822266
34833716.0000000000,-141.8316345215
34914048.0000000000,-142.0016784668
34994528.0000000000,-142.0993652344
35075192.0000000000,-142.0993652344
35156044.0000000000,-142.0993652344
35237080.0000000000,-142.0993652344
35318304.0000000000,-142.0993652344
35399716.0000000000,-142.0993652344
35481356.0000000000,-142.0993652344
35563140.0000000000,-142.0993652344
35645116.0000000000,-142.0993652344
35727280.0000000000,-142.0993652344
35809636.0000000000,-142.0993652344
35892180.0000000000,-142.0993652344
35974952.0000000000,-142.0993652344
36057876.0000000000,-141.8316345215
36140992.0000000000,-141.8267822266
36224300.0000000000,-141.8267822266
36307800.0000000000,-141.8316345215
36391492.0000000000,-141.8347167969
36475376.0000000000,-142.0993652344
36559496.0000000000,-142.1335906982
36643768.0000000000,-142.1868896484
36728236.0000000000,-142.1335906982
36812896.0000000000,-142.0993652344
36897752.0000000000,-141.8347167969
36982804.0000000000,-141.8347167969
37068052.0000000000,-141.8347167969
37153536.0000000000,-141.6538543701
37239180.0000000000,-141.5382537842
37325020.0000000000,-141.4407806396
37411056.0000000000,-141.1984405518
37497292.0000000000,-141.1984405518
37583724.0000000000,-141.1984405518
37670400.0000000000,-141.1984405518
37757232.0000000000,-141.1984405518
37844264.0000000000,-141.1984405518
37931500.0000000000,-141.1984405518
38018932.0000000000,-141.1984405518
38106568.0000000000,-141.1984405518
38194408.0000000000,-141.1984405518
38282492.0000000000,-141.1984405518
38370736.0000000000,-141.1984405518
38459180.0000000000,-141.1984405518
38547832.0000000000,-141.0086975098
38636688.0000000000,-140.7653350830
38725748.0000000000,-140.7653350830
38815056.0000000000,-140.7653350830
38904528.0000000000,-140.7653350830
38994204.0000000000,-140.9668426514
39084092.0000000000,-141.1984405518
39174180.0000000000,-141.3640899658
39264480.0000000000,-141.4407806396
39354988.0000000000,-141.5382537842
39445748.0000000000,-141.8347167969
39536672.0000000000,-142.1914215088
39627808.0000000000,-142.2380218506
39719152.0000000000,-142.3385772705
39810708.0000000000,-142.3385772705
39902476.0000000000,-142.3385772705
39994496.0000000000,-142.3385772705
40086688.0000000000,-142.2380218506
40179088.0000000000,-141.8571624756
40271704.0000000000,-141.4407806396
40364536.0000000000,-141.3834838867
40457576.0000000000,-141.3834838867
40550836.0000000000,-141.3834838867
40644352.0000000000,-141.3834838867
40738040.0000000000,-141.3834838867
40831944.0000000000,-141.3834838867
40926064.0000000000,-141.3834838867
41020404.0000000000,-141.3834838867
41114956.0000000000,-141.3834838867
41209732.0000000000,-141.3640899658
41304768.0000000000,-141.0977783203
41399976.0000000000,-140.9668426514
41495408.0000000000,-140.8415222168
41591056.0000000000,-140.7915496826
41686928.0000000000,-140.7815704346
41783020.0000000000,-140.7815704346
41879376.0000000000,-140.7815704346
41975912.0000000000,-140.7815704346
42072668.0000000000,-140.7815704346
42169652.0000000000,-140.7815704346
42266856.0000000000,-140.7815704346
42364284.0000000000,-140.7915496826
42461936.0000000000,-140.8415222168
42559860.0000000000,-140.9668426514
42657964.0000000000,-141.0977783203
42756292.0000000000,-141.3834838867
42854848.0000000000,-141.7858428955
42953632.0000000000,-141.7858428955
43052644.0000000000,-141.7858428955
43151932.0000000000,-141.7858428955
43251400.0000000000,-141.7858428955
43351096.0000000000,-141.7858428955
43451024.0000000000,-141.7858428955
43551180.0000000000,-141.7858428955
43651568.0000000000,-141.7858428955
43752188.0000000000,-141.7858428955
43853088.0000000000,-141.7858428955
43954176.0000000000,-141.7858428955
44055492.0000000000,-141.7858428955
44157044.0000000000,-141.7858428955
44258828.0000000000,-141.9130859375
44360848.0000000000,-141.9364929199
44463104.0000000000,-142.0402221680
44565644.0000000000,-142.0891113281
44668368.0000000000,-142.2962646484
44771332.0000000000,-142.3186798096
44874532.0000000000,-142.4446868896
44977972.0000000000,-142.5215148926
45081652.0000000000,-142.6105194092
45185616.0000000000,-142.9778289795
45289772.0000000000,-143.0370941162
45394168.0000000000,-143.1205444336
45498804.0000000000,-143.1205444336
45603684.0000000000,-143.1205444336
45708804.0000000000,-143.1205444336
45814164.0000000000,-143.1205444336
45919820.0000000000,-143.0940093994
46025668.0000000000,-143.0370941162
46131760.0000000000,-142.9778289795
46238100.0000000000,-142.9778289795
46344680.0000000000,-142.9778289795
46451508.0000000000,-143.0370941162
46558632.0000000000,-143.0940093994
46665956.0000000000,-143.1205444336
46773524.0000000000,-143.2059173584
46881340.0000000000,-143.2059173584
46989404.0000000000,-143.2059173584
47097716.0000000000,-143.2059173584
47206280.0000000000,-143.2059173584
47315148.0000000000,-143.2059173584
47424212.0000000000,-143.2059173584
47533528.0000000000,-143.2059173584
47643096.0000000000,-143.2059173584
47752916.0000000000,-143.5113220215
47862992.0000000000,-143.6347503662
47973372.0000000000,-143.6347503662
48083952.0000000000,-143.6347503662
48194788.0000000000,-143.6347503662
48305880.0000000000,-143.6347503662
48417232.0000000000,-143.6347503662
48528836.0000000000,-143.6347503662
48640696.0000000000,-143.6347503662
48752872.0000000000,-143.6347503662
48865252.0000000000,-143.6347503662
48977888.0000000000,-143.5113220215
49090784.0000000000,-143.2059173584
49203944.0000000000,-143.0940093994
49317364.0000000000,-142.4385070801
49431044.0000000000,-142.2402801514
49545040.0000000000,-141.9907684326
49659244.0000000000,-141.6165161133
49773712.0000000000,-141.5077819824
49888444.0000000000,-141.4845428467
50003440.0000000000,-141.4043731689
50118700.0000000000,-141.4043731689
50234284.0000000000,-141.4043731689
50350076.0000000000,-141.5077819824
50466136.0000000000,-141.6165161133
50582464.0000000000,-141.6704864502
50699060.0000000000,-141.7403411865
50815928.0000000000,-141.9907684326
50933060.0000000000,-142.0534210205
51050520.0000000000,-142.0534210205
51168196.0000000000,-141.9907684326
51286144.0000000000,-141.9907684326
51404360.0000000000,-141.7403411865
51522852.0000000000,-141.6704864502
51641616.0000000000,-141.5077819824
51760712.0000000000,-141.4043731689
51880024.0000000000,-140.8728790283
51999608.0000000000,-140.8267974854
52119472.0000000000,-140.8267974854
52239612.0000000000,-140.8267974854
52360028.0000000000,-140.8267974854
52480720.0000000000,-140.8267974854
52601752.0000000000,-140.8267974854
52723000.0000000000,-140.8267974854
52844532.0000000000,-140.8267974854
52966340.0000000000,-140.8267974854
53088432.0000000000,-140.8267974854
53210804.0000000000,-140.9165496826
53333520.0000000000,-141.4043731689
53456456.0000000000,-141.6704864502
53579676.0000000000,-141.7403411865
53703180.0000000000,-142.0534210205
53826972.0000000000,-142.0534210205
53951048.0000000000,-142.0534210205
54075408.0000000000,-142.0534210205
54200116.0000000000,-142.0534210205
54325048.0000000000,-142.0534210205
54450272.0000000000,-142.0694732666
54575784.0000000000,-142.1302337646
54701584.0000000000,-142.2851715088
54827676.0000000000,-142.3007965088
54954060.0000000000,-142.3007965088
55080792.0000000000,-142.3007965088
55207756.0000000000,-142.2851715088
55335016.0000000000,-142.3007965088
55462564.0000000000,-142.3187103271
55590412.0000000000,-142.3187103271
55718552.0000000000,-142.3007965088
55847048.0000000000,-142.2851715088
55975780.0000000000,-142.0694732666
56104808.0000000000,-141.5845947266
56234132.0000000000,-141.5845947266
56363756.0000000000,-141.2365722656
56493680.0000000000,-141.2365722656
56623900.0000000000,-141.2365722656
56754484.0000000000,-141.2365722656
56885308.0000000000,-141.2365722656
57016432.0000000000,-141.5845947266
57147860.0000000000,-142.0694732666
57279588.0000000000,-142.2851715088
57411624.0000000000,-142.2851715088
57544024.0000000000,-142.2851715088
57676668.0000000000,-142.2851715088
57809616.0000000000,-142.0694732666
57942872.0000000000,-141.5845947266
58076432.0000000000,-141.2365722656
58210304.0000000000,-141.2229461670
58344484.0000000000,-141.0916137695
58479036.0000000000,-140.7077331543
58613832.0000000000,-140.6205139160
58748944.0000000000,-140.5254821777
58884364.0000000000,-140.4220275879
59020096.0000000000,-140.3567047119
59156140.0000000000,-140.3567047119
59292500.0000000000,-140.5254821777
59429240.0000000000,-140.5254821777
59566228.0000000000,-140.6205139160
59703532.0000000000,-140.6205139160
59841152.0000000000,-140.6205139160
59979092.0000000000,-140.6205139160
60117348.0000000000,-140.6205139160
60255988.0000000000,-140.6205139160
60394884.0000000000,-140.6205139160
60534096.0000000000,-140.7269134521
60673632.0000000000,-140.7269134521
60813488.0000000000,-140.7269134521
60953668.0000000000,-140.7269134521
61094172.0000000000,-140.7269134521
61235064.0000000000,-140.8950500488
61376216.0000000000,-140.8976898193
61517692.0000000000,-141.0916137695
61659496.0000000000,-142.4645538330
61801624.0000000000,-142.7084350586
61944080.0000000000,-142.9176483154
62086936.0000000000,-143.0590362549
62230048.0000000000,-143.2743988037
62373496.0000000000,-143.3717803955
62517268.0000000000,-143.3717803955
62661376.0000000000,-143.3717803955
62805816.0000000000,-143.0590362549
62950588.0000000000,-142.9176483154
63095764.0000000000,-142.9176483154
63241204.0000000000,-142.7084350586
63386976.0000000000,-142.4645538330
63533088.0000000000,-142.4645538330
63679536.0000000000,-142.4645538330
63826324.0000000000,-142.4645538330
63973516.0000000000,-142.4645538330
64120980.0000000000,-142.4645538330
64268784.0000000000,-142.4645538330
64416928.0000000000,-142.4645538330
64565416.0000000000,-142.4645538330
64714244.0000000000,-142.4645538330
64863412.0000000000,-142.4645538330
65013000.0000000000,-142.4645538330
65162860.0000000000,-142.4645538330
65313064.0000000000,-142.4645538330
65463616.0000000000,-142.9176483154
65614512.0000000000,-143.0590362549
65765760.0000000000,-143.0590362549
65917356.0000000000,-143.0590362549
66069372.0000000000,-143.0590362549
66221664.0000000000,-143.0590362549
66374312.0000000000,-143.0590362549
66527308.0000000000,-143.0590362549
66680660.0000000000,-143.0590362549
66834364.0000000000,-143.0590362549
66988492.0000000000,-143.0590362549
67142904.0000000000,-143.0590362549
67297680.0000000000,-143.0590362549
67452800.0000000000,-143.3247985840
67608288.0000000000,-143.3247985840
67764128.0000000000,-142.3622589111
67920328.0000000000,-142.2156982422
68076968.0000000000,-142.2156982422
68233888.0000000000,-142.2156982422
68391168.0000000000,-142.2156982422
68548816.0000000000,-142.2156982422
68706824.0000000000,-142.3622589111
68865200.0000000000,-142.3622589111
69024016.0000000000,-142.3622589111
69183120.0000000000,-142.5080871582
69342592.0000000000,-142.5080871582
69502432.0000000000,-142.5874938965
69662640.0000000000,-143.3247985840
69823216.0000000000,-143.3293762207
69984168.0000000000,-143.3297119141
70145560.0000000000,-143.3297119141
70307248.0000000000,-143.3297119141
70469312.0000000000,-143.3297119141
70631752.0000000000,-143.3621673584
70794560.0000000000,-143.3970184326
70957752.0000000000,-143.6065521240
71121392.0000000000,-143.6967773438
71285328.0000000000,-143.7040405273
71449648.0000000000,-143.7040405273
71614344.0000000000,-143.7040405273
71779424.0000000000,-143.7040405273
71944880.0000000000,-143.7040405273
72110712.0000000000,-143.7040405273
72277016.0000000000,-143.7040405273
72443616.0000000000,-143.6967773438
72610608.0000000000,-143.6967773438
72777976.0000000000,-143.9338684082
72945736.0000000000,-143.6967773438
73113880.0000000000,-143.4453582764
73282416.0000000000,-143.4019317627
73451416.0000000000,-143.3970184326
73620728.0000000000,-143.3621673584
73790432.0000000000,-143.3621673584
73960520.0000000000,-143.3621673584
74131008.0000000000,-143.3621673584
74301880.0000000000,-143.4019317627
74473232.0000000000,-143.4453582764
74644904.0000000000,-143.4453582764
74816960.0000000000,-143.4453582764
74989424.0000000000,-143.4019317627
75162280.0000000000,-143.3621673584
75335528.0000000000,-143.3293762207
75509184.0000000000,-143.3293762207
75683320.0000000000,-143.3293762207
75857776.0000000000,-143.3293762207
76032632.0000000000,-143.3293762207
76207896.0000000000,-143.1557464600
76383560.0000000000,-142.6605529785
76559632.0000000000,-142.5079040527
76736192.0000000000,-142.3936920166
76913072.0000000000,-142.1470794678
77090360.0000000000,-142.1132202148
77268064.0000000000,-142.3936920166
77446168.0000000000,-142.3936920166
77624688.0000000000,-142.3936920166
77803616.0000000000,-142.3936920166
77983048.0000000000,-142.1132202148
78162800.0000000000,-142.0533294678
78342976.0000000000,-141.9074859619
78523560.0000000000,-141.8925323486
78704560.0000000000,-141.8925323486
78885984.0000000000,-141.9074859619
79067816.0000000000,-141.9687805176
79250160.0000000000,-141.9687805176
79432840.0000000000,-141.9074859619
79615936.0000000000,-141.8925323486
79799456.0000000000,-141.8700561523
79983400.0000000000,-141.8213348389
80167768.0000000000,-141.8122253418
80352648.0000000000,-141.6460418701
80537872.0000000000,-141.2087097168
80723512.0000000000,-141.2087097168
80909592.0000000000,-141.2087097168
81096088.0000000000,-141.2087097168
81283024.0000000000,-141.1574707031
81470384.0000000000,-141.1574707031
81658272.0000000000,-141.1574707031
81846496.0000000000,-141.1574707031
82035160.0000000000,-141.1574707031
82224256.0000000000,-141.2087097168
82413792.0000000000,-141.2087097168
82603760.0000000000,-141.2087097168
82794256.0000000000,-141.1574707031
82985104.0000000000,-141.1574707031
83176392.0000000000,-141.1136627197
83368120.0000000000,-141.0940551758
83560288.0000000000,-141.0940551758
83752904.0000000000,-141.0940551758
83945960.0000000000,-141.0940551758
84139552.0000000000,-141.0940551758
84333496.0000000000,-141.0940551758
84527896.0000000000,-141.1136627197
84722736.0000000000,-141.1136627197
84918032.0000000000,-141.1136627197
85113768.0000000000,-141.1136627197
85310056.0000000000,-141.0940551758
85506704.0000000000,-141.0940551758
85703800.0000000000,-141.0940551758
85901352.0000000000,-141.1136627197
86099360.0000000000,-141.1574707031
86297832.0000000000,-141.2640991211
86496752.0000000000,-141.2640991211
86696224.0000000000,-141.2640991211
86896072.0000000000,-141.2640991211
87096368.0000000000,-141.2640991211
87297136.0000000000,-141.3623046875
87498360.0000000000,-141.4219207764
87700048.0000000000,-141.5387115479
87902208.0000000000,-141.6645507813
88104920.0000000000,-141.6818389893
88308008.0000000000,-141.7156982422
88511568.0000000000,-141.7156982422
88715592.0000000000,-141.7156982422
88920088.0000000000,-141.6645507813
89125056.0000000000,-141.5387115479
89330592.0000000000,-141.5387115479
89536504.0000000000,-141.4219207764
89742896.0000000000,-141.3623046875
89949760.0000000000,-141.3623046875
90157096.0000000000,-141.3623046875
90364920.0000000000,-141.2640991211
90573216.0000000000,-141.2640991211
90782088.0000000000,-141.2640991211
90991352.0000000000,-141.2640991211
91201088.0000000000,-141.2640991211
91411320.0000000000,-141.3623046875
91622024.0000000000,-141.4311370850
91833224.0000000000,-141.5387115479
92045008.0000000000,-141.6645507813
92257176.0000000000,-141.8630371094
92469832.0000000000,-142.1915893555
92682984.0000000000,-142.1915893555
92896624.0000000000,-142.0021362305
93110760.0000000000,-141.8630371094
93325384.0000000000,-141.6668701172
93540608.0000000000,-141.6645507813
93756224.0000000000,-141.6645507813
93972344.0000000000,-141.6645507813
94188952.0000000000,-141.6645507813
94406064.0000000000,-141.6645507813
94623680.0000000000,-141.6668701172
94841896.0000000000,-141.6668701172
95060512.0000000000,-141.8630371094
95279640.0000000000,-141.8630371094
95499264.0000000000,-141.8630371094
95719392.0000000000,-141.6668701172
95940032.0000000000,-141.5921936035
96161184.0000000000,-141.5921936035
96382952.0000000000,-141.5921936035
96605120.0000000000,-141.5921936035
96827800.0000000000,-141.5921936035
97050992.0000000000,-141.5921936035
97274704.0000000000,-141.6463470459
97498928.0000000000,-141.6668701172
97723672.0000000000,-141.8630371094
97949040.0000000000,-142.0021362305
98174816.0000000000,-142.0395050049
98401120.0000000000,-142.1685180664
98627936.0000000000,-142.1951141357
98855280.0000000000,-142.1951141357
99083152.0000000000,-142.1992492676
99311656.0000000000,-142.2060241699
99540576.0000000000,-142.2060241699
99770024.0000000000,-142.2060241699
100000000.0000000000,-142.2060241699
