Type,FSWP-50
Version,3.02SP1
Date,03.Jul 2026
VSupply,ON
Mode,Voltage
Voltage Set,0.6000000000,V
Voltage Min,0.0000000000,V
Voltage Max,0.6500000000,V
Voltage Meas,0.6032386877,V
Current Max,20.0000000000,mA
Current Meas,16.4411764706,mA
VTune,OFF
Voltage Set,0.0000000000,V
Voltage Min,0.0000000000,V
Voltage Max,0.0100000000,V
Voltage Meas,-0.0200844377,V
Current Max,20.0000000000,mA
Current Meas,0.1489590463,mA
VAux,OFF
Voltage Set,0.0000000000,V
Voltage Min,-10.0000000000,V
Voltage Max,10.0000000000,V
Voltage Meas,-0.0079103266,V
Current Max,100.0000000000,mA
Current Meas,-0.0427605123,mA
Mode,Phase Noise
Measurement,Phase Noise
Input,RF
RF Att,0.0000000000,dB
Coupling,AC
RBW,2.0000000000,%
XCORR Factor,1000
XCORR Optimize,ON
Estimated Meas Time,3.7457527981,s
Sweep Count,5
Signal Frequency,27074518594.6762123108,Hz
Signal Level,-17.2271000000,dBm
Start,10000.0000000000,Hz
Stop,100000000.0000000000,Hz
SubSweep,1
Start,10000.0000000000,Hz
Stop,30000.0000000000,Hz
RBW,600.0000000000,Hz
XCORR Count,1000
SubSweep,2
Start,30000.0000000000,Hz
Stop,100000.0000000000,Hz
RBW,600.0000000000,Hz
XCORR Count,1000
SubSweep,3
Start,100000.0000000000,Hz
Stop,300000.0000000000,Hz
RBW,2000.0000000000,Hz
XCORR Count,3300
SubSweep,4
Start,300000.0000000000,Hz
Stop,1000000.0000000000,Hz
RBW,6000.0000000000,Hz
XCORR Count,10000
SubSweep,5
Start,1000000.0000000000,Hz
Stop,3000000.0000000000,Hz
RBW,20000.0000000000,Hz
XCORR Count,10000
SubSweep,6
Start,3000000.0000000000,Hz
Stop,10000000.0000000000,Hz
RBW,60000.0000000000,Hz
XCORR Count,10000
SubSweep,7
Start,10000000.0000000000,Hz
Stop,30000000.0000000000,Hz
RBW,200000.0000000000,Hz
XCORR Count,10000
SubSweep,8
Start,30000000.0000000000,Hz
Stop,100000000.0000000000,Hz
RBW,600000.0000000000,Hz
XCORR Count,10000
Integrated Measurements Range,1
Start,10000.0000000000,Hz
Stop,100000000.0000000000,Hz
Weighting,OFF
Integrated Measurements Range,2
Start,10000.0000000000,Hz
Stop,100000000.0000000000,Hz
Weighting,OFF
Integrated Measurements Range,3
Start,10000.0000000000,Hz
Stop,100000000.0000000000,Hz
Weighting,OFF
Integrated Measurements Range,4
Start,10000.0000000000,Hz
Stop,100000000.0000000000,Hz
Weighting,OFF
Integrated Measurements Range,5
Start,10000.0000000000,Hz
Stop,100000000.0000000000,Hz
Weighting,OFF
Integrated Measurements Range,6
Start,10000.0000000000,Hz
Stop,100000000.0000000000,Hz
Weighting,OFF
Integrated Measurements Range,7
Start,10000.0000000000,Hz
Stop,100000000.0000000000,Hz
Weighting,OFF
Integrated Measurements Range,8
Start,10000.0000000000,Hz
Stop,100000000.0000000000,Hz
Weighting,OFF
Integrated Measurements Range,9
Start,10000.0000000000,Hz
Stop,100000000.0000000000,Hz
Weighting,OFF
Integrated Measurements Range,10
Start,10000.0000000000,Hz
Stop,100000000.0000000000,Hz
Weighting,OFF
Spot Noise Decade Edges,OFF
Spot Noise User Defined,ON
Spot Noise User Defined Offset,1
State,OFF
Offset,1000.0000000000,Hz
Spot Noise User Defined Offset,2
State,OFF
Offset,10000.0000000000,Hz
Spot Noise User Defined Offset,3
State,ON
Offset,100000.0000000000,Hz
Spot Noise User Defined Offset,4
State,ON
Offset,1000000.0000000000,Hz
Spot Noise User Defined Offset,5
State,ON
Offset,10000000.0000000000,Hz
Spot Noise User Defined Offset,6
State,OFF
Offset,100000000.0000000000,Hz
Window,1,Noise Spectrum
Trace,1
Trace Mode,CLR/WRITE
Trace Result,PN
Smoothing,ON
Smoothing Value,1.0000000000,%
Spurious Removal,ON
Spurious Removal Threshold,6.0000000000,dB
Trace Offset,OFF
Trace Offset,0.0000000000,dB
Trace Label,OFF
Trace Label,Trace 1
x-Unit,Hz
y-Unit,dBc/Hz
Values,4001
10000.0000000000,-53.6516685486
10023.0507812500,-53.6918449402
10046.1542968750,-53.7320213318
10069.3115234375,-53.7721977234
10092.5332031250,-53.8083801270
10115.7968750000,-53.8442726135
10139.1152343750,-53.8801651001
10162.4863281250,-53.9160575867
10185.9111328125,-53.9474601746
10209.3906250000,-53.9754943848
10232.9355468750,-54.0035400391
10256.5234375000,-54.0315742493
10280.1650390625,-54.0575408936
10303.8613281250,-54.0772972107
10327.6123046875,-54.0970535278
10351.4189453125,-54.1168098450
10375.2792968750,-54.1365661621
10399.2060546875,-54.1510238647
10423.1777343750,-54.1653137207
10447.2031250000,-54.1796035767
10471.2851562500,-54.1938934326
10495.4218750000,-54.2074050903
10519.6152343750,-54.2206344604
10543.8632812500,-54.2338638306
10568.1787109375,-54.2470970154
10592.5400390625,-54.2620277405
10616.9560546875,-54.2784156799
10641.4287109375,-54.2948036194
10665.9580078125,-54.3111915588
10690.5439453125,-54.3299446106
10715.1982421875,-54.3525428772
10739.8974609375,-54.3751258850
10764.6533203125,-54.3977127075
10789.4667968750,-54.4223136902
10814.3378906250,-54.4524993896
10839.2656250000,-54.4826850891
10864.2509765625,-54.5128707886
10889.3056640625,-54.5443687439
10914.4062500000,-54.5814895630
10939.5644531250,-54.6186141968
10964.7812500000,-54.6557350159
10990.0556640625,-54.6934127808
11015.3886718750,-54.7343025208
11040.7919921875,-54.7752113342
11066.2412109375,-54.8161010742
11091.7500000000,-54.8567619324
11117.3173828125,-54.8960456848
11142.9433593750,-54.9353332520
11168.6289062500,-54.9746208191
11194.3730468750,-55.0126266479
11220.1894531250,-55.0447502136
11246.0527343750,-55.0768623352
11271.9755859375,-55.1089706421
11297.9580078125,-55.1387062073
11324.0009765625,-55.1612586975
11350.1035156250,-55.1838111877
11376.2792968750,-55.2063713074
11402.5019531250,-55.2266616821
11428.7861328125,-55.2428092957
11455.1298828125,-55.2589607239
11481.5351562500,-55.2751121521
11508.0000000000,-55.2917633057
11534.5273437500,-55.3089370728
11561.1279296875,-55.3261184692
11587.7773437500,-55.3432922363
11614.4873046875,-55.3659896851
11641.2597656250,-55.3914527893
11668.0937500000,-55.4169197083
11694.9892578125,-55.4423828125
11721.9472656250,-55.4775047302
11748.9804687500,-55.5140495300
11776.0625000000,-55.5505752563
11803.2070312500,-55.5879898071
11830.4140625000,-55.6323928833
11857.6845703125,-55.6767959595
11885.0166015625,-55.7211990356
11912.4257812500,-55.7659645081
11939.8847656250,-55.8112564087
11967.4072265625,-55.8565483093
11994.9931640625,-55.9018402100
12022.6425781250,-55.9432868958
12050.3554687500,-55.9830017090
12078.1318359375,-56.0227165222
12105.9863281250,-56.0622520447
12133.8916015625,-56.0939064026
12161.8613281250,-56.1255607605
12189.8955078125,-56.1572151184
12217.9931640625,-56.1863021851
12246.1572265625,-56.2113761902
12274.3984375000,-56.2364616394
12302.6923828125,-56.2615356445
12331.0507812500,-56.2834434509
12359.4746093750,-56.3044929504
12387.9638671875,-56.3255424500
12416.5195312500,-56.3459930420
12445.1396484375,-56.3642005920
12473.8408203125,-56.3824195862
12502.5937500000,-56.4006271362
12531.4130859375,-56.4169692993
12560.2988281250,-56.4323768616
12589.2509765625,-56.4477806091
12618.2705078125,-56.4628829956
12647.3701171875,-56.4762496948
12676.5234375000,-56.4896125793
12705.7441406250,-56.5029716492
12735.0312500000,-56.5165977478
12764.3867187500,-56.5303611755
12793.8095703125,-56.5441246033
12823.2998046875,-56.5585899353
12852.8730468750,-56.5758781433
12882.4990234375,-56.5931587219
12912.1943359375,-56.6104393005
12941.9580078125,-56.6319198608
12971.7900390625,-56.6546745300
13001.6914062500,-56.6774291992
13031.6611328125,-56.7020301819
13061.7138671875,-56.7299194336
13091.8222656250,-56.7577972412
13122.0000000000,-56.7856750488
13152.2470703125,-56.8161010742
13182.5634765625,-56.8465766907
13212.9501953125,-56.8770523071
13243.4218750000,-56.9070739746
13273.9492187500,-56.9367942810
13304.5468750000,-56.9665184021
13335.2138671875,-56.9953575134
13365.9531250000,-57.0221443176
13396.7626953125,-57.0489311218
13427.6425781250,-57.0757141113
13458.6093750000,-57.1000404358
13489.6328125000,-57.1243476868
13520.7265625000,-57.1486549377
13551.8935546875,-57.1733283997
13583.1308593750,-57.1981468201
13614.4414062500,-57.2229652405
13645.8388671875,-57.2499237061
13677.2929687500,-57.2793006897
13708.8203125000,-57.3086814880
13740.4199218750,-57.3399696350
13772.0927734375,-57.3773956299
13803.8388671875,-57.4148178101
13835.6572265625,-57.4525527954
13867.5644531250,-57.4996948242
13899.5302734375,-57.5468139648
13931.5693359375,-57.5939331055
13963.6826171875,-57.6480636597
13995.8701171875,-57.7034263611
14028.1318359375,-57.7587890625
14060.4677734375,-57.8158226013
14092.8935546875,-57.8736267090
14125.3789062500,-57.9314079285
14157.9384765625,-57.9850654602
14190.5732421875,-58.0354423523
14223.2841796875,-58.0858192444
14256.0693359375,-58.1286163330
14288.9462890625,-58.1619033813
14321.8837890625,-58.1951751709
14354.8964843750,-58.2213973999
14387.9853515625,-58.2346496582
14421.1503906250,-58.2479019165
14454.3925781250,-58.2575416565
14487.7109375000,-58.2580146790
14521.1220703125,-58.2584877014
14554.5947265625,-58.2590713501
14588.1435546875,-58.2600097656
14621.7705078125,-58.2609481812
14655.4746093750,-58.2643051147
14689.2568359375,-58.2768363953
14723.1328125000,-58.2893714905
14757.0703125000,-58.3050270081
14791.0869140625,-58.3329048157
14825.1806640625,-58.3607788086
14859.3544921875,-58.3913078308
14893.6054687500,-58.4313354492
14927.9365234375,-58.4713668823
14962.3632812500,-58.5129661560
14996.8525390625,-58.5591087341
15031.4208984375,-58.6052474976
15066.0693359375,-58.6517295837
15100.7978515625,-58.6989631653
15135.6064453125,-58.7461967468
15170.5117187500,-58.7926445007
15205.4804687500,-58.8377799988
15240.5302734375,-58.8829193115
15275.6611328125,-58.9255218506
15310.8730468750,-58.9653854370
15346.1650390625,-59.0052452087
15381.5390625000,-59.0393791199
15417.0117187500,-59.0696144104
15452.5488281250,-59.0998344421
15488.1679687500,-59.1206398010
15523.8691406250,-59.1379241943
15559.6533203125,-59.1552047729
15595.5195312500,-59.1630287170
15631.4677734375,-59.1695556641
15667.5166015625,-59.1759986877
15703.6318359375,-59.1807098389
15739.8300781250,-59.1854248047
15776.1113281250,-59.1922492981
15812.4765625000,-59.2057723999
15848.9248046875,-59.2192916870
15885.4755859375,-59.2386627197
15922.0927734375,-59.2652587891
15958.7939453125,-59.2918510437
15995.5800781250,-59.3229827881
16032.4511718750,-59.3563346863
16069.4072265625,-59.3896865845
16106.4482421875,-59.4172744751
16143.5927734375,-59.4443321228
16180.8046875000,-59.4685783386
16218.1025390625,-59.4717712402
16255.4863281250,-59.4769020081
16292.9560546875,-59.4783897400
16330.5126953125,-59.4795379639
16368.1738281250,-59.4827346802
16405.9042968750,-59.4850082397
16443.7207031250,-59.4879684448
16481.6250000000,-59.4905014038
16519.6152343750,-59.4914588928
16557.6953125000,-59.4949455261
16595.8613281250,-59.5003433228
16634.1347656250,-59.5297126770
16672.4765625000,-59.5590667725
16710.9082031250,-59.6068534851
16749.4277343750,-59.6615371704
16788.0371093750,-59.7179603577
16826.7343750000,-59.7925796509
16865.5390625000,-59.8672332764
16904.4160156250,-59.9455909729
16943.3808593750,-60.0282669067
16982.4375000000,-60.1109504700
17021.5820312500,-60.1880569458
17060.8183593750,-60.2642211914
17100.1445312500,-60.3356285095
17139.5820312500,-60.3936653137
17179.0898437500,-60.4516716003
17218.6875000000,-60.4942359924
17258.3789062500,-60.5296897888
17298.1601562500,-60.5532531738
17338.0332031250,-60.5549583435
17378.0000000000,-60.5549621582
17418.0761718750,-60.5571823120
17458.2265625000,-60.5605773926
17498.4687500000,-60.5627059937
17538.8027343750,-60.5661926270
17579.2324218750,-60.5677032471
17619.7519531250,-60.5747871399
17660.3867187500,-60.5782127380
17701.0957031250,-60.5782241821
17741.8984375000,-60.5834541321
17782.7949218750,-60.5910377502
17823.7851562500,-60.5926971436
17864.8691406250,-60.5937194824
17906.0488281250,-60.5974273682
17947.3437500000,-60.6011695862
17988.7148437500,-60.6026611328
18030.1796875000,-60.6038169861
18071.7402343750,-60.6098251343
18113.3964843750,-60.6273193359
18155.1484375000,-60.6468467712
18197.0175781250,-60.6663894653
18238.9628906250,-60.6860389709
18281.0058593750,-60.7057380676
18323.1445312500,-60.7263679504
18365.3808593750,-60.7491836548
18407.7148437500,-60.7720031738
18450.1445312500,-60.8039321899
18492.6953125000,-60.8369827271
18535.3222656250,-60.8780975342
18578.0468750000,-60.9272994995
18620.8710937500,-60.9783935547
18663.7929687500,-61.0433197021
18706.8144531250,-61.1082496643
18749.9355468750,-61.1793556213
18793.1757812500,-61.2525138855
18836.4941406250,-61.3249855042
18879.9140625000,-61.3964691162
18923.4335937500,-61.4674987793
18967.0546875000,-61.5312194824
19010.7734375000,-61.5949325562
19054.6171875000,-61.6523437500
19098.5390625000,-61.7073745728
19142.5625000000,-61.7590408325
19186.6875000000,-61.8059349060
19230.9140625000,-61.8517761230
19275.2421875000,-61.8890228271
19319.6738281250,-61.9262733459
19364.2285156250,-61.9535751343
19408.8632812500,-61.9786376953
19453.6015625000,-61.9972229004
19498.4433593750,-62.0102386475
19543.3886718750,-62.0210914612
19588.4375000000,-62.0261077881
19633.6132812500,-62.0310859680
19678.8691406250,-62.0334815979
19724.2304687500,-62.0358810425
19769.6972656250,-62.0391235352
19815.2675781250,-62.0426177979
19860.9433593750,-62.0476837158
19906.7226562500,-62.0541076660
19952.6328125000,-62.0620307922
19998.6250000000,-62.0731925964
20044.7226562500,-62.0851402283
20090.9277343750,-62.1037979126
20137.2382812500,-62.1224555969
20183.6562500000,-62.1497344971
20230.2031250000,-62.1779289246
20276.8339843750,-62.2115783691
20323.5742187500,-62.2473754883
20370.4218750000,-62.2833251953
20417.3769531250,-62.3194046021
20464.4394531250,-62.3519287109
20511.6113281250,-62.3785247803
20558.9160156250,-62.4018554688
20606.3046875000,-62.4135437012
20653.8046875000,-62.4244117737
20701.4121093750,-62.4252395630
20749.1308593750,-62.4260673523
20796.9589843750,-62.4277229309
20844.8984375000,-62.4294319153
20892.9687500000,-62.4415397644
20941.1289062500,-62.4559707642
20989.4003906250,-62.4826507568
21037.7812500000,-62.5144844055
21086.2753906250,-62.5539245605
21134.8808593750,-62.5984268188
21183.6210937500,-62.6439857483
21232.4511718750,-62.6905250549
21281.3945312500,-62.7340164185
21330.4492187500,-62.7733879089
21379.6171875000,-62.8098716736
21428.8984375000,-62.8410530090
21478.2929687500,-62.8722534180
21527.8261718750,-62.9035301208
21577.4492187500,-62.9376068115
21627.1875000000,-62.9808120728
21677.0390625000,-63.0277099609
21727.0058593750,-63.0901947021
21777.0878906250,-63.1553649902
21827.3105468750,-63.2349662781
21877.6230468750,-63.3152885437
21928.0527343750,-63.4005546570
21978.5996093750,-63.4846572876
22029.2617187500,-63.5600166321
22080.0410156250,-63.6328659058
22130.9355468750,-63.6763648987
22181.9746093750,-63.6771507263
22233.1054687500,-63.6827697754
22284.3535156250,-63.6856269836
22335.7207031250,-63.6862411499
22387.2070312500,-63.6992912292
22438.8105468750,-63.7004852295
22490.5585937500,-63.7158660889
22542.4003906250,-63.7268905640
22594.3632812500,-63.7337150574
22646.4433593750,-63.7353286743
22698.6464843750,-63.7507438660
22750.9667968750,-63.7612380981
22803.4101562500,-63.7633819580
22855.9980468750,-63.7675437927
22908.6835937500,-63.7790336609
22961.4902343750,-63.7843055725
23014.4179687500,-63.7878646851
23067.4667968750,-63.7893600464
23120.6386718750,-63.8058204651
23173.9335937500,-63.8532180786
23227.3769531250,-63.8992996216
23280.9179687500,-63.9446029663
23334.5820312500,-63.9800376892
23388.3710937500,-64.0119323730
23442.2812500000,-64.0293197632
23496.3183593750,-64.0440063477
23550.5039062500,-64.0446777344
23604.7910156250,-64.0458755493
23659.2011718750,-64.0464324951
23713.7363281250,-64.0468750000
23768.3984375000,-64.0479965210
23823.1875000000,-64.0524520874
23878.1015625000,-64.0641403198
23933.1679687500,-64.0813674927
23988.3359375000,-64.1040420532
24043.6308593750,-64.1331253052
24099.0527343750,-64.1655273438
24154.6035156250,-64.2039871216
24210.2812500000,-64.2437591553
24266.1132812500,-64.2892074585
24322.0488281250,-64.3357086182
24378.1132812500,-64.3871459961
24434.3066406250,-64.4415817261
24490.6289062500,-64.5013351440
24547.0820312500,-64.5670700073
24603.6640625000,-64.6376037598
24660.4042968750,-64.7157287598
24717.2480468750,-64.7962646484
24774.2226562500,-64.8798751831
24831.3300781250,-64.9619979858
24888.5683593750,-65.0368270874
24945.9375000000,-65.0992889404
25003.4394531250,-65.1030731201
25061.1015625000,-65.1032714844
25118.8691406250,-65.1134185791
25176.7714843750,-65.1180419922
25234.8046875000,-65.1365661621
25292.9726562500,-65.1526107788
25351.2753906250,-65.1566925049
25409.7402343750,-65.1604309082
25468.3105468750,-65.1855545044
25527.0175781250,-65.1928939819
25585.8593750000,-65.2053756714
25644.8359375000,-65.2065124512
25703.9492187500,-65.2190933228
25763.1972656250,-65.2220687866
25822.6132812500,-65.2232208252
25882.1347656250,-65.2836837769
25941.7949218750,-65.3695907593
26001.5937500000,-65.4694519043
26061.5292968750,-65.5652770996
26121.6015625000,-65.6529235840
26181.8437500000,-65.6845855713
26242.1953125000,-65.6857299805
26302.6835937500,-65.6928100586
26363.3144531250,-65.7081451416
26424.0839843750,-65.7171707153
26484.9921875000,-65.7210998535
26546.0429687500,-65.7412719727
26607.2617187500,-65.7481689453
26668.5937500000,-65.7668685913
26730.0664062500,-65.7680740356
26791.6816406250,-65.7685241699
26853.4375000000,-65.7734146118
26915.3378906250,-65.7760467529
26977.4082031250,-65.7775650024
27039.5937500000,-65.7810974121
27101.9218750000,-65.7826843262
27164.3945312500,-65.7992553711
27227.0097656250,-65.8111038208
27289.7695312500,-65.8167648315
27352.6738281250,-65.8221359253
27415.7539062500,-65.8453369141
27478.9492187500,-65.8459320068
27542.2910156250,-65.8478927612
27605.7773437500,-65.8568572998
27669.4101562500,-65.8594436646
27733.1914062500,-65.8988342285
27797.1171875000,-65.9521102905
27861.2226562500,-66.0087890625
27925.4453125000,-66.0644760132
27989.8144531250,-66.1185226440
28054.3339843750,-66.1680145264
28119.0000000000,-66.2110900879
28183.8164062500,-66.2498550415
28248.8144531250,-66.2781600952
28313.9296875000,-66.3019027710
28379.1953125000,-66.3215713501
28444.6113281250,-66.3413391113
28510.1777343750,-66.3655242920
28575.8964843750,-66.3959732056
28641.7656250000,-66.4406661987
28707.8183593750,-66.4922103882
28773.9921875000,-66.5534286499
28840.3183593750,-66.6204833984
28906.7968750000,-66.6895065308
28973.4296875000,-66.7596359253
29040.2148437500,-66.8283081055
29107.1855468750,-66.8950424194
29174.2812500000,-66.9562225342
29241.5292968750,-67.0060043335
29308.9335937500,-67.0127716064
29376.4921875000,-67.0199584961
29444.2070312500,-67.0237655640
29512.0781250000,-67.0342178345
29580.1386718750,-67.0459518433
29648.3222656250,-67.0484313965
29716.6640625000,-67.0545196533
29785.1621093750,-67.0642547607
29853.8203125000,-67.0647583008
29922.6347656250,-67.0795593262
29991.6406250000,-67.1131439209
30060.7734375000,-67.1299819946
30130.0664062500,-67.1477432251
30199.5175781250,-67.1514587402
30269.1308593750,-67.1535415649
30338.9023437500,-67.1545639038
30408.8359375000,-67.1552124023
30478.9648437500,-67.1632843018
30549.2207031250,-67.1812286377
30619.6386718750,-67.2066574097
30690.2187500000,-67.2380142212
30760.9628906250,-67.2740554810
30831.8691406250,-67.3125610352
30902.9375000000,-67.3518524170
30974.2050781250,-67.3899230957
31045.6035156250,-67.4244308472
31117.1660156250,-67.4532394409
31188.8925781250,-67.4747543335
31260.7851562500,-67.4927291870
31332.8437500000,-67.5141983032
31405.1035156250,-67.5464553833
31477.4941406250,-67.5962448120
31550.0507812500,-67.6684570313
31622.7773437500,-67.7647094727
31695.6699218750,-67.8827743530
31768.7304687500,-68.0072708130
31841.9589843750,-68.1228942871
31915.3925781250,-68.1738967896
31988.9589843750,-68.1778564453
32062.6972656250,-68.1835861206
32136.6035156250,-68.1950149536
32210.6796875000,-68.2060241699
32284.9277343750,-68.2164154053
32359.3828125000,-68.2242050171
32433.9726562500,-68.2381591797
32508.7363281250,-68.2638168335
32583.6718750000,-68.2739181519
32658.7792968750,-68.2784118652
32734.0585937500,-68.3010101318
32809.5156250000,-68.3054962158
32885.1796875000,-68.3117370605
32960.9804687500,-68.3622589111
33036.9570312500,-68.3933334351
33113.1093750000,-68.3996429443
33189.4375000000,-68.3996810913
33265.9414062500,-68.4087066650
33342.6250000000,-68.4163055420
33419.5156250000,-68.4172134399
33496.5507812500,-68.4378814697
33573.7617187500,-68.4443435669
33651.1523437500,-68.4445571899
33728.7226562500,-68.4577026367
33806.4687500000,-68.4650192261
33884.4335937500,-68.4686050415
33962.5390625000,-68.4797744751
34040.8242187500,-68.5239334106
34119.2890625000,-68.5789108276
34197.9375000000,-68.6471405029
34276.7656250000,-68.7291793823
34355.7773437500,-68.8217926025
34435.0078125000,-68.9176025391
34514.3828125000,-69.0067062378
34593.9414062500,-69.0802459717
34673.6835937500,-69.1333999634
34753.6054687500,-69.1661834717
34833.7187500000,-69.1840362549
34914.0507812500,-69.1939315796
34994.5273437500,-69.2014389038
35075.1953125000,-69.2103424072
35156.0429687500,-69.2224044800
35237.0820312500,-69.2377471924
35318.3046875000,-69.2556915283
35399.7148437500,-69.2754745483
35481.3554687500,-69.2963333130
35563.1406250000,-69.3169174194
35645.1171875000,-69.3348770142
35727.2812500000,-69.3474655151
35809.6367187500,-69.3536376953
35892.1796875000,-69.3561096191
35974.9531250000,-69.3615798950
36057.8789062500,-69.3778610229
36140.9921875000,-69.4094085693
36224.3007812500,-69.4536819458
36307.8007812500,-69.4985504150
36391.4921875000,-69.5009460449
36475.3789062500,-69.5077514648
36559.4960937500,-69.5091247559
36643.7695312500,-69.5285186768
36728.2343750000,-69.5380325317
36812.8945312500,-69.5471572876
36897.7539062500,-69.5488967896
36982.8046875000,-69.5546722412
37068.0507812500,-69.6100540161
37153.5390625000,-69.6912307739
37239.1796875000,-69.7836380005
37325.0195312500,-69.8818893433
37411.0546875000,-69.9817199707
37497.2890625000,-70.0778350830
37583.7226562500,-70.1622924805
37670.3984375000,-70.2259216309
37757.2304687500,-70.2627868652
37844.2656250000,-70.2732620239
37931.5000000000,-70.2749481201
38018.9335937500,-70.2787170410
38106.5703125000,-70.3130798340
38194.4062500000,-70.3530731201
38282.4921875000,-70.3976287842
38370.7343750000,-70.4429397583
38459.1796875000,-70.4906158447
38547.8320312500,-70.5446777344
38636.6875000000,-70.6062469482
38725.7500000000,-70.6239929199
38815.0585937500,-70.6381683350
38904.5273437500,-70.6697540283
38994.2070312500,-70.6710281372
39084.0898437500,-70.6735992432
39174.1835937500,-70.7144088745
39264.4804687500,-70.7317581177
39354.9882812500,-70.7493286133
39445.7460937500,-70.7701110840
39536.6718750000,-70.7761001587
39627.8085937500,-70.7834320068
39719.1523437500,-70.7998657227
39810.7070312500,-70.8262329102
39902.4765625000,-70.8278274536
39994.4960937500,-70.8413848877
40086.6875000000,-70.8627014160
40179.0898437500,-70.8642501831
40271.7070312500,-70.8891372681
40364.5351562500,-70.8915405273
40457.5781250000,-70.9042205811
40550.8359375000,-70.9085388184
40644.3515625000,-70.9798583984
40738.0390625000,-71.0456161499
40831.9453125000,-71.0823516846
40926.0664062500,-71.0887603760
41020.4023437500,-71.1041488647
41114.9570312500,-71.1093978882
41209.7304687500,-71.1139984131
41304.7656250000,-71.1243667603
41399.9765625000,-71.1411743164
41495.4062500000,-71.1417922974
41591.0585937500,-71.1551132202
41686.9257812500,-71.1636657715
41783.0195312500,-71.1662597656
41879.3789062500,-71.1802597046
41975.9140625000,-71.1812896729
42072.6679687500,-71.1895141602
42169.6484375000,-71.1909637451
42266.8554687500,-71.2032775879
42364.2812500000,-71.3154983521
42461.9335937500,-71.4462280273
42559.8593750000,-71.5702438354
42657.9648437500,-71.6651458740
42756.2929687500,-71.7209167480
42854.8476562500,-71.7395172119
42953.6328125000,-71.7411651611
43052.6445312500,-71.7429351807
43151.9296875000,-71.7542266846
43251.3984375000,-71.7809753418
43351.0976562500,-71.8214797974
43451.0234375000,-71.8764495850
43551.1796875000,-71.8941650391
43651.5703125000,-71.9012985229
43752.1914062500,-71.9034347534
43853.0898437500,-71.9252166748
43954.1757812500,-71.9445800781
44055.4921875000,-71.9587936401
44157.0429687500,-71.9602508545
44258.8281250000,-71.9707107544
44360.8476562500,-71.9884414673
44463.1015625000,-71.9915008545
44565.6406250000,-71.9933319092
44668.3671875000,-71.9935379028
44771.3320312500,-71.9978179932
44874.5351562500,-72.0127639771
44977.9726562500,-72.0166702271
45081.6484375000,-72.0356521606
45185.6171875000,-72.0469207764
45289.7734375000,-72.0492935181
45394.1679687500,-72.0868072510
45498.8046875000,-72.0948791504
45603.6835937500,-72.0988769531
45708.8046875000,-72.1084365845
45814.1640625000,-72.1918640137
45919.8203125000,-72.2963790894
46025.6679687500,-72.3767700195
46131.7617187500,-72.4672088623
46238.0976562500,-72.6085968018
46344.6796875000,-72.7325134277
46451.5078125000,-72.7495193481
46558.6328125000,-72.7523269653
46665.9531250000,-72.7604904175
46773.5234375000,-72.7691040039
46881.3398437500,-72.7879028320
46989.4023437500,-72.7890930176
47097.7187500000,-72.8088073730
47206.2812500000,-72.8110275269
47315.1484375000,-72.8218612671
47424.2109375000,-72.8292999268
47533.5273437500,-72.9038391113
47643.0976562500,-72.9865493774
47752.9179687500,-73.0689849854
47862.9921875000,-73.1575622559
47973.3710937500,-73.1677246094
48083.9531250000,-73.1864929199
48194.7890625000,-73.1960449219
48305.8828125000,-73.1999435425
48417.2304687500,-73.2090835571
48528.8359375000,-73.2294692993
48640.6992187500,-73.2588119507
48752.8710937500,-73.2651138306
48865.2500000000,-73.2690200806
48977.8867187500,-73.2993545532
49090.7851562500,-73.3002243042
49203.9453125000,-73.3216629028
49317.3632812500,-73.3661804199
49431.0429687500,-73.3920059204
49545.0390625000,-73.4038619995
49659.2421875000,-73.4151077271
49773.7109375000,-73.4243316650
49888.4453125000,-73.4401626587
50003.4414062500,-73.4635467529
50118.7031250000,-73.4673385620
50234.2851562500,-73.5073547363
50350.0781250000,-73.6408157349
50466.1367187500,-73.6831436157
50582.4648437500,-73.6897201538
50699.0625000000,-73.7220611572
50815.9257812500,-73.7374725342
50933.0625000000,-73.7568740845
51050.5234375000,-73.7826919556
51168.1953125000,-73.7937774658
51286.1445312500,-73.8034133911
51404.3593750000,-73.8251190186
51522.8515625000,-73.8335418701
51641.6171875000,-73.8364028931
51760.7109375000,-73.8624191284
51880.0234375000,-73.9154281616
51999.6093750000,-73.9332351685
52119.4726562500,-73.9556198120
52239.6093750000,-73.9847640991
52360.0273437500,-74.0278701782
52480.7187500000,-74.0564880371
52601.7500000000,-74.1101226807
52723.0000000000,-74.1261215210
52844.5312500000,-74.2075881958
52966.3398437500,-74.2139739990
53088.4335937500,-74.3101043701
53210.8046875000,-74.3763580322
53333.5195312500,-74.3857116699
53456.4570312500,-74.4088592529
53579.6757812500,-74.4362640381
53703.1835937500,-74.4859619141
53826.9726562500,-74.5322036743
53951.0468750000,-74.5432662964
54075.4062500000,-74.5674743652
54200.1132812500,-74.6231460571
54325.0507812500,-74.7727813721
54450.2734375000,-74.7876968384
54575.7851562500,-74.7883453369
54701.5859375000,-74.7938079834
54827.6757812500,-74.7953186035
54954.0585937500,-74.7991104126
55080.7929687500,-74.8213882446
55207.7578125000,-74.8231582642
55335.0156250000,-74.8271865845
55462.5664062500,-74.8510589600
55590.4101562500,-74.8586120605
55718.5507812500,-74.8608016968
55847.0468750000,-74.8680419922
55975.7773437500,-74.8692321777
56104.8085937500,-74.8781127930
56234.1328125000,-74.8983764648
56363.7578125000,-74.8986053467
56493.6796875000,-74.9192504883
56623.9023437500,-74.9232177734
56754.4843750000,-74.9741058350
56885.3085937500,-75.1336669922
57016.4335937500,-75.1430511475
57147.8593750000,-75.1646575928
57279.5898437500,-75.1741790771
57411.6210937500,-75.2181320190
57544.0234375000,-75.2483673096
57676.6679687500,-75.2567291260
57809.6171875000,-75.2827148438
57942.8710937500,-75.3020248413
58076.4335937500,-75.3250045776
58210.3046875000,-75.3342666626
58344.4843750000,-75.3394699097
58479.0351562500,-75.3621978760
58613.8320312500,-75.3897628784
58748.9414062500,-75.3944473267
58884.3632812500,-75.4117126465
59020.0937500000,-75.4274139404
59156.1406250000,-75.4320144653
59292.5000000000,-75.4379425049
59429.2382812500,-75.4445114136
59566.2265625000,-75.4718551636
59703.5312500000,-75.5021362305
59841.1523437500,-75.5146102905
59979.0898437500,-75.5337753296
60117.3476562500,-75.5403594971
60255.9882812500,-75.5565185547
60394.8828125000,-75.5592803955
60534.0976562500,-75.6065139771
60673.6328125000,-75.6105880737
60813.4882812500,-75.6498107910
60953.6679687500,-75.6690979004
61094.1718750000,-75.6795349121
61235.0625000000,-75.7051315308
61376.2148437500,-75.7208557129
61517.6914062500,-75.7239227295
61659.4960937500,-75.7427749634
61801.6250000000,-75.7529525757
61944.0820312500,-75.7606353760
62086.9335937500,-75.7615661621
62230.0507812500,-75.7664642334
62373.4960937500,-75.8005142212
62517.2695312500,-75.8964614868
62661.3750000000,-76.0255432129
62805.8164062500,-76.1093597412
62950.5859375000,-76.1574935913
63095.7617187500,-76.1889648438
63241.2031250000,-76.2154693604
63386.9765625000,-76.2792739868
63533.0898437500,-76.4247817993
63679.5390625000,-76.4787139893
63826.3242187500,-76.4880371094
63973.5195312500,-76.4882202148
64120.9804687500,-76.4978179932
64268.7851562500,-76.5075912476
64416.9296875000,-76.5213546753
64565.4140625000,-76.5356445313
64714.2421875000,-76.5650177002
64863.4140625000,-76.5687255859
65013.0000000000,-76.6074295044
65162.8593750000,-76.6422042847
65313.0625000000,-76.7243423462
65463.6132812500,-76.7419509888
65614.5156250000,-76.7513046265
65765.7578125000,-76.7810974121
65917.3515625000,-76.8031234741
66069.3671875000,-76.8270339966
66221.6640625000,-76.8332061768
66374.3125000000,-76.8578491211
66527.3125000000,-76.9005279541
66680.6562500000,-76.9156417847
66834.3593750000,-76.9482955933
66988.4921875000,-76.9708175659
67142.9062500000,-76.9728851318
67297.6796875000,-77.0257949829
67452.8046875000,-77.0328063965
67608.2890625000,-77.0425262451
67764.1250000000,-77.0904006958
67920.3281250000,-77.0949096680
68076.9609375000,-77.1181259155
68233.8906250000,-77.1211624146
68391.1718750000,-77.2168807983
68548.8203125000,-77.2370605469
68706.8281250000,-77.2386856079
68865.2031250000,-77.2871627808
69024.0156250000,-77.2932815552
69183.1250000000,-77.2989120483
69342.5937500000,-77.3308105469
69502.4296875000,-77.3532562256
69662.6406250000,-77.4189682007
69823.2187500000,-77.4570693970
69984.1640625000,-77.5009155273
70145.5625000000,-77.5127182007
70307.2500000000,-77.5512313843
70469.3125000000,-77.5521011353
70631.7500000000,-77.6028671265
70794.5625000000,-77.6051025391
70957.7500000000,-77.6448059082
71121.3906250000,-77.6928939819
71285.3281250000,-77.8338851929
71449.6484375000,-77.8346862793
71614.3437500000,-77.8395080566
71779.4218750000,-77.8439712524
71944.8750000000,-77.8497772217
72110.7187500000,-77.8512573242
72277.0156250000,-77.8629302979
72443.6171875000,-77.9018707275
72610.6093750000,-77.9166488647
72777.9765625000,-77.9479446411
72945.7343750000,-77.9544677734
73113.8828125000,-77.9756164551
73282.4140625000,-78.0292282104
73451.4140625000,-78.0933227539
73620.7265625000,-78.1467590332
73790.4296875000,-78.1575317383
73960.5234375000,-78.1605834961
74131.0078125000,-78.1708374023
74301.8828125000,-78.1974868774
74473.2343750000,-78.1999740601
74644.8984375000,-78.2356185913
74816.9609375000,-78.2653656006
74989.4218750000,-78.3207092285
75162.2734375000,-78.3447418213
75335.5312500000,-78.3560256958
75509.1875000000,-78.3871459961
75683.3203125000,-78.4396209717
75857.7812500000,-78.4494934082
76032.6328125000,-78.4666671753
76207.8984375000,-78.4926834106
76383.5625000000,-78.5287857056
76559.6328125000,-78.5539169312
76736.1875000000,-78.5653610229
76913.0703125000,-78.5728530884
77090.3593750000,-78.5856323242
77268.0625000000,-78.6052932739
77446.1718750000,-78.6246185303
77624.6875000000,-78.6512985229
77803.6171875000,-78.7000732422
77983.0468750000,-78.8233413696
78162.8046875000,-78.8841552734
78342.9765625000,-78.8847274780
78523.5625000000,-78.8848876953
78704.5625000000,-78.9926376343
78885.9843750000,-79.0268478394
79067.8203125000,-79.0498504639
79250.1640625000,-79.0507049561
79432.8437500000,-79.0531997681
79615.9375000000,-79.1047744751
79799.4609375000,-79.1156921387
79983.4062500000,-79.1950988770
80167.7734375000,-79.1972122192
80352.6484375000,-79.2111740112
80537.8671875000,-79.2232971191
80723.5156250000,-79.2345809937
80909.5859375000,-79.3153152466
81096.0937500000,-79.3395080566
81283.0234375000,-79.3546524048
81470.3828125000,-79.3679351807
81658.2734375000,-79.3795623779
81846.5000000000,-79.3825073242
82035.1640625000,-79.4272689819
82224.2578125000,-79.4459762573
82413.7890625000,-79.5278549194
82603.7578125000,-79.5669021606
82794.2578125000,-79.5735168457
82985.1015625000,-79.5873489380
83176.3906250000,-79.6289978027
83368.1171875000,-79.6565475464
83560.2890625000,-79.6764755249
83752.8984375000,-79.6817932129
83945.9609375000,-79.7106704712
84139.5546875000,-79.8999938965
84333.5000000000,-79.9682693481
84527.8906250000,-79.9746170044
84722.7343750000,-80.0324401855
84918.0312500000,-80.0372009277
85113.7734375000,-80.0570373535
85310.0546875000,-80.0631332397
85506.7031250000,-80.0817947388
85703.8046875000,-80.0845565796
85901.3515625000,-80.0863647461
86099.3671875000,-80.0966949463
86297.8281250000,-80.1142349243
86496.7500000000,-80.1265945435
86696.2265625000,-80.1304702759
86896.0703125000,-80.1392440796
87096.3671875000,-80.1558609009
87297.1328125000,-80.1964492798
87498.3593750000,-80.2649688721
87700.0468750000,-80.3769454956
87902.2031250000,-80.4044723511
88104.9218750000,-80.4288253784
88308.0078125000,-80.4618988037
88511.5703125000,-80.4699707031
88715.5937500000,-80.5263824463
88920.0859375000,-80.5777359009
89125.0546875000,-80.5952529907
89330.5937500000,-80.6078491211
89536.5078125000,-80.6186294556
89742.8906250000,-80.6203536987
89949.7578125000,-80.6231613159
90157.1015625000,-80.6281814575
90364.9140625000,-80.6298599243
90573.2109375000,-80.6775360107
90782.0937500000,-80.6897354126
90991.3515625000,-80.7252273560
91201.0937500000,-80.7413406372
91411.3203125000,-80.7505187988
91622.0234375000,-80.7629928589
91833.2187500000,-80.7775650024
92045.0078125000,-80.7908172607
92257.1718750000,-80.7950286865
92469.8359375000,-80.8322448730
92682.9843750000,-80.9288482666
92896.6250000000,-80.9360046387
93110.7578125000,-80.9486999512
93325.3828125000,-81.0190353394
93540.6093750000,-81.0784530640
93756.2265625000,-81.1173782349
93972.3437500000,-81.1204757690
94188.9531250000,-81.1322326660
94406.0703125000,-81.1536636353
94623.6796875000,-81.1617965698
94841.8984375000,-81.2451934814
95060.5156250000,-81.3273239136
95279.6328125000,-81.3404541016
95499.2656250000,-81.3634490967
95719.3984375000,-81.4019927979
95940.0390625000,-81.4071121216
96161.1875000000,-81.4150314331
96382.9453125000,-81.4291458130
96605.1171875000,-81.4363479614
96827.7968750000,-81.4747619629
97050.9921875000,-81.4834289551
97274.7031250000,-81.4908599854
97498.9296875000,-81.5139923096
97723.6718750000,-81.5382232666
97949.0390625000,-81.5493240356
98174.8203125000,-81.6470336914
98401.1171875000,-81.7339706421
98627.9375000000,-81.7677612305
98855.2812500000,-81.7855300903
99083.1484375000,-81.7899780273
99311.6562500000,-81.7936630249
99540.5781250000,-81.8179626465
99770.0234375000,-81.8408584595
100000.0000000000,-81.8542633057
100230.5078125000,-81.8930969238
100461.5468750000,-81.9483718872
100693.1171875000,-82.0009460449
100925.3359375000,-82.0465545654
101157.9687500000,-82.0836410522
101391.1484375000,-82.1123428345
101624.8593750000,-82.1338729858
101859.1171875000,-82.1498031616
102093.9062500000,-82.1615447998
102329.3515625000,-82.1699600220
102565.2265625000,-82.1752471924
102801.6484375000,-82.1753845215
103038.6171875000,-82.1763305664
103276.1250000000,-82.1775741577
103514.1875000000,-82.1778869629
103752.7890625000,-82.1779098511
103992.0625000000,-82.1864318848
104231.7734375000,-82.2033538818
104472.0312500000,-82.2282867432
104712.8515625000,-82.2593841553
104954.2187500000,-82.2937545776
105196.1484375000,-82.3286361694
105438.6328125000,-82.3625259399
105681.7890625000,-82.3957061768
105925.3984375000,-82.4298629761
106169.5625000000,-82.4670410156
106414.2890625000,-82.5082855225
106659.5859375000,-82.5527496338
106905.4375000000,-82.5975036621
107151.9843750000,-82.6384048462
107398.9765625000,-82.6715393066
107646.5390625000,-82.6950988770
107894.6718750000,-82.7106781006
108143.3750000000,-82.7234268188
108392.6562500000,-82.7408523560
108642.5078125000,-82.7703552246
108893.0546875000,-82.8165054321
109144.0625000000,-82.8789443970
109395.6484375000,-82.9521789551
109647.8125000000,-83.0271377563
109900.5546875000,-83.0942382813
110153.8828125000,-83.1466903687
110407.9218750000,-83.1823654175
110662.4140625000,-83.2017898560
110917.5000000000,-83.2140350342
111173.1718750000,-83.2213058472
111429.4375000000,-83.2280426025
111686.2890625000,-83.2373886108
111943.7343750000,-83.2515258789
112201.8984375000,-83.2719955444
112460.5312500000,-83.2997055054
112719.7578125000,-83.3345108032
112979.5859375000,-83.3748397827
113240.0078125000,-83.4176330566
113501.0390625000,-83.4588699341
113762.7890625000,-83.4944458008
114025.0234375000,-83.5211181641
114287.8593750000,-83.5319824219
114551.2968750000,-83.5358581543
114815.3437500000,-83.5371780396
115080.0078125000,-83.5403060913
115345.2734375000,-83.5428314209
115611.2812500000,-83.5581893921
115877.7734375000,-83.6008453369
116144.8750000000,-83.6626815796
116412.6015625000,-83.7368621826
116680.9375000000,-83.7868423462
116949.8984375000,-83.7942657471
117219.4765625000,-83.8000030518
117489.8046875000,-83.8119812012
117760.6250000000,-83.8254547119
118032.0703125000,-83.8256988525
118304.1406250000,-83.8575897217
118576.8437500000,-83.8591079712
118850.1718750000,-83.8752441406
119124.2578125000,-83.8920745850
119398.8515625000,-83.8940429688
119674.0703125000,-83.9164352417
119949.9296875000,-83.9211883545
120226.4218750000,-83.9239959717
120503.5546875000,-83.9310455322
120781.3203125000,-83.9491195679
121059.8671875000,-83.9658966064
121338.9140625000,-83.9764328003
121618.6093750000,-83.9859313965
121898.9531250000,-84.0006561279
122179.9375000000,-84.0255432129
122461.5703125000,-84.0868988037
122743.9843750000,-84.1682128906
123026.9218750000,-84.2295455933
123310.5078125000,-84.2906265259
123594.7421875000,-84.3465423584
123879.6406250000,-84.3926315308
124165.1953125000,-84.4258728027
124451.3984375000,-84.4467086792
124738.4062500000,-84.4672546387
125025.9375000000,-84.4987487793
125314.1328125000,-84.5384979248
125602.9921875000,-84.5929336548
125892.5156250000,-84.6547546387
126182.7031250000,-84.7128219604
126473.7031250000,-84.7568435669
126765.2343750000,-84.7844924927
127057.4375000000,-84.7857360840
127350.3125000000,-84.7858810425
127643.8671875000,-84.7877426147
127938.0937500000,-84.7935791016
128233.0000000000,-84.8057937622
128528.7265625000,-84.8198699951
128824.9921875000,-84.8441467285
129121.9453125000,-84.8794479370
129419.5781250000,-84.9175033569
129717.8984375000,-84.9690093994
130016.9140625000,-85.0313339233
130316.6093750000,-85.1289672852
130617.1406250000,-85.2101821899
130918.2265625000,-85.2430572510
131220.0000000000,-85.2543792725
131522.4687500000,-85.2579193115
131825.6406250000,-85.2587738037
132129.5000000000,-85.2603073120
132434.2187500000,-85.2615356445
132739.4843750000,-85.2710342407
133045.4687500000,-85.2856216431
133352.1406250000,-85.3032531738
133659.5312500000,-85.3345260620
133967.6250000000,-85.3689498901
134276.4218750000,-85.3921661377
134586.0937500000,-85.4142379761
134896.3281250000,-85.4440689087
135207.2656250000,-85.4714660645
135518.9375000000,-85.4895401001
135831.3125000000,-85.5091018677
136144.4062500000,-85.5317916870
136458.3906250000,-85.5760955811
136772.9375000000,-85.6332092285
137088.2031250000,-85.6788558960
137404.2031250000,-85.7267684937
137720.9218750000,-85.7906265259
138038.3906250000,-85.8346099854
138356.5781250000,-85.8477783203
138675.6406250000,-85.8527450562
138995.2968750000,-85.8598861694
139315.7031250000,-85.8784332275
139636.8281250000,-85.8981781006
139958.7031250000,-85.9176864624
140281.3125000000,-85.9203414917
140604.6718750000,-85.9251174927
140928.9375000000,-85.9314804077
141253.7812500000,-85.9323730469
141579.3906250000,-85.9335708618
141905.7343750000,-85.9518051147
142232.8437500000,-85.9811019897
142560.7031250000,-86.0396423340
142889.4687500000,-86.1089782715
143218.8281250000,-86.1584548950
143548.9687500000,-86.2287902832
143879.8593750000,-86.2913665771
144211.5156250000,-86.3293609619
144543.9218750000,-86.3871231079
144877.1093750000,-86.4439773560
145211.2187500000,-86.4525756836
145545.9375000000,-86.4622955322
145881.4375000000,-86.4631576538
146217.7031250000,-86.4734191895
146554.7500000000,-86.4836044312
146892.5625000000,-86.4892807007
147231.3281250000,-86.4969406128
147570.7031250000,-86.5251464844
147910.8593750000,-86.5559844971
148251.8125000000,-86.5691680908
148593.5468750000,-86.5703430176
148936.0625000000,-86.5779418945
149279.3750000000,-86.6044921875
149623.6250000000,-86.6613388062
149968.5312500000,-86.7348327637
150314.2187500000,-86.7841796875
150660.7031250000,-86.8371582031
151007.9843750000,-86.8537826538
151356.0625000000,-86.8581161499
151705.1250000000,-86.8598022461
152054.8125000000,-86.8689880371
152405.3125000000,-86.8997955322
152756.6093750000,-86.9714202881
153108.7187500000,-87.0537414551
153461.6562500000,-87.1286621094
153815.3906250000,-87.1906661987
154170.1093750000,-87.2234420776
154525.4843750000,-87.2607345581
154881.6875000000,-87.2850494385
155238.7031250000,-87.2866210938
155596.5312500000,-87.2893447876
155955.1875000000,-87.2921066284
156314.6875000000,-87.2941894531
156675.1718750000,-87.3214416504
157036.3125000000,-87.3729858398
157398.2968750000,-87.4321517944
157761.1093750000,-87.4537658691
158124.7656250000,-87.4588317871
158489.2500000000,-87.4675064087
158854.7500000000,-87.4766693115
159220.9218750000,-87.4778213501
159587.9375000000,-87.4937973022
159955.7968750000,-87.4986190796
160324.5156250000,-87.4999313354
160694.0625000000,-87.5011978149
161064.4843750000,-87.5018386841
161435.9218750000,-87.5027923584
161808.0468750000,-87.5035018921
162181.0312500000,-87.5242004395
162554.8593750000,-87.6169204712
162929.5625000000,-87.7398681641
163305.1250000000,-87.8699417114
163681.7343750000,-87.9848709106
164059.0312500000,-87.9902954102
164437.2031250000,-87.9998779297
164816.2343750000,-88.0275039673
165196.1562500000,-88.0465927124
165576.9375000000,-88.0710067749
165958.6093750000,-88.0934448242
166341.3437500000,-88.1044692993
166724.7656250000,-88.1135559082
167109.0781250000,-88.2105102539
167494.2812500000,-88.2774047852
167880.3593750000,-88.2859954834
168267.3437500000,-88.2944869995
168655.3906250000,-88.3027572632
169044.1562500000,-88.3031997681
169433.8125000000,-88.3620147705
169824.3750000000,-88.4211349487
170215.8281250000,-88.4755630493
170608.1875000000,-88.5152511597
171001.4531250000,-88.5321884155
171395.8125000000,-88.5374679565
171790.8906250000,-88.5426406860
172186.8750000000,-88.5536956787
172583.7812500000,-88.5689010620
172981.6093750000,-88.5850219727
173380.3437500000,-88.6071777344
173779.9843750000,-88.6529998779
174180.7500000000,-88.6940917969
174582.2500000000,-88.7093887329
174984.6875000000,-88.7150268555
175388.0312500000,-88.7224578857
175792.3125000000,-88.7292938232
176197.5312500000,-88.7443313599
176603.8750000000,-88.8257369995
177010.9531250000,-88.8692092896
177418.9843750000,-88.8788757324
177827.9375000000,-88.9068374634
178237.8437500000,-88.9249877930
178648.7031250000,-88.9714050293
179060.5000000000,-88.9732055664
179473.4375000000,-89.0050048828
179887.1406250000,-89.0076446533
180301.7968750000,-89.0179214478
180717.4062500000,-89.0248870850
181133.9687500000,-89.0331878662
181551.5000000000,-89.0478591919
181970.1875000000,-89.0608749390
182389.6406250000,-89.0625000000
182810.0625000000,-89.0874176025
183231.4531250000,-89.1994857788
183653.8125000000,-89.2814025879
184077.1406250000,-89.3095474243
184501.4531250000,-89.3122177124
184926.9531250000,-89.3153762817
185353.2187500000,-89.3196105957
185780.4687500000,-89.3279647827
186208.7031250000,-89.3915252686
186637.9375000000,-89.4680252075
187068.1406250000,-89.5516128540
187499.3437500000,-89.6122283936
187931.7500000000,-89.6159591675
188364.9531250000,-89.6355361938
188799.1406250000,-89.6375808716
189234.3437500000,-89.6561279297
189670.5312500000,-89.6692123413
190107.7500000000,-89.6876220703
190546.1562500000,-89.6929626465
190985.3906250000,-89.7145004272
191425.6250000000,-89.7262649536
191866.8750000000,-89.7324295044
192309.1406250000,-89.7336425781
192752.4218750000,-89.7894592285
193196.7343750000,-89.8534240723
193642.2812500000,-89.9298019409
194088.6406250000,-89.9928970337
194536.0312500000,-90.0321350098
194984.4375000000,-90.0616455078
195433.8906250000,-90.0877838135
195884.3906250000,-90.1007690430
196336.1250000000,-90.1046066284
196788.7031250000,-90.1115264893
197242.3125000000,-90.1455535889
197696.9687500000,-90.2134552002
198152.6718750000,-90.2380599976
198609.4218750000,-90.2567825317
199067.2343750000,-90.2585678101
199526.3125000000,-90.2609176636
199986.2343750000,-90.2636566162
200447.2187500000,-90.2771530151
200909.2656250000,-90.2824096680
201372.3750000000,-90.2844467163
201836.5625000000,-90.2962112427
202302.0312500000,-90.2962341309
202768.3437500000,-90.3001861572
203235.7343750000,-90.3247299194
203704.2187500000,-90.3780441284
204173.7656250000,-90.4313278198
204644.4062500000,-90.5287094116
205116.1250000000,-90.6812438965
205589.1562500000,-90.7525253296
206063.0468750000,-90.7782669067
206538.0468750000,-90.7823333740
207014.1250000000,-90.8153991699
207491.3125000000,-90.8354263306
207969.5937500000,-90.8430099487
208448.9843750000,-90.8484039307
208929.7031250000,-90.8510589600
209411.2968750000,-90.8798675537
209894.0000000000,-90.9009094238
210377.8281250000,-90.9026489258
210862.7500000000,-90.9071502686
211348.8125000000,-90.9095306396
211836.2187500000,-90.9096298218
212324.5156250000,-90.9348144531
212813.9375000000,-90.9380950928
213304.4843750000,-90.9826583862
213796.1718750000,-90.9855728149
214288.9843750000,-90.9994125366
214782.9375000000,-91.0013656616
215278.2656250000,-91.0123138428
215774.5000000000,-91.0581741333
216271.8750000000,-91.1368255615
216770.3906250000,-91.2229232788
217270.0625000000,-91.3045730591
217770.8906250000,-91.3758544922
218273.1093750000,-91.4410018921
218776.2343750000,-91.5116119385
219280.5312500000,-91.5710144043
219785.9843750000,-91.5780944824
220292.6093750000,-91.5919342041
220800.4062500000,-91.6189041138
221309.3593750000,-91.6346435547
221819.7343750000,-91.6436996460
222331.0468750000,-91.6574020386
222843.5468750000,-91.6613311768
223357.2031250000,-91.6617431641
223872.0625000000,-91.6668624878
224388.1093750000,-91.6868896484
224905.5781250000,-91.6919403076
225424.0000000000,-91.6934127808
225943.6250000000,-91.7177429199
226464.4375000000,-91.7444381714
226986.4531250000,-91.7835083008
227509.6718750000,-91.8164978027
228034.1093750000,-91.8300247192
228559.9843750000,-91.8457489014
229086.8281250000,-91.8863601685
229614.8906250000,-91.9347763062
230144.1718750000,-91.9511108398
230674.6718750000,-91.9541625977
231206.3906250000,-91.9900436401
231739.3437500000,-92.0548858643
232273.7812500000,-92.0730361938
232809.1875000000,-92.0771484375
233345.8281250000,-92.1054000854
233883.7031250000,-92.1308288574
234422.8125000000,-92.1385498047
234963.1875000000,-92.2135086060
235505.0468750000,-92.2434539795
236047.9062500000,-92.2517471313
236592.0156250000,-92.2984237671
237137.3750000000,-92.3119506836
237683.9843750000,-92.3584136963
238231.8750000000,-92.3682098389
238781.0156250000,-92.3892974854
239331.6718750000,-92.3904876709
239883.3593750000,-92.3934097290
240436.2968750000,-92.3946456909
240990.5312500000,-92.4277420044
241546.0312500000,-92.4547348022
242102.8125000000,-92.6281051636
242661.1406250000,-92.7049255371
243220.4843750000,-92.7178344727
243781.1250000000,-92.7241973877
244343.0625000000,-92.7270584106
244906.2968750000,-92.7293395996
245470.8125000000,-92.7315216064
246036.6406250000,-92.7344741821
246604.0468750000,-92.7470016479
247172.4843750000,-92.7650222778
247742.2343750000,-92.8132095337
248313.2968750000,-92.8211364746
248885.6718750000,-92.8420639038
249459.3750000000,-92.9029922485
250034.4062500000,-92.9551162720
250611.0156250000,-92.9578704834
251188.7031250000,-92.9667434692
251767.7031250000,-93.0852813721
252348.0468750000,-93.1117401123
252929.7343750000,-93.1195678711
253512.7500000000,-93.1257934570
254097.3906250000,-93.2045364380
254683.1093750000,-93.2071609497
255270.1718750000,-93.2157287598
255858.5781250000,-93.2386016846
256448.3593750000,-93.2829055786
257039.4843750000,-93.3153228760
257631.9843750000,-93.3476104736
258226.1250000000,-93.3571548462
258821.3593750000,-93.3614501953
259417.9531250000,-93.3868789673
260015.9375000000,-93.3913269043
260615.2812500000,-93.3975372314
261216.0312500000,-93.4048004150
261818.4375000000,-93.5320510864
262421.9375000000,-93.6223220825
263026.8437500000,-93.6545715332
263633.1562500000,-93.6806488037
264240.8437500000,-93.6927185059
264849.9375000000,-93.7051086426
265460.4375000000,-93.7104949951
266072.6250000000,-93.7107315063
266685.9375000000,-93.7261810303
267300.6562500000,-93.7304229736
267916.8125000000,-93.7322006226
268534.3750000000,-93.7434844971
269153.3750000000,-93.7473907471
269774.0937500000,-93.7612686157
270395.9375000000,-93.7730865479
271019.2187500000,-93.7846374512
271643.9375000000,-93.8278503418
272270.0937500000,-93.9794692993
272897.6875000000,-94.0604782104
273526.7500000000,-94.0877227783
274157.5312500000,-94.1063461304
274789.5000000000,-94.1248931885
275422.9062500000,-94.1271209717
276057.7812500000,-94.1647491455
276694.0937500000,-94.1843795776
277331.9062500000,-94.1900405884
277971.1875000000,-94.2056961060
278612.2187500000,-94.2507095337
279254.4375000000,-94.2577514648
279898.1562500000,-94.2678680420
280543.3437500000,-94.2813644409
281190.0000000000,-94.3298034668
281838.1562500000,-94.3774185181
282488.1250000000,-94.3804626465
283139.2812500000,-94.4465408325
283791.9375000000,-94.5882415771
284446.0937500000,-94.6794662476
285101.7812500000,-94.6842117310
285758.9687500000,-94.6855163574
286417.6562500000,-94.7196197510
287078.1875000000,-94.7340316772
287739.9062500000,-94.7404785156
288403.1875000000,-94.7556610107
289067.9687500000,-94.7588500977
289734.2812500000,-94.7623062134
290402.1562500000,-94.7730941772
291071.8750000000,-94.7765731812
291742.8125000000,-94.7777709961
292415.2812500000,-94.7896423340
293089.3437500000,-94.8027801514
293764.9062500000,-94.8113708496
294442.0625000000,-94.8384857178
295120.7812500000,-94.8449401855
295801.3750000000,-94.8598098755
296483.2187500000,-95.0417404175
297166.6250000000,-95.1310958862
297851.6250000000,-95.1459350586
298538.1875000000,-95.1537475586
299226.3437500000,-95.1691665649
299916.4062500000,-95.2094879150
300607.7500000000,-95.2340621948
301300.6562500000,-95.2554397583
301995.1875000000,-95.2702407837
302691.3125000000,-95.2744903564
303389.0312500000,-95.2914199829
304088.3750000000,-95.3060760498
304789.6562500000,-95.3186416626
305492.2187500000,-95.3301162720
306196.3750000000,-95.3425445557
306902.1875000000,-95.3584976196
307609.6250000000,-95.3801956177
308318.6875000000,-95.4085769653
309029.3750000000,-95.4428024292
309742.0625000000,-95.4806137085
310456.0312500000,-95.5188827515
311171.6562500000,-95.5554199219
311888.9375000000,-95.5895996094
312607.8437500000,-95.6222915649
313328.4375000000,-95.6555328369
314051.0312500000,-95.6919326782
314774.9375000000,-95.7338409424
315500.5000000000,-95.7823791504
316227.7812500000,-95.8363647461
316956.6875000000,-95.8917465210
317687.3125000000,-95.9419860840
318419.5937500000,-95.9625701904
319153.9375000000,-95.9632568359
319889.5937500000,-95.9748687744
320626.9687500000,-95.9752349854
321366.0312500000,-95.9798278809
322106.8125000000,-95.9908905029
322849.2812500000,-96.0000991821
323593.8125000000,-96.0002746582
324339.7187500000,-96.0021743774
325087.3750000000,-96.0355072021
325836.7187500000,-96.0794906616
326587.7812500000,-96.1320343018
327340.5937500000,-96.1929779053
328095.1250000000,-96.2602233887
328851.7812500000,-96.3091125488
329609.8125000000,-96.3128585815
330369.5937500000,-96.3179168701
331131.0937500000,-96.3285751343
331894.3750000000,-96.3296966553
332659.4375000000,-96.3370971680
333426.2187500000,-96.3576965332
334195.1562500000,-96.3641128540
334965.5000000000,-96.3902511597
335737.6250000000,-96.3923721313
336511.5312500000,-96.3969802856
337287.2187500000,-96.4273223877
338064.6875000000,-96.4345550537
338844.3125000000,-96.4372863770
339625.3750000000,-96.4553070068
340408.2500000000,-96.4640808105
341192.9062500000,-96.4693374634
341979.3750000000,-96.4762268066
342767.6562500000,-96.5214920044
343557.7812500000,-96.5697860718
344350.0625000000,-96.6204147339
345143.8125000000,-96.6725540161
345939.4062500000,-96.7251205444
346736.8125000000,-96.7766723633
347536.0625000000,-96.8476104736
348337.1562500000,-96.9084472656
349140.5000000000,-96.9408874512
349945.2812500000,-96.9681854248
350751.9375000000,-96.9930572510
351560.4375000000,-97.0198287964
352370.8125000000,-97.0535659790
353183.0625000000,-97.0985260010
353997.1562500000,-97.1563339233
354813.5312500000,-97.2245254517
355631.4062500000,-97.2323913574
356451.1562500000,-97.2403793335
357272.8125000000,-97.2455596924
358096.3437500000,-97.2678222656
358921.7812500000,-97.2785491943
359749.5312500000,-97.2962799072
360578.7812500000,-97.3096389771
361409.9375000000,-97.3275451660
362243.0000000000,-97.3615722656
363078.0000000000,-97.3792037964
363914.9375000000,-97.3868408203
364753.7812500000,-97.4098358154
365594.9687500000,-97.4290237427
366437.6875000000,-97.4331741333
367282.3437500000,-97.4497146606
368128.9687500000,-97.5351715088
368977.5312500000,-97.6012039185
369828.0312500000,-97.6301879883
370680.5312500000,-97.6500701904
371535.3750000000,-97.6637878418
372391.7812500000,-97.6738052368
373250.1875000000,-97.6815490723
374110.5625000000,-97.6880722046
374972.9062500000,-97.7004318237
375837.2500000000,-97.7237243652
376703.9687500000,-97.7520217896
377572.3125000000,-97.7912521362
378442.6562500000,-97.8391723633
379314.9687500000,-97.8915634155
380189.3437500000,-97.9439544678
381065.6875000000,-98.0151824951
381944.0625000000,-98.0764846802
382824.9062500000,-98.0931777954
383707.3437500000,-98.1046142578
384591.8125000000,-98.1102523804
385478.3125000000,-98.1115188599
386366.8750000000,-98.1382904053
387257.5000000000,-98.1385345459
388150.5625000000,-98.1455993652
389045.2812500000,-98.1600418091
389942.0625000000,-98.1660842896
390840.9062500000,-98.1753005981
391741.8125000000,-98.1799850464
392644.8125000000,-98.1868972778
393549.8750000000,-98.1874389648
394457.4687500000,-98.1900939941
395366.7187500000,-98.1920776367
396278.0937500000,-98.2916793823
397191.5312500000,-98.3894729614
398107.0937500000,-98.4442596436
399024.7500000000,-98.4897918701
399944.9687500000,-98.5031280518
400866.8750000000,-98.5075073242
401790.9062500000,-98.5198211670
402717.0625000000,-98.5267181396
403645.3437500000,-98.5325927734
404575.7812500000,-98.5519104004
405508.3437500000,-98.5538787842
406443.5312500000,-98.5636062622
407380.4062500000,-98.5706634521
408319.4375000000,-98.5777511597
409260.6562500000,-98.6220016479
410204.0312500000,-98.6987838745
411149.5625000000,-98.7436294556
412097.3125000000,-98.7796020508
413047.6562500000,-98.8213653564
413999.7812500000,-98.8631362915
414954.0625000000,-98.8972854614
415910.5625000000,-98.9367446899
416869.2812500000,-99.0012283325
417830.1875000000,-99.0676498413
418793.7812500000,-99.1135787964
419759.1250000000,-99.1239929199
420726.6875000000,-99.1241302490
421696.5000000000,-99.1377563477
422668.5312500000,-99.1475753784
423642.8125000000,-99.1591491699
424619.3437500000,-99.1611328125
425598.5937500000,-99.1780319214
426579.6250000000,-99.2025070190
427562.9375000000,-99.2283477783
428548.5000000000,-99.2324447632
429536.3125000000,-99.2532348633
430526.4375000000,-99.2766265869
431519.3125000000,-99.2768173218
432514.0000000000,-99.2865829468
433510.9687500000,-99.2892150879
434510.2500000000,-99.3435058594
435511.8125000000,-99.3984985352
436515.6875000000,-99.4357910156
437521.9062500000,-99.4875640869
438530.9062500000,-99.5266494751
439541.7500000000,-99.5407638550
440554.9062500000,-99.5531082153
441570.4375000000,-99.5740127563
442588.2812500000,-99.6027450562
443608.4687500000,-99.6650848389
444631.0312500000,-99.7307815552
445656.4062500000,-99.7660827637
446683.6875000000,-99.8006744385
447713.3125000000,-99.8223648071
448745.3437500000,-99.8325958252
449779.7187500000,-99.8449630737
450816.5000000000,-99.8548355103
451856.1562500000,-99.8608474731
452897.7187500000,-99.8736114502
453941.6875000000,-99.8946838379
454988.0625000000,-99.9315261841
456036.8437500000,-99.9836120605
457088.0312500000,-100.0282821655
458141.6562500000,-100.1048278809
459198.1875000000,-100.1816558838
460256.6875000000,-100.1988754272
461317.6250000000,-100.2080001831
462380.9687500000,-100.2180709839
463446.8125000000,-100.2249298096
464515.0937500000,-100.2279739380
465586.3437500000,-100.2599411011
466659.5312500000,-100.2628097534
467735.2187500000,-100.2658843994
468813.3750000000,-100.2785491943
469894.0312500000,-100.3088455200
470977.1875000000,-100.3384399414
472062.8125000000,-100.3547439575
473151.4687500000,-100.3615570068
474242.1250000000,-100.3708877563
475335.2812500000,-100.3788070679
476430.9687500000,-100.3881301880
477529.1562500000,-100.4100875854
478629.9062500000,-100.4661026001
479733.7187500000,-100.5545196533
480839.5312500000,-100.6288604736
481947.9062500000,-100.7393569946
483058.8125000000,-100.7676391602
484172.3125000000,-100.7763595581
485288.3437500000,-100.7968215942
486406.9687500000,-100.8126068115
487528.7187500000,-100.8252182007
488652.5000000000,-100.8286209106
489778.8750000000,-100.8382797241
490907.8437500000,-100.8421783447
492039.4375000000,-100.8527526855
493173.6250000000,-100.8544158936
494310.4375000000,-100.8608245850
495450.3750000000,-100.8720703125
496592.4375000000,-100.9009170532
497737.1250000000,-100.9018402100
498884.4375000000,-100.9097747803
500034.4062500000,-100.9198608398
501187.0000000000,-100.9206695557
502342.8437500000,-100.9943695068
503500.7812500000,-101.0863418579
504661.3750000000,-101.1719360352
505824.6562500000,-101.2442703247
506990.6250000000,-101.2673263550
508159.2812500000,-101.2699279785
509330.6250000000,-101.2935867310
510505.2187500000,-101.2937698364
511681.9687500000,-101.3226318359
512861.4375000000,-101.3231735229
514043.6250000000,-101.3241958618
515228.5312500000,-101.3248748779
516416.1562500000,-101.3254394531
517607.0937500000,-101.3335418701
518800.2187500000,-101.3339691162
519996.0937500000,-101.3368682861
521194.7187500000,-101.3396072388
522396.1250000000,-101.3398056030
523600.2812500000,-101.4361801147
524807.1875000000,-101.5212097168
526017.5000000000,-101.5781555176
527230.0000000000,-101.6139144897
528445.3125000000,-101.6429290771
529663.4375000000,-101.6983718872
530884.3125000000,-101.7540054321
532108.0625000000,-101.8104629517
533335.1875000000,-101.8402481079
534564.5625000000,-101.8451461792
535796.7500000000,-101.8545303345
537031.8125000000,-101.8558120728
538269.6875000000,-101.8593063354
539510.4375000000,-101.8748397827
540754.0625000000,-101.8773727417
542001.1250000000,-101.9077606201
543250.5000000000,-101.9710159302
544502.7500000000,-102.0381698608
545757.8750000000,-102.0800476074
547015.8750000000,-102.0887756348
548276.7500000000,-102.0961685181
549540.5625000000,-102.1031799316
550807.9375000000,-102.1039276123
552077.5625000000,-102.1555862427
553350.1250000000,-102.2316818237
554625.6875000000,-102.2720031738
555904.1250000000,-102.2752838135
557185.5000000000,-102.2904205322
558470.5000000000,-102.2905807495
559757.8125000000,-102.3061676025
561048.0625000000,-102.3132324219
562341.3125000000,-102.3231811523
563637.5625000000,-102.3380050659
564936.8125000000,-102.3451309204
566239.0000000000,-102.3476181030
567544.8750000000,-102.3603210449
568853.0625000000,-102.3977737427
570164.3125000000,-102.4586410522
571478.6250000000,-102.4797897339
572795.8750000000,-102.4817352295
574116.2500000000,-102.4840316772
575440.2500000000,-102.5182342529
576766.6875000000,-102.5737457275
578096.1875000000,-102.6496658325
579428.6875000000,-102.6502151489
580764.3125000000,-102.6534271240
582103.0625000000,-102.6715469360
583444.8125000000,-102.6849288940
584790.3750000000,-102.7399215698
586138.3125000000,-102.7452392578
587489.4375000000,-102.7464904785
588843.6250000000,-102.7798156738
590200.9375000000,-102.7909545898
591561.4375000000,-102.8249588013
592925.0000000000,-102.8431930542
594292.3750000000,-102.8593826294
595662.2500000000,-102.8618927002
597035.3125000000,-102.9192733765
598411.5000000000,-102.9491577148
599790.9375000000,-102.9742126465
601173.4375000000,-103.0015182495
602559.8750000000,-103.0277175903
603948.8125000000,-103.0391845703
605340.9375000000,-103.0422439575
606736.3125000000,-103.1117782593
608134.8750000000,-103.1619033813
609536.6875000000,-103.1890258789
610941.6875000000,-103.2049331665
612350.6250000000,-103.2210998535
613762.1250000000,-103.2515335083
615176.9375000000,-103.3023529053
616594.9375000000,-103.3567733765
618016.2500000000,-103.3888320923
619440.8125000000,-103.3908462524
620869.3750000000,-103.4041976929
622300.5000000000,-103.4139099121
623734.9375000000,-103.4227752686
625172.6875000000,-103.4227981567
626613.7500000000,-103.5148391724
628058.1250000000,-103.6242218018
629505.8750000000,-103.6833267212
630957.6250000000,-103.6917419434
632412.0000000000,-103.6968612671
633869.7500000000,-103.7006683350
635330.8750000000,-103.7127456665
636795.3750000000,-103.7210540771
638263.2500000000,-103.7571258545
639735.1875000000,-103.7998962402
641209.8125000000,-103.8509750366
642687.8750000000,-103.9093399048
644169.3125000000,-103.9608612061
645654.1250000000,-103.9652862549
647142.4375000000,-103.9722671509
648634.1250000000,-104.0033264160
650130.0000000000,-104.0149841309
651628.5625000000,-104.0446929932
653130.6250000000,-104.1401062012
654636.1250000000,-104.1853332520
656145.1250000000,-104.1942214966
657657.6250000000,-104.1964340210
659173.5625000000,-104.2174301147
660693.6875000000,-104.2239379883
662216.6250000000,-104.2325057983
663743.1250000000,-104.2447967529
665273.0625000000,-104.2448730469
666806.5625000000,-104.2534408569
668343.6250000000,-104.2942047119
669884.9375000000,-104.3028030396
671429.0625000000,-104.3312606812
672976.7500000000,-104.3510360718
674528.0000000000,-104.3853759766
676082.8750000000,-104.4071731567
677641.2500000000,-104.4176254272
679203.3125000000,-104.4205322266
680769.6250000000,-104.4298095703
682338.8750000000,-104.4372863770
683911.6875000000,-104.4509811401
685488.1875000000,-104.4591369629
687068.2500000000,-104.4876327515
688652.0000000000,-104.4926605225
690240.1875000000,-104.5248413086
691831.1875000000,-104.5460052490
693425.9375000000,-104.5517425537
695024.3125000000,-104.5986251831
696626.4375000000,-104.6106262207
698232.1875000000,-104.6133346558
699841.6875000000,-104.7405090332
701455.6250000000,-104.7460861206
703072.5000000000,-104.7675399780
704693.1250000000,-104.7864913940
706317.5000000000,-104.8247604370
707945.6250000000,-104.8315658569
709577.5000000000,-104.8771896362
711213.8750000000,-104.9698715210
712853.3125000000,-105.0425643921
714496.5000000000,-105.0964584351
716143.4375000000,-105.1132202148
717794.1875000000,-105.1189727783
719448.7500000000,-105.1434478760
721107.1250000000,-105.1771697998
722770.1250000000,-105.1911087036
724436.1875000000,-105.2184448242
726106.0625000000,-105.2239074707
727779.8125000000,-105.2777175903
729457.3750000000,-105.2789382935
731138.8125000000,-105.2933654785
732824.1250000000,-105.2979736328
734514.1875000000,-105.3231353760
736207.2500000000,-105.3507156372
737904.3125000000,-105.3872222900
739605.1875000000,-105.3996505737
741310.0625000000,-105.4014205933
743018.8125000000,-105.4277801514
744732.3750000000,-105.4291915894
746449.0000000000,-105.4320907593
748169.6250000000,-105.4713058472
749894.1875000000,-105.4748611450
751622.7500000000,-105.4996109009
753355.3125000000,-105.5195465088
755091.8750000000,-105.5498046875
756833.2500000000,-105.5604400635
758577.7500000000,-105.5732116699
760326.3750000000,-105.6020355225
762078.9375000000,-105.6039123535
763835.6250000000,-105.6061019897
765596.3125000000,-105.6183395386
767361.8750000000,-105.6438446045
769130.6875000000,-105.6676406860
770903.6250000000,-105.6759185791
772680.6250000000,-105.7009201050
774461.6875000000,-105.7247924805
776246.8750000000,-105.7284927368
778036.1875000000,-105.7342147827
779830.4375000000,-105.7451248169
781628.0000000000,-105.7688064575
783429.7500000000,-105.7701568604
785235.6250000000,-105.7932205200
787045.6250000000,-105.8793945313
788859.8125000000,-105.8815536499
790678.1875000000,-105.9326324463
792501.6250000000,-106.0076293945
794328.4375000000,-106.0126647949
796159.3750000000,-106.0788726807
797994.6250000000,-106.1096496582
799834.0000000000,-106.1777725220
801677.6875000000,-106.2597579956
803526.5000000000,-106.2882537842
805378.6875000000,-106.3017425537
807235.1250000000,-106.3057937622
809095.8750000000,-106.3387985229
810960.9375000000,-106.3980178833
812830.2500000000,-106.4131622314
814703.8750000000,-106.4141693115
816582.6875000000,-106.4647903442
818465.0000000000,-106.4660873413
820351.6250000000,-106.5111007690
822242.5625000000,-106.5269317627
824137.8750000000,-106.5568008423
826037.6250000000,-106.5892639160
827942.5625000000,-106.6195983887
829851.0625000000,-106.6210250854
831763.9375000000,-106.6414108276
833681.1875000000,-106.6586761475
835602.8750000000,-106.6903991699
837529.0000000000,-106.6910781860
839459.5625000000,-106.7433471680
841395.5000000000,-106.8398513794
843335.0000000000,-106.8774871826
845278.9375000000,-106.8841094971
847227.3750000000,-106.8873062134
849180.2500000000,-106.9350128174
851137.6875000000,-106.9719314575
853100.5625000000,-106.9856872559
855067.0000000000,-106.9887542725
857038.0000000000,-107.0018463135
859013.5625000000,-107.0131835938
860993.6250000000,-107.0190353394
862978.3125000000,-107.0432586670
864967.5000000000,-107.0733413696
866962.2500000000,-107.0808563232
868960.6875000000,-107.0876388550
870963.6875000000,-107.0912094116
872971.3125000000,-107.1037063599
874983.6250000000,-107.1277465820
877000.5000000000,-107.1296157837
879022.0625000000,-107.1816711426
881049.2500000000,-107.2191314697
883080.1250000000,-107.2757263184
885115.6875000000,-107.3697891235
887155.9375000000,-107.3739929199
889200.8750000000,-107.4030380249
891250.5625000000,-107.4177322388
893305.9375000000,-107.4202194214
895365.0625000000,-107.4220886230
897428.9375000000,-107.4250793457
899497.5625000000,-107.4370193481
901571.0000000000,-107.4375991821
903649.1875000000,-107.4429168701
905732.1250000000,-107.4447326660
907820.9375000000,-107.4633483887
909913.5000000000,-107.4699020386
912010.9375000000,-107.5281143188
914113.1875000000,-107.6201171875
916220.2500000000,-107.6701812744
918332.1875000000,-107.6976394653
920450.0625000000,-107.7385635376
922571.7500000000,-107.7434234619
924698.3750000000,-107.7579116821
926829.8125000000,-107.7745208740
928966.2500000000,-107.7770614624
931107.5625000000,-107.7790908813
933253.8750000000,-107.7962036133
935406.0625000000,-107.8032531738
937562.2500000000,-107.8094406128
939723.4375000000,-107.8115539551
941889.5625000000,-107.8166275024
944060.6875000000,-107.8358764648
946236.8125000000,-107.8666305542
948419.0000000000,-107.8673019409
950605.1250000000,-107.9022521973
952796.3750000000,-107.9311523438
954992.6250000000,-107.9382247925
957193.9375000000,-107.9603424072
959400.3750000000,-107.9664611816
961611.8125000000,-107.9719924927
963829.5000000000,-108.0544738770
966051.1875000000,-108.0691909790
968278.0000000000,-108.1067886353
970509.9375000000,-108.1176681519
972747.0625000000,-108.1643371582
974989.3125000000,-108.2031021118
977236.6875000000,-108.2964172363
979490.3750000000,-108.3033218384
981748.1875000000,-108.3699645996
984011.1875000000,-108.3959197998
986279.3750000000,-108.3981170654
988552.8125000000,-108.4085769653
990831.5000000000,-108.4394912720
993116.5625000000,-108.4748840332
995405.7500000000,-108.5540542603
997700.2500000000,-108.5849151611
1000000.0000000000,-108.5912628174
1002305.0625000000,-108.6132583618
1004615.4375000000,-108.6381225586
1006931.1875000000,-108.6601257324
1009253.3125000000,-108.6806106567
1011579.7500000000,-108.6993637085
1013911.5000000000,-108.7023925781
1016248.6250000000,-108.7160186768
1018591.1250000000,-108.7282409668
1020939.0625000000,-108.7376174927
1023293.5625000000,-108.7455368042
1025652.3125000000,-108.7535400391
1028016.5000000000,-108.7653732300
1030386.1250000000,-108.7836074829
1032761.2500000000,-108.8073272705
1035141.8750000000,-108.8356323242
1037527.9375000000,-108.8669891357
1039920.6250000000,-108.8978500366
1042317.7500000000,-108.9261779785
1044720.3750000000,-108.9516906738
1047128.5000000000,-108.9744415283
1049542.2500000000,-108.9950103760
1051961.5000000000,-109.0150756836
1054386.3750000000,-109.0356750488
1056817.8750000000,-109.0572967529
1059254.0000000000,-109.0803070068
1061695.6250000000,-109.1055297852
1064142.8750000000,-109.1340942383
1066595.8750000000,-109.1664657593
1069054.3750000000,-109.2028656006
1071519.8750000000,-109.2430038452
1073989.7500000000,-109.2855072021
1076465.3750000000,-109.3264770508
1078946.7500000000,-109.3636169434
1081433.7500000000,-109.3963012695
1083926.5000000000,-109.4249496460
1086425.0000000000,-109.4511032104
1088930.5000000000,-109.4779968262
1091440.6250000000,-109.5072631836
1093956.5000000000,-109.5383987427
1096478.1250000000,-109.5674743652
1099005.5000000000,-109.5697708130
1101538.8750000000,-109.5713348389
1104079.1250000000,-109.5808105469
1106624.1250000000,-109.5950698853
1109175.0000000000,-109.5987701416
1111731.7500000000,-109.6002578735
1114294.3750000000,-109.6184768677
1116862.8750000000,-109.6212081909
1119437.3750000000,-109.6300964355
1122019.0000000000,-109.6315155029
1124605.2500000000,-109.6394042969
1127197.6250000000,-109.7016906738
1129795.8750000000,-109.7760162354
1132400.1250000000,-109.8536529541
1135010.3750000000,-109.9223327637
1137627.8750000000,-109.9725189209
1140250.2500000000,-110.0040893555
1142878.6250000000,-110.0202865601
1145513.0000000000,-110.0265655518
1148153.5000000000,-110.0290222168
1150800.0000000000,-110.0329360962
1153452.7500000000,-110.0421829224
1156112.7500000000,-110.0594635010
1158777.7500000000,-110.0850982666
1161448.7500000000,-110.1197814941
1164126.0000000000,-110.1632080078
1166809.3750000000,-110.2133331299
1169499.0000000000,-110.2660293579
1172194.7500000000,-110.3153228760
1174898.0000000000,-110.3342514038
1177606.2500000000,-110.3379821777
1180320.7500000000,-110.3411407471
1183041.3750000000,-110.3518142700
1185768.3750000000,-110.3542861938
1188501.7500000000,-110.3553314209
1191242.6250000000,-110.3705444336
1193988.5000000000,-110.3717269897
1196740.7500000000,-110.3751907349
1199499.2500000000,-110.3793411255
1202264.2500000000,-110.3917846680
1205035.5000000000,-110.4068679810
1207813.2500000000,-110.4162063599
1210598.6250000000,-110.4217987061
1213389.1250000000,-110.4273376465
1216186.1250000000,-110.4368743896
1218989.5000000000,-110.4536361694
1221799.3750000000,-110.4789810181
1224615.7500000000,-110.5118103027
1227439.8750000000,-110.5486297607
1230269.2500000000,-110.5843811035
1233105.0000000000,-110.6143798828
1235947.5000000000,-110.6364593506
1238796.3750000000,-110.6528015137
1241651.8750000000,-110.6702423096
1244514.0000000000,-110.6952667236
1247384.1250000000,-110.7312316895
1250259.3750000000,-110.7761077881
1253141.3750000000,-110.8227615356
1256029.8750000000,-110.8616943359
1258925.1250000000,-110.8789749146
1261827.0000000000,-110.8797454834
1264737.0000000000,-110.8854598999
1267652.3750000000,-110.8873596191
1270574.3750000000,-110.8911209106
1273503.1250000000,-110.8923645020
1276438.6250000000,-110.9174499512
1279380.8750000000,-110.9552612305
1282330.0000000000,-110.9998550415
1285287.2500000000,-111.0465393066
1288250.0000000000,-111.0918960571
1291219.5000000000,-111.1345748901
1294195.7500000000,-111.1752319336
1297179.0000000000,-111.2158889771
1300169.1250000000,-111.2583770752
1303166.1250000000,-111.3023757935
1306171.3750000000,-111.3442077637
1309182.2500000000,-111.3775329590
1312200.0000000000,-111.3970870972
1315224.7500000000,-111.3998947144
1318256.3750000000,-111.4002304077
1321295.1250000000,-111.4026336670
1324342.2500000000,-111.4109878540
1327394.8750000000,-111.4393310547
1330454.6250000000,-111.4817962646
1333521.3750000000,-111.5322418213
1336595.2500000000,-111.5823211670
1339676.2500000000,-111.6255416870
1342764.2500000000,-111.6596984863
1345860.8750000000,-111.6868591309
1348963.2500000000,-111.7109451294
1352072.7500000000,-111.7350234985
1355189.3750000000,-111.7603073120
1358313.1250000000,-111.7871475220
1361444.1250000000,-111.8161544800
1364583.8750000000,-111.8477630615
1367729.3750000000,-111.8805465698
1370882.0000000000,-111.9106674194
1374042.0000000000,-111.9338912964
1377209.2500000000,-111.9490814209
1380383.8750000000,-111.9599456787
1383565.7500000000,-111.9730072021
1386756.5000000000,-111.9934310913
1389953.0000000000,-112.0222320557
1393157.0000000000,-112.0600128174
1396368.2500000000,-112.0643768311
1399587.0000000000,-112.0747375488
1402813.1250000000,-112.0828933716
1406046.7500000000,-112.0900115967
1409289.3750000000,-112.1238174438
1412537.8750000000,-112.1258850098
1415793.8750000000,-112.1309127808
1419057.3750000000,-112.1505203247
1422328.3750000000,-112.1506958008
1425607.0000000000,-112.1602783203
1428894.6250000000,-112.1962738037
1432188.3750000000,-112.2685012817
1435489.6250000000,-112.3365097046
1438798.5000000000,-112.3865814209
1442115.1250000000,-112.3898925781
1445439.2500000000,-112.3905334473
1448771.1250000000,-112.3926010132
1452112.2500000000,-112.3964691162
1455459.5000000000,-112.3984298706
1458814.3750000000,-112.3986587524
1462177.0000000000,-112.4059524536
1465547.5000000000,-112.4063339233
1468925.6250000000,-112.4071197510
1472313.2500000000,-112.4076156616
1475707.0000000000,-112.4159393311
1479108.6250000000,-112.4236373901
1482518.1250000000,-112.4319992065
1485935.3750000000,-112.4479598999
1489360.6250000000,-112.4873199463
1492793.6250000000,-112.5265655518
1496236.3750000000,-112.5594253540
1499685.2500000000,-112.5839614868
1503142.1250000000,-112.6130752563
1506607.0000000000,-112.6470565796
1510079.7500000000,-112.6768646240
1513560.6250000000,-112.7116317749
1517051.1250000000,-112.7509231567
1520548.1250000000,-112.7947998047
1524053.0000000000,-112.8422393799
1527566.1250000000,-112.9114837646
1531087.2500000000,-112.9411010742
1534616.5000000000,-112.9440917969
1538153.8750000000,-112.9441909790
1541701.1250000000,-112.9496459961
1545254.8750000000,-112.9579467773
1548816.8750000000,-112.9675521851
1552387.0000000000,-112.9768142700
1555965.3750000000,-112.9793930054
1559551.8750000000,-112.9909362793
1563146.7500000000,-112.9967041016
1566751.7500000000,-113.0028457642
1570363.1250000000,-113.0041198730
1573983.0000000000,-113.0562210083
1577611.1250000000,-113.1254730225
1581247.6250000000,-113.1892318726
1584892.5000000000,-113.2332305908
1588547.5000000000,-113.2564315796
1592209.2500000000,-113.2611923218
1595879.3750000000,-113.2681198120
1599558.0000000000,-113.2790069580
1603245.1250000000,-113.2795333862
1606940.7500000000,-113.2828674316
1610644.8750000000,-113.2862930298
1614359.2500000000,-113.2875213623
1618080.5000000000,-113.2973175049
1621810.2500000000,-113.3373947144
1625548.6250000000,-113.3862304688
1629295.6250000000,-113.4180145264
1633051.2500000000,-113.4466018677
1636817.3750000000,-113.4739685059
1640590.3750000000,-113.5279464722
1644372.0000000000,-113.6071929932
1648162.3750000000,-113.6708221436
1651961.5000000000,-113.6911010742
1655769.5000000000,-113.6991119385
1659586.1250000000,-113.7039489746
1663413.3750000000,-113.7194366455
1667247.6250000000,-113.7260589600
1671090.7500000000,-113.7262649536
1674942.7500000000,-113.7447891235
1678803.6250000000,-113.7604141235
1682673.3750000000,-113.7923431396
1686554.0000000000,-113.9000854492
1690441.6250000000,-113.9944610596
1694338.1250000000,-114.0487976074
1698243.7500000000,-114.0551681519
1702158.2500000000,-114.0920104980
1706081.8750000000,-114.1207046509
1710014.5000000000,-114.1379318237
1713958.1250000000,-114.1664505005
1717908.8750000000,-114.1760330200
1721868.8750000000,-114.1902618408
1725837.8750000000,-114.1934051514
1729816.0000000000,-114.2079238892
1733803.3750000000,-114.2252578735
1737799.8750000000,-114.2314376831
1741807.6250000000,-114.2486801147
1745822.6250000000,-114.2541809082
1749846.7500000000,-114.2586898804
1753880.3750000000,-114.2693252563
1757923.1250000000,-114.2730331421
1761975.2500000000,-114.2918777466
1766038.7500000000,-114.2978134155
1770109.5000000000,-114.3626937866
1774189.7500000000,-114.3765182495
1778279.3750000000,-114.3984298706
1782378.5000000000,-114.4048843384
1786487.0000000000,-114.4449081421
1790605.0000000000,-114.4456329346
1794734.3750000000,-114.5057907104
1798871.3750000000,-114.5060729980
1803017.8750000000,-114.5134506226
1807174.0000000000,-114.5155334473
1811339.6250000000,-114.5299530029
1815514.8750000000,-114.5307846069
1819701.8750000000,-114.5359802246
1823896.3750000000,-114.5458221436
1828100.6250000000,-114.5482940674
1832314.5000000000,-114.5547790527
1836538.1250000000,-114.5897369385
1840771.3750000000,-114.5917968750
1845014.5000000000,-114.5938415527
1849269.5000000000,-114.6708984375
1853532.1250000000,-114.7580337524
1857804.6250000000,-114.8402175903
1862087.0000000000,-114.8827743530
1866379.2500000000,-114.9228363037
1870681.3750000000,-114.9406814575
1874993.5000000000,-114.9475708008
1879317.5000000000,-114.9513320923
1883649.5000000000,-114.9545898438
1887991.5000000000,-114.9628829956
1892343.3750000000,-114.9647445679
1896705.3750000000,-115.0015792847
1901077.3750000000,-115.0680236816
1905461.6250000000,-115.1345062256
1909853.8750000000,-115.1974792480
1914256.2500000000,-115.2369003296
1918668.7500000000,-115.2863845825
1923091.3750000000,-115.3226013184
1927524.2500000000,-115.3520584106
1931967.3750000000,-115.3671340942
1936422.7500000000,-115.3822479248
1940886.3750000000,-115.3888854980
1945360.2500000000,-115.4053268433
1949844.3750000000,-115.4263610840
1954339.0000000000,-115.4381790161
1958843.8750000000,-115.4563980103
1963361.2500000000,-115.4571380615
1967887.0000000000,-115.4707946777
1972423.1250000000,-115.4911804199
1976969.6250000000,-115.5020446777
1981526.7500000000,-115.5208206177
1986094.2500000000,-115.5248794556
1990672.3750000000,-115.5465621948
1995263.2500000000,-115.5513153076
1999862.3750000000,-115.5593566895
2004472.2500000000,-115.5758132935
2009092.7500000000,-115.5761795044
2013723.7500000000,-115.5985946655
2018365.6250000000,-115.6188125610
2023020.2500000000,-115.6204681396
2027683.5000000000,-115.6372375488
2032357.3750000000,-115.6387557983
2037042.1250000000,-115.7284011841
2041737.6250000000,-115.7853622437
2046444.0000000000,-115.8129653931
2051161.2500000000,-115.8398590088
2055891.5000000000,-115.8511657715
2060630.5000000000,-115.8545379639
2065380.3750000000,-115.8631134033
2070141.2500000000,-115.8669891357
2074913.1250000000,-115.8722534180
2079695.8750000000,-115.9325332642
2084489.7500000000,-116.0164947510
2089297.0000000000,-116.1051483154
2094112.8750000000,-116.1789703369
2098940.0000000000,-116.1798629761
2103778.2500000000,-116.1824798584
2108627.5000000000,-116.2015380859
2113488.0000000000,-116.2123336792
2118362.2500000000,-116.2129516602
2123245.2500000000,-116.2176589966
2128139.5000000000,-116.2342834473
2133045.0000000000,-116.2472686768
2137961.7500000000,-116.2504959106
2142889.7500000000,-116.2557525635
2147829.5000000000,-116.2669219971
2152782.7500000000,-116.2774581909
2157745.0000000000,-116.3123168945
2162718.7500000000,-116.3557281494
2167704.0000000000,-116.4040298462
2172700.7500000000,-116.4164276123
2177708.7500000000,-116.5191650391
2182731.0000000000,-116.5218582153
2187762.5000000000,-116.5353851318
2192805.2500000000,-116.5417327881
2197860.0000000000,-116.5541992188
2202926.2500000000,-116.5706100464
2208004.0000000000,-116.5722198486
2213093.7500000000,-116.6106567383
2218197.5000000000,-116.6129684448
2223310.5000000000,-116.6235046387
2228435.5000000000,-116.6306915283
2233572.0000000000,-116.6476974487
2238720.7500000000,-116.6523971558
2243881.0000000000,-116.6600723267
2249055.7500000000,-116.6762161255
2254240.0000000000,-116.6806411743
2259436.2500000000,-116.7204132080
2264644.5000000000,-116.7416915894
2269864.5000000000,-116.7661209106
2275096.7500000000,-116.7859497070
2280341.0000000000,-116.7935867310
2285600.0000000000,-116.8534622192
2290868.2500000000,-116.8601226807
2296149.0000000000,-116.8830490112
2301441.7500000000,-116.8919372559
2306746.7500000000,-116.9256286621
2312064.0000000000,-116.9360046387
2317393.5000000000,-116.9570617676
2322737.7500000000,-116.9781036377
2328091.7500000000,-117.0003204346
2333458.2500000000,-117.0830612183
2338837.0000000000,-117.1535415649
2344228.2500000000,-117.1648406982
2349631.7500000000,-117.2012863159
2355050.5000000000,-117.2097320557
2360479.0000000000,-117.2366409302
2365920.0000000000,-117.2475585938
2371373.7500000000,-117.2892913818
2376840.0000000000,-117.3239288330
2382318.7500000000,-117.3505249023
2387810.0000000000,-117.3845214844
2393316.7500000000,-117.4675292969
2398833.5000000000,-117.5064086914
2404363.0000000000,-117.5119247437
2409905.2500000000,-117.5488662720
2415460.2500000000,-117.5513458252
2421028.0000000000,-117.5607604980
2426611.2500000000,-117.5870361328
2432205.0000000000,-117.6173706055
2437811.2500000000,-117.6212158203
2443430.5000000000,-117.6487579346
2449063.0000000000,-117.6644897461
2454708.2500000000,-117.6924133301
2460366.5000000000,-117.6979675293
2466040.5000000000,-117.7228698730
2471724.7500000000,-117.7432250977
2477422.2500000000,-117.7508773804
2483133.0000000000,-117.7511901855
2488856.7500000000,-117.7699737549
2494593.7500000000,-117.7770919800
2500344.0000000000,-117.8153991699
2506110.2500000000,-117.8409423828
2511887.0000000000,-117.8548583984
2517677.0000000000,-117.9034805298
2523480.5000000000,-117.9481353760
2529297.2500000000,-117.9764480591
2535127.5000000000,-118.0586242676
2540974.0000000000,-118.1015548706
2546831.0000000000,-118.1066436768
2552701.7500000000,-118.1090164185
2558585.7500000000,-118.1476593018
2564483.5000000000,-118.1566009521
2570395.0000000000,-118.1597442627
2576319.7500000000,-118.1646957397
2582261.2500000000,-118.2164001465
2588213.5000000000,-118.2269744873
2594179.5000000000,-118.2543334961
2600159.2500000000,-118.2667541504
2606153.0000000000,-118.2762603760
2612160.2500000000,-118.2791976929
2618184.2500000000,-118.2804412842
2624219.5000000000,-118.2819976807
2630268.5000000000,-118.3770217896
2636331.5000000000,-118.3819808960
2642408.2500000000,-118.4327392578
2648499.2500000000,-118.4390411377
2654604.2500000000,-118.4563980103
2660726.2500000000,-118.4603271484
2666859.5000000000,-118.4636993408
2673006.7500000000,-118.4841079712
2679168.2500000000,-118.4879455566
2685343.7500000000,-118.5038146973
2691533.7500000000,-118.5074615479
2697741.0000000000,-118.5203781128
2703959.2500000000,-118.5368728638
2710192.2500000000,-118.5524215698
2716439.2500000000,-118.5668716431
2722701.0000000000,-118.6117630005
2728977.0000000000,-118.6190109253
2735267.5000000000,-118.6387176514
2741575.5000000000,-118.6818466187
2747895.0000000000,-118.6940841675
2754229.0000000000,-118.7120285034
2760577.7500000000,-118.7526702881
2766941.0000000000,-118.8588638306
2773319.0000000000,-118.8752441406
2779711.7500000000,-118.8986892700
2786122.2500000000,-118.9480895996
2792544.5000000000,-118.9540481567
2798981.5000000000,-118.9565048218
2805433.2500000000,-118.9598922729
2811900.0000000000,-118.9897308350
2818381.7500000000,-118.9918060303
2824881.2500000000,-119.0014877319
2831393.0000000000,-119.0088272095
2837919.5000000000,-119.0224456787
2844461.0000000000,-119.0231246948
2851017.7500000000,-119.0589675903
2857589.5000000000,-119.0597839355
2864176.5000000000,-119.0981292725
2870781.7500000000,-119.1008529663
2877399.2500000000,-119.1314773560
2884031.7500000000,-119.1565933228
2890679.7500000000,-119.1821594238
2897343.0000000000,-119.1848449707
2904021.5000000000,-119.1875228882
2910718.7500000000,-119.2083511353
2917428.0000000000,-119.2311172485
2924153.0000000000,-119.2608489990
2930893.2500000000,-119.3116989136
2937649.2500000000,-119.3187637329
2944420.7500000000,-119.3569946289
2951207.7500000000,-119.4329376221
2958013.7500000000,-119.4343948364
2964832.2500000000,-119.5085144043
2971666.2500000000,-119.5210723877
2978516.2500000000,-119.5928344727
2985382.0000000000,-119.5969238281
2992263.5000000000,-119.6043090820
2999164.2500000000,-119.6173477173
3006077.5000000000,-119.6282958984
3013006.7500000000,-119.6444778442
3019951.7500000000,-119.6745834351
3026913.0000000000,-119.6764678955
3033890.2500000000,-119.7107849121
3040883.7500000000,-119.7477035522
3047896.5000000000,-119.7859344482
3054922.0000000000,-119.8228988647
3061963.7500000000,-119.8583450317
3069022.0000000000,-119.8892440796
3076096.2500000000,-119.9183502197
3083186.7500000000,-119.9382553101
3090293.7500000000,-119.9554290771
3097420.5000000000,-119.9654388428
3104560.2500000000,-119.9723587036
3111716.5000000000,-119.9768218994
3118889.2500000000,-119.9830245972
3126078.5000000000,-119.9907302856
3133284.5000000000,-120.0051727295
3140510.2500000000,-120.0236892700
3147749.2500000000,-120.0470275879
3155005.2500000000,-120.0755386353
3162277.7500000000,-120.1060409546
3169567.0000000000,-120.1410980225
3176873.0000000000,-120.1775970459
3184196.0000000000,-120.2161102295
3191539.2500000000,-120.2534637451
3198896.0000000000,-120.2895965576
3206269.7500000000,-120.3173446655
3213660.2500000000,-120.3400421143
3221068.0000000000,-120.3561553955
3228492.7500000000,-120.3686218262
3235938.2500000000,-120.3808288574
3243397.2500000000,-120.3973388672
3250873.5000000000,-120.4181747437
3258367.0000000000,-120.4431838989
3265877.7500000000,-120.4728698730
3273406.0000000000,-120.5034790039
3280951.2500000000,-120.5348663330
3288517.7500000000,-120.5656356812
3296098.0000000000,-120.5959777832
3303695.7500000000,-120.6249389648
3311311.0000000000,-120.6533737183
3318944.0000000000,-120.6810684204
3326594.2500000000,-120.7076110840
3334262.2500000000,-120.7332382202
3341951.7500000000,-120.7565765381
3349655.2500000000,-120.7760391235
3357376.2500000000,-120.7928924561
3365115.2500000000,-120.8026351929
3372872.2500000000,-120.8105621338
3380646.7500000000,-120.8165359497
3388443.2500000000,-120.8260726929
3396253.7500000000,-120.8390045166
3404082.5000000000,-120.8577117920
3411929.0000000000,-120.8817825317
3419793.7500000000,-120.9076156616
3427676.7500000000,-120.9344863892
3435577.7500000000,-120.9605560303
3443500.7500000000,-120.9863815308
3451438.2500000000,-121.0129928589
3459394.0000000000,-121.0416030884
3467368.2500000000,-121.0716018677
3475360.7500000000,-121.1026153564
3483371.7500000000,-121.1305847168
3491405.0000000000,-121.1557769775
3499452.7500000000,-121.1703338623
3507519.2500000000,-121.1801910400
3515604.5000000000,-121.1855163574
3523708.2500000000,-121.1896286011
3531830.5000000000,-121.1970138550
3539971.7500000000,-121.2077789307
3548135.5000000000,-121.2275924683
3556314.2500000000,-121.2510681152
3564511.7500000000,-121.2782211304
3572728.2500000000,-121.3107757568
3580963.5000000000,-121.3459701538
3589218.0000000000,-121.3836822510
3597495.2500000000,-121.4239425659
3605787.7500000000,-121.4620208740
3614099.2500000000,-121.4975433350
3622430.0000000000,-121.5246582031
3630780.0000000000,-121.5472030640
3639149.2500000000,-121.5672912598
3647537.7500000000,-121.5882720947
3655949.5000000000,-121.6137008667
3664376.7500000000,-121.6413192749
3672823.5000000000,-121.6701965332
3681289.5000000000,-121.6922531128
3689775.2500000000,-121.7076034546
3698280.5000000000,-121.7136383057
3706805.2500000000,-121.7143402100
3715353.7500000000,-121.7145156860
3723918.0000000000,-121.7180480957
3732501.7500000000,-121.7332382202
3741105.5000000000,-121.7563095093
3749729.0000000000,-121.7844085693
3758372.5000000000,-121.8158340454
3767039.7500000000,-121.8462982178
3775723.2500000000,-121.8763885498
3784426.5000000000,-121.9063949585
3793149.7500000000,-121.9410934448
3801893.2500000000,-121.9817276001
3810657.0000000000,-122.0278244019
3819440.7500000000,-122.0803146362
3828249.0000000000,-122.1317520142
3837073.5000000000,-122.1413955688
3845918.2500000000,-122.1420669556
3854783.2500000000,-122.1525421143
3863668.7500000000,-122.1539535522
3872574.7500000000,-122.1716003418
3881505.7500000000,-122.1756057739
3890452.7500000000,-122.1812133789
3899420.5000000000,-122.1950073242
3908409.0000000000,-122.2088012695
3917418.2500000000,-122.2117233276
3926448.0000000000,-122.2174682617
3935498.7500000000,-122.2183151245
3944574.7500000000,-122.2613296509
3953667.2500000000,-122.3112716675
3962780.7500000000,-122.3605957031
3971915.2500000000,-122.4046783447
3981070.7500000000,-122.4407424927
3990247.5000000000,-122.4582519531
3999449.7500000000,-122.4608383179
4008668.7500000000,-122.4623184204
4017909.0000000000,-122.4666748047
4027170.5000000000,-122.4684982300
4036453.5000000000,-122.4689788818
4045757.7500000000,-122.4911727905
4055083.5000000000,-122.5233383179
4064435.2500000000,-122.5629119873
4073804.0000000000,-122.6021118164
4083194.5000000000,-122.6366806030
4092606.5000000000,-122.6660461426
4102040.2500000000,-122.6902008057
4111495.7500000000,-122.7108306885
4120973.0000000000,-122.7318878174
4130476.7500000000,-122.7541961670
4139997.7500000000,-122.7782287598
4149540.7500000000,-122.8044204712
4159105.7500000000,-122.8344192505
4168692.7500000000,-122.8687973022
4178301.7500000000,-122.8922805786
4187937.7500000000,-122.9047012329
4197591.0000000000,-122.9048995972
4207267.0000000000,-122.9072418213
4216965.0000000000,-122.9299087524
4226685.5000000000,-122.9395294189
4236428.0000000000,-122.9485397339
4246193.5000000000,-122.9608230591
4255986.0000000000,-122.9847946167
4265796.5000000000,-122.9872665405
4275629.5000000000,-122.9913558960
4285485.0000000000,-123.0148544312
4295363.0000000000,-123.0161819458
4305264.5000000000,-123.0290145874
4315193.0000000000,-123.0291442871
4325140.0000000000,-123.0320816040
4335109.5000000000,-123.0744400024
4345102.5000000000,-123.1086502075
4355118.0000000000,-123.1404342651
4365157.0000000000,-123.1748123169
4375219.0000000000,-123.2106628418
4385309.0000000000,-123.2447814941
4395417.5000000000,-123.2729339600
4405549.0000000000,-123.2924118042
4415704.5000000000,-123.3096771240
4425883.0000000000,-123.3313674927
4436085.0000000000,-123.3608398438
4446310.5000000000,-123.3990783691
4456564.0000000000,-123.4445114136
4466837.0000000000,-123.4925308228
4477133.5000000000,-123.5342407227
4487453.5000000000,-123.5634307861
4497797.5000000000,-123.5665817261
4508165.0000000000,-123.5700912476
4518561.5000000000,-123.5772476196
4528977.0000000000,-123.5773086548
4539417.0000000000,-123.5828781128
4549880.5000000000,-123.6179809570
4560368.5000000000,-123.6617660522
4570880.5000000000,-123.7032928467
4581416.5000000000,-123.7364654541
4591982.0000000000,-123.7627258301
4602567.0000000000,-123.7899169922
4613176.0000000000,-123.8246688843
4623810.0000000000,-123.8600234985
4634468.0000000000,-123.8865280151
4645151.0000000000,-123.8888702393
4655863.5000000000,-123.8903884888
4666595.5000000000,-123.8934555054
4677352.0000000000,-123.8992996216
4688134.0000000000,-123.9003906250
4698940.5000000000,-123.9031448364
4709771.5000000000,-123.9059982300
4720628.0000000000,-123.9396591187
4731514.5000000000,-123.9889450073
4742421.0000000000,-124.0460433960
4753353.0000000000,-124.1029205322
4764309.5000000000,-124.1557388306
4775291.5000000000,-124.1922683716
4786299.0000000000,-124.1994552612
4797337.0000000000,-124.2056808472
4808395.5000000000,-124.2078018188
4819479.0000000000,-124.2266998291
4830588.0000000000,-124.2425689697
4841723.0000000000,-124.2547683716
4852883.5000000000,-124.2655181885
4864070.0000000000,-124.2882461548
4875287.0000000000,-124.2994155884
4886525.0000000000,-124.3033523560
4897789.0000000000,-124.3259429932
4909078.5000000000,-124.3267593384
4920394.5000000000,-124.3356552124
4931736.0000000000,-124.3809661865
4943104.0000000000,-124.4304885864
4954504.0000000000,-124.4923782349
4965924.5000000000,-124.5643615723
4977371.0000000000,-124.6343460083
4988844.5000000000,-124.6894378662
5000344.0000000000,-124.7159423828
5011870.0000000000,-124.7220382690
5023428.5000000000,-124.7224578857
5035007.5000000000,-124.7231903076
5046614.0000000000,-124.7329483032
5058246.5000000000,-124.7360687256
5069906.0000000000,-124.7393264771
5081592.5000000000,-124.7490081787
5093306.0000000000,-124.7549057007
5105052.0000000000,-124.7554168701
5116819.5000000000,-124.7561569214
5128614.5000000000,-124.7612228394
5140436.0000000000,-124.7682342529
5152285.0000000000,-124.7703628540
5164161.5000000000,-124.7763977051
5176071.0000000000,-124.7919845581
5188002.0000000000,-124.7982559204
5199961.0000000000,-124.8041992188
5211947.0000000000,-124.8178482056
5223961.0000000000,-124.8264160156
5236002.5000000000,-124.8320541382
5248072.0000000000,-124.8661270142
5260175.0000000000,-124.9591064453
5272300.0000000000,-125.0424957275
5284453.0000000000,-125.0566635132
5296634.0000000000,-125.0649871826
5308843.5000000000,-125.0766448975
5321080.5000000000,-125.0822601318
5333352.0000000000,-125.1085128784
5345645.5000000000,-125.1693038940
5357967.5000000000,-125.2037582397
5370318.0000000000,-125.2118148804
5382697.0000000000,-125.2173385620
5395104.5000000000,-125.2233200073
5407541.0000000000,-125.2320785522
5420011.5000000000,-125.2498321533
5432505.0000000000,-125.2524566650
5445027.5000000000,-125.2566070557
5457578.5000000000,-125.2657852173
5470158.5000000000,-125.2687377930
5482767.5000000000,-125.2864608765
5495406.0000000000,-125.3123931885
5508079.0000000000,-125.3217544556
5520775.5000000000,-125.3236236572
5533501.5000000000,-125.3237991333
5546256.5000000000,-125.3257598877
5559041.0000000000,-125.3280792236
5571855.0000000000,-125.3530731201
5584704.5000000000,-125.4338302612
5597578.0000000000,-125.5268707275
5610480.5000000000,-125.5673141479
5623413.5000000000,-125.5891876221
5636375.5000000000,-125.6115875244
5649368.0000000000,-125.6517105103
5662390.0000000000,-125.7060623169
5675448.5000000000,-125.7263336182
5688531.0000000000,-125.7394332886
5701643.5000000000,-125.7462387085
5714786.0000000000,-125.7510681152
5727959.0000000000,-125.7639999390
5741162.5000000000,-125.8013153076
5754402.5000000000,-125.8979415894
5767666.5000000000,-125.9563674927
5780961.5000000000,-125.9700393677
5794287.0000000000,-126.0109024048
5807643.5000000000,-126.0234985352
5821030.5000000000,-126.0274963379
5834448.5000000000,-126.0315322876
5847903.5000000000,-126.0338897705
5861383.5000000000,-126.0361404419
5874894.0000000000,-126.0453796387
5888436.5000000000,-126.0497283936
5902009.5000000000,-126.0661392212
5915614.0000000000,-126.0938262939
5929250.0000000000,-126.1052322388
5942924.0000000000,-126.1056442261
5956622.5000000000,-126.1139144897
5970353.0000000000,-126.1161880493
5984115.5000000000,-126.1471405029
5997909.0000000000,-126.1501312256
6011734.5000000000,-126.1782836914
6025599.0000000000,-126.3470382690
6039488.0000000000,-126.3797454834
6053409.5000000000,-126.3853759766
6067363.0000000000,-126.4203948975
6081349.0000000000,-126.4211273193
6095367.0000000000,-126.4230880737
6109417.0000000000,-126.4244689941
6123506.5000000000,-126.4265747070
6137621.5000000000,-126.4348831177
6151769.0000000000,-126.4377899170
6165949.5000000000,-126.4440689087
6180162.5000000000,-126.4615936279
6194408.0000000000,-126.4626388550
6208693.5000000000,-126.5051574707
6223005.0000000000,-126.5137710571
6237349.5000000000,-126.5185394287
6251727.0000000000,-126.5592498779
6266137.5000000000,-126.5777587891
6280581.5000000000,-126.6056518555
6295058.5000000000,-126.6200408936
6309576.0000000000,-126.6639404297
6324120.0000000000,-126.6831283569
6338698.0000000000,-126.6865539551
6353309.0000000000,-126.7394790649
6367954.0000000000,-126.7538909912
6382632.5000000000,-126.7584609985
6397352.0000000000,-126.7747650146
6412098.0000000000,-126.7802047729
6426878.5000000000,-126.7802963257
6441693.0000000000,-126.8008117676
6456541.5000000000,-126.8055114746
6471424.0000000000,-126.8093719482
6486341.5000000000,-126.8301391602
6501300.0000000000,-126.8788070679
6516286.0000000000,-126.9298095703
6531306.5000000000,-126.9460144043
6546361.5000000000,-126.9600982666
6561451.5000000000,-126.9934387207
6576576.0000000000,-127.0326309204
6591735.5000000000,-127.0461196899
6606937.0000000000,-127.0512619019
6622166.5000000000,-127.0874710083
6637431.0000000000,-127.1571502686
6652731.0000000000,-127.1573410034
6668066.0000000000,-127.1732635498
6683436.0000000000,-127.1942825317
6698849.5000000000,-127.2141494751
6714290.5000000000,-127.2375564575
6729767.5000000000,-127.2481079102
6745280.0000000000,-127.2610473633
6760828.5000000000,-127.2645416260
6776413.0000000000,-127.2725372314
6792033.0000000000,-127.2845611572
6807696.5000000000,-127.3135070801
6823388.5000000000,-127.3553543091
6839117.0000000000,-127.3578109741
6854881.5000000000,-127.3908920288
6870682.5000000000,-127.3927536011
6886520.0000000000,-127.4044952393
6902401.5000000000,-127.4137802124
6918312.0000000000,-127.4174880981
6934259.5000000000,-127.4874725342
6950243.5000000000,-127.5299453735
6966264.0000000000,-127.5463180542
6982322.0000000000,-127.5830459595
6998416.5000000000,-127.6259307861
7014556.0000000000,-127.6347503662
7030725.0000000000,-127.6424560547
7046931.5000000000,-127.6466293335
7063175.0000000000,-127.6470260620
7079456.5000000000,-127.6712417603
7095775.0000000000,-127.6774139404
7112139.0000000000,-127.6913223267
7128533.0000000000,-127.6916809082
7144965.0000000000,-127.7291488647
7161434.5000000000,-127.7631683350
7177942.0000000000,-127.7786560059
7194487.5000000000,-127.7922286987
7211071.5000000000,-127.8511505127
7227701.5000000000,-127.8548812866
7244362.0000000000,-127.9238891602
7261060.5000000000,-127.9447479248
7277798.0000000000,-127.9850311279
7294573.5000000000,-128.0228729248
7311388.0000000000,-128.0841369629
7328241.5000000000,-128.0957489014
7345141.5000000000,-128.1177215576
7362072.5000000000,-128.1391143799
7379043.0000000000,-128.2666778564
7396052.0000000000,-128.2837066650
7413100.5000000000,-128.2899475098
7430188.0000000000,-128.3072357178
7447323.5000000000,-128.3170013428
7464490.0000000000,-128.3381195068
7481696.5000000000,-128.3551177979
7498942.0000000000,-128.3563690186
7516227.5000000000,-128.3640136719
7533553.0000000000,-128.3672943115
7550918.5000000000,-128.3726654053
7568332.0000000000,-128.3983001709
7585777.5000000000,-128.4029693604
7603263.5000000000,-128.4107971191
7620789.5000000000,-128.4302978516
7638356.0000000000,-128.4382781982
7655963.0000000000,-128.4422454834
7673619.0000000000,-128.4468688965
7691307.0000000000,-128.4829711914
7709036.0000000000,-128.5121307373
7726806.0000000000,-128.5175781250
7744617.0000000000,-128.5204010010
7762469.0000000000,-128.5330200195
7780362.0000000000,-128.5340118408
7798304.5000000000,-128.5344848633
7816280.5000000000,-128.5363922119
7834297.5000000000,-128.5441284180
7852356.0000000000,-128.5508270264
7870456.0000000000,-128.5798645020
7888598.0000000000,-128.6230316162
7906782.0000000000,-128.6527404785
7925016.5000000000,-128.6610717773
7943284.0000000000,-128.6803741455
7961594.0000000000,-128.7727508545
7979946.0000000000,-128.8534851074
7998340.5000000000,-128.8619537354
8016777.0000000000,-128.8953399658
8035265.0000000000,-128.9160461426
8053787.0000000000,-128.9194488525
8072351.5000000000,-128.9504394531
8090959.0000000000,-129.0180358887
8109609.0000000000,-129.0392303467
8128302.5000000000,-129.0632324219
8147038.5000000000,-129.0731353760
8165827.0000000000,-129.0921325684
8184650.0000000000,-129.1196136475
8203516.0000000000,-129.1294860840
8222426.0000000000,-129.1461791992
8241379.0000000000,-129.1581420898
8260376.0000000000,-129.1861724854
8279426.0000000000,-129.2406921387
8298510.5000000000,-129.2624206543
8317639.0000000000,-129.2868041992
8336812.0000000000,-129.3202819824
8356029.0000000000,-129.3202819824
8375290.0000000000,-129.3202819824
8394596.0000000000,-129.3202819824
8413955.0000000000,-129.3278045654
8433350.0000000000,-129.3500976563
8452789.0000000000,-129.3513336182
8472274.0000000000,-129.3696441650
8491803.0000000000,-129.3765411377
8511377.0000000000,-129.3813934326
8531006.0000000000,-129.3936767578
8550670.0000000000,-129.3984985352
8570380.0000000000,-129.4197998047
8590136.0000000000,-129.4252014160
8609936.0000000000,-129.4265289307
8629783.0000000000,-129.4376525879
8649675.0000000000,-129.4415740967
8669623.0000000000,-129.4604797363
8689607.0000000000,-129.4657897949
8709637.0000000000,-129.5108489990
8729713.0000000000,-129.5119781494
8749836.0000000000,-129.5119781494
8770005.0000000000,-129.5119781494
8790220.0000000000,-129.5418243408
8810492.0000000000,-129.5571441650
8830801.0000000000,-129.5758514404
8851157.0000000000,-129.6320800781
8871559.0000000000,-129.6881408691
8892009.0000000000,-129.7465820313
8912505.0000000000,-129.7635803223
8933059.0000000000,-129.7720184326
8953651.0000000000,-129.8300933838
8974289.0000000000,-129.8609924316
8994976.0000000000,-129.9584350586
9015710.0000000000,-129.9903411865
9036492.0000000000,-130.0451354980
9057321.0000000000,-130.1350097656
9078209.0000000000,-130.1371917725
9099135.0000000000,-130.1760864258
9120109.0000000000,-130.1767272949
9141132.0000000000,-130.1824493408
9162203.0000000000,-130.2000885010
9183322.0000000000,-130.2913818359
9204500.0000000000,-130.3066406250
9225718.0000000000,-130.3228607178
9246983.0000000000,-130.3626098633
9268298.0000000000,-130.4323120117
9289662.0000000000,-130.5193176270
9311076.0000000000,-130.5372619629
9332538.0000000000,-130.5545806885
9354061.0000000000,-130.5552978516
9375623.0000000000,-130.5552978516
9397234.0000000000,-130.5552978516
9418895.0000000000,-130.5552978516
9440607.0000000000,-130.5552978516
9462368.0000000000,-130.5552978516
9484190.0000000000,-130.5552978516
9506052.0000000000,-130.5552978516
9527964.0000000000,-130.5552978516
9549926.0000000000,-130.5552978516
9571940.0000000000,-130.5713195801
9594004.0000000000,-130.5755157471
9616118.0000000000,-130.6034088135
9638295.0000000000,-130.6183624268
9660512.0000000000,-130.6289978027
9682780.0000000000,-130.6449890137
9705099.0000000000,-130.6499328613
9727470.0000000000,-130.6686248779
9749893.0000000000,-130.6788635254
9772367.0000000000,-130.7173767090
9794904.0000000000,-130.7478790283
9817482.0000000000,-130.7579345703
9840112.0000000000,-130.8076019287
9862794.0000000000,-130.8338012695
9885528.0000000000,-130.8402404785
9908315.0000000000,-130.8457641602
9931165.0000000000,-130.8518829346
9954057.0000000000,-130.8533935547
9977002.0000000000,-130.8590393066
10000000.0000000000,-130.8711547852
10023051.0000000000,-130.8711547852
10046155.0000000000,-130.8711547852
10069312.0000000000,-130.8711547852
10092533.0000000000,-130.8756103516
10115797.0000000000,-130.8948364258
10139115.0000000000,-130.8964080811
10162486.0000000000,-130.9053344727
10185911.0000000000,-130.9198760986
10209391.0000000000,-130.9272003174
10232935.0000000000,-130.9339141846
10256523.0000000000,-130.9538726807
10280165.0000000000,-130.9720306396
10303861.0000000000,-130.9947662354
10327613.0000000000,-130.9948120117
10351418.0000000000,-131.0144348145
10375279.0000000000,-131.0230865479
10399206.0000000000,-131.0345764160
10423177.0000000000,-131.0434570313
10447203.0000000000,-131.0463867188
10471285.0000000000,-131.0464172363
10495422.0000000000,-131.0757904053
10519615.0000000000,-131.0875396729
10543863.0000000000,-131.1577301025
10568179.0000000000,-131.3524169922
10592540.0000000000,-131.5405273438
10616956.0000000000,-131.6394348145
10641429.0000000000,-131.6528930664
10665958.0000000000,-131.6763305664
10690544.0000000000,-131.6811676025
10715198.0000000000,-131.6965179443
10739898.0000000000,-131.7404479980
10764654.0000000000,-131.7613525391
10789467.0000000000,-131.7977752686
10814338.0000000000,-131.8049926758
10839265.0000000000,-131.8049926758
10864251.0000000000,-131.8049926758
10889305.0000000000,-131.8049926758
10914406.0000000000,-131.8049926758
10939565.0000000000,-131.8049926758
10964781.0000000000,-131.8049926758
10990056.0000000000,-131.8049926758
11015388.0000000000,-131.8049926758
11040792.0000000000,-131.8049926758
11066242.0000000000,-131.8058776855
11091750.0000000000,-131.8550720215
11117317.0000000000,-131.9397125244
11142944.0000000000,-131.9632263184
11168629.0000000000,-131.9633941650
11194373.0000000000,-131.9982299805
11220189.0000000000,-132.0467071533
11246053.0000000000,-132.0467071533
11271976.0000000000,-132.0467071533
11297958.0000000000,-132.0481567383
11324001.0000000000,-132.0581817627
11350104.0000000000,-132.0733032227
11376279.0000000000,-132.1109924316
11402502.0000000000,-132.1555023193
11428786.0000000000,-132.1662445068
11455130.0000000000,-132.1667938232
11481535.0000000000,-132.1988830566
11508000.0000000000,-132.2040710449
11534527.0000000000,-132.2350769043
11561128.0000000000,-132.3096618652
11587777.0000000000,-132.3184051514
11614488.0000000000,-132.3222656250
11641260.0000000000,-132.3222656250
11668094.0000000000,-132.3222656250
11694990.0000000000,-132.3222656250
11721947.0000000000,-132.3222656250
11748980.0000000000,-132.3222656250
11776062.0000000000,-132.3222656250
11803207.0000000000,-132.3222656250
11830414.0000000000,-132.3222656250
11857684.0000000000,-132.3309326172
11885017.0000000000,-132.4053497314
11912426.0000000000,-132.4968566895
11939885.0000000000,-132.6521759033
11967407.0000000000,-132.7942199707
11994993.0000000000,-132.8434753418
12022642.0000000000,-132.8621978760
12050355.0000000000,-132.9142761230
12078132.0000000000,-132.9654693604
12105986.0000000000,-132.9996490479
12133892.0000000000,-132.9996490479
12161861.0000000000,-132.9996490479
12189895.0000000000,-132.9996490479
12217994.0000000000,-132.9996490479
12246157.0000000000,-132.9996490479
12274399.0000000000,-132.9996490479
12302692.0000000000,-132.9996490479
12331051.0000000000,-132.9996490479
12359475.0000000000,-133.0139160156
12387964.0000000000,-133.0337524414
12416519.0000000000,-133.0625762939
12445140.0000000000,-133.0865020752
12473841.0000000000,-133.0918731689
12502594.0000000000,-133.0918731689
12531413.0000000000,-133.0923614502
12560299.0000000000,-133.1046752930
12589251.0000000000,-133.1237487793
12618270.0000000000,-133.1288604736
12647370.0000000000,-133.1363220215
12676523.0000000000,-133.1376647949
12705744.0000000000,-133.1376647949
12735031.0000000000,-133.1363220215
12764387.0000000000,-133.1288604736
12793809.0000000000,-133.1277618408
12823300.0000000000,-133.1277618408
12852873.0000000000,-133.1277618408
12882499.0000000000,-133.1277618408
12912195.0000000000,-133.1277618408
12941958.0000000000,-133.1363220215
12971790.0000000000,-133.1483306885
13001691.0000000000,-133.1885223389
13031661.0000000000,-133.2584533691
13061714.0000000000,-133.2584533691
13091822.0000000000,-133.2584533691
13122000.0000000000,-133.2584533691
13152247.0000000000,-133.2584533691
13182564.0000000000,-133.2584533691
13212951.0000000000,-133.2584533691
13243422.0000000000,-133.2584533691
13273949.0000000000,-133.2584533691
13304546.0000000000,-133.2584533691
13335214.0000000000,-133.2852783203
13365953.0000000000,-133.3020477295
13396762.0000000000,-133.3761138916
13427643.0000000000,-133.3879547119
13458609.0000000000,-133.5056304932
13489632.0000000000,-133.7496795654
13520727.0000000000,-133.9886779785
13551893.0000000000,-134.1031341553
13583131.0000000000,-134.1251373291
13614441.0000000000,-134.1489715576
13645839.0000000000,-134.1983337402
13677293.0000000000,-134.1983337402
13708820.0000000000,-134.1983337402
13740420.0000000000,-134.1983337402
13772093.0000000000,-134.1983337402
13803838.0000000000,-134.1983337402
13835657.0000000000,-134.1983337402
13867565.0000000000,-134.1983337402
13899530.0000000000,-134.1983337402
13931570.0000000000,-134.1983337402
13963683.0000000000,-134.1983337402
13995870.0000000000,-134.1983337402
14028132.0000000000,-134.1983337402
14060468.0000000000,-134.1983337402
14092893.0000000000,-134.1983337402
14125379.0000000000,-134.1983337402
14157939.0000000000,-134.1983337402
14190574.0000000000,-134.2124328613
14223284.0000000000,-134.2327117920
14256070.0000000000,-134.2327117920
14288946.0000000000,-134.2327117920
14321884.0000000000,-134.2327117920
14354896.0000000000,-134.2327117920
14387986.0000000000,-134.2327117920
14421151.0000000000,-134.2327117920
14454393.0000000000,-134.2327117920
14487711.0000000000,-134.2327117920
14521122.0000000000,-134.2327117920
14554594.0000000000,-134.2327117920
14588144.0000000000,-134.2327117920
14621770.0000000000,-134.2327117920
14655475.0000000000,-134.2327117920
14689257.0000000000,-134.2978973389
14723133.0000000000,-134.3133850098
14757070.0000000000,-134.3266906738
14791086.0000000000,-134.3459930420
14825181.0000000000,-134.3459930420
14859354.0000000000,-134.3459930420
14893606.0000000000,-134.3459930420
14927937.0000000000,-134.3459930420
14962363.0000000000,-134.3459930420
14996852.0000000000,-134.3459930420
15031421.0000000000,-134.3518066406
15066070.0000000000,-134.3584289551
15100798.0000000000,-134.3670501709
15135607.0000000000,-134.3679962158
15170512.0000000000,-134.4721984863
15205481.0000000000,-134.4884948730
15240531.0000000000,-134.6930999756
15275661.0000000000,-134.7248535156
15310873.0000000000,-134.7702026367
15346165.0000000000,-134.8347778320
15381539.0000000000,-134.8662414551
15417012.0000000000,-134.9517517090
15452549.0000000000,-135.0026245117
15488168.0000000000,-135.1214294434
15523870.0000000000,-135.1886749268
15559653.0000000000,-135.2029876709
15595519.0000000000,-135.2652893066
15631468.0000000000,-135.3724060059
15667517.0000000000,-135.4004058838
15703632.0000000000,-135.4004058838
15739830.0000000000,-135.4004058838
15776111.0000000000,-135.2652893066
15812476.0000000000,-135.2029876709
15848925.0000000000,-135.2029876709
15885475.0000000000,-135.2029876709
15922092.0000000000,-135.2029876709
15958794.0000000000,-135.2652893066
15995580.0000000000,-135.4004058838
16032451.0000000000,-135.4097595215
16069407.0000000000,-135.5513305664
16106448.0000000000,-135.5815124512
16143592.0000000000,-135.5832061768
16180804.0000000000,-135.6573791504
16218102.0000000000,-135.7009887695
16255486.0000000000,-135.7073669434
16292956.0000000000,-135.7480773926
16330513.0000000000,-135.7673034668
16368174.0000000000,-135.9151611328
16405903.0000000000,-135.9482269287
16443720.0000000000,-135.9482269287
16481624.0000000000,-135.9494934082
16519616.0000000000,-135.9876251221
16557694.0000000000,-136.0680999756
16595861.0000000000,-136.0732574463
16634134.0000000000,-136.0732574463
16672477.0000000000,-136.0762329102
16710908.0000000000,-136.0805358887
16749428.0000000000,-136.0893554688
16788036.0000000000,-136.1186065674
16826734.0000000000,-136.1232604980
16865540.0000000000,-136.1352081299
16904416.0000000000,-136.1352081299
16943382.0000000000,-136.1352081299
16982438.0000000000,-136.1352081299
17021582.0000000000,-136.1460723877
17060818.0000000000,-136.1940155029
17100146.0000000000,-136.3459014893
17139582.0000000000,-136.4383850098
17179090.0000000000,-136.4979095459
17218688.0000000000,-136.5633392334
17258378.0000000000,-136.6325531006
17298160.0000000000,-136.6754150391
17338034.0000000000,-136.6825408936
17378000.0000000000,-136.7665252686
17418076.0000000000,-136.7665252686
17458226.0000000000,-136.7770843506
17498468.0000000000,-136.7828521729
17538804.0000000000,-136.7993011475
17579232.0000000000,-136.8304290771
17619752.0000000000,-136.8304290771
17660388.0000000000,-136.8304290771
17701096.0000000000,-136.8304290771
17741898.0000000000,-136.8304290771
17782794.0000000000,-136.8304290771
17823784.0000000000,-136.8304290771
17864870.0000000000,-136.8304290771
17906050.0000000000,-136.8304290771
17947344.0000000000,-136.8471527100
17988714.0000000000,-136.9106750488
18030180.0000000000,-137.0106964111
18071740.0000000000,-137.0321655273
18113396.0000000000,-137.1283721924
18155150.0000000000,-137.1320953369
18197018.0000000000,-137.1529998779
18238964.0000000000,-137.1529998779
18281006.0000000000,-137.1529998779
18323144.0000000000,-137.1881408691
18365380.0000000000,-137.1881408691
18407714.0000000000,-137.1881408691
18450146.0000000000,-137.1881408691
18492694.0000000000,-137.1881408691
18535322.0000000000,-137.1881408691
18578046.0000000000,-137.1882629395
18620870.0000000000,-137.1882629395
18663792.0000000000,-137.1882629395
18706814.0000000000,-137.1882629395
18749934.0000000000,-137.1882629395
18793176.0000000000,-137.1881408691
18836496.0000000000,-137.1548004150
18879914.0000000000,-137.1529998779
18923434.0000000000,-137.1529998779
18967054.0000000000,-137.1529998779
19010774.0000000000,-137.1320953369
19054616.0000000000,-137.1320953369
19098538.0000000000,-137.1320953369
19142562.0000000000,-137.1320953369
19186688.0000000000,-137.1529998779
19230914.0000000000,-137.1529998779
19275242.0000000000,-137.1529998779
19319674.0000000000,-137.1548004150
19364228.0000000000,-137.1710205078
19408864.0000000000,-137.1881408691
19453602.0000000000,-137.1882629395
19498444.0000000000,-137.1972351074
19543390.0000000000,-137.1993103027
19588438.0000000000,-137.1993103027
19633612.0000000000,-137.1993103027
19678870.0000000000,-137.1993103027
19724230.0000000000,-137.2075500488
19769696.0000000000,-137.2502746582
19815268.0000000000,-137.2502746582
19860942.0000000000,-137.2075500488
19906724.0000000000,-137.1993103027
19952632.0000000000,-137.1972351074
19998624.0000000000,-137.1882629395
20044722.0000000000,-137.1710205078
20090926.0000000000,-137.1710205078
20137238.0000000000,-137.1710205078
20183656.0000000000,-137.2938995361
20230202.0000000000,-137.2938995361
20276834.0000000000,-137.3260192871
20323574.0000000000,-137.3956909180
20370422.0000000000,-137.4392089844
20417376.0000000000,-137.5080108643
20464440.0000000000,-137.5080108643
20511612.0000000000,-137.5080108643
20558916.0000000000,-137.5080108643
20606306.0000000000,-137.5080108643
20653804.0000000000,-137.5080108643
20701412.0000000000,-137.5080108643
20749130.0000000000,-137.5080108643
20796960.0000000000,-137.5080108643
20844898.0000000000,-137.5080108643
20892970.0000000000,-137.5080108643
20941130.0000000000,-137.5080108643
20989400.0000000000,-137.5080108643
21037782.0000000000,-137.5080108643
21086276.0000000000,-137.5080108643
21134882.0000000000,-137.3884124756
21183622.0000000000,-137.3260192871
21232452.0000000000,-137.2938995361
21281394.0000000000,-137.2938995361
21330448.0000000000,-137.2938995361
21379618.0000000000,-137.2938995361
21428898.0000000000,-137.2938995361
21478294.0000000000,-137.2938995361
21527826.0000000000,-137.2938995361
21577450.0000000000,-137.2938995361
21627188.0000000000,-137.2938995361
21677040.0000000000,-137.2938995361
21727006.0000000000,-137.3260192871
21777088.0000000000,-137.3260192871
21827310.0000000000,-137.3260192871
21877624.0000000000,-137.3260192871
21928054.0000000000,-137.3260192871
21978600.0000000000,-137.3884124756
22029262.0000000000,-137.5080108643
22080040.0000000000,-137.3884124756
22130936.0000000000,-137.3260192871
22181974.0000000000,-137.2259521484
22233106.0000000000,-137.1822814941
22284354.0000000000,-137.0961914063
22335722.0000000000,-137.0961914063
22387206.0000000000,-137.0961914063
22438810.0000000000,-137.0961914063
22490558.0000000000,-137.0852203369
22542400.0000000000,-137.0650787354
22594362.0000000000,-137.0410156250
22646444.0000000000,-137.0303192139
22698646.0000000000,-137.0410156250
22750968.0000000000,-137.0650787354
22803410.0000000000,-137.0852203369
22855998.0000000000,-137.0852203369
22908684.0000000000,-137.0961914063
22961490.0000000000,-137.3033447266
23014418.0000000000,-137.5272674561
23067468.0000000000,-137.5437622070
23120640.0000000000,-137.5929412842
23173934.0000000000,-137.6011199951
23227378.0000000000,-137.6720428467
23280918.0000000000,-137.7693328857
23334582.0000000000,-137.7693328857
23388370.0000000000,-137.6720428467
23442282.0000000000,-137.6011199951
23496318.0000000000,-137.6011199951
23550504.0000000000,-137.6011199951
23604790.0000000000,-137.6011199951
23659200.0000000000,-137.6011199951
23713738.0000000000,-137.6011199951
23768398.0000000000,-137.6011199951
23823186.0000000000,-137.6011199951
23878100.0000000000,-137.6011199951
23933168.0000000000,-137.6720428467
23988336.0000000000,-137.7693328857
24043630.0000000000,-137.9205322266
24099052.0000000000,-137.9205322266
24154602.0000000000,-137.9205322266
24210280.0000000000,-137.9205322266
24266114.0000000000,-137.9205322266
24322048.0000000000,-137.9762878418
24378112.0000000000,-138.0519866943
24434306.0000000000,-138.0723724365
24490628.0000000000,-138.0978546143
24547082.0000000000,-138.1509704590
24603664.0000000000,-138.3094635010
24660404.0000000000,-138.3706817627
24717248.0000000000,-138.3839263916
24774224.0000000000,-138.4198760986
24831330.0000000000,-138.4198760986
24888568.0000000000,-138.4198760986
24945938.0000000000,-138.4198760986
25003440.0000000000,-138.3839263916
25061102.0000000000,-138.3839263916
25118870.0000000000,-138.3839263916
25176770.0000000000,-138.3839263916
25234804.0000000000,-138.5041351318
25292972.0000000000,-138.5258789063
25351274.0000000000,-138.5369415283
25409740.0000000000,-138.8714141846
25468310.0000000000,-138.5258789063
25527016.0000000000,-138.5041351318
25585858.0000000000,-138.5041351318
25644836.0000000000,-138.5041351318
25703948.0000000000,-138.5041351318
25763198.0000000000,-138.5041351318
25822612.0000000000,-138.5041351318
25882136.0000000000,-138.3839263916
25941796.0000000000,-138.3839263916
26001594.0000000000,-138.3839263916
26061528.0000000000,-138.3341217041
26121602.0000000000,-138.3341217041
26181844.0000000000,-138.3341217041
26242194.0000000000,-138.3341217041
26302684.0000000000,-138.3341217041
26363314.0000000000,-138.1775970459
26424084.0000000000,-138.0978546143
26484992.0000000000,-138.0978546143
26546042.0000000000,-138.1775970459
26607262.0000000000,-138.3341217041
26668594.0000000000,-138.3839263916
26730066.0000000000,-138.4532928467
26791682.0000000000,-138.4585418701
26853438.0000000000,-138.4585418701
26915338.0000000000,-138.4585418701
26977408.0000000000,-138.4585418701
27039594.0000000000,-138.4585418701
27101922.0000000000,-138.4585418701
27164394.0000000000,-138.4585418701
27227010.0000000000,-138.4585418701
27289770.0000000000,-138.8855133057
27352674.0000000000,-139.0043182373
27415754.0000000000,-139.3072509766
27478950.0000000000,-139.3121795654
27542290.0000000000,-139.3121795654
27605778.0000000000,-139.4674987793
27669410.0000000000,-139.5244293213
27733190.0000000000,-139.5244293213
27797118.0000000000,-139.5244293213
27861222.0000000000,-139.4674987793
27925444.0000000000,-139.5244293213
27989814.0000000000,-139.5244293213
28054334.0000000000,-139.5244293213
28119000.0000000000,-139.5244293213
28183816.0000000000,-139.5244293213
28248814.0000000000,-139.5244293213
28313930.0000000000,-139.5244293213
28379194.0000000000,-139.5244293213
28444610.0000000000,-139.5244293213
28510178.0000000000,-139.5244293213
28575896.0000000000,-139.5244293213
28641766.0000000000,-139.5244293213
28707818.0000000000,-139.6294250488
28773992.0000000000,-139.6294250488
28840318.0000000000,-139.6294250488
28906796.0000000000,-139.6294250488
28973428.0000000000,-139.7482604980
29040214.0000000000,-139.7888641357
29107186.0000000000,-139.7888641357
29174280.0000000000,-139.7482604980
29241530.0000000000,-139.6294250488
29308932.0000000000,-139.7482604980
29376492.0000000000,-139.7888641357
29444208.0000000000,-139.7888641357
29512078.0000000000,-139.7888641357
29580138.0000000000,-139.7888641357
29648322.0000000000,-139.8704223633
29716664.0000000000,-139.8704223633
29785162.0000000000,-139.8704223633
29853820.0000000000,-139.8704223633
29922634.0000000000,-139.8704223633
29991642.0000000000,-139.8704223633
30060774.0000000000,-139.8704223633
30130066.0000000000,-139.8704223633
30199518.0000000000,-139.8704223633
30269130.0000000000,-140.1732177734
30338904.0000000000,-140.1914672852
30408836.0000000000,-140.1732177734
30478964.0000000000,-139.8704223633
30549220.0000000000,-139.8704223633
30619638.0000000000,-139.8704223633
30690220.0000000000,-139.7888641357
30760962.0000000000,-139.7888641357
30831868.0000000000,-139.7888641357
30902938.0000000000,-139.7888641357
30974206.0000000000,-139.7888641357
31045604.0000000000,-139.7888641357
31117166.0000000000,-139.7888641357
31188892.0000000000,-139.7888641357
31260786.0000000000,-139.7888641357
31332844.0000000000,-139.7888641357
31405102.0000000000,-139.7888641357
31477494.0000000000,-139.7888641357
31550052.0000000000,-139.7496032715
31622776.0000000000,-139.7496032715
31695670.0000000000,-139.7496032715
31768730.0000000000,-139.7285919189
31841960.0000000000,-139.3396453857
31915392.0000000000,-139.2717132568
31988960.0000000000,-139.2717132568
32062696.0000000000,-139.2717132568
32136604.0000000000,-139.2717132568
32210680.0000000000,-139.1480255127
32284928.0000000000,-138.8688964844
32359382.0000000000,-138.7141876221
32433974.0000000000,-138.6722564697
32508736.0000000000,-138.5815887451
32583670.0000000000,-138.5293273926
32658778.0000000000,-138.4835968018
32734060.0000000000,-138.4537811279
32809514.0000000000,-138.4227752686
32885178.0000000000,-138.3558502197
32960980.0000000000,-138.2841796875
33036958.0000000000,-138.2049255371
33113110.0000000000,-138.2017822266
33189438.0000000000,-138.1543426514
33265942.0000000000,-138.1543426514
33342624.0000000000,-138.1543426514
33419516.0000000000,-138.1543426514
33496552.0000000000,-138.1543426514
33573764.0000000000,-138.2017822266
33651152.0000000000,-138.2017822266
33728720.0000000000,-138.2017822266
33806468.0000000000,-138.2017822266
33884432.0000000000,-137.9340362549
33962536.0000000000,-137.9340362549
34040824.0000000000,-137.9340362549
34119292.0000000000,-137.9340362549
34197936.0000000000,-137.9340362549
34276768.0000000000,-137.9340362549
34355776.0000000000,-137.9340362549
34435008.0000000000,-137.9340362549
34514384.0000000000,-137.9340362549
34593940.0000000000,-137.9340362549
34673680.0000000000,-137.9340362549
34753608.0000000000,-137.9340362549
34833716.0000000000,-137.9340362549
34914048.0000000000,-137.9340362549
34994528.0000000000,-137.9340362549
35075192.0000000000,-137.9340362549
35156044.0000000000,-137.9534759521
35237080.0000000000,-138.2757110596
35318304.0000000000,-138.4469909668
35399716.0000000000,-138.5520477295
35481356.0000000000,-138.5686035156
35563140.0000000000,-138.6655273438
35645116.0000000000,-138.6726226807
35727280.0000000000,-138.7984161377
35809636.0000000000,-138.9547424316
35892180.0000000000,-138.9678955078
35974952.0000000000,-139.2852478027
36057876.0000000000,-139.4925689697
36140992.0000000000,-139.5547027588
36224300.0000000000,-140.2408752441
36307800.0000000000,-140.3030853271
36391492.0000000000,-140.3891143799
36475376.0000000000,-140.4535064697
36559496.0000000000,-140.4535064697
36643768.0000000000,-140.4535064697
36728236.0000000000,-140.4535064697
36812896.0000000000,-140.4535064697
36897752.0000000000,-140.4535064697
36982804.0000000000,-140.4635925293
37068052.0000000000,-140.5258026123
37153536.0000000000,-140.6489562988
37239180.0000000000,-140.7140045166
37325020.0000000000,-140.8018646240
37411056.0000000000,-140.9087066650
37497292.0000000000,-141.3437042236
37583724.0000000000,-141.5301513672
37670400.0000000000,-141.5446166992
37757232.0000000000,-141.5446166992
37844264.0000000000,-141.5446166992
37931500.0000000000,-141.5446166992
38018932.0000000000,-141.5446166992
38106568.0000000000,-141.5446166992
38194408.0000000000,-141.5446166992
38282492.0000000000,-141.5446166992
38370736.0000000000,-141.5301513672
38459180.0000000000,-141.5301513672
38547832.0000000000,-141.5301513672
38636688.0000000000,-141.5301513672
38725748.0000000000,-141.5301513672
38815056.0000000000,-141.5446166992
38904528.0000000000,-141.8051910400
38994204.0000000000,-141.9206237793
39084092.0000000000,-142.1431121826
39174180.0000000000,-142.1431121826
39264480.0000000000,-142.1431121826
39354988.0000000000,-142.1431121826
39445748.0000000000,-142.1431121826
39536672.0000000000,-141.9799346924
39627808.0000000000,-141.9206237793
39719152.0000000000,-141.8051910400
39810708.0000000000,-141.5446166992
39902476.0000000000,-141.5301513672
39994496.0000000000,-141.5003051758
40086688.0000000000,-141.5003051758
40179088.0000000000,-141.5003051758
40271704.0000000000,-141.5003051758
40364536.0000000000,-141.5003051758
40457576.0000000000,-141.5301513672
40550836.0000000000,-141.5375366211
40644352.0000000000,-141.5914916992
40738040.0000000000,-141.5914916992
40831944.0000000000,-141.5914916992
40926064.0000000000,-141.5375366211
41020404.0000000000,-141.5003051758
41114956.0000000000,-141.3602294922
41209732.0000000000,-141.3602294922
41304768.0000000000,-141.2552185059
41399976.0000000000,-140.6652526855
41495408.0000000000,-140.6528930664
41591056.0000000000,-140.6528930664
41686928.0000000000,-140.6652526855
41783020.0000000000,-141.2552185059
41879376.0000000000,-141.3602294922
41975912.0000000000,-141.5045928955
42072668.0000000000,-141.5375366211
42169652.0000000000,-141.5914916992
42266856.0000000000,-141.5914916992
42364284.0000000000,-141.5914916992
42461936.0000000000,-141.5914916992
42559860.0000000000,-141.5914916992
42657964.0000000000,-141.5914916992
42756292.0000000000,-141.5914916992
42854848.0000000000,-141.5914916992
42953632.0000000000,-141.5375366211
43052644.0000000000,-141.5045928955
43151932.0000000000,-141.3602294922
43251400.0000000000,-141.2552185059
43351096.0000000000,-140.9878082275
43451024.0000000000,-140.6652526855
43551180.0000000000,-140.6652526855
43651568.0000000000,-140.6652526855
43752188.0000000000,-140.6652526855
43853088.0000000000,-140.6652526855
43954176.0000000000,-140.6652526855
44055492.0000000000,-140.6652526855
44157044.0000000000,-140.6652526855
44258828.0000000000,-140.6652526855
44360848.0000000000,-140.6652526855
44463104.0000000000,-140.2602081299
44565644.0000000000,-140.2418518066
44668368.0000000000,-140.1315155029
44771332.0000000000,-140.1315155029
44874532.0000000000,-140.1315155029
44977972.0000000000,-140.1315155029
45081652.0000000000,-140.1315155029
45185616.0000000000,-140.1080932617
45289772.0000000000,-140.0811767578
45394168.0000000000,-140.0097198486
45498804.0000000000,-139.9659271240
45603684.0000000000,-139.9659271240
45708804.0000000000,-139.9181823730
45814164.0000000000,-139.9181823730
45919820.0000000000,-139.9181823730
46025668.0000000000,-139.9181823730
46131760.0000000000,-139.9181823730
46238100.0000000000,-139.9181823730
46344680.0000000000,-139.9181823730
46451508.0000000000,-139.9181823730
46558632.0000000000,-139.9181823730
46665956.0000000000,-139.9181823730
46773524.0000000000,-139.9181823730
46881340.0000000000,-139.9181823730
46989404.0000000000,-139.9181823730
47097716.0000000000,-139.9181823730
47206280.0000000000,-139.9181823730
47315148.0000000000,-139.9181823730
47424212.0000000000,-139.9659271240
47533528.0000000000,-140.0097198486
47643096.0000000000,-140.1080932617
47752916.0000000000,-140.1435852051
47862992.0000000000,-140.1602172852
47973372.0000000000,-140.1602172852
48083952.0000000000,-140.1602172852
48194788.0000000000,-140.2106628418
48305880.0000000000,-140.5359344482
48417232.0000000000,-141.2239837646
48528836.0000000000,-141.2257690430
48640696.0000000000,-141.2257690430
48752872.0000000000,-141.2257690430
48865252.0000000000,-141.2257690430
48977888.0000000000,-141.2257690430
49090784.0000000000,-141.2257690430
49203944.0000000000,-141.7385406494
49317364.0000000000,-142.0551605225
49431044.0000000000,-142.1266937256
49545040.0000000000,-142.1266937256
49659244.0000000000,-142.1266937256
49773712.0000000000,-142.1266937256
49888444.0000000000,-142.1266937256
50003440.0000000000,-142.1266937256
50118700.0000000000,-142.1266937256
50234284.0000000000,-142.1266937256
50350076.0000000000,-142.1266937256
50466136.0000000000,-142.1266937256
50582464.0000000000,-142.1437988281
50699060.0000000000,-142.1437988281
50815928.0000000000,-142.1437988281
50933060.0000000000,-142.1437988281
51050520.0000000000,-142.1266937256
51168196.0000000000,-141.7385406494
51286144.0000000000,-141.6865692139
51404360.0000000000,-141.5523834229
51522852.0000000000,-141.5466766357
51641616.0000000000,-141.3682861328
51760712.0000000000,-141.2257690430
51880024.0000000000,-141.2257690430
51999608.0000000000,-141.2257690430
52119472.0000000000,-141.2257690430
52239612.0000000000,-141.0544281006
52360028.0000000000,-140.8811340332
52480720.0000000000,-140.4577484131
52601752.0000000000,-140.3501434326
52723000.0000000000,-140.1450042725
52844532.0000000000,-140.1147308350
52966340.0000000000,-139.9323577881
53088432.0000000000,-139.9323577881
53210804.0000000000,-139.9323577881
53333520.0000000000,-139.9323577881
53456456.0000000000,-139.9323577881
53579676.0000000000,-139.7094573975
53703180.0000000000,-139.6532440186
53826972.0000000000,-139.5738830566
53951048.0000000000,-139.5222320557
54075408.0000000000,-139.4762878418
54200116.0000000000,-139.3811645508
54325048.0000000000,-139.3811645508
54450272.0000000000,-139.3811645508
54575784.0000000000,-139.4634094238
54701584.0000000000,-139.4762878418
54827676.0000000000,-139.5222320557
54954060.0000000000,-139.5222320557
55080792.0000000000,-139.5222320557
55207756.0000000000,-139.5222320557
55335016.0000000000,-139.5222320557
55462564.0000000000,-139.5222320557
55590412.0000000000,-139.5222320557
55718552.0000000000,-139.5222320557
55847048.0000000000,-139.4762878418
55975780.0000000000,-139.4762878418
56104808.0000000000,-139.4762878418
56234132.0000000000,-139.5222320557
56363756.0000000000,-139.5738830566
56493680.0000000000,-139.6532440186
56623900.0000000000,-139.8125152588
56754484.0000000000,-139.8125152588
56885308.0000000000,-139.8125152588
57016432.0000000000,-139.8125152588
57147860.0000000000,-139.8125152588
57279588.0000000000,-139.8125152588
57411624.0000000000,-139.8125152588
57544024.0000000000,-139.8125152588
57676668.0000000000,-139.8125152588
57809616.0000000000,-139.8125152588
57942872.0000000000,-139.8125152588
58076432.0000000000,-139.8125152588
58210304.0000000000,-139.8125152588
58344484.0000000000,-139.4634094238
58479036.0000000000,-139.3955078125
58613832.0000000000,-139.3955078125
58748944.0000000000,-139.3955078125
58884364.0000000000,-139.4634094238
59020096.0000000000,-139.8125152588
59156140.0000000000,-139.8125152588
59292500.0000000000,-139.8125152588
59429240.0000000000,-139.8234405518
59566228.0000000000,-139.9721374512
59703532.0000000000,-140.0005340576
59841152.0000000000,-140.0005340576
59979092.0000000000,-140.0005340576
60117348.0000000000,-140.0005340576
60255988.0000000000,-140.0005340576
60394884.0000000000,-140.0005340576
60534096.0000000000,-140.0005340576
60673632.0000000000,-139.9721374512
60813488.0000000000,-139.8234405518
60953668.0000000000,-139.8234405518
61094172.0000000000,-139.8234405518
61235064.0000000000,-139.8125152588
61376216.0000000000,-139.8125152588
61517692.0000000000,-139.7304840088
61659496.0000000000,-139.7288055420
61801624.0000000000,-139.7288055420
61944080.0000000000,-139.7288055420
62086936.0000000000,-139.5690765381
62230048.0000000000,-139.4873352051
62373496.0000000000,-139.4873352051
62517268.0000000000,-139.4873352051
62661376.0000000000,-139.4873352051
62805816.0000000000,-139.4873352051
62950588.0000000000,-139.4873352051
63095764.0000000000,-139.4873352051
63241204.0000000000,-139.5690765381
63386976.0000000000,-139.7288055420
63533088.0000000000,-139.7304840088
63679536.0000000000,-140.0559539795
63826324.0000000000,-140.0751800537
63973516.0000000000,-140.1841278076
64120980.0000000000,-140.2180175781
64268784.0000000000,-140.3919830322
64416928.0000000000,-140.3919830322
64565416.0000000000,-140.3919830322
64714244.0000000000,-140.3919830322
64863412.0000000000,-140.3919830322
65013000.0000000000,-140.5594024658
65162860.0000000000,-140.5736236572
65313064.0000000000,-140.5736236572
65463616.0000000000,-140.5736236572
65614512.0000000000,-140.5736236572
65765760.0000000000,-140.5736236572
65917356.0000000000,-140.5736236572
66069372.0000000000,-140.5594024658
66221664.0000000000,-140.5594024658
66374312.0000000000,-140.5594024658
66527308.0000000000,-140.5736236572
66680660.0000000000,-140.6140289307
66834364.0000000000,-140.6831665039
66988492.0000000000,-140.9667053223
67142904.0000000000,-140.9829406738
67297680.0000000000,-141.0379028320
67452800.0000000000,-141.0379028320
67608288.0000000000,-141.0379028320
67764128.0000000000,-141.0379028320
67920328.0000000000,-141.0787506104
68076968.0000000000,-141.2635498047
68233888.0000000000,-141.2675170898
68391168.0000000000,-141.6474304199
68548816.0000000000,-141.6905212402
68706824.0000000000,-141.7565612793
68865200.0000000000,-141.7565612793
69024016.0000000000,-141.7634429932
69183120.0000000000,-141.9050445557
69342592.0000000000,-141.9263305664
69502432.0000000000,-142.1407012939
69662640.0000000000,-141.9263305664
69823216.0000000000,-141.9050445557
69984168.0000000000,-141.9050445557
70145560.0000000000,-141.9263305664
70307248.0000000000,-141.9263305664
70469312.0000000000,-141.9050445557
70631752.0000000000,-141.7634429932
70794560.0000000000,-141.7565612793
70957752.0000000000,-141.7565612793
71121392.0000000000,-141.7565612793
71285328.0000000000,-141.6905212402
71449648.0000000000,-141.6474304199
71614344.0000000000,-141.3243560791
71779424.0000000000,-141.2675170898
71944880.0000000000,-141.2675170898
72110712.0000000000,-141.2675170898
72277016.0000000000,-141.2675170898
72443616.0000000000,-141.3243560791
72610608.0000000000,-141.6474304199
72777976.0000000000,-141.6474304199
72945736.0000000000,-141.4203643799
73113880.0000000000,-141.3243560791
73282416.0000000000,-141.2675170898
73451416.0000000000,-141.2318572998
73620728.0000000000,-141.2318572998
73790432.0000000000,-141.0864562988
73960520.0000000000,-141.0864562988
74131008.0000000000,-141.2318572998
74301880.0000000000,-141.3243560791
74473232.0000000000,-141.3243560791
74644904.0000000000,-141.2318572998
74816960.0000000000,-141.0864562988
74989424.0000000000,-141.0864562988
75162280.0000000000,-141.0864562988
75335528.0000000000,-141.0864562988
75509184.0000000000,-140.5836486816
75683320.0000000000,-140.5823822021
75857776.0000000000,-140.4644317627
76032632.0000000000,-140.1588287354
76207896.0000000000,-140.1588287354
76383560.0000000000,-140.1588287354
76559632.0000000000,-140.1588287354
76736192.0000000000,-140.4169921875
76913072.0000000000,-140.4169921875
77090360.0000000000,-140.4169921875
77268064.0000000000,-140.4169921875
77446168.0000000000,-140.5823822021
77624688.0000000000,-140.7228546143
77803616.0000000000,-141.0864562988
77983048.0000000000,-141.4203643799
78162800.0000000000,-141.4952697754
78342976.0000000000,-141.8274841309
78523560.0000000000,-142.0174713135
78704560.0000000000,-142.3026733398
78885984.0000000000,-142.4577789307
79067816.0000000000,-142.4577789307
79250160.0000000000,-142.3026733398
79432840.0000000000,-142.0174713135
79615936.0000000000,-142.0174713135
79799456.0000000000,-141.8274841309
79983400.0000000000,-141.8274841309
80167768.0000000000,-141.8274841309
80352648.0000000000,-141.8274841309
80537872.0000000000,-141.8274841309
80723512.0000000000,-141.8274841309
80909592.0000000000,-141.8274841309
81096088.0000000000,-141.8274841309
81283024.0000000000,-141.4952697754
81470384.0000000000,-140.9157562256
81658272.0000000000,-140.9157562256
81846496.0000000000,-141.4952697754
82035160.0000000000,-141.7656250000
82224256.0000000000,-141.8274841309
82413792.0000000000,-141.7656250000
82603760.0000000000,-141.4952697754
82794256.0000000000,-141.0847930908
82985104.0000000000,-141.0847930908
83176392.0000000000,-141.0847930908
83368120.0000000000,-141.0847930908
83560288.0000000000,-141.0847930908
83752904.0000000000,-140.9157562256
83945960.0000000000,-140.7228546143
84139552.0000000000,-140.7228546143
84333496.0000000000,-140.6421356201
84527896.0000000000,-140.2599639893
84722736.0000000000,-140.2292633057
84918032.0000000000,-140.2263946533
85113768.0000000000,-140.2263946533
85310056.0000000000,-140.2263946533
85506704.0000000000,-140.2263946533
85703800.0000000000,-140.1255950928
85901352.0000000000,-140.0127563477
86099360.0000000000,-140.0127563477
86297832.0000000000,-140.0127563477
86496752.0000000000,-140.0127563477
86696224.0000000000,-140.0127563477
86896072.0000000000,-140.0127563477
87096368.0000000000,-140.1255950928
87297136.0000000000,-140.1255950928
87498360.0000000000,-140.1255950928
87700048.0000000000,-140.0127563477
87902208.0000000000,-140.0127563477
88104920.0000000000,-140.0127563477
88308008.0000000000,-140.1255950928
88511568.0000000000,-140.1888732910
88715592.0000000000,-140.1972808838
88920088.0000000000,-140.2292633057
89125056.0000000000,-140.2599639893
89330592.0000000000,-140.4966430664
89536504.0000000000,-140.4966430664
89742896.0000000000,-140.4966430664
89949760.0000000000,-140.4966430664
90157096.0000000000,-140.4966430664
90364920.0000000000,-140.4966430664
90573216.0000000000,-140.4966430664
90782088.0000000000,-140.7031860352
90991352.0000000000,-140.9662017822
91201088.0000000000,-141.0149688721
91411320.0000000000,-141.0690917969
91622024.0000000000,-141.0690917969
91833224.0000000000,-141.0690917969
92045008.0000000000,-141.0995635986
92257176.0000000000,-141.2444458008
92469832.0000000000,-141.2444458008
92682984.0000000000,-141.2444458008
92896624.0000000000,-141.2444458008
93110760.0000000000,-141.2444458008
93325384.0000000000,-141.2444458008
93540608.0000000000,-141.0995635986
93756224.0000000000,-141.0995635986
93972344.0000000000,-141.0995635986
94188952.0000000000,-141.2444458008
94406064.0000000000,-141.2444458008
94623680.0000000000,-141.5027923584
94841896.0000000000,-141.5027923584
95060512.0000000000,-141.5027923584
95279640.0000000000,-141.5908203125
95499264.0000000000,-141.5908203125
95719392.0000000000,-141.8291168213
95940032.0000000000,-141.8291168213
96161184.0000000000,-141.8291168213
96382952.0000000000,-141.8291168213
96605120.0000000000,-141.8291168213
96827800.0000000000,-141.8291168213
97050992.0000000000,-141.8291168213
97274704.0000000000,-141.8291168213
97498928.0000000000,-141.8291168213
97723672.0000000000,-141.5027923584
97949040.0000000000,-141.2444458008
98174816.0000000000,-141.0995635986
98401120.0000000000,-141.0995635986
98627936.0000000000,-141.0995635986
98855280.0000000000,-141.0995635986
99083152.0000000000,-140.9861907959
99311656.0000000000,-140.9576110840
99540576.0000000000,-140.9564361572
99770024.0000000000,-140.9564361572
100000000.0000000000,-140.9468383789
