Type,FSWP-50
Version,3.02SP1
Date,03.Jul 2026
VSupply,ON
Mode,Voltage
Voltage Set,0.6000000000,V
Voltage Min,0.0000000000,V
Voltage Max,0.6500000000,V
Voltage Meas,0.6079384278,V
Current Max,20.0000000000,mA
Current Meas,19.6826898911,mA
VTune,OFF
Voltage Set,0.0000000000,V
Voltage Min,0.0000000000,V
Voltage Max,0.0100000000,V
Voltage Meas,-0.0256750577,V
Current Max,20.0000000000,mA
Current Meas,0.1426227391,mA
VAux,OFF
Voltage Set,0.0000000000,V
Voltage Min,-10.0000000000,V
Voltage Max,10.0000000000,V
Voltage Meas,-0.0117415825,V
Current Max,100.0000000000,mA
Current Meas,-0.0639768038,mA
Mode,Phase Noise
Measurement,Phase Noise
Input,RF
RF Att,0.0000000000,dB
Coupling,AC
RBW,2.0000000000,%
XCORR Factor,1000
XCORR Optimize,ON
Estimated Meas Time,3.7457527981,s
Sweep Count,5
Signal Frequency,19341888360.7955284119,Hz
Signal Level,-15.4892000000,dBm
Start,10000.0000000000,Hz
Stop,100000000.0000000000,Hz
SubSweep,1
Start,10000.0000000000,Hz
Stop,30000.0000000000,Hz
RBW,600.0000000000,Hz
XCORR Count,1000
SubSweep,2
Start,30000.0000000000,Hz
Stop,100000.0000000000,Hz
RBW,600.0000000000,Hz
XCORR Count,1000
SubSweep,3
Start,100000.0000000000,Hz
Stop,300000.0000000000,Hz
RBW,2000.0000000000,Hz
XCORR Count,3300
SubSweep,4
Start,300000.0000000000,Hz
Stop,1000000.0000000000,Hz
RBW,6000.0000000000,Hz
XCORR Count,10000
SubSweep,5
Start,1000000.0000000000,Hz
Stop,3000000.0000000000,Hz
RBW,20000.0000000000,Hz
XCORR Count,10000
SubSweep,6
Start,3000000.0000000000,Hz
Stop,10000000.0000000000,Hz
RBW,60000.0000000000,Hz
XCORR Count,10000
SubSweep,7
Start,10000000.0000000000,Hz
Stop,30000000.0000000000,Hz
RBW,200000.0000000000,Hz
XCORR Count,10000
SubSweep,8
Start,30000000.0000000000,Hz
Stop,100000000.0000000000,Hz
RBW,600000.0000000000,Hz
XCORR Count,10000
Integrated Measurements Range,1
Start,10000.0000000000,Hz
Stop,100000000.0000000000,Hz
Weighting,OFF
Integrated Measurements Range,2
Start,10000.0000000000,Hz
Stop,100000000.0000000000,Hz
Weighting,OFF
Integrated Measurements Range,3
Start,10000.0000000000,Hz
Stop,100000000.0000000000,Hz
Weighting,OFF
Integrated Measurements Range,4
Start,10000.0000000000,Hz
Stop,100000000.0000000000,Hz
Weighting,OFF
Integrated Measurements Range,5
Start,10000.0000000000,Hz
Stop,100000000.0000000000,Hz
Weighting,OFF
Integrated Measurements Range,6
Start,10000.0000000000,Hz
Stop,100000000.0000000000,Hz
Weighting,OFF
Integrated Measurements Range,7
Start,10000.0000000000,Hz
Stop,100000000.0000000000,Hz
Weighting,OFF
Integrated Measurements Range,8
Start,10000.0000000000,Hz
Stop,100000000.0000000000,Hz
Weighting,OFF
Integrated Measurements Range,9
Start,10000.0000000000,Hz
Stop,100000000.0000000000,Hz
Weighting,OFF
Integrated Measurements Range,10
Start,10000.0000000000,Hz
Stop,100000000.0000000000,Hz
Weighting,OFF
Spot Noise Decade Edges,OFF
Spot Noise User Defined,ON
Spot Noise User Defined Offset,1
State,OFF
Offset,1000.0000000000,Hz
Spot Noise User Defined Offset,2
State,OFF
Offset,10000.0000000000,Hz
Spot Noise User Defined Offset,3
State,ON
Offset,100000.0000000000,Hz
Spot Noise User Defined Offset,4
State,ON
Offset,1000000.0000000000,Hz
Spot Noise User Defined Offset,5
State,ON
Offset,10000000.0000000000,Hz
Spot Noise User Defined Offset,6
State,OFF
Offset,100000000.0000000000,Hz
Window,1,Noise Spectrum
Trace,1
Trace Mode,CLR/WRITE
Trace Result,PN
Smoothing,ON
Smoothing Value,1.0000000000,%
Spurious Removal,ON
Spurious Removal Threshold,6.0000000000,dB
Trace Offset,OFF
Trace Offset,0.0000000000,dB
Trace Label,OFF
Trace Label,Trace 1
x-Unit,Hz
y-Unit,dBc/Hz
Values,4001
10000.0000000000,-55.3392486572
10023.0507812500,-55.3861236572
10046.1542968750,-55.4329986572
10069.3115234375,-55.4798774719
10092.5332031250,-55.5224533081
10115.7968750000,-55.5647125244
10139.1152343750,-55.6069755554
10162.4863281250,-55.6492347717
10185.9111328125,-55.6842994690
10209.3906250000,-55.7139587402
10232.9355468750,-55.7436332703
10256.5234375000,-55.7732925415
10280.1650390625,-55.7991065979
10303.8613281250,-55.8133850098
10327.6123046875,-55.8276634216
10351.4189453125,-55.8419418335
10375.2792968750,-55.8562164307
10399.2060546875,-55.8598136902
10423.1777343750,-55.8630867004
10447.2031250000,-55.8663635254
10471.2851562500,-55.8696365356
10495.4218750000,-55.8718490601
10519.6152343750,-55.8736724854
10543.8632812500,-55.8754997253
10568.1787109375,-55.8773231506
10592.5400390625,-55.8838768005
10616.9560546875,-55.8944816589
10641.4287109375,-55.9050903320
10665.9580078125,-55.9156990051
10690.5439453125,-55.9320983887
10715.1982421875,-55.9578933716
10739.8974609375,-55.9836730957
10764.6533203125,-56.0094528198
10789.4667968750,-56.0392799377
10814.3378906250,-56.0802955627
10839.2656250000,-56.1213073730
10864.2509765625,-56.1623229980
10889.3056640625,-56.2051506042
10914.4062500000,-56.2557220459
10939.5644531250,-56.3062934875
10964.7812500000,-56.3568687439
10990.0556640625,-56.4076652527
11015.3886718750,-56.4597663879
11040.7919921875,-56.5118904114
11066.2412109375,-56.5639877319
11091.7500000000,-56.6153945923
11117.3173828125,-56.6626892090
11142.9433593750,-56.7099838257
11168.6289062500,-56.7572784424
11194.3730468750,-56.8032264709
11220.1894531250,-56.8429908752
11246.0527343750,-56.8827362061
11271.9755859375,-56.9224777222
11297.9580078125,-56.9602508545
11324.0009765625,-56.9920616150
11350.1035156250,-57.0238685608
11376.2792968750,-57.0556945801
11402.5019531250,-57.0846176147
11428.7861328125,-57.1082611084
11455.1298828125,-57.1319007874
11481.5351562500,-57.1555442810
11508.0000000000,-57.1749267578
11534.5273437500,-57.1899185181
11561.1279296875,-57.2049140930
11587.7773437500,-57.2199058533
11614.4873046875,-57.2299652100
11641.2597656250,-57.2375564575
11668.0937500000,-57.2451477051
11694.9892578125,-57.2527389526
11721.9472656250,-57.2584648132
11748.9804687500,-57.2639236450
11776.0625000000,-57.2693786621
11803.2070312500,-57.2756004333
11830.4140625000,-57.2878074646
11857.6845703125,-57.3000183105
11885.0166015625,-57.3122291565
11912.4257812500,-57.3303833008
11939.8847656250,-57.3579978943
11967.4072265625,-57.3856124878
11994.9931640625,-57.4132270813
12022.6425781250,-57.4536895752
12050.3554687500,-57.4999427795
12078.1318359375,-57.5461997986
12105.9863281250,-57.5927963257
12133.8916015625,-57.6522789001
12161.8613281250,-57.7117576599
12189.8955078125,-57.7712364197
12217.9931640625,-57.8309135437
12246.1572265625,-57.8909072876
12274.3984375000,-57.9509239197
12302.6923828125,-58.0109176636
12331.0507812500,-58.0606918335
12359.4746093750,-58.1076889038
12387.9638671875,-58.1546821594
12416.5195312500,-58.1975822449
12445.1396484375,-58.2251930237
12473.8408203125,-58.2528152466
12502.5937500000,-58.2804298401
12531.4130859375,-58.2973976135
12560.2988281250,-58.3090362549
12589.2509765625,-58.3206710815
12618.2705078125,-58.3312263489
12647.3701171875,-58.3356208801
12676.5234375000,-58.3400077820
12705.7441406250,-58.3443984985
12735.0312500000,-58.3491973877
12764.3867187500,-58.3542098999
12793.8095703125,-58.3592224121
12823.2998046875,-58.3652267456
12852.8730468750,-58.3751792908
12882.4990234375,-58.3851280212
12912.1943359375,-58.3950805664
12941.9580078125,-58.4098510742
12971.7900390625,-58.4260787964
13001.6914062500,-58.4423065186
13031.6611328125,-58.4606170654
13061.7138671875,-58.4826164246
13091.8222656250,-58.5046043396
13122.0000000000,-58.5265960693
13152.2470703125,-58.5523071289
13182.5634765625,-58.5780868530
13212.9501953125,-58.6038665771
13243.4218750000,-58.6302795410
13273.9492187500,-58.6570472717
13304.5468750000,-58.6838111877
13335.2138671875,-58.7103004456
13365.9531250000,-58.7361450195
13396.7626953125,-58.7619934082
13427.6425781250,-58.7878379822
13458.6093750000,-58.8136825562
13489.6328125000,-58.8395195007
13520.7265625000,-58.8653526306
13551.8935546875,-58.8937683105
13583.1308593750,-58.9231910706
13614.4414062500,-58.9526100159
13645.8388671875,-58.9853134155
13677.2929687500,-59.0217323303
13708.8203125000,-59.0581512451
13740.4199218750,-59.0961189270
13772.0927734375,-59.1390571594
13803.8388671875,-59.1819953918
13835.6572265625,-59.2249565125
13867.5644531250,-59.2686500549
13899.5302734375,-59.3123207092
13931.5693359375,-59.3559913635
13963.6826171875,-59.3931350708
13995.8701171875,-59.4291381836
14028.1318359375,-59.4651374817
14060.4677734375,-59.4919395447
14092.8935546875,-59.5146560669
14125.3789062500,-59.5373649597
14157.9384765625,-59.5532302856
14190.5732421875,-59.5636482239
14223.2841796875,-59.5740623474
14256.0693359375,-59.5819816589
14288.9462890625,-59.5867652893
14321.8837890625,-59.5915451050
14354.8964843750,-59.5971755981
14387.9853515625,-59.6043624878
14421.1503906250,-59.6115493774
14454.3925781250,-59.6210556030
14487.7109375000,-59.6364517212
14521.1220703125,-59.6518554688
14554.5947265625,-59.6697502136
14588.1435546875,-59.6957740784
14621.7705078125,-59.7217941284
14655.4746093750,-59.7499198914
14689.2568359375,-59.7860221863
14723.1328125000,-59.8221435547
14757.0703125000,-59.8597068787
14791.0869140625,-59.9029846191
14825.1806640625,-59.9462585449
14859.3544921875,-59.9900665283
14893.6054687500,-60.0357742310
14927.9365234375,-60.0814857483
14962.3632812500,-60.1264495850
14996.8525390625,-60.1691360474
15031.4208984375,-60.2118225098
15066.0693359375,-60.2523040771
15100.7978515625,-60.2878646851
15135.6064453125,-60.3234214783
15170.5117187500,-60.3560028076
15205.4804687500,-60.3837890625
15240.5302734375,-60.4115715027
15275.6611328125,-60.4372291565
15310.8730468750,-60.4605789185
15346.1650390625,-60.4839324951
15381.5390625000,-60.5078353882
15417.0117187500,-60.5321311951
15452.5488281250,-60.5564117432
15488.1679687500,-60.5843467712
15523.8691406250,-60.6136512756
15559.6533203125,-60.6429519653
15595.5195312500,-60.6771125793
15631.4677734375,-60.7119369507
15667.5166015625,-60.7469291687
15703.6318359375,-60.7846641541
15739.8300781250,-60.8223953247
15776.1113281250,-60.8601570129
15812.4765625000,-60.8980064392
15848.9248046875,-60.9358520508
15885.4755859375,-60.9736900330
15922.0927734375,-61.0114707947
15958.7939453125,-61.0492553711
15995.5800781250,-61.0883979797
16032.4511718750,-61.1282081604
16069.4072265625,-61.1680183411
16106.4482421875,-61.2103767395
16143.5927734375,-61.2530021667
16180.8046875000,-61.2954177856
16218.1025390625,-61.3369674683
16255.4863281250,-61.3785133362
16292.9560546875,-61.4162788391
16330.5126953125,-61.4494438171
16368.1738281250,-61.4826202393
16405.9042968750,-61.5058135986
16443.7207031250,-61.5256004333
16481.6250000000,-61.5447921753
16519.6152343750,-61.5540428162
16557.6953125000,-61.5632934570
16595.8613281250,-61.5723342896
16634.1347656250,-61.5810470581
16672.4765625000,-61.5897521973
16710.9082031250,-61.6057167053
16749.4277343750,-61.6243934631
16788.0371093750,-61.6443099976
16826.7343750000,-61.6771621704
16865.5390625000,-61.7100296021
16904.4160156250,-61.7474479675
16943.3808593750,-61.7901573181
16982.4375000000,-61.8328666687
17021.5820312500,-61.8757858276
17060.8183593750,-61.9187469482
17100.1445312500,-61.9594345093
17139.5820312500,-61.9937553406
17179.0898437500,-62.0280570984
17218.6875000000,-62.0539512634
17258.3789062500,-62.0759811401
17298.1601562500,-62.0967559814
17338.0332031250,-62.1085472107
17378.0000000000,-62.1203422546
17418.0761718750,-62.1290359497
17458.2265625000,-62.1354408264
17498.4687500000,-62.1418151855
17538.8027343750,-62.1474990845
17579.2324218750,-62.1531829834
17619.7519531250,-62.1601982117
17660.3867187500,-62.1684226990
17701.0957031250,-62.1767425537
17741.8984375000,-62.1895980835
17782.7949218750,-62.2024497986
17823.7851562500,-62.2186279297
17864.8691406250,-62.2377243042
17906.0488281250,-62.2572593689
17947.3437500000,-62.2838745117
17988.7148437500,-62.3104782104
18030.1796875000,-62.3417015076
18071.7402343750,-62.3760261536
18113.3964843750,-62.4112358093
18155.1484375000,-62.4513931274
18197.0175781250,-62.4915695190
18238.9628906250,-62.5326766968
18281.0058593750,-62.5741577148
18323.1445312500,-62.6141967773
18365.3808593750,-62.6508483887
18407.7148437500,-62.6875038147
18450.1445312500,-62.7150573730
18492.6953125000,-62.7415275574
18535.3222656250,-62.7619056702
18578.0468750000,-62.7761993408
18620.8710937500,-62.7893104553
18663.7929687500,-62.7937545776
18706.8144531250,-62.7981987000
18749.9355468750,-62.7989692688
18793.1757812500,-62.7991561890
18836.4941406250,-62.7993469238
18879.9140625000,-62.8005676270
18923.4335937500,-62.8022193909
18967.0546875000,-62.8107833862
19010.7734375000,-62.8193473816
19054.6171875000,-62.8374900818
19098.5390625000,-62.8591728210
19142.5625000000,-62.8881530762
19186.6875000000,-62.9274940491
19230.9140625000,-62.9688301086
19275.2421875000,-63.0264282227
19319.6738281250,-63.0840301514
19364.2285156250,-63.1521339417
19408.8632812500,-63.2225456238
19453.6015625000,-63.2944908142
19498.4433593750,-63.3677558899
19543.3886718750,-63.4392471313
19588.4375000000,-63.5059432983
19633.6132812500,-63.5725135803
19678.8691406250,-63.6280059814
19724.2304687500,-63.6835021973
19769.6972656250,-63.7302055359
19815.2675781250,-63.7742691040
19860.9433593750,-63.8126907349
19906.7226562500,-63.8462371826
19952.6328125000,-63.8766708374
19998.6250000000,-63.9002876282
20044.7226562500,-63.9230308533
20090.9277343750,-63.9383544922
20137.2382812500,-63.9536781311
20183.6562500000,-63.9649353027
20230.2031250000,-63.9757728577
20276.8339843750,-63.9868888855
20323.5742187500,-63.9981193542
20370.4218750000,-64.0116882324
20417.3769531250,-64.0272369385
20464.4394531250,-64.0449905396
20511.6113281250,-64.0664062500
20558.9160156250,-64.0887603760
20606.3046875000,-64.1143875122
20653.8046875000,-64.1399612427
20701.4121093750,-64.1648559570
20749.1308593750,-64.1897583008
20796.9589843750,-64.2081375122
20844.8984375000,-64.2261047363
20892.9687500000,-64.2360076904
20941.1289062500,-64.2441024780
20989.4003906250,-64.2483444214
21037.7812500000,-64.2509613037
21086.2753906250,-64.2569046021
21134.8808593750,-64.2650604248
21183.6210937500,-64.2820281982
21232.4511718750,-64.3075332642
21281.3945312500,-64.3428039551
21330.4492187500,-64.3912963867
21379.6171875000,-64.4464340210
21428.8984375000,-64.5138168335
21478.2929687500,-64.5832061768
21527.8261718750,-64.6575775146
21577.4492187500,-64.7304458618
21627.1875000000,-64.7985610962
21677.0390625000,-64.8640899658
21727.0058593750,-64.9187316895
21777.0878906250,-64.9713745117
21827.3105468750,-65.0132751465
21877.6230468750,-65.0539550781
21928.0527343750,-65.0867691040
21978.5996093750,-65.1185302734
22029.2617187500,-65.1210479736
22080.0410156250,-65.1279144287
22130.9355468750,-65.1324462891
22181.9746093750,-65.1387557983
22233.1054687500,-65.1423721313
22284.3535156250,-65.1506881714
22335.7207031250,-65.1541213989
22387.2070312500,-65.1647109985
22438.8105468750,-65.1702804565
22490.5585937500,-65.1750717163
22542.4003906250,-65.1775588989
22594.3632812500,-65.1835479736
22646.4433593750,-65.1934661865
22698.6464843750,-65.2439270020
22750.9667968750,-65.3155364990
22803.4101562500,-65.3927383423
22855.9980468750,-65.4816970825
22908.6835937500,-65.5715789795
22961.4902343750,-65.6629638672
23014.4179687500,-65.7487182617
23067.4667968750,-65.8057937622
23120.6386718750,-65.8068771362
23173.9335937500,-65.8124389648
23227.3769531250,-65.8279342651
23280.9179687500,-65.8361282349
23334.5820312500,-65.8451614380
23388.3710937500,-65.8751296997
23442.2812500000,-65.8805236816
23496.3183593750,-65.8928833008
23550.5039062500,-65.9217300415
23604.7910156250,-65.9318389893
23659.2011718750,-65.9459304810
23713.7363281250,-65.9597320557
23768.3984375000,-65.9754638672
23823.1875000000,-65.9805068970
23878.1015625000,-65.9915390015
23933.1679687500,-65.9934387207
23988.3359375000,-66.0598068237
24043.6308593750,-66.1203002930
24099.0527343750,-66.1777648926
24154.6035156250,-66.2173690796
24210.2812500000,-66.2290191650
24266.1132812500,-66.2328033447
24322.0488281250,-66.2392807007
24378.1132812500,-66.2406845093
24434.3066406250,-66.2531280518
24490.6289062500,-66.2536621094
24547.0820312500,-66.2540740967
24603.6640625000,-66.2634048462
24660.4042968750,-66.2639083862
24717.2480468750,-66.2713241577
24774.2226562500,-66.2895812988
24831.3300781250,-66.3293991089
24888.5683593750,-66.3852539063
24945.9375000000,-66.4470138550
25003.4394531250,-66.5174560547
25061.1015625000,-66.5917358398
25118.8691406250,-66.6681671143
25176.7714843750,-66.7388000488
25234.8046875000,-66.8040161133
25292.9726562500,-66.8062362671
25351.2753906250,-66.8062820435
25409.7402343750,-66.8090972900
25468.3105468750,-66.8264236450
25527.0175781250,-66.8276748657
25585.8593750000,-66.8456954956
25644.8359375000,-66.8561935425
25703.9492187500,-66.8593063354
25763.1972656250,-66.8627166748
25822.6132812500,-66.8730163574
25882.1347656250,-66.8799896240
25941.7949218750,-66.8809051514
26001.5937500000,-66.8823928833
26061.5292968750,-66.8860549927
26121.6015625000,-66.8936080933
26181.8437500000,-66.8961334229
26242.1953125000,-66.9007720947
26302.6835937500,-66.9043350220
26363.3144531250,-66.9160995483
26424.0839843750,-66.9191436768
26484.9921875000,-66.9268951416
26546.0429687500,-66.9273376465
26607.2617187500,-66.9496154785
26668.5937500000,-66.9978103638
26730.0664062500,-67.0428466797
26791.6816406250,-67.0840454102
26853.4375000000,-67.1228408813
26915.3378906250,-67.1635284424
26977.4082031250,-67.2084655762
27039.5937500000,-67.2620086670
27101.9218750000,-67.3282241821
27164.3945312500,-67.4009857178
27227.0097656250,-67.4870071411
27289.7695312500,-67.5728988647
27352.6738281250,-67.6586074829
27415.7539062500,-67.7285614014
27478.9492187500,-67.7884063721
27542.2910156250,-67.8231277466
27605.7773437500,-67.8408813477
27669.4101562500,-67.8421554565
27733.1914062500,-67.8431243896
27797.1171875000,-67.8459701538
27861.2226562500,-67.8473892212
27925.4453125000,-67.8638763428
27989.8144531250,-67.8884506226
28054.3339843750,-67.9244689941
28119.0000000000,-67.9654693604
28183.8164062500,-68.0090179443
28248.8144531250,-68.0525436401
28313.9296875000,-68.0923690796
28379.1953125000,-68.1288909912
28444.6113281250,-68.1524353027
28510.1777343750,-68.1690673828
28575.8964843750,-68.1756439209
28641.7656250000,-68.1759872437
28707.8183593750,-68.1764907837
28773.9921875000,-68.1782684326
28840.3183593750,-68.1935119629
28906.7968750000,-68.2167587280
28973.4296875000,-68.2533874512
29040.2148437500,-68.2972946167
29107.1855468750,-68.3440704346
29174.2812500000,-68.3912048340
29241.5292968750,-68.4359588623
29308.9335937500,-68.4791183472
29376.4921875000,-68.5198287964
29444.2070312500,-68.5567703247
29512.0781250000,-68.5725326538
29580.1386718750,-68.5803756714
29648.3222656250,-68.5851898193
29716.6640625000,-68.5894012451
29785.1621093750,-68.5918655396
29853.8203125000,-68.5951385498
29922.6347656250,-68.6101684570
29991.6406250000,-68.6123046875
30060.7734375000,-68.6162490845
30130.0664062500,-68.6562576294
30199.5175781250,-68.7404937744
30269.1308593750,-68.8376464844
30338.9023437500,-68.9365997314
30408.8359375000,-69.0246047974
30478.9648437500,-69.0973358154
30549.2207031250,-69.1534042358
30619.6386718750,-69.1941909790
30690.2187500000,-69.2234954834
30760.9628906250,-69.2479858398
30831.8691406250,-69.2761840820
30902.9375000000,-69.3108978271
30974.2050781250,-69.3515090942
31045.6035156250,-69.3839111328
31117.1660156250,-69.3879699707
31188.8925781250,-69.3921356201
31260.7851562500,-69.3944625854
31332.8437500000,-69.4065322876
31405.1035156250,-69.4092788696
31477.4941406250,-69.4301681519
31550.0507812500,-69.4338531494
31622.7773437500,-69.4409332275
31695.6699218750,-69.4505996704
31768.7304687500,-69.4607620239
31841.9589843750,-69.4656372070
31915.3925781250,-69.4703598022
31988.9589843750,-69.4906921387
32062.6972656250,-69.5534667969
32136.6035156250,-69.6253128052
32210.6796875000,-69.7014770508
32284.9277343750,-69.7768249512
32359.3828125000,-69.8482513428
32433.9726562500,-69.9136810303
32508.7363281250,-69.9713439941
32583.6718750000,-70.0194091797
32658.7792968750,-70.0561981201
32734.0585937500,-70.0805816650
32809.5156250000,-70.0927886963
32885.1796875000,-70.0952758789
32960.9804687500,-70.0965194702
33036.9570312500,-70.1066207886
33113.1093750000,-70.1351852417
33189.4375000000,-70.1888809204
33265.9414062500,-70.2688827515
33342.6250000000,-70.3695602417
33419.5156250000,-70.4608764648
33496.5507812500,-70.4650802612
33573.7617187500,-70.4722518921
33651.1523437500,-70.4789733887
33728.7226562500,-70.4824218750
33806.4687500000,-70.5003890991
33884.4335937500,-70.5103912354
33962.5390625000,-70.5433959961
34040.8242187500,-70.5466232300
34119.2890625000,-70.5813064575
34197.9375000000,-70.5884780884
34276.7656250000,-70.5948104858
34355.7773437500,-70.6324539185
34435.0078125000,-70.6437911987
34514.3828125000,-70.6614379883
34593.9414062500,-70.6736984253
34673.6835937500,-70.6814117432
34753.6054687500,-70.7046890259
34833.7187500000,-70.7056198120
34914.0507812500,-70.7081298828
34994.5273437500,-70.7179183960
35075.1953125000,-70.7199783325
35156.0429687500,-70.7303543091
35237.0820312500,-70.7518920898
35318.3046875000,-70.7888565063
35399.7148437500,-70.8417816162
35481.3554687500,-70.9051742554
35563.1406250000,-70.9690322876
35645.1171875000,-71.0220260620
35727.2812500000,-71.0553817749
35809.6367187500,-71.0571289063
35892.1796875000,-71.0630187988
35974.9531250000,-71.0646514893
36057.8789062500,-71.0669174194
36140.9921875000,-71.0964202881
36224.3007812500,-71.1537933350
36307.8007812500,-71.2273178101
36391.4921875000,-71.2317657471
36475.3789062500,-71.2365646362
36559.4960937500,-71.2423706055
36643.7695312500,-71.2547454834
36728.2343750000,-71.2688217163
36812.8945312500,-71.2850189209
36897.7539062500,-71.2999267578
36982.8046875000,-71.3071823120
37068.0507812500,-71.3274307251
37153.5390625000,-71.3368988037
37239.1796875000,-71.3536071777
37325.0195312500,-71.3680877686
37411.0546875000,-71.3766555786
37497.2890625000,-71.3821563721
37583.7226562500,-71.4478149414
37670.3984375000,-71.5208511353
37757.2304687500,-71.5963287354
37844.2656250000,-71.6695785522
37931.5000000000,-71.7374572754
38018.9335937500,-71.8261489868
38106.5703125000,-71.9050064087
38194.4062500000,-71.9566802979
38282.4921875000,-72.0143890381
38370.7343750000,-72.0831069946
38459.1796875000,-72.1647720337
38547.8320312500,-72.2567291260
38636.6875000000,-72.3523254395
38725.7500000000,-72.4433364868
38815.0585937500,-72.5229110718
38904.5273437500,-72.5871810913
38994.2070312500,-72.6351623535
39084.0898437500,-72.6677627563
39174.1835937500,-72.6871261597
39264.4804687500,-72.6967010498
39354.9882812500,-72.7012557983
39445.7460937500,-72.7061233521
39536.6718750000,-72.7157363892
39627.8085937500,-72.7269287109
39719.1523437500,-72.7349166870
39810.7070312500,-72.7362518311
39902.4765625000,-72.7430572510
39994.4960937500,-72.7538681030
40086.6875000000,-72.7735595703
40179.0898437500,-72.7770767212
40271.7070312500,-72.7910842896
40364.5351562500,-72.7955398560
40457.5781250000,-72.8026123047
40550.8359375000,-72.8036727905
40644.3515625000,-72.8046340942
40738.0390625000,-72.9350051880
40831.9453125000,-73.0489730835
40926.0664062500,-73.0877838135
41020.4023437500,-73.1015319824
41114.9570312500,-73.1020431519
41209.7304687500,-73.1289138794
41304.7656250000,-73.1494369507
41399.9765625000,-73.1604919434
41495.4062500000,-73.1659469604
41591.0585937500,-73.1928176880
41686.9257812500,-73.2089614868
41783.0195312500,-73.2336273193
41879.3789062500,-73.2517547607
41975.9140625000,-73.2545700073
42072.6679687500,-73.2655258179
42169.6484375000,-73.2877883911
42266.8554687500,-73.3040924072
42364.2812500000,-73.3129730225
42461.9335937500,-73.3218383789
42559.8593750000,-73.3260345459
42657.9648437500,-73.3442535400
42756.2929687500,-73.3462905884
42854.8476562500,-73.3524322510
42953.6328125000,-73.3867111206
43052.6445312500,-73.4305343628
43151.9296875000,-73.4772949219
43251.3984375000,-73.5282287598
43351.0976562500,-73.5834808350
43451.0234375000,-73.6715621948
43551.1796875000,-73.7215042114
43651.5703125000,-73.7283325195
43752.1914062500,-73.7425231934
43853.0898437500,-73.7576217651
43954.1757812500,-73.7759399414
44055.4921875000,-73.7801895142
44157.0429687500,-73.8061447144
44258.8281250000,-73.8131942749
44360.8476562500,-73.8421325684
44463.1015625000,-73.8445281982
44565.6406250000,-73.8534469604
44668.3671875000,-73.8616104126
44771.3320312500,-73.9245071411
44874.5351562500,-73.9893798828
44977.9726562500,-74.0066680908
45081.6484375000,-74.0130004883
45185.6171875000,-74.0431365967
45289.7734375000,-74.0584335327
45394.1679687500,-74.0881881714
45498.8046875000,-74.0962905884
45603.6835937500,-74.1265487671
45708.8046875000,-74.2269973755
45814.1640625000,-74.3681869507
45919.8203125000,-74.4497528076
46025.6679687500,-74.4783172607
46131.7617187500,-74.4798202515
46238.0976562500,-74.4821395874
46344.6796875000,-74.5308303833
46451.5078125000,-74.5364761353
46558.6328125000,-74.5394058228
46665.9531250000,-74.5948715210
46773.5234375000,-74.5975494385
46881.3398437500,-74.6347732544
46989.4023437500,-74.6829986572
47097.7187500000,-74.6851959229
47206.2812500000,-74.7291870117
47315.1484375000,-74.7474594116
47424.2109375000,-74.7481918335
47533.5273437500,-74.7610244751
47643.0976562500,-74.7840042114
47752.9179687500,-74.8096694946
47862.9921875000,-74.8212280273
47973.3710937500,-74.8279495239
48083.9531250000,-74.8311386108
48194.7890625000,-74.8581237793
48305.8828125000,-74.8750000000
48417.2304687500,-74.8794860840
48528.8359375000,-74.8845138550
48640.6992187500,-74.9512634277
48752.8710937500,-74.9810638428
48865.2500000000,-74.9836425781
48977.8867187500,-74.9895095825
49090.7851562500,-74.9895629883
49203.9453125000,-75.0003814697
49317.3632812500,-75.0006179810
49431.0429687500,-75.0158004761
49545.0390625000,-75.0211410522
49659.2421875000,-75.0250930786
49773.7109375000,-75.0391921997
49888.4453125000,-75.1404571533
50003.4414062500,-75.2740859985
50118.7031250000,-75.3741455078
50234.2851562500,-75.5246810913
50350.0781250000,-75.5819702148
50466.1367187500,-75.5863952637
50582.4648437500,-75.6325836182
50699.0625000000,-75.6543045044
50815.9257812500,-75.6625213623
50933.0625000000,-75.6774826050
51050.5234375000,-75.7443084717
51168.1953125000,-75.7570190430
51286.1445312500,-75.7879333496
51404.3593750000,-75.7926559448
51522.8515625000,-75.7997589111
51641.6171875000,-75.9012374878
51760.7109375000,-75.9204940796
51880.0234375000,-75.9412307739
51999.6093750000,-75.9707260132
52119.4726562500,-76.0385742188
52239.6093750000,-76.0622787476
52360.0273437500,-76.0748977661
52480.7187500000,-76.1618652344
52601.7500000000,-76.1778259277
52723.0000000000,-76.1840972900
52844.5312500000,-76.2229080200
52966.3398437500,-76.2334823608
53088.4335937500,-76.2340240479
53210.8046875000,-76.2347793579
53333.5195312500,-76.2396621704
53456.4570312500,-76.2898559570
53579.6757812500,-76.3273010254
53703.1835937500,-76.3318405151
53826.9726562500,-76.3675613403
53951.0468750000,-76.3988265991
54075.4062500000,-76.4237213135
54200.1132812500,-76.4302139282
54325.0507812500,-76.4744033813
54450.2734375000,-76.6327667236
54575.7851562500,-76.7604980469
54701.5859375000,-76.8355102539
54827.6757812500,-76.8366928101
54954.0585937500,-76.8381652832
55080.7929687500,-76.8753738403
55207.7578125000,-76.8873138428
55335.0156250000,-76.8913116455
55462.5664062500,-76.9267730713
55590.4101562500,-76.9482421875
55718.5507812500,-76.9732971191
55847.0468750000,-76.9740905762
55975.7773437500,-77.0225753784
56104.8085937500,-77.0304260254
56234.1328125000,-77.0428543091
56363.7578125000,-77.0768356323
56493.6796875000,-77.0775680542
56623.9023437500,-77.0810012817
56754.4843750000,-77.0810699463
56885.3085937500,-77.1123733521
57016.4335937500,-77.1157073975
57147.8593750000,-77.1362152100
57279.5898437500,-77.1573562622
57411.6210937500,-77.2014617920
57544.0234375000,-77.2742538452
57676.6679687500,-77.3380432129
57809.6171875000,-77.3990707397
57942.8710937500,-77.4700469971
58076.4335937500,-77.5531997681
58210.3046875000,-77.5851669312
58344.4843750000,-77.5857543945
58479.0351562500,-77.6185455322
58613.8320312500,-77.6307830811
58748.9414062500,-77.6410522461
58884.3632812500,-77.6675109863
59020.0937500000,-77.6869735718
59156.1406250000,-77.6931762695
59292.5000000000,-77.7154388428
59429.2382812500,-77.7211456299
59566.2265625000,-77.7266540527
59703.5312500000,-77.7302093506
59841.1523437500,-77.7370834351
59979.0898437500,-77.7514801025
60117.3476562500,-77.7585906982
60255.9882812500,-77.7890853882
60394.8828125000,-77.7979812622
60534.0976562500,-77.8104858398
60673.6328125000,-77.8364639282
60813.4882812500,-77.8430099487
60953.6679687500,-77.8750839233
61094.1718750000,-77.8819427490
61235.0625000000,-77.8832473755
61376.2148437500,-77.9049530029
61517.6914062500,-77.9175949097
61659.4960937500,-77.9222793579
61801.6250000000,-77.9223556519
61944.0820312500,-77.9438629150
62086.9335937500,-78.0289230347
62230.0507812500,-78.1244125366
62373.4960937500,-78.2145004272
62517.2695312500,-78.2906188965
62661.3750000000,-78.3200759888
62805.8164062500,-78.3385543823
62950.5859375000,-78.3752212524
63095.7617187500,-78.4446563721
63241.2031250000,-78.4684143066
63386.9765625000,-78.4988021851
63533.0898437500,-78.5187988281
63679.5390625000,-78.5225982666
63826.3242187500,-78.5457687378
63973.5195312500,-78.5867462158
64120.9804687500,-78.5974960327
64268.7851562500,-78.6025848389
64416.9296875000,-78.6160049438
64565.4140625000,-78.6741256714
64714.2421875000,-78.7294998169
64863.4140625000,-78.7913208008
65013.0000000000,-78.8111038208
65162.8593750000,-78.8341598511
65313.0625000000,-78.8551254272
65463.6132812500,-78.8661880493
65614.5156250000,-78.8953781128
65765.7578125000,-78.9377441406
65917.3515625000,-78.9614868164
66069.3671875000,-78.9703063965
66221.6640625000,-79.1093215942
66374.3125000000,-79.1232147217
66527.3125000000,-79.1478576660
66680.6562500000,-79.1479568481
66834.3593750000,-79.1701736450
66988.4921875000,-79.1893081665
67142.9062500000,-79.1980056763
67297.6796875000,-79.2161026001
67452.8046875000,-79.2496032715
67608.2890625000,-79.2507400513
67764.1250000000,-79.2675018311
67920.3281250000,-79.2690353394
68076.9609375000,-79.3841934204
68233.8906250000,-79.4665222168
68391.1718750000,-79.4745178223
68548.8203125000,-79.4807662964
68706.8281250000,-79.4854507446
68865.2031250000,-79.5003128052
69024.0156250000,-79.5067443848
69183.1250000000,-79.5234680176
69342.5937500000,-79.5815277100
69502.4296875000,-79.6641998291
69662.6406250000,-79.8051300049
69823.2187500000,-79.8726654053
69984.1640625000,-79.8779373169
70145.5625000000,-79.9006652832
70307.2500000000,-79.9120788574
70469.3125000000,-79.9364700317
70631.7500000000,-79.9382553101
70794.5625000000,-79.9385604858
70957.7500000000,-79.9447555542
71121.3906250000,-79.9498214722
71285.3281250000,-79.9792098999
71449.6484375000,-79.9854965210
71614.3437500000,-80.0243453979
71779.4218750000,-80.0708007813
71944.8750000000,-80.1281585693
72110.7187500000,-80.1298828125
72277.0156250000,-80.1492385864
72443.6171875000,-80.1662597656
72610.6093750000,-80.1669464111
72777.9765625000,-80.1955184937
72945.7343750000,-80.1972656250
73113.8828125000,-80.2329864502
73282.4140625000,-80.2447891235
73451.4140625000,-80.2999420166
73620.7265625000,-80.4259338379
73790.4296875000,-80.5011520386
73960.5234375000,-80.5730972290
74131.0078125000,-80.5949478149
74301.8828125000,-80.6114501953
74473.2343750000,-80.6168365479
74644.8984375000,-80.6467132568
74816.9609375000,-80.6561508179
74989.4218750000,-80.6575393677
75162.2734375000,-80.6904678345
75335.5312500000,-80.7000885010
75509.1875000000,-80.7048721313
75683.3203125000,-80.7171249390
75857.7812500000,-80.7237472534
76032.6328125000,-80.7256774902
76207.8984375000,-80.8629226685
76383.5625000000,-80.8724212646
76559.6328125000,-80.8794708252
76736.1875000000,-80.9141082764
76913.0703125000,-80.9173965454
77090.3593750000,-80.9390106201
77268.0625000000,-80.9410324097
77446.1718750000,-80.9583358765
77624.6875000000,-80.9688339233
77803.6171875000,-80.9831390381
77983.0468750000,-80.9834060669
78162.8046875000,-81.1195297241
78342.9765625000,-81.2109222412
78523.5625000000,-81.2445144653
78704.5625000000,-81.2864456177
78885.9843750000,-81.2947998047
79067.8203125000,-81.3251190186
79250.1640625000,-81.3342742920
79432.8437500000,-81.3458099365
79615.9375000000,-81.3545608521
79799.4609375000,-81.3731307983
79983.4062500000,-81.3732452393
80167.7734375000,-81.3795776367
80352.6484375000,-81.4050369263
80537.8671875000,-81.4338378906
80723.5156250000,-81.4431228638
80909.5859375000,-81.4438552856
81096.0937500000,-81.4542846680
81283.0234375000,-81.4545822144
81470.3828125000,-81.5237655640
81658.2734375000,-81.7489395142
81846.5000000000,-81.8212280273
82035.1640625000,-81.8429794312
82224.2578125000,-81.8528976440
82413.7890625000,-81.8665542603
82603.7578125000,-81.8693466187
82794.2578125000,-81.8950500488
82985.1015625000,-81.9185867310
83176.3906250000,-81.9217529297
83368.1171875000,-81.9296340942
83560.2890625000,-81.9672698975
83752.8984375000,-82.0434646606
83945.9609375000,-82.0465774536
84139.5546875000,-82.0655212402
84333.5000000000,-82.1585388184
84527.8906250000,-82.1764907837
84722.7343750000,-82.1812667847
84918.0312500000,-82.1816635132
85113.7734375000,-82.2354507446
85310.0546875000,-82.2453536987
85506.7031250000,-82.2689743042
85703.8046875000,-82.2695312500
85901.3515625000,-82.2695770264
86099.3671875000,-82.3854446411
86297.8281250000,-82.3856811523
86496.7500000000,-82.3945236206
86696.2265625000,-82.4273147583
86896.0703125000,-82.5039901733
87096.3671875000,-82.5121307373
87297.1328125000,-82.5155563354
87498.3593750000,-82.5408554077
87700.0468750000,-82.6537322998
87902.2031250000,-82.6576080322
88104.9218750000,-82.7254714966
88308.0078125000,-82.7270660400
88511.5703125000,-82.7532424927
88715.5937500000,-82.7943801880
88920.0859375000,-82.8002319336
89125.0546875000,-82.8338546753
89330.5937500000,-82.8384323120
89536.5078125000,-82.8468093872
89742.8906250000,-82.8572463989
89949.7578125000,-82.8867645264
90157.1015625000,-82.9090957642
90364.9140625000,-82.9418563843
90573.2109375000,-83.0346755981
90782.0937500000,-83.1525421143
90991.3515625000,-83.1566696167
91201.0937500000,-83.1944351196
91411.3203125000,-83.2078781128
91622.0234375000,-83.2115859985
91833.2187500000,-83.2117843628
92045.0078125000,-83.2260894775
92257.1718750000,-83.2643127441
92469.8359375000,-83.2853012085
92682.9843750000,-83.2983551025
92896.6250000000,-83.3681869507
93110.7578125000,-83.3826293945
93325.3828125000,-83.4194641113
93540.6093750000,-83.4427642822
93756.2265625000,-83.4499664307
93972.3437500000,-83.4926528931
94188.9531250000,-83.5079956055
94406.0703125000,-83.5447158813
94623.6796875000,-83.5470352173
94841.8984375000,-83.5703582764
95060.5156250000,-83.5785369873
95279.6328125000,-83.6031112671
95499.2656250000,-83.6207962036
95719.3984375000,-83.6736755371
95940.0390625000,-83.6835708618
96161.1875000000,-83.6856002808
96382.9453125000,-83.7200088501
96605.1171875000,-83.7211303711
96827.7968750000,-83.7335815430
97050.9921875000,-83.7454681396
97274.7031250000,-83.7474975586
97498.9296875000,-83.8088150024
97723.6718750000,-83.9051971436
97949.0390625000,-83.9181747437
98174.8203125000,-83.9359970093
98401.1171875000,-83.9619369507
98627.9375000000,-83.9658813477
98855.2812500000,-83.9794540405
99083.1484375000,-83.9853668213
99311.6562500000,-83.9907760620
99540.5781250000,-84.0306396484
99770.0234375000,-84.0328750610
100000.0000000000,-84.0380859375
100230.5078125000,-84.0531768799
100461.5468750000,-84.0769653320
100693.1171875000,-84.0935058594
100925.3359375000,-84.1219482422
101157.9687500000,-84.1599884033
101391.1484375000,-84.1894378662
101624.8593750000,-84.2131195068
101859.1171875000,-84.2374496460
102093.9062500000,-84.2700500488
102329.3515625000,-84.3168029785
102565.2265625000,-84.3791732788
102801.6484375000,-84.4532012939
103038.6171875000,-84.5299987793
103276.1250000000,-84.5983276367
103514.1875000000,-84.6483306885
103752.7890625000,-84.6687774658
103992.0625000000,-84.6735763550
104231.7734375000,-84.6742248535
104472.0312500000,-84.6745300293
104712.8515625000,-84.6798706055
104954.2187500000,-84.6951065063
105196.1484375000,-84.7350006104
105438.6328125000,-84.7899551392
105681.7890625000,-84.8526229858
105925.3984375000,-84.9133834839
106169.5625000000,-84.9629745483
106414.2890625000,-84.9951705933
106659.5859375000,-85.0040206909
106905.4375000000,-85.0044937134
107151.9843750000,-85.0088806152
107398.9765625000,-85.0089187622
107646.5390625000,-85.0181961060
107894.6718750000,-85.0481185913
108143.3750000000,-85.0914840698
108392.6562500000,-85.1407012939
108642.5078125000,-85.1860198975
108893.0546875000,-85.2188415527
109144.0625000000,-85.2194519043
109395.6484375000,-85.2210769653
109647.8125000000,-85.2251358032
109900.5546875000,-85.2270278931
110153.8828125000,-85.2347793579
110407.9218750000,-85.2349929810
110662.4140625000,-85.2352752686
110917.5000000000,-85.2352828979
111173.1718750000,-85.2361831665
111429.4375000000,-85.2583694458
111686.2890625000,-85.2604064941
111943.7343750000,-85.2637634277
112201.8984375000,-85.2894515991
112460.5312500000,-85.2915802002
112719.7578125000,-85.3041687012
112979.5859375000,-85.3150329590
113240.0078125000,-85.3164901733
113501.0390625000,-85.3254470825
113762.7890625000,-85.3482894897
114025.0234375000,-85.3893051147
114287.8593750000,-85.4241867065
114551.2968750000,-85.4543533325
114815.3437500000,-85.4844818115
115080.0078125000,-85.5430831909
115345.2734375000,-85.6227874756
115611.2812500000,-85.6879272461
115877.7734375000,-85.7558517456
116144.8750000000,-85.8201141357
116412.6015625000,-85.8758697510
116680.9375000000,-85.9216690063
116949.8984375000,-85.9595718384
117219.4765625000,-85.9936981201
117489.8046875000,-86.0280761719
117760.6250000000,-86.0650100708
118032.0703125000,-86.1045303345
118304.1406250000,-86.1450195313
118576.8437500000,-86.1843109131
118850.1718750000,-86.2209091187
119124.2578125000,-86.2546615601
119398.8515625000,-86.3029403687
119674.0703125000,-86.3527984619
119949.9296875000,-86.3528900146
120226.4218750000,-86.3622512817
120503.5546875000,-86.3789672852
120781.3203125000,-86.3858718872
121059.8671875000,-86.3873825073
121338.9140625000,-86.4144973755
121618.6093750000,-86.4196014404
121898.9531250000,-86.4219818115
122179.9375000000,-86.4403305054
122461.5703125000,-86.4447631836
122743.9843750000,-86.4562988281
123026.9218750000,-86.4579772949
123310.5078125000,-86.4817733765
123594.7421875000,-86.5528411865
123879.6406250000,-86.6267547607
124165.1953125000,-86.6935729980
124451.3984375000,-86.7446975708
124738.4062500000,-86.7829055786
125025.9375000000,-86.7929153442
125314.1328125000,-86.7946701050
125602.9921875000,-86.8026733398
125892.5156250000,-86.8210296631
126182.7031250000,-86.8499603271
126473.7031250000,-86.8867492676
126765.2343750000,-86.9464340210
127057.4375000000,-86.9991683960
127350.3125000000,-87.0234222412
127643.8671875000,-87.0358276367
127938.0937500000,-87.0371780396
128233.0000000000,-87.0388336182
128528.7265625000,-87.0411911011
128824.9921875000,-87.0471725464
129121.9453125000,-87.0873031616
129419.5781250000,-87.1345977783
129717.8984375000,-87.1917495728
130016.9140625000,-87.2509918213
130316.6093750000,-87.3279800415
130617.1406250000,-87.3892517090
130918.2265625000,-87.4252929688
131220.0000000000,-87.4646759033
131522.4687500000,-87.5105895996
131825.6406250000,-87.5617141724
132129.5000000000,-87.6085662842
132434.2187500000,-87.6097259521
132739.4843750000,-87.6328659058
133045.4687500000,-87.6375274658
133352.1406250000,-87.6422348022
133659.5312500000,-87.6677703857
133967.6250000000,-87.6782684326
134276.4218750000,-87.6823120117
134586.0937500000,-87.6863250732
134896.3281250000,-87.7746200562
135207.2656250000,-87.8072433472
135518.9375000000,-87.8208541870
135831.3125000000,-87.8237686157
136144.4062500000,-87.8474273682
136458.3906250000,-87.8531646729
136772.9375000000,-87.8643646240
137088.2031250000,-87.8697052002
137404.2031250000,-87.8697357178
137720.9218750000,-87.9684753418
138038.3906250000,-88.0976257324
138356.5781250000,-88.1798782349
138675.6406250000,-88.2421188354
138995.2968750000,-88.2429809570
139315.7031250000,-88.2542877197
139636.8281250000,-88.2584915161
139958.7031250000,-88.2735290527
140281.3125000000,-88.2822799683
140604.6718750000,-88.3096694946
140928.9375000000,-88.3561248779
141253.7812500000,-88.4202957153
141579.3906250000,-88.4693603516
141905.7343750000,-88.4926147461
142232.8437500000,-88.5112609863
142560.7031250000,-88.5308837891
142889.4687500000,-88.5404281616
143218.8281250000,-88.5411605835
143548.9687500000,-88.5453872681
143879.8593750000,-88.5654067993
144211.5156250000,-88.5939636230
144543.9218750000,-88.6547088623
144877.1093750000,-88.7222290039
145211.2187500000,-88.7647476196
145545.9375000000,-88.8030929565
145881.4375000000,-88.8539657593
146217.7031250000,-88.9007644653
146554.7500000000,-88.9284667969
146892.5625000000,-88.9583892822
147231.3281250000,-88.9729232788
147570.7031250000,-88.9745788574
147910.8593750000,-88.9783020020
148251.8125000000,-88.9939880371
148593.5468750000,-89.0144424438
148936.0625000000,-89.0520248413
149279.3750000000,-89.0868148804
149623.6250000000,-89.1119613647
149968.5312500000,-89.1335983276
150314.2187500000,-89.1504211426
150660.7031250000,-89.1853561401
151007.9843750000,-89.2310485840
151356.0625000000,-89.2673492432
151705.1250000000,-89.3252563477
152054.8125000000,-89.3529281616
152405.3125000000,-89.3652191162
152756.6093750000,-89.3687286377
153108.7187500000,-89.3799285889
153461.6562500000,-89.3933486938
153815.3906250000,-89.3990936279
154170.1093750000,-89.4087677002
154525.4843750000,-89.4234848022
154881.6875000000,-89.4324264526
155238.7031250000,-89.4339675903
155596.5312500000,-89.4393386841
155955.1875000000,-89.4423522949
156314.6875000000,-89.4529724121
156675.1718750000,-89.5169067383
157036.3125000000,-89.5741195679
157398.2968750000,-89.6225433350
157761.1093750000,-89.6584091187
158124.7656250000,-89.6861801147
158489.2500000000,-89.7036819458
158854.7500000000,-89.7396545410
159220.9218750000,-89.7910156250
159587.9375000000,-89.8558425903
159955.7968750000,-89.8834228516
160324.5156250000,-89.8931732178
160694.0625000000,-89.8983154297
161064.4843750000,-89.9167709351
161435.9218750000,-89.9243392944
161808.0468750000,-89.9398269653
162181.0312500000,-89.9503402710
162554.8593750000,-89.9523391724
162929.5625000000,-89.9961929321
163305.1250000000,-90.0505371094
163681.7343750000,-90.0996704102
164059.0312500000,-90.1513824463
164437.2031250000,-90.2101135254
164816.2343750000,-90.2665557861
165196.1562500000,-90.3009414673
165576.9375000000,-90.3014221191
165958.6093750000,-90.3019485474
166341.3437500000,-90.3101425171
166724.7656250000,-90.3286056519
167109.0781250000,-90.3757171631
167494.2812500000,-90.4269180298
167880.3593750000,-90.4612884521
168267.3437500000,-90.4648895264
168655.3906250000,-90.4652099609
169044.1562500000,-90.4735183716
169433.8125000000,-90.4778366089
169824.3750000000,-90.4989852905
170215.8281250000,-90.5581512451
170608.1875000000,-90.6163940430
171001.4531250000,-90.6484985352
171395.8125000000,-90.6589660645
171790.8906250000,-90.6647186279
172186.8750000000,-90.6811294556
172583.7812500000,-90.7047042847
172981.6093750000,-90.7155303955
173380.3437500000,-90.7181625366
173779.9843750000,-90.7189102173
174180.7500000000,-90.7521133423
174582.2500000000,-90.8221588135
174984.6875000000,-90.8997802734
175388.0312500000,-90.9523315430
175792.3125000000,-90.9662475586
176197.5312500000,-90.9665451050
176603.8750000000,-90.9724731445
177010.9531250000,-90.9827270508
177418.9843750000,-91.0294418335
177827.9375000000,-91.1365737915
178237.8437500000,-91.2364578247
178648.7031250000,-91.2844543457
179060.5000000000,-91.2848587036
179473.4375000000,-91.3150558472
179887.1406250000,-91.3288192749
180301.7968750000,-91.3404235840
180717.4062500000,-91.3495559692
181133.9687500000,-91.4643707275
181551.5000000000,-91.5571136475
181970.1875000000,-91.5722122192
182389.6406250000,-91.5727691650
182810.0625000000,-91.5874938965
183231.4531250000,-91.6073379517
183653.8125000000,-91.6088790894
184077.1406250000,-91.6115798950
184501.4531250000,-91.6256408691
184926.9531250000,-91.6618576050
185353.2187500000,-91.7320098877
185780.4687500000,-91.7617492676
186208.7031250000,-91.7624053955
186637.9375000000,-91.7685699463
187068.1406250000,-91.7866592407
187499.3437500000,-91.7885665894
187931.7500000000,-91.8079071045
188364.9531250000,-91.8120803833
188799.1406250000,-91.8270416260
189234.3437500000,-91.8281936646
189670.5312500000,-91.8759078979
190107.7500000000,-91.9242935181
190546.1562500000,-91.9416961670
190985.3906250000,-91.9417114258
191425.6250000000,-91.9424591064
191866.8750000000,-91.9663772583
192309.1406250000,-92.0285568237
192752.4218750000,-92.0878524780
193196.7343750000,-92.1379394531
193642.2812500000,-92.1831359863
194088.6406250000,-92.2204437256
194536.0312500000,-92.2522811890
194984.4375000000,-92.2807540894
195433.8906250000,-92.3021011353
195884.3906250000,-92.3090438843
196336.1250000000,-92.3095397949
196788.7031250000,-92.3125305176
197242.3125000000,-92.3133087158
197696.9687500000,-92.3137207031
198152.6718750000,-92.3447418213
198609.4218750000,-92.3673782349
199067.2343750000,-92.3780822754
199526.3125000000,-92.3842849731
199986.2343750000,-92.3958282471
200447.2187500000,-92.4027175903
200909.2656250000,-92.4662704468
201372.3750000000,-92.5345458984
201836.5625000000,-92.5821990967
202302.0312500000,-92.5839233398
202768.3437500000,-92.5848388672
203235.7343750000,-92.6149749756
203704.2187500000,-92.6500930786
204173.7656250000,-92.6600799561
204644.4062500000,-92.6638412476
205116.1250000000,-92.6691207886
205589.1562500000,-92.7106094360
206063.0468750000,-92.8251724243
206538.0468750000,-92.9659957886
207014.1250000000,-93.0568389893
207491.3125000000,-93.0876235962
207969.5937500000,-93.0907745361
208448.9843750000,-93.1067428589
208929.7031250000,-93.1147308350
209411.2968750000,-93.1160964966
209894.0000000000,-93.1499481201
210377.8281250000,-93.1757888794
210862.7500000000,-93.2050704956
211348.8125000000,-93.2253112793
211836.2187500000,-93.2386932373
212324.5156250000,-93.2415924072
212813.9375000000,-93.2463912964
213304.4843750000,-93.2535018921
213796.1718750000,-93.3222122192
214288.9843750000,-93.4219360352
214782.9375000000,-93.4430084229
215278.2656250000,-93.4462738037
215774.5000000000,-93.4716262817
216271.8750000000,-93.4760513306
216770.3906250000,-93.4817047119
217270.0625000000,-93.5115585327
217770.8906250000,-93.5167999268
218273.1093750000,-93.5523605347
218776.2343750000,-93.5762176514
219280.5312500000,-93.5843200684
219785.9843750000,-93.6160736084
220292.6093750000,-93.6263504028
220800.4062500000,-93.7116165161
221309.3593750000,-93.7539901733
221819.7343750000,-93.7724761963
222331.0468750000,-93.8373107910
222843.5468750000,-93.8464508057
223357.2031250000,-93.8719635010
223872.0625000000,-93.9490280151
224388.1093750000,-93.9528579712
224905.5781250000,-93.9570617676
225424.0000000000,-93.9581298828
225943.6250000000,-93.9743499756
226464.4375000000,-93.9966812134
226986.4531250000,-94.0030670166
227509.6718750000,-94.0170288086
228034.1093750000,-94.0189132690
228559.9843750000,-94.0282440186
229086.8281250000,-94.1219329834
229614.8906250000,-94.1706924438
230144.1718750000,-94.1806640625
230674.6718750000,-94.1931152344
231206.3906250000,-94.1979675293
231739.3437500000,-94.2017593384
232273.7812500000,-94.2387390137
232809.1875000000,-94.2715377808
233345.8281250000,-94.2755813599
233883.7031250000,-94.3245239258
234422.8125000000,-94.3668289185
234963.1875000000,-94.3897857666
235505.0468750000,-94.4568557739
236047.9062500000,-94.4656600952
236592.0156250000,-94.4701156616
237137.3750000000,-94.5154724121
237683.9843750000,-94.5219497681
238231.8750000000,-94.5225982666
238781.0156250000,-94.5236206055
239331.6718750000,-94.5277023315
239883.3593750000,-94.5361709595
240436.2968750000,-94.5515823364
240990.5312500000,-94.5557632446
241546.0312500000,-94.5771484375
242102.8125000000,-94.5806350708
242661.1406250000,-94.5922241211
243220.4843750000,-94.6300048828
243781.1250000000,-94.7057037354
244343.0625000000,-94.7693023682
244906.2968750000,-94.8132247925
245470.8125000000,-94.8822479248
246036.6406250000,-94.9825210571
246604.0468750000,-94.9858016968
247172.4843750000,-95.0104751587
247742.2343750000,-95.0106658936
248313.2968750000,-95.0778121948
248885.6718750000,-95.0858917236
249459.3750000000,-95.0915527344
250034.4062500000,-95.1005706787
250611.0156250000,-95.1020660400
251188.7031250000,-95.1055068970
251767.7031250000,-95.1256637573
252348.0468750000,-95.1325149536
252929.7343750000,-95.1479415894
253512.7500000000,-95.1581268311
254097.3906250000,-95.1587829590
254683.1093750000,-95.1930541992
255270.1718750000,-95.1955184937
255858.5781250000,-95.2106857300
256448.3593750000,-95.2198867798
257039.4843750000,-95.2257080078
257631.9843750000,-95.3263778687
258226.1250000000,-95.4824142456
258821.3593750000,-95.5134429932
259417.9531250000,-95.5241088867
260015.9375000000,-95.5686798096
260615.2812500000,-95.5723648071
261216.0312500000,-95.6262741089
261818.4375000000,-95.6294479370
262421.9375000000,-95.6294708252
263026.8437500000,-95.6890182495
263633.1562500000,-95.6895294189
264240.8437500000,-95.7170562744
264849.9375000000,-95.7725906372
265460.4375000000,-95.7784042358
266072.6250000000,-95.7863006592
266685.9375000000,-95.8113632202
267300.6562500000,-95.8226394653
267916.8125000000,-95.8330535889
268534.3750000000,-95.8893661499
269153.3750000000,-95.9960632324
269774.0937500000,-96.1315841675
270395.9375000000,-96.2571868896
271019.2187500000,-96.2704925537
271643.9375000000,-96.2768173218
272270.0937500000,-96.2843399048
272897.6875000000,-96.2847824097
273526.7500000000,-96.3038787842
274157.5312500000,-96.3096084595
274789.5000000000,-96.3199234009
275422.9062500000,-96.3230895996
276057.7812500000,-96.3314743042
276694.0937500000,-96.3346633911
277331.9062500000,-96.3432235718
277971.1875000000,-96.3512039185
278612.2187500000,-96.3704910278
279254.4375000000,-96.3894805908
279898.1562500000,-96.4048004150
280543.3437500000,-96.4400329590
281190.0000000000,-96.4605560303
281838.1562500000,-96.4683456421
282488.1250000000,-96.5243377686
283139.2812500000,-96.5463256836
283791.9375000000,-96.5555038452
284446.0937500000,-96.5657348633
285101.7812500000,-96.5837631226
285758.9687500000,-96.6028747559
286417.6562500000,-96.6252822876
287078.1875000000,-96.6509399414
287739.9062500000,-96.6550064087
288403.1875000000,-96.6933135986
289067.9687500000,-96.7047576904
289734.2812500000,-96.7081832886
290402.1562500000,-96.7145156860
291071.8750000000,-96.7378005981
291742.8125000000,-96.7596282959
292415.2812500000,-96.7654571533
293089.3437500000,-96.7924728394
293764.9062500000,-96.8405609131
294442.0625000000,-96.8465576172
295120.7812500000,-96.9106597900
295801.3750000000,-97.0379638672
296483.2187500000,-97.1460647583
297166.6250000000,-97.1569061279
297851.6250000000,-97.1595687866
298538.1875000000,-97.2061080933
299226.3437500000,-97.2350845337
299916.4062500000,-97.2423934937
300607.7500000000,-97.2798156738
301300.6562500000,-97.3136444092
301995.1875000000,-97.3202362061
302691.3125000000,-97.3542480469
303389.0312500000,-97.3636703491
304088.3750000000,-97.4078292847
304789.6562500000,-97.4486770630
305492.2187500000,-97.4817733765
306196.3750000000,-97.5041198730
306902.1875000000,-97.5153503418
307609.6250000000,-97.5161209106
308318.6875000000,-97.5166931152
309029.3750000000,-97.5180358887
309742.0625000000,-97.5198135376
310456.0312500000,-97.5291442871
311171.6562500000,-97.5430297852
311888.9375000000,-97.5603103638
312607.8437500000,-97.5805740356
313328.4375000000,-97.6045379639
314051.0312500000,-97.6336975098
314774.9375000000,-97.6693572998
315500.5000000000,-97.7117156982
316227.7812500000,-97.7593612671
316956.6875000000,-97.8094177246
317687.3125000000,-97.8582916260
318419.5937500000,-97.9024505615
319153.9375000000,-97.9375457764
319889.5937500000,-97.9389877319
320626.9687500000,-97.9443206787
321366.0312500000,-97.9452972412
322106.8125000000,-97.9606323242
322849.2812500000,-97.9655914307
323593.8125000000,-97.9693756104
324339.7187500000,-97.9755935669
325087.3750000000,-97.9806594849
325836.7187500000,-97.9835815430
326587.7812500000,-98.0122146606
327340.5937500000,-98.0686035156
328095.1250000000,-98.1322479248
328851.7812500000,-98.1968307495
329609.8125000000,-98.2572174072
330369.5937500000,-98.3100738525
331131.0937500000,-98.3536300659
331894.3750000000,-98.3870849609
332659.4375000000,-98.4128952026
333426.2187500000,-98.4331436157
334195.1562500000,-98.4511795044
334965.5000000000,-98.4694595337
335737.6250000000,-98.4883193970
336511.5312500000,-98.5057601929
337287.2187500000,-98.5186386108
338064.6875000000,-98.5249328613
338844.3125000000,-98.5254669189
339625.3750000000,-98.5256805420
340408.2500000000,-98.5311126709
341192.9062500000,-98.5492477417
341979.3750000000,-98.5837554932
342767.6562500000,-98.6343383789
343557.7812500000,-98.6964645386
344350.0625000000,-98.7628479004
345143.8125000000,-98.8257827759
345939.4062500000,-98.8795623779
346736.8125000000,-98.9219284058
347536.0625000000,-98.9662551880
348337.1562500000,-98.9984359741
349140.5000000000,-99.0146484375
349945.2812500000,-99.0265350342
350751.9375000000,-99.0315399170
351560.4375000000,-99.0317001343
352370.8125000000,-99.0328903198
353183.0625000000,-99.0336990356
353997.1562500000,-99.0409545898
354813.5312500000,-99.0653381348
355631.4062500000,-99.1080245972
356451.1562500000,-99.1680297852
357272.8125000000,-99.2403030396
358096.3437500000,-99.3170013428
358921.7812500000,-99.3895111084
359749.5312500000,-99.4338073730
360578.7812500000,-99.4339523315
361409.9375000000,-99.4521026611
362243.0000000000,-99.4580230713
363078.0000000000,-99.4724731445
363914.9375000000,-99.4784393311
364753.7812500000,-99.5026626587
365594.9687500000,-99.5059051514
366437.6875000000,-99.5065994263
367282.3437500000,-99.5075454712
368128.9687500000,-99.5099945068
368977.5312500000,-99.5145568848
369828.0312500000,-99.5150985718
370680.5312500000,-99.5202560425
371535.3750000000,-99.5204315186
372391.7812500000,-99.5251541138
373250.1875000000,-99.5291213989
374110.5625000000,-99.5775146484
374972.9062500000,-99.6977691650
375837.2500000000,-99.8020172119
376703.9687500000,-99.8026962280
377572.3125000000,-99.8040924072
378442.6562500000,-99.8294525146
379314.9687500000,-99.8301239014
380189.3437500000,-99.8494262695
381065.6875000000,-99.8532638550
381944.0625000000,-99.8698196411
382824.9062500000,-99.8706054688
383707.3437500000,-99.8781127930
384591.8125000000,-99.9415054321
385478.3125000000,-100.0116424561
386366.8750000000,-100.1070327759
387257.5000000000,-100.1779403687
388150.5625000000,-100.2074356079
389045.2812500000,-100.2278289795
389942.0625000000,-100.2435836792
390840.9062500000,-100.2581100464
391741.8125000000,-100.2825393677
392644.8125000000,-100.3142700195
393549.8750000000,-100.3442840576
394457.4687500000,-100.3834915161
395366.7187500000,-100.4313201904
396278.0937500000,-100.4374771118
397191.5312500000,-100.4380798340
398107.0937500000,-100.4531707764
399024.7500000000,-100.4538116455
399944.9687500000,-100.4971389771
400866.8750000000,-100.5009384155
401790.9062500000,-100.5077438354
402717.0625000000,-100.5488739014
403645.3437500000,-100.5547866821
404575.7812500000,-100.5682907104
405508.3437500000,-100.5791473389
406443.5312500000,-100.5846557617
407380.4062500000,-100.5847473145
408319.4375000000,-100.6213989258
409260.6562500000,-100.6797103882
410204.0312500000,-100.7379531860
411149.5625000000,-100.7708969116
412097.3125000000,-100.7949218750
413047.6562500000,-100.8120040894
413999.7812500000,-100.8187866211
414954.0625000000,-100.8261337280
415910.5625000000,-100.8417434692
416869.2812500000,-100.8816452026
417830.1875000000,-100.9261474609
418793.7812500000,-100.9476013184
419759.1250000000,-100.9577178955
420726.6875000000,-100.9581756592
421696.5000000000,-100.9650497437
422668.5312500000,-100.9889831543
423642.8125000000,-101.0326080322
424619.3437500000,-101.1241226196
425598.5937500000,-101.2137451172
426579.6250000000,-101.2518844604
427562.9375000000,-101.2519836426
428548.5000000000,-101.2528762817
429536.3125000000,-101.2599716187
430526.4375000000,-101.2697448730
431519.3125000000,-101.2718124390
432514.0000000000,-101.3059234619
433510.9687500000,-101.3343811035
434510.2500000000,-101.3851699829
435511.8125000000,-101.4454498291
436515.6875000000,-101.4897155762
437521.9062500000,-101.5517959595
438530.9062500000,-101.6031036377
439541.7500000000,-101.6314315796
440554.9062500000,-101.6788024902
441570.4375000000,-101.7435607910
442588.2812500000,-101.8020401001
443608.4687500000,-101.9067993164
444631.0312500000,-101.9354324341
445656.4062500000,-101.9406738281
446683.6875000000,-101.9483413696
447713.3125000000,-101.9655685425
448745.3437500000,-101.9694824219
449779.7187500000,-101.9760665894
450816.5000000000,-101.9908065796
451856.1562500000,-102.0055847168
452897.7187500000,-102.0114212036
453941.6875000000,-102.0159530640
454988.0625000000,-102.0345687866
456036.8437500000,-102.0738067627
457088.0312500000,-102.0799713135
458141.6562500000,-102.0851669312
459198.1875000000,-102.1357574463
460256.6875000000,-102.1416625977
461317.6250000000,-102.1417541504
462380.9687500000,-102.1571273804
463446.8125000000,-102.1807556152
464515.0937500000,-102.1854858398
465586.3437500000,-102.1893463135
466659.5312500000,-102.1938400269
467735.2187500000,-102.2013931274
468813.3750000000,-102.2431182861
469894.0312500000,-102.2508621216
470977.1875000000,-102.2576065063
472062.8125000000,-102.2741851807
473151.4687500000,-102.2871551514
474242.1250000000,-102.2944259644
475335.2812500000,-102.3054428101
476430.9687500000,-102.3165969849
477529.1562500000,-102.4012451172
478629.9062500000,-102.4029006958
479733.7187500000,-102.4072647095
480839.5312500000,-102.4354019165
481947.9062500000,-102.4413757324
483058.8125000000,-102.4741058350
484172.3125000000,-102.4815368652
485288.3437500000,-102.4893264771
486406.9687500000,-102.4986114502
487528.7187500000,-102.5368652344
488652.5000000000,-102.5832595825
489778.8750000000,-102.6305084229
490907.8437500000,-102.6727142334
492039.4375000000,-102.7026824951
493173.6250000000,-102.7156982422
494310.4375000000,-102.7256698608
495450.3750000000,-102.7520751953
496592.4375000000,-102.7990798950
497737.1250000000,-102.8444442749
498884.4375000000,-102.8484191895
500034.4062500000,-102.8562622070
501187.0000000000,-102.8704910278
502342.8437500000,-102.8974456787
503500.7812500000,-102.8975372314
504661.3750000000,-102.9026184082
505824.6562500000,-102.9852294922
506990.6250000000,-103.0701293945
508159.2812500000,-103.1127700806
509330.6250000000,-103.1151428223
510505.2187500000,-103.1338272095
511681.9687500000,-103.1372909546
512861.4375000000,-103.1584854126
514043.6250000000,-103.1596908569
515228.5312500000,-103.1609649658
516416.1562500000,-103.2400283813
517607.0937500000,-103.3482818604
518800.2187500000,-103.4595413208
519996.0937500000,-103.4628829956
521194.7187500000,-103.4686584473
522396.1250000000,-103.4759521484
523600.2812500000,-103.4880142212
524807.1875000000,-103.5229187012
526017.5000000000,-103.5251159668
527230.0000000000,-103.5418243408
528445.3125000000,-103.5709915161
529663.4375000000,-103.5822372437
530884.3125000000,-103.5850067139
532108.0625000000,-103.6538391113
533335.1875000000,-103.7161254883
534564.5625000000,-103.7491073608
535796.7500000000,-103.7523422241
537031.8125000000,-103.7582626343
538269.6875000000,-103.7619400024
539510.4375000000,-103.7724685669
540754.0625000000,-103.7781753540
542001.1250000000,-103.7976303101
543250.5000000000,-103.8098678589
544502.7500000000,-103.8402404785
545757.8750000000,-103.8421478271
547015.8750000000,-103.8557662964
548276.7500000000,-103.8628997803
549540.5625000000,-103.8640594482
550807.9375000000,-103.8646697998
552077.5625000000,-103.8925094604
553350.1250000000,-103.9063339233
554625.6875000000,-103.9412536621
555904.1250000000,-104.0101242065
557185.5000000000,-104.0110778809
558470.5000000000,-104.0274581909
559757.8125000000,-104.0794525146
561048.0625000000,-104.0923156738
562341.3125000000,-104.1244812012
563637.5625000000,-104.2168045044
564936.8125000000,-104.2778625488
566239.0000000000,-104.2850494385
567544.8750000000,-104.2888336182
568853.0625000000,-104.3134613037
570164.3125000000,-104.3708801270
571478.6250000000,-104.4205856323
572795.8750000000,-104.4664993286
574116.2500000000,-104.4729309082
575440.2500000000,-104.4884490967
576766.6875000000,-104.5143890381
578096.1875000000,-104.5171966553
579428.6875000000,-104.5310745239
580764.3125000000,-104.5314178467
582103.0625000000,-104.6263427734
583444.8125000000,-104.7423400879
584790.3750000000,-104.8677215576
586138.3125000000,-104.8692932129
587489.4375000000,-104.8788757324
588843.6250000000,-104.8875732422
590200.9375000000,-104.8952407837
591561.4375000000,-104.8993988037
592925.0000000000,-104.9041976929
594292.3750000000,-104.9108657837
595662.2500000000,-104.9172515869
597035.3125000000,-104.9409866333
598411.5000000000,-105.0250320435
599790.9375000000,-105.1234207153
601173.4375000000,-105.1272354126
602559.8750000000,-105.1415863037
603948.8125000000,-105.1738739014
605340.9375000000,-105.1811370850
606736.3125000000,-105.1867218018
608134.8750000000,-105.2023315430
609536.6875000000,-105.2138595581
610941.6875000000,-105.2259368896
612350.6250000000,-105.2333526611
613762.1250000000,-105.2357406616
615176.9375000000,-105.3099517822
616594.9375000000,-105.4236831665
618016.2500000000,-105.4363327026
619440.8125000000,-105.4378128052
620869.3750000000,-105.4556732178
622300.5000000000,-105.4753341675
623734.9375000000,-105.5154953003
625172.6875000000,-105.5241317749
626613.7500000000,-105.5296401978
628058.1250000000,-105.5680618286
629505.8750000000,-105.5765075684
630957.6250000000,-105.5905685425
632412.0000000000,-105.6068801880
633869.7500000000,-105.6359252930
635330.8750000000,-105.6367340088
636795.3750000000,-105.6527557373
638263.2500000000,-105.6561050415
639735.1875000000,-105.6627731323
641209.8125000000,-105.6669692993
642687.8750000000,-105.7023162842
644169.3125000000,-105.7142028809
645654.1250000000,-105.7211380005
647142.4375000000,-105.7515792847
648634.1250000000,-105.7552032471
650130.0000000000,-105.7953262329
651628.5625000000,-105.8376159668
653130.6250000000,-105.8378524780
654636.1250000000,-105.8591995239
656145.1250000000,-105.8729934692
657657.6250000000,-105.8740081787
659173.5625000000,-105.8910903931
660693.6875000000,-105.9032821655
662216.6250000000,-105.9241027832
663743.1250000000,-105.9614028931
665273.0625000000,-106.0010604858
666806.5625000000,-106.0837402344
668343.6250000000,-106.1632003784
669884.9375000000,-106.2175979614
671429.0625000000,-106.3051757813
672976.7500000000,-106.4225463867
674528.0000000000,-106.4392471313
676082.8750000000,-106.4603958130
677641.2500000000,-106.4740676880
679203.3125000000,-106.4968185425
680769.6250000000,-106.4989471436
682338.8750000000,-106.4991989136
683911.6875000000,-106.5046386719
685488.1875000000,-106.5119705200
687068.2500000000,-106.5150833130
688652.0000000000,-106.5558929443
690240.1875000000,-106.5660018921
691831.1875000000,-106.5729064941
693425.9375000000,-106.5985107422
695024.3125000000,-106.6077194214
696626.4375000000,-106.6320953369
698232.1875000000,-106.6333236694
699841.6875000000,-106.6555938721
701455.6250000000,-106.7131881714
703072.5000000000,-106.8350982666
704693.1250000000,-106.8872375488
706317.5000000000,-106.8892440796
707945.6250000000,-106.9078140259
709577.5000000000,-106.9161224365
711213.8750000000,-106.9216232300
712853.3125000000,-106.9238052368
714496.5000000000,-106.9253692627
716143.4375000000,-106.9345397949
717794.1875000000,-106.9351577759
719448.7500000000,-106.9353561401
721107.1250000000,-106.9386672974
722770.1250000000,-106.9578018188
724436.1875000000,-106.9687728882
726106.0625000000,-106.9894485474
727779.8125000000,-107.0716247559
729457.3750000000,-107.1247940063
731138.8125000000,-107.1337280273
732824.1250000000,-107.1463241577
734514.1875000000,-107.2275085449
736207.2500000000,-107.3703308105
737904.3125000000,-107.3900756836
739605.1875000000,-107.4160079956
741310.0625000000,-107.4166412354
743018.8125000000,-107.4237670898
744732.3750000000,-107.4472045898
746449.0000000000,-107.4596481323
748169.6250000000,-107.4680328369
749894.1875000000,-107.4859466553
751622.7500000000,-107.4865570068
753355.3125000000,-107.5203704834
755091.8750000000,-107.5876159668
756833.2500000000,-107.6124343872
758577.7500000000,-107.6179885864
760326.3750000000,-107.6561050415
762078.9375000000,-107.6981201172
763835.6250000000,-107.7065124512
765596.3125000000,-107.7503280640
767361.8750000000,-107.7708206177
769130.6875000000,-107.8294830322
770903.6250000000,-107.8764877319
772680.6250000000,-107.8923645020
774461.6875000000,-107.8939590454
776246.8750000000,-107.8951644897
778036.1875000000,-107.9280242920
779830.4375000000,-108.0030899048
781628.0000000000,-108.0470733643
783429.7500000000,-108.0472183228
785235.6250000000,-108.0650558472
787045.6250000000,-108.0729446411
788859.8125000000,-108.1152038574
790678.1875000000,-108.1174621582
792501.6250000000,-108.1256637573
794328.4375000000,-108.1271133423
796159.3750000000,-108.1521224976
797994.6250000000,-108.1786041260
799834.0000000000,-108.2045440674
801677.6875000000,-108.2075042725
803526.5000000000,-108.2266921997
805378.6875000000,-108.2503204346
807235.1250000000,-108.2706756592
809095.8750000000,-108.2881851196
810960.9375000000,-108.3441467285
812830.2500000000,-108.3530807495
814703.8750000000,-108.3536148071
816582.6875000000,-108.3698501587
818465.0000000000,-108.3944244385
820351.6250000000,-108.4451065063
822242.5625000000,-108.4728851318
824137.8750000000,-108.4920501709
826037.6250000000,-108.5391769409
827942.5625000000,-108.5747604370
829851.0625000000,-108.5819778442
831763.9375000000,-108.6190414429
833681.1875000000,-108.6750946045
835602.8750000000,-108.7029266357
837529.0000000000,-108.7113723755
839459.5625000000,-108.7210311890
841395.5000000000,-108.7653884888
843335.0000000000,-108.8274841309
845278.9375000000,-108.8442993164
847227.3750000000,-108.8450622559
849180.2500000000,-108.9080429077
851137.6875000000,-108.9246673584
853100.5625000000,-108.9412384033
855067.0000000000,-108.9607772827
857038.0000000000,-108.9664535522
859013.5625000000,-108.9933624268
860993.6250000000,-108.9993515015
862978.3125000000,-109.0784378052
864967.5000000000,-109.1384048462
866962.2500000000,-109.1465911865
868960.6875000000,-109.1475753784
870963.6875000000,-109.1730270386
872971.3125000000,-109.1831207275
874983.6250000000,-109.1987152100
877000.5000000000,-109.2193603516
879022.0625000000,-109.2310028076
881049.2500000000,-109.2581558228
883080.1250000000,-109.2883224487
885115.6875000000,-109.3673629761
887155.9375000000,-109.3780975342
889200.8750000000,-109.4283142090
891250.5625000000,-109.4295730591
893305.9375000000,-109.4423522949
895365.0625000000,-109.5229644775
897428.9375000000,-109.5422821045
899497.5625000000,-109.5465545654
901571.0000000000,-109.5623321533
903649.1875000000,-109.5903091431
905732.1250000000,-109.5960617065
907820.9375000000,-109.5998229980
909913.5000000000,-109.6055755615
912010.9375000000,-109.6115264893
914113.1875000000,-109.6305084229
916220.2500000000,-109.6326599121
918332.1875000000,-109.6396942139
920450.0625000000,-109.6426696777
922571.7500000000,-109.6505508423
924698.3750000000,-109.7225189209
926829.8125000000,-109.7263793945
928966.2500000000,-109.7332305908
931107.5625000000,-109.7661895752
933253.8750000000,-109.7724380493
935406.0625000000,-109.8156738281
937562.2500000000,-109.8887405396
939723.4375000000,-109.9845199585
941889.5625000000,-109.9889984131
944060.6875000000,-109.9911956787
946236.8125000000,-110.0079193115
948419.0000000000,-110.0269317627
950605.1250000000,-110.0363235474
952796.3750000000,-110.0646057129
954992.6250000000,-110.0820846558
957193.9375000000,-110.1435775757
959400.3750000000,-110.1832733154
961611.8125000000,-110.1987380981
963829.5000000000,-110.2130050659
966051.1875000000,-110.2343902588
968278.0000000000,-110.2391815186
970509.9375000000,-110.2410430908
972747.0625000000,-110.3216705322
974989.3125000000,-110.3536682129
977236.6875000000,-110.3815765381
979490.3750000000,-110.4066696167
981748.1875000000,-110.4127197266
984011.1875000000,-110.4922866821
986279.3750000000,-110.4970703125
988552.8125000000,-110.4986648560
990831.5000000000,-110.5076904297
993116.5625000000,-110.5078887939
995405.7500000000,-110.5282516479
997700.2500000000,-110.5569458008
1000000.0000000000,-110.5615615845
1002305.0625000000,-110.5771713257
1004615.4375000000,-110.5996017456
1006931.1875000000,-110.6055450439
1009253.3125000000,-110.6207046509
1011579.7500000000,-110.6517257690
1013911.5000000000,-110.6971435547
1016248.6250000000,-110.7388839722
1018591.1250000000,-110.7721557617
1020939.0625000000,-110.8006210327
1023293.5625000000,-110.8261260986
1025652.3125000000,-110.8504257202
1028016.5000000000,-110.8763732910
1030386.1250000000,-110.9048233032
1032761.2500000000,-110.9343566895
1035141.8750000000,-110.9638900757
1037527.9375000000,-110.9920578003
1039920.6250000000,-111.0184783936
1042317.7500000000,-111.0465240479
1044720.3750000000,-111.0787887573
1047128.5000000000,-111.1173400879
1049542.2500000000,-111.1644134521
1051961.5000000000,-111.2153167725
1054386.3750000000,-111.2619552612
1056817.8750000000,-111.2991180420
1059254.0000000000,-111.3227462769
1061695.6250000000,-111.3292236328
1064142.8750000000,-111.3297271729
1066595.8750000000,-111.3315658569
1069054.3750000000,-111.3425750732
1071519.8750000000,-111.3661117554
1073989.7500000000,-111.4037170410
1076465.3750000000,-111.4488983154
1078946.7500000000,-111.4941558838
1081433.7500000000,-111.5366210938
1083926.5000000000,-111.5752410889
1086425.0000000000,-111.6110458374
1088930.5000000000,-111.6479110718
1091440.6250000000,-111.6873626709
1093956.5000000000,-111.7164382935
1096478.1250000000,-111.7251281738
1099005.5000000000,-111.7276916504
1101538.8750000000,-111.7338714600
1104079.1250000000,-111.7476882935
1106624.1250000000,-111.7655410767
1109175.0000000000,-111.7748718262
1111731.7500000000,-111.7759857178
1114294.3750000000,-111.7964324951
1116862.8750000000,-111.7989654541
1119437.3750000000,-111.8136062622
1122019.0000000000,-111.8142318726
1124605.2500000000,-111.8390960693
1127197.6250000000,-111.9156265259
1129795.8750000000,-111.9955444336
1132400.1250000000,-112.0683364868
1135010.3750000000,-112.0855331421
1137627.8750000000,-112.0868682861
1140250.2500000000,-112.1035461426
1142878.6250000000,-112.1079940796
1145513.0000000000,-112.1241378784
1148153.5000000000,-112.1347579956
1150800.0000000000,-112.1440887451
1153452.7500000000,-112.1620559692
1156112.7500000000,-112.1676025391
1158777.7500000000,-112.1865768433
1161448.7500000000,-112.1868743896
1164126.0000000000,-112.1908493042
1166809.3750000000,-112.1996688843
1169499.0000000000,-112.2014236450
1172194.7500000000,-112.2274551392
1174898.0000000000,-112.2592773438
1177606.2500000000,-112.2799377441
1180320.7500000000,-112.2951431274
1183041.3750000000,-112.3111572266
1185768.3750000000,-112.3342361450
1188501.7500000000,-112.3690643311
1191242.6250000000,-112.4175109863
1193988.5000000000,-112.4776458740
1196740.7500000000,-112.5438537598
1199499.2500000000,-112.6076660156
1202264.2500000000,-112.6594085693
1205035.5000000000,-112.6938171387
1207813.2500000000,-112.7144393921
1210598.6250000000,-112.7279739380
1213389.1250000000,-112.7409362793
1216186.1250000000,-112.7565841675
1218989.5000000000,-112.7744598389
1221799.3750000000,-112.7925338745
1224615.7500000000,-112.8103713989
1227439.8750000000,-112.8307952881
1230269.2500000000,-112.8583755493
1233105.0000000000,-112.8951873779
1235947.5000000000,-112.9097747803
1238796.3750000000,-112.9185791016
1241651.8750000000,-112.9289245605
1244514.0000000000,-112.9366607666
1247384.1250000000,-112.9445953369
1250259.3750000000,-112.9697036743
1253141.3750000000,-112.9711837769
1256029.8750000000,-112.9776382446
1258925.1250000000,-112.9822845459
1261827.0000000000,-113.0485229492
1264737.0000000000,-113.1277008057
1267652.3750000000,-113.1860427856
1270574.3750000000,-113.1906509399
1273503.1250000000,-113.1984252930
1276438.6250000000,-113.2156829834
1279380.8750000000,-113.2177124023
1282330.0000000000,-113.2458190918
1285287.2500000000,-113.2479248047
1288250.0000000000,-113.2616119385
1291219.5000000000,-113.2795715332
1294195.7500000000,-113.3656387329
1297179.0000000000,-113.4537277222
1300169.1250000000,-113.4759368896
1303166.1250000000,-113.4851989746
1306171.3750000000,-113.4873352051
1309182.2500000000,-113.5131149292
1312200.0000000000,-113.5175552368
1315224.7500000000,-113.5230255127
1318256.3750000000,-113.5431518555
1321295.1250000000,-113.5601272583
1324342.2500000000,-113.5637283325
1327394.8750000000,-113.5729522705
1330454.6250000000,-113.6402359009
1333521.3750000000,-113.7093124390
1336595.2500000000,-113.7685012817
1339676.2500000000,-113.8102569580
1342764.2500000000,-113.8340454102
1345860.8750000000,-113.8461074829
1348963.2500000000,-113.8564376831
1352072.7500000000,-113.8744659424
1355189.3750000000,-113.9048156738
1358313.1250000000,-113.9179992676
1361444.1250000000,-113.9276733398
1364583.8750000000,-113.9293365479
1367729.3750000000,-113.9444656372
1370882.0000000000,-113.9564895630
1374042.0000000000,-113.9567108154
1377209.2500000000,-113.9830627441
1380383.8750000000,-113.9881591797
1383565.7500000000,-113.9987106323
1386756.5000000000,-114.0074081421
1389953.0000000000,-114.0087127686
1393157.0000000000,-114.0732498169
1396368.2500000000,-114.1461715698
1399587.0000000000,-114.1829071045
1402813.1250000000,-114.1852340698
1406046.7500000000,-114.1869583130
1409289.3750000000,-114.1986083984
1412537.8750000000,-114.2012863159
1415793.8750000000,-114.2110137939
1419057.3750000000,-114.2155303955
1422328.3750000000,-114.2206878662
1425607.0000000000,-114.2396621704
1428894.6250000000,-114.3046493530
1432188.3750000000,-114.3838272095
1435489.6250000000,-114.4619293213
1438798.5000000000,-114.5449905396
1442115.1250000000,-114.5865325928
1445439.2500000000,-114.5964279175
1448771.1250000000,-114.6039428711
1452112.2500000000,-114.6160202026
1455459.5000000000,-114.6379699707
1458814.3750000000,-114.6739654541
1462177.0000000000,-114.7255706787
1465547.5000000000,-114.7891616821
1468925.6250000000,-114.8551788330
1472313.2500000000,-114.9291687012
1475707.0000000000,-114.9580078125
1479108.6250000000,-114.9615936279
1482518.1250000000,-114.9619140625
1485935.3750000000,-114.9628067017
1489360.6250000000,-114.9839553833
1492793.6250000000,-115.0238494873
1496236.3750000000,-115.0511398315
1499685.2500000000,-115.0610961914
1503142.1250000000,-115.0624313354
1506607.0000000000,-115.0782470703
1510079.7500000000,-115.0939331055
1513560.6250000000,-115.1015548706
1517051.1250000000,-115.1358413696
1520548.1250000000,-115.1400146484
1524053.0000000000,-115.1491241455
1527566.1250000000,-115.1806716919
1531087.2500000000,-115.1857757568
1534616.5000000000,-115.1887512207
1538153.8750000000,-115.2259140015
1541701.1250000000,-115.2649002075
1545254.8750000000,-115.2971038818
1548816.8750000000,-115.3345031738
1552387.0000000000,-115.3815307617
1555965.3750000000,-115.4296493530
1559551.8750000000,-115.4852523804
1563146.7500000000,-115.5364303589
1566751.7500000000,-115.5743179321
1570363.1250000000,-115.6071243286
1573983.0000000000,-115.6296844482
1577611.1250000000,-115.6334609985
1581247.6250000000,-115.6392745972
1584892.5000000000,-115.6404190063
1588547.5000000000,-115.6438827515
1592209.2500000000,-115.6520462036
1595879.3750000000,-115.6856689453
1599558.0000000000,-115.7270050049
1603245.1250000000,-115.7655639648
1606940.7500000000,-115.8075103760
1610644.8750000000,-115.8443832397
1614359.2500000000,-115.8779296875
1618080.5000000000,-115.9238586426
1621810.2500000000,-116.0163192749
1625548.6250000000,-116.0745849609
1629295.6250000000,-116.0768432617
1633051.2500000000,-116.0768814087
1636817.3750000000,-116.0810699463
1640590.3750000000,-116.0890731812
1644372.0000000000,-116.0892639160
1648162.3750000000,-116.1008758545
1651961.5000000000,-116.1010513306
1655769.5000000000,-116.1247787476
1659586.1250000000,-116.1466598511
1663413.3750000000,-116.1769104004
1667247.6250000000,-116.1969375610
1671090.7500000000,-116.2044296265
1674942.7500000000,-116.2559967041
1678803.6250000000,-116.2709655762
1682673.3750000000,-116.2739562988
1686554.0000000000,-116.2857589722
1690441.6250000000,-116.2897338867
1694338.1250000000,-116.2986755371
1698243.7500000000,-116.2995223999
1702158.2500000000,-116.3226776123
1706081.8750000000,-116.3373184204
1710014.5000000000,-116.3500518799
1713958.1250000000,-116.3715972900
1717908.8750000000,-116.4693222046
1721868.8750000000,-116.5309143066
1725837.8750000000,-116.5979461670
1729816.0000000000,-116.6289062500
1733803.3750000000,-116.6308364868
1737799.8750000000,-116.6375961304
1741807.6250000000,-116.6425933838
1745822.6250000000,-116.6457748413
1749846.7500000000,-116.6472244263
1753880.3750000000,-116.6780090332
1757923.1250000000,-116.7030563354
1761975.2500000000,-116.7422027588
1766038.7500000000,-116.7920608521
1770109.5000000000,-116.8403854370
1774189.7500000000,-116.9341888428
1778279.3750000000,-117.0288619995
1782378.5000000000,-117.0749435425
1786487.0000000000,-117.1100540161
1790605.0000000000,-117.1293869019
1794734.3750000000,-117.1301803589
1798871.3750000000,-117.1351928711
1803017.8750000000,-117.1465530396
1807174.0000000000,-117.1633911133
1811339.6250000000,-117.1725692749
1815514.8750000000,-117.1742095947
1819701.8750000000,-117.1791076660
1823896.3750000000,-117.1823883057
1828100.6250000000,-117.1901321411
1832314.5000000000,-117.2036819458
1836538.1250000000,-117.2069549561
1840771.3750000000,-117.2093658447
1845014.5000000000,-117.2166213989
1849269.5000000000,-117.2281951904
1853532.1250000000,-117.2338638306
1857804.6250000000,-117.2434310913
1862087.0000000000,-117.2518615723
1866379.2500000000,-117.2579956055
1870681.3750000000,-117.2705841064
1874993.5000000000,-117.2795410156
1879317.5000000000,-117.2820739746
1883649.5000000000,-117.2907104492
1887991.5000000000,-117.2914810181
1892343.3750000000,-117.2976226807
1896705.3750000000,-117.3062820435
1901077.3750000000,-117.3186874390
1905461.6250000000,-117.3361206055
1909853.8750000000,-117.3690261841
1914256.2500000000,-117.3942794800
1918668.7500000000,-117.4121475220
1923091.3750000000,-117.4138183594
1927524.2500000000,-117.4161224365
1931967.3750000000,-117.4531250000
1936422.7500000000,-117.5298538208
1940886.3750000000,-117.6164550781
1945360.2500000000,-117.6941909790
1949844.3750000000,-117.7611541748
1954339.0000000000,-117.8115768433
1958843.8750000000,-117.8306884766
1963361.2500000000,-117.8449554443
1967887.0000000000,-117.8478927612
1972423.1250000000,-117.8560943604
1976969.6250000000,-117.8754043579
1981526.7500000000,-117.8794631958
1986094.2500000000,-117.8965301514
1990672.3750000000,-117.8990325928
1995263.2500000000,-117.9022064209
1999862.3750000000,-117.9045867920
2004472.2500000000,-117.9068832397
2009092.7500000000,-117.9198608398
2013723.7500000000,-117.9203948975
2018365.6250000000,-117.9285736084
2023020.2500000000,-117.9735794067
2027683.5000000000,-118.0404891968
2032357.3750000000,-118.1240234375
2037042.1250000000,-118.2256164551
2041737.6250000000,-118.3329086304
2046444.0000000000,-118.3746109009
2051161.2500000000,-118.3884658813
2055891.5000000000,-118.4266738892
2060630.5000000000,-118.4463119507
2065380.3750000000,-118.4568252563
2070141.2500000000,-118.4986038208
2074913.1250000000,-118.5009994507
2079695.8750000000,-118.5189895630
2084489.7500000000,-118.5222473145
2089297.0000000000,-118.5369415283
2094112.8750000000,-118.5462036133
2098940.0000000000,-118.5628814697
2103778.2500000000,-118.5676040649
2108627.5000000000,-118.5759506226
2113488.0000000000,-118.5797195435
2118362.2500000000,-118.5906906128
2123245.2500000000,-118.6066589355
2128139.5000000000,-118.6076354980
2133045.0000000000,-118.6099166870
2137961.7500000000,-118.6696853638
2142889.7500000000,-118.6812896729
2147829.5000000000,-118.7197799683
2152782.7500000000,-118.7333831787
2157745.0000000000,-118.7495498657
2162718.7500000000,-118.7794113159
2167704.0000000000,-118.7989654541
2172700.7500000000,-118.8393096924
2177708.7500000000,-118.8515701294
2182731.0000000000,-118.8957290649
2187762.5000000000,-118.9051895142
2192805.2500000000,-118.9295501709
2197860.0000000000,-118.9550628662
2202926.2500000000,-119.0650253296
2208004.0000000000,-119.0980453491
2213093.7500000000,-119.1033096313
2218197.5000000000,-119.1366806030
2223310.5000000000,-119.1532211304
2228435.5000000000,-119.1769027710
2233572.0000000000,-119.1849517822
2238720.7500000000,-119.1882629395
2243881.0000000000,-119.1964187622
2249055.7500000000,-119.1990890503
2254240.0000000000,-119.2210617065
2259436.2500000000,-119.3656311035
2264644.5000000000,-119.3938217163
2269864.5000000000,-119.3957214355
2275096.7500000000,-119.4214630127
2280341.0000000000,-119.4565429688
2285600.0000000000,-119.4939117432
2290868.2500000000,-119.5128860474
2296149.0000000000,-119.5221405029
2301441.7500000000,-119.5570068359
2306746.7500000000,-119.5648803711
2312064.0000000000,-119.5720825195
2317393.5000000000,-119.6036605835
2322737.7500000000,-119.6109695435
2328091.7500000000,-119.6158294678
2333458.2500000000,-119.6160888672
2338837.0000000000,-119.6166687012
2344228.2500000000,-119.6477966309
2349631.7500000000,-119.6807785034
2355050.5000000000,-119.7089843750
2360479.0000000000,-119.7428436279
2365920.0000000000,-119.7749786377
2371373.7500000000,-119.7945556641
2376840.0000000000,-119.8121337891
2382318.7500000000,-119.8125610352
2387810.0000000000,-119.8175811768
2393316.7500000000,-119.8231964111
2398833.5000000000,-119.8261489868
2404363.0000000000,-119.8339462280
2409905.2500000000,-119.8396377563
2415460.2500000000,-119.8664855957
2421028.0000000000,-119.9339904785
2426611.2500000000,-119.9858856201
2432205.0000000000,-119.9898986816
2437811.2500000000,-120.0034484863
2443430.5000000000,-120.0140838623
2449063.0000000000,-120.0184020996
2454708.2500000000,-120.0219955444
2460366.5000000000,-120.0266418457
2466040.5000000000,-120.0272598267
2471724.7500000000,-120.0292053223
2477422.2500000000,-120.0513610840
2483133.0000000000,-120.0926513672
2488856.7500000000,-120.1218109131
2494593.7500000000,-120.1441650391
2500344.0000000000,-120.1840209961
2506110.2500000000,-120.2437362671
2511887.0000000000,-120.2580184937
2517677.0000000000,-120.2664260864
2523480.5000000000,-120.2750091553
2529297.2500000000,-120.2977981567
2535127.5000000000,-120.3774185181
2540974.0000000000,-120.3802032471
2546831.0000000000,-120.3860549927
2552701.7500000000,-120.4325790405
2558585.7500000000,-120.4477233887
2564483.5000000000,-120.4477920532
2570395.0000000000,-120.5351867676
2576319.7500000000,-120.5498504639
2582261.2500000000,-120.5530242920
2588213.5000000000,-120.5906524658
2594179.5000000000,-120.5987091064
2600159.2500000000,-120.6044387817
2606153.0000000000,-120.6181411743
2612160.2500000000,-120.6454620361
2618184.2500000000,-120.6497116089
2624219.5000000000,-120.6630554199
2630268.5000000000,-120.6709213257
2636331.5000000000,-120.7006378174
2642408.2500000000,-120.7436370850
2648499.2500000000,-120.8114929199
2654604.2500000000,-120.8496398926
2660726.2500000000,-120.8560333252
2666859.5000000000,-120.8621215820
2673006.7500000000,-120.9225845337
2679168.2500000000,-120.9228363037
2685343.7500000000,-120.9518356323
2691533.7500000000,-121.0225830078
2697741.0000000000,-121.0359191895
2703959.2500000000,-121.0526504517
2710192.2500000000,-121.0802536011
2716439.2500000000,-121.1149291992
2722701.0000000000,-121.1210632324
2728977.0000000000,-121.1469650269
2735267.5000000000,-121.1550674438
2741575.5000000000,-121.1669616699
2747895.0000000000,-121.1893768311
2754229.0000000000,-121.1900939941
2760577.7500000000,-121.2209014893
2766941.0000000000,-121.2298889160
2773319.0000000000,-121.2362060547
2779711.7500000000,-121.2714920044
2786122.2500000000,-121.3283843994
2792544.5000000000,-121.3302917480
2798981.5000000000,-121.3394470215
2805433.2500000000,-121.3914718628
2811900.0000000000,-121.4401168823
2818381.7500000000,-121.4715270996
2824881.2500000000,-121.4745101929
2831393.0000000000,-121.4808731079
2837919.5000000000,-121.4873886108
2844461.0000000000,-121.5100097656
2851017.7500000000,-121.5357742310
2857589.5000000000,-121.5402221680
2864176.5000000000,-121.5533142090
2870781.7500000000,-121.6258392334
2877399.2500000000,-121.6644973755
2884031.7500000000,-121.6656723022
2890679.7500000000,-121.7136001587
2897343.0000000000,-121.7264709473
2904021.5000000000,-121.7278289795
2910718.7500000000,-121.7546463013
2917428.0000000000,-121.7643356323
2924153.0000000000,-121.7725448608
2930893.2500000000,-121.7748489380
2937649.2500000000,-121.7884521484
2944420.7500000000,-121.8048324585
2951207.7500000000,-121.8876495361
2958013.7500000000,-121.9237823486
2964832.2500000000,-121.9388961792
2971666.2500000000,-121.9599227905
2978516.2500000000,-121.9934692383
2985382.0000000000,-122.0177383423
2992263.5000000000,-122.0341339111
2999164.2500000000,-122.0533599854
3006077.5000000000,-122.0690383911
3013006.7500000000,-122.1175231934
3019951.7500000000,-122.1642456055
3026913.0000000000,-122.2101898193
3033890.2500000000,-122.2460556030
3040883.7500000000,-122.2783203125
3047896.5000000000,-122.2980957031
3054922.0000000000,-122.3125076294
3061963.7500000000,-122.3203811646
3069022.0000000000,-122.3258666992
3076096.2500000000,-122.3303985596
3083186.7500000000,-122.3390350342
3090293.7500000000,-122.3498764038
3097420.5000000000,-122.3666000366
3104560.2500000000,-122.3882217407
3111716.5000000000,-122.4137496948
3118889.2500000000,-122.4449005127
3126078.5000000000,-122.4772567749
3133284.5000000000,-122.5107955933
3140510.2500000000,-122.5418090820
3147749.2500000000,-122.5698013306
3155005.2500000000,-122.5896377563
3162277.7500000000,-122.6062316895
3169567.0000000000,-122.6146087646
3176873.0000000000,-122.6231918335
3184196.0000000000,-122.6320724487
3191539.2500000000,-122.6499710083
3198896.0000000000,-122.6723098755
3206269.7500000000,-122.7093582153
3213660.2500000000,-122.7505035400
3221068.0000000000,-122.7969970703
3228492.7500000000,-122.8418960571
3235938.2500000000,-122.8850250244
3243397.2500000000,-122.9200668335
3250873.5000000000,-122.9502182007
3258367.0000000000,-122.9756469727
3265877.7500000000,-122.9953765869
3273406.0000000000,-123.0130462646
3280951.2500000000,-123.0269851685
3288517.7500000000,-123.0377197266
3296098.0000000000,-123.0465698242
3303695.7500000000,-123.0532150269
3311311.0000000000,-123.0616531372
3318944.0000000000,-123.0725631714
3326594.2500000000,-123.0907669067
3334262.2500000000,-123.1119689941
3341951.7500000000,-123.1379623413
3349655.2500000000,-123.1630172729
3357376.2500000000,-123.1871795654
3365115.2500000000,-123.2051696777
3372872.2500000000,-123.2204971313
3380646.7500000000,-123.2329330444
3388443.2500000000,-123.2443084717
3396253.7500000000,-123.2566604614
3404082.5000000000,-123.2710876465
3411929.0000000000,-123.2905960083
3419793.7500000000,-123.3132705688
3427676.7500000000,-123.3418579102
3435577.7500000000,-123.3738708496
3443500.7500000000,-123.4073867798
3451438.2500000000,-123.4402313232
3459394.0000000000,-123.4697113037
3467368.2500000000,-123.4965133667
3475360.7500000000,-123.5171356201
3483371.7500000000,-123.5350570679
3491405.0000000000,-123.5506820679
3499452.7500000000,-123.5640182495
3507519.2500000000,-123.5777206421
3515604.5000000000,-123.5917816162
3523708.2500000000,-123.6100769043
3531830.5000000000,-123.6322402954
3539971.7500000000,-123.6583862305
3548135.5000000000,-123.6946640015
3556314.2500000000,-123.7353363037
3564511.7500000000,-123.7803955078
3572728.2500000000,-123.8265762329
3580963.5000000000,-123.8674697876
3589218.0000000000,-123.9027938843
3597495.2500000000,-123.9216842651
3605787.7500000000,-123.9330139160
3614099.2500000000,-123.9385452271
3622430.0000000000,-123.9434051514
3630780.0000000000,-123.9548339844
3639149.2500000000,-123.9721221924
3647537.7500000000,-123.9991989136
3655949.5000000000,-124.0296707153
3664376.7500000000,-124.0607604980
3672823.5000000000,-124.0899887085
3681289.5000000000,-124.1170730591
3689775.2500000000,-124.1448211670
3698280.5000000000,-124.1743698120
3706805.2500000000,-124.2090988159
3715353.7500000000,-124.2441787720
3723918.0000000000,-124.2785263062
3732501.7500000000,-124.3054428101
3741105.5000000000,-124.3254470825
3749729.0000000000,-124.3406677246
3758372.5000000000,-124.3518524170
3767039.7500000000,-124.3623733521
3775723.2500000000,-124.3723602295
3784426.5000000000,-124.3817520142
3793149.7500000000,-124.3896789551
3801893.2500000000,-124.3993682861
3810657.0000000000,-124.4122314453
3819440.7500000000,-124.4320526123
3828249.0000000000,-124.4602432251
3837073.5000000000,-124.4917068481
3845918.2500000000,-124.5250396729
3854783.2500000000,-124.5562210083
3863668.7500000000,-124.5853424072
3872574.7500000000,-124.6134948730
3881505.7500000000,-124.6414794922
3890452.7500000000,-124.6702346802
3899420.5000000000,-124.6990509033
3908409.0000000000,-124.7279281616
3917418.2500000000,-124.7569274902
3926448.0000000000,-124.7867584229
3935498.7500000000,-124.8166046143
3944574.7500000000,-124.8458480835
3953667.2500000000,-124.8726806641
3962780.7500000000,-124.8959197998
3971915.2500000000,-124.9170608521
3981070.7500000000,-124.9366531372
3990247.5000000000,-124.9555130005
3999449.7500000000,-124.9742813110
4008668.7500000000,-124.9933166504
4017909.0000000000,-125.0129394531
4027170.5000000000,-125.0338745117
4036453.5000000000,-125.0550842285
4045757.7500000000,-125.0737838745
4055083.5000000000,-125.0883255005
4064435.2500000000,-125.0964660645
4073804.0000000000,-125.0984497070
4083194.5000000000,-125.1007308960
4092606.5000000000,-125.1065750122
4102040.2500000000,-125.1192245483
4111495.7500000000,-125.1458740234
4120973.0000000000,-125.1847229004
4130476.7500000000,-125.2330780029
4139997.7500000000,-125.2881698608
4149540.7500000000,-125.3453903198
4159105.7500000000,-125.3956451416
4168692.7500000000,-125.4364166260
4178301.7500000000,-125.4669418335
4187937.7500000000,-125.4873809814
4197591.0000000000,-125.4981689453
4207267.0000000000,-125.5048522949
4216965.0000000000,-125.5114746094
4226685.5000000000,-125.5203628540
4236428.0000000000,-125.5332870483
4246193.5000000000,-125.5509796143
4255986.0000000000,-125.5700149536
4265796.5000000000,-125.5888519287
4275629.5000000000,-125.6074066162
4285485.0000000000,-125.6265029907
4295363.0000000000,-125.6493453979
4305264.5000000000,-125.6774826050
4315193.0000000000,-125.6917419434
4325140.0000000000,-125.6999664307
4335109.5000000000,-125.7041549683
4345102.5000000000,-125.7081375122
4355118.0000000000,-125.7275543213
4365157.0000000000,-125.7357788086
4375219.0000000000,-125.7369079590
4385309.0000000000,-125.7511367798
4395417.5000000000,-125.7582931519
4405549.0000000000,-125.7646789551
4415704.5000000000,-125.7860336304
4425883.0000000000,-125.8341217041
4436085.0000000000,-125.8711624146
4446310.5000000000,-125.8944625854
4456564.0000000000,-125.9081039429
4466837.0000000000,-125.9229736328
4477133.5000000000,-125.9492034912
4487453.5000000000,-125.9866714478
4497797.5000000000,-126.0333633423
4508165.0000000000,-126.0868148804
4518561.5000000000,-126.1445770264
4528977.0000000000,-126.2039871216
4539417.0000000000,-126.2577896118
4549880.5000000000,-126.2978973389
4560368.5000000000,-126.3214950562
4570880.5000000000,-126.3314437866
4581416.5000000000,-126.3341827393
4591982.0000000000,-126.3368301392
4602567.0000000000,-126.3436431885
4613176.0000000000,-126.3541793823
4623810.0000000000,-126.3651199341
4634468.0000000000,-126.3760681152
4645151.0000000000,-126.3883972168
4655863.5000000000,-126.4031753540
4666595.5000000000,-126.4197463989
4677352.0000000000,-126.4356002808
4688134.0000000000,-126.4479217529
4698940.5000000000,-126.4567718506
4709771.5000000000,-126.4675292969
4720628.0000000000,-126.4845581055
4731514.5000000000,-126.5086059570
4742421.0000000000,-126.5372848511
4753353.0000000000,-126.5669097900
4764309.5000000000,-126.5945739746
4775291.5000000000,-126.6198806763
4786299.0000000000,-126.6451873779
4797337.0000000000,-126.6734542847
4808395.5000000000,-126.7032699585
4819479.0000000000,-126.7280349731
4830588.0000000000,-126.7443618774
4841723.0000000000,-126.7546081543
4852883.5000000000,-126.7633895874
4864070.0000000000,-126.7727584839
4875287.0000000000,-126.7809524536
4886525.0000000000,-126.7852554321
4897789.0000000000,-126.7857894897
4909078.5000000000,-126.7864379883
4920394.5000000000,-126.7917022705
4931736.0000000000,-126.8025970459
4943104.0000000000,-126.8153839111
4954504.0000000000,-126.8262100220
4965924.5000000000,-126.8377914429
4977371.0000000000,-126.8586502075
4988844.5000000000,-126.8974914551
5000344.0000000000,-126.9561920166
5011870.0000000000,-127.0261001587
5023428.5000000000,-127.0910263062
5035007.5000000000,-127.1360168457
5046614.0000000000,-127.1566009521
5058246.5000000000,-127.1605300903
5069906.0000000000,-127.1609725952
5081592.5000000000,-127.1668472290
5093306.0000000000,-127.1788101196
5105052.0000000000,-127.1931304932
5116819.5000000000,-127.2078018188
5128614.5000000000,-127.2236328125
5140436.0000000000,-127.2396697998
5152285.0000000000,-127.2490997314
5164161.5000000000,-127.2506942749
5176071.0000000000,-127.2523498535
5188002.0000000000,-127.2544097900
5199961.0000000000,-127.2809906006
5211947.0000000000,-127.3281478882
5223961.0000000000,-127.3830184937
5236002.5000000000,-127.4303665161
5248072.0000000000,-127.4632186890
5260175.0000000000,-127.4850997925
5272300.0000000000,-127.5036392212
5284453.0000000000,-127.5233383179
5296634.0000000000,-127.5433425903
5308843.5000000000,-127.5622406006
5321080.5000000000,-127.5760879517
5333352.0000000000,-127.5922317505
5345645.5000000000,-127.6172103882
5357967.5000000000,-127.6527328491
5370318.0000000000,-127.6947174072
5382697.0000000000,-127.7391052246
5395104.5000000000,-127.7859802246
5407541.0000000000,-127.8341598511
5420011.5000000000,-127.8745956421
5432505.0000000000,-127.8963394165
5445027.5000000000,-127.9001693726
5457578.5000000000,-127.9010238647
5470158.5000000000,-127.9166259766
5482767.5000000000,-127.9562454224
5495406.0000000000,-128.0163879395
5508079.0000000000,-128.0811920166
5520775.5000000000,-128.1299438477
5533501.5000000000,-128.1493377686
5546256.5000000000,-128.1496582031
5559041.0000000000,-128.1513061523
5571855.0000000000,-128.1519622803
5584704.5000000000,-128.1555633545
5597578.0000000000,-128.1562500000
5610480.5000000000,-128.1575775146
5623413.5000000000,-128.1710357666
5636375.5000000000,-128.1723937988
5649368.0000000000,-128.1733703613
5662390.0000000000,-128.1892547607
5675448.5000000000,-128.1972808838
5688531.0000000000,-128.2036285400
5701643.5000000000,-128.2221984863
5714786.0000000000,-128.2610931396
5727959.0000000000,-128.3128814697
5741162.5000000000,-128.3590240479
5754402.5000000000,-128.3853302002
5767666.5000000000,-128.3960723877
5780961.5000000000,-128.4160308838
5794287.0000000000,-128.4503479004
5807643.5000000000,-128.4540100098
5821030.5000000000,-128.4662170410
5834448.5000000000,-128.4705200195
5847903.5000000000,-128.4889984131
5861383.5000000000,-128.4985809326
5874894.0000000000,-128.5000915527
5888436.5000000000,-128.5092315674
5902009.5000000000,-128.5568847656
5915614.0000000000,-128.6172027588
5929250.0000000000,-128.6667480469
5942924.0000000000,-128.7121734619
5956622.5000000000,-128.7389831543
5970353.0000000000,-128.7488555908
5984115.5000000000,-128.7593841553
5997909.0000000000,-128.7847290039
6011734.5000000000,-128.8386840820
6025599.0000000000,-128.8422241211
6039488.0000000000,-128.8437194824
6053409.5000000000,-128.8538818359
6067363.0000000000,-128.8600311279
6081349.0000000000,-128.8684082031
6095367.0000000000,-128.8719177246
6109417.0000000000,-128.9070587158
6123506.5000000000,-128.9777069092
6137621.5000000000,-129.0369262695
6151769.0000000000,-129.0862884521
6165949.5000000000,-129.0875091553
6180162.5000000000,-129.0977172852
6194408.0000000000,-129.1066436768
6208693.5000000000,-129.1333770752
6223005.0000000000,-129.1911621094
6237349.5000000000,-129.2384643555
6251727.0000000000,-129.2615814209
6266137.5000000000,-129.2668914795
6280581.5000000000,-129.2710876465
6295058.5000000000,-129.2826995850
6309576.0000000000,-129.2942352295
6324120.0000000000,-129.3120269775
6338698.0000000000,-129.3422393799
6353309.0000000000,-129.4138183594
6367954.0000000000,-129.4350738525
6382632.5000000000,-129.4402313232
6397352.0000000000,-129.4532470703
6412098.0000000000,-129.4721679688
6426878.5000000000,-129.4845581055
6441693.0000000000,-129.4850463867
6456541.5000000000,-129.4874725342
6471424.0000000000,-129.4897003174
6486341.5000000000,-129.5010375977
6501300.0000000000,-129.5101928711
6516286.0000000000,-129.5293731689
6531306.5000000000,-129.5414733887
6546361.5000000000,-129.5506896973
6561451.5000000000,-129.5898437500
6576576.0000000000,-129.6457214355
6591735.5000000000,-129.6535491943
6606937.0000000000,-129.6680755615
6622166.5000000000,-129.6704559326
6637431.0000000000,-129.6745910645
6652731.0000000000,-129.6817626953
6668066.0000000000,-129.6941375732
6683436.0000000000,-129.7203369141
6698849.5000000000,-129.7694854736
6714290.5000000000,-129.8250122070
6729767.5000000000,-129.8810729980
6745280.0000000000,-129.9237518311
6760828.5000000000,-129.9243469238
6776413.0000000000,-129.9275817871
6792033.0000000000,-129.9289703369
6807696.5000000000,-129.9490051270
6823388.5000000000,-129.9760131836
6839117.0000000000,-130.0080108643
6854881.5000000000,-130.0442047119
6870682.5000000000,-130.0631713867
6886520.0000000000,-130.0660095215
6902401.5000000000,-130.0697937012
6918312.0000000000,-130.0716094971
6934259.5000000000,-130.0782318115
6950243.5000000000,-130.1054687500
6966264.0000000000,-130.1813964844
6982322.0000000000,-130.2264251709
6998416.5000000000,-130.2280578613
7014556.0000000000,-130.2429199219
7030725.0000000000,-130.2512207031
7046931.5000000000,-130.2539520264
7063175.0000000000,-130.2599639893
7079456.5000000000,-130.2680053711
7095775.0000000000,-130.2957763672
7112139.0000000000,-130.3775177002
7128533.0000000000,-130.4055175781
7144965.0000000000,-130.4189147949
7161434.5000000000,-130.4229736328
7177942.0000000000,-130.4416809082
7194487.5000000000,-130.4523620605
7211071.5000000000,-130.4624786377
7227701.5000000000,-130.4674072266
7244362.0000000000,-130.4802398682
7261060.5000000000,-130.5573883057
7277798.0000000000,-130.6044769287
7294573.5000000000,-130.6650238037
7311388.0000000000,-130.6662902832
7328241.5000000000,-130.6722412109
7345141.5000000000,-130.6845703125
7362072.5000000000,-130.6988372803
7379043.0000000000,-130.7057342529
7396052.0000000000,-130.7084197998
7413100.5000000000,-130.7198028564
7430188.0000000000,-130.7374114990
7447323.5000000000,-130.7582702637
7464490.0000000000,-130.7839050293
7481696.5000000000,-130.8211517334
7498942.0000000000,-130.8724060059
7516227.5000000000,-130.9243927002
7533553.0000000000,-130.9558258057
7550918.5000000000,-131.0030975342
7568332.0000000000,-131.0549011230
7585777.5000000000,-131.1087188721
7603263.5000000000,-131.1627502441
7620789.5000000000,-131.1768035889
7638356.0000000000,-131.1840972900
7655963.0000000000,-131.1885986328
7673619.0000000000,-131.1917114258
7691307.0000000000,-131.2019042969
7709036.0000000000,-131.2053833008
7726806.0000000000,-131.2073059082
7744617.0000000000,-131.2163085938
7762469.0000000000,-131.2229766846
7780362.0000000000,-131.2540283203
7798304.5000000000,-131.2546539307
7816280.5000000000,-131.2740478516
7834297.5000000000,-131.3172607422
7852356.0000000000,-131.3194732666
7870456.0000000000,-131.3267211914
7888598.0000000000,-131.3518829346
7906782.0000000000,-131.4209899902
7925016.5000000000,-131.4348602295
7943284.0000000000,-131.4472198486
7961594.0000000000,-131.4936676025
7979946.0000000000,-131.5033264160
7998340.5000000000,-131.5291595459
8016777.0000000000,-131.5475769043
8035265.0000000000,-131.5541534424
8053787.0000000000,-131.5554656982
8072351.5000000000,-131.5565795898
8090959.0000000000,-131.5692749023
8109609.0000000000,-131.5734405518
8128302.5000000000,-131.5966796875
8147038.5000000000,-131.6475830078
8165827.0000000000,-131.6587677002
8184650.0000000000,-131.6676330566
8203516.0000000000,-131.6755981445
8222426.0000000000,-131.6803894043
8241379.0000000000,-131.6836547852
8260376.0000000000,-131.7189331055
8279426.0000000000,-131.7263793945
8298510.5000000000,-131.7281951904
8317639.0000000000,-131.7473602295
8336812.0000000000,-131.7500610352
8356029.0000000000,-131.7724304199
8375290.0000000000,-131.7774658203
8394596.0000000000,-131.7998962402
8413955.0000000000,-131.9371948242
8433350.0000000000,-132.0555877686
8452789.0000000000,-132.0596771240
8472274.0000000000,-132.0652313232
8491803.0000000000,-132.0795440674
8511377.0000000000,-132.0874633789
8531006.0000000000,-132.0903472900
8550670.0000000000,-132.1098175049
8570380.0000000000,-132.1138610840
8590136.0000000000,-132.1234130859
8609936.0000000000,-132.1266326904
8629783.0000000000,-132.1556243896
8649675.0000000000,-132.1584014893
8669623.0000000000,-132.1775207520
8689607.0000000000,-132.2243347168
8709637.0000000000,-132.2390747070
8729713.0000000000,-132.2655029297
8749836.0000000000,-132.2813720703
8770005.0000000000,-132.2853546143
8790220.0000000000,-132.3272094727
8810492.0000000000,-132.3313751221
8830801.0000000000,-132.3496093750
8851157.0000000000,-132.3733520508
8871559.0000000000,-132.3779602051
8892009.0000000000,-132.4062805176
8912505.0000000000,-132.4067535400
8933059.0000000000,-132.4915161133
8953651.0000000000,-132.5365753174
8974289.0000000000,-132.5570983887
8994976.0000000000,-132.5957946777
9015710.0000000000,-132.6138153076
9036492.0000000000,-132.6251678467
9057321.0000000000,-132.6554412842
9078209.0000000000,-132.6563873291
9099135.0000000000,-132.6647338867
9120109.0000000000,-132.6656646729
9141132.0000000000,-132.7042694092
9162203.0000000000,-132.7540130615
9183322.0000000000,-132.7540740967
9204500.0000000000,-132.7570037842
9225718.0000000000,-132.7783660889
9246983.0000000000,-132.8530273438
9268298.0000000000,-132.9591369629
9289662.0000000000,-132.9649810791
9311076.0000000000,-132.9692230225
9332538.0000000000,-132.9866180420
9354061.0000000000,-132.9977722168
9375623.0000000000,-133.0197906494
9397234.0000000000,-133.0272674561
9418895.0000000000,-133.0356140137
9440607.0000000000,-133.0473937988
9462368.0000000000,-133.0811462402
9484190.0000000000,-133.0821685791
9506052.0000000000,-133.0894317627
9527964.0000000000,-133.1261138916
9549926.0000000000,-133.1403503418
9571940.0000000000,-133.1405792236
9594004.0000000000,-133.1499023438
9616118.0000000000,-133.1581726074
9638295.0000000000,-133.1746826172
9660512.0000000000,-133.1774749756
9682780.0000000000,-133.1819610596
9705099.0000000000,-133.1945190430
9727470.0000000000,-133.2358856201
9749893.0000000000,-133.3048095703
9772367.0000000000,-133.3649291992
9794904.0000000000,-133.4275970459
9817482.0000000000,-133.4953155518
9840112.0000000000,-133.5382537842
9862794.0000000000,-133.5705413818
9885528.0000000000,-133.5957183838
9908315.0000000000,-133.6306610107
9931165.0000000000,-133.6752166748
9954057.0000000000,-133.6882629395
9977002.0000000000,-133.6911773682
10000000.0000000000,-133.6961364746
10023051.0000000000,-133.7133483887
10046155.0000000000,-133.7150726318
10069312.0000000000,-133.7176055908
10092533.0000000000,-133.7368164063
10115797.0000000000,-133.7488250732
10139115.0000000000,-133.7494506836
10162486.0000000000,-133.7634124756
10185911.0000000000,-133.7790222168
10209391.0000000000,-133.7798461914
10232935.0000000000,-133.7857513428
10256523.0000000000,-133.7945861816
10280165.0000000000,-133.8019256592
10303861.0000000000,-133.8030700684
10327613.0000000000,-133.8032379150
10351418.0000000000,-133.8061370850
10375279.0000000000,-133.8067626953
10399206.0000000000,-133.8239898682
10423177.0000000000,-133.8240966797
10447203.0000000000,-133.8242187500
10471285.0000000000,-133.8276519775
10495422.0000000000,-133.8443756104
10519615.0000000000,-133.8853149414
10543863.0000000000,-133.9275512695
10568179.0000000000,-133.9796447754
10592540.0000000000,-134.0307464600
10616956.0000000000,-134.0739288330
10641429.0000000000,-134.1147460938
10665958.0000000000,-134.1367950439
10690544.0000000000,-134.1567382813
10715198.0000000000,-134.1617584229
10739898.0000000000,-134.1664581299
10764654.0000000000,-134.1691436768
10789467.0000000000,-134.1741180420
10814338.0000000000,-134.1900329590
10839265.0000000000,-134.2106323242
10864251.0000000000,-134.2487030029
10889305.0000000000,-134.2908020020
10914406.0000000000,-134.3444366455
10939565.0000000000,-134.3967132568
10964781.0000000000,-134.4460601807
10990056.0000000000,-134.4891510010
11015388.0000000000,-134.5148773193
11040792.0000000000,-134.5164031982
11066242.0000000000,-134.5171051025
11091750.0000000000,-134.5220489502
11117317.0000000000,-134.5374603271
11142944.0000000000,-134.5484619141
11168629.0000000000,-134.5523529053
11194373.0000000000,-134.5564575195
11220189.0000000000,-134.5670013428
11246053.0000000000,-134.5719299316
11271976.0000000000,-134.5773010254
11297958.0000000000,-134.5803985596
11324001.0000000000,-134.5917510986
11350104.0000000000,-134.6508789063
11376279.0000000000,-134.7076721191
11402502.0000000000,-134.7549285889
11428786.0000000000,-134.7549285889
11455130.0000000000,-134.7549285889
11481535.0000000000,-134.7549285889
11508000.0000000000,-134.7681121826
11534527.0000000000,-134.7715759277
11561128.0000000000,-134.7926635742
11587777.0000000000,-134.8116912842
11614488.0000000000,-134.8148651123
11641260.0000000000,-134.8189849854
11668094.0000000000,-134.8202209473
11694990.0000000000,-134.8215484619
11721947.0000000000,-134.8215942383
11748980.0000000000,-134.8278961182
11776062.0000000000,-134.8312835693
11803207.0000000000,-134.8403320313
11830414.0000000000,-134.8626251221
11857684.0000000000,-134.9013824463
11885017.0000000000,-134.9049530029
11912426.0000000000,-134.9218444824
11939885.0000000000,-134.9584655762
11967407.0000000000,-134.9796905518
11994993.0000000000,-135.0111694336
12022642.0000000000,-135.0305023193
12050355.0000000000,-135.0324707031
12078132.0000000000,-135.0551757813
12105986.0000000000,-135.0717315674
12133892.0000000000,-135.0744323730
12161861.0000000000,-135.1399383545
12189895.0000000000,-135.2508239746
12217994.0000000000,-135.2970886230
12246157.0000000000,-135.3078155518
12274399.0000000000,-135.3190917969
12302692.0000000000,-135.3264312744
12331051.0000000000,-135.3386383057
12359475.0000000000,-135.3488464355
12387964.0000000000,-135.3635406494
12416519.0000000000,-135.3967742920
12445140.0000000000,-135.3989715576
12473841.0000000000,-135.4109497070
12502594.0000000000,-135.4293518066
12531413.0000000000,-135.4332122803
12560299.0000000000,-135.4541625977
12589251.0000000000,-135.5178527832
12618270.0000000000,-135.5914916992
12647370.0000000000,-135.6667175293
12676523.0000000000,-135.7438659668
12705744.0000000000,-135.8113403320
12735031.0000000000,-135.8709106445
12764387.0000000000,-135.8710937500
12793809.0000000000,-135.8724975586
12823300.0000000000,-135.8887481689
12852873.0000000000,-135.8922424316
12882499.0000000000,-135.8929290771
12912195.0000000000,-135.8966217041
12941958.0000000000,-135.8987121582
12971790.0000000000,-135.9005279541
13001691.0000000000,-135.9013824463
13031661.0000000000,-135.9015197754
13061714.0000000000,-135.9063262939
13091822.0000000000,-135.9091644287
13122000.0000000000,-135.9155120850
13152247.0000000000,-135.9673461914
13182564.0000000000,-136.0669860840
13212951.0000000000,-136.2121429443
13243422.0000000000,-136.2554168701
13273949.0000000000,-136.2835388184
13304546.0000000000,-136.2870635986
13335214.0000000000,-136.3284606934
13365953.0000000000,-136.3371124268
13396762.0000000000,-136.3522186279
13427643.0000000000,-136.3921661377
13458609.0000000000,-136.4122619629
13489632.0000000000,-136.4338226318
13520727.0000000000,-136.4344940186
13551893.0000000000,-136.4385375977
13583131.0000000000,-136.4393310547
13614441.0000000000,-136.4497528076
13645839.0000000000,-136.4530792236
13677293.0000000000,-136.4624176025
13708820.0000000000,-136.4686279297
13740420.0000000000,-136.4725799561
13772093.0000000000,-136.4872436523
13803838.0000000000,-136.4880828857
13835657.0000000000,-136.5113983154
13867565.0000000000,-136.5511779785
13899530.0000000000,-136.5513610840
13931570.0000000000,-136.5793304443
13963683.0000000000,-136.6002044678
13995870.0000000000,-136.6578521729
14028132.0000000000,-136.6791992188
14060468.0000000000,-136.7026214600
14092893.0000000000,-136.7069549561
14125379.0000000000,-136.7395629883
14157939.0000000000,-136.7519073486
14190574.0000000000,-136.7786102295
14223284.0000000000,-136.7902221680
14256070.0000000000,-136.8445587158
14288946.0000000000,-136.8465728760
14321884.0000000000,-136.8719329834
14354896.0000000000,-136.9085693359
14387986.0000000000,-136.9120788574
14421151.0000000000,-136.9251251221
14454393.0000000000,-136.9313354492
14487711.0000000000,-136.9324035645
14521122.0000000000,-137.0092468262
14554594.0000000000,-137.0098724365
14588144.0000000000,-137.0137634277
14621770.0000000000,-137.0452728271
14655475.0000000000,-137.0542755127
14689257.0000000000,-137.0581817627
14723133.0000000000,-137.0581817627
14757070.0000000000,-137.0636596680
14791086.0000000000,-137.0636596680
14825181.0000000000,-137.0738372803
14859354.0000000000,-137.1024322510
14893606.0000000000,-137.1284027100
14927937.0000000000,-137.1298828125
14962363.0000000000,-137.1913452148
14996852.0000000000,-137.1926574707
15031421.0000000000,-137.2045440674
15066070.0000000000,-137.2105560303
15100798.0000000000,-137.2110748291
15135607.0000000000,-137.2266387939
15170512.0000000000,-137.2281951904
15205481.0000000000,-137.2378540039
15240531.0000000000,-137.2495880127
15275661.0000000000,-137.2503356934
15310873.0000000000,-137.2656707764
15346165.0000000000,-137.3567047119
15381539.0000000000,-137.3889312744
15417012.0000000000,-137.4006500244
15452549.0000000000,-137.4146118164
15488168.0000000000,-137.4490203857
15523870.0000000000,-137.4643859863
15559653.0000000000,-137.4685821533
15595519.0000000000,-137.4911956787
15631468.0000000000,-137.5026702881
15667517.0000000000,-137.5070800781
15703632.0000000000,-137.5115203857
15739830.0000000000,-137.5179290771
15776111.0000000000,-137.5300445557
15812476.0000000000,-137.5327148438
15848925.0000000000,-137.5500640869
15885475.0000000000,-137.5689086914
15922092.0000000000,-137.5723419189
15958794.0000000000,-137.5837249756
15995580.0000000000,-137.5985412598
16032451.0000000000,-137.6630859375
16069407.0000000000,-137.7330322266
16106448.0000000000,-137.7738952637
16143592.0000000000,-137.7754058838
16180804.0000000000,-137.7919616699
16218102.0000000000,-137.7932281494
16255486.0000000000,-137.8165435791
16292956.0000000000,-137.9254913330
16330513.0000000000,-138.0508880615
16368174.0000000000,-138.1833953857
16405903.0000000000,-138.2986755371
16443720.0000000000,-138.2999725342
16481624.0000000000,-138.3012695313
16519616.0000000000,-138.3133697510
16557694.0000000000,-138.3149719238
16595861.0000000000,-138.3234558105
16634134.0000000000,-138.3354187012
16672477.0000000000,-138.3407745361
16710908.0000000000,-138.3511810303
16749428.0000000000,-138.3684997559
16788036.0000000000,-138.3721466064
16826734.0000000000,-138.3801269531
16865540.0000000000,-138.3881225586
16904416.0000000000,-138.3966674805
16943382.0000000000,-138.4107208252
16982438.0000000000,-138.4205627441
17021582.0000000000,-138.4231719971
17060818.0000000000,-138.4317169189
17100146.0000000000,-138.4325103760
17139582.0000000000,-138.4431915283
17179090.0000000000,-138.4470367432
17218688.0000000000,-138.4553222656
17258378.0000000000,-138.4696807861
17298160.0000000000,-138.4696807861
17338034.0000000000,-138.4886322021
17378000.0000000000,-138.5125732422
17418076.0000000000,-138.5181121826
17458226.0000000000,-138.5181121826
17498468.0000000000,-138.5198364258
17538804.0000000000,-138.5198364258
17579232.0000000000,-138.5198364258
17619752.0000000000,-138.5198364258
17660388.0000000000,-138.5198364258
17701096.0000000000,-138.5198364258
17741898.0000000000,-138.5198364258
17782794.0000000000,-138.5198364258
17823784.0000000000,-138.5209350586
17864870.0000000000,-138.5236968994
17906050.0000000000,-138.5239562988
17947344.0000000000,-138.5239562988
17988714.0000000000,-138.5239562988
18030180.0000000000,-138.5239562988
18071740.0000000000,-138.5239562988
18113396.0000000000,-138.5239562988
18155150.0000000000,-138.5798034668
18197018.0000000000,-138.5848236084
18238964.0000000000,-138.6045989990
18281006.0000000000,-138.6385192871
18323144.0000000000,-138.6888732910
18365380.0000000000,-138.7249298096
18407714.0000000000,-138.7543640137
18450146.0000000000,-138.8089294434
18492694.0000000000,-138.8841552734
18535322.0000000000,-138.9337615967
18578046.0000000000,-138.9429321289
18620870.0000000000,-138.9562683105
18663792.0000000000,-138.9670867920
18706814.0000000000,-138.9671020508
18749934.0000000000,-138.9722595215
18793176.0000000000,-138.9908752441
18836496.0000000000,-139.0403289795
18879914.0000000000,-139.0570831299
18923434.0000000000,-139.0792541504
18967054.0000000000,-139.0838775635
19010774.0000000000,-139.1152801514
19054616.0000000000,-139.1203765869
19098538.0000000000,-139.1506958008
19142562.0000000000,-139.1636810303
19186688.0000000000,-139.1652374268
19230914.0000000000,-139.2051849365
19275242.0000000000,-139.2496795654
19319674.0000000000,-139.2532958984
19364228.0000000000,-139.5146179199
19408864.0000000000,-139.8170166016
19453602.0000000000,-139.9819183350
19498444.0000000000,-140.0209197998
19543390.0000000000,-140.0222167969
19588438.0000000000,-140.0235290527
19633612.0000000000,-140.0256805420
19678870.0000000000,-140.0406494141
19724230.0000000000,-140.0418853760
19769696.0000000000,-140.0432586670
19815268.0000000000,-140.0478515625
19860942.0000000000,-140.0570068359
19906724.0000000000,-140.0570068359
19952632.0000000000,-140.0570068359
19998624.0000000000,-140.0570068359
20044722.0000000000,-140.0570068359
20090926.0000000000,-140.0570068359
20137238.0000000000,-140.0570068359
20183656.0000000000,-140.0638885498
20230202.0000000000,-140.0682830811
20276834.0000000000,-140.0699615479
20323574.0000000000,-140.0738983154
20370422.0000000000,-140.0969696045
20417376.0000000000,-140.1170959473
20464440.0000000000,-140.0969696045
20511612.0000000000,-140.0738983154
20558916.0000000000,-140.0699615479
20606306.0000000000,-140.0738983154
20653804.0000000000,-140.0969696045
20701412.0000000000,-140.1170959473
20749130.0000000000,-140.1595916748
20796960.0000000000,-140.2072143555
20844898.0000000000,-140.2103881836
20892970.0000000000,-140.2476501465
20941130.0000000000,-140.2801818848
20989400.0000000000,-140.2872619629
21037782.0000000000,-140.3068237305
21086276.0000000000,-140.3656768799
21134882.0000000000,-140.3688201904
21183622.0000000000,-140.4169158936
21232452.0000000000,-140.4348144531
21281394.0000000000,-140.4421691895
21330448.0000000000,-140.4478149414
21379618.0000000000,-140.4870147705
21428898.0000000000,-140.4870147705
21478294.0000000000,-140.5274963379
21527826.0000000000,-140.5274963379
21577450.0000000000,-140.5274963379
21627188.0000000000,-140.4870147705
21677040.0000000000,-140.4804534912
21727006.0000000000,-140.4623718262
21777088.0000000000,-140.4478149414
21827310.0000000000,-140.4478149414
21877624.0000000000,-140.4623718262
21928054.0000000000,-140.4804534912
21978600.0000000000,-140.4848175049
22029262.0000000000,-140.4870147705
22080040.0000000000,-140.5274963379
22130936.0000000000,-140.5325012207
22181974.0000000000,-140.5622100830
22233106.0000000000,-140.5622100830
22284354.0000000000,-140.5622100830
22335722.0000000000,-140.6174468994
22387206.0000000000,-140.6364746094
22438810.0000000000,-140.6380157471
22490558.0000000000,-140.6553192139
22542400.0000000000,-140.7198181152
22594362.0000000000,-140.7432098389
22646444.0000000000,-140.7500915527
22698646.0000000000,-140.8224639893
22750968.0000000000,-140.8242950439
22803410.0000000000,-140.8307189941
22855998.0000000000,-140.8323974609
22908684.0000000000,-140.8463287354
22961490.0000000000,-140.8841247559
23014418.0000000000,-140.8841247559
23067468.0000000000,-140.8841247559
23120640.0000000000,-140.8841247559
23173934.0000000000,-140.8841247559
23227378.0000000000,-140.8841247559
23280918.0000000000,-140.8841247559
23334582.0000000000,-140.8463287354
23388370.0000000000,-140.8463287354
23442282.0000000000,-140.8463287354
23496318.0000000000,-140.8463287354
23550504.0000000000,-140.8463287354
23604790.0000000000,-140.8463287354
23659200.0000000000,-140.8755798340
23713738.0000000000,-140.8841247559
23768398.0000000000,-140.8942260742
23823186.0000000000,-140.9227142334
23878100.0000000000,-140.9566192627
23933168.0000000000,-141.0128784180
23988336.0000000000,-141.0289001465
24043630.0000000000,-141.0643768311
24099052.0000000000,-141.0659179688
24154602.0000000000,-141.0659179688
24210280.0000000000,-141.0643768311
24266114.0000000000,-141.0643768311
24322048.0000000000,-141.0659179688
24378112.0000000000,-141.1611938477
24434306.0000000000,-141.2526550293
24490628.0000000000,-141.2698364258
24547082.0000000000,-141.2796173096
24603664.0000000000,-141.2847137451
24660404.0000000000,-141.2927398682
24717248.0000000000,-141.3345336914
24774224.0000000000,-141.4304809570
24831330.0000000000,-141.3345336914
24888568.0000000000,-141.2847137451
24945938.0000000000,-141.2847137451
25003440.0000000000,-141.2847137451
25061102.0000000000,-141.3345336914
25118870.0000000000,-141.3913421631
25176770.0000000000,-141.3913421631
25234804.0000000000,-141.4304809570
25292972.0000000000,-141.4347534180
25351274.0000000000,-141.4347534180
25409740.0000000000,-141.4304809570
25468310.0000000000,-141.3913421631
25527016.0000000000,-141.2847137451
25585858.0000000000,-141.3913421631
25644836.0000000000,-141.4304809570
25703948.0000000000,-141.4738769531
25763198.0000000000,-141.4738769531
25822612.0000000000,-141.4738769531
25882136.0000000000,-141.5214691162
25941796.0000000000,-141.5276641846
26001594.0000000000,-141.5315246582
26061528.0000000000,-141.5616607666
26121602.0000000000,-141.6363067627
26181844.0000000000,-141.6363067627
26242194.0000000000,-141.6363067627
26302684.0000000000,-141.6363067627
26363314.0000000000,-141.6363067627
26424084.0000000000,-141.7145690918
26484992.0000000000,-141.7745208740
26546042.0000000000,-141.9869537354
26607262.0000000000,-141.9916687012
26668594.0000000000,-141.9916687012
26730066.0000000000,-141.9916687012
26791682.0000000000,-141.9869537354
26853438.0000000000,-141.9032440186
26915338.0000000000,-141.9032440186
26977408.0000000000,-141.9032440186
27039594.0000000000,-141.9869537354
27101922.0000000000,-141.9032440186
27164394.0000000000,-141.8854980469
27227010.0000000000,-141.8854980469
27289770.0000000000,-141.9032440186
27352674.0000000000,-142.0713653564
27415754.0000000000,-142.1010894775
27478950.0000000000,-142.1045532227
27542290.0000000000,-142.1188812256
27605778.0000000000,-142.1188812256
27669410.0000000000,-142.1188812256
27733190.0000000000,-142.1045532227
27797118.0000000000,-142.1010894775
27861222.0000000000,-142.1010894775
27925444.0000000000,-142.1045532227
27989814.0000000000,-142.1045532227
28054334.0000000000,-142.1045532227
28119000.0000000000,-142.1045532227
28183816.0000000000,-142.1045532227
28248814.0000000000,-142.1045532227
28313930.0000000000,-142.1045532227
28379194.0000000000,-142.1045532227
28444610.0000000000,-142.1188812256
28510178.0000000000,-142.1188812256
28575896.0000000000,-142.1188812256
28641766.0000000000,-142.1188812256
28707818.0000000000,-142.1234741211
28773992.0000000000,-142.1483917236
28840318.0000000000,-142.1483917236
28906796.0000000000,-142.1483917236
28973428.0000000000,-142.2007141113
29040214.0000000000,-142.2007141113
29107186.0000000000,-142.2007141113
29174280.0000000000,-142.2007141113
29241530.0000000000,-142.2007141113
29308932.0000000000,-142.2207336426
29376492.0000000000,-142.2207336426
29444208.0000000000,-142.2207336426
29512078.0000000000,-142.2207336426
29580138.0000000000,-142.2207336426
29648322.0000000000,-142.2007141113
29716664.0000000000,-142.1913452148
29785162.0000000000,-142.1913452148
29853820.0000000000,-142.1913452148
29922634.0000000000,-142.1913452148
29991642.0000000000,-142.1483917236
30060774.0000000000,-142.1234741211
30130066.0000000000,-141.8473205566
30199518.0000000000,-141.8473205566
30269130.0000000000,-141.8473205566
30338904.0000000000,-141.8473205566
30408836.0000000000,-141.8473205566
30478964.0000000000,-141.9172821045
30549220.0000000000,-142.0177001953
30619638.0000000000,-142.0859069824
30690220.0000000000,-142.0859069824
30760962.0000000000,-142.1408691406
30831868.0000000000,-142.1483917236
30902938.0000000000,-142.1913452148
30974206.0000000000,-142.2002563477
31045604.0000000000,-142.2007141113
31117166.0000000000,-142.2915954590
31188892.0000000000,-142.3928222656
31260786.0000000000,-142.4714508057
31332844.0000000000,-142.4714508057
31405102.0000000000,-142.4860229492
31477494.0000000000,-142.4933319092
31550052.0000000000,-142.4933319092
31622776.0000000000,-142.4933319092
31695670.0000000000,-142.4933319092
31768730.0000000000,-142.4933319092
31841960.0000000000,-142.4933319092
31915392.0000000000,-142.4933319092
31988960.0000000000,-142.4933319092
32062696.0000000000,-142.4933319092
32136604.0000000000,-142.4860229492
32210680.0000000000,-142.4703979492
32284928.0000000000,-142.4703979492
32359382.0000000000,-142.4703979492
32433974.0000000000,-142.4860229492
32508736.0000000000,-142.4893646240
32583670.0000000000,-142.4933319092
32658778.0000000000,-142.5064849854
32734060.0000000000,-142.5203704834
32809514.0000000000,-142.5534973145
32885178.0000000000,-142.5540313721
32960980.0000000000,-142.5557250977
33036958.0000000000,-142.6383361816
33113110.0000000000,-142.6590270996
33189438.0000000000,-142.6595764160
33265942.0000000000,-142.8258361816
33342624.0000000000,-142.9121246338
33419516.0000000000,-142.9843292236
33496552.0000000000,-143.0715332031
33573764.0000000000,-143.2982635498
33651152.0000000000,-143.3878173828
33728720.0000000000,-143.4037475586
33806468.0000000000,-143.4037475586
33884432.0000000000,-143.4037475586
33962536.0000000000,-143.4037475586
34040824.0000000000,-143.4037475586
34119292.0000000000,-143.4037475586
34197936.0000000000,-143.4037475586
34276768.0000000000,-143.4037475586
34355776.0000000000,-143.4037475586
34435008.0000000000,-143.3878173828
34514384.0000000000,-143.1804656982
34593940.0000000000,-143.1227874756
34673680.0000000000,-143.1227874756
34753608.0000000000,-143.1227874756
34833716.0000000000,-143.1227874756
34914048.0000000000,-143.1227874756
34994528.0000000000,-143.1227874756
35075192.0000000000,-143.1227874756
35156044.0000000000,-143.1804656982
35237080.0000000000,-143.4037475586
35318304.0000000000,-143.4415740967
35399716.0000000000,-143.6551208496
35481356.0000000000,-143.7922363281
35563140.0000000000,-143.8111724854
35645116.0000000000,-143.8123474121
35727280.0000000000,-143.9501037598
35809636.0000000000,-144.0930938721
35892180.0000000000,-144.1987609863
35974952.0000000000,-144.2558441162
36057876.0000000000,-144.4374237061
36140992.0000000000,-144.4817199707
36224300.0000000000,-144.4817199707
36307800.0000000000,-144.4796600342
36391492.0000000000,-144.4374237061
36475376.0000000000,-144.2558441162
36559496.0000000000,-144.2048034668
36643768.0000000000,-144.1447143555
36728236.0000000000,-144.2048034668
36812896.0000000000,-144.4340667725
36897752.0000000000,-144.4796600342
36982804.0000000000,-144.4817199707
37068052.0000000000,-144.5837402344
37153536.0000000000,-144.5837402344
37239180.0000000000,-144.5837402344
37325020.0000000000,-144.6907501221
37411056.0000000000,-144.7107849121
37497292.0000000000,-144.7226867676
37583724.0000000000,-144.7853240967
37670400.0000000000,-144.7896881104
37757232.0000000000,-144.7896881104
37844264.0000000000,-144.7896881104
37931500.0000000000,-144.7896881104
38018932.0000000000,-144.7896881104
38106568.0000000000,-144.7896881104
38194408.0000000000,-144.9002838135
38282492.0000000000,-144.9002838135
38370736.0000000000,-144.9002838135
38459180.0000000000,-144.9002838135
38547832.0000000000,-144.9002838135
38636688.0000000000,-144.9002838135
38725748.0000000000,-144.9559936523
38815056.0000000000,-144.9559936523
38904528.0000000000,-144.9559936523
38994204.0000000000,-144.9559936523
39084092.0000000000,-144.9559936523
39174180.0000000000,-144.9559936523
39264480.0000000000,-144.7896881104
39354988.0000000000,-144.7853240967
39445748.0000000000,-144.7617187500
39536672.0000000000,-144.7425689697
39627808.0000000000,-144.7283172607
39719152.0000000000,-144.7226867676
39810708.0000000000,-144.7226867676
39902476.0000000000,-144.7226867676
39994496.0000000000,-144.7226867676
40086688.0000000000,-144.7226867676
40179088.0000000000,-144.7283172607
40271704.0000000000,-144.7425689697
40364536.0000000000,-144.7469482422
40457576.0000000000,-144.7469482422
40550836.0000000000,-144.7425689697
40644352.0000000000,-144.7425689697
40738040.0000000000,-144.7425689697
40831944.0000000000,-144.7425689697
40926064.0000000000,-144.7425689697
41020404.0000000000,-144.7425689697
41114956.0000000000,-144.7283172607
41209732.0000000000,-144.7283172607
41304768.0000000000,-144.7283172607
41399976.0000000000,-144.6457672119
41495408.0000000000,-144.5647888184
41591056.0000000000,-144.5647888184
41686928.0000000000,-144.5647888184
41783020.0000000000,-144.4766998291
41879376.0000000000,-144.4543914795
41975912.0000000000,-144.3687438965
42072668.0000000000,-144.2080078125
42169652.0000000000,-144.2080078125
42266856.0000000000,-144.2080078125
42364284.0000000000,-144.2080078125
42461936.0000000000,-144.2080078125
42559860.0000000000,-144.2080078125
42657964.0000000000,-144.2080078125
42756292.0000000000,-144.2080078125
42854848.0000000000,-144.2080078125
42953632.0000000000,-144.2080078125
43052644.0000000000,-144.2080078125
43151932.0000000000,-144.2080078125
43251400.0000000000,-144.2224121094
43351096.0000000000,-144.3687438965
43451024.0000000000,-144.4543914795
43551180.0000000000,-144.4766998291
43651568.0000000000,-144.6457672119
43752188.0000000000,-144.6611175537
43853088.0000000000,-144.6763153076
43954176.0000000000,-144.7234039307
44055492.0000000000,-144.7441864014
44157044.0000000000,-144.7234039307
44258828.0000000000,-144.6763153076
44360848.0000000000,-144.6611175537
44463104.0000000000,-144.6611175537
44565644.0000000000,-144.6611175537
44668368.0000000000,-144.6611175537
44771332.0000000000,-144.6611175537
44874532.0000000000,-144.6611175537
44977972.0000000000,-144.6611175537
45081652.0000000000,-144.6611175537
45185616.0000000000,-144.6611175537
45289772.0000000000,-144.6611175537
45394168.0000000000,-144.6611175537
45498804.0000000000,-144.6733703613
45603684.0000000000,-144.6763153076
45708804.0000000000,-144.7234039307
45814164.0000000000,-144.7507171631
45919820.0000000000,-144.8801269531
46025668.0000000000,-145.0073394775
46131760.0000000000,-145.0979766846
46238100.0000000000,-145.1162414551
46344680.0000000000,-145.2654113770
46451508.0000000000,-145.3867492676
46558632.0000000000,-145.5123596191
46665956.0000000000,-145.4719696045
46773524.0000000000,-145.4719696045
46881340.0000000000,-145.4719696045
46989404.0000000000,-145.4719696045
47097716.0000000000,-145.4315948486
47206280.0000000000,-145.3867492676
47315148.0000000000,-145.4315948486
47424212.0000000000,-145.4719696045
47533528.0000000000,-145.5123596191
47643096.0000000000,-145.5615692139
47752916.0000000000,-145.5710449219
47862992.0000000000,-145.6022949219
47973372.0000000000,-145.6022949219
48083952.0000000000,-145.6022949219
48194788.0000000000,-145.6427917480
48305880.0000000000,-145.6568756104
48417232.0000000000,-145.6682128906
48528836.0000000000,-145.8192443848
48640696.0000000000,-145.8433227539
48752872.0000000000,-146.0877990723
48865252.0000000000,-146.1975555420
48977888.0000000000,-146.3189697266
49090784.0000000000,-146.3465118408
49203944.0000000000,-146.6273345947
49317364.0000000000,-146.6273345947
49431044.0000000000,-146.6273345947
49545040.0000000000,-146.6273345947
49659244.0000000000,-146.6273345947
49773712.0000000000,-146.6273345947
49888444.0000000000,-146.6273345947
50003440.0000000000,-146.5466613770
50118700.0000000000,-146.4601135254
50234284.0000000000,-146.3465118408
50350076.0000000000,-146.3189697266
50466136.0000000000,-146.2768554688
50582464.0000000000,-146.2768554688
50699060.0000000000,-146.2768554688
50815928.0000000000,-146.2768554688
50933060.0000000000,-146.2768554688
51050520.0000000000,-146.2768554688
51168196.0000000000,-146.3183135986
51286144.0000000000,-146.3189697266
51404360.0000000000,-146.3465118408
51522852.0000000000,-146.3465118408
51641616.0000000000,-146.3465118408
51760712.0000000000,-146.3465118408
51880024.0000000000,-146.3465118408
51999608.0000000000,-146.3921508789
52119472.0000000000,-146.4601135254
52239612.0000000000,-146.4601135254
52360028.0000000000,-146.4601135254
52480720.0000000000,-146.4601135254
52601752.0000000000,-146.4601135254
52723000.0000000000,-146.3921508789
52844532.0000000000,-146.3921508789
52966340.0000000000,-146.4054718018
53088432.0000000000,-146.4601135254
53210804.0000000000,-146.4601135254
53333520.0000000000,-146.4601135254
53456456.0000000000,-146.4054718018
53579676.0000000000,-146.3921508789
53703180.0000000000,-146.3183135986
53826972.0000000000,-146.2768554688
53951048.0000000000,-146.2363281250
54075408.0000000000,-145.9054260254
54200116.0000000000,-145.8251190186
54325048.0000000000,-145.6562347412
54450272.0000000000,-145.6562347412
54575784.0000000000,-145.6562347412
54701584.0000000000,-145.6822204590
54827676.0000000000,-145.8185119629
54954060.0000000000,-145.9054260254
55080792.0000000000,-145.9391937256
55207756.0000000000,-146.2363281250
55335016.0000000000,-146.3183135986
55462564.0000000000,-146.3921508789
55590412.0000000000,-146.3921508789
55718552.0000000000,-146.2363281250
55847048.0000000000,-146.0913085938
55975780.0000000000,-145.9391937256
56104808.0000000000,-145.9391937256
56234132.0000000000,-145.9054260254
56363756.0000000000,-145.8185119629
56493680.0000000000,-145.6822204590
56623900.0000000000,-145.6822204590
56754484.0000000000,-145.6822204590
56885308.0000000000,-145.7474365234
57016432.0000000000,-145.7474365234
57147860.0000000000,-145.6822204590
57279588.0000000000,-145.6562347412
57411624.0000000000,-145.5590972900
57544024.0000000000,-145.4907531738
57676668.0000000000,-145.4824981689
57809616.0000000000,-145.4307556152
57942872.0000000000,-145.2609863281
58076432.0000000000,-145.2609863281
58210304.0000000000,-145.2609863281
58344484.0000000000,-145.2609863281
58479036.0000000000,-145.2609863281
58613832.0000000000,-145.2609863281
58748944.0000000000,-145.4307556152
58884364.0000000000,-145.4907531738
59020096.0000000000,-145.5590972900
59156140.0000000000,-145.6562347412
59292500.0000000000,-145.6790466309
59429240.0000000000,-145.6822204590
59566228.0000000000,-145.7474365234
59703532.0000000000,-145.8185119629
59841152.0000000000,-145.9391937256
59979092.0000000000,-146.0913085938
60117348.0000000000,-146.0993499756
60255988.0000000000,-146.0993499756
60394884.0000000000,-146.0993499756
60534096.0000000000,-146.0993499756
60673632.0000000000,-146.0993499756
60813488.0000000000,-146.0993499756
60953668.0000000000,-146.0993499756
61094172.0000000000,-146.2379150391
61235064.0000000000,-146.2379150391
61376216.0000000000,-146.2379150391
61517692.0000000000,-146.2849273682
61659496.0000000000,-146.3230895996
61801624.0000000000,-146.3230895996
61944080.0000000000,-146.4024200439
62086936.0000000000,-146.4204101563
62230048.0000000000,-146.6904602051
62373496.0000000000,-146.9891204834
62517268.0000000000,-147.1331634521
62661376.0000000000,-147.1331634521
62805816.0000000000,-147.2473144531
62950588.0000000000,-147.3676452637
63095764.0000000000,-147.4201965332
63241204.0000000000,-147.7279205322
63386976.0000000000,-147.9826049805
63533088.0000000000,-148.1591796875
63679536.0000000000,-148.2892456055
63826324.0000000000,-148.3444061279
63973516.0000000000,-148.3879241943
64120980.0000000000,-148.3879241943
64268784.0000000000,-148.3444061279
64416928.0000000000,-148.2892456055
64565416.0000000000,-148.1591796875
64714244.0000000000,-147.9826049805
64863412.0000000000,-147.9826049805
65013000.0000000000,-148.2892456055
65162860.0000000000,-148.3444061279
65313064.0000000000,-148.4344787598
65463616.0000000000,-148.4344787598
65614512.0000000000,-148.3652191162
65765760.0000000000,-148.3444061279
65917356.0000000000,-148.2892456055
66069372.0000000000,-147.9826049805
66221664.0000000000,-147.6644439697
66374312.0000000000,-147.6644439697
66527308.0000000000,-147.6644439697
66680660.0000000000,-147.6219482422
66834364.0000000000,-147.3676452637
66988492.0000000000,-147.3676452637
67142904.0000000000,-147.3676452637
67297680.0000000000,-147.3676452637
67452800.0000000000,-147.6219482422
67608288.0000000000,-147.6644439697
67764128.0000000000,-147.7572174072
67920328.0000000000,-147.8404388428
68076968.0000000000,-147.9826049805
68233888.0000000000,-147.9826049805
68391168.0000000000,-147.9826049805
68548816.0000000000,-147.8404388428
68706824.0000000000,-147.8260345459
68865200.0000000000,-147.8260345459
69024016.0000000000,-147.8260345459
69183120.0000000000,-147.7572174072
69342592.0000000000,-147.6644439697
69502432.0000000000,-147.6219482422
69662640.0000000000,-147.6219482422
69823216.0000000000,-147.6219482422
69984168.0000000000,-147.6219482422
70145560.0000000000,-147.6219482422
70307248.0000000000,-147.3611145020
70469312.0000000000,-147.3505249023
70631752.0000000000,-147.3611145020
70794560.0000000000,-147.6219482422
70957752.0000000000,-147.7329406738
71121392.0000000000,-147.7329406738
71285328.0000000000,-147.7329406738
71449648.0000000000,-147.6536102295
71614344.0000000000,-147.6219482422
71779424.0000000000,-147.3611145020
71944880.0000000000,-147.3505249023
72110712.0000000000,-147.3505249023
72277016.0000000000,-147.3505249023
72443616.0000000000,-147.3505249023
72610608.0000000000,-147.3505249023
72777976.0000000000,-147.3505249023
72945736.0000000000,-147.3505249023
73113880.0000000000,-147.3505249023
73282416.0000000000,-147.3505249023
73451416.0000000000,-147.3611145020
73620728.0000000000,-147.5679473877
73790432.0000000000,-147.5679473877
73960520.0000000000,-147.5679473877
74131008.0000000000,-147.3611145020
74301880.0000000000,-147.3611145020
74473232.0000000000,-147.3611145020
74644904.0000000000,-147.3611145020
74816960.0000000000,-147.3611145020
74989424.0000000000,-147.3505249023
75162280.0000000000,-147.3209686279
75335528.0000000000,-147.1983032227
75509184.0000000000,-147.1983032227
75683320.0000000000,-147.1748809814
75857776.0000000000,-147.1748809814
76032632.0000000000,-147.1748809814
76207896.0000000000,-147.1748809814
76383560.0000000000,-147.1708068848
76559632.0000000000,-147.1668395996
76736192.0000000000,-147.1305236816
76913072.0000000000,-146.9959259033
77090360.0000000000,-146.8603515625
77268064.0000000000,-146.8603515625
77446168.0000000000,-146.8603515625
77624688.0000000000,-146.8455200195
77803616.0000000000,-146.7427673340
77983048.0000000000,-146.7177429199
78162800.0000000000,-146.5778503418
78342976.0000000000,-146.5778503418
78523560.0000000000,-146.5778503418
78704560.0000000000,-146.5778503418
78885984.0000000000,-146.5778503418
79067816.0000000000,-146.4138793945
79250160.0000000000,-146.0470581055
79432840.0000000000,-146.3243560791
79615936.0000000000,-146.3243560791
79799456.0000000000,-146.3243560791
79983400.0000000000,-146.3243560791
80167768.0000000000,-146.3243560791
80352648.0000000000,-146.3243560791
80537872.0000000000,-146.3193511963
80723512.0000000000,-146.0470581055
80909592.0000000000,-145.9643859863
81096088.0000000000,-145.9643859863
81283024.0000000000,-145.9643859863
81470384.0000000000,-145.9337615967
81658272.0000000000,-145.8363952637
81846496.0000000000,-145.7119293213
82035160.0000000000,-145.6628875732
82224256.0000000000,-145.6136932373
82413792.0000000000,-145.5559234619
82603760.0000000000,-145.4695434570
82794256.0000000000,-145.4209899902
82985104.0000000000,-145.4209899902
83176392.0000000000,-145.4209899902
83368120.0000000000,-145.4209899902
83560288.0000000000,-145.4695434570
83752904.0000000000,-145.4695434570
83945960.0000000000,-145.4695434570
84139552.0000000000,-145.4695434570
84333496.0000000000,-145.4695434570
84527896.0000000000,-145.4695434570
84722736.0000000000,-145.4695434570
84918032.0000000000,-145.4695434570
85113768.0000000000,-145.4695434570
85310056.0000000000,-145.4695434570
85506704.0000000000,-145.5559234619
85703800.0000000000,-145.6136932373
85901352.0000000000,-145.6912994385
86099360.0000000000,-145.7119293213
86297832.0000000000,-145.8363952637
86496752.0000000000,-145.9337615967
86696224.0000000000,-145.9337615967
86896072.0000000000,-145.9337615967
87096368.0000000000,-146.1860351563
87297136.0000000000,-146.1860351563
87498360.0000000000,-146.2447509766
87700048.0000000000,-146.3193511963
87902208.0000000000,-146.3777465820
88104920.0000000000,-146.3777465820
88308008.0000000000,-146.3193511963
88511568.0000000000,-146.2447509766
88715592.0000000000,-146.2447509766
88920088.0000000000,-146.2447509766
89125056.0000000000,-146.2447509766
89330592.0000000000,-146.2447509766
89536504.0000000000,-146.3893280029
89742896.0000000000,-146.4031372070
89949760.0000000000,-146.4031372070
90157096.0000000000,-146.4031372070
90364920.0000000000,-146.4031372070
90573216.0000000000,-146.4031372070
90782088.0000000000,-146.4929504395
90991352.0000000000,-146.5023651123
91201088.0000000000,-146.5584259033
91411320.0000000000,-146.5584259033
91622024.0000000000,-146.5584259033
91833224.0000000000,-146.5584259033
92045008.0000000000,-146.5584259033
92257176.0000000000,-146.7440338135
92469832.0000000000,-146.7835388184
92682984.0000000000,-146.7835388184
92896624.0000000000,-146.7835388184
93110760.0000000000,-146.8066406250
93325384.0000000000,-146.8798522949
93540608.0000000000,-146.8798522949
93756224.0000000000,-146.9699401855
93972344.0000000000,-146.9699401855
94188952.0000000000,-146.9699401855
94406064.0000000000,-146.9933624268
94623680.0000000000,-147.0436248779
94841896.0000000000,-147.0436248779
95060512.0000000000,-147.0486755371
95279640.0000000000,-147.1533813477
95499264.0000000000,-147.3242950439
95719392.0000000000,-147.3810424805
95940032.0000000000,-147.3810424805
96161184.0000000000,-147.3810424805
96382952.0000000000,-147.3810424805
96605120.0000000000,-147.3810424805
96827800.0000000000,-147.3954162598
97050992.0000000000,-147.4963531494
97274704.0000000000,-147.5906677246
97498928.0000000000,-147.5906677246
97723672.0000000000,-147.5906677246
97949040.0000000000,-147.4963531494
98174816.0000000000,-147.3954162598
98401120.0000000000,-147.3810424805
98627936.0000000000,-147.3242950439
98855280.0000000000,-147.3242950439
99083152.0000000000,-147.3242950439
99311656.0000000000,-147.3242950439
99540576.0000000000,-147.3242950439
99770024.0000000000,-147.3242950439
100000000.0000000000,-147.0486755371
