Type,FSWP-50
Version,3.02SP1
Date,03.Jul 2026
VSupply,ON
Mode,Voltage
Voltage Set,0.6000000000,V
Voltage Min,0.0000000000,V
Voltage Max,0.6500000000,V
Voltage Meas,0.6079179037,V
Current Max,20.0000000000,mA
Current Meas,19.6161355411,mA
VTune,OFF
Voltage Set,0.0000000000,V
Voltage Min,0.0000000000,V
Voltage Max,0.0100000000,V
Voltage Meas,-0.0252188641,V
Current Max,20.0000000000,mA
Current Meas,0.1447584601,mA
VAux,OFF
Voltage Set,0.0000000000,V
Voltage Min,-10.0000000000,V
Voltage Max,10.0000000000,V
Voltage Meas,-0.0111871680,V
Current Max,100.0000000000,mA
Current Meas,-0.0552994048,mA
Mode,Phase Noise
Measurement,Phase Noise
Input,RF
RF Att,0.0000000000,dB
Coupling,AC
RBW,2.0000000000,%
XCORR Factor,1000
XCORR Optimize,ON
Estimated Meas Time,3.7457527981,s
Sweep Count,5
Signal Frequency,19491024824.5638275146,Hz
Signal Level,-15.1635000000,dBm
Start,10000.0000000000,Hz
Stop,100000000.0000000000,Hz
SubSweep,1
Start,10000.0000000000,Hz
Stop,30000.0000000000,Hz
RBW,600.0000000000,Hz
XCORR Count,1000
SubSweep,2
Start,30000.0000000000,Hz
Stop,100000.0000000000,Hz
RBW,600.0000000000,Hz
XCORR Count,1000
SubSweep,3
Start,100000.0000000000,Hz
Stop,300000.0000000000,Hz
RBW,2000.0000000000,Hz
XCORR Count,3300
SubSweep,4
Start,300000.0000000000,Hz
Stop,1000000.0000000000,Hz
RBW,6000.0000000000,Hz
XCORR Count,10000
SubSweep,5
Start,1000000.0000000000,Hz
Stop,3000000.0000000000,Hz
RBW,20000.0000000000,Hz
XCORR Count,10000
SubSweep,6
Start,3000000.0000000000,Hz
Stop,10000000.0000000000,Hz
RBW,60000.0000000000,Hz
XCORR Count,10000
SubSweep,7
Start,10000000.0000000000,Hz
Stop,30000000.0000000000,Hz
RBW,200000.0000000000,Hz
XCORR Count,10000
SubSweep,8
Start,30000000.0000000000,Hz
Stop,100000000.0000000000,Hz
RBW,600000.0000000000,Hz
XCORR Count,10000
Integrated Measurements Range,1
Start,10000.0000000000,Hz
Stop,100000000.0000000000,Hz
Weighting,OFF
Integrated Measurements Range,2
Start,10000.0000000000,Hz
Stop,100000000.0000000000,Hz
Weighting,OFF
Integrated Measurements Range,3
Start,10000.0000000000,Hz
Stop,100000000.0000000000,Hz
Weighting,OFF
Integrated Measurements Range,4
Start,10000.0000000000,Hz
Stop,100000000.0000000000,Hz
Weighting,OFF
Integrated Measurements Range,5
Start,10000.0000000000,Hz
Stop,100000000.0000000000,Hz
Weighting,OFF
Integrated Measurements Range,6
Start,10000.0000000000,Hz
Stop,100000000.0000000000,Hz
Weighting,OFF
Integrated Measurements Range,7
Start,10000.0000000000,Hz
Stop,100000000.0000000000,Hz
Weighting,OFF
Integrated Measurements Range,8
Start,10000.0000000000,Hz
Stop,100000000.0000000000,Hz
Weighting,OFF
Integrated Measurements Range,9
Start,10000.0000000000,Hz
Stop,100000000.0000000000,Hz
Weighting,OFF
Integrated Measurements Range,10
Start,10000.0000000000,Hz
Stop,100000000.0000000000,Hz
Weighting,OFF
Spot Noise Decade Edges,OFF
Spot Noise User Defined,ON
Spot Noise User Defined Offset,1
State,OFF
Offset,1000.0000000000,Hz
Spot Noise User Defined Offset,2
State,OFF
Offset,10000.0000000000,Hz
Spot Noise User Defined Offset,3
State,ON
Offset,100000.0000000000,Hz
Spot Noise User Defined Offset,4
State,ON
Offset,1000000.0000000000,Hz
Spot Noise User Defined Offset,5
State,ON
Offset,10000000.0000000000,Hz
Spot Noise User Defined Offset,6
State,OFF
Offset,100000000.0000000000,Hz
Window,1,Noise Spectrum
Trace,1
Trace Mode,CLR/WRITE
Trace Result,PN
Smoothing,ON
Smoothing Value,1.0000000000,%
Spurious Removal,ON
Spurious Removal Threshold,6.0000000000,dB
Trace Offset,OFF
Trace Offset,0.0000000000,dB
Trace Label,OFF
Trace Label,Trace 1
x-Unit,Hz
y-Unit,dBc/Hz
Values,4001
10000.0000000000,-55.0411529541
10023.0507812500,-55.0731887817
10046.1542968750,-55.1052207947
10069.3115234375,-55.1372566223
10092.5332031250,-55.1726074219
10115.7968750000,-55.2081718445
10139.1152343750,-55.2437362671
10162.4863281250,-55.2792968750
10185.9111328125,-55.3136329651
10209.3906250000,-55.3470497131
10232.9355468750,-55.3804817200
10256.5234375000,-55.4138946533
10280.1650390625,-55.4457778931
10303.8613281250,-55.4730682373
10327.6123046875,-55.5003547668
10351.4189453125,-55.5276451111
10375.2792968750,-55.5549316406
10399.2060546875,-55.5764198303
10423.1777343750,-55.5977210999
10447.2031250000,-55.6190261841
10471.2851562500,-55.6403274536
10495.4218750000,-55.6599273682
10519.6152343750,-55.6789131165
10543.8632812500,-55.6978950500
10568.1787109375,-55.7168884277
10592.5400390625,-55.7368431091
10616.9560546875,-55.7576293945
10641.4287109375,-55.7784156799
10665.9580078125,-55.7992057800
10690.5439453125,-55.8212699890
10715.1982421875,-55.8454208374
10739.8974609375,-55.8695564270
10764.6533203125,-55.8936920166
10789.4667968750,-55.9182243347
10814.3378906250,-55.9438552856
10839.2656250000,-55.9694824219
10864.2509765625,-55.9951133728
10889.3056640625,-56.0203971863
10914.4062500000,-56.0441398621
10939.5644531250,-56.0678787231
10964.7812500000,-56.0916175842
10990.0556640625,-56.1148185730
11015.3886718750,-56.1348991394
11040.7919921875,-56.1549873352
11066.2412109375,-56.1750640869
11091.7500000000,-56.1948509216
11117.3173828125,-56.2129058838
11142.9433593750,-56.2309570313
11168.6289062500,-56.2490119934
11194.3730468750,-56.2674369812
11220.1894531250,-56.2876014709
11246.0527343750,-56.3077507019
11271.9755859375,-56.3279037476
11297.9580078125,-56.3496055603
11324.0009765625,-56.3759918213
11350.1035156250,-56.4023818970
11376.2792968750,-56.4287834167
11402.5019531250,-56.4581527710
11428.7861328125,-56.4929771423
11455.1298828125,-56.5278015137
11481.5351562500,-56.5626258850
11508.0000000000,-56.6015129089
11534.5273437500,-56.6445922852
11561.1279296875,-56.6876907349
11587.7773437500,-56.7307701111
11614.4873046875,-56.7782020569
11641.2597656250,-56.8278160095
11668.0937500000,-56.8774261475
11694.9892578125,-56.9270401001
11721.9472656250,-56.9805870056
11748.9804687500,-57.0347328186
11776.0625000000,-57.0888481140
11803.2070312500,-57.1432533264
11830.4140625000,-57.1999168396
11857.6845703125,-57.2565841675
11885.0166015625,-57.3132438660
11912.4257812500,-57.3697204590
11939.8847656250,-57.4258232117
11967.4072265625,-57.4819297791
11994.9931640625,-57.5380363464
12022.6425781250,-57.5898323059
12050.3554687500,-57.6396789551
12078.1318359375,-57.6895294189
12105.9863281250,-57.7390823364
12133.8916015625,-57.7757148743
12161.8613281250,-57.8123474121
12189.8955078125,-57.8489799500
12217.9931640625,-57.8791694641
12246.1572265625,-57.8992767334
12274.3984375000,-57.9193954468
12302.6923828125,-57.9395065308
12331.0507812500,-57.9502868652
12359.4746093750,-57.9585227966
12387.9638671875,-57.9667625427
12416.5195312500,-57.9748191833
12445.1396484375,-57.9821968079
12473.8408203125,-57.9895820618
12502.5937500000,-57.9969596863
12531.4130859375,-58.0108566284
12560.2988281250,-58.0280227661
12589.2509765625,-58.0451850891
12618.2705078125,-58.0643997192
12647.3701171875,-58.0953025818
12676.5234375000,-58.1261901855
12705.7441406250,-58.1570777893
12735.0312500000,-58.1938896179
12764.3867187500,-58.2337341309
12793.8095703125,-58.2735786438
12823.2998046875,-58.3131217957
12852.8730468750,-58.3514709473
12882.4990234375,-58.3897972107
12912.1943359375,-58.4281272888
12941.9580078125,-58.4578781128
12971.7900390625,-58.4850349426
13001.6914062500,-58.5121917725
13031.6611328125,-58.5343971252
13061.7138671875,-58.5478591919
13091.8222656250,-58.5613136292
13122.0000000000,-58.5747680664
13152.2470703125,-58.5807189941
13182.5634765625,-58.5865325928
13212.9501953125,-58.5923423767
13243.4218750000,-58.5997276306
13273.9492187500,-58.6080474854
13304.5468750000,-58.6163635254
13335.2138671875,-58.6277389526
13365.9531250000,-58.6462593079
13396.7626953125,-58.6647796631
13427.6425781250,-58.6833000183
13458.6093750000,-58.7131080627
13489.6328125000,-58.7429313660
13520.7265625000,-58.7727584839
13551.8935546875,-58.8067092896
13583.1308593750,-58.8422660828
13614.4414062500,-58.8778266907
13645.8388671875,-58.9118576050
13677.2929687500,-58.9441108704
13708.8203125000,-58.9763641357
13740.4199218750,-59.0059852600
13772.0927734375,-59.0271453857
13803.8388671875,-59.0483055115
13835.6572265625,-59.0690269470
13867.5644531250,-59.0765419006
13899.5302734375,-59.0770378113
13931.5693359375,-59.0781402588
13963.6826171875,-59.0803146362
13995.8701171875,-59.0827331543
14028.1318359375,-59.0835952759
14060.4677734375,-59.0840492249
14092.8935546875,-59.0865287781
14125.3789062500,-59.0873260498
14157.9384765625,-59.0886840820
14190.5732421875,-59.0908432007
14223.2841796875,-59.0915565491
14256.0693359375,-59.0978775024
14288.9462890625,-59.1159286499
14321.8837890625,-59.1339721680
14354.8964843750,-59.1569595337
14387.9853515625,-59.1890563965
14421.1503906250,-59.2211532593
14454.3925781250,-59.2563438416
14487.7109375000,-59.2993774414
14521.1220703125,-59.3424339294
14554.5947265625,-59.3870429993
14588.1435546875,-59.4367675781
14621.7705078125,-59.4864959717
14655.4746093750,-59.5368385315
14689.2568359375,-59.5895042419
14723.1328125000,-59.6422004700
14757.0703125000,-59.6947364807
14791.0869140625,-59.7467613220
14825.1806640625,-59.7987861633
14859.3544921875,-59.8497772217
14893.6054687500,-59.8970718384
14927.9365234375,-59.9443664551
14962.3632812500,-59.9895782471
14996.8525390625,-60.0285835266
15031.4208984375,-60.0675888062
15066.0693359375,-60.1037445068
15100.7978515625,-60.1335487366
15135.6064453125,-60.1633529663
15170.5117187500,-60.1905555725
15205.4804687500,-60.2135620117
15240.5302734375,-60.2365684509
15275.6611328125,-60.2582969666
15310.8730468750,-60.2786407471
15346.1650390625,-60.2989807129
15381.5390625000,-60.3201522827
15417.0117187500,-60.3418922424
15452.5488281250,-60.3636245728
15488.1679687500,-60.3888587952
15523.8691406250,-60.4153976440
15559.6533203125,-60.4419403076
15595.5195312500,-60.4749145508
15631.4677734375,-60.5087661743
15667.5166015625,-60.5430297852
15703.6318359375,-60.5846061707
15739.8300781250,-60.6261787415
15776.1113281250,-60.6689414978
15812.4765625000,-60.7154655457
15848.9248046875,-60.7619857788
15885.4755859375,-60.8084907532
15922.0927734375,-60.8549194336
15958.7939453125,-60.9013442993
15995.5800781250,-60.9446907043
16032.4511718750,-60.9865303040
16069.4072265625,-61.0283660889
16106.4482421875,-61.0643653870
16143.5927734375,-61.0998344421
16180.8046875000,-61.1342124939
16218.1025390625,-61.1635208130
16255.4863281250,-61.1928253174
16292.9560546875,-61.2193031311
16330.5126953125,-61.2423400879
16368.1738281250,-61.2653923035
16405.9042968750,-61.2825889587
16443.7207031250,-61.2977905273
16481.6250000000,-61.3124809265
16519.6152343750,-61.3167076111
16557.6953125000,-61.3178253174
16595.8613281250,-61.3185844421
16634.1347656250,-61.3189392090
16672.4765625000,-61.3195800781
16710.9082031250,-61.3228302002
16749.4277343750,-61.3241043091
16788.0371093750,-61.3246917725
16826.7343750000,-61.3255271912
16865.5390625000,-61.3267555237
16904.4160156250,-61.3279838562
16943.3808593750,-61.3339614868
16982.4375000000,-61.3438148499
17021.5820312500,-61.3620185852
17060.8183593750,-61.3816413879
17100.1445312500,-61.4033775330
17139.5820312500,-61.4310951233
17179.0898437500,-61.4587974548
17218.6875000000,-61.4899787903
17258.3789062500,-61.5227622986
17298.1601562500,-61.5558166504
17338.0332031250,-61.5908050537
17378.0000000000,-61.6257972717
17418.0761718750,-61.6613235474
17458.2265625000,-61.6972160339
17498.4687500000,-61.7331886292
17538.8027343750,-61.7709045410
17579.2324218750,-61.8086242676
17619.7519531250,-61.8481597900
17660.3867187500,-61.8893585205
17701.0957031250,-61.9305877686
17741.8984375000,-61.9741554260
17782.7949218750,-62.0177230835
17823.7851562500,-62.0594482422
17864.8691406250,-62.0995635986
17906.0488281250,-62.1390228271
17947.3437500000,-62.1679000854
17988.7148437500,-62.1967620850
18030.1796875000,-62.2171325684
18071.7402343750,-62.2317962646
18113.3964843750,-62.2453117371
18155.1484375000,-62.2523956299
18197.0175781250,-62.2594795227
18238.9628906250,-62.2709655762
18281.0058593750,-62.2841873169
18323.1445312500,-62.3032150269
18365.3808593750,-62.3358917236
18407.7148437500,-62.3685684204
18450.1445312500,-62.4240913391
18492.6953125000,-62.4823913574
18535.3222656250,-62.5514793396
18578.0468750000,-62.6313743591
18620.8710937500,-62.7123031616
18663.7929687500,-62.8007965088
18706.8144531250,-62.8892898560
18749.9355468750,-62.9709777832
18793.1757812500,-63.0504684448
18836.4941406250,-63.1201133728
18879.9140625000,-63.1655540466
18923.4335937500,-63.1656913757
18967.0546875000,-63.1727981567
19010.7734375000,-63.1744232178
19054.6171875000,-63.1750259399
19098.5390625000,-63.1842651367
19142.5625000000,-63.1851615906
19186.6875000000,-63.2048606873
19230.9140625000,-63.2071456909
19275.2421875000,-63.2245597839
19319.6738281250,-63.2280960083
19364.2285156250,-63.2302207947
19408.8632812500,-63.2439537048
19453.6015625000,-63.2514343262
19498.4433593750,-63.2633132935
19543.3886718750,-63.2659301758
19588.4375000000,-63.2737884521
19633.6132812500,-63.2747726440
19678.8691406250,-63.2780075073
19724.2304687500,-63.3016433716
19769.6972656250,-63.3447265625
19815.2675781250,-63.3900146484
19860.9433593750,-63.4384117126
19906.7226562500,-63.4894905090
19952.6328125000,-63.5407371521
19998.6250000000,-63.5922698975
20044.7226562500,-63.6431312561
20090.9277343750,-63.6883125305
20137.2382812500,-63.7334938049
20183.6562500000,-63.7672348022
20230.2031250000,-63.7998046875
20276.8339843750,-63.8212852478
20323.5742187500,-63.8384246826
20370.4218750000,-63.8485984802
20417.3769531250,-63.8515701294
20464.4394531250,-63.8517303467
20511.6113281250,-63.8519325256
20558.9160156250,-63.8528671265
20606.3046875000,-63.8531303406
20653.8046875000,-63.8548774719
20701.4121093750,-63.8586311340
20749.1308593750,-63.8653335571
20796.9589843750,-63.8812599182
20844.8984375000,-63.8977622986
20892.9687500000,-63.9247207642
20941.1289062500,-63.9540061951
20989.4003906250,-63.9948463440
21037.7812500000,-64.0405426025
21086.2753906250,-64.0963897705
21134.8808593750,-64.1589813232
21183.6210937500,-64.2259826660
21232.4511718750,-64.2971801758
21281.3945312500,-64.3646392822
21330.4492187500,-64.4270172119
21379.6171875000,-64.4802780151
21428.8984375000,-64.5167388916
21478.2929687500,-64.5419311523
21527.8261718750,-64.5430755615
21577.4492187500,-64.5436935425
21627.1875000000,-64.5448303223
21677.0390625000,-64.5490875244
21727.0058593750,-64.5522613525
21777.0878906250,-64.5562515259
21827.3105468750,-64.5610580444
21877.6230468750,-64.5808258057
21928.0527343750,-64.6163101196
21978.5996093750,-64.6530303955
22029.2617187500,-64.6990127563
22080.0410156250,-64.7453536987
22130.9355468750,-64.7945861816
22181.9746093750,-64.8436965942
22233.1054687500,-64.8916931152
22284.3535156250,-64.9390335083
22335.7207031250,-64.9819335938
22387.2070312500,-65.0235748291
22438.8105468750,-65.0579910278
22490.5585937500,-65.0910644531
22542.4003906250,-65.1179199219
22594.3632812500,-65.1446838379
22646.4433593750,-65.1711044312
22698.6464843750,-65.1995010376
22750.9667968750,-65.2333374023
22803.4101562500,-65.2694549561
22855.9980468750,-65.3103408813
22908.6835937500,-65.3494491577
22961.4902343750,-65.3777084351
23014.4179687500,-65.3827514648
23067.4667968750,-65.3858108521
23120.6386718750,-65.3881912231
23173.9335937500,-65.3906707764
23227.3769531250,-65.4004058838
23280.9179687500,-65.4134063721
23334.5820312500,-65.4154510498
23388.3710937500,-65.4174499512
23442.2812500000,-65.4302978516
23496.3183593750,-65.4308471680
23550.5039062500,-65.4357833862
23604.7910156250,-65.4415283203
23659.2011718750,-65.4740905762
23713.7363281250,-65.5056686401
23768.3984375000,-65.5336380005
23823.1875000000,-65.5581054688
23878.1015625000,-65.5762329102
23933.1679687500,-65.5909500122
23988.3359375000,-65.6022872925
24043.6308593750,-65.6138916016
24099.0527343750,-65.6256256104
24154.6035156250,-65.6417770386
24210.2812500000,-65.6588821411
24266.1132812500,-65.6802673340
24322.0488281250,-65.7012939453
24378.1132812500,-65.7205886841
24434.3066406250,-65.7365798950
24490.6289062500,-65.7394332886
24547.0820312500,-65.7415313721
24603.6640625000,-65.7451553345
24660.4042968750,-65.7467117310
24717.2480468750,-65.7478637695
24774.2226562500,-65.7497177124
24831.3300781250,-65.7506866455
24888.5683593750,-65.7720260620
24945.9375000000,-65.8083648682
25003.4394531250,-65.8625869751
25061.1015625000,-65.9352874756
25118.8691406250,-66.0185012817
25176.7714843750,-66.1175689697
25234.8046875000,-66.2189865112
25292.9726562500,-66.3209838867
25351.2753906250,-66.4166488647
25409.7402343750,-66.5016403198
25468.3105468750,-66.5691833496
25527.0175781250,-66.6265716553
25585.8593750000,-66.6601943970
25644.8359375000,-66.6884460449
25703.9492187500,-66.7037506104
25763.1972656250,-66.7178726196
25822.6132812500,-66.7305755615
25882.1347656250,-66.7463378906
25941.7949218750,-66.7632446289
26001.5937500000,-66.7813949585
26061.5292968750,-66.7972793579
26121.6015625000,-66.8009414673
26181.8437500000,-66.8021240234
26242.1953125000,-66.8069381714
26302.6835937500,-66.8083038330
26363.3144531250,-66.8085861206
26424.0839843750,-66.8127288818
26484.9921875000,-66.8128051758
26546.0429687500,-66.8214263916
26607.2617187500,-66.8498992920
26668.5937500000,-66.8829498291
26730.0664062500,-66.9253234863
26791.6816406250,-66.9725570679
26853.4375000000,-67.0228118896
26915.3378906250,-67.0778121948
26977.4082031250,-67.1339721680
27039.5937500000,-67.1921386719
27101.9218750000,-67.2500991821
27164.3945312500,-67.3076400757
27227.0097656250,-67.3601379395
27289.7695312500,-67.4086837769
27352.6738281250,-67.4521255493
27415.7539062500,-67.4892883301
27478.9492187500,-67.5247421265
27542.2910156250,-67.5590896606
27605.7773437500,-67.5965881348
27669.4101562500,-67.6361770630
27733.1914062500,-67.6830291748
27797.1171875000,-67.7315368652
27861.2226562500,-67.7824859619
27925.4453125000,-67.8330764771
27989.8144531250,-67.8831939697
28054.3339843750,-67.9320602417
28119.0000000000,-67.9817886353
28183.8164062500,-68.0324020386
28248.8144531250,-68.0329971313
28313.9296875000,-68.0402221680
28379.1953125000,-68.0514755249
28444.6113281250,-68.0605163574
28510.1777343750,-68.0875320435
28575.8964843750,-68.0918426514
28641.7656250000,-68.0974121094
28707.8183593750,-68.1448974609
28773.9921875000,-68.1462631226
28840.3183593750,-68.1465988159
28906.7968750000,-68.1992416382
28973.4296875000,-68.2042922974
29040.2148437500,-68.2193603516
29107.1855468750,-68.2550659180
29174.2812500000,-68.2603607178
29241.5292968750,-68.2910385132
29308.9335937500,-68.3032073975
29376.4921875000,-68.3095092773
29444.2070312500,-68.3434753418
29512.0781250000,-68.3489761353
29580.1386718750,-68.3571548462
29648.3222656250,-68.3638305664
29716.6640625000,-68.3645095825
29785.1621093750,-68.3694534302
29853.8203125000,-68.3719100952
29922.6347656250,-68.3959579468
29991.6406250000,-68.4014434814
30060.7734375000,-68.4044799805
30130.0664062500,-68.4195022583
30199.5175781250,-68.4212036133
30269.1308593750,-68.4449615479
30338.9023437500,-68.5196151733
30408.8359375000,-68.6060256958
30478.9648437500,-68.6906661987
30549.2207031250,-68.7640457153
30619.6386718750,-68.8197555542
30690.2187500000,-68.8554534912
30760.9628906250,-68.8741607666
30831.8691406250,-68.8907852173
30902.9375000000,-68.9149856567
30974.2050781250,-68.9522933960
31045.6035156250,-69.0042190552
31117.1660156250,-69.0678939819
31188.8925781250,-69.1350555420
31260.7851562500,-69.1925048828
31332.8437500000,-69.2336502075
31405.1035156250,-69.2566909790
31477.4941406250,-69.2603378296
31550.0507812500,-69.2623977661
31622.7773437500,-69.2641601563
31695.6699218750,-69.2698669434
31768.7304687500,-69.2970962524
31841.9589843750,-69.3413543701
31915.3925781250,-69.3988571167
31988.9589843750,-69.4633407593
32062.6972656250,-69.5278930664
32136.6035156250,-69.5866851807
32210.6796875000,-69.6365814209
32284.9277343750,-69.6789550781
32359.3828125000,-69.7192001343
32433.9726562500,-69.7603759766
32508.7363281250,-69.8033599854
32583.6718750000,-69.8466720581
32658.7792968750,-69.8873138428
32734.0585937500,-69.9223022461
32809.5156250000,-69.9503021240
32885.1796875000,-69.9725189209
32960.9804687500,-69.9931411743
33036.9570312500,-70.0149765015
33113.1093750000,-70.0385971069
33189.4375000000,-70.0629653931
33265.9414062500,-70.0866622925
33342.6250000000,-70.1090774536
33419.5156250000,-70.1309432983
33496.5507812500,-70.1537780762
33573.7617187500,-70.1784057617
33651.1523437500,-70.2032546997
33728.7226562500,-70.2236709595
33806.4687500000,-70.2254867554
33884.4335937500,-70.2264175415
33962.5390625000,-70.2328109741
34040.8242187500,-70.2354660034
34119.2890625000,-70.2356185913
34197.9375000000,-70.2378005981
34276.7656250000,-70.2585754395
34355.7773437500,-70.2932205200
34435.0078125000,-70.3349456787
34514.3828125000,-70.3782882690
34593.9414062500,-70.4188842773
34673.6835937500,-70.4546737671
34753.6054687500,-70.4859924316
34833.7187500000,-70.5118331909
34914.0507812500,-70.5151290894
34994.5273437500,-70.5184555054
35075.1953125000,-70.5273208618
35156.0429687500,-70.5382232666
35237.0820312500,-70.5442581177
35318.3046875000,-70.5646057129
35399.7148437500,-70.5738220215
35481.3554687500,-70.5745391846
35563.1406250000,-70.5925598145
35645.1171875000,-70.6017379761
35727.2812500000,-70.6169509888
35809.6367187500,-70.6236953735
35892.1796875000,-70.6323776245
35974.9531250000,-70.6348648071
36057.8789062500,-70.6590957642
36140.9921875000,-70.7779006958
36224.3007812500,-70.9174041748
36307.8007812500,-71.0571975708
36391.4921875000,-71.1778030396
36475.3789062500,-71.2683868408
36559.4960937500,-71.3295898438
36643.7695312500,-71.3702926636
36728.2343750000,-71.4017257690
36812.8945312500,-71.4238357544
36897.7539062500,-71.4574508667
36982.8046875000,-71.4956817627
37068.0507812500,-71.5361175537
37153.5390625000,-71.5747833252
37239.1796875000,-71.6086883545
37325.0195312500,-71.6380844116
37411.0546875000,-71.6670684814
37497.2890625000,-71.7017669678
37583.7226562500,-71.7469329834
37670.3984375000,-71.8026885986
37757.2304687500,-71.8631362915
37844.2656250000,-71.9178085327
37931.5000000000,-71.9560775757
38018.9335937500,-71.9623336792
38106.5703125000,-71.9640960693
38194.4062500000,-71.9722213745
38282.4921875000,-71.9722366333
38370.7343750000,-71.9726943970
38459.1796875000,-71.9748764038
38547.8320312500,-71.9832382202
38636.6875000000,-71.9852600098
38725.7500000000,-71.9919433594
38815.0585937500,-71.9998779297
38904.5273437500,-72.0093994141
38994.2070312500,-72.0094146729
39084.0898437500,-72.0102539063
39174.1835937500,-72.0133819580
39264.4804687500,-72.0159912109
39354.9882812500,-72.0186920166
39445.7460937500,-72.0225219727
39536.6718750000,-72.0296325684
39627.8085937500,-72.0477676392
39719.1523437500,-72.0642395020
39810.7070312500,-72.0671081543
39902.4765625000,-72.0776443481
39994.4960937500,-72.0921707153
40086.6875000000,-72.1022720337
40179.0898437500,-72.1097564697
40271.7070312500,-72.1139297485
40364.5351562500,-72.1319427490
40457.5781250000,-72.2080535889
40550.8359375000,-72.2824249268
40644.3515625000,-72.3719863892
40738.0390625000,-72.4372253418
40831.9453125000,-72.4746932983
40926.0664062500,-72.5208740234
41020.4023437500,-72.5843048096
41114.9570312500,-72.6657791138
41209.7304687500,-72.7558212280
41304.7656250000,-72.8312377930
41399.9765625000,-72.8372344971
41495.4062500000,-72.8379745483
41591.0585937500,-72.8444900513
41686.9257812500,-72.8633880615
41783.0195312500,-72.8720855713
41879.3789062500,-72.8924179077
41975.9140625000,-72.9028244019
42072.6679687500,-72.9063796997
42169.6484375000,-72.9798507690
42266.8554687500,-73.0689392090
42364.2812500000,-73.1308288574
42461.9335937500,-73.1870727539
42559.8593750000,-73.1898727417
42657.9648437500,-73.1929779053
42756.2929687500,-73.2140426636
42854.8476562500,-73.2272567749
42953.6328125000,-73.2305984497
43052.6445312500,-73.2375030518
43151.9296875000,-73.2555389404
43251.3984375000,-73.2575454712
43351.0976562500,-73.2658081055
43451.0234375000,-73.2695693970
43551.1796875000,-73.2713699341
43651.5703125000,-73.2753753662
43752.1914062500,-73.3326568604
43853.0898437500,-73.3930740356
43954.1757812500,-73.4833831787
44055.4921875000,-73.5736389160
44157.0429687500,-73.6347122192
44258.8281250000,-73.6961517334
44360.8476562500,-73.7549362183
44463.1015625000,-73.7857360840
44565.6406250000,-73.8015136719
44668.3671875000,-73.8060989380
44771.3320312500,-73.8209609985
44874.5351562500,-73.8319168091
44977.9726562500,-73.8459243774
45081.6484375000,-73.8708953857
45185.6171875000,-73.9389038086
45289.7734375000,-73.9945678711
45394.1679687500,-73.9950256348
45498.8046875000,-74.0023574829
45603.6835937500,-74.0060577393
45708.8046875000,-74.0072555542
45814.1640625000,-74.0098495483
45919.8203125000,-74.0190048218
46025.6679687500,-74.0280761719
46131.7617187500,-74.0415191650
46238.0976562500,-74.0769958496
46344.6796875000,-74.0798950195
46451.5078125000,-74.0876235962
46558.6328125000,-74.1164779663
46665.9531250000,-74.1237030029
46773.5234375000,-74.1341323853
46881.3398437500,-74.1386108398
46989.4023437500,-74.1547775269
47097.7187500000,-74.1821594238
47206.2812500000,-74.1832504272
47315.1484375000,-74.1920623779
47424.2109375000,-74.1958007813
47533.5273437500,-74.2297821045
47643.0976562500,-74.3003463745
47752.9179687500,-74.3925781250
47862.9921875000,-74.5444564819
47973.3710937500,-74.6840209961
48083.9531250000,-74.7560806274
48194.7890625000,-74.8204803467
48305.8828125000,-74.8254623413
48417.2304687500,-74.8333282471
48528.8359375000,-74.8404617310
48640.6992187500,-74.8454895020
48752.8710937500,-74.8836059570
48865.2500000000,-74.9692230225
48977.8867187500,-74.9807205200
49090.7851562500,-75.0074615479
49203.9453125000,-75.0333328247
49317.3632812500,-75.0693054199
49431.0429687500,-75.0716857910
49545.0390625000,-75.1138534546
49659.2421875000,-75.1432266235
49773.7109375000,-75.1820526123
49888.4453125000,-75.2266311646
50003.4414062500,-75.2338485718
50118.7031250000,-75.2459869385
50234.2851562500,-75.2508850098
50350.0781250000,-75.2596206665
50466.1367187500,-75.2668457031
50582.4648437500,-75.2806777954
50699.0625000000,-75.3038864136
50815.9257812500,-75.3176498413
50933.0625000000,-75.3240127563
51050.5234375000,-75.3289642334
51168.1953125000,-75.3351516724
51286.1445312500,-75.3421020508
51404.3593750000,-75.3757095337
51522.8515625000,-75.3822937012
51641.6171875000,-75.4100341797
51760.7109375000,-75.4176406860
51880.0234375000,-75.5030212402
51999.6093750000,-75.5975646973
52119.4726562500,-75.6809921265
52239.6093750000,-75.7265777588
52360.0273437500,-75.7770309448
52480.7187500000,-75.8115463257
52601.7500000000,-75.8390579224
52723.0000000000,-75.8435516357
52844.5312500000,-75.8524856567
52966.3398437500,-75.8610153198
53088.4335937500,-75.8618621826
53210.8046875000,-75.8626861572
53333.5195312500,-75.8683624268
53456.4570312500,-75.8813095093
53579.6757812500,-75.8870544434
53703.1835937500,-75.9171905518
53826.9726562500,-75.9185104370
53951.0468750000,-75.9202957153
54075.4062500000,-75.9257431030
54200.1132812500,-75.9527435303
54325.0507812500,-75.9569702148
54450.2734375000,-75.9763259888
54575.7851562500,-75.9834899902
54701.5859375000,-76.0183792114
54827.6757812500,-76.0426940918
54954.0585937500,-76.0633087158
55080.7929687500,-76.1179504395
55207.7578125000,-76.1355361938
55335.0156250000,-76.1836929321
55462.5664062500,-76.1856689453
55590.4101562500,-76.1997756958
55718.5507812500,-76.3559494019
55847.0468750000,-76.5218811035
55975.7773437500,-76.5749816895
56104.8085937500,-76.5925140381
56234.1328125000,-76.6551437378
56363.7578125000,-76.6648330688
56493.6796875000,-76.6693572998
56623.9023437500,-76.7117919922
56754.4843750000,-76.7440872192
56885.3085937500,-76.7631607056
57016.4335937500,-76.7697601318
57147.8593750000,-76.7853927612
57279.5898437500,-76.7968292236
57411.6210937500,-76.9053039551
57544.0234375000,-76.9181900024
57676.6679687500,-76.9192123413
57809.6171875000,-76.9612884521
57942.8710937500,-76.9762191772
58076.4335937500,-77.0237503052
58210.3046875000,-77.0582656860
58344.4843750000,-77.0815048218
58479.0351562500,-77.1009140015
58613.8320312500,-77.1457366943
58748.9414062500,-77.1827774048
58884.3632812500,-77.1970901489
59020.0937500000,-77.2233886719
59156.1406250000,-77.2463607788
59292.5000000000,-77.2700729370
59429.2382812500,-77.3268280029
59566.2265625000,-77.4316329956
59703.5312500000,-77.4453048706
59841.1523437500,-77.4614105225
59979.0898437500,-77.4665756226
60117.3476562500,-77.5223846436
60255.9882812500,-77.5253143311
60394.8828125000,-77.5493164063
60534.0976562500,-77.5532531738
60673.6328125000,-77.5789031982
60813.4882812500,-77.5854797363
60953.6679687500,-77.6138381958
61094.1718750000,-77.6264190674
61235.0625000000,-77.6877899170
61376.2148437500,-77.7680969238
61517.6914062500,-77.8253402710
61659.4960937500,-77.9186706543
61801.6250000000,-78.0165023804
61944.0820312500,-78.1127166748
62086.9335937500,-78.1891098022
62230.0507812500,-78.1905059814
62373.4960937500,-78.2014465332
62517.2695312500,-78.2063751221
62661.3750000000,-78.2138671875
62805.8164062500,-78.2262573242
62950.5859375000,-78.2295150757
63095.7617187500,-78.2689666748
63241.2031250000,-78.3298416138
63386.9765625000,-78.3378448486
63533.0898437500,-78.3390121460
63679.5390625000,-78.3702774048
63826.3242187500,-78.3826980591
63973.5195312500,-78.3854980469
64120.9804687500,-78.4006729126
64268.7851562500,-78.4034347534
64416.9296875000,-78.4258270264
64565.4140625000,-78.4470214844
64714.2421875000,-78.4604721069
64863.4140625000,-78.4803009033
65013.0000000000,-78.4830017090
65162.8593750000,-78.4869155884
65313.0625000000,-78.4943695068
65463.6132812500,-78.5339279175
65614.5156250000,-78.6234893799
65765.7578125000,-78.6240081787
65917.3515625000,-78.6823883057
66069.3671875000,-78.7588958740
66221.6640625000,-78.8098068237
66374.3125000000,-78.8621292114
66527.3125000000,-78.8953628540
66680.6562500000,-78.9171981812
66834.3593750000,-79.0032882690
66988.4921875000,-79.0460281372
67142.9062500000,-79.0678482056
67297.6796875000,-79.0812530518
67452.8046875000,-79.0905532837
67608.2890625000,-79.1119155884
67764.1250000000,-79.1364440918
67920.3281250000,-79.1615829468
68076.9609375000,-79.1644897461
68233.8906250000,-79.1748809814
68391.1718750000,-79.2353286743
68548.8203125000,-79.2404022217
68706.8281250000,-79.2556152344
68865.2031250000,-79.2754058838
69024.0156250000,-79.2872848511
69183.1250000000,-79.2873229980
69342.5937500000,-79.2876510620
69502.4296875000,-79.2900466919
69662.6406250000,-79.3547592163
69823.2187500000,-79.3794250488
69984.1640625000,-79.4095230103
70145.5625000000,-79.4792175293
70307.2500000000,-79.5483169556
70469.3125000000,-79.6020278931
70631.7500000000,-79.6476058960
70794.5625000000,-79.7082595825
70957.7500000000,-79.7562255859
71121.3906250000,-79.7568359375
71285.3281250000,-79.7826919556
71449.6484375000,-79.7894363403
71614.3437500000,-79.8337554932
71779.4218750000,-79.8731613159
71944.8750000000,-79.9005584717
72110.7187500000,-79.9125366211
72277.0156250000,-79.9408035278
72443.6171875000,-80.0099563599
72610.6093750000,-80.0106277466
72777.9765625000,-80.0396957397
72945.7343750000,-80.0832366943
73113.8828125000,-80.0933532715
73282.4140625000,-80.1259536743
73451.4140625000,-80.1359786987
73620.7265625000,-80.1414871216
73790.4296875000,-80.1440277100
73960.5234375000,-80.1466827393
74131.0078125000,-80.1490249634
74301.8828125000,-80.1667938232
74473.2343750000,-80.1818771362
74644.8984375000,-80.2034301758
74816.9609375000,-80.2091751099
74989.4218750000,-80.2164077759
75162.2734375000,-80.2280502319
75335.5312500000,-80.2685775757
75509.1875000000,-80.3916244507
75683.3203125000,-80.5000610352
75857.7812500000,-80.5651550293
76032.6328125000,-80.5726852417
76207.8984375000,-80.5763778687
76383.5625000000,-80.6073684692
76559.6328125000,-80.6121749878
76736.1875000000,-80.6267395020
76913.0703125000,-80.6356277466
77090.3593750000,-80.6387634277
77268.0625000000,-80.6871032715
77446.1718750000,-80.7017517090
77624.6875000000,-80.7381820679
77803.6171875000,-80.7521820068
77983.0468750000,-80.7586441040
78162.8046875000,-80.7717056274
78342.9765625000,-80.7748336792
78523.5625000000,-80.8172683716
78704.5625000000,-80.8997039795
78885.9843750000,-80.9285736084
79067.8203125000,-80.9588394165
79250.1640625000,-80.9719085693
79432.8437500000,-81.0256347656
79615.9375000000,-81.0286636353
79799.4609375000,-81.0551528931
79983.4062500000,-81.0776901245
80167.7734375000,-81.1264114380
80352.6484375000,-81.1932373047
80537.8671875000,-81.2072296143
80723.5156250000,-81.2612915039
80909.5859375000,-81.2651367188
81096.0937500000,-81.2698287964
81283.0234375000,-81.3015136719
81470.3828125000,-81.3273239136
81658.2734375000,-81.3301315308
81846.5000000000,-81.3358230591
82035.1640625000,-81.3768692017
82224.2578125000,-81.3941497803
82413.7890625000,-81.4227371216
82603.7578125000,-81.5265884399
82794.2578125000,-81.5391311646
82985.1015625000,-81.5711822510
83176.3906250000,-81.5916671753
83368.1171875000,-81.6517868042
83560.2890625000,-81.6707763672
83752.8984375000,-81.6956787109
83945.9609375000,-81.7286605835
84139.5546875000,-81.7345046997
84333.5000000000,-81.8234405518
84527.8906250000,-81.9088516235
84722.7343750000,-81.9698333740
84918.0312500000,-82.0103149414
85113.7734375000,-82.0104141235
85310.0546875000,-82.0464553833
85506.7031250000,-82.0588302612
85703.8046875000,-82.0653152466
85901.3515625000,-82.0979614258
86099.3671875000,-82.1071929932
86297.8281250000,-82.1504211426
86496.7500000000,-82.2032699585
86696.2265625000,-82.2120437622
86896.0703125000,-82.2322616577
87096.3671875000,-82.2826385498
87297.1328125000,-82.3012771606
87498.3593750000,-82.3051757813
87700.0468750000,-82.3237304688
87902.2031250000,-82.3308639526
88104.9218750000,-82.3513259888
88308.0078125000,-82.4595336914
88511.5703125000,-82.5717697144
88715.5937500000,-82.5912246704
88920.0859375000,-82.6077346802
89125.0546875000,-82.6504058838
89330.5937500000,-82.6505355835
89536.5078125000,-82.6565017700
89742.8906250000,-82.6868972778
89949.7578125000,-82.6951522827
90157.1015625000,-82.7287445068
90364.9140625000,-82.7551956177
90573.2109375000,-82.7560577393
90782.0937500000,-82.7692794800
90991.3515625000,-82.7961273193
91201.0937500000,-82.8149490356
91411.3203125000,-82.8307800293
91622.0234375000,-82.8329849243
91833.2187500000,-82.8862991333
92045.0078125000,-82.8974685669
92257.1718750000,-82.9179229736
92469.8359375000,-82.9292755127
92682.9843750000,-82.9713211060
92896.6250000000,-82.9718627930
93110.7578125000,-82.9975585938
93325.3828125000,-83.0491180420
93540.6093750000,-83.0628433228
93756.2265625000,-83.0856323242
93972.3437500000,-83.1636047363
94188.9531250000,-83.2216567993
94406.0703125000,-83.2516098022
94623.6796875000,-83.2790374756
94841.8984375000,-83.2814407349
95060.5156250000,-83.2967300415
95279.6328125000,-83.3052978516
95499.2656250000,-83.3206176758
95719.3984375000,-83.3219375610
95940.0390625000,-83.3328704834
96161.1875000000,-83.3495330811
96382.9453125000,-83.4027709961
96605.1171875000,-83.4031448364
96827.7968750000,-83.4180831909
97050.9921875000,-83.4660186768
97274.7031250000,-83.5098800659
97498.9296875000,-83.5477142334
97723.6718750000,-83.5570907593
97949.0390625000,-83.5658264160
98174.8203125000,-83.6091384888
98401.1171875000,-83.6626281738
98627.9375000000,-83.7180023193
98855.2812500000,-83.7456207275
99083.1484375000,-83.7799987793
99311.6562500000,-83.8095397949
99540.5781250000,-83.8139190674
99770.0234375000,-83.8339691162
100000.0000000000,-83.8376388550
100230.5078125000,-83.8514022827
100461.5468750000,-83.8737411499
100693.1171875000,-83.8877792358
100925.3359375000,-83.9185562134
101157.9687500000,-83.9423141479
101391.1484375000,-83.9603805542
101624.8593750000,-83.9760208130
101859.1171875000,-83.9930572510
102093.9062500000,-84.0145339966
102329.3515625000,-84.0419616699
102565.2265625000,-84.0752944946
102801.6484375000,-84.1136169434
103038.6171875000,-84.1560592651
103276.1250000000,-84.2023925781
103514.1875000000,-84.2531051636
103752.7890625000,-84.3089675903
103992.0625000000,-84.3696060181
104231.7734375000,-84.4325790405
104472.0312500000,-84.4941787720
104712.8515625000,-84.5500335693
104954.2187500000,-84.5964431763
105196.1484375000,-84.6315383911
105438.6328125000,-84.6556091309
105681.7890625000,-84.6705245972
105925.3984375000,-84.6749496460
106169.5625000000,-84.6763610840
106414.2890625000,-84.6774520874
106659.5859375000,-84.6786575317
106905.4375000000,-84.6794052124
107151.9843750000,-84.6818313599
107398.9765625000,-84.6819763184
107646.5390625000,-84.6852188110
107894.6718750000,-84.6980590820
108143.3750000000,-84.7145538330
108392.6562500000,-84.7332305908
108642.5078125000,-84.7539825439
108893.0546875000,-84.7787170410
109144.0625000000,-84.8106536865
109395.6484375000,-84.8526458740
109647.8125000000,-84.9051361084
109900.5546875000,-84.9648208618
110153.8828125000,-85.0249023438
110407.9218750000,-85.0768814087
110662.4140625000,-85.1105194092
110917.5000000000,-85.1142349243
111173.1718750000,-85.1179046631
111429.4375000000,-85.1197509766
111686.2890625000,-85.1270217896
111943.7343750000,-85.1309127808
112201.8984375000,-85.1341781616
112460.5312500000,-85.1342315674
112719.7578125000,-85.1548767090
112979.5859375000,-85.1794662476
113240.0078125000,-85.2079544067
113501.0390625000,-85.2432250977
113762.7890625000,-85.2894287109
114025.0234375000,-85.3492431641
114287.8593750000,-85.4212265015
114551.2968750000,-85.4989242554
114815.3437500000,-85.5722885132
115080.0078125000,-85.6508789063
115345.2734375000,-85.6910095215
115611.2812500000,-85.7004241943
115877.7734375000,-85.7089004517
116144.8750000000,-85.7249526978
116412.6015625000,-85.7524871826
116680.9375000000,-85.7901840210
116949.8984375000,-85.8330307007
117219.4765625000,-85.8747940063
117489.8046875000,-85.9103622437
117760.6250000000,-85.9370193481
118032.0703125000,-85.9544143677
118304.1406250000,-85.9638290405
118576.8437500000,-85.9674148560
118850.1718750000,-85.9680099487
119124.2578125000,-85.9693450928
119398.8515625000,-85.9848709106
119674.0703125000,-86.0259857178
119949.9296875000,-86.0749435425
120226.4218750000,-86.1382369995
120503.5546875000,-86.1944580078
120781.3203125000,-86.1967926025
121059.8671875000,-86.2078475952
121338.9140625000,-86.2094879150
121618.6093750000,-86.2138519287
121898.9531250000,-86.2353134155
122179.9375000000,-86.2418136597
122461.5703125000,-86.2747268677
122743.9843750000,-86.2792892456
123026.9218750000,-86.2937850952
123310.5078125000,-86.3195419312
123594.7421875000,-86.3374786377
123879.6406250000,-86.3535308838
124165.1953125000,-86.3540267944
124451.3984375000,-86.3744735718
124738.4062500000,-86.3758316040
125025.9375000000,-86.3811187744
125314.1328125000,-86.3901596069
125602.9921875000,-86.4005050659
125892.5156250000,-86.4378738403
126182.7031250000,-86.4895477295
126473.7031250000,-86.5552825928
126765.2343750000,-86.6740188599
127057.4375000000,-86.8019561768
127350.3125000000,-86.8839950562
127643.8671875000,-86.9569168091
127938.0937500000,-87.0166549683
128233.0000000000,-87.0616760254
128528.7265625000,-87.0805130005
128824.9921875000,-87.0832061768
129121.9453125000,-87.0933914185
129419.5781250000,-87.0948333740
129717.8984375000,-87.0971755981
130016.9140625000,-87.1228713989
130316.6093750000,-87.1244735718
130617.1406250000,-87.1292800903
130918.2265625000,-87.1417388916
131220.0000000000,-87.1453170776
131522.4687500000,-87.1487731934
131825.6406250000,-87.1504287720
132129.5000000000,-87.2166824341
132434.2187500000,-87.3236312866
132739.4843750000,-87.3915328979
133045.4687500000,-87.4063796997
133352.1406250000,-87.4105529785
133659.5312500000,-87.4248733521
133967.6250000000,-87.4448394775
134276.4218750000,-87.4467544556
134586.0937500000,-87.4511795044
134896.3281250000,-87.4770202637
135207.2656250000,-87.4805145264
135518.9375000000,-87.4815292358
135831.3125000000,-87.5121536255
136144.4062500000,-87.5204620361
136458.3906250000,-87.5208511353
136772.9375000000,-87.5308532715
137088.2031250000,-87.5321426392
137404.2031250000,-87.5361175537
137720.9218750000,-87.6000061035
138038.3906250000,-87.6987609863
138356.5781250000,-87.7756271362
138675.6406250000,-87.8484191895
138995.2968750000,-87.9277267456
139315.7031250000,-87.9676971436
139636.8281250000,-87.9691543579
139958.7031250000,-87.9720153809
140281.3125000000,-87.9720993042
140604.6718750000,-87.9978103638
140928.9375000000,-88.0339660645
141253.7812500000,-88.1091690063
141579.3906250000,-88.1908264160
141905.7343750000,-88.2377319336
142232.8437500000,-88.2720870972
142560.7031250000,-88.2970581055
142889.4687500000,-88.3060607910
143218.8281250000,-88.3125152588
143548.9687500000,-88.3373947144
143879.8593750000,-88.3788604736
144211.5156250000,-88.4138259888
144543.9218750000,-88.4701919556
144877.1093750000,-88.5288619995
145211.2187500000,-88.5694732666
145545.9375000000,-88.6103591919
145881.4375000000,-88.6666336060
146217.7031250000,-88.7118530273
146554.7500000000,-88.7323150635
146892.5625000000,-88.7497482300
147231.3281250000,-88.7571640015
147570.7031250000,-88.7574691772
147910.8593750000,-88.7577056885
148251.8125000000,-88.7633972168
148593.5468750000,-88.7765960693
148936.0625000000,-88.7917938232
149279.3750000000,-88.8047332764
149623.6250000000,-88.8129501343
149968.5312500000,-88.8138198853
150314.2187500000,-88.8441390991
150660.7031250000,-88.8580780029
151007.9843750000,-88.8836135864
151356.0625000000,-88.8866195679
151705.1250000000,-88.8911132813
152054.8125000000,-88.8982086182
152405.3125000000,-88.9659729004
152756.6093750000,-89.1038513184
153108.7187500000,-89.1843643188
153461.6562500000,-89.1889648438
153815.3906250000,-89.1928787231
154170.1093750000,-89.2142105103
154525.4843750000,-89.2189636230
154881.6875000000,-89.2282180786
155238.7031250000,-89.2405929565
155596.5312500000,-89.2720489502
155955.1875000000,-89.2876358032
156314.6875000000,-89.2968063354
156675.1718750000,-89.3030242920
157036.3125000000,-89.3150024414
157398.2968750000,-89.3857192993
157761.1093750000,-89.5020065308
158124.7656250000,-89.5907516479
158489.2500000000,-89.5957412720
158854.7500000000,-89.6070175171
159220.9218750000,-89.6341705322
159587.9375000000,-89.6425399780
159955.7968750000,-89.6518936157
160324.5156250000,-89.6649169922
160694.0625000000,-89.7212219238
161064.4843750000,-89.7932052612
161435.9218750000,-89.8428115845
161808.0468750000,-89.8643341064
162181.0312500000,-89.8945999146
162554.8593750000,-89.9291534424
162929.5625000000,-89.9642868042
163305.1250000000,-89.9933471680
163681.7343750000,-90.0158767700
164059.0312500000,-90.0422439575
164437.2031250000,-90.0858612061
164816.2343750000,-90.1436843872
165196.1562500000,-90.1836013794
165576.9375000000,-90.1895599365
165958.6093750000,-90.2004394531
166341.3437500000,-90.2234725952
166724.7656250000,-90.2285156250
167109.0781250000,-90.2291946411
167494.2812500000,-90.2317352295
167880.3593750000,-90.2357330322
168267.3437500000,-90.2378234863
168655.3906250000,-90.2441406250
169044.1562500000,-90.2458343506
169433.8125000000,-90.2507629395
169824.3750000000,-90.2580184937
170215.8281250000,-90.3196258545
170608.1875000000,-90.4260330200
171001.4531250000,-90.5219879150
171395.8125000000,-90.5942611694
171790.8906250000,-90.6359558105
172186.8750000000,-90.6624221802
172583.7812500000,-90.6818389893
172981.6093750000,-90.6992340088
173380.3437500000,-90.7114944458
173779.9843750000,-90.7149353027
174180.7500000000,-90.7158889771
174582.2500000000,-90.7174911499
174984.6875000000,-90.7224426270
175388.0312500000,-90.7503585815
175792.3125000000,-90.8121871948
176197.5312500000,-90.8591842651
176603.8750000000,-90.8843078613
177010.9531250000,-90.8922653198
177418.9843750000,-90.9009399414
177827.9375000000,-90.9443893433
178237.8437500000,-91.0004348755
178648.7031250000,-91.0591735840
179060.5000000000,-91.1055755615
179473.4375000000,-91.1313629150
179887.1406250000,-91.1499404907
180301.7968750000,-91.1625366211
180717.4062500000,-91.1767959595
181133.9687500000,-91.1883392334
181551.5000000000,-91.1897964478
181970.1875000000,-91.1986618042
182389.6406250000,-91.2465972900
182810.0625000000,-91.2942581177
183231.4531250000,-91.3076553345
183653.8125000000,-91.3110885620
184077.1406250000,-91.3130950928
184501.4531250000,-91.3267440796
184926.9531250000,-91.3421096802
185353.2187500000,-91.3456954956
185780.4687500000,-91.3472213745
186208.7031250000,-91.3487854004
186637.9375000000,-91.3499679565
187068.1406250000,-91.3802108765
187499.3437500000,-91.3812484741
187931.7500000000,-91.3964004517
188364.9531250000,-91.4295730591
188799.1406250000,-91.4365539551
189234.3437500000,-91.4423980713
189670.5312500000,-91.5318527222
190107.7500000000,-91.6510772705
190546.1562500000,-91.7312240601
190985.3906250000,-91.7573547363
191425.6250000000,-91.7623367310
191866.8750000000,-91.7641906738
192309.1406250000,-91.7684860229
192752.4218750000,-91.7729492188
193196.7343750000,-91.8050613403
193642.2812500000,-91.9014587402
194088.6406250000,-92.0050125122
194536.0312500000,-92.0474700928
194984.4375000000,-92.0485534668
195433.8906250000,-92.0550079346
195884.3906250000,-92.0646438599
196336.1250000000,-92.0733413696
196788.7031250000,-92.1187896729
197242.3125000000,-92.1883773804
197696.9687500000,-92.2265930176
198152.6718750000,-92.2510223389
198609.4218750000,-92.2557754517
199067.2343750000,-92.2625961304
199526.3125000000,-92.3100662231
199986.2343750000,-92.3217239380
200447.2187500000,-92.3318405151
200909.2656250000,-92.3653945923
201372.3750000000,-92.3656845093
201836.5625000000,-92.3820419312
202302.0312500000,-92.4041824341
202768.3437500000,-92.4054412842
203235.7343750000,-92.4293060303
203704.2187500000,-92.4728469849
204173.7656250000,-92.5253067017
204644.4062500000,-92.5712127686
205116.1250000000,-92.5741424561
205589.1562500000,-92.5770416260
206063.0468750000,-92.5883560181
206538.0468750000,-92.6006164551
207014.1250000000,-92.6398239136
207491.3125000000,-92.6838989258
207969.5937500000,-92.7168273926
208448.9843750000,-92.7180328369
208929.7031250000,-92.7305831909
209411.2968750000,-92.7372436523
209894.0000000000,-92.7482070923
210377.8281250000,-92.7675399780
210862.7500000000,-92.8679122925
211348.8125000000,-92.9627532959
211836.2187500000,-92.9813232422
212324.5156250000,-92.9877929688
212813.9375000000,-92.9933242798
213304.4843750000,-93.0283355713
213796.1718750000,-93.0359497070
214288.9843750000,-93.0360946655
214782.9375000000,-93.0415725708
215278.2656250000,-93.0579528809
215774.5000000000,-93.0723037720
216271.8750000000,-93.0786819458
216770.3906250000,-93.1682510376
217270.0625000000,-93.3063583374
217770.8906250000,-93.4349441528
218273.1093750000,-93.4644851685
218776.2343750000,-93.4676208496
219280.5312500000,-93.4974670410
219785.9843750000,-93.5003662109
220292.6093750000,-93.5082702637
220800.4062500000,-93.5268249512
221309.3593750000,-93.5286026001
221819.7343750000,-93.5359954834
222331.0468750000,-93.5425262451
222843.5468750000,-93.5615844727
223357.2031250000,-93.5620269775
223872.0625000000,-93.5719909668
224388.1093750000,-93.6455688477
224905.5781250000,-93.6777954102
225424.0000000000,-93.6794204712
225943.6250000000,-93.6851425171
226464.4375000000,-93.7179794312
226986.4531250000,-93.7271194458
227509.6718750000,-93.7367095947
228034.1093750000,-93.7434844971
228559.9843750000,-93.7655868530
229086.8281250000,-93.8590316772
229614.8906250000,-93.9585418701
230144.1718750000,-94.0381088257
230674.6718750000,-94.0870208740
231206.3906250000,-94.0934677124
231739.3437500000,-94.1041030884
232273.7812500000,-94.1302947998
232809.1875000000,-94.1324081421
233345.8281250000,-94.1431808472
233883.7031250000,-94.1924514771
234422.8125000000,-94.2133712769
234963.1875000000,-94.2227554321
235505.0468750000,-94.2478790283
236047.9062500000,-94.2605133057
236592.0156250000,-94.2912216187
237137.3750000000,-94.2954025269
237683.9843750000,-94.3025512695
238231.8750000000,-94.3062057495
238781.0156250000,-94.3198547363
239331.6718750000,-94.3333663940
239883.3593750000,-94.3928222656
240436.2968750000,-94.3970642090
240990.5312500000,-94.4197387695
241546.0312500000,-94.4365158081
242102.8125000000,-94.5792007446
242661.1406250000,-94.6431579590
243220.4843750000,-94.6493453979
243781.1250000000,-94.6516876221
244343.0625000000,-94.6542510986
244906.2968750000,-94.6642761230
245470.8125000000,-94.6707153320
246036.6406250000,-94.6715545654
246604.0468750000,-94.6723403931
247172.4843750000,-94.6858062744
247742.2343750000,-94.6941452026
248313.2968750000,-94.7060165405
248885.6718750000,-94.7321929932
249459.3750000000,-94.8586044312
250034.4062500000,-94.8712081909
250611.0156250000,-94.8889999390
251188.7031250000,-94.9208755493
251767.7031250000,-94.9249649048
252348.0468750000,-94.9926605225
252929.7343750000,-94.9937744141
253512.7500000000,-95.0062255859
254097.3906250000,-95.0299911499
254683.1093750000,-95.0844497681
255270.1718750000,-95.1024932861
255858.5781250000,-95.1087570190
256448.3593750000,-95.1287460327
257039.4843750000,-95.1389160156
257631.9843750000,-95.2067718506
258226.1250000000,-95.2539367676
258821.3593750000,-95.2697219849
259417.9531250000,-95.2826232910
260015.9375000000,-95.3110961914
260615.2812500000,-95.3707885742
261216.0312500000,-95.3867416382
261818.4375000000,-95.3983917236
262421.9375000000,-95.3998107910
263026.8437500000,-95.4117355347
263633.1562500000,-95.4223480225
264240.8437500000,-95.4770202637
264849.9375000000,-95.5689239502
265460.4375000000,-95.5713043213
266072.6250000000,-95.5718460083
266685.9375000000,-95.5794906616
267300.6562500000,-95.5847625732
267916.8125000000,-95.5864181519
268534.3750000000,-95.5967788696
269153.3750000000,-95.6078872681
269774.0937500000,-95.6408309937
270395.9375000000,-95.7569732666
271019.2187500000,-95.8199539185
271643.9375000000,-95.8391647339
272270.0937500000,-95.8591537476
272897.6875000000,-95.8713684082
273526.7500000000,-95.9045333862
274157.5312500000,-95.9063262939
274789.5000000000,-95.9228744507
275422.9062500000,-95.9248886108
276057.7812500000,-95.9288482666
276694.0937500000,-95.9289398193
277331.9062500000,-96.0714797974
277971.1875000000,-96.1274185181
278612.2187500000,-96.1285858154
279254.4375000000,-96.1501159668
279898.1562500000,-96.2082366943
280543.3437500000,-96.3155517578
281190.0000000000,-96.3354339600
281838.1562500000,-96.3498611450
282488.1250000000,-96.3864288330
283139.2812500000,-96.3953094482
283791.9375000000,-96.4050216675
284446.0937500000,-96.4302368164
285101.7812500000,-96.4367752075
285758.9687500000,-96.4589996338
286417.6562500000,-96.4988327026
287078.1875000000,-96.5270385742
287739.9062500000,-96.5863494873
288403.1875000000,-96.7090225220
289067.9687500000,-96.7233200073
289734.2812500000,-96.7481231689
290402.1562500000,-96.7494201660
291071.8750000000,-96.7584457397
291742.8125000000,-96.7998123169
292415.2812500000,-96.8014984131
293089.3437500000,-96.8155517578
293764.9062500000,-96.8212509155
294442.0625000000,-96.8255920410
295120.7812500000,-96.8342514038
295801.3750000000,-96.8755187988
296483.2187500000,-96.8909225464
297166.6250000000,-96.9003601074
297851.6250000000,-96.9021072388
298538.1875000000,-96.9112091064
299226.3437500000,-96.9199523926
299916.4062500000,-96.9264678955
300607.7500000000,-97.0039291382
301300.6562500000,-97.0430831909
301995.1875000000,-97.0754547119
302691.3125000000,-97.0993270874
303389.0312500000,-97.1149444580
304088.3750000000,-97.1243667603
304789.6562500000,-97.1309051514
305492.2187500000,-97.1384048462
306196.3750000000,-97.1507720947
306902.1875000000,-97.1715316772
307609.6250000000,-97.2035140991
308318.6875000000,-97.2482757568
309029.3750000000,-97.3053970337
309742.0625000000,-97.3719177246
310456.0312500000,-97.4415130615
311171.6562500000,-97.5066223145
311888.9375000000,-97.5614471436
312607.8437500000,-97.6032409668
313328.4375000000,-97.6330337524
314051.0312500000,-97.6547012329
314774.9375000000,-97.6730651855
315500.5000000000,-97.6918563843
316227.7812500000,-97.7123947144
316956.6875000000,-97.7336044312
317687.3125000000,-97.7532196045
318419.5937500000,-97.7695007324
319153.9375000000,-97.7824630737
319889.5937500000,-97.7939224243
320626.9687500000,-97.8062973022
321366.0312500000,-97.8208923340
322106.8125000000,-97.8367767334
322849.2812500000,-97.8396606445
323593.8125000000,-97.8428115845
324339.7187500000,-97.8441848755
325087.3750000000,-97.8504409790
325836.7187500000,-97.8510665894
326587.7812500000,-97.8583831787
327340.5937500000,-97.8584442139
328095.1250000000,-97.8603897095
328851.7812500000,-97.8627014160
329609.8125000000,-97.8830947876
330369.5937500000,-97.9183807373
331131.0937500000,-97.9636611938
331894.3750000000,-98.0165405273
332659.4375000000,-98.0771865845
333426.2187500000,-98.1410980225
334195.1562500000,-98.2034530640
334965.5000000000,-98.2588424683
335737.6250000000,-98.3031082153
336511.5312500000,-98.3354568481
337287.2187500000,-98.3593521118
338064.6875000000,-98.3813781738
338844.3125000000,-98.4082336426
339625.3750000000,-98.4435043335
340408.2500000000,-98.4859085083
341192.9062500000,-98.5301055908
341979.3750000000,-98.5695343018
342767.6562500000,-98.5998840332
343557.7812500000,-98.6211776733
344350.0625000000,-98.6372451782
345143.8125000000,-98.6532135010
345939.4062500000,-98.6724700928
346736.8125000000,-98.6948547363
347536.0625000000,-98.7253036499
348337.1562500000,-98.7424850464
349140.5000000000,-98.7433166504
349945.2812500000,-98.7439498901
350751.9375000000,-98.7478790283
351560.4375000000,-98.7635955811
352370.8125000000,-98.7919540405
353183.0625000000,-98.8288955688
353997.1562500000,-98.8664016724
354813.5312500000,-98.8962402344
355631.4062500000,-98.9138488770
356451.1562500000,-98.9204483032
357272.8125000000,-98.9223327637
358096.3437500000,-98.9279632568
358921.7812500000,-98.9444885254
359749.5312500000,-98.9962158203
360578.7812500000,-99.0650939941
361409.9375000000,-99.1086425781
362243.0000000000,-99.1399459839
363078.0000000000,-99.1480789185
363914.9375000000,-99.1509246826
364753.7812500000,-99.1551437378
365594.9687500000,-99.1555404663
366437.6875000000,-99.1563873291
367282.3437500000,-99.1768188477
368128.9687500000,-99.2306747437
368977.5312500000,-99.2918395996
369828.0312500000,-99.3271484375
370680.5312500000,-99.3539123535
371535.3750000000,-99.3720779419
372391.7812500000,-99.3837432861
373250.1875000000,-99.3919219971
374110.5625000000,-99.3997192383
374972.9062500000,-99.4176483154
375837.2500000000,-99.4482040405
376703.9687500000,-99.4803543091
377572.3125000000,-99.5223159790
378442.6562500000,-99.5727615356
379314.9687500000,-99.6282424927
380189.3437500000,-99.6835021973
381065.6875000000,-99.7500381470
381944.0625000000,-99.7509078979
382824.9062500000,-99.7558898926
383707.3437500000,-99.7687911987
384591.8125000000,-99.7714309692
385478.3125000000,-99.7873229980
386366.8750000000,-99.7908020020
387257.5000000000,-99.7945556641
388150.5625000000,-99.7957992554
389045.2812500000,-99.8239288330
389942.0625000000,-99.8518218994
390840.9062500000,-99.8755874634
391741.8125000000,-99.9053955078
392644.8125000000,-99.9372329712
393549.8750000000,-99.9649505615
394457.4687500000,-99.9994277954
395366.7187500000,-100.0401535034
396278.0937500000,-100.1084899902
397191.5312500000,-100.1766662598
398107.0937500000,-100.2163925171
399024.7500000000,-100.2487258911
399944.9687500000,-100.2731933594
400866.8750000000,-100.2995910645
401790.9062500000,-100.3247451782
402717.0625000000,-100.3452682495
403645.3437500000,-100.3686828613
404575.7812500000,-100.3925552368
405508.3437500000,-100.4239044189
406443.5312500000,-100.4518203735
407380.4062500000,-100.4726715088
408319.4375000000,-100.4982223511
409260.6562500000,-100.5422286987
410204.0312500000,-100.5804672241
411149.5625000000,-100.5946197510
412097.3125000000,-100.5984878540
413047.6562500000,-100.5993118286
413999.7812500000,-100.6037597656
414954.0625000000,-100.6164245605
415910.5625000000,-100.6346054077
416869.2812500000,-100.6637268066
417830.1875000000,-100.6891708374
418793.7812500000,-100.7058563232
419759.1250000000,-100.7279891968
420726.6875000000,-100.7851257324
421696.5000000000,-100.8736038208
422668.5312500000,-100.9513092041
423642.8125000000,-101.0355987549
424619.3437500000,-101.1499099731
425598.5937500000,-101.1583251953
426579.6250000000,-101.1603317261
427562.9375000000,-101.1700057983
428548.5000000000,-101.1750946045
429536.3125000000,-101.1889724731
430526.4375000000,-101.1913681030
431519.3125000000,-101.2129669189
432514.0000000000,-101.2274246216
433510.9687500000,-101.2279663086
434510.2500000000,-101.2398757935
435511.8125000000,-101.2448348999
436515.6875000000,-101.2582626343
437521.9062500000,-101.2801666260
438530.9062500000,-101.2825317383
439541.7500000000,-101.2841033936
440554.9062500000,-101.2906341553
441570.4375000000,-101.2912597656
442588.2812500000,-101.2923889160
443608.4687500000,-101.3307800293
444631.0312500000,-101.3881912231
445656.4062500000,-101.4298248291
446683.6875000000,-101.4788742065
447713.3125000000,-101.5097122192
448745.3437500000,-101.5230026245
449779.7187500000,-101.5454254150
450816.5000000000,-101.5723266602
451856.1562500000,-101.5878677368
452897.7187500000,-101.5946884155
453941.6875000000,-101.5949172974
454988.0625000000,-101.5972137451
456036.8437500000,-101.6106872559
457088.0312500000,-101.6336593628
458141.6562500000,-101.6829986572
459198.1875000000,-101.7426910400
460256.6875000000,-101.7859039307
461317.6250000000,-101.8461990356
462380.9687500000,-101.8920364380
463446.8125000000,-101.9130783081
464515.0937500000,-101.9225845337
465586.3437500000,-101.9315261841
466659.5312500000,-101.9650115967
467735.2187500000,-102.0230789185
468813.3750000000,-102.1042709351
469894.0312500000,-102.1909942627
470977.1875000000,-102.2232666016
472062.8125000000,-102.2272262573
473151.4687500000,-102.2287216187
474242.1250000000,-102.2381668091
475335.2812500000,-102.2449188232
476430.9687500000,-102.2571868896
477529.1562500000,-102.2637710571
478629.9062500000,-102.2765121460
479733.7187500000,-102.2786712646
480839.5312500000,-102.2932128906
481947.9062500000,-102.3091278076
483058.8125000000,-102.3118972778
484172.3125000000,-102.3224105835
485288.3437500000,-102.3247985840
486406.9687500000,-102.3392410278
487528.7187500000,-102.4201889038
488652.5000000000,-102.5110397339
489778.8750000000,-102.5675201416
490907.8437500000,-102.5792999268
492039.4375000000,-102.5934753418
493173.6250000000,-102.5943145752
494310.4375000000,-102.6188964844
495450.3750000000,-102.6377029419
496592.4375000000,-102.6564636230
497737.1250000000,-102.6718750000
498884.4375000000,-102.6838760376
500034.4062500000,-102.7017593384
501187.0000000000,-102.7194213867
502342.8437500000,-102.7205505371
503500.7812500000,-102.7297592163
504661.3750000000,-102.7400741577
505824.6562500000,-102.7443084717
506990.6250000000,-102.7588729858
508159.2812500000,-102.8027572632
509330.6250000000,-102.8632431030
510505.2187500000,-102.9351501465
511681.9687500000,-103.0068511963
512861.4375000000,-103.0372467041
514043.6250000000,-103.0417938232
515228.5312500000,-103.0458679199
516416.1562500000,-103.0629806519
517607.0937500000,-103.0677185059
518800.2187500000,-103.0739898682
519996.0937500000,-103.1059112549
521194.7187500000,-103.1100006104
522396.1250000000,-103.1183090210
523600.2812500000,-103.1383361816
524807.1875000000,-103.1462249756
526017.5000000000,-103.1617889404
527230.0000000000,-103.1626892090
528445.3125000000,-103.1683197021
529663.4375000000,-103.2476501465
530884.3125000000,-103.3767166138
532108.0625000000,-103.4679565430
533335.1875000000,-103.4790573120
534564.5625000000,-103.4962539673
535796.7500000000,-103.5073318481
537031.8125000000,-103.5273742676
538269.6875000000,-103.5311126709
539510.4375000000,-103.5577774048
540754.0625000000,-103.5760650635
542001.1250000000,-103.5854873657
543250.5000000000,-103.5931320190
544502.7500000000,-103.6029739380
545757.8750000000,-103.6140975952
547015.8750000000,-103.6477203369
548276.7500000000,-103.6499328613
549540.5625000000,-103.6651458740
550807.9375000000,-103.7030639648
552077.5625000000,-103.7827758789
553350.1250000000,-103.9084548950
554625.6875000000,-104.0021362305
555904.1250000000,-104.0852813721
557185.5000000000,-104.1143875122
558470.5000000000,-104.1447982788
559757.8125000000,-104.1466140747
561048.0625000000,-104.1830444336
562341.3125000000,-104.2048416138
563637.5625000000,-104.2182159424
564936.8125000000,-104.2388687134
566239.0000000000,-104.2462615967
567544.8750000000,-104.2466735840
568853.0625000000,-104.2487640381
570164.3125000000,-104.2532196045
571478.6250000000,-104.2691192627
572795.8750000000,-104.3013992310
574116.2500000000,-104.3015060425
575440.2500000000,-104.3082809448
576766.6875000000,-104.3119964600
578096.1875000000,-104.3200302124
579428.6875000000,-104.3453369141
580764.3125000000,-104.3816909790
582103.0625000000,-104.4008255005
583444.8125000000,-104.4121932983
584790.3750000000,-104.4239578247
586138.3125000000,-104.4310379028
587489.4375000000,-104.4342880249
588843.6250000000,-104.4511718750
590200.9375000000,-104.5175628662
591561.4375000000,-104.6307373047
592925.0000000000,-104.7067031860
594292.3750000000,-104.7089843750
595662.2500000000,-104.7104492188
597035.3125000000,-104.7185287476
598411.5000000000,-104.7233428955
599790.9375000000,-104.7397537231
601173.4375000000,-104.7571487427
602559.8750000000,-104.7860412598
603948.8125000000,-104.7880935669
605340.9375000000,-104.7919158936
606736.3125000000,-104.9017944336
608134.8750000000,-105.0091171265
609536.6875000000,-105.0139541626
610941.6875000000,-105.0184707642
612350.6250000000,-105.0363159180
613762.1250000000,-105.0431060791
615176.9375000000,-105.0479125977
616594.9375000000,-105.0716781616
618016.2500000000,-105.1033935547
619440.8125000000,-105.1389083862
620869.3750000000,-105.1739273071
622300.5000000000,-105.1827468872
623734.9375000000,-105.2121734619
625172.6875000000,-105.2310180664
626613.7500000000,-105.2310943604
628058.1250000000,-105.2324295044
629505.8750000000,-105.2544479370
630957.6250000000,-105.2802886963
632412.0000000000,-105.2821731567
633869.7500000000,-105.2873458862
635330.8750000000,-105.2958068848
636795.3750000000,-105.3427963257
638263.2500000000,-105.3529357910
639735.1875000000,-105.3784561157
641209.8125000000,-105.4183273315
642687.8750000000,-105.4345855713
644169.3125000000,-105.5475997925
645654.1250000000,-105.5611343384
647142.4375000000,-105.5883636475
648634.1250000000,-105.5884170532
650130.0000000000,-105.6515731812
651628.5625000000,-105.6525115967
653130.6250000000,-105.6762542725
654636.1250000000,-105.7032775879
656145.1250000000,-105.7135620117
657657.6250000000,-105.7310256958
659173.5625000000,-105.7478561401
660693.6875000000,-105.7939453125
662216.6250000000,-105.8298721313
663743.1250000000,-105.8774719238
665273.0625000000,-105.8856430054
666806.5625000000,-105.8960723877
668343.6250000000,-105.9521102905
669884.9375000000,-105.9587326050
671429.0625000000,-105.9744262695
672976.7500000000,-106.0196380615
674528.0000000000,-106.0402374268
676082.8750000000,-106.0454025269
677641.2500000000,-106.0556488037
679203.3125000000,-106.0773162842
680769.6250000000,-106.0892333984
682338.8750000000,-106.2109985352
683911.6875000000,-106.3552093506
685488.1875000000,-106.4436569214
687068.2500000000,-106.4463424683
688652.0000000000,-106.4569091797
690240.1875000000,-106.4743957520
691831.1875000000,-106.4851684570
693425.9375000000,-106.5145034790
695024.3125000000,-106.5343704224
696626.4375000000,-106.5456008911
698232.1875000000,-106.5760574341
699841.6875000000,-106.6051712036
701455.6250000000,-106.6195373535
703072.5000000000,-106.6398620605
704693.1250000000,-106.7303543091
706317.5000000000,-106.7378082275
707945.6250000000,-106.7621002197
709577.5000000000,-106.7691116333
711213.8750000000,-106.7746124268
712853.3125000000,-106.8172988892
714496.5000000000,-106.8173675537
716143.4375000000,-106.8674392700
717794.1875000000,-106.8780364990
719448.7500000000,-106.9364471436
721107.1250000000,-106.9438552856
722770.1250000000,-106.9677810669
724436.1875000000,-106.9828186035
726106.0625000000,-106.9847412109
727779.8125000000,-106.9906463623
729457.3750000000,-106.9936752319
731138.8125000000,-106.9975357056
732824.1250000000,-106.9988250732
734514.1875000000,-107.0218124390
736207.2500000000,-107.0418319702
737904.3125000000,-107.0474548340
739605.1875000000,-107.0482482910
741310.0625000000,-107.0661392212
743018.8125000000,-107.0982666016
744732.3750000000,-107.1856307983
746449.0000000000,-107.2902374268
748169.6250000000,-107.3307113647
749894.1875000000,-107.3463516235
751622.7500000000,-107.3475036621
753355.3125000000,-107.3489379883
755091.8750000000,-107.3545074463
756833.2500000000,-107.3794479370
758577.7500000000,-107.3936920166
760326.3750000000,-107.3955841064
762078.9375000000,-107.4052352905
763835.6250000000,-107.4078140259
765596.3125000000,-107.4081954956
767361.8750000000,-107.4822082520
769130.6875000000,-107.4918670654
770903.6250000000,-107.4923477173
772680.6250000000,-107.5788879395
774461.6875000000,-107.5994186401
776246.8750000000,-107.6116409302
778036.1875000000,-107.6326446533
779830.4375000000,-107.6327896118
781628.0000000000,-107.6452560425
783429.7500000000,-107.6487426758
785235.6250000000,-107.6521148682
787045.6250000000,-107.6646423340
788859.8125000000,-107.7101440430
790678.1875000000,-107.7248916626
792501.6250000000,-107.7991409302
794328.4375000000,-107.8066329956
796159.3750000000,-107.8207778931
797994.6250000000,-107.8510360718
799834.0000000000,-108.0154190063
801677.6875000000,-108.0806350708
803526.5000000000,-108.0934295654
805378.6875000000,-108.1522064209
807235.1250000000,-108.2736206055
809095.8750000000,-108.3027801514
810960.9375000000,-108.3204116821
812830.2500000000,-108.3206405640
814703.8750000000,-108.3398513794
816582.6875000000,-108.3428421021
818465.0000000000,-108.3468093872
820351.6250000000,-108.3602523804
822242.5625000000,-108.3687133789
824137.8750000000,-108.3732757568
826037.6250000000,-108.3896179199
827942.5625000000,-108.3943252563
829851.0625000000,-108.4104614258
831763.9375000000,-108.4138412476
833681.1875000000,-108.4193649292
835602.8750000000,-108.4448318481
837529.0000000000,-108.4581985474
839459.5625000000,-108.4649505615
841395.5000000000,-108.4692916870
843335.0000000000,-108.5212326050
845278.9375000000,-108.5359802246
847227.3750000000,-108.5530548096
849180.2500000000,-108.6800994873
851137.6875000000,-108.7718963623
853100.5625000000,-108.7729949951
855067.0000000000,-108.7799072266
857038.0000000000,-108.7839889526
859013.5625000000,-108.7974853516
860993.6250000000,-108.7975997925
862978.3125000000,-108.7999877930
864967.5000000000,-108.8169784546
866962.2500000000,-108.8211059570
868960.6875000000,-108.8215026855
870963.6875000000,-108.9151077271
872971.3125000000,-108.9334182739
874983.6250000000,-108.9447784424
877000.5000000000,-109.0012969971
879022.0625000000,-109.0092620850
881049.2500000000,-109.0200653076
883080.1250000000,-109.0394134521
885115.6875000000,-109.0597229004
887155.9375000000,-109.0853881836
889200.8750000000,-109.1087188721
891250.5625000000,-109.2707901001
893305.9375000000,-109.2748718262
895365.0625000000,-109.2860641479
897428.9375000000,-109.2899780273
899497.5625000000,-109.3022537231
901571.0000000000,-109.3301010132
903649.1875000000,-109.3320922852
905732.1250000000,-109.3553161621
907820.9375000000,-109.3614807129
909913.5000000000,-109.4301071167
912010.9375000000,-109.4330062866
914113.1875000000,-109.4632720947
916220.2500000000,-109.4889984131
918332.1875000000,-109.5428848267
920450.0625000000,-109.5746002197
922571.7500000000,-109.5751724243
924698.3750000000,-109.5898056030
926829.8125000000,-109.5904846191
928966.2500000000,-109.6239547729
931107.5625000000,-109.6311950684
933253.8750000000,-109.6704559326
935406.0625000000,-109.6839523315
937562.2500000000,-109.7308120728
939723.4375000000,-109.7674179077
941889.5625000000,-109.7958908081
944060.6875000000,-109.7962112427
946236.8125000000,-109.8682937622
948419.0000000000,-109.8691864014
950605.1250000000,-109.8855743408
952796.3750000000,-109.9197769165
954992.6250000000,-109.9211654663
957193.9375000000,-109.9249038696
959400.3750000000,-109.9266815186
961611.8125000000,-109.9316024780
963829.5000000000,-109.9390792847
966051.1875000000,-109.9416732788
968278.0000000000,-110.0803298950
970509.9375000000,-110.2335662842
972747.0625000000,-110.2471084595
974989.3125000000,-110.2505340576
977236.6875000000,-110.2648773193
979490.3750000000,-110.2818527222
981748.1875000000,-110.2819213867
984011.1875000000,-110.2983551025
986279.3750000000,-110.3324432373
988552.8125000000,-110.3427505493
990831.5000000000,-110.3512878418
993116.5625000000,-110.3764648438
995405.7500000000,-110.3850173950
997700.2500000000,-110.4000625610
1000000.0000000000,-110.4236907959
1002305.0625000000,-110.4276809692
1004615.4375000000,-110.4711532593
1006931.1875000000,-110.4898529053
1009253.3125000000,-110.5466918945
1011579.7500000000,-110.5520095825
1013911.5000000000,-110.6220321655
1016248.6250000000,-110.6920700073
1018591.1250000000,-110.7311477661
1020939.0625000000,-110.7351913452
1023293.5625000000,-110.7366790771
1025652.3125000000,-110.7418441772
1028016.5000000000,-110.7470321655
1030386.1250000000,-110.7506866455
1032761.2500000000,-110.7640457153
1035141.8750000000,-110.7663879395
1037527.9375000000,-110.7723999023
1039920.6250000000,-110.7807006836
1042317.7500000000,-110.7820129395
1044720.3750000000,-110.7847442627
1047128.5000000000,-110.7967681885
1049542.2500000000,-110.8120193481
1051961.5000000000,-110.8338775635
1054386.3750000000,-110.8652725220
1056817.8750000000,-110.9074783325
1059254.0000000000,-110.9603576660
1061695.6250000000,-111.0219268799
1064142.8750000000,-111.0836410522
1066595.8750000000,-111.1395187378
1069054.3750000000,-111.1863021851
1071519.8750000000,-111.2222518921
1073989.7500000000,-111.2471618652
1076465.3750000000,-111.2677841187
1078946.7500000000,-111.2922515869
1081433.7500000000,-111.3252944946
1083926.5000000000,-111.3696746826
1086425.0000000000,-111.4255142212
1088930.5000000000,-111.4867324829
1091440.6250000000,-111.5409545898
1093956.5000000000,-111.5820541382
1096478.1250000000,-111.6073455811
1099005.5000000000,-111.6176910400
1101538.8750000000,-111.6179962158
1104079.1250000000,-111.6183242798
1106624.1250000000,-111.6248779297
1109175.0000000000,-111.6396102905
1111731.7500000000,-111.6627655029
1114294.3750000000,-111.6934738159
1116862.8750000000,-111.7306518555
1119437.3750000000,-111.7741012573
1122019.0000000000,-111.8220901489
1124605.2500000000,-111.8727340698
1127197.6250000000,-111.9226837158
1129795.8750000000,-111.9503402710
1132400.1250000000,-111.9556884766
1135010.3750000000,-111.9598541260
1137627.8750000000,-111.9671173096
1140250.2500000000,-111.9722290039
1142878.6250000000,-111.9843215942
1145513.0000000000,-111.9931335449
1148153.5000000000,-112.0002822876
1150800.0000000000,-112.0099868774
1153452.7500000000,-112.0147247314
1156112.7500000000,-112.0192565918
1158777.7500000000,-112.0579681396
1161448.7500000000,-112.0970611572
1164126.0000000000,-112.1341857910
1166809.3750000000,-112.1673583984
1169499.0000000000,-112.1943588257
1172194.7500000000,-112.2019958496
1174898.0000000000,-112.2021102905
1177606.2500000000,-112.2082595825
1180320.7500000000,-112.2105178833
1183041.3750000000,-112.2126083374
1185768.3750000000,-112.2162551880
1188501.7500000000,-112.2199249268
1191242.6250000000,-112.2265167236
1193988.5000000000,-112.2477340698
1196740.7500000000,-112.2716445923
1199499.2500000000,-112.2965850830
1202264.2500000000,-112.3219528198
1205035.5000000000,-112.3479080200
1207813.2500000000,-112.3750305176
1210598.6250000000,-112.4041290283
1213389.1250000000,-112.4357376099
1216186.1250000000,-112.4696197510
1218989.5000000000,-112.5043258667
1221799.3750000000,-112.5373535156
1224615.7500000000,-112.5656967163
1227439.8750000000,-112.5867691040
1230269.2500000000,-112.5996093750
1233105.0000000000,-112.6060562134
1235947.5000000000,-112.6114578247
1238796.3750000000,-112.6248092651
1241651.8750000000,-112.6524276733
1244514.0000000000,-112.6949157715
1247384.1250000000,-112.7459487915
1250259.3750000000,-112.7949295044
1253141.3750000000,-112.8327560425
1256029.8750000000,-112.8567733765
1258925.1250000000,-112.8719635010
1261827.0000000000,-112.8875122070
1264737.0000000000,-112.9114151001
1267652.3750000000,-112.9461975098
1270574.3750000000,-112.9881896973
1273503.1250000000,-113.0300369263
1276438.6250000000,-113.0646972656
1279380.8750000000,-113.0889663696
1282330.0000000000,-113.1046829224
1285287.2500000000,-113.1173934937
1288250.0000000000,-113.1333389282
1291219.5000000000,-113.1567687988
1294195.7500000000,-113.1890106201
1297179.0000000000,-113.2293701172
1300169.1250000000,-113.2769622803
1303166.1250000000,-113.3318405151
1306171.3750000000,-113.3947677612
1309182.2500000000,-113.4658050537
1312200.0000000000,-113.5432281494
1315224.7500000000,-113.6235427856
1318256.3750000000,-113.7023315430
1321295.1250000000,-113.7364349365
1324342.2500000000,-113.7423553467
1327394.8750000000,-113.7501373291
1330454.6250000000,-113.7698669434
1333521.3750000000,-113.7741851807
1336595.2500000000,-113.7749633789
1339676.2500000000,-113.7971267700
1342764.2500000000,-113.8116531372
1345860.8750000000,-113.8125839233
1348963.2500000000,-113.8177719116
1352072.7500000000,-113.8205184937
1355189.3750000000,-113.8249740601
1358313.1250000000,-113.8333969116
1361444.1250000000,-113.8368530273
1364583.8750000000,-113.8465194702
1367729.3750000000,-113.8587112427
1370882.0000000000,-113.8665924072
1374042.0000000000,-113.8851470947
1377209.2500000000,-113.8958282471
1380383.8750000000,-113.8976364136
1383565.7500000000,-113.9112243652
1386756.5000000000,-113.9147720337
1389953.0000000000,-113.9416732788
1393157.0000000000,-114.0189666748
1396368.2500000000,-114.0781097412
1399587.0000000000,-114.0914154053
1402813.1250000000,-114.0917434692
1406046.7500000000,-114.0921401978
1409289.3750000000,-114.1084976196
1412537.8750000000,-114.1467208862
1415793.8750000000,-114.2022705078
1419057.3750000000,-114.2631912231
1422328.3750000000,-114.3069381714
1425607.0000000000,-114.3154296875
1428894.6250000000,-114.3161468506
1432188.3750000000,-114.3186035156
1435489.6250000000,-114.3382797241
1438798.5000000000,-114.3431777954
1442115.1250000000,-114.3515701294
1445439.2500000000,-114.3587493896
1448771.1250000000,-114.3607711792
1452112.2500000000,-114.3657760620
1455459.5000000000,-114.3752212524
1458814.3750000000,-114.3882598877
1462177.0000000000,-114.4029006958
1465547.5000000000,-114.4243316650
1468925.6250000000,-114.4532165527
1472313.2500000000,-114.4980316162
1475707.0000000000,-114.5329284668
1479108.6250000000,-114.5556793213
1482518.1250000000,-114.5916366577
1485935.3750000000,-114.6481246948
1489360.6250000000,-114.7206268311
1492793.6250000000,-114.7878036499
1496236.3750000000,-114.7928390503
1499685.2500000000,-114.7979660034
1503142.1250000000,-114.7994003296
1506607.0000000000,-114.8287277222
1510079.7500000000,-114.8384628296
1513560.6250000000,-114.8447952271
1517051.1250000000,-114.8641052246
1520548.1250000000,-114.8655319214
1524053.0000000000,-114.8990783691
1527566.1250000000,-114.9323730469
1531087.2500000000,-114.9581756592
1534616.5000000000,-114.9826278687
1538153.8750000000,-115.0183029175
1541701.1250000000,-115.0636672974
1545254.8750000000,-115.1132888794
1548816.8750000000,-115.1824874878
1552387.0000000000,-115.2408828735
1555965.3750000000,-115.2736129761
1559551.8750000000,-115.3035964966
1563146.7500000000,-115.3225173950
1566751.7500000000,-115.3317565918
1570363.1250000000,-115.3335876465
1573983.0000000000,-115.3377532959
1577611.1250000000,-115.3525695801
1581247.6250000000,-115.3578109741
1584892.5000000000,-115.3580703735
1588547.5000000000,-115.3623962402
1592209.2500000000,-115.3691635132
1595879.3750000000,-115.3825531006
1599558.0000000000,-115.3880386353
1603245.1250000000,-115.3934555054
1606940.7500000000,-115.3966979980
1610644.8750000000,-115.4471206665
1614359.2500000000,-115.5001220703
1618080.5000000000,-115.5555648804
1621810.2500000000,-115.6195449829
1625548.6250000000,-115.6549530029
1629295.6250000000,-115.6666564941
1633051.2500000000,-115.6815414429
1636817.3750000000,-115.7087326050
1640590.3750000000,-115.7564163208
1644372.0000000000,-115.7771835327
1648162.3750000000,-115.7779769897
1651961.5000000000,-115.7806549072
1655769.5000000000,-115.8217239380
1659586.1250000000,-115.8302764893
1663413.3750000000,-115.8650665283
1667247.6250000000,-115.8684997559
1671090.7500000000,-115.8968429565
1674942.7500000000,-115.9008407593
1678803.6250000000,-115.9148330688
1682673.3750000000,-115.9326171875
1686554.0000000000,-115.9335708618
1690441.6250000000,-115.9645156860
1694338.1250000000,-116.0090637207
1698243.7500000000,-116.0907440186
1702158.2500000000,-116.1712951660
1706081.8750000000,-116.2158737183
1710014.5000000000,-116.2470169067
1713958.1250000000,-116.2486419678
1717908.8750000000,-116.2499389648
1721868.8750000000,-116.2556152344
1725837.8750000000,-116.2615737915
1729816.0000000000,-116.2728958130
1733803.3750000000,-116.2746276855
1737799.8750000000,-116.2797012329
1741807.6250000000,-116.3078460693
1745822.6250000000,-116.3130264282
1749846.7500000000,-116.3175582886
1753880.3750000000,-116.3781814575
1757923.1250000000,-116.3802413940
1761975.2500000000,-116.4034576416
1766038.7500000000,-116.4257125854
1770109.5000000000,-116.5082397461
1774189.7500000000,-116.6023101807
1778279.3750000000,-116.6503295898
1782378.5000000000,-116.6586380005
1786487.0000000000,-116.6785888672
1790605.0000000000,-116.7367782593
1794734.3750000000,-116.8012542725
1798871.3750000000,-116.8985214233
1803017.8750000000,-116.9676895142
1807174.0000000000,-116.9832839966
1811339.6250000000,-116.9854583740
1815514.8750000000,-116.9946289063
1819701.8750000000,-117.0260162354
1823896.3750000000,-117.0264129639
1828100.6250000000,-117.0325469971
1832314.5000000000,-117.0707168579
1836538.1250000000,-117.0795135498
1840771.3750000000,-117.0888214111
1845014.5000000000,-117.0937347412
1849269.5000000000,-117.1090087891
1853532.1250000000,-117.1197509766
1857804.6250000000,-117.1210632324
1862087.0000000000,-117.1577758789
1866379.2500000000,-117.1747817993
1870681.3750000000,-117.1947860718
1874993.5000000000,-117.1948547363
1879317.5000000000,-117.2334594727
1883649.5000000000,-117.2409286499
1887991.5000000000,-117.2674789429
1892343.3750000000,-117.2726821899
1896705.3750000000,-117.2989730835
1901077.3750000000,-117.3123855591
1905461.6250000000,-117.3251113892
1909853.8750000000,-117.3541107178
1914256.2500000000,-117.4035568237
1918668.7500000000,-117.4621124268
1923091.3750000000,-117.5195007324
1927524.2500000000,-117.5847015381
1931967.3750000000,-117.6481399536
1936422.7500000000,-117.6714706421
1940886.3750000000,-117.6763687134
1945360.2500000000,-117.6886672974
1949844.3750000000,-117.6940536499
1954339.0000000000,-117.7011413574
1958843.8750000000,-117.7142791748
1963361.2500000000,-117.7498245239
1967887.0000000000,-117.7550201416
1972423.1250000000,-117.7574005127
1976969.6250000000,-117.7956314087
1981526.7500000000,-117.8088073730
1986094.2500000000,-117.8332519531
1990672.3750000000,-117.8455886841
1995263.2500000000,-117.8507843018
1999862.3750000000,-117.8573150635
2004472.2500000000,-117.9695434570
2009092.7500000000,-118.0705490112
2013723.7500000000,-118.1649093628
2018365.6250000000,-118.2594985962
2023020.2500000000,-118.3063735962
2027683.5000000000,-118.3246994019
2032357.3750000000,-118.3287429810
2037042.1250000000,-118.3307723999
2041737.6250000000,-118.3318481445
2046444.0000000000,-118.3332672119
2051161.2500000000,-118.3436584473
2055891.5000000000,-118.3460388184
2060630.5000000000,-118.3684234619
2065380.3750000000,-118.3720855713
2070141.2500000000,-118.3731231689
2074913.1250000000,-118.3861770630
2079695.8750000000,-118.3900299072
2084489.7500000000,-118.3915710449
2089297.0000000000,-118.3946685791
2094112.8750000000,-118.3949584961
2098940.0000000000,-118.4019241333
2103778.2500000000,-118.4232635498
2108627.5000000000,-118.4371337891
2113488.0000000000,-118.4450912476
2118362.2500000000,-118.4456176758
2123245.2500000000,-118.4548187256
2128139.5000000000,-118.4600219727
2133045.0000000000,-118.4676971436
2137961.7500000000,-118.4836502075
2142889.7500000000,-118.4956283569
2147829.5000000000,-118.5430908203
2152782.7500000000,-118.6456604004
2157745.0000000000,-118.6592788696
2162718.7500000000,-118.6771469116
2167704.0000000000,-118.6916580200
2172700.7500000000,-118.7371826172
2177708.7500000000,-118.7645187378
2182731.0000000000,-118.7662429810
2187762.5000000000,-118.7868881226
2192805.2500000000,-118.8101654053
2197860.0000000000,-118.8151931763
2202926.2500000000,-118.8211441040
2208004.0000000000,-118.8330078125
2213093.7500000000,-118.8372192383
2218197.5000000000,-118.8455505371
2223310.5000000000,-118.8582077026
2228435.5000000000,-118.9831771851
2233572.0000000000,-119.0000534058
2238720.7500000000,-119.0180282593
2243881.0000000000,-119.0294265747
2249055.7500000000,-119.0617752075
2254240.0000000000,-119.0959396362
2259436.2500000000,-119.1023788452
2264644.5000000000,-119.1126251221
2269864.5000000000,-119.1404571533
2275096.7500000000,-119.2274703979
2280341.0000000000,-119.2626342773
2285600.0000000000,-119.2956314087
2290868.2500000000,-119.3041763306
2296149.0000000000,-119.3208541870
2301441.7500000000,-119.3217163086
2306746.7500000000,-119.3217544556
2312064.0000000000,-119.3385848999
2317393.5000000000,-119.3514556885
2322737.7500000000,-119.3675689697
2328091.7500000000,-119.4001770020
2333458.2500000000,-119.4002151489
2338837.0000000000,-119.4368133545
2344228.2500000000,-119.5513229370
2349631.7500000000,-119.5818099976
2355050.5000000000,-119.5853042603
2360479.0000000000,-119.6040420532
2365920.0000000000,-119.6321105957
2371373.7500000000,-119.6460342407
2376840.0000000000,-119.6581344604
2382318.7500000000,-119.6839294434
2387810.0000000000,-119.7255706787
2393316.7500000000,-119.7784576416
2398833.5000000000,-119.8140945435
2404363.0000000000,-119.8354721069
2409905.2500000000,-119.8574981689
2415460.2500000000,-119.9075164795
2421028.0000000000,-119.9541778564
2426611.2500000000,-119.9649581909
2432205.0000000000,-119.9709472656
2437811.2500000000,-119.9795837402
2443430.5000000000,-119.9824066162
2449063.0000000000,-119.9872894287
2454708.2500000000,-119.9875793457
2460366.5000000000,-119.9941940308
2466040.5000000000,-120.0237579346
2471724.7500000000,-120.0267486572
2477422.2500000000,-120.0330505371
2483133.0000000000,-120.0351409912
2488856.7500000000,-120.0492401123
2494593.7500000000,-120.0647277832
2500344.0000000000,-120.1475830078
2506110.2500000000,-120.2161026001
2511887.0000000000,-120.2559204102
2517677.0000000000,-120.2754135132
2523480.5000000000,-120.2771148682
2529297.2500000000,-120.2811737061
2535127.5000000000,-120.3126068115
2540974.0000000000,-120.4061203003
2546831.0000000000,-120.4519424438
2552701.7500000000,-120.4802322388
2558585.7500000000,-120.4887084961
2564483.5000000000,-120.4987945557
2570395.0000000000,-120.4995422363
2576319.7500000000,-120.5333709717
2582261.2500000000,-120.5399856567
2588213.5000000000,-120.5664291382
2594179.5000000000,-120.5695648193
2600159.2500000000,-120.5832977295
2606153.0000000000,-120.6011657715
2612160.2500000000,-120.6104507446
2618184.2500000000,-120.6184997559
2624219.5000000000,-120.6375350952
2630268.5000000000,-120.6715164185
2636331.5000000000,-120.6898727417
2642408.2500000000,-120.6984024048
2648499.2500000000,-120.7020874023
2654604.2500000000,-120.7457733154
2660726.2500000000,-120.7471542358
2666859.5000000000,-120.7818527222
2673006.7500000000,-120.7897033691
2679168.2500000000,-120.7972335815
2685343.7500000000,-120.8235092163
2691533.7500000000,-120.8253784180
2697741.0000000000,-120.9899444580
2703959.2500000000,-120.9985885620
2710192.2500000000,-121.0153656006
2716439.2500000000,-121.0322647095
2722701.0000000000,-121.0957870483
2728977.0000000000,-121.1009674072
2735267.5000000000,-121.1435546875
2741575.5000000000,-121.1497726440
2747895.0000000000,-121.1566619873
2754229.0000000000,-121.1739196777
2760577.7500000000,-121.1829071045
2766941.0000000000,-121.1832351685
2773319.0000000000,-121.1985549927
2779711.7500000000,-121.2142410278
2786122.2500000000,-121.2326583862
2792544.5000000000,-121.2450103760
2798981.5000000000,-121.2796096802
2805433.2500000000,-121.2852401733
2811900.0000000000,-121.2868804932
2818381.7500000000,-121.2966232300
2824881.2500000000,-121.2973175049
2831393.0000000000,-121.3236770630
2837919.5000000000,-121.4025802612
2844461.0000000000,-121.5866394043
2851017.7500000000,-121.5962066650
2857589.5000000000,-121.6024551392
2864176.5000000000,-121.6309585571
2870781.7500000000,-121.6324310303
2877399.2500000000,-121.6613464355
2884031.7500000000,-121.6723022461
2890679.7500000000,-121.6826095581
2897343.0000000000,-121.6999664307
2904021.5000000000,-121.7036209106
2910718.7500000000,-121.7103958130
2917428.0000000000,-121.7258224487
2924153.0000000000,-121.7361602783
2930893.2500000000,-121.7582550049
2937649.2500000000,-121.7588653564
2944420.7500000000,-121.7789840698
2951207.7500000000,-121.7828903198
2958013.7500000000,-121.8102416992
2964832.2500000000,-121.8608474731
2971666.2500000000,-121.8875961304
2978516.2500000000,-121.8952865601
2985382.0000000000,-121.8990097046
2992263.5000000000,-121.9018554688
2999164.2500000000,-121.9401321411
3006077.5000000000,-122.0167694092
3013006.7500000000,-122.0455627441
3019951.7500000000,-122.0707244873
3026913.0000000000,-122.0942764282
3033890.2500000000,-122.1126632690
3040883.7500000000,-122.1303024292
3047896.5000000000,-122.1462707520
3054922.0000000000,-122.1638946533
3061963.7500000000,-122.1835479736
3069022.0000000000,-122.2088470459
3076096.2500000000,-122.2363891602
3083186.7500000000,-122.2703628540
3090293.7500000000,-122.3043899536
3097420.5000000000,-122.3383865356
3104560.2500000000,-122.3691406250
3111716.5000000000,-122.3973236084
3118889.2500000000,-122.4212570190
3126078.5000000000,-122.4446411133
3133284.5000000000,-122.4691925049
3140510.2500000000,-122.4968109131
3147749.2500000000,-122.5280685425
3155005.2500000000,-122.5633163452
3162277.7500000000,-122.5994415283
3169567.0000000000,-122.6324310303
3176873.0000000000,-122.6600570679
3184196.0000000000,-122.6801528931
3191539.2500000000,-122.6891021729
3198896.0000000000,-122.6917724609
3206269.7500000000,-122.6917953491
3213660.2500000000,-122.6936721802
3221068.0000000000,-122.6943283081
3228492.7500000000,-122.7060699463
3235938.2500000000,-122.7220077515
3243397.2500000000,-122.7479400635
3250873.5000000000,-122.7774047852
3258367.0000000000,-122.8102722168
3265877.7500000000,-122.8446731567
3273406.0000000000,-122.8788299561
3280951.2500000000,-122.9116287231
3288517.7500000000,-122.9414291382
3296098.0000000000,-122.9692916870
3303695.7500000000,-122.9890975952
3311311.0000000000,-123.0043869019
3318944.0000000000,-123.0134506226
3326594.2500000000,-123.0156478882
3334262.2500000000,-123.0163574219
3341951.7500000000,-123.0170974731
3349655.2500000000,-123.0245056152
3357376.2500000000,-123.0366210938
3365115.2500000000,-123.0642700195
3372872.2500000000,-123.0985946655
3380646.7500000000,-123.1401214600
3388443.2500000000,-123.1852264404
3396253.7500000000,-123.2286376953
3404082.5000000000,-123.2682189941
3411929.0000000000,-123.3019409180
3419793.7500000000,-123.3336181641
3427676.7500000000,-123.3638305664
3435577.7500000000,-123.3954467773
3443500.7500000000,-123.4276962280
3451438.2500000000,-123.4597091675
3459394.0000000000,-123.4891967773
3467368.2500000000,-123.5167541504
3475360.7500000000,-123.5409088135
3483371.7500000000,-123.5654525757
3491405.0000000000,-123.5904235840
3499452.7500000000,-123.6191864014
3507519.2500000000,-123.6491470337
3515604.5000000000,-123.6802597046
3523708.2500000000,-123.7076263428
3531830.5000000000,-123.7296447754
3539971.7500000000,-123.7461395264
3548135.5000000000,-123.7461776733
3556314.2500000000,-123.7485275269
3564511.7500000000,-123.7495040894
3572728.2500000000,-123.7495269775
3580963.5000000000,-123.7582626343
3589218.0000000000,-123.7752914429
3597495.2500000000,-123.8041534424
3605787.7500000000,-123.8355026245
3614099.2500000000,-123.8686141968
3622430.0000000000,-123.9005050659
3630780.0000000000,-123.9304428101
3639149.2500000000,-123.9583892822
3647537.7500000000,-123.9823074341
3655949.5000000000,-124.0005722046
3664376.7500000000,-124.0141525269
3672823.5000000000,-124.0210266113
3681289.5000000000,-124.0215454102
3689775.2500000000,-124.0222320557
3698280.5000000000,-124.0223846436
3706805.2500000000,-124.0269165039
3715353.7500000000,-124.0381927490
3723918.0000000000,-124.0554275513
3732501.7500000000,-124.0801849365
3741105.5000000000,-124.1052246094
3749729.0000000000,-124.1287307739
3758372.5000000000,-124.1472854614
3767039.7500000000,-124.1589126587
3775723.2500000000,-124.1676864624
3784426.5000000000,-124.1746215820
3793149.7500000000,-124.1871109009
3801893.2500000000,-124.2079238892
3810657.0000000000,-124.2365112305
3819440.7500000000,-124.2744598389
3828249.0000000000,-124.3156967163
3837073.5000000000,-124.3558044434
3845918.2500000000,-124.3934860229
3854783.2500000000,-124.4262313843
3863668.7500000000,-124.4566726685
3872574.7500000000,-124.4855194092
3881505.7500000000,-124.5131072998
3890452.7500000000,-124.5378189087
3899420.5000000000,-124.5594635010
3908409.0000000000,-124.5779571533
3917418.2500000000,-124.5927200317
3926448.0000000000,-124.6056976318
3935498.7500000000,-124.6196823120
3944574.7500000000,-124.6359863281
3953667.2500000000,-124.6575851440
3962780.7500000000,-124.6863632202
3971915.2500000000,-124.7195205688
3981070.7500000000,-124.7558135986
3990247.5000000000,-124.7928390503
3999449.7500000000,-124.8279724121
4008668.7500000000,-124.8610382080
4017909.0000000000,-124.8911743164
4027170.5000000000,-124.9157409668
4036453.5000000000,-124.9295272827
4045757.7500000000,-124.9356994629
4055083.5000000000,-124.9371490479
4064435.2500000000,-124.9387283325
4073804.0000000000,-124.9504623413
4083194.5000000000,-124.9696426392
4092606.5000000000,-124.9931793213
4102040.2500000000,-125.0174102783
4111495.7500000000,-125.0345077515
4120973.0000000000,-125.0405426025
4130476.7500000000,-125.0420684814
4139997.7500000000,-125.0429611206
4149540.7500000000,-125.0446472168
4159105.7500000000,-125.0518341064
4168692.7500000000,-125.0775909424
4178301.7500000000,-125.1168289185
4187937.7500000000,-125.1668548584
4197591.0000000000,-125.2208480835
4207267.0000000000,-125.2691650391
4216965.0000000000,-125.3087081909
4226685.5000000000,-125.3378219604
4236428.0000000000,-125.3560104370
4246193.5000000000,-125.3636703491
4255986.0000000000,-125.3693695068
4265796.5000000000,-125.3781814575
4275629.5000000000,-125.3921813965
4285485.0000000000,-125.4114227295
4295363.0000000000,-125.4318618774
4305264.5000000000,-125.4496154785
4315193.0000000000,-125.4667205811
4325140.0000000000,-125.4850158691
4335109.5000000000,-125.5053329468
4345102.5000000000,-125.5254898071
4355118.0000000000,-125.5384140015
4365157.0000000000,-125.5442886353
4375219.0000000000,-125.5474243164
4385309.0000000000,-125.5539474487
4395417.5000000000,-125.5705413818
4405549.0000000000,-125.6033248901
4415704.5000000000,-125.6469497681
4425883.0000000000,-125.6935195923
4436085.0000000000,-125.7398605347
4446310.5000000000,-125.7857666016
4456564.0000000000,-125.8336334229
4466837.0000000000,-125.8868942261
4477133.5000000000,-125.9436645508
4487453.5000000000,-125.9980316162
4497797.5000000000,-126.0437011719
4508165.0000000000,-126.0440063477
4518561.5000000000,-126.0450439453
4528977.0000000000,-126.0596618652
4539417.0000000000,-126.0661849976
4549880.5000000000,-126.0756759644
4560368.5000000000,-126.0811233521
4570880.5000000000,-126.0885162354
4581416.5000000000,-126.1004562378
4591982.0000000000,-126.1354370117
4602567.0000000000,-126.1595764160
4613176.0000000000,-126.1719818115
4623810.0000000000,-126.1860427856
4634468.0000000000,-126.2067565918
4645151.0000000000,-126.2294082642
4655863.5000000000,-126.2469787598
4666595.5000000000,-126.2571716309
4677352.0000000000,-126.2665252686
4688134.0000000000,-126.2887191772
4698940.5000000000,-126.3377075195
4709771.5000000000,-126.4102249146
4720628.0000000000,-126.4895935059
4731514.5000000000,-126.5597381592
4742421.0000000000,-126.5910415649
4753353.0000000000,-126.5913696289
4764309.5000000000,-126.5933837891
4775291.5000000000,-126.5970382690
4786299.0000000000,-126.5974426270
4797337.0000000000,-126.6038131714
4808395.5000000000,-126.6093750000
4819479.0000000000,-126.6104431152
4830588.0000000000,-126.6137847900
4841723.0000000000,-126.6268081665
4852883.5000000000,-126.6289215088
4864070.0000000000,-126.6345214844
4875287.0000000000,-126.6379013062
4886525.0000000000,-126.6506118774
4897789.0000000000,-126.6789703369
4909078.5000000000,-126.7115707397
4920394.5000000000,-126.7439575195
4931736.0000000000,-126.7726593018
4943104.0000000000,-126.7982406616
4954504.0000000000,-126.8245162964
4965924.5000000000,-126.8528900146
4977371.0000000000,-126.8816528320
4988844.5000000000,-126.9094619751
5000344.0000000000,-126.9389648438
5011870.0000000000,-126.9748916626
5023428.5000000000,-127.0169448853
5035007.5000000000,-127.0432891846
5046614.0000000000,-127.0515289307
5058246.5000000000,-127.0550003052
5069906.0000000000,-127.0631790161
5081592.5000000000,-127.0695648193
5093306.0000000000,-127.0745162964
5105052.0000000000,-127.1127471924
5116819.5000000000,-127.1769180298
5128614.5000000000,-127.2295684814
5140436.0000000000,-127.2347640991
5152285.0000000000,-127.2348098755
5164161.5000000000,-127.2485504150
5176071.0000000000,-127.2552719116
5188002.0000000000,-127.2715682983
5199961.0000000000,-127.2756576538
5211947.0000000000,-127.2837753296
5223961.0000000000,-127.2890014648
5236002.5000000000,-127.3400878906
5248072.0000000000,-127.3912506104
5260175.0000000000,-127.4356613159
5272300.0000000000,-127.4676208496
5284453.0000000000,-127.4828109741
5296634.0000000000,-127.4842987061
5308843.5000000000,-127.4854202271
5321080.5000000000,-127.5020141602
5333352.0000000000,-127.5363922119
5345645.5000000000,-127.5779342651
5357967.5000000000,-127.6129226685
5370318.0000000000,-127.6348876953
5382697.0000000000,-127.6503982544
5395104.5000000000,-127.6760940552
5407541.0000000000,-127.7244415283
5420011.5000000000,-127.7888183594
5432505.0000000000,-127.8224639893
5445027.5000000000,-127.8270111084
5457578.5000000000,-127.8379898071
5470158.5000000000,-127.8448944092
5482767.5000000000,-127.8494110107
5495406.0000000000,-127.8614501953
5508079.0000000000,-127.8698806763
5520775.5000000000,-127.8798599243
5533501.5000000000,-127.9100112915
5546256.5000000000,-127.9366607666
5559041.0000000000,-127.9578475952
5571855.0000000000,-127.9580917358
5584704.5000000000,-127.9649963379
5597578.0000000000,-127.9701080322
5610480.5000000000,-127.9741439819
5623413.5000000000,-128.0129241943
5636375.5000000000,-128.0669708252
5649368.0000000000,-128.1253509521
5662390.0000000000,-128.1804351807
5675448.5000000000,-128.2282714844
5688531.0000000000,-128.2650146484
5701643.5000000000,-128.2865447998
5714786.0000000000,-128.2883911133
5727959.0000000000,-128.2897644043
5741162.5000000000,-128.2926788330
5754402.5000000000,-128.2993011475
5767666.5000000000,-128.3554687500
5780961.5000000000,-128.4452362061
5794287.0000000000,-128.5058746338
5807643.5000000000,-128.5451049805
5821030.5000000000,-128.5524749756
5834448.5000000000,-128.5538787842
5847903.5000000000,-128.5564422607
5861383.5000000000,-128.5691070557
5874894.0000000000,-128.5731964111
5888436.5000000000,-128.5784454346
5902009.5000000000,-128.5875854492
5915614.0000000000,-128.5937347412
5929250.0000000000,-128.5947113037
5942924.0000000000,-128.6287689209
5956622.5000000000,-128.6544036865
5970353.0000000000,-128.6562500000
5984115.5000000000,-128.6577148438
5997909.0000000000,-128.6639099121
6011734.5000000000,-128.6668548584
6025599.0000000000,-128.6699218750
6039488.0000000000,-128.6728668213
6053409.5000000000,-128.6740570068
6067363.0000000000,-128.6915435791
6081349.0000000000,-128.7194976807
6095367.0000000000,-128.7432403564
6109417.0000000000,-128.7672729492
6123506.5000000000,-128.8072662354
6137621.5000000000,-128.8528289795
6151769.0000000000,-128.8986968994
6165949.5000000000,-128.9291534424
6180162.5000000000,-128.9412078857
6194408.0000000000,-128.9557952881
6208693.5000000000,-128.9573974609
6223005.0000000000,-128.9691009521
6237349.5000000000,-128.9965972900
6251727.0000000000,-129.0030517578
6266137.5000000000,-129.0157165527
6280581.5000000000,-129.0359344482
6295058.5000000000,-129.0622100830
6309576.0000000000,-129.0670776367
6324120.0000000000,-129.0777130127
6338698.0000000000,-129.0818634033
6353309.0000000000,-129.1814422607
6367954.0000000000,-129.2619628906
6382632.5000000000,-129.2986907959
6397352.0000000000,-129.3237152100
6412098.0000000000,-129.3391418457
6426878.5000000000,-129.3533630371
6441693.0000000000,-129.3758087158
6456541.5000000000,-129.4029693604
6471424.0000000000,-129.4334259033
6486341.5000000000,-129.4586944580
6501300.0000000000,-129.4857635498
6516286.0000000000,-129.4905242920
6531306.5000000000,-129.5009918213
6546361.5000000000,-129.5153198242
6561451.5000000000,-129.5234832764
6576576.0000000000,-129.5360870361
6591735.5000000000,-129.5445861816
6606937.0000000000,-129.5466613770
6622166.5000000000,-129.5493011475
6637431.0000000000,-129.6046447754
6652731.0000000000,-129.6093902588
6668066.0000000000,-129.6286926270
6683436.0000000000,-129.6597900391
6698849.5000000000,-129.6705017090
6714290.5000000000,-129.7073822021
6729767.5000000000,-129.7223663330
6745280.0000000000,-129.7331695557
6760828.5000000000,-129.8126525879
6776413.0000000000,-129.8824920654
6792033.0000000000,-129.9576263428
6807696.5000000000,-129.9667358398
6823388.5000000000,-129.9700317383
6839117.0000000000,-129.9853820801
6854881.5000000000,-129.9909973145
6870682.5000000000,-129.9965667725
6886520.0000000000,-130.0069732666
6902401.5000000000,-130.0071411133
6918312.0000000000,-130.0286712646
6934259.5000000000,-130.0308074951
6950243.5000000000,-130.0407562256
6966264.0000000000,-130.0439453125
6982322.0000000000,-130.0810394287
6998416.5000000000,-130.1072082520
7014556.0000000000,-130.1084594727
7030725.0000000000,-130.1104888916
7046931.5000000000,-130.1536560059
7063175.0000000000,-130.2238922119
7079456.5000000000,-130.2334136963
7095775.0000000000,-130.2401733398
7112139.0000000000,-130.2496490479
7128533.0000000000,-130.2704772949
7144965.0000000000,-130.2778472900
7161434.5000000000,-130.2917480469
7177942.0000000000,-130.2942352295
7194487.5000000000,-130.3028411865
7211071.5000000000,-130.3104248047
7227701.5000000000,-130.3124084473
7244362.0000000000,-130.3222503662
7261060.5000000000,-130.3324127197
7277798.0000000000,-130.3330688477
7294573.5000000000,-130.3742370605
7311388.0000000000,-130.4322509766
7328241.5000000000,-130.5124359131
7345141.5000000000,-130.6000823975
7362072.5000000000,-130.6487274170
7379043.0000000000,-130.6526947021
7396052.0000000000,-130.6579895020
7413100.5000000000,-130.6646118164
7430188.0000000000,-130.6722869873
7447323.5000000000,-130.6756286621
7464490.0000000000,-130.7042999268
7481696.5000000000,-130.7798004150
7498942.0000000000,-130.8759613037
7516227.5000000000,-130.8988189697
7533553.0000000000,-130.9015197754
7550918.5000000000,-130.9276733398
7568332.0000000000,-130.9446563721
7585777.5000000000,-130.9498138428
7603263.5000000000,-130.9578247070
7620789.5000000000,-130.9749450684
7638356.0000000000,-130.9849243164
7655963.0000000000,-130.9885864258
7673619.0000000000,-131.0089111328
7691307.0000000000,-131.0128173828
7709036.0000000000,-131.0389099121
7726806.0000000000,-131.0847473145
7744617.0000000000,-131.0894775391
7762469.0000000000,-131.0911712646
7780362.0000000000,-131.1315917969
7798304.5000000000,-131.1456756592
7816280.5000000000,-131.1902770996
7834297.5000000000,-131.2111206055
7852356.0000000000,-131.2165069580
7870456.0000000000,-131.2204742432
7888598.0000000000,-131.2207183838
7906782.0000000000,-131.2341613770
7925016.5000000000,-131.2429656982
7943284.0000000000,-131.2457580566
7961594.0000000000,-131.2795867920
7979946.0000000000,-131.2952270508
7998340.5000000000,-131.3133697510
8016777.0000000000,-131.3438873291
8035265.0000000000,-131.3657836914
8053787.0000000000,-131.3751068115
8072351.5000000000,-131.4517364502
8090959.0000000000,-131.5206909180
8109609.0000000000,-131.5237426758
8128302.5000000000,-131.5271148682
8147038.5000000000,-131.5583953857
8165827.0000000000,-131.5595703125
8184650.0000000000,-131.5823669434
8203516.0000000000,-131.5844573975
8222426.0000000000,-131.5856628418
8241379.0000000000,-131.5926208496
8260376.0000000000,-131.6045074463
8279426.0000000000,-131.6139526367
8298510.5000000000,-131.6164855957
8317639.0000000000,-131.6630096436
8336812.0000000000,-131.6678924561
8356029.0000000000,-131.6859741211
8375290.0000000000,-131.7056121826
8394596.0000000000,-131.7091064453
8413955.0000000000,-131.7156982422
8433350.0000000000,-131.7218475342
8452789.0000000000,-131.7471313477
8472274.0000000000,-131.7507324219
8491803.0000000000,-131.7911834717
8511377.0000000000,-131.8103942871
8531006.0000000000,-131.8267211914
8550670.0000000000,-131.8372955322
8570380.0000000000,-131.8514862061
8590136.0000000000,-131.8882293701
8609936.0000000000,-131.9568023682
8629783.0000000000,-132.0102386475
8649675.0000000000,-132.0682678223
8669623.0000000000,-132.1314849854
8689607.0000000000,-132.1512451172
8709637.0000000000,-132.1760406494
8729713.0000000000,-132.2247772217
8749836.0000000000,-132.2801513672
8770005.0000000000,-132.3046875000
8790220.0000000000,-132.3085784912
8810492.0000000000,-132.3307647705
8830801.0000000000,-132.3323211670
8851157.0000000000,-132.3463287354
8871559.0000000000,-132.3482360840
8892009.0000000000,-132.3715515137
8912505.0000000000,-132.3767242432
8933059.0000000000,-132.3860778809
8953651.0000000000,-132.4228057861
8974289.0000000000,-132.4447326660
8994976.0000000000,-132.4847412109
9015710.0000000000,-132.4931945801
9036492.0000000000,-132.5108032227
9057321.0000000000,-132.5158996582
9078209.0000000000,-132.5400543213
9099135.0000000000,-132.5839538574
9120109.0000000000,-132.6172485352
9141132.0000000000,-132.6284179688
9162203.0000000000,-132.6453094482
9183322.0000000000,-132.6530914307
9204500.0000000000,-132.6679382324
9225718.0000000000,-132.6769866943
9246983.0000000000,-132.6812591553
9268298.0000000000,-132.6953582764
9289662.0000000000,-132.6965942383
9311076.0000000000,-132.7034759521
9332538.0000000000,-132.7074127197
9354061.0000000000,-132.7182159424
9375623.0000000000,-132.7204742432
9397234.0000000000,-132.7526550293
9418895.0000000000,-132.7598876953
9440607.0000000000,-132.7913818359
9462368.0000000000,-132.8132934570
9484190.0000000000,-132.8578948975
9506052.0000000000,-132.8849334717
9527964.0000000000,-132.9022979736
9549926.0000000000,-132.9091796875
9571940.0000000000,-132.9117431641
9594004.0000000000,-132.9518127441
9616118.0000000000,-132.9871520996
9638295.0000000000,-133.0153503418
9660512.0000000000,-133.0196685791
9682780.0000000000,-133.0227508545
9705099.0000000000,-133.0320587158
9727470.0000000000,-133.0495758057
9749893.0000000000,-133.0707092285
9772367.0000000000,-133.1040496826
9794904.0000000000,-133.1400909424
9817482.0000000000,-133.1731872559
9840112.0000000000,-133.2072601318
9862794.0000000000,-133.2399139404
9885528.0000000000,-133.2723693848
9908315.0000000000,-133.3067321777
9931165.0000000000,-133.3237152100
9954057.0000000000,-133.3335418701
9977002.0000000000,-133.3550567627
10000000.0000000000,-133.3804016113
10023051.0000000000,-133.3912353516
10046155.0000000000,-133.3931427002
10069312.0000000000,-133.4011993408
10092533.0000000000,-133.4015655518
10115797.0000000000,-133.4115600586
10139115.0000000000,-133.4212036133
10162486.0000000000,-133.4221191406
10185911.0000000000,-133.4360809326
10209391.0000000000,-133.4361419678
10232935.0000000000,-133.4458312988
10256523.0000000000,-133.4474182129
10280165.0000000000,-133.4594879150
10303861.0000000000,-133.5200042725
10327613.0000000000,-133.6106872559
10351418.0000000000,-133.7033233643
10375279.0000000000,-133.8021240234
10399206.0000000000,-133.8942108154
10423177.0000000000,-133.9583129883
10447203.0000000000,-133.9912719727
10471285.0000000000,-133.9926452637
10495422.0000000000,-133.9943847656
10519615.0000000000,-133.9990081787
10543863.0000000000,-134.0018157959
10568179.0000000000,-134.0022583008
10592540.0000000000,-134.0028381348
10616956.0000000000,-134.0029754639
10641429.0000000000,-134.0110931396
10665958.0000000000,-134.0138397217
10690544.0000000000,-134.0145568848
10715198.0000000000,-134.0236511230
10739898.0000000000,-134.0271301270
10764654.0000000000,-134.0294647217
10789467.0000000000,-134.0405883789
10814338.0000000000,-134.0567321777
10839265.0000000000,-134.0915527344
10864251.0000000000,-134.1329498291
10889305.0000000000,-134.1676483154
10914406.0000000000,-134.1695251465
10939565.0000000000,-134.1702575684
10964781.0000000000,-134.1779479980
10990056.0000000000,-134.1830596924
11015388.0000000000,-134.1856994629
11040792.0000000000,-134.1898803711
11066242.0000000000,-134.2223205566
11091750.0000000000,-134.2682800293
11117317.0000000000,-134.3223876953
11142944.0000000000,-134.3651580811
11168629.0000000000,-134.3779144287
11194373.0000000000,-134.3839111328
11220189.0000000000,-134.3949279785
11246053.0000000000,-134.4010772705
11271976.0000000000,-134.4114837646
11297958.0000000000,-134.4196777344
11324001.0000000000,-134.4316406250
11350104.0000000000,-134.4400177002
11376279.0000000000,-134.4406890869
11402502.0000000000,-134.4413146973
11428786.0000000000,-134.4505310059
11455130.0000000000,-134.4641571045
11481535.0000000000,-134.4690399170
11508000.0000000000,-134.4757843018
11534527.0000000000,-134.4770355225
11561128.0000000000,-134.5027313232
11587777.0000000000,-134.5668334961
11614488.0000000000,-134.6314697266
11641260.0000000000,-134.6698150635
11668094.0000000000,-134.7043609619
11694990.0000000000,-134.7215576172
11721947.0000000000,-134.7372741699
11748980.0000000000,-134.7472991943
11776062.0000000000,-134.7500915527
11803207.0000000000,-134.7611389160
11830414.0000000000,-134.7618865967
11857684.0000000000,-134.7649993896
11885017.0000000000,-134.7817840576
11912426.0000000000,-134.7850799561
11939885.0000000000,-134.7896423340
11967407.0000000000,-134.8071136475
11994993.0000000000,-134.8140106201
12022642.0000000000,-134.8323669434
12050355.0000000000,-134.8356170654
12078132.0000000000,-134.8473815918
12105986.0000000000,-134.8497924805
12133892.0000000000,-134.8518524170
12161861.0000000000,-134.8576965332
12189895.0000000000,-134.8654937744
12217994.0000000000,-134.8784484863
12246157.0000000000,-134.8862304688
12274399.0000000000,-134.9109039307
12302692.0000000000,-134.9124755859
12331051.0000000000,-134.9218139648
12359475.0000000000,-134.9607849121
12387964.0000000000,-134.9627838135
12416519.0000000000,-134.9672698975
12445140.0000000000,-134.9888916016
12473841.0000000000,-134.9904327393
12502594.0000000000,-135.0303649902
12531413.0000000000,-135.1130371094
12560299.0000000000,-135.2050018311
12589251.0000000000,-135.3031921387
12618270.0000000000,-135.4040374756
12647370.0000000000,-135.5043945313
12676523.0000000000,-135.6021118164
12705744.0000000000,-135.6395874023
12735031.0000000000,-135.6443786621
12764387.0000000000,-135.6807098389
12793809.0000000000,-135.6939086914
12823300.0000000000,-135.6949157715
12852873.0000000000,-135.7475280762
12882499.0000000000,-135.7632598877
12912195.0000000000,-135.7810058594
12941958.0000000000,-135.8309478760
12971790.0000000000,-135.8309478760
13001691.0000000000,-135.8309478760
13031661.0000000000,-135.8309478760
13061714.0000000000,-135.8309478760
13091822.0000000000,-135.8309478760
13122000.0000000000,-135.8309478760
13152247.0000000000,-135.8309478760
13182564.0000000000,-135.8318328857
13212951.0000000000,-135.8348846436
13243422.0000000000,-135.8353118896
13273949.0000000000,-135.8383789063
13304546.0000000000,-135.8398132324
13335214.0000000000,-135.8400878906
13365953.0000000000,-135.8510894775
13396762.0000000000,-135.8518371582
13427643.0000000000,-135.8518371582
13458609.0000000000,-135.8518371582
13489632.0000000000,-135.8742523193
13520727.0000000000,-135.9022674561
13551893.0000000000,-135.9054718018
13583131.0000000000,-135.9197998047
13614441.0000000000,-135.9407196045
13645839.0000000000,-135.9596099854
13677293.0000000000,-135.9818878174
13708820.0000000000,-135.9864807129
13740420.0000000000,-136.0142974854
13772093.0000000000,-136.0236663818
13803838.0000000000,-136.0236663818
13835657.0000000000,-136.0236663818
13867565.0000000000,-136.0236663818
13899530.0000000000,-136.0236663818
13931570.0000000000,-136.0764007568
13963683.0000000000,-136.1410369873
13995870.0000000000,-136.1990203857
14028132.0000000000,-136.2241821289
14060468.0000000000,-136.2280883789
14092893.0000000000,-136.2311706543
14125379.0000000000,-136.2343597412
14157939.0000000000,-136.2442016602
14190574.0000000000,-136.2954254150
14223284.0000000000,-136.3870391846
14256070.0000000000,-136.4994506836
14288946.0000000000,-136.5451965332
14321884.0000000000,-136.5579071045
14354896.0000000000,-136.5623168945
14387986.0000000000,-136.5943908691
14421151.0000000000,-136.5986175537
14454393.0000000000,-136.6241302490
14487711.0000000000,-136.6466522217
14521122.0000000000,-136.6562500000
14554594.0000000000,-136.7170867920
14588144.0000000000,-136.7256011963
14621770.0000000000,-136.7259826660
14655475.0000000000,-136.7772064209
14689257.0000000000,-136.7840270996
14723133.0000000000,-136.8024902344
14757070.0000000000,-136.8030700684
14791086.0000000000,-136.8030700684
14825181.0000000000,-136.8130950928
14859354.0000000000,-136.8287811279
14893606.0000000000,-136.8445129395
14927937.0000000000,-136.8516998291
14962363.0000000000,-136.8570861816
14996852.0000000000,-136.8681640625
15031421.0000000000,-136.8807678223
15066070.0000000000,-136.8844604492
15100798.0000000000,-136.8852691650
15135607.0000000000,-136.8897857666
15170512.0000000000,-136.8983764648
15205481.0000000000,-136.9434356689
15240531.0000000000,-136.9864654541
15275661.0000000000,-137.0010070801
15310873.0000000000,-137.0183715820
15346165.0000000000,-137.0639038086
15381539.0000000000,-137.1039276123
15417012.0000000000,-137.1128387451
15452549.0000000000,-137.1181793213
15488168.0000000000,-137.1270294189
15523870.0000000000,-137.1455535889
15559653.0000000000,-137.1633453369
15595519.0000000000,-137.1668701172
15631468.0000000000,-137.2069549561
15667517.0000000000,-137.2155914307
15703632.0000000000,-137.2376098633
15739830.0000000000,-137.2604064941
15776111.0000000000,-137.2628021240
15812476.0000000000,-137.3327789307
15848925.0000000000,-137.3360748291
15885475.0000000000,-137.3743133545
15922092.0000000000,-137.3888397217
15958794.0000000000,-137.3917846680
15995580.0000000000,-137.4086303711
16032451.0000000000,-137.4822998047
16069407.0000000000,-137.5693359375
16106448.0000000000,-137.6203613281
16143592.0000000000,-137.6679840088
16180804.0000000000,-137.7349090576
16218102.0000000000,-137.7970886230
16255486.0000000000,-137.8087310791
16292956.0000000000,-137.8147430420
16330513.0000000000,-137.8468780518
16368174.0000000000,-137.8746795654
16405903.0000000000,-137.8749542236
16443720.0000000000,-137.9012145996
16481624.0000000000,-137.9179840088
16519616.0000000000,-137.9368286133
16557694.0000000000,-137.9387207031
16595861.0000000000,-137.9397583008
16634134.0000000000,-137.9613037109
16672477.0000000000,-137.9748382568
16710908.0000000000,-137.9772186279
16749428.0000000000,-137.9784698486
16788036.0000000000,-137.9786376953
16826734.0000000000,-137.9842834473
16865540.0000000000,-137.9929504395
16904416.0000000000,-138.0530090332
16943382.0000000000,-138.0640411377
16982438.0000000000,-138.0760955811
17021582.0000000000,-138.1314849854
17060818.0000000000,-138.1865234375
17100146.0000000000,-138.2069702148
17139582.0000000000,-138.2870788574
17179090.0000000000,-138.3388977051
17218688.0000000000,-138.3527526855
17258378.0000000000,-138.3527526855
17298160.0000000000,-138.3527526855
17338034.0000000000,-138.3833465576
17378000.0000000000,-138.4314270020
17418076.0000000000,-138.4360961914
17458226.0000000000,-138.4510498047
17498468.0000000000,-138.4560852051
17538804.0000000000,-138.4615173340
17579232.0000000000,-138.4775695801
17619752.0000000000,-138.4887390137
17660388.0000000000,-138.4914398193
17701096.0000000000,-138.5039825439
17741898.0000000000,-138.5062408447
17782794.0000000000,-138.5204010010
17823784.0000000000,-138.5347137451
17864870.0000000000,-138.5767822266
17906050.0000000000,-138.6324310303
17947344.0000000000,-138.7377929688
17988714.0000000000,-138.7457122803
18030180.0000000000,-138.7474517822
18071740.0000000000,-138.7474517822
18113396.0000000000,-138.7474517822
18155150.0000000000,-138.7474517822
18197018.0000000000,-138.7474517822
18238964.0000000000,-138.7474517822
18281006.0000000000,-138.7736358643
18323144.0000000000,-138.8482360840
18365380.0000000000,-138.8490295410
18407714.0000000000,-138.8716735840
18450146.0000000000,-138.8716735840
18492694.0000000000,-138.8716735840
18535322.0000000000,-138.8716735840
18578046.0000000000,-138.8716735840
18620870.0000000000,-138.8717041016
18663792.0000000000,-138.8717041016
18706814.0000000000,-138.8717041016
18749934.0000000000,-138.8717041016
18793176.0000000000,-138.8717041016
18836496.0000000000,-138.8751220703
18879914.0000000000,-138.8765716553
18923434.0000000000,-138.8907775879
18967054.0000000000,-138.9501342773
19010774.0000000000,-138.9615173340
19054616.0000000000,-138.9668273926
19098538.0000000000,-138.9668273926
19142562.0000000000,-138.9615173340
19186688.0000000000,-138.9615173340
19230914.0000000000,-138.9615173340
19275242.0000000000,-138.9615173340
19319674.0000000000,-138.9615173340
19364228.0000000000,-138.9615173340
19408864.0000000000,-138.9501342773
19453602.0000000000,-138.9501342773
19498444.0000000000,-138.9501342773
19543390.0000000000,-138.9501342773
19588438.0000000000,-138.9668273926
19633612.0000000000,-138.9668273926
19678870.0000000000,-138.9668273926
19724230.0000000000,-138.9668273926
19769696.0000000000,-138.9668273926
19815268.0000000000,-138.9753875732
19860942.0000000000,-139.0057220459
19906724.0000000000,-139.0075531006
19952632.0000000000,-139.0126953125
19998624.0000000000,-139.0299682617
20044722.0000000000,-139.0306549072
20090926.0000000000,-139.0415344238
20137238.0000000000,-139.0547027588
20183656.0000000000,-139.1159667969
20230202.0000000000,-139.1560821533
20276834.0000000000,-139.2147216797
20323574.0000000000,-139.3663482666
20370422.0000000000,-139.3716735840
20417376.0000000000,-139.3728332520
20464440.0000000000,-139.3875274658
20511612.0000000000,-139.4033050537
20558916.0000000000,-139.4393463135
20606306.0000000000,-139.4553680420
20653804.0000000000,-139.4726257324
20701412.0000000000,-139.4957733154
20749130.0000000000,-139.5336456299
20796960.0000000000,-139.5355224609
20844898.0000000000,-139.5621337891
20892970.0000000000,-139.5693206787
20941130.0000000000,-139.6459045410
20989400.0000000000,-139.6544494629
21037782.0000000000,-139.6547698975
21086276.0000000000,-139.7088012695
21134882.0000000000,-139.7160339355
21183622.0000000000,-139.7474365234
21232452.0000000000,-139.7662353516
21281394.0000000000,-139.7662353516
21330448.0000000000,-139.7662353516
21379618.0000000000,-139.7662353516
21428898.0000000000,-139.7662353516
21478294.0000000000,-139.7836608887
21527826.0000000000,-139.7961730957
21577450.0000000000,-139.7982177734
21627188.0000000000,-139.8093109131
21677040.0000000000,-139.8277435303
21727006.0000000000,-139.8330993652
21777088.0000000000,-139.8516693115
21827310.0000000000,-139.8538055420
21877624.0000000000,-139.8613739014
21928054.0000000000,-139.8613739014
21978600.0000000000,-139.8613739014
22029262.0000000000,-139.8613739014
22080040.0000000000,-139.8613739014
22130936.0000000000,-139.8685302734
22181974.0000000000,-139.8692169189
22233106.0000000000,-139.9033355713
22284354.0000000000,-139.9250488281
22335722.0000000000,-139.9283294678
22387206.0000000000,-139.9301757813
22438810.0000000000,-139.9301757813
22490558.0000000000,-139.9301757813
22542400.0000000000,-139.9307250977
22594362.0000000000,-139.9575195313
22646444.0000000000,-139.9627838135
22698646.0000000000,-139.9808044434
22750968.0000000000,-140.0261993408
22803410.0000000000,-140.0261993408
22855998.0000000000,-140.0261993408
22908684.0000000000,-140.0261993408
22961490.0000000000,-140.0261993408
23014418.0000000000,-140.0261993408
23067468.0000000000,-140.0261993408
23120640.0000000000,-140.0224304199
23173934.0000000000,-139.9808044434
23227378.0000000000,-139.9627838135
23280918.0000000000,-139.9575195313
23334582.0000000000,-139.9575195313
23388370.0000000000,-139.9627838135
23442282.0000000000,-139.9808044434
23496318.0000000000,-140.0224304199
23550504.0000000000,-140.0261993408
23604790.0000000000,-140.0285491943
23659200.0000000000,-140.0285491943
23713738.0000000000,-140.0285491943
23768398.0000000000,-140.0285491943
23823186.0000000000,-140.0340270996
23878100.0000000000,-140.0746002197
23933168.0000000000,-140.1614990234
23988336.0000000000,-140.2048187256
24043630.0000000000,-140.2048187256
24099052.0000000000,-140.2246093750
24154602.0000000000,-140.2362976074
24210280.0000000000,-140.3572540283
24266114.0000000000,-140.3572540283
24322048.0000000000,-140.3572540283
24378112.0000000000,-140.2737731934
24434306.0000000000,-140.2362976074
24490628.0000000000,-140.2362976074
24547082.0000000000,-140.2362976074
24603664.0000000000,-140.2362976074
24660404.0000000000,-140.2737731934
24717248.0000000000,-140.3777313232
24774224.0000000000,-140.3777313232
24831330.0000000000,-140.3777313232
24888568.0000000000,-140.3777313232
24945938.0000000000,-140.3870544434
25003440.0000000000,-140.3973846436
25061102.0000000000,-140.4158935547
25118870.0000000000,-140.4269104004
25176770.0000000000,-140.4801788330
25234804.0000000000,-140.5060729980
25292972.0000000000,-140.5823211670
25351274.0000000000,-140.7163543701
25409740.0000000000,-140.7652130127
25468310.0000000000,-140.8404846191
25527016.0000000000,-140.9071502686
25585858.0000000000,-140.9232177734
25644836.0000000000,-140.9601745605
25703948.0000000000,-140.9765167236
25763198.0000000000,-141.0110015869
25822612.0000000000,-141.0171661377
25882136.0000000000,-141.0685119629
25941796.0000000000,-141.0685119629
26001594.0000000000,-141.0605468750
26061528.0000000000,-141.0171661377
26121602.0000000000,-141.0110015869
26181844.0000000000,-140.9765167236
26242194.0000000000,-140.9765167236
26302684.0000000000,-140.9765167236
26363314.0000000000,-140.9765167236
26424084.0000000000,-141.0110015869
26484992.0000000000,-141.0605468750
26546042.0000000000,-141.0685119629
26607262.0000000000,-141.2203979492
26668594.0000000000,-141.2654266357
26730066.0000000000,-141.2859954834
26791682.0000000000,-141.2996673584
26853438.0000000000,-141.3167572021
26915338.0000000000,-141.3325500488
26977408.0000000000,-141.3662719727
27039594.0000000000,-141.4055786133
27101922.0000000000,-141.4180145264
27164394.0000000000,-141.4456939697
27227010.0000000000,-141.4502258301
27289770.0000000000,-141.4502258301
27352674.0000000000,-141.4502258301
27415754.0000000000,-141.4502258301
27478950.0000000000,-141.4553375244
27542290.0000000000,-141.4553375244
27605778.0000000000,-141.4553375244
27669410.0000000000,-141.4553375244
27733190.0000000000,-141.4553375244
27797118.0000000000,-141.4553375244
27861222.0000000000,-141.4553375244
27925444.0000000000,-141.4640502930
27989814.0000000000,-141.4994659424
28054334.0000000000,-141.5226593018
28119000.0000000000,-141.5309448242
28183816.0000000000,-141.5477600098
28248814.0000000000,-141.5539855957
28313930.0000000000,-141.6105957031
28379194.0000000000,-141.7097625732
28444610.0000000000,-141.7097625732
28510178.0000000000,-141.7097625732
28575896.0000000000,-141.7097625732
28641766.0000000000,-141.7097625732
28707818.0000000000,-141.7097625732
28773992.0000000000,-141.7097625732
28840318.0000000000,-141.7097625732
28906796.0000000000,-141.7097625732
28973428.0000000000,-141.7097625732
29040214.0000000000,-141.7097625732
29107186.0000000000,-141.7097625732
29174280.0000000000,-141.7097625732
29241530.0000000000,-141.7097625732
29308932.0000000000,-141.7097625732
29376492.0000000000,-141.7097625732
29444208.0000000000,-141.6716613770
29512078.0000000000,-141.6105957031
29580138.0000000000,-141.5980224609
29648322.0000000000,-141.5980224609
29716664.0000000000,-141.5980224609
29785162.0000000000,-141.5980224609
29853820.0000000000,-141.5980224609
29922634.0000000000,-141.5980224609
29991642.0000000000,-141.6364593506
30060774.0000000000,-141.6716613770
30130066.0000000000,-141.7372283936
30199518.0000000000,-141.7662200928
30269130.0000000000,-141.7662200928
30338904.0000000000,-141.7662200928
30408836.0000000000,-141.7662200928
30478964.0000000000,-141.7662200928
30549220.0000000000,-141.7662200928
30619638.0000000000,-141.7662200928
30690220.0000000000,-141.7662200928
30760962.0000000000,-141.8447570801
30831868.0000000000,-141.8695373535
30902938.0000000000,-141.8447570801
30974206.0000000000,-141.8082122803
31045604.0000000000,-141.8082122803
31117166.0000000000,-141.8082122803
31188892.0000000000,-141.8082122803
31260786.0000000000,-141.8447570801
31332844.0000000000,-141.8695373535
31405102.0000000000,-141.8744201660
31477494.0000000000,-141.8757476807
31550052.0000000000,-141.8846282959
31622776.0000000000,-141.9267883301
31695670.0000000000,-141.9386596680
31768730.0000000000,-141.9931335449
31841960.0000000000,-141.9977569580
31915392.0000000000,-142.0195159912
31988960.0000000000,-142.0208892822
32062696.0000000000,-142.0460662842
32136604.0000000000,-142.0662536621
32210680.0000000000,-142.0833740234
32284928.0000000000,-142.1115264893
32359382.0000000000,-142.1578063965
32433974.0000000000,-142.1829223633
32508736.0000000000,-142.1866302490
32583670.0000000000,-142.2727813721
32658778.0000000000,-142.2727813721
32734060.0000000000,-142.2727813721
32809514.0000000000,-142.2727813721
32885178.0000000000,-142.2727813721
32960980.0000000000,-142.2727813721
33036958.0000000000,-142.2727813721
33113110.0000000000,-142.2727813721
33189438.0000000000,-142.2743530273
33265942.0000000000,-142.2798767090
33342624.0000000000,-142.3034820557
33419516.0000000000,-142.3105468750
33496552.0000000000,-142.3336639404
33573764.0000000000,-142.3336639404
33651152.0000000000,-142.3487396240
33728720.0000000000,-142.3669281006
33806468.0000000000,-142.3877716064
33884432.0000000000,-142.3897399902
33962536.0000000000,-142.3920898438
34040824.0000000000,-142.4088134766
34119292.0000000000,-142.4543304443
34197936.0000000000,-142.4543304443
34276768.0000000000,-142.4543304443
34355776.0000000000,-142.4543304443
34435008.0000000000,-142.4543304443
34514384.0000000000,-142.4543304443
34593940.0000000000,-142.4696655273
34673680.0000000000,-142.5171966553
34753608.0000000000,-142.5425567627
34833716.0000000000,-142.5853881836
34914048.0000000000,-142.6305999756
34994528.0000000000,-142.6305999756
35075192.0000000000,-142.6305999756
35156044.0000000000,-142.6305999756
35237080.0000000000,-142.6305999756
35318304.0000000000,-142.6305999756
35399716.0000000000,-142.6305999756
35481356.0000000000,-142.5675659180
35563140.0000000000,-142.5425567627
35645116.0000000000,-142.5171966553
35727280.0000000000,-142.4696655273
35809636.0000000000,-142.4696655273
35892180.0000000000,-142.4696655273
35974952.0000000000,-142.4696655273
36057876.0000000000,-142.4696655273
36140992.0000000000,-142.5171966553
36224300.0000000000,-142.5425567627
36307800.0000000000,-142.5675659180
36391492.0000000000,-142.6305999756
36475376.0000000000,-142.6739807129
36559496.0000000000,-142.6739807129
36643768.0000000000,-142.6987762451
36728236.0000000000,-142.7164459229
36812896.0000000000,-142.7164459229
36897752.0000000000,-142.7164459229
36982804.0000000000,-142.7164459229
37068052.0000000000,-142.7164459229
37153536.0000000000,-142.7092742920
37239180.0000000000,-142.7092742920
37325020.0000000000,-142.7092742920
37411056.0000000000,-142.7092742920
37497292.0000000000,-142.7164459229
37583724.0000000000,-142.7204132080
37670400.0000000000,-142.7842254639
37757232.0000000000,-142.8198394775
37844264.0000000000,-142.8258056641
37931500.0000000000,-142.8529357910
38018932.0000000000,-142.8892669678
38106568.0000000000,-142.9024353027
38194408.0000000000,-142.9400482178
38282492.0000000000,-142.9941253662
38370736.0000000000,-142.9951324463
38459180.0000000000,-143.0407562256
38547832.0000000000,-143.0407562256
38636688.0000000000,-143.0407562256
38725748.0000000000,-143.0407562256
38815056.0000000000,-143.0487213135
38904528.0000000000,-143.0676269531
38994204.0000000000,-143.1628417969
39084092.0000000000,-143.2482910156
39174180.0000000000,-143.2548217773
39264480.0000000000,-143.3052825928
39354988.0000000000,-143.3506774902
39445748.0000000000,-143.3595733643
39536672.0000000000,-143.5042266846
39627808.0000000000,-143.5042266846
39719152.0000000000,-143.5042266846
39810708.0000000000,-143.5042266846
39902476.0000000000,-143.5042266846
39994496.0000000000,-143.5042266846
40086688.0000000000,-143.5042266846
40179088.0000000000,-143.5042266846
40271704.0000000000,-143.5042266846
40364536.0000000000,-143.5042266846
40457576.0000000000,-143.5042266846
40550836.0000000000,-143.5042266846
40644352.0000000000,-143.5042266846
40738040.0000000000,-143.5042266846
40831944.0000000000,-143.5042266846
40926064.0000000000,-143.5042266846
41020404.0000000000,-143.5042266846
41114956.0000000000,-143.5042266846
41209732.0000000000,-143.5042266846
41304768.0000000000,-143.5042266846
41399976.0000000000,-143.7274322510
41495408.0000000000,-143.7322540283
41591056.0000000000,-143.7761230469
41686928.0000000000,-143.7761230469
41783020.0000000000,-143.7761230469
41879376.0000000000,-143.7761230469
41975912.0000000000,-143.7761230469
42072668.0000000000,-143.7274322510
42169652.0000000000,-143.4948883057
42266856.0000000000,-143.4923858643
42364284.0000000000,-143.2534332275
42461936.0000000000,-143.2376403809
42559860.0000000000,-143.2162628174
42657964.0000000000,-143.2107086182
42756292.0000000000,-143.1413574219
42854848.0000000000,-143.1271667480
42953632.0000000000,-143.0537261963
43052644.0000000000,-143.0499877930
43151932.0000000000,-142.9979705811
43251400.0000000000,-142.9487304688
43351096.0000000000,-142.9105072021
43451024.0000000000,-142.9105072021
43551180.0000000000,-142.9105072021
43651568.0000000000,-142.9487304688
43752188.0000000000,-142.9799346924
43853088.0000000000,-142.9979705811
43954176.0000000000,-143.0499877930
44055492.0000000000,-143.0537261963
44157044.0000000000,-143.1271667480
44258828.0000000000,-143.1335144043
44360848.0000000000,-143.1413574219
44463104.0000000000,-143.2107086182
44565644.0000000000,-143.2162628174
44668368.0000000000,-143.2107086182
44771332.0000000000,-143.1413574219
44874532.0000000000,-143.1375274658
44977972.0000000000,-143.1375274658
45081652.0000000000,-143.1375274658
45185616.0000000000,-143.1375274658
45289772.0000000000,-143.1335144043
45394168.0000000000,-143.0682220459
45498804.0000000000,-143.0682220459
45603684.0000000000,-143.0682220459
45708804.0000000000,-143.0682220459
45814164.0000000000,-143.0682220459
45919820.0000000000,-143.0682220459
46025668.0000000000,-143.0682220459
46131760.0000000000,-143.0682220459
46238100.0000000000,-143.0682220459
46344680.0000000000,-143.1163787842
46451508.0000000000,-143.1335144043
46558632.0000000000,-143.1375274658
46665956.0000000000,-143.3184661865
46773524.0000000000,-143.3784027100
46881340.0000000000,-143.6524200439
46989404.0000000000,-143.7212677002
47097716.0000000000,-143.7785339355
47206280.0000000000,-144.0150756836
47315148.0000000000,-144.0711059570
47424212.0000000000,-144.0910797119
47533528.0000000000,-144.1124725342
47643096.0000000000,-144.2405853271
47752916.0000000000,-144.2442779541
47862992.0000000000,-144.2647399902
47973372.0000000000,-144.2764129639
48083952.0000000000,-144.2907257080
48194788.0000000000,-144.3547668457
48305880.0000000000,-144.3547668457
48417232.0000000000,-144.3547668457
48528836.0000000000,-144.3547668457
48640696.0000000000,-144.3547668457
48752872.0000000000,-144.3547668457
48865252.0000000000,-144.3547668457
48977888.0000000000,-144.4032897949
49090784.0000000000,-144.4032897949
49203944.0000000000,-144.4032897949
49317364.0000000000,-144.4032897949
49431044.0000000000,-144.4032897949
49545040.0000000000,-144.4032897949
49659244.0000000000,-144.4206237793
49773712.0000000000,-144.4527435303
49888444.0000000000,-144.4533843994
50003440.0000000000,-144.5010681152
50118700.0000000000,-144.5382843018
50234284.0000000000,-144.5512542725
50350076.0000000000,-144.5961303711
50466136.0000000000,-144.5961303711
50582464.0000000000,-144.5961303711
50699060.0000000000,-144.5961303711
50815928.0000000000,-144.6457672119
50933060.0000000000,-144.6554107666
51050520.0000000000,-144.6880950928
51168196.0000000000,-144.6882934570
51286144.0000000000,-144.7887268066
51404360.0000000000,-144.9048767090
51522852.0000000000,-145.0608367920
51641616.0000000000,-145.0692596436
51760712.0000000000,-145.0812072754
51880024.0000000000,-145.2294158936
51999608.0000000000,-145.2705383301
52119472.0000000000,-145.3672637939
52239612.0000000000,-145.3926391602
52360028.0000000000,-145.4613647461
52480720.0000000000,-145.7960052490
52601752.0000000000,-145.9633026123
52723000.0000000000,-146.5080566406
52844532.0000000000,-146.5513153076
52966340.0000000000,-146.5513153076
53088432.0000000000,-146.5513153076
53210804.0000000000,-146.5513153076
53333520.0000000000,-146.5513153076
53456456.0000000000,-146.5513153076
53579676.0000000000,-146.5513153076
53703180.0000000000,-146.5513153076
53826972.0000000000,-146.5513153076
53951048.0000000000,-146.5513153076
54075408.0000000000,-146.5513153076
54200116.0000000000,-146.5513153076
54325048.0000000000,-146.5513153076
54450272.0000000000,-146.5513153076
54575784.0000000000,-146.5513153076
54701584.0000000000,-146.5775146484
54827676.0000000000,-146.6375122070
54954060.0000000000,-146.7868804932
55080792.0000000000,-146.7868804932
55207756.0000000000,-146.7868804932
55335016.0000000000,-146.6375122070
55462564.0000000000,-146.5775146484
55590412.0000000000,-146.5775146484
55718552.0000000000,-146.5775146484
55847048.0000000000,-146.5775146484
55975780.0000000000,-146.6375122070
56104808.0000000000,-146.9288024902
56234132.0000000000,-147.0755920410
56363756.0000000000,-147.0755920410
56493680.0000000000,-147.0755920410
56623900.0000000000,-147.0755920410
56754484.0000000000,-146.9288024902
56885308.0000000000,-146.9288024902
57016432.0000000000,-146.9288024902
57147860.0000000000,-146.9288024902
57279588.0000000000,-146.9288024902
57411624.0000000000,-146.9288024902
57544024.0000000000,-146.9288024902
57676668.0000000000,-146.9288024902
57809616.0000000000,-146.9277496338
57942872.0000000000,-146.5775146484
58076432.0000000000,-146.4501647949
58210304.0000000000,-146.5775146484
58344484.0000000000,-146.7795104980
58479036.0000000000,-146.9277496338
58613832.0000000000,-147.2498321533
58748944.0000000000,-147.4721984863
58884364.0000000000,-147.5679321289
59020096.0000000000,-147.7648162842
59156140.0000000000,-147.7906188965
59292500.0000000000,-147.8047027588
59429240.0000000000,-148.3678741455
59566228.0000000000,-148.6080322266
59703532.0000000000,-148.6080322266
59841152.0000000000,-148.6080322266
59979092.0000000000,-148.6080322266
60117348.0000000000,-148.6080322266
60255988.0000000000,-148.6080322266
60394884.0000000000,-148.6080322266
60534096.0000000000,-148.6080322266
60673632.0000000000,-148.6080322266
60813488.0000000000,-148.6080322266
60953668.0000000000,-148.6080322266
61094172.0000000000,-148.6080322266
61235064.0000000000,-148.3678741455
61376216.0000000000,-147.5679321289
61517692.0000000000,-147.4721984863
61659496.0000000000,-147.3354492188
61801624.0000000000,-147.3354492188
61944080.0000000000,-147.3354492188
62086936.0000000000,-147.3354492188
62230048.0000000000,-147.3354492188
62373496.0000000000,-147.4721984863
62517268.0000000000,-147.7571411133
62661376.0000000000,-147.7571411133
62805816.0000000000,-147.7571411133
62950588.0000000000,-147.7571411133
63095764.0000000000,-147.7571411133
63241204.0000000000,-147.7571411133
63386976.0000000000,-147.8030395508
63533088.0000000000,-147.8030395508
63679536.0000000000,-147.8030395508
63826324.0000000000,-147.8030395508
63973516.0000000000,-147.8030395508
64120980.0000000000,-147.7571411133
64268784.0000000000,-147.6949920654
64416928.0000000000,-147.6949920654
64565416.0000000000,-147.6949920654
64714244.0000000000,-147.6949920654
64863412.0000000000,-147.3831939697
65013000.0000000000,-147.3354492188
65162860.0000000000,-147.1376495361
65313064.0000000000,-147.1075286865
65463616.0000000000,-147.1075286865
65614512.0000000000,-147.1075286865
65765760.0000000000,-147.1376495361
65917356.0000000000,-147.1701049805
66069372.0000000000,-147.3831939697
66221664.0000000000,-147.5968170166
66374312.0000000000,-147.5968170166
66527308.0000000000,-147.5968170166
66680660.0000000000,-147.5968170166
66834364.0000000000,-147.5968170166
66988492.0000000000,-147.5968170166
67142904.0000000000,-147.5968170166
67297680.0000000000,-147.5968170166
67452800.0000000000,-147.5968170166
67608288.0000000000,-147.5968170166
67764128.0000000000,-147.5968170166
67920328.0000000000,-147.3831939697
68076968.0000000000,-147.3831939697
68233888.0000000000,-147.2117462158
68391168.0000000000,-147.1701049805
68548816.0000000000,-147.1548767090
68706824.0000000000,-146.9786224365
68865200.0000000000,-146.9710540771
69024016.0000000000,-146.8866424561
69183120.0000000000,-146.8866424561
69342592.0000000000,-146.8866424561
69502432.0000000000,-146.8866424561
69662640.0000000000,-146.8866424561
69823216.0000000000,-146.8866424561
69984168.0000000000,-146.8866424561
70145560.0000000000,-146.9710540771
70307248.0000000000,-146.9786224365
70469312.0000000000,-147.1548767090
70631752.0000000000,-147.1701049805
70794560.0000000000,-147.1701049805
70957752.0000000000,-147.1701049805
71121392.0000000000,-147.1701049805
71285328.0000000000,-147.2117462158
71449648.0000000000,-147.4482421875
71614344.0000000000,-147.5968170166
71779424.0000000000,-147.6046752930
71944880.0000000000,-147.6046752930
72110712.0000000000,-147.6046752930
72277016.0000000000,-147.4482421875
72443616.0000000000,-147.2117462158
72610608.0000000000,-147.2117462158
72777976.0000000000,-147.2117462158
72945736.0000000000,-147.4482421875
73113880.0000000000,-147.6046752930
73282416.0000000000,-147.6288146973
73451416.0000000000,-147.7499847412
73620728.0000000000,-147.7499847412
73790432.0000000000,-147.7499847412
73960520.0000000000,-147.7499847412
74131008.0000000000,-147.7499847412
74301880.0000000000,-147.7499847412
74473232.0000000000,-147.7499847412
74644904.0000000000,-147.7499847412
74816960.0000000000,-147.7499847412
74989424.0000000000,-147.7826538086
75162280.0000000000,-147.9562835693
75335528.0000000000,-148.0260620117
75509184.0000000000,-148.0260620117
75683320.0000000000,-148.0260620117
75857776.0000000000,-148.0260620117
76032632.0000000000,-148.0260620117
76207896.0000000000,-147.9562835693
76383560.0000000000,-147.7826538086
76559632.0000000000,-147.7499847412
76736192.0000000000,-147.6046752930
76913072.0000000000,-147.5235137939
77090360.0000000000,-147.2762603760
77268064.0000000000,-147.2762603760
77446168.0000000000,-147.2762603760
77624688.0000000000,-147.2762603760
77803616.0000000000,-147.2762603760
77983048.0000000000,-146.9203186035
78162800.0000000000,-146.8691864014
78342976.0000000000,-146.8150177002
78523560.0000000000,-146.7881011963
78704560.0000000000,-146.7881011963
78885984.0000000000,-146.7881011963
79067816.0000000000,-146.8150177002
79250160.0000000000,-146.8605804443
79432840.0000000000,-146.8691864014
79615936.0000000000,-146.9203186035
79799456.0000000000,-146.9203186035
79983400.0000000000,-146.9203186035
80167768.0000000000,-146.8691864014
80352648.0000000000,-146.8605804443
80537872.0000000000,-146.8150177002
80723512.0000000000,-146.8150177002
80909592.0000000000,-146.8150177002
81096088.0000000000,-146.8605804443
81283024.0000000000,-146.8691864014
81470384.0000000000,-146.9203186035
81658272.0000000000,-146.9203186035
81846496.0000000000,-146.9203186035
82035160.0000000000,-146.9203186035
82224256.0000000000,-147.2443389893
82413792.0000000000,-147.2443389893
82603760.0000000000,-147.2443389893
82794256.0000000000,-146.9203186035
82985104.0000000000,-146.9203186035
83176392.0000000000,-146.9203186035
83368120.0000000000,-146.9037322998
83560288.0000000000,-146.8691864014
83752904.0000000000,-146.8691864014
83945960.0000000000,-146.8691864014
84139552.0000000000,-146.8691864014
84333496.0000000000,-146.8691864014
84527896.0000000000,-146.8691864014
84722736.0000000000,-146.8957366943
84918032.0000000000,-146.8605804443
85113768.0000000000,-146.7511901855
85310056.0000000000,-146.7207031250
85506704.0000000000,-146.7207031250
85703800.0000000000,-146.7511901855
85901352.0000000000,-146.8605804443
86099360.0000000000,-146.8957366943
86297832.0000000000,-146.9037322998
86496752.0000000000,-147.0401153564
86696224.0000000000,-147.0401153564
86896072.0000000000,-147.0401153564
87096368.0000000000,-147.0401153564
87297136.0000000000,-146.9037322998
87498360.0000000000,-146.8957366943
87700048.0000000000,-146.7931976318
87902208.0000000000,-146.7931976318
88104920.0000000000,-146.7931976318
88308008.0000000000,-146.7931976318
88511568.0000000000,-146.7931976318
88715592.0000000000,-146.7931976318
88920088.0000000000,-146.7931976318
89125056.0000000000,-146.7511901855
89330592.0000000000,-146.7511901855
89536504.0000000000,-146.7511901855
89742896.0000000000,-146.7511901855
89949760.0000000000,-146.7511901855
90157096.0000000000,-146.7511901855
90364920.0000000000,-146.7385253906
90573216.0000000000,-146.7385253906
90782088.0000000000,-146.7385253906
90991352.0000000000,-146.7511901855
91201088.0000000000,-146.7931976318
91411320.0000000000,-146.7931976318
91622024.0000000000,-146.7931976318
91833224.0000000000,-146.8125457764
92045008.0000000000,-146.8957366943
92257176.0000000000,-147.0401153564
92469832.0000000000,-147.0401153564
92682984.0000000000,-147.0401153564
92896624.0000000000,-147.0401153564
93110760.0000000000,-147.1119995117
93325384.0000000000,-147.1231536865
93540608.0000000000,-147.2122039795
93756224.0000000000,-147.2122039795
93972344.0000000000,-147.1231536865
94188952.0000000000,-147.2122039795
94406064.0000000000,-147.2642669678
94623680.0000000000,-147.2642669678
94841896.0000000000,-147.2642669678
95060512.0000000000,-147.2642669678
95279640.0000000000,-147.2642669678
95499264.0000000000,-147.2642669678
95719392.0000000000,-147.2642669678
95940032.0000000000,-147.3379669189
96161184.0000000000,-147.3379669189
96382952.0000000000,-147.3379669189
96605120.0000000000,-147.3379669189
96827800.0000000000,-147.3443603516
97050992.0000000000,-147.3542022705
97274704.0000000000,-147.3772735596
97498928.0000000000,-147.3542022705
97723672.0000000000,-147.3542022705
97949040.0000000000,-147.3772735596
98174816.0000000000,-147.4572143555
98401120.0000000000,-147.3542022705
98627936.0000000000,-147.3542022705
98855280.0000000000,-147.4572143555
99083152.0000000000,-147.5100708008
99311656.0000000000,-147.5387573242
99540576.0000000000,-147.5387573242
99770024.0000000000,-147.5387573242
100000000.0000000000,-147.5387573242
