Type,FSWP-50
Version,3.02SP1
Date,03.Jul 2026
VSupply,ON
Mode,Voltage
Voltage Set,0.6000000000,V
Voltage Min,0.0000000000,V
Voltage Max,0.6500000000,V
Voltage Meas,0.6073849724,V
Current Max,20.0000000000,mA
Current Meas,19.1764705882,mA
VTune,OFF
Voltage Set,0.0000000000,V
Voltage Min,0.0000000000,V
Voltage Max,0.0100000000,V
Voltage Meas,-0.0211585555,V
Current Max,20.0000000000,mA
Current Meas,0.1470675515,mA
VAux,OFF
Voltage Set,0.0000000000,V
Voltage Min,-10.0000000000,V
Voltage Max,10.0000000000,V
Voltage Meas,-0.0073826195,V
Current Max,100.0000000000,mA
Current Meas,-0.0385611699,mA
Mode,Phase Noise
Measurement,Phase Noise
Input,RF
RF Att,0.0000000000,dB
Coupling,AC
RBW,2.0000000000,%
XCORR Factor,1000
XCORR Optimize,ON
Estimated Meas Time,3.7457527981,s
Sweep Count,5
Signal Frequency,20769677080.7523536682,Hz
Signal Level,-13.7334000000,dBm
Start,10000.0000000000,Hz
Stop,100000000.0000000000,Hz
SubSweep,1
Start,10000.0000000000,Hz
Stop,30000.0000000000,Hz
RBW,600.0000000000,Hz
XCORR Count,1000
SubSweep,2
Start,30000.0000000000,Hz
Stop,100000.0000000000,Hz
RBW,600.0000000000,Hz
XCORR Count,1000
SubSweep,3
Start,100000.0000000000,Hz
Stop,300000.0000000000,Hz
RBW,2000.0000000000,Hz
XCORR Count,3300
SubSweep,4
Start,300000.0000000000,Hz
Stop,1000000.0000000000,Hz
RBW,6000.0000000000,Hz
XCORR Count,10000
SubSweep,5
Start,1000000.0000000000,Hz
Stop,3000000.0000000000,Hz
RBW,20000.0000000000,Hz
XCORR Count,10000
SubSweep,6
Start,3000000.0000000000,Hz
Stop,10000000.0000000000,Hz
RBW,60000.0000000000,Hz
XCORR Count,10000
SubSweep,7
Start,10000000.0000000000,Hz
Stop,30000000.0000000000,Hz
RBW,200000.0000000000,Hz
XCORR Count,10000
SubSweep,8
Start,30000000.0000000000,Hz
Stop,100000000.0000000000,Hz
RBW,600000.0000000000,Hz
XCORR Count,10000
Integrated Measurements Range,1
Start,10000.0000000000,Hz
Stop,100000000.0000000000,Hz
Weighting,OFF
Integrated Measurements Range,2
Start,10000.0000000000,Hz
Stop,100000000.0000000000,Hz
Weighting,OFF
Integrated Measurements Range,3
Start,10000.0000000000,Hz
Stop,100000000.0000000000,Hz
Weighting,OFF
Integrated Measurements Range,4
Start,10000.0000000000,Hz
Stop,100000000.0000000000,Hz
Weighting,OFF
Integrated Measurements Range,5
Start,10000.0000000000,Hz
Stop,100000000.0000000000,Hz
Weighting,OFF
Integrated Measurements Range,6
Start,10000.0000000000,Hz
Stop,100000000.0000000000,Hz
Weighting,OFF
Integrated Measurements Range,7
Start,10000.0000000000,Hz
Stop,100000000.0000000000,Hz
Weighting,OFF
Integrated Measurements Range,8
Start,10000.0000000000,Hz
Stop,100000000.0000000000,Hz
Weighting,OFF
Integrated Measurements Range,9
Start,10000.0000000000,Hz
Stop,100000000.0000000000,Hz
Weighting,OFF
Integrated Measurements Range,10
Start,10000.0000000000,Hz
Stop,100000000.0000000000,Hz
Weighting,OFF
Spot Noise Decade Edges,OFF
Spot Noise User Defined,ON
Spot Noise User Defined Offset,1
State,OFF
Offset,1000.0000000000,Hz
Spot Noise User Defined Offset,2
State,OFF
Offset,10000.0000000000,Hz
Spot Noise User Defined Offset,3
State,ON
Offset,100000.0000000000,Hz
Spot Noise User Defined Offset,4
State,ON
Offset,1000000.0000000000,Hz
Spot Noise User Defined Offset,5
State,ON
Offset,10000000.0000000000,Hz
Spot Noise User Defined Offset,6
State,OFF
Offset,100000000.0000000000,Hz
Window,1,Noise Spectrum
Trace,1
Trace Mode,CLR/WRITE
Trace Result,PN
Smoothing,ON
Smoothing Value,1.0000000000,%
Spurious Removal,ON
Spurious Removal Threshold,6.0000000000,dB
Trace Offset,OFF
Trace Offset,0.0000000000,dB
Trace Label,OFF
Trace Label,Trace 1
x-Unit,Hz
y-Unit,dBc/Hz
Values,4001
10000.0000000000,-54.1672668457
10023.0507812500,-54.1922111511
10046.1542968750,-54.2171516418
10069.3115234375,-54.2420959473
10092.5332031250,-54.2586860657
10115.7968750000,-54.2746925354
10139.1152343750,-54.2907028198
10162.4863281250,-54.3067092896
10185.9111328125,-54.3209609985
10209.3906250000,-54.3338928223
10232.9355468750,-54.3468322754
10256.5234375000,-54.3597640991
10280.1650390625,-54.3737487793
10303.8613281250,-54.3908920288
10327.6123046875,-54.4080352783
10351.4189453125,-54.4251785278
10375.2792968750,-54.4423217773
10399.2060546875,-54.4673728943
10423.1777343750,-54.4926452637
10447.2031250000,-54.5179214478
10471.2851562500,-54.5431938171
10495.4218750000,-54.5739669800
10519.6152343750,-54.6067314148
10543.8632812500,-54.6394958496
10568.1787109375,-54.6722717285
10592.5400390625,-54.7079048157
10616.9560546875,-54.7460021973
10641.4287109375,-54.7840957642
10665.9580078125,-54.8221931458
10690.5439453125,-54.8623161316
10715.1982421875,-54.9057464600
10739.8974609375,-54.9491539001
10764.6533203125,-54.9925575256
10789.4667968750,-55.0378990173
10814.3378906250,-55.0885810852
10839.2656250000,-55.1392631531
10864.2509765625,-55.1899452209
10889.3056640625,-55.2419700623
10914.4062500000,-55.2996940613
10939.5644531250,-55.3574180603
10964.7812500000,-55.4151420593
10990.0556640625,-55.4729995728
11015.3886718750,-55.5316467285
11040.7919921875,-55.5903205872
11066.2412109375,-55.6489677429
11091.7500000000,-55.7062072754
11117.3173828125,-55.7551422119
11142.9433593750,-55.8040771484
11168.6289062500,-55.8530120850
11194.3730468750,-55.8986663818
11220.1894531250,-55.9292030334
11246.0527343750,-55.9597320557
11271.9755859375,-55.9902572632
11297.9580078125,-56.0160217285
11324.0009765625,-56.0273704529
11350.1035156250,-56.0387229919
11376.2792968750,-56.0429077148
11402.5019531250,-56.0429153442
11428.7861328125,-56.0445442200
11455.1298828125,-56.0461769104
11481.5351562500,-56.0461997986
11508.0000000000,-56.0478096008
11534.5273437500,-56.0494842529
11561.1279296875,-56.0500793457
11587.7773437500,-56.0527648926
11614.4873046875,-56.0547828674
11641.2597656250,-56.0555686951
11668.0937500000,-56.0563545227
11694.9892578125,-56.0569381714
11721.9472656250,-56.0571403503
11748.9804687500,-56.0671577454
11776.0625000000,-56.0773735046
11803.2070312500,-56.0886611938
11830.4140625000,-56.1083412170
11857.6845703125,-56.1280250549
11885.0166015625,-56.1477050781
11912.4257812500,-56.1709175110
11939.8847656250,-56.1997337341
11967.4072265625,-56.2285537720
11994.9931640625,-56.2573699951
12022.6425781250,-56.2918930054
12050.3554687500,-56.3289909363
12078.1318359375,-56.3660888672
12105.9863281250,-56.4033546448
12133.8916015625,-56.4466094971
12161.8613281250,-56.4898681641
12189.8955078125,-56.5331268311
12217.9931640625,-56.5769729614
12246.1572265625,-56.6217536926
12274.3984375000,-56.6665534973
12302.6923828125,-56.7113342285
12331.0507812500,-56.7520065308
12359.4746093750,-56.7915611267
12387.9638671875,-56.8311157227
12416.5195312500,-56.8684310913
12445.1396484375,-56.8973731995
12473.8408203125,-56.9263267517
12502.5937500000,-56.9552726746
12531.4130859375,-56.9774208069
12560.2988281250,-56.9961662292
12589.2509765625,-57.0149078369
12618.2705078125,-57.0331802368
12647.3701171875,-57.0487518311
12676.5234375000,-57.0643157959
12705.7441406250,-57.0798797607
12735.0312500000,-57.0994300842
12764.3867187500,-57.1210250854
12793.8095703125,-57.1426162720
12823.2998046875,-57.1665382385
12852.8730468750,-57.1997604370
12882.4990234375,-57.2329635620
12912.1943359375,-57.2661705017
12941.9580078125,-57.3076705933
12971.7900390625,-57.3516807556
13001.6914062500,-57.3956909180
13031.6611328125,-57.4414710999
13061.7138671875,-57.4904098511
13091.8222656250,-57.5393295288
13122.0000000000,-57.5882453918
13152.2470703125,-57.6348800659
13182.5634765625,-57.6814727783
13212.9501953125,-57.7280654907
13243.4218750000,-57.7702980042
13273.9492187500,-57.8099174500
13304.5468750000,-57.8495330811
13335.2138671875,-57.8870468140
13365.9531250000,-57.9196586609
13396.7626953125,-57.9522666931
13427.6425781250,-57.9848785400
13458.6093750000,-58.0139503479
13489.6328125000,-58.0429954529
13520.7265625000,-58.0720443726
13551.8935546875,-58.1008682251
13583.1308593750,-58.1296005249
13614.4414062500,-58.1583328247
13645.8388671875,-58.1869010925
13677.2929687500,-58.2152442932
13708.8203125000,-58.2435913086
13740.4199218750,-58.2711677551
13772.0927734375,-58.2962837219
13803.8388671875,-58.3213996887
13835.6572265625,-58.3463630676
13867.5644531250,-58.3667335510
13899.5302734375,-58.3870925903
13931.5693359375,-58.4074478149
13963.6826171875,-58.4263877869
13995.8701171875,-58.4450798035
14028.1318359375,-58.4637680054
14060.4677734375,-58.4853897095
14092.8935546875,-58.5083236694
14125.3789062500,-58.5312461853
14157.9384765625,-58.5580444336
14190.5732421875,-58.5879364014
14223.2841796875,-58.6178245544
14256.0693359375,-58.6485671997
14288.9462890625,-58.6803932190
14321.8837890625,-58.7122077942
14354.8964843750,-58.7310256958
14387.9853515625,-58.7320175171
14421.1503906250,-58.7347526550
14454.3925781250,-58.7384834290
14487.7109375000,-58.7408218384
14521.1220703125,-58.7499237061
14554.5947265625,-58.7511749268
14588.1435546875,-58.7635574341
14621.7705078125,-58.7661628723
14655.4746093750,-58.7678298950
14689.2568359375,-58.7811431885
14723.1328125000,-58.7862930298
14757.0703125000,-58.7917594910
14791.0869140625,-58.7930335999
14825.1806640625,-58.8040084839
14859.3544921875,-58.8041076660
14893.6054687500,-58.8089904785
14927.9365234375,-58.8139762878
14962.3632812500,-58.8151817322
14996.8525390625,-58.8333396912
15031.4208984375,-58.8749198914
15066.0693359375,-58.9219703674
15100.7978515625,-58.9812240601
15135.6064453125,-59.0404777527
15170.5117187500,-59.1021995544
15205.4804687500,-59.1677818298
15240.5302734375,-59.2333679199
15275.6611328125,-59.2961692810
15310.8730468750,-59.3559608459
15346.1650390625,-59.4157485962
15381.5390625000,-59.4675102234
15417.0117187500,-59.5138130188
15452.5488281250,-59.5600929260
15488.1679687500,-59.5962371826
15523.8691406250,-59.6285896301
15559.6533203125,-59.6609458923
15595.5195312500,-59.6856918335
15631.4677734375,-59.7093963623
15667.5166015625,-59.7330207825
15703.6318359375,-59.7548065186
15739.8300781250,-59.7765922546
15776.1113281250,-59.7990722656
15812.4765625000,-59.8237533569
15848.9248046875,-59.8484344482
15885.4755859375,-59.8751220703
15922.0927734375,-59.9042663574
15958.7939453125,-59.9334106445
15995.5800781250,-59.9641151428
16032.4511718750,-59.9955787659
16069.4072265625,-60.0270423889
16106.4482421875,-60.0556411743
16143.5927734375,-60.0839805603
16180.8046875000,-60.1107444763
16218.1025390625,-60.1300888062
16255.4863281250,-60.1494293213
16292.9560546875,-60.1641540527
16330.5126953125,-60.1732559204
16368.1738281250,-60.1823616028
16405.9042968750,-60.1882972717
16443.7207031250,-60.1931533813
16481.6250000000,-60.1983375549
16519.6152343750,-60.2090110779
16557.6953125000,-60.2196846008
16595.8613281250,-60.2355079651
16634.1347656250,-60.2596130371
16672.4765625000,-60.2837104797
16710.9082031250,-60.3179893494
16749.4277343750,-60.3560867310
16788.0371093750,-60.3948173523
16826.7343750000,-60.4402198792
16865.5390625000,-60.4856452942
16904.4160156250,-60.5294532776
16943.3808593750,-60.5714035034
16982.4375000000,-60.6133613586
17021.5820312500,-60.6440849304
17060.8183593750,-60.6729049683
17100.1445312500,-60.6974716187
17139.5820312500,-60.7100639343
17179.0898437500,-60.7226524353
17218.6875000000,-60.7286224365
17258.3789062500,-60.7315444946
17298.1601562500,-60.7349472046
17338.0332031250,-60.7418022156
17378.0000000000,-60.7486534119
17418.0761718750,-60.7649879456
17458.2265625000,-60.7883224487
17498.4687500000,-60.8124809265
17538.8027343750,-60.8551445007
17579.2324218750,-60.8978157043
17619.7519531250,-60.9453773499
17660.3867187500,-60.9974021912
17701.0957031250,-61.0492324829
17741.8984375000,-61.0936889648
17782.7949218750,-61.1381416321
17823.7851562500,-61.1725540161
17864.8691406250,-61.1981697083
17906.0488281250,-61.2228469849
17947.3437500000,-61.2323265076
17988.7148437500,-61.2418022156
18030.1796875000,-61.2491607666
18071.7402343750,-61.2551040649
18113.3964843750,-61.2621841431
18155.1484375000,-61.2756652832
18197.0175781250,-61.2891502380
18238.9628906250,-61.3096961975
18281.0058593750,-61.3330116272
18323.1445312500,-61.3578872681
18365.3808593750,-61.3864212036
18407.7148437500,-61.4149551392
18450.1445312500,-61.4444122314
18492.6953125000,-61.4739913940
18535.3222656250,-61.5049629211
18578.0468750000,-61.5373344421
18620.8710937500,-61.5708122253
18663.7929687500,-61.6123542786
18706.8144531250,-61.6538963318
18749.9355468750,-61.7053375244
18793.1757812500,-61.7600440979
18836.4941406250,-61.8181304932
18879.9140625000,-61.8813362122
18923.4335937500,-61.9442901611
18967.0546875000,-62.0032005310
19010.7734375000,-62.0621032715
19054.6171875000,-62.1081237793
19098.5390625000,-62.1493263245
19142.5625000000,-62.1811408997
19186.6875000000,-62.1996383667
19230.9140625000,-62.2121772766
19275.2421875000,-62.2132339478
19319.6738281250,-62.2133827209
19364.2285156250,-62.2162933350
19408.8632812500,-62.2169189453
19453.6015625000,-62.2175636292
19498.4433593750,-62.2179603577
19543.3886718750,-62.2196273804
19588.4375000000,-62.2297821045
19633.6132812500,-62.2422027588
19678.8691406250,-62.2684936523
19724.2304687500,-62.2947883606
19769.6972656250,-62.3332138062
19815.2675781250,-62.3752708435
19860.9433593750,-62.4257850647
19906.7226562500,-62.4836044312
19952.6328125000,-62.5453147888
19998.6250000000,-62.6153793335
20044.7226562500,-62.6859626770
20090.9277343750,-62.7609825134
20137.2382812500,-62.8359985352
20183.6562500000,-62.9082565308
20230.2031250000,-62.9802627563
20276.8339843750,-63.0218200684
20323.5742187500,-63.0259971619
20370.4218750000,-63.0319099426
20417.3769531250,-63.0462951660
20464.4394531250,-63.0498008728
20511.6113281250,-63.0634651184
20558.9160156250,-63.0926055908
20606.3046875000,-63.1008872986
20653.8046875000,-63.1100006104
20701.4121093750,-63.1476669312
20749.1308593750,-63.1522636414
20796.9589843750,-63.1674537659
20844.8984375000,-63.2029685974
20892.9687500000,-63.2193107605
20941.1289062500,-63.2196083069
20989.4003906250,-63.2505645752
21037.7812500000,-63.2652626038
21086.2753906250,-63.2947082520
21134.8808593750,-63.2967262268
21183.6210937500,-63.3000869751
21232.4511718750,-63.3200950623
21281.3945312500,-63.3291091919
21330.4492187500,-63.3374824524
21379.6171875000,-63.3434677124
21428.8984375000,-63.3770294189
21478.2929687500,-63.4568748474
21527.8261718750,-63.5306434631
21577.4492187500,-63.5994911194
21627.1875000000,-63.6524734497
21677.0390625000,-63.7013778687
21727.0058593750,-63.7330932617
21777.0878906250,-63.7627944946
21827.3105468750,-63.7817230225
21877.6230468750,-63.8002853394
21928.0527343750,-63.8165206909
21978.5996093750,-63.8331413269
22029.2617187500,-63.8526687622
22080.0410156250,-63.8726539612
22130.9355468750,-63.8962860107
22181.9746093750,-63.9201354980
22233.1054687500,-63.9455413818
22284.3535156250,-63.9707031250
22335.7207031250,-63.9780426025
22387.2070312500,-63.9796867371
22438.8105468750,-63.9855461121
22490.5585937500,-63.9892044067
22542.4003906250,-63.9942169189
22594.3632812500,-64.0030975342
22646.4433593750,-64.0067062378
22698.6464843750,-64.0168075562
22750.9667968750,-64.0197830200
22803.4101562500,-64.0341339111
22855.9980468750,-64.0348129272
22908.6835937500,-64.0392608643
22961.4902343750,-64.0490493774
23014.4179687500,-64.0496368408
23067.4667968750,-64.0563964844
23120.6386718750,-64.0567474365
23173.9335937500,-64.0612411499
23227.3769531250,-64.0902099609
23280.9179687500,-64.1516494751
23334.5820312500,-64.2323150635
23388.3710937500,-64.3198852539
23442.2812500000,-64.4209060669
23496.3183593750,-64.5244369507
23550.5039062500,-64.6291427612
23604.7910156250,-64.7328262329
23659.2011718750,-64.8252182007
23713.7363281250,-64.9133834839
23768.3984375000,-64.9861831665
23823.1875000000,-65.0516738892
23878.1015625000,-65.1023712158
23933.1679687500,-65.1036529541
23988.3359375000,-65.1036682129
24043.6308593750,-65.1039276123
24099.0527343750,-65.1112823486
24154.6035156250,-65.1129531860
24210.2812500000,-65.1193389893
24266.1132812500,-65.1263275146
24322.0488281250,-65.1283111572
24378.1132812500,-65.1372146606
24434.3066406250,-65.1447906494
24490.6289062500,-65.1460266113
24547.0820312500,-65.1466445923
24603.6640625000,-65.1581726074
24660.4042968750,-65.1648941040
24717.2480468750,-65.1722183228
24774.2226562500,-65.1799163818
24831.3300781250,-65.1859207153
24888.5683593750,-65.1977691650
24945.9375000000,-65.2013626099
25003.4394531250,-65.2018432617
25061.1015625000,-65.2166213989
25118.8691406250,-65.2167053223
25176.7714843750,-65.2181549072
25234.8046875000,-65.2268371582
25292.9726562500,-65.2697219849
25351.2753906250,-65.3156127930
25409.7402343750,-65.3666229248
25468.3105468750,-65.4138793945
25527.0175781250,-65.4589614868
25585.8593750000,-65.4898071289
25644.8359375000,-65.5167007446
25703.9492187500,-65.5323104858
25763.1972656250,-65.5471343994
25822.6132812500,-65.5610046387
25882.1347656250,-65.5740890503
25941.7949218750,-65.5809097290
26001.5937500000,-65.5869216919
26061.5292968750,-65.5887832642
26121.6015625000,-65.6031341553
26181.8437500000,-65.6061248779
26242.1953125000,-65.6140060425
26302.6835937500,-65.6311950684
26363.3144531250,-65.6348114014
26424.0839843750,-65.6566467285
26484.9921875000,-65.6595001221
26546.0429687500,-65.6621704102
26607.2617187500,-65.6768264771
26668.5937500000,-65.6816482544
26730.0664062500,-65.6831665039
26791.6816406250,-65.7262496948
26853.4375000000,-65.8002700806
26915.3378906250,-65.8934402466
26977.4082031250,-65.9927139282
27039.5937500000,-66.1031341553
27101.9218750000,-66.2230682373
27164.3945312500,-66.3476257324
27227.0097656250,-66.4776229858
27289.7695312500,-66.6029891968
27352.6738281250,-66.6390914917
27415.7539062500,-66.6472015381
27478.9492187500,-66.6552352905
27542.2910156250,-66.6661224365
27605.7773437500,-66.6826171875
27669.4101562500,-66.7014312744
27733.1914062500,-66.7201232910
27797.1171875000,-66.7223815918
27861.2226562500,-66.7492446899
27925.4453125000,-66.7687301636
27989.8144531250,-66.8015060425
28054.3339843750,-66.8160476685
28119.0000000000,-66.8191299438
28183.8164062500,-66.8562545776
28248.8144531250,-66.8715362549
28313.9296875000,-66.8942718506
28379.1953125000,-66.9022521973
28444.6113281250,-66.9261779785
28510.1777343750,-66.9355468750
28575.8964843750,-66.9422454834
28641.7656250000,-66.9483413696
28707.8183593750,-66.9837417603
28773.9921875000,-67.0466156006
28840.3183593750,-67.1186523438
28906.7968750000,-67.1949157715
28973.4296875000,-67.2762222290
29040.2148437500,-67.3528442383
29107.1855468750,-67.4237670898
29174.2812500000,-67.4793167114
29241.5292968750,-67.5194702148
29308.9335937500,-67.5501022339
29376.4921875000,-67.5688095093
29444.2070312500,-67.5849456787
29512.0781250000,-67.5999984741
29580.1386718750,-67.6158599854
29648.3222656250,-67.6215744019
29716.6640625000,-67.6301651001
29785.1621093750,-67.6393280029
29853.8203125000,-67.6409835815
29922.6347656250,-67.6422271729
29991.6406250000,-67.6442794800
30060.7734375000,-67.6473083496
30130.0664062500,-67.6477508545
30199.5175781250,-67.6697006226
30269.1308593750,-67.7125778198
30338.9023437500,-67.7663040161
30408.8359375000,-67.8232879639
30478.9648437500,-67.8772125244
30549.2207031250,-67.9231948853
30619.6386718750,-67.9445877075
30690.2187500000,-67.9463043213
30760.9628906250,-67.9558334351
30831.8691406250,-67.9566268921
30902.9375000000,-67.9572830200
30974.2050781250,-67.9695739746
31045.6035156250,-67.9767303467
31117.1660156250,-67.9785995483
31188.8925781250,-67.9828796387
31260.7851562500,-68.0214614868
31332.8437500000,-68.0649871826
31405.1035156250,-68.1091995239
31477.4941406250,-68.1510848999
31550.0507812500,-68.1892318726
31622.7773437500,-68.2235183716
31695.6699218750,-68.2538070679
31768.7304687500,-68.2803421021
31841.9589843750,-68.3032531738
31915.3925781250,-68.3233795166
31988.9589843750,-68.3425903320
32062.6972656250,-68.3636779785
32136.6035156250,-68.3898925781
32210.6796875000,-68.4245605469
32284.9277343750,-68.4706649780
32359.3828125000,-68.5268478394
32433.9726562500,-68.5853958130
32508.7363281250,-68.5859985352
32583.6718750000,-68.5912094116
32658.7792968750,-68.5953063965
32734.0585937500,-68.5999908447
32809.5156250000,-68.6137924194
32885.1796875000,-68.6293563843
32960.9804687500,-68.6408233643
33036.9570312500,-68.6599578857
33113.1093750000,-68.6731796265
33189.4375000000,-68.6770858765
33265.9414062500,-68.7220077515
33342.6250000000,-68.7263031006
33419.5156250000,-68.7271194458
33496.5507812500,-68.7747421265
33573.7617187500,-68.7794113159
33651.1523437500,-68.7848129272
33728.7226562500,-68.8207778931
33806.4687500000,-68.8243179321
33884.4335937500,-68.8337249756
33962.5390625000,-68.8381347656
34040.8242187500,-68.8967590332
34119.2890625000,-68.9602813721
34197.9375000000,-69.0186309814
34276.7656250000,-69.0226821899
34355.7773437500,-69.0264816284
34435.0078125000,-69.0402679443
34514.3828125000,-69.0480422974
34593.9414062500,-69.0643157959
34673.6835937500,-69.0729675293
34753.6054687500,-69.0747985840
34833.7187500000,-69.0900726318
34914.0507812500,-69.0924072266
34994.5273437500,-69.1106567383
35075.1953125000,-69.1447372437
35156.0429687500,-69.1731109619
35237.0820312500,-69.2018966675
35318.3046875000,-69.2427444458
35399.7148437500,-69.3071594238
35481.3554687500,-69.4003219604
35563.1406250000,-69.5170822144
35645.1171875000,-69.6427307129
35727.2812500000,-69.7578048706
35809.6367187500,-69.8457565308
35892.1796875000,-69.8977432251
35974.9531250000,-69.8991088867
36057.8789062500,-69.9009552002
36140.9921875000,-69.9065780640
36224.3007812500,-69.9110717773
36307.8007812500,-69.9208602905
36391.4921875000,-69.9209671021
36475.3789062500,-69.9310150146
36559.4960937500,-69.9726791382
36643.7695312500,-70.0303573608
36728.2343750000,-70.0999374390
36812.8945312500,-70.1552810669
36897.7539062500,-70.2303771973
36982.8046875000,-70.2983932495
37068.0507812500,-70.3540115356
37153.5390625000,-70.3944015503
37239.1796875000,-70.4198150635
37325.0195312500,-70.4337692261
37411.0546875000,-70.4427871704
37497.2890625000,-70.4552154541
37583.7226562500,-70.4791793823
37670.3984375000,-70.5201034546
37757.2304687500,-70.5784225464
37844.2656250000,-70.6298446655
37931.5000000000,-70.6407241821
38018.9335937500,-70.6484527588
38106.5703125000,-70.6502304077
38194.4062500000,-70.6764221191
38282.4921875000,-70.6986007690
38370.7343750000,-70.7195434570
38459.1796875000,-70.7240371704
38547.8320312500,-70.7636566162
38636.6875000000,-70.7703781128
38725.7500000000,-70.8004074097
38815.0585937500,-70.8070831299
38904.5273437500,-70.8314971924
38994.2070312500,-70.8321914673
39084.0898437500,-70.8412475586
39174.1835937500,-70.8434295654
39264.4804687500,-70.8958969116
39354.9882812500,-70.9541015625
39445.7460937500,-71.0105972290
39536.6718750000,-71.0676727295
39627.8085937500,-71.1457901001
39719.1523437500,-71.1484985352
39810.7070312500,-71.1658325195
39902.4765625000,-71.1810073853
39994.4960937500,-71.1989364624
40086.6875000000,-71.2027511597
40179.0898437500,-71.2240600586
40271.7070312500,-71.2309722900
40364.5351562500,-71.2378540039
40457.5781250000,-71.2482070923
40550.8359375000,-71.2501220703
40644.3515625000,-71.2541885376
40738.0390625000,-71.2636642456
40831.9453125000,-71.3255538940
40926.0664062500,-71.3704071045
41020.4023437500,-71.3879394531
41114.9570312500,-71.3902587891
41209.7304687500,-71.3910369873
41304.7656250000,-71.3926086426
41399.9765625000,-71.4082717896
41495.4062500000,-71.4713134766
41591.0585937500,-71.5607833862
41686.9257812500,-71.5723800659
41783.0195312500,-71.5769348145
41879.3789062500,-71.6043624878
41975.9140625000,-71.6075592041
42072.6679687500,-71.6229248047
42169.6484375000,-71.6501388550
42266.8554687500,-71.6632766724
42364.2812500000,-71.6715164185
42461.9335937500,-71.6911087036
42559.8593750000,-71.6956100464
42657.9648437500,-71.7070007324
42756.2929687500,-71.7668914795
42854.8476562500,-71.8457260132
42953.6328125000,-71.9041213989
43052.6445312500,-71.9298171997
43151.9296875000,-71.9510726929
43251.3984375000,-71.9742889404
43351.0976562500,-72.0049743652
43451.0234375000,-72.0727386475
43551.1796875000,-72.1631240845
43651.5703125000,-72.2353363037
43752.1914062500,-72.3104476929
43853.0898437500,-72.3791503906
43954.1757812500,-72.4096450806
44055.4921875000,-72.4162292480
44157.0429687500,-72.4325637817
44258.8281250000,-72.4350433350
44360.8476562500,-72.4423141479
44463.1015625000,-72.4529800415
44565.6406250000,-72.4740829468
44668.3671875000,-72.4999084473
44771.3320312500,-72.5179901123
44874.5351562500,-72.5287933350
44977.9726562500,-72.5380706787
45081.6484375000,-72.5459518433
45185.6171875000,-72.5505065918
45289.7734375000,-72.5539169312
45394.1679687500,-72.5603408813
45498.8046875000,-72.5752716064
45603.6835937500,-72.5940399170
45708.8046875000,-72.6186065674
45814.1640625000,-72.6623535156
45919.8203125000,-72.7124481201
46025.6679687500,-72.7519226074
46131.7617187500,-72.7961883545
46238.0976562500,-72.8668060303
46344.6796875000,-72.9385452271
46451.5078125000,-72.9907989502
46558.6328125000,-73.0531921387
46665.9531250000,-73.1770401001
46773.5234375000,-73.1911239624
46881.3398437500,-73.2055130005
46989.4023437500,-73.2235870361
47097.7187500000,-73.2508544922
47206.2812500000,-73.2613525391
47315.1484375000,-73.3167724609
47424.2109375000,-73.3293151855
47533.5273437500,-73.3516464233
47643.0976562500,-73.3689041138
47752.9179687500,-73.4102096558
47862.9921875000,-73.4378814697
47973.3710937500,-73.4556655884
48083.9531250000,-73.4632186890
48194.7890625000,-73.5109481812
48305.8828125000,-73.5379867554
48417.2304687500,-73.5596084595
48528.8359375000,-73.5673217773
48640.6992187500,-73.6082077026
48752.8710937500,-73.6342849731
48865.2500000000,-73.6404495239
48977.8867187500,-73.6461486816
49090.7851562500,-73.6729278564
49203.9453125000,-73.6731796265
49317.3632812500,-73.6786651611
49431.0429687500,-73.6794204712
49545.0390625000,-73.6947860718
49659.2421875000,-73.7235183716
49773.7109375000,-73.7305755615
49888.4453125000,-73.7351989746
50003.4414062500,-73.7404174805
50118.7031250000,-73.8053283691
50234.2851562500,-73.9483413696
50350.0781250000,-74.1176223755
50466.1367187500,-74.1486663818
50582.4648437500,-74.1565093994
50699.0625000000,-74.1715087891
50815.9257812500,-74.1959915161
50933.0625000000,-74.2143020630
51050.5234375000,-74.2315521240
51168.1953125000,-74.2694091797
51286.1445312500,-74.2860031128
51404.3593750000,-74.3050308228
51522.8515625000,-74.3314132690
51641.6171875000,-74.3732070923
51760.7109375000,-74.4177856445
51880.0234375000,-74.4202346802
51999.6093750000,-74.4474411011
52119.4726562500,-74.4609527588
52239.6093750000,-74.4879302979
52360.0273437500,-74.5761413574
52480.7187500000,-74.6414031982
52601.7500000000,-74.6856689453
52723.0000000000,-74.7233123779
52844.5312500000,-74.7560501099
52966.3398437500,-74.7837753296
53088.4335937500,-74.7991943359
53210.8046875000,-74.8240432739
53333.5195312500,-74.8575668335
53456.4570312500,-74.8755187988
53579.6757812500,-74.8785247803
53703.1835937500,-74.8968429565
53826.9726562500,-74.9061660767
53951.0468750000,-74.9063644409
54075.4062500000,-74.9201889038
54200.1132812500,-74.9553298950
54325.0507812500,-74.9601287842
54450.2734375000,-74.9706802368
54575.7851562500,-75.0084228516
54701.5859375000,-75.0122222900
54827.6757812500,-75.0553894043
54954.0585937500,-75.0849227905
55080.7929687500,-75.0971450806
55207.7578125000,-75.0992355347
55335.0156250000,-75.1427688599
55462.5664062500,-75.1762008667
55590.4101562500,-75.1857833862
55718.5507812500,-75.2017059326
55847.0468750000,-75.2579193115
55975.7773437500,-75.4414443970
56104.8085937500,-75.4429016113
56234.1328125000,-75.4714813232
56363.7578125000,-75.5047607422
56493.6796875000,-75.5793075562
56623.9023437500,-75.5795288086
56754.4843750000,-75.5859375000
56885.3085937500,-75.6362609863
57016.4335937500,-75.6594772339
57147.8593750000,-75.6726455688
57279.5898437500,-75.6907882690
57411.6210937500,-75.6910018921
57544.0234375000,-75.6987838745
57676.6679687500,-75.6992568970
57809.6171875000,-75.7055358887
57942.8710937500,-75.7272644043
58076.4335937500,-75.7361297607
58210.3046875000,-75.7774429321
58344.4843750000,-75.7800598145
58479.0351562500,-75.8041915894
58613.8320312500,-75.9341659546
58748.9414062500,-75.9416122437
58884.3632812500,-75.9683074951
59020.0937500000,-75.9997177124
59156.1406250000,-76.0662918091
59292.5000000000,-76.0745620728
59429.2382812500,-76.0841751099
59566.2265625000,-76.0989837646
59703.5312500000,-76.1092147827
59841.1523437500,-76.1092910767
59979.0898437500,-76.1117858887
60117.3476562500,-76.1419982910
60255.9882812500,-76.2273864746
60394.8828125000,-76.2431182861
60534.0976562500,-76.2441406250
60673.6328125000,-76.3007965088
60813.4882812500,-76.3061294556
60953.6679687500,-76.3130493164
61094.1718750000,-76.3752059937
61235.0625000000,-76.3901824951
61376.2148437500,-76.4750213623
61517.6914062500,-76.4804840088
61659.4960937500,-76.5543136597
61801.6250000000,-76.5849380493
61944.0820312500,-76.6102676392
62086.9335937500,-76.6417388916
62230.0507812500,-76.6483917236
62373.4960937500,-76.6734771729
62517.2695312500,-76.6768569946
62661.3750000000,-76.7032852173
62805.8164062500,-76.7508239746
62950.5859375000,-76.8047637939
63095.7617187500,-76.8598403931
63241.2031250000,-76.8891220093
63386.9765625000,-76.9140090942
63533.0898437500,-76.9436340332
63679.5390625000,-76.9796752930
63826.3242187500,-77.0281448364
63973.5195312500,-77.1045913696
64120.9804687500,-77.1681137085
64268.7851562500,-77.1864852905
64416.9296875000,-77.1941070557
64565.4140625000,-77.2083816528
64714.2421875000,-77.2252655029
64863.4140625000,-77.2520904541
65013.0000000000,-77.2576599121
65162.8593750000,-77.2784729004
65313.0625000000,-77.2807159424
65463.6132812500,-77.2873382568
65614.5156250000,-77.3022384644
65765.7578125000,-77.3087310791
65917.3515625000,-77.3239898682
66069.3671875000,-77.3424453735
66221.6640625000,-77.3744964600
66374.3125000000,-77.3746109009
66527.3125000000,-77.4160842896
66680.6562500000,-77.4202957153
66834.3593750000,-77.4351425171
66988.4921875000,-77.4531631470
67142.9062500000,-77.4664916992
67297.6796875000,-77.4690322876
67452.8046875000,-77.4729766846
67608.2890625000,-77.4831771851
67764.1250000000,-77.5019531250
67920.3281250000,-77.5178222656
68076.9609375000,-77.5186004639
68233.8906250000,-77.5295486450
68391.1718750000,-77.6918106079
68548.8203125000,-77.8935623169
68706.8281250000,-77.9016876221
68865.2031250000,-77.9099426270
69024.0156250000,-77.9243164063
69183.1250000000,-77.9311599731
69342.5937500000,-77.9398269653
69502.4296875000,-77.9497451782
69662.6406250000,-77.9519424438
69823.2187500000,-77.9611358643
69984.1640625000,-78.0004348755
70145.5625000000,-78.0047378540
70307.2500000000,-78.0066223145
70469.3125000000,-78.0428085327
70631.7500000000,-78.0537643433
70794.5625000000,-78.0581512451
70957.7500000000,-78.1768875122
71121.3906250000,-78.1863784790
71285.3281250000,-78.2199325562
71449.6484375000,-78.2215270996
71614.3437500000,-78.2272872925
71779.4218750000,-78.3785858154
71944.8750000000,-78.4102859497
72110.7187500000,-78.4447479248
72277.0156250000,-78.4713592529
72443.6171875000,-78.5525054932
72610.6093750000,-78.5862503052
72777.9765625000,-78.5880661011
72945.7343750000,-78.6693344116
73113.8828125000,-78.6716995239
73282.4140625000,-78.6753540039
73451.4140625000,-78.6791000366
73620.7265625000,-78.6814422607
73790.4296875000,-78.6848144531
73960.5234375000,-78.6875534058
74131.0078125000,-78.6884307861
74301.8828125000,-78.7026672363
74473.2343750000,-78.7065505981
74644.8984375000,-78.7839202881
74816.9609375000,-78.8954696655
74989.4218750000,-78.9622421265
75162.2734375000,-78.9724578857
75335.5312500000,-78.9748077393
75509.1875000000,-78.9851989746
75683.3203125000,-79.0115890503
75857.7812500000,-79.0937576294
76032.6328125000,-79.2264404297
76207.8984375000,-79.3147659302
76383.5625000000,-79.3233947754
76559.6328125000,-79.3242034912
76736.1875000000,-79.3286285400
76913.0703125000,-79.3382492065
77090.3593750000,-79.3446121216
77268.0625000000,-79.3547897339
77446.1718750000,-79.3643798828
77624.6875000000,-79.3699493408
77803.6171875000,-79.3931808472
77983.0468750000,-79.4115295410
78162.8046875000,-79.4447631836
78342.9765625000,-79.4693222046
78523.5625000000,-79.4933853149
78704.5625000000,-79.5362472534
78885.9843750000,-79.5795822144
79067.8203125000,-79.5853347778
79250.1640625000,-79.6079559326
79432.8437500000,-79.7066955566
79615.9375000000,-79.7354507446
79799.4609375000,-79.7354736328
79983.4062500000,-79.8015594482
80167.7734375000,-79.8280029297
80352.6484375000,-79.8339080811
80537.8671875000,-79.8438720703
80723.5156250000,-79.8649215698
80909.5859375000,-79.8900222778
81096.0937500000,-79.9116210938
81283.0234375000,-79.9894485474
81470.3828125000,-80.0037078857
81658.2734375000,-80.0351257324
81846.5000000000,-80.0838928223
82035.1640625000,-80.1540222168
82224.2578125000,-80.2107543945
82413.7890625000,-80.2110137939
82603.7578125000,-80.2465362549
82794.2578125000,-80.2917861938
82985.1015625000,-80.3053970337
83176.3906250000,-80.3083953857
83368.1171875000,-80.3366012573
83560.2890625000,-80.3375396729
83752.8984375000,-80.3515548706
83945.9609375000,-80.3711242676
84139.5546875000,-80.3770065308
84333.5000000000,-80.4064025879
84527.8906250000,-80.4076538086
84722.7343750000,-80.5307998657
84918.0312500000,-80.6157379150
85113.7734375000,-80.6693572998
85310.0546875000,-80.7443237305
85506.7031250000,-80.8366088867
85703.8046875000,-80.8588867188
85901.3515625000,-80.8683395386
86099.3671875000,-80.9336929321
86297.8281250000,-80.9419021606
86496.7500000000,-80.9542694092
86696.2265625000,-80.9700317383
86896.0703125000,-81.0182342529
87096.3671875000,-81.0282287598
87297.1328125000,-81.0301208496
87498.3593750000,-81.0487365723
87700.0468750000,-81.0493545532
87902.2031250000,-81.0506744385
88104.9218750000,-81.0558547974
88308.0078125000,-81.0931625366
88511.5703125000,-81.1481170654
88715.5937500000,-81.1850662231
88920.0859375000,-81.2091140747
89125.0546875000,-81.2360687256
89330.5937500000,-81.2478561401
89536.5078125000,-81.2711181641
89742.8906250000,-81.2808532715
89949.7578125000,-81.3130187988
90157.1015625000,-81.3518981934
90364.9140625000,-81.3565826416
90573.2109375000,-81.4943466187
90782.0937500000,-81.5135498047
90991.3515625000,-81.5314331055
91201.0937500000,-81.5335922241
91411.3203125000,-81.5412063599
91622.0234375000,-81.5479507446
91833.2187500000,-81.5680160522
92045.0078125000,-81.5787200928
92257.1718750000,-81.6022949219
92469.8359375000,-81.6143112183
92682.9843750000,-81.6476593018
92896.6250000000,-81.7120208740
93110.7578125000,-81.7237091064
93325.3828125000,-81.7418670654
93540.6093750000,-81.7680664063
93756.2265625000,-81.7842788696
93972.3437500000,-81.7867584229
94188.9531250000,-81.8681716919
94406.0703125000,-81.9538726807
94623.6796875000,-81.9638214111
94841.8984375000,-81.9856338501
95060.5156250000,-81.9991149902
95279.6328125000,-81.9997634888
95499.2656250000,-82.0856018066
95719.3984375000,-82.1713790894
95940.0390625000,-82.2568588257
96161.1875000000,-82.2579116821
96382.9453125000,-82.2610778809
96605.1171875000,-82.2666473389
96827.7968750000,-82.2718429565
97050.9921875000,-82.2765045166
97274.7031250000,-82.2806701660
97498.9296875000,-82.3037948608
97723.6718750000,-82.3064270020
97949.0390625000,-82.3204269409
98174.8203125000,-82.3500213623
98401.1171875000,-82.4296722412
98627.9375000000,-82.6070022583
98855.2812500000,-82.6170578003
99083.1484375000,-82.6408767700
99311.6562500000,-82.6417312622
99540.5781250000,-82.6631546021
99770.0234375000,-82.6934356689
100000.0000000000,-82.7214584351
100230.5078125000,-82.7235870361
100461.5468750000,-82.7447052002
100693.1171875000,-82.7588043213
100925.3359375000,-82.7610321045
101157.9687500000,-82.7615051270
101391.1484375000,-82.7620086670
101624.8593750000,-82.7622528076
101859.1171875000,-82.7650985718
102093.9062500000,-82.7657623291
102329.3515625000,-82.7689208984
102565.2265625000,-82.7716369629
102801.6484375000,-82.7728576660
103038.6171875000,-82.7730331421
103276.1250000000,-82.7757034302
103514.1875000000,-82.7758712769
103752.7890625000,-82.7851257324
103992.0625000000,-82.8041381836
104231.7734375000,-82.8325576782
104472.0312500000,-82.8732757568
104712.8515625000,-82.9283294678
104954.2187500000,-82.9975204468
105196.1484375000,-83.0774002075
105438.6328125000,-83.1610260010
105681.7890625000,-83.2391662598
105925.3984375000,-83.3025054932
106169.5625000000,-83.3448410034
106414.2890625000,-83.3644409180
106659.5859375000,-83.3651123047
106905.4375000000,-83.3652877808
107151.9843750000,-83.3689193726
107398.9765625000,-83.3753738403
107646.5390625000,-83.4020690918
107894.6718750000,-83.4441833496
108143.3750000000,-83.4982833862
108392.6562500000,-83.5602188110
108642.5078125000,-83.6270370483
108893.0546875000,-83.6974258423
109144.0625000000,-83.7702407837
109395.6484375000,-83.8071136475
109647.8125000000,-83.8212127686
109900.5546875000,-83.8219375610
110153.8828125000,-83.8425674438
110407.9218750000,-83.8605957031
110662.4140625000,-83.8609619141
110917.5000000000,-83.9082336426
111173.1718750000,-83.9109497070
111429.4375000000,-83.9160461426
111686.2890625000,-83.9572143555
111943.7343750000,-83.9583435059
112201.8984375000,-83.9727706909
112460.5312500000,-83.9807662964
112719.7578125000,-83.9841232300
112979.5859375000,-84.0192260742
113240.0078125000,-84.0498123169
113501.0390625000,-84.0670166016
113762.7890625000,-84.0795669556
114025.0234375000,-84.0983047485
114287.8593750000,-84.1317367554
114551.2968750000,-84.1832275391
114815.3437500000,-84.2500686646
115080.0078125000,-84.3592681885
115345.2734375000,-84.3702926636
115611.2812500000,-84.3741760254
115877.7734375000,-84.3899688721
116144.8750000000,-84.4036178589
116412.6015625000,-84.4242095947
116680.9375000000,-84.4491958618
116949.8984375000,-84.4533615112
117219.4765625000,-84.4593811035
117489.8046875000,-84.4791946411
117760.6250000000,-84.4812545776
118032.0703125000,-84.5130767822
118304.1406250000,-84.5711975098
118576.8437500000,-84.6190109253
118850.1718750000,-84.6532821655
119124.2578125000,-84.6760635376
119398.8515625000,-84.6990280151
119674.0703125000,-84.7198028564
119949.9296875000,-84.7341995239
120226.4218750000,-84.7493133545
120503.5546875000,-84.7664337158
120781.3203125000,-84.7880859375
121059.8671875000,-84.8166427612
121338.9140625000,-84.8525161743
121618.6093750000,-84.8929977417
121898.9531250000,-84.9326629639
122179.9375000000,-84.9432525635
122461.5703125000,-84.9447555542
122743.9843750000,-84.9503784180
123026.9218750000,-84.9578170776
123310.5078125000,-84.9628524780
123594.7421875000,-84.9652099609
123879.6406250000,-84.9770584106
124165.1953125000,-84.9887161255
124451.3984375000,-84.9894332886
124738.4062500000,-85.0047683716
125025.9375000000,-85.0777816772
125314.1328125000,-85.1387176514
125602.9921875000,-85.2034912109
125892.5156250000,-85.2681884766
126182.7031250000,-85.3300323486
126473.7031250000,-85.3871002197
126765.2343750000,-85.4584808350
127057.4375000000,-85.5102081299
127350.3125000000,-85.5280303955
127643.8671875000,-85.5284576416
127938.0937500000,-85.5286102295
128233.0000000000,-85.5325927734
128528.7265625000,-85.5347747803
128824.9921875000,-85.5558700562
129121.9453125000,-85.6166076660
129419.5781250000,-85.6758804321
129717.8984375000,-85.7413940430
130016.9140625000,-85.8050689697
130316.6093750000,-85.8807296753
130617.1406250000,-85.9246902466
130918.2265625000,-85.9286575317
131220.0000000000,-85.9296112061
131522.4687500000,-85.9374618530
131825.6406250000,-85.9381256104
132129.5000000000,-85.9419174194
132434.2187500000,-85.9438400269
132739.4843750000,-85.9588470459
133045.4687500000,-85.9865341187
133352.1406250000,-86.0169219971
133659.5312500000,-86.0661010742
133967.6250000000,-86.1266937256
134276.4218750000,-86.1824188232
134586.0937500000,-86.2527389526
134896.3281250000,-86.3786544800
135207.2656250000,-86.4880294800
135518.9375000000,-86.5041732788
135831.3125000000,-86.5059280396
136144.4062500000,-86.5112609863
136458.3906250000,-86.5384445190
136772.9375000000,-86.5467834473
137088.2031250000,-86.5754089355
137404.2031250000,-86.5822906494
137720.9218750000,-86.5874176025
138038.3906250000,-86.6237182617
138356.5781250000,-86.6345214844
138675.6406250000,-86.6454391479
138995.2968750000,-86.6470642090
139315.7031250000,-86.6896820068
139636.8281250000,-86.7034301758
139958.7031250000,-86.7091293335
140281.3125000000,-86.7143859863
140604.6718750000,-86.7247238159
140928.9375000000,-86.7358703613
141253.7812500000,-86.7562408447
141579.3906250000,-86.7806777954
141905.7343750000,-86.8021087646
142232.8437500000,-86.8292236328
142560.7031250000,-86.8805007935
142889.4687500000,-86.9378738403
143218.8281250000,-86.9763336182
143548.9687500000,-87.0312118530
143879.8593750000,-87.0847854614
144211.5156250000,-87.1207427979
144543.9218750000,-87.1715774536
144877.1093750000,-87.2112579346
145211.2187500000,-87.2256469727
145545.9375000000,-87.2315979004
145881.4375000000,-87.2353286743
146217.7031250000,-87.2465896606
146554.7500000000,-87.2624435425
146892.5625000000,-87.2900390625
147231.3281250000,-87.3096160889
147570.7031250000,-87.3133316040
147910.8593750000,-87.3134536743
148251.8125000000,-87.3221435547
148593.5468750000,-87.3432388306
148936.0625000000,-87.4038543701
149279.3750000000,-87.4873123169
149623.6250000000,-87.5778274536
149968.5312500000,-87.6576385498
150314.2187500000,-87.6994323730
150660.7031250000,-87.7487792969
151007.9843750000,-87.7910919189
151356.0625000000,-87.8068389893
151705.1250000000,-87.8082427979
152054.8125000000,-87.8165435791
152405.3125000000,-87.8194122314
152756.6093750000,-87.8400115967
153108.7187500000,-87.8422317505
153461.6562500000,-87.8477783203
153815.3906250000,-87.8607101440
154170.1093750000,-87.8680114746
154525.4843750000,-87.8707199097
154881.6875000000,-87.8731307983
155238.7031250000,-87.9053497314
155596.5312500000,-87.9791183472
155955.1875000000,-88.0210113525
156314.6875000000,-88.0609741211
156675.1718750000,-88.0823059082
157036.3125000000,-88.1009979248
157398.2968750000,-88.1342620850
157761.1093750000,-88.1909255981
158124.7656250000,-88.2566452026
158489.2500000000,-88.2962722778
158854.7500000000,-88.3348464966
159220.9218750000,-88.3499603271
159587.9375000000,-88.3504562378
159955.7968750000,-88.3525390625
160324.5156250000,-88.3733367920
160694.0625000000,-88.4102630615
161064.4843750000,-88.4571838379
161435.9218750000,-88.4957122803
161808.0468750000,-88.4996490479
162181.0312500000,-88.5037307739
162554.8593750000,-88.5333404541
162929.5625000000,-88.5532760620
163305.1250000000,-88.5777816772
163681.7343750000,-88.5777969360
164059.0312500000,-88.6143646240
164437.2031250000,-88.6190032959
164816.2343750000,-88.6355514526
165196.1562500000,-88.7254409790
165576.9375000000,-88.8443145752
165958.6093750000,-88.8582916260
166341.3437500000,-88.8746719360
166724.7656250000,-88.8786163330
167109.0781250000,-88.9184951782
167494.2812500000,-88.9273681641
167880.3593750000,-88.9653244019
168267.3437500000,-88.9664840698
168655.3906250000,-88.9706039429
169044.1562500000,-88.9721374512
169433.8125000000,-88.9760055542
169824.3750000000,-88.9845123291
170215.8281250000,-89.0149154663
170608.1875000000,-89.0489196777
171001.4531250000,-89.0850296021
171395.8125000000,-89.1287689209
171790.8906250000,-89.1826171875
172186.8750000000,-89.2348480225
172583.7812500000,-89.2717208862
172981.6093750000,-89.2954483032
173380.3437500000,-89.3114471436
173779.9843750000,-89.3335876465
174180.7500000000,-89.3551712036
174582.2500000000,-89.3854370117
174984.6875000000,-89.4202194214
175388.0312500000,-89.4487533569
175792.3125000000,-89.4656524658
176197.5312500000,-89.4690704346
176603.8750000000,-89.4829940796
177010.9531250000,-89.5167770386
177418.9843750000,-89.5806961060
177827.9375000000,-89.7049331665
178237.8437500000,-89.8192596436
178648.7031250000,-89.9299011230
179060.5000000000,-90.0147857666
179473.4375000000,-90.0475387573
179887.1406250000,-90.0506134033
180301.7968750000,-90.0520401001
180717.4062500000,-90.0581359863
181133.9687500000,-90.0825042725
181551.5000000000,-90.0963516235
181970.1875000000,-90.1045074463
182389.6406250000,-90.1176910400
182810.0625000000,-90.1324462891
183231.4531250000,-90.1539611816
183653.8125000000,-90.1661224365
184077.1406250000,-90.1818389893
184501.4531250000,-90.1837844849
184926.9531250000,-90.2137908936
185353.2187500000,-90.2246246338
185780.4687500000,-90.2508926392
186208.7031250000,-90.2814407349
186637.9375000000,-90.3059616089
187068.1406250000,-90.3103027344
187499.3437500000,-90.3439102173
187931.7500000000,-90.4559783936
188364.9531250000,-90.5246582031
188799.1406250000,-90.5374526978
189234.3437500000,-90.5391540527
189670.5312500000,-90.5421524048
190107.7500000000,-90.5646133423
190546.1562500000,-90.5669860840
190985.3906250000,-90.5783309937
191425.6250000000,-90.5935821533
191866.8750000000,-90.6330642700
192309.1406250000,-90.6847457886
192752.4218750000,-90.7346878052
193196.7343750000,-90.7847137451
193642.2812500000,-90.8308181763
194088.6406250000,-90.8482971191
194536.0312500000,-90.8553009033
194984.4375000000,-90.8730697632
195433.8906250000,-90.9226150513
195884.3906250000,-90.9923400879
196336.1250000000,-91.0000686646
196788.7031250000,-91.0101547241
197242.3125000000,-91.0402145386
197696.9687500000,-91.0454101563
198152.6718750000,-91.0582199097
198609.4218750000,-91.0685043335
199067.2343750000,-91.0700531006
199526.3125000000,-91.0826721191
199986.2343750000,-91.0877227783
200447.2187500000,-91.0905609131
200909.2656250000,-91.1488189697
201372.3750000000,-91.2564926147
201836.5625000000,-91.3307952881
202302.0312500000,-91.3328628540
202768.3437500000,-91.3507919312
203235.7343750000,-91.3558044434
203704.2187500000,-91.3665237427
204173.7656250000,-91.3837509155
204644.4062500000,-91.4019927979
205116.1250000000,-91.4027175903
205589.1562500000,-91.4191818237
206063.0468750000,-91.4293441772
206538.0468750000,-91.4299087524
207014.1250000000,-91.4330749512
207491.3125000000,-91.4669799805
207969.5937500000,-91.5386734009
208448.9843750000,-91.6022720337
208929.7031250000,-91.6373596191
209411.2968750000,-91.6554794312
209894.0000000000,-91.6699295044
210377.8281250000,-91.6842727661
210862.7500000000,-91.7127227783
211348.8125000000,-91.7666778564
211836.2187500000,-91.8125228882
212324.5156250000,-91.8443069458
212813.9375000000,-91.8621749878
213304.4843750000,-91.8702163696
213796.1718750000,-91.8872299194
214288.9843750000,-91.9133605957
214782.9375000000,-91.9495239258
215278.2656250000,-92.0063552856
215774.5000000000,-92.0854187012
216271.8750000000,-92.1651306152
216770.3906250000,-92.1916961670
217270.0625000000,-92.1930847168
217770.8906250000,-92.1983413696
218273.1093750000,-92.2086334229
218776.2343750000,-92.2108154297
219280.5312500000,-92.2156066895
219785.9843750000,-92.2425613403
220292.6093750000,-92.2526550293
220800.4062500000,-92.2802734375
221309.3593750000,-92.3162231445
221819.7343750000,-92.3310089111
222331.0468750000,-92.3381347656
222843.5468750000,-92.4370346069
223357.2031250000,-92.4535598755
223872.0625000000,-92.4552688599
224388.1093750000,-92.5001373291
224905.5781250000,-92.5007171631
225424.0000000000,-92.5193252563
225943.6250000000,-92.5363540649
226464.4375000000,-92.5649719238
226986.4531250000,-92.5760803223
227509.6718750000,-92.6109085083
228034.1093750000,-92.6121520996
228559.9843750000,-92.6235504150
229086.8281250000,-92.7229995728
229614.8906250000,-92.7910232544
230144.1718750000,-92.8499374390
230674.6718750000,-92.9163436890
231206.3906250000,-92.9852447510
231739.3437500000,-93.0198669434
232273.7812500000,-93.0617218018
232809.1875000000,-93.0734100342
233345.8281250000,-93.0789489746
233883.7031250000,-93.0898895264
234422.8125000000,-93.0935134888
234963.1875000000,-93.1185607910
235505.0468750000,-93.1207656860
236047.9062500000,-93.1211547852
236592.0156250000,-93.1379928589
237137.3750000000,-93.1706237793
237683.9843750000,-93.1850204468
238231.8750000000,-93.1957092285
238781.0156250000,-93.2113113403
239331.6718750000,-93.2426910400
239883.3593750000,-93.2606277466
240436.2968750000,-93.2683334351
240990.5312500000,-93.2861633301
241546.0312500000,-93.3544311523
242102.8125000000,-93.3692932129
242661.1406250000,-93.3815155029
243220.4843750000,-93.4045028687
243781.1250000000,-93.4096755981
244343.0625000000,-93.4330291748
244906.2968750000,-93.4376220703
245470.8125000000,-93.4859466553
246036.6406250000,-93.5588760376
246604.0468750000,-93.5949020386
247172.4843750000,-93.5991897583
247742.2343750000,-93.6008911133
248313.2968750000,-93.6443099976
248885.6718750000,-93.6928787231
249459.3750000000,-93.8154525757
250034.4062500000,-93.9102096558
250611.0156250000,-93.9535827637
251188.7031250000,-93.9643936157
251767.7031250000,-93.9762878418
252348.0468750000,-93.9768524170
252929.7343750000,-93.9911422729
253512.7500000000,-94.0585021973
254097.3906250000,-94.1176757813
254683.1093750000,-94.1304931641
255270.1718750000,-94.1392059326
255858.5781250000,-94.1453399658
256448.3593750000,-94.1476516724
257039.4843750000,-94.1514053345
257631.9843750000,-94.1531600952
258226.1250000000,-94.1826248169
258821.3593750000,-94.2311325073
259417.9531250000,-94.2320327759
260015.9375000000,-94.2394638062
260615.2812500000,-94.3169479370
261216.0312500000,-94.3430633545
261818.4375000000,-94.3462905884
262421.9375000000,-94.3747406006
263026.8437500000,-94.4303741455
263633.1562500000,-94.4606552124
264240.8437500000,-94.4747695923
264849.9375000000,-94.4820785522
265460.4375000000,-94.4920272827
266072.6250000000,-94.5003814697
266685.9375000000,-94.5456390381
267300.6562500000,-94.5548248291
267916.8125000000,-94.5559616089
268534.3750000000,-94.5983734131
269153.3750000000,-94.6267776489
269774.0937500000,-94.6320648193
270395.9375000000,-94.6330566406
271019.2187500000,-94.6599731445
271643.9375000000,-94.7124328613
272270.0937500000,-94.7175140381
272897.6875000000,-94.7351074219
273526.7500000000,-94.7529907227
274157.5312500000,-94.8550872803
274789.5000000000,-94.9832916260
275422.9062500000,-95.0645980835
276057.7812500000,-95.0887756348
276694.0937500000,-95.0920562744
277331.9062500000,-95.0975036621
277971.1875000000,-95.1025238037
278612.2187500000,-95.1222229004
279254.4375000000,-95.1265335083
279898.1562500000,-95.1326446533
280543.3437500000,-95.1547393799
281190.0000000000,-95.1559448242
281838.1562500000,-95.2173843384
282488.1250000000,-95.2943191528
283139.2812500000,-95.3288116455
283791.9375000000,-95.3762359619
284446.0937500000,-95.4261856079
285101.7812500000,-95.4440002441
285758.9687500000,-95.4440612793
286417.6562500000,-95.4738922119
287078.1875000000,-95.4753723145
287739.9062500000,-95.4768142700
288403.1875000000,-95.4885482788
289067.9687500000,-95.4890518188
289734.2812500000,-95.4899215698
290402.1562500000,-95.6070785522
291071.8750000000,-95.6410064697
291742.8125000000,-95.6591339111
292415.2812500000,-95.7276000977
293089.3437500000,-95.7347564697
293764.9062500000,-95.7551651001
294442.0625000000,-95.7624740601
295120.7812500000,-95.7737731934
295801.3750000000,-95.7801055908
296483.2187500000,-95.8163070679
297166.6250000000,-95.8163452148
297851.6250000000,-95.8503494263
298538.1875000000,-95.9474105835
299226.3437500000,-95.9706268311
299916.4062500000,-95.9996871948
300607.7500000000,-96.0977096558
301300.6562500000,-96.1478958130
301995.1875000000,-96.1966247559
302691.3125000000,-96.2360992432
303389.0312500000,-96.2443695068
304088.3750000000,-96.2461090088
304789.6562500000,-96.2476425171
305492.2187500000,-96.2528381348
306196.3750000000,-96.2546844482
306902.1875000000,-96.2615356445
307609.6250000000,-96.2624588013
308318.6875000000,-96.2643280029
309029.3750000000,-96.2707290649
309742.0625000000,-96.2721252441
310456.0312500000,-96.2766647339
311171.6562500000,-96.2929229736
311888.9375000000,-96.3148727417
312607.8437500000,-96.3435516357
313328.4375000000,-96.3785324097
314051.0312500000,-96.4177780151
314774.9375000000,-96.4581069946
315500.5000000000,-96.4962158203
316227.7812500000,-96.5295715332
316956.6875000000,-96.5570602417
317687.3125000000,-96.5791473389
318419.5937500000,-96.5974960327
319153.9375000000,-96.6142044067
319889.5937500000,-96.6310119629
320626.9687500000,-96.6488800049
321366.0312500000,-96.6681289673
322106.8125000000,-96.6891021729
322849.2812500000,-96.7128982544
323593.8125000000,-96.7415771484
324339.7187500000,-96.7773056030
325087.3750000000,-96.8209762573
325836.7187500000,-96.8706665039
326587.7812500000,-96.9210815430
327340.5937500000,-96.9646606445
328095.1250000000,-96.9898376465
328851.7812500000,-96.9941177368
329609.8125000000,-96.9942092896
330369.5937500000,-97.0006408691
331131.0937500000,-97.0034408569
331894.3750000000,-97.0062789917
332659.4375000000,-97.0337753296
333426.2187500000,-97.0897598267
334195.1562500000,-97.1639328003
334965.5000000000,-97.2480316162
335737.6250000000,-97.3324661255
336511.5312500000,-97.4085617065
337287.2187500000,-97.4702377319
338064.6875000000,-97.5148468018
338844.3125000000,-97.5176696777
339625.3750000000,-97.5197982788
340408.2500000000,-97.5245513916
341192.9062500000,-97.5280227661
341979.3750000000,-97.5390548706
342767.6562500000,-97.5424499512
343557.7812500000,-97.5429382324
344350.0625000000,-97.5498733521
345143.8125000000,-97.5572586060
345939.4062500000,-97.5579833984
346736.8125000000,-97.5612487793
347536.0625000000,-97.5926361084
348337.1562500000,-97.6636657715
349140.5000000000,-97.7205581665
349945.2812500000,-97.7796478271
350751.9375000000,-97.8357009888
351560.4375000000,-97.8828125000
352370.8125000000,-97.8971405029
353183.0625000000,-97.9016799927
353997.1562500000,-97.9088668823
354813.5312500000,-97.9154891968
355631.4062500000,-97.9155578613
356451.1562500000,-97.9284210205
357272.8125000000,-97.9303970337
358096.3437500000,-97.9377670288
358921.7812500000,-97.9787673950
359749.5312500000,-98.0435409546
360578.7812500000,-98.0954284668
361409.9375000000,-98.1186676025
362243.0000000000,-98.1368713379
363078.0000000000,-98.1540145874
363914.9375000000,-98.1725845337
364753.7812500000,-98.1928405762
365594.9687500000,-98.2134552002
366437.6875000000,-98.2330093384
367282.3437500000,-98.2511672974
368128.9687500000,-98.2790298462
368977.5312500000,-98.3120269775
369828.0312500000,-98.3380813599
370680.5312500000,-98.3647842407
371535.3750000000,-98.3888015747
372391.7812500000,-98.4074707031
373250.1875000000,-98.4203338623
374110.5625000000,-98.4296112061
374972.9062500000,-98.4467849731
375837.2500000000,-98.4769210815
376703.9687500000,-98.5080490112
377572.3125000000,-98.5449752808
378442.6562500000,-98.5829315186
379314.9687500000,-98.6167144775
380189.3437500000,-98.6428527832
381065.6875000000,-98.6674041748
381944.0625000000,-98.6851272583
382824.9062500000,-98.6974716187
383707.3437500000,-98.7104263306
384591.8125000000,-98.7167205811
385478.3125000000,-98.7205200195
386366.8750000000,-98.7209014893
387257.5000000000,-98.7254409790
388150.5625000000,-98.7281723022
389045.2812500000,-98.7577285767
389942.0625000000,-98.8059082031
390840.9062500000,-98.8681640625
391741.8125000000,-98.9709930420
392644.8125000000,-99.0677871704
393549.8750000000,-99.1227264404
394457.4687500000,-99.1698837280
395366.7187500000,-99.2019195557
396278.0937500000,-99.2096099854
397191.5312500000,-99.2117004395
398107.0937500000,-99.2135467529
399024.7500000000,-99.2380828857
399944.9687500000,-99.2548217773
400866.8750000000,-99.2760162354
401790.9062500000,-99.2768325806
402717.0625000000,-99.2863693237
403645.3437500000,-99.2987594604
404575.7812500000,-99.3011245728
405508.3437500000,-99.3041992188
406443.5312500000,-99.3782272339
407380.4062500000,-99.4526062012
408319.4375000000,-99.4666442871
409260.6562500000,-99.4788360596
410204.0312500000,-99.4924545288
411149.5625000000,-99.5144653320
412097.3125000000,-99.5151138306
413047.6562500000,-99.5235061646
413999.7812500000,-99.5514144897
414954.0625000000,-99.5587158203
415910.5625000000,-99.5681991577
416869.2812500000,-99.6624221802
417830.1875000000,-99.7512130737
418793.7812500000,-99.7965164185
419759.1250000000,-99.8092880249
420726.6875000000,-99.8147888184
421696.5000000000,-99.8232879639
422668.5312500000,-99.8284072876
423642.8125000000,-99.8339233398
424619.3437500000,-99.8468780518
425598.5937500000,-99.8516769409
426579.6250000000,-99.8549652100
427562.9375000000,-99.8789672852
428548.5000000000,-99.9679183960
429536.3125000000,-100.0436859131
430526.4375000000,-100.1249389648
431519.3125000000,-100.2404556274
432514.0000000000,-100.3241806030
433510.9687500000,-100.3270721436
434510.2500000000,-100.3345260620
435511.8125000000,-100.3384780884
436515.6875000000,-100.3429489136
437521.9062500000,-100.3558959961
438530.9062500000,-100.3764953613
439541.7500000000,-100.3848495483
440554.9062500000,-100.3887100220
441570.4375000000,-100.4084701538
442588.2812500000,-100.4087448120
443608.4687500000,-100.4160995483
444631.0312500000,-100.4511718750
445656.4062500000,-100.4711914063
446683.6875000000,-100.4813461304
447713.3125000000,-100.4954376221
448745.3437500000,-100.4971771240
449779.7187500000,-100.5182495117
450816.5000000000,-100.5449142456
451856.1562500000,-100.5542373657
452897.7187500000,-100.5640106201
453941.6875000000,-100.5666275024
454988.0625000000,-100.6697845459
456036.8437500000,-100.7745208740
457088.0312500000,-100.8332595825
458141.6562500000,-100.8964767456
459198.1875000000,-100.9355392456
460256.6875000000,-100.9473648071
461317.6250000000,-100.9513244629
462380.9687500000,-100.9534606934
463446.8125000000,-100.9732513428
464515.0937500000,-101.0133361816
465586.3437500000,-101.0476608276
466659.5312500000,-101.0904846191
467735.2187500000,-101.1132507324
468813.3750000000,-101.1150588989
469894.0312500000,-101.1157150269
470977.1875000000,-101.1330490112
472062.8125000000,-101.1690902710
473151.4687500000,-101.2035598755
474242.1250000000,-101.2606277466
475335.2812500000,-101.3105010986
476430.9687500000,-101.3345565796
477529.1562500000,-101.3377761841
478629.9062500000,-101.3412780762
479733.7187500000,-101.3726272583
480839.5312500000,-101.4196853638
481947.9062500000,-101.4611206055
483058.8125000000,-101.4706954956
484172.3125000000,-101.4730453491
485288.3437500000,-101.5017013550
486406.9687500000,-101.5036163330
487528.7187500000,-101.5144958496
488652.5000000000,-101.5578994751
489778.8750000000,-101.5618057251
490907.8437500000,-101.6023483276
492039.4375000000,-101.6161956787
493173.6250000000,-101.6361465454
494310.4375000000,-101.6378250122
495450.3750000000,-101.7175064087
496592.4375000000,-101.7866668701
497737.1250000000,-101.8409500122
498884.4375000000,-101.8923187256
500034.4062500000,-101.9489059448
501187.0000000000,-101.9606246948
502342.8437500000,-101.9618835449
503500.7812500000,-101.9906463623
504661.3750000000,-101.9993209839
505824.6562500000,-102.0060424805
506990.6250000000,-102.0266799927
508159.2812500000,-102.0474472046
509330.6250000000,-102.0528793335
510505.2187500000,-102.0572814941
511681.9687500000,-102.0638885498
512861.4375000000,-102.0653686523
514043.6250000000,-102.0654830933
515228.5312500000,-102.0667724609
516416.1562500000,-102.0677490234
517607.0937500000,-102.0684509277
518800.2187500000,-102.1166076660
519996.0937500000,-102.1674804688
521194.7187500000,-102.2124862671
522396.1250000000,-102.2612152100
523600.2812500000,-102.3523483276
524807.1875000000,-102.4438247681
526017.5000000000,-102.5376358032
527230.0000000000,-102.5446243286
528445.3125000000,-102.5493469238
529663.4375000000,-102.5596542358
530884.3125000000,-102.5719451904
532108.0625000000,-102.5938491821
533335.1875000000,-102.6076126099
534564.5625000000,-102.6171188354
535796.7500000000,-102.6254959106
537031.8125000000,-102.6586608887
538269.6875000000,-102.6986007690
539510.4375000000,-102.7286300659
540754.0625000000,-102.7427902222
542001.1250000000,-102.7527160645
543250.5000000000,-102.7648239136
544502.7500000000,-102.7888793945
545757.8750000000,-102.8370971680
547015.8750000000,-102.8822250366
548276.7500000000,-102.9286804199
549540.5625000000,-102.9781417847
550807.9375000000,-102.9830932617
552077.5625000000,-102.9841156006
553350.1250000000,-102.9967575073
554625.6875000000,-102.9975204468
555904.1250000000,-103.0053863525
557185.5000000000,-103.0648574829
558470.5000000000,-103.1212234497
559757.8125000000,-103.1600036621
561048.0625000000,-103.1651229858
562341.3125000000,-103.1734848022
563637.5625000000,-103.1786575317
564936.8125000000,-103.1799316406
566239.0000000000,-103.1806564331
567544.8750000000,-103.1835861206
568853.0625000000,-103.1920700073
570164.3125000000,-103.2156372070
571478.6250000000,-103.2198562622
572795.8750000000,-103.2300415039
574116.2500000000,-103.2477722168
575440.2500000000,-103.3257904053
576766.6875000000,-103.3718643188
578096.1875000000,-103.3983612061
579428.6875000000,-103.4291305542
580764.3125000000,-103.4737243652
582103.0625000000,-103.5144195557
583444.8125000000,-103.5583572388
584790.3750000000,-103.6225357056
586138.3125000000,-103.6757659912
587489.4375000000,-103.6854400635
588843.6250000000,-103.6874008179
590200.9375000000,-103.7007293701
591561.4375000000,-103.7179336548
592925.0000000000,-103.7234268188
594292.3750000000,-103.7265396118
595662.2500000000,-103.7915344238
597035.3125000000,-103.9068756104
598411.5000000000,-103.9652023315
599790.9375000000,-103.9718551636
601173.4375000000,-103.9992523193
602559.8750000000,-104.0064849854
603948.8125000000,-104.0418777466
605340.9375000000,-104.0456695557
606736.3125000000,-104.0511627197
608134.8750000000,-104.0555419922
609536.6875000000,-104.0754699707
610941.6875000000,-104.0950164795
612350.6250000000,-104.1020431519
613762.1250000000,-104.1102676392
615176.9375000000,-104.1186218262
616594.9375000000,-104.1345825195
618016.2500000000,-104.1657028198
619440.8125000000,-104.1837387085
620869.3750000000,-104.2077484131
622300.5000000000,-104.2159881592
623734.9375000000,-104.3389587402
625172.6875000000,-104.4260787964
626613.7500000000,-104.4317550659
628058.1250000000,-104.4333343506
629505.8750000000,-104.4472885132
630957.6250000000,-104.4588317871
632412.0000000000,-104.5013427734
633869.7500000000,-104.5651626587
635330.8750000000,-104.6278305054
636795.3750000000,-104.6466217041
638263.2500000000,-104.6478729248
639735.1875000000,-104.6671829224
641209.8125000000,-104.6714553833
642687.8750000000,-104.6759262085
644169.3125000000,-104.6881332397
645654.1250000000,-104.7056350708
647142.4375000000,-104.7185668945
648634.1250000000,-104.7199859619
650130.0000000000,-104.7555847168
651628.5625000000,-104.7837982178
653130.6250000000,-104.8072128296
654636.1250000000,-104.8124237061
656145.1250000000,-104.8253555298
657657.6250000000,-104.8936386108
659173.5625000000,-104.8936920166
660693.6875000000,-104.8951187134
662216.6250000000,-104.8986892700
663743.1250000000,-104.9001617432
665273.0625000000,-104.9288253784
666806.5625000000,-104.9537963867
668343.6250000000,-104.9657058716
669884.9375000000,-104.9670333862
671429.0625000000,-105.0947418213
672976.7500000000,-105.0954666138
674528.0000000000,-105.0989685059
676082.8750000000,-105.1016693115
677641.2500000000,-105.1071090698
679203.3125000000,-105.1190185547
680769.6250000000,-105.1318206787
682338.8750000000,-105.1477279663
683911.6875000000,-105.1912841797
685488.1875000000,-105.1961288452
687068.2500000000,-105.2152938843
688652.0000000000,-105.2469863892
690240.1875000000,-105.2503814697
691831.1875000000,-105.3354568481
693425.9375000000,-105.4390869141
695024.3125000000,-105.5568161011
696626.4375000000,-105.6475524902
698232.1875000000,-105.6624450684
699841.6875000000,-105.6749038696
701455.6250000000,-105.7014083862
703072.5000000000,-105.7373352051
704693.1250000000,-105.7454910278
706317.5000000000,-105.7504425049
707945.6250000000,-105.7553558350
709577.5000000000,-105.7632827759
711213.8750000000,-105.7947235107
712853.3125000000,-105.7979278564
714496.5000000000,-105.8170089722
716143.4375000000,-105.9624481201
717794.1875000000,-105.9744186401
719448.7500000000,-106.0245208740
721107.1250000000,-106.0320587158
722770.1250000000,-106.0890502930
724436.1875000000,-106.1075134277
726106.0625000000,-106.1126403809
727779.8125000000,-106.1344604492
729457.3750000000,-106.1404418945
731138.8125000000,-106.1460342407
732824.1250000000,-106.1556091309
734514.1875000000,-106.1567306519
736207.2500000000,-106.1858749390
737904.3125000000,-106.2162170410
739605.1875000000,-106.2210998535
741310.0625000000,-106.2329254150
743018.8125000000,-106.3413009644
744732.3750000000,-106.3419570923
746449.0000000000,-106.3468170166
748169.6250000000,-106.3687515259
749894.1875000000,-106.3840026855
751622.7500000000,-106.4625167847
753355.3125000000,-106.4679336548
755091.8750000000,-106.4812698364
756833.2500000000,-106.4846878052
758577.7500000000,-106.4910278320
760326.3750000000,-106.4949188232
762078.9375000000,-106.5160827637
763835.6250000000,-106.5303268433
765596.3125000000,-106.5448989868
767361.8750000000,-106.5814285278
769130.6875000000,-106.6100921631
770903.6250000000,-106.6154403687
772680.6250000000,-106.7170562744
774461.6875000000,-106.7954864502
776246.8750000000,-106.7956542969
778036.1875000000,-106.7960662842
779830.4375000000,-106.8487472534
781628.0000000000,-106.8958206177
783429.7500000000,-106.9070358276
785235.6250000000,-106.9622039795
787045.6250000000,-107.0507278442
788859.8125000000,-107.1261825562
790678.1875000000,-107.1271057129
792501.6250000000,-107.1294937134
794328.4375000000,-107.1378555298
796159.3750000000,-107.1457138062
797994.6250000000,-107.2113494873
799834.0000000000,-107.2761917114
801677.6875000000,-107.2934112549
803526.5000000000,-107.2964477539
805378.6875000000,-107.2971572876
807235.1250000000,-107.2986602783
809095.8750000000,-107.3078613281
810960.9375000000,-107.3214797974
812830.2500000000,-107.3237991333
814703.8750000000,-107.3253784180
816582.6875000000,-107.3318862915
818465.0000000000,-107.3461380005
820351.6250000000,-107.3609848022
822242.5625000000,-107.3673095703
824137.8750000000,-107.3712539673
826037.6250000000,-107.3855133057
827942.5625000000,-107.3858795166
829851.0625000000,-107.3927154541
831763.9375000000,-107.4088897705
833681.1875000000,-107.4698486328
835602.8750000000,-107.4797668457
837529.0000000000,-107.4852981567
839459.5625000000,-107.5220870972
841395.5000000000,-107.5828704834
843335.0000000000,-107.6597290039
845278.9375000000,-107.7288970947
847227.3750000000,-107.7774353027
849180.2500000000,-107.8467636108
851137.6875000000,-107.9181594849
853100.5625000000,-107.9353103638
855067.0000000000,-107.9399032593
857038.0000000000,-107.9532241821
859013.5625000000,-107.9549407959
860993.6250000000,-107.9706420898
862978.3125000000,-107.9768829346
864967.5000000000,-107.9828033447
866962.2500000000,-107.9829711914
868960.6875000000,-108.0183258057
870963.6875000000,-108.0423507690
872971.3125000000,-108.0521011353
874983.6250000000,-108.0729980469
877000.5000000000,-108.1050262451
879022.0625000000,-108.1100158691
881049.2500000000,-108.1365127563
883080.1250000000,-108.1426391602
885115.6875000000,-108.1910781860
887155.9375000000,-108.2489089966
889200.8750000000,-108.2499771118
891250.5625000000,-108.2575531006
893305.9375000000,-108.2921981812
895365.0625000000,-108.2946166992
897428.9375000000,-108.2995300293
899497.5625000000,-108.3445205688
901571.0000000000,-108.3818969727
903649.1875000000,-108.4314041138
905732.1250000000,-108.4401779175
907820.9375000000,-108.4443969727
909913.5000000000,-108.5050964355
912010.9375000000,-108.5081481934
914113.1875000000,-108.5312194824
916220.2500000000,-108.5319137573
918332.1875000000,-108.5483245850
920450.0625000000,-108.6617431641
922571.7500000000,-108.6802520752
924698.3750000000,-108.7007827759
926829.8125000000,-108.7049942017
928966.2500000000,-108.7594985962
931107.5625000000,-108.7607192993
933253.8750000000,-108.8057022095
935406.0625000000,-108.8094711304
937562.2500000000,-108.8146286011
939723.4375000000,-108.9233169556
941889.5625000000,-108.9291381836
944060.6875000000,-108.9455184937
946236.8125000000,-108.9495391846
948419.0000000000,-108.9558334351
950605.1250000000,-108.9706039429
952796.3750000000,-109.0887908936
954992.6250000000,-109.0938949585
957193.9375000000,-109.1033935547
959400.3750000000,-109.1054229736
961611.8125000000,-109.1158828735
963829.5000000000,-109.1252746582
966051.1875000000,-109.1319808960
968278.0000000000,-109.1411666870
970509.9375000000,-109.2108688354
972747.0625000000,-109.2232437134
974989.3125000000,-109.2332077026
977236.6875000000,-109.2838897705
979490.3750000000,-109.3376159668
981748.1875000000,-109.3818435669
984011.1875000000,-109.4026031494
986279.3750000000,-109.4385528564
988552.8125000000,-109.4423294067
990831.5000000000,-109.4461364746
993116.5625000000,-109.4461593628
995405.7500000000,-109.4604034424
997700.2500000000,-109.4633255005
1000000.0000000000,-109.4875869751
1002305.0625000000,-109.5227508545
1004615.4375000000,-109.5646820068
1006931.1875000000,-109.5652542114
1009253.3125000000,-109.5778045654
1011579.7500000000,-109.5819168091
1013911.5000000000,-109.6128692627
1016248.6250000000,-109.6380310059
1018591.1250000000,-109.6629409790
1020939.0625000000,-109.6658172607
1023293.5625000000,-109.7131423950
1025652.3125000000,-109.7615585327
1028016.5000000000,-109.8040237427
1030386.1250000000,-109.8379287720
1032761.2500000000,-109.8645248413
1035141.8750000000,-109.8850936890
1037527.9375000000,-109.9019012451
1039920.6250000000,-109.9214859009
1042317.7500000000,-109.9474716187
1044720.3750000000,-109.9805603027
1047128.5000000000,-110.0204467773
1049542.2500000000,-110.0652618408
1051961.5000000000,-110.1089706421
1054386.3750000000,-110.1481323242
1056817.8750000000,-110.1815414429
1059254.0000000000,-110.2089385986
1061695.6250000000,-110.2314529419
1064142.8750000000,-110.2536926270
1066595.8750000000,-110.2783508301
1069054.3750000000,-110.3062362671
1071519.8750000000,-110.3371276855
1073989.7500000000,-110.3689117432
1076465.3750000000,-110.3963470459
1078946.7500000000,-110.4170150757
1081433.7500000000,-110.4303436279
1083926.5000000000,-110.4372024536
1086425.0000000000,-110.4400634766
1088930.5000000000,-110.4445419312
1091440.6250000000,-110.4547882080
1093956.5000000000,-110.4723815918
1096478.1250000000,-110.4978790283
1099005.5000000000,-110.5308303833
1101538.8750000000,-110.5700912476
1104079.1250000000,-110.6121520996
1106624.1250000000,-110.6519927979
1109175.0000000000,-110.6858520508
1111731.7500000000,-110.7110214233
1114294.3750000000,-110.7266540527
1116862.8750000000,-110.7347640991
1119437.3750000000,-110.7440261841
1122019.0000000000,-110.7641220093
1124605.2500000000,-110.8009567261
1127197.6250000000,-110.8570480347
1129795.8750000000,-110.9309310913
1132400.1250000000,-111.0169296265
1135010.3750000000,-111.1040954590
1137627.8750000000,-111.1776123047
1140250.2500000000,-111.2172775269
1142878.6250000000,-111.2179412842
1145513.0000000000,-111.2296142578
1148153.5000000000,-111.2319564819
1150800.0000000000,-111.2364730835
1153452.7500000000,-111.2505950928
1156112.7500000000,-111.2571487427
1158777.7500000000,-111.2620773315
1161448.7500000000,-111.2713470459
1164126.0000000000,-111.3168411255
1166809.3750000000,-111.3643264771
1169499.0000000000,-111.4046936035
1172194.7500000000,-111.4314422607
1174898.0000000000,-111.4439163208
1177606.2500000000,-111.4504394531
1180320.7500000000,-111.4639434814
1183041.3750000000,-111.4906005859
1185768.3750000000,-111.5290603638
1188501.7500000000,-111.5712432861
1191242.6250000000,-111.6041336060
1193988.5000000000,-111.6061019897
1196740.7500000000,-111.6073379517
1199499.2500000000,-111.6142120361
1202264.2500000000,-111.6247863770
1205035.5000000000,-111.6253280640
1207813.2500000000,-111.6262207031
1210598.6250000000,-111.6567230225
1213389.1250000000,-111.6915130615
1216186.1250000000,-111.7242736816
1218989.5000000000,-111.7527236938
1221799.3750000000,-111.7793502808
1224615.7500000000,-111.8096237183
1227439.8750000000,-111.8486557007
1230269.2500000000,-111.8980178833
1233105.0000000000,-111.9546890259
1235947.5000000000,-112.0123062134
1238796.3750000000,-112.0637664795
1241651.8750000000,-112.1064224243
1244514.0000000000,-112.1411666870
1247384.1250000000,-112.1706237793
1250259.3750000000,-112.1970748901
1253141.3750000000,-112.2213821411
1256029.8750000000,-112.2426757813
1258925.1250000000,-112.2561340332
1261827.0000000000,-112.2581481934
1264737.0000000000,-112.2589874268
1267652.3750000000,-112.2640609741
1270574.3750000000,-112.2647171021
1273503.1250000000,-112.2682418823
1276438.6250000000,-112.2695999146
1279380.8750000000,-112.2838211060
1282330.0000000000,-112.3130111694
1285287.2500000000,-112.3468017578
1288250.0000000000,-112.3812026978
1291219.5000000000,-112.4152755737
1294195.7500000000,-112.4498672485
1297179.0000000000,-112.4844589233
1300169.1250000000,-112.5154876709
1303166.1250000000,-112.5388565063
1306171.3750000000,-112.5550765991
1309182.2500000000,-112.5719757080
1312200.0000000000,-112.6013641357
1315224.7500000000,-112.6510848999
1318256.3750000000,-112.7194824219
1321295.1250000000,-112.7950973511
1324342.2500000000,-112.8403930664
1327394.8750000000,-112.8471527100
1330454.6250000000,-112.8533706665
1333521.3750000000,-112.8615798950
1336595.2500000000,-112.8727645874
1339676.2500000000,-112.8794708252
1342764.2500000000,-112.9062194824
1345860.8750000000,-112.9064483643
1348963.2500000000,-112.9098205566
1352072.7500000000,-112.9190750122
1355189.3750000000,-112.9474334717
1358313.1250000000,-112.9755401611
1361444.1250000000,-112.9853973389
1364583.8750000000,-112.9888763428
1367729.3750000000,-112.9892578125
1370882.0000000000,-112.9893112183
1374042.0000000000,-113.0122299194
1377209.2500000000,-113.0606918335
1380383.8750000000,-113.1333618164
1383565.7500000000,-113.2210693359
1386756.5000000000,-113.2962493896
1389953.0000000000,-113.2964324951
1393157.0000000000,-113.3081817627
1396368.2500000000,-113.3096771240
1399587.0000000000,-113.3174362183
1402813.1250000000,-113.3311462402
1406046.7500000000,-113.3589019775
1409289.3750000000,-113.3642578125
1412537.8750000000,-113.3854217529
1415793.8750000000,-113.4012908936
1419057.3750000000,-113.4319534302
1422328.3750000000,-113.4335556030
1425607.0000000000,-113.4551315308
1428894.6250000000,-113.4558868408
1432188.3750000000,-113.4661483765
1435489.6250000000,-113.4714736938
1438798.5000000000,-113.4762649536
1442115.1250000000,-113.4822082520
1445439.2500000000,-113.4855728149
1448771.1250000000,-113.4869613647
1452112.2500000000,-113.5366439819
1455459.5000000000,-113.6607742310
1458814.3750000000,-113.7834930420
1462177.0000000000,-113.8849105835
1465547.5000000000,-113.9465026855
1468925.6250000000,-113.9484710693
1472313.2500000000,-113.9555816650
1475707.0000000000,-113.9670791626
1479108.6250000000,-113.9815826416
1482518.1250000000,-113.9949111938
1485935.3750000000,-113.9988250732
1489360.6250000000,-114.0230941772
1492793.6250000000,-114.0332260132
1496236.3750000000,-114.0441131592
1499685.2500000000,-114.0441513062
1503142.1250000000,-114.0522003174
1506607.0000000000,-114.0539093018
1510079.7500000000,-114.0921096802
1513560.6250000000,-114.1383743286
1517051.1250000000,-114.1820373535
1520548.1250000000,-114.2245101929
1524053.0000000000,-114.2673568726
1527566.1250000000,-114.3341140747
1531087.2500000000,-114.4050140381
1534616.5000000000,-114.4560928345
1538153.8750000000,-114.5090560913
1541701.1250000000,-114.5311737061
1545254.8750000000,-114.5342178345
1548816.8750000000,-114.5429077148
1552387.0000000000,-114.5550308228
1555965.3750000000,-114.5593185425
1559551.8750000000,-114.5680999756
1563146.7500000000,-114.5815505981
1566751.7500000000,-114.5976791382
1570363.1250000000,-114.5990905762
1573983.0000000000,-114.6060638428
1577611.1250000000,-114.6194000244
1581247.6250000000,-114.6420669556
1584892.5000000000,-114.6902160645
1588547.5000000000,-114.7336578369
1592209.2500000000,-114.7486724854
1595879.3750000000,-114.7537918091
1599558.0000000000,-114.7652664185
1603245.1250000000,-114.7759933472
1606940.7500000000,-114.7827835083
1610644.8750000000,-114.8064880371
1614359.2500000000,-114.8091049194
1618080.5000000000,-114.8102264404
1621810.2500000000,-114.8649597168
1625548.6250000000,-114.9263153076
1629295.6250000000,-114.9681091309
1633051.2500000000,-115.0067672729
1636817.3750000000,-115.0403747559
1640590.3750000000,-115.0844726563
1644372.0000000000,-115.1329498291
1648162.3750000000,-115.1748733521
1651961.5000000000,-115.2245483398
1655769.5000000000,-115.3017807007
1659586.1250000000,-115.3661499023
1663413.3750000000,-115.3945159912
1667247.6250000000,-115.4121856689
1671090.7500000000,-115.4222106934
1674942.7500000000,-115.4230194092
1678803.6250000000,-115.4241867065
1682673.3750000000,-115.4354476929
1686554.0000000000,-115.4541244507
1690441.6250000000,-115.4677963257
1694338.1250000000,-115.4812469482
1698243.7500000000,-115.4849777222
1702158.2500000000,-115.5010681152
1706081.8750000000,-115.5077285767
1710014.5000000000,-115.5080947876
1713958.1250000000,-115.5193023682
1717908.8750000000,-115.5319824219
1721868.8750000000,-115.5507507324
1725837.8750000000,-115.5722503662
1729816.0000000000,-115.5995025635
1733803.3750000000,-115.6012039185
1737799.8750000000,-115.6260070801
1741807.6250000000,-115.6642227173
1745822.6250000000,-115.6845474243
1749846.7500000000,-115.6935195923
1753880.3750000000,-115.7279205322
1757923.1250000000,-115.8155899048
1761975.2500000000,-115.9224014282
1766038.7500000000,-116.0048675537
1770109.5000000000,-116.0500106812
1774189.7500000000,-116.0561218262
1778279.3750000000,-116.0613555908
1782378.5000000000,-116.0660095215
1786487.0000000000,-116.0802230835
1790605.0000000000,-116.0971221924
1794734.3750000000,-116.1000747681
1798871.3750000000,-116.1036224365
1803017.8750000000,-116.1062850952
1807174.0000000000,-116.1125869751
1811339.6250000000,-116.1268615723
1815514.8750000000,-116.1313018799
1819701.8750000000,-116.1479415894
1823896.3750000000,-116.1533126831
1828100.6250000000,-116.1741790771
1832314.5000000000,-116.2143859863
1836538.1250000000,-116.2305755615
1840771.3750000000,-116.2571105957
1845014.5000000000,-116.2699432373
1849269.5000000000,-116.2747421265
1853532.1250000000,-116.3764801025
1857804.6250000000,-116.4661483765
1862087.0000000000,-116.5030899048
1866379.2500000000,-116.5186538696
1870681.3750000000,-116.5208663940
1874993.5000000000,-116.5217361450
1879317.5000000000,-116.5431747437
1883649.5000000000,-116.5688323975
1887991.5000000000,-116.6064224243
1892343.3750000000,-116.6335525513
1896705.3750000000,-116.6523513794
1901077.3750000000,-116.6763916016
1905461.6250000000,-116.7132263184
1909853.8750000000,-116.7530670166
1914256.2500000000,-116.7741165161
1918668.7500000000,-116.7919082642
1923091.3750000000,-116.8027267456
1927524.2500000000,-116.8196640015
1931967.3750000000,-116.8440475464
1936422.7500000000,-116.8695526123
1940886.3750000000,-116.8950042725
1945360.2500000000,-116.9280471802
1949844.3750000000,-116.9669113159
1954339.0000000000,-116.9689788818
1958843.8750000000,-116.9807205200
1963361.2500000000,-116.9951095581
1967887.0000000000,-116.9997100830
1972423.1250000000,-117.0063781738
1976969.6250000000,-117.0165710449
1981526.7500000000,-117.0600357056
1986094.2500000000,-117.1245880127
1990672.3750000000,-117.1700210571
1995263.2500000000,-117.2152175903
1999862.3750000000,-117.2762527466
2004472.2500000000,-117.2915878296
2009092.7500000000,-117.3048171997
2013723.7500000000,-117.3163299561
2018365.6250000000,-117.3366165161
2023020.2500000000,-117.3507919312
2027683.5000000000,-117.3515319824
2032357.3750000000,-117.3627624512
2037042.1250000000,-117.4233474731
2041737.6250000000,-117.5010604858
2046444.0000000000,-117.5610275269
2051161.2500000000,-117.5940093994
2055891.5000000000,-117.6061401367
2060630.5000000000,-117.6467514038
2065380.3750000000,-117.7040481567
2070141.2500000000,-117.7093353271
2074913.1250000000,-117.7186965942
2079695.8750000000,-117.7207717896
2084489.7500000000,-117.7344360352
2089297.0000000000,-117.7402648926
2094112.8750000000,-117.7517395020
2098940.0000000000,-117.7613830566
2103778.2500000000,-117.7697143555
2108627.5000000000,-117.7780075073
2113488.0000000000,-117.7958297729
2118362.2500000000,-117.8057937622
2123245.2500000000,-117.8495788574
2128139.5000000000,-117.9158782959
2133045.0000000000,-117.9693069458
2137961.7500000000,-118.0095520020
2142889.7500000000,-118.0172882080
2147829.5000000000,-118.0249862671
2152782.7500000000,-118.0336380005
2157745.0000000000,-118.0518798828
2162718.7500000000,-118.0843200684
2167704.0000000000,-118.0861053467
2172700.7500000000,-118.0883026123
2177708.7500000000,-118.1121902466
2182731.0000000000,-118.1347274780
2187762.5000000000,-118.1783065796
2192805.2500000000,-118.1802749634
2197860.0000000000,-118.1892547607
2202926.2500000000,-118.2298202515
2208004.0000000000,-118.2494049072
2213093.7500000000,-118.2603302002
2218197.5000000000,-118.2624588013
2223310.5000000000,-118.2673645020
2228435.5000000000,-118.2798614502
2233572.0000000000,-118.2845001221
2238720.7500000000,-118.3126907349
2243881.0000000000,-118.3134994507
2249055.7500000000,-118.3694534302
2254240.0000000000,-118.3841323853
2259436.2500000000,-118.4025421143
2264644.5000000000,-118.4199371338
2269864.5000000000,-118.4431915283
2275096.7500000000,-118.4653701782
2280341.0000000000,-118.4798126221
2285600.0000000000,-118.5571899414
2290868.2500000000,-118.7291107178
2296149.0000000000,-118.8067169189
2301441.7500000000,-118.8220901489
2306746.7500000000,-118.8246154785
2312064.0000000000,-118.8579940796
2317393.5000000000,-118.8804092407
2322737.7500000000,-118.8812942505
2328091.7500000000,-118.8963546753
2333458.2500000000,-118.9733581543
2338837.0000000000,-118.9791259766
2344228.2500000000,-118.9797821045
2349631.7500000000,-118.9894943237
2355050.5000000000,-119.0034561157
2360479.0000000000,-119.0057525635
2365920.0000000000,-119.0145263672
2371373.7500000000,-119.0183105469
2376840.0000000000,-119.0203094482
2382318.7500000000,-119.0316925049
2387810.0000000000,-119.0529632568
2393316.7500000000,-119.0551986694
2398833.5000000000,-119.0601654053
2404363.0000000000,-119.0887985229
2409905.2500000000,-119.1636962891
2415460.2500000000,-119.2018814087
2421028.0000000000,-119.2280273438
2426611.2500000000,-119.2447280884
2432205.0000000000,-119.2480468750
2437811.2500000000,-119.2522125244
2443430.5000000000,-119.2525024414
2449063.0000000000,-119.2622909546
2454708.2500000000,-119.2770614624
2460366.5000000000,-119.2788238525
2466040.5000000000,-119.3137969971
2471724.7500000000,-119.4104614258
2477422.2500000000,-119.5140762329
2483133.0000000000,-119.5937576294
2488856.7500000000,-119.6018142700
2494593.7500000000,-119.6084136963
2500344.0000000000,-119.6360321045
2506110.2500000000,-119.6397781372
2511887.0000000000,-119.6461105347
2517677.0000000000,-119.6461334229
2523480.5000000000,-119.6649703979
2529297.2500000000,-119.6876907349
2535127.5000000000,-119.7098617554
2540974.0000000000,-119.7373657227
2546831.0000000000,-119.7455291748
2552701.7500000000,-119.7675323486
2558585.7500000000,-119.8875350952
2564483.5000000000,-119.9106140137
2570395.0000000000,-119.9255523682
2576319.7500000000,-119.9397201538
2582261.2500000000,-119.9540863037
2588213.5000000000,-119.9626693726
2594179.5000000000,-119.9684906006
2600159.2500000000,-119.9975509644
2606153.0000000000,-119.9985656738
2612160.2500000000,-120.0015792847
2618184.2500000000,-120.0066909790
2624219.5000000000,-120.0485153198
2630268.5000000000,-120.0733108521
2636331.5000000000,-120.0820770264
2642408.2500000000,-120.1193161011
2648499.2500000000,-120.1513519287
2654604.2500000000,-120.1522674561
2660726.2500000000,-120.1563415527
2666859.5000000000,-120.2728500366
2673006.7500000000,-120.3960494995
2679168.2500000000,-120.4693374634
2685343.7500000000,-120.4907455444
2691533.7500000000,-120.4962387085
2697741.0000000000,-120.5169906616
2703959.2500000000,-120.5277862549
2710192.2500000000,-120.5415039063
2716439.2500000000,-120.5504608154
2722701.0000000000,-120.5506820679
2728977.0000000000,-120.5515060425
2735267.5000000000,-120.5619125366
2741575.5000000000,-120.5676651001
2747895.0000000000,-120.6301269531
2754229.0000000000,-120.7027969360
2760577.7500000000,-120.7115173340
2766941.0000000000,-120.7220916748
2773319.0000000000,-120.7356567383
2779711.7500000000,-120.7391204834
2786122.2500000000,-120.7433624268
2792544.5000000000,-120.7862167358
2798981.5000000000,-120.8055648804
2805433.2500000000,-120.8059921265
2811900.0000000000,-120.8345031738
2818381.7500000000,-120.8364334106
2824881.2500000000,-120.8538970947
2831393.0000000000,-120.8732833862
2837919.5000000000,-120.9199905396
2844461.0000000000,-120.9387130737
2851017.7500000000,-120.9631805420
2857589.5000000000,-120.9646911621
2864176.5000000000,-121.0002365112
2870781.7500000000,-121.0017166138
2877399.2500000000,-121.0038146973
2884031.7500000000,-121.0246429443
2890679.7500000000,-121.0356140137
2897343.0000000000,-121.1130981445
2904021.5000000000,-121.1229019165
2910718.7500000000,-121.1529769897
2917428.0000000000,-121.1759033203
2924153.0000000000,-121.2237472534
2930893.2500000000,-121.2426300049
2937649.2500000000,-121.2685317993
2944420.7500000000,-121.2890090942
2951207.7500000000,-121.2982711792
2958013.7500000000,-121.3108444214
2964832.2500000000,-121.3367614746
2971666.2500000000,-121.3466796875
2978516.2500000000,-121.4257278442
2985382.0000000000,-121.4345397949
2992263.5000000000,-121.4346237183
2999164.2500000000,-121.4420242310
3006077.5000000000,-121.4699325562
3013006.7500000000,-121.4701995850
3019951.7500000000,-121.5002593994
3026913.0000000000,-121.5278549194
3033890.2500000000,-121.5493698120
3040883.7500000000,-121.5708694458
3047896.5000000000,-121.5939941406
3054922.0000000000,-121.6200790405
3061963.7500000000,-121.6497802734
3069022.0000000000,-121.6813278198
3076096.2500000000,-121.7136001587
3083186.7500000000,-121.7427520752
3090293.7500000000,-121.7713317871
3097420.5000000000,-121.7984466553
3104560.2500000000,-121.8284225464
3111716.5000000000,-121.8606796265
3118889.2500000000,-121.9014663696
3126078.5000000000,-121.9447555542
3133284.5000000000,-121.9936752319
3140510.2500000000,-122.0410690308
3147749.2500000000,-122.0865936279
3155005.2500000000,-122.1216583252
3162277.7500000000,-122.1477584839
3169567.0000000000,-122.1512603760
3176873.0000000000,-122.1519470215
3184196.0000000000,-122.1520996094
3191539.2500000000,-122.1615829468
3198896.0000000000,-122.1649780273
3206269.7500000000,-122.1654815674
3213660.2500000000,-122.1697235107
3221068.0000000000,-122.1723098755
3228492.7500000000,-122.1961364746
3235938.2500000000,-122.2339477539
3243397.2500000000,-122.2829666138
3250873.5000000000,-122.3294525146
3258367.0000000000,-122.3734741211
3265877.7500000000,-122.4012222290
3273406.0000000000,-122.4226760864
3280951.2500000000,-122.4323196411
3288517.7500000000,-122.4419479370
3296098.0000000000,-122.4519500732
3303695.7500000000,-122.4759521484
3311311.0000000000,-122.5065612793
3318944.0000000000,-122.5462722778
3326594.2500000000,-122.5894927979
3334262.2500000000,-122.6313171387
3341951.7500000000,-122.6658096313
3349655.2500000000,-122.6912078857
3357376.2500000000,-122.7110519409
3365115.2500000000,-122.7236251831
3372872.2500000000,-122.7367401123
3380646.7500000000,-122.7504272461
3388443.2500000000,-122.7670974731
3396253.7500000000,-122.7836837769
3404082.5000000000,-122.7995910645
3411929.0000000000,-122.8119888306
3419793.7500000000,-122.8228836060
3427676.7500000000,-122.8319931030
3435577.7500000000,-122.8428802490
3443500.7500000000,-122.8553619385
3451438.2500000000,-122.8725433350
3459394.0000000000,-122.8932266235
3467368.2500000000,-122.9166259766
3475360.7500000000,-122.9455871582
3483371.7500000000,-122.9777984619
3491405.0000000000,-123.0128021240
3499452.7500000000,-123.0506668091
3507519.2500000000,-123.0868530273
3515604.5000000000,-123.1214141846
3523708.2500000000,-123.1470794678
3531830.5000000000,-123.1679382324
3539971.7500000000,-123.1838455200
3548135.5000000000,-123.1951751709
3556314.2500000000,-123.2083129883
3564511.7500000000,-123.2233963013
3572728.2500000000,-123.2473754883
3580963.5000000000,-123.2740936279
3589218.0000000000,-123.3031082153
3597495.2500000000,-123.3276748657
3605787.7500000000,-123.3467864990
3614099.2500000000,-123.3614730835
3622430.0000000000,-123.3734283447
3630780.0000000000,-123.3907241821
3639149.2500000000,-123.4136810303
3647537.7500000000,-123.4488372803
3655949.5000000000,-123.4933547974
3664376.7500000000,-123.5430374146
3672823.5000000000,-123.5968856812
3681289.5000000000,-123.6471557617
3689775.2500000000,-123.6915130615
3698280.5000000000,-123.7275619507
3706805.2500000000,-123.7479629517
3715353.7500000000,-123.7613754272
3723918.0000000000,-123.7686920166
3732501.7500000000,-123.7722549438
3741105.5000000000,-123.7760620117
3749729.0000000000,-123.7801055908
3758372.5000000000,-123.7844924927
3767039.7500000000,-123.7893218994
3775723.2500000000,-123.7960586548
3784426.5000000000,-123.8054580688
3793149.7500000000,-123.8236160278
3801893.2500000000,-123.8472747803
3810657.0000000000,-123.8747329712
3819440.7500000000,-123.9040145874
3828249.0000000000,-123.9305267334
3837073.5000000000,-123.9560012817
3845918.2500000000,-123.9814376831
3854783.2500000000,-124.0132904053
3863668.7500000000,-124.0524902344
3872574.7500000000,-124.0952835083
3881505.7500000000,-124.1390609741
3890452.7500000000,-124.1598281860
3899420.5000000000,-124.1623535156
3908409.0000000000,-124.1643142700
3917418.2500000000,-124.1685028076
3926448.0000000000,-124.1734695435
3935498.7500000000,-124.1745758057
3944574.7500000000,-124.1833419800
3953667.2500000000,-124.1849822998
3962780.7500000000,-124.1889801025
3971915.2500000000,-124.2073364258
3981070.7500000000,-124.2294921875
3990247.5000000000,-124.2603073120
3999449.7500000000,-124.3055343628
4008668.7500000000,-124.3601226807
4017909.0000000000,-124.4204254150
4027170.5000000000,-124.4785003662
4036453.5000000000,-124.5216445923
4045757.7500000000,-124.5526657104
4055083.5000000000,-124.5739593506
4064435.2500000000,-124.5895538330
4073804.0000000000,-124.6073913574
4083194.5000000000,-124.6293487549
4092606.5000000000,-124.6548385620
4102040.2500000000,-124.6826934814
4111495.7500000000,-124.7076721191
4120973.0000000000,-124.7253875732
4130476.7500000000,-124.7370834351
4139997.7500000000,-124.7452621460
4149540.7500000000,-124.7561340332
4159105.7500000000,-124.7798614502
4168692.7500000000,-124.8137893677
4178301.7500000000,-124.8542251587
4187937.7500000000,-124.8963317871
4197591.0000000000,-124.9315185547
4207267.0000000000,-124.9561614990
4216965.0000000000,-124.9722366333
4226685.5000000000,-124.9810867310
4236428.0000000000,-124.9836883545
4246193.5000000000,-124.9840316772
4255986.0000000000,-124.9844894409
4265796.5000000000,-124.9870758057
4275629.5000000000,-124.9973449707
4285485.0000000000,-125.0171585083
4295363.0000000000,-125.0485153198
4305264.5000000000,-125.0838699341
4315193.0000000000,-125.1163940430
4325140.0000000000,-125.1426315308
4335109.5000000000,-125.1616668701
4345102.5000000000,-125.1766357422
4355118.0000000000,-125.1984863281
4365157.0000000000,-125.2326126099
4375219.0000000000,-125.2784042358
4385309.0000000000,-125.3312149048
4395417.5000000000,-125.3827133179
4405549.0000000000,-125.4193267822
4415704.5000000000,-125.4240798950
4425883.0000000000,-125.4264297485
4436085.0000000000,-125.4335632324
4446310.5000000000,-125.4342422485
4456564.0000000000,-125.4375152588
4466837.0000000000,-125.4757385254
4477133.5000000000,-125.5315322876
4487453.5000000000,-125.5881118774
4497797.5000000000,-125.6335601807
4508165.0000000000,-125.6616744995
4518561.5000000000,-125.6735076904
4528977.0000000000,-125.6774902344
4539417.0000000000,-125.6875152588
4549880.5000000000,-125.7077484131
4560368.5000000000,-125.7334899902
4570880.5000000000,-125.7580413818
4581416.5000000000,-125.7761459351
4591982.0000000000,-125.7860565186
4602567.0000000000,-125.7900695801
4613176.0000000000,-125.7924041748
4623810.0000000000,-125.7965621948
4634468.0000000000,-125.8052749634
4645151.0000000000,-125.8217163086
4655863.5000000000,-125.8477630615
4666595.5000000000,-125.8827209473
4677352.0000000000,-125.9232025146
4688134.0000000000,-125.9646835327
4698940.5000000000,-126.0038452148
4709771.5000000000,-126.0402297974
4720628.0000000000,-126.0741500854
4731514.5000000000,-126.1047058105
4742421.0000000000,-126.1303863525
4753353.0000000000,-126.1508178711
4764309.5000000000,-126.1684646606
4775291.5000000000,-126.1890716553
4786299.0000000000,-126.2195205688
4797337.0000000000,-126.2630844116
4808395.5000000000,-126.3139114380
4819479.0000000000,-126.3575744629
4830588.0000000000,-126.3842926025
4841723.0000000000,-126.3922271729
4852883.5000000000,-126.3931503296
4864070.0000000000,-126.3932495117
4875287.0000000000,-126.4044570923
4886525.0000000000,-126.4260406494
4897789.0000000000,-126.4507675171
4909078.5000000000,-126.4607849121
4920394.5000000000,-126.4612808228
4931736.0000000000,-126.4690093994
4943104.0000000000,-126.4690399170
4954504.0000000000,-126.4747161865
4965924.5000000000,-126.4758682251
4977371.0000000000,-126.5034408569
4988844.5000000000,-126.5401535034
5000344.0000000000,-126.5838012695
5011870.0000000000,-126.6340713501
5023428.5000000000,-126.6887283325
5035007.5000000000,-126.7406692505
5046614.0000000000,-126.7807846069
5058246.5000000000,-126.8043365479
5069906.0000000000,-126.8144531250
5081592.5000000000,-126.8186798096
5093306.0000000000,-126.8230514526
5105052.0000000000,-126.8306884766
5116819.5000000000,-126.8447799683
5128614.5000000000,-126.8694305420
5140436.0000000000,-126.9054870605
5152285.0000000000,-126.9472198486
5164161.5000000000,-126.9852447510
5176071.0000000000,-126.9979095459
5188002.0000000000,-127.0069427490
5199961.0000000000,-127.0082778931
5211947.0000000000,-127.0128097534
5223961.0000000000,-127.0222625732
5236002.5000000000,-127.0281219482
5248072.0000000000,-127.0310516357
5260175.0000000000,-127.0401229858
5272300.0000000000,-127.0823822021
5284453.0000000000,-127.1204452515
5296634.0000000000,-127.1470336914
5308843.5000000000,-127.1670989990
5321080.5000000000,-127.1856994629
5333352.0000000000,-127.2105026245
5345645.5000000000,-127.2402114868
5357967.5000000000,-127.2716217041
5370318.0000000000,-127.3031463623
5382697.0000000000,-127.3323440552
5395104.5000000000,-127.3543167114
5407541.0000000000,-127.3661346436
5420011.5000000000,-127.3713607788
5432505.0000000000,-127.3780593872
5445027.5000000000,-127.3936996460
5457578.5000000000,-127.4216766357
5470158.5000000000,-127.4594879150
5482767.5000000000,-127.4990005493
5495406.0000000000,-127.5314941406
5508079.0000000000,-127.5541534424
5520775.5000000000,-127.5706863403
5533501.5000000000,-127.5866317749
5546256.5000000000,-127.6069259644
5559041.0000000000,-127.6360626221
5571855.0000000000,-127.6753845215
5584704.5000000000,-127.7395782471
5597578.0000000000,-127.7480239868
5610480.5000000000,-127.7515792847
5623413.5000000000,-127.7587203979
5636375.5000000000,-127.7684020996
5649368.0000000000,-127.7784423828
5662390.0000000000,-127.7878723145
5675448.5000000000,-127.7944183350
5688531.0000000000,-127.7958602905
5701643.5000000000,-127.8003692627
5714786.0000000000,-127.8228912354
5727959.0000000000,-127.8460311890
5741162.5000000000,-127.8613281250
5754402.5000000000,-127.8753738403
5767666.5000000000,-127.9212417603
5780961.5000000000,-128.0079345703
5794287.0000000000,-128.0879364014
5807643.5000000000,-128.1685791016
5821030.5000000000,-128.2224731445
5834448.5000000000,-128.2287292480
5847903.5000000000,-128.2321472168
5861383.5000000000,-128.2417602539
5874894.0000000000,-128.2641143799
5888436.5000000000,-128.2649841309
5902009.5000000000,-128.2836761475
5915614.0000000000,-128.3249511719
5929250.0000000000,-128.3271942139
5942924.0000000000,-128.3274230957
5956622.5000000000,-128.3392181396
5970353.0000000000,-128.3683776855
5984115.5000000000,-128.3951110840
5997909.0000000000,-128.4082794189
6011734.5000000000,-128.4175109863
6025599.0000000000,-128.4436035156
6039488.0000000000,-128.4776611328
6053409.5000000000,-128.5166015625
6067363.0000000000,-128.5493927002
6081349.0000000000,-128.5686340332
6095367.0000000000,-128.5762786865
6109417.0000000000,-128.5844268799
6123506.5000000000,-128.5966949463
6137621.5000000000,-128.5969543457
6151769.0000000000,-128.5985107422
6165949.5000000000,-128.6006011963
6180162.5000000000,-128.6024627686
6194408.0000000000,-128.6174774170
6208693.5000000000,-128.6323089600
6223005.0000000000,-128.6554107666
6237349.5000000000,-128.6988067627
6251727.0000000000,-128.7558135986
6266137.5000000000,-128.8126220703
6280581.5000000000,-128.8823547363
6295058.5000000000,-128.9389343262
6309576.0000000000,-128.9675750732
6324120.0000000000,-128.9893798828
6338698.0000000000,-129.0071868896
6353309.0000000000,-129.0193023682
6367954.0000000000,-129.0280151367
6382632.5000000000,-129.0295715332
6397352.0000000000,-129.0355072021
6412098.0000000000,-129.0477294922
6426878.5000000000,-129.0479125977
6441693.0000000000,-129.0579681396
6456541.5000000000,-129.0599365234
6471424.0000000000,-129.0640563965
6486341.5000000000,-129.0718841553
6501300.0000000000,-129.1151123047
6516286.0000000000,-129.1727600098
6531306.5000000000,-129.2155609131
6546361.5000000000,-129.2488555908
6561451.5000000000,-129.2535400391
6576576.0000000000,-129.2556152344
6591735.5000000000,-129.2613983154
6606937.0000000000,-129.2658386230
6622166.5000000000,-129.2757873535
6637431.0000000000,-129.3254852295
6652731.0000000000,-129.3536529541
6668066.0000000000,-129.3631286621
6683436.0000000000,-129.3714141846
6698849.5000000000,-129.4107513428
6714290.5000000000,-129.4532775879
6729767.5000000000,-129.4910583496
6745280.0000000000,-129.5257263184
6760828.5000000000,-129.5528259277
6776413.0000000000,-129.5807037354
6792033.0000000000,-129.6291809082
6807696.5000000000,-129.6325225830
6823388.5000000000,-129.6344909668
6839117.0000000000,-129.6502838135
6854881.5000000000,-129.6632385254
6870682.5000000000,-129.6788940430
6886520.0000000000,-129.7201232910
6902401.5000000000,-129.7662658691
6918312.0000000000,-129.7865905762
6934259.5000000000,-129.7897033691
6950243.5000000000,-129.8214874268
6966264.0000000000,-129.9037017822
6982322.0000000000,-129.9749450684
6998416.5000000000,-129.9822082520
7014556.0000000000,-129.9913635254
7030725.0000000000,-129.9974212646
7046931.5000000000,-130.0086822510
7063175.0000000000,-130.0160522461
7079456.5000000000,-130.0184936523
7095775.0000000000,-130.0266265869
7112139.0000000000,-130.0323638916
7128533.0000000000,-130.0368957520
7144965.0000000000,-130.0369720459
7161434.5000000000,-130.0491943359
7177942.0000000000,-130.0513610840
7194487.5000000000,-130.0518341064
7211071.5000000000,-130.0572357178
7227701.5000000000,-130.0666198730
7244362.0000000000,-130.1071166992
7261060.5000000000,-130.1696472168
7277798.0000000000,-130.1933135986
7294573.5000000000,-130.2231750488
7311388.0000000000,-130.2710876465
7328241.5000000000,-130.3284606934
7345141.5000000000,-130.3736267090
7362072.5000000000,-130.3981475830
7379043.0000000000,-130.4351196289
7396052.0000000000,-130.4667663574
7413100.5000000000,-130.4796447754
7430188.0000000000,-130.4989166260
7447323.5000000000,-130.5389251709
7464490.0000000000,-130.5645599365
7481696.5000000000,-130.5650939941
7498942.0000000000,-130.5882415771
7516227.5000000000,-130.5889739990
7533553.0000000000,-130.5961456299
7550918.5000000000,-130.6126708984
7568332.0000000000,-130.6127014160
7585777.5000000000,-130.6282043457
7603263.5000000000,-130.6750640869
7620789.5000000000,-130.7287292480
7638356.0000000000,-130.7662506104
7655963.0000000000,-130.7844238281
7673619.0000000000,-130.8054962158
7691307.0000000000,-130.8106842041
7709036.0000000000,-130.8125915527
7726806.0000000000,-130.8210601807
7744617.0000000000,-130.8480682373
7762469.0000000000,-130.8717803955
7780362.0000000000,-130.8730926514
7798304.5000000000,-130.8759460449
7816280.5000000000,-130.8849334717
7834297.5000000000,-130.9185943604
7852356.0000000000,-130.9790344238
7870456.0000000000,-131.0345916748
7888598.0000000000,-131.0501861572
7906782.0000000000,-131.0585327148
7925016.5000000000,-131.0728302002
7943284.0000000000,-131.0765533447
7961594.0000000000,-131.0784454346
7979946.0000000000,-131.0922698975
7998340.5000000000,-131.1259002686
8016777.0000000000,-131.2169952393
8035265.0000000000,-131.2808990479
8053787.0000000000,-131.2955017090
8072351.5000000000,-131.2970581055
8090959.0000000000,-131.2982788086
8109609.0000000000,-131.3132171631
8128302.5000000000,-131.3172607422
8147038.5000000000,-131.3242187500
8165827.0000000000,-131.3431091309
8184650.0000000000,-131.3506011963
8203516.0000000000,-131.3882904053
8222426.0000000000,-131.4091949463
8241379.0000000000,-131.4116668701
8260376.0000000000,-131.4399261475
8279426.0000000000,-131.5056762695
8298510.5000000000,-131.5278472900
8317639.0000000000,-131.5336456299
8336812.0000000000,-131.5424499512
8356029.0000000000,-131.5432281494
8375290.0000000000,-131.5573425293
8394596.0000000000,-131.5924224854
8413955.0000000000,-131.6192474365
8433350.0000000000,-131.6619720459
8452789.0000000000,-131.6620941162
8472274.0000000000,-131.7005310059
8491803.0000000000,-131.7316436768
8511377.0000000000,-131.7356719971
8531006.0000000000,-131.7507629395
8550670.0000000000,-131.7657165527
8570380.0000000000,-131.7660675049
8590136.0000000000,-131.7677459717
8609936.0000000000,-131.8354339600
8629783.0000000000,-131.9667510986
8649675.0000000000,-131.9674072266
8669623.0000000000,-131.9751434326
8689607.0000000000,-132.0009765625
8709637.0000000000,-132.0159912109
8729713.0000000000,-132.0178070068
8749836.0000000000,-132.0186920166
8770005.0000000000,-132.0273132324
8790220.0000000000,-132.0351715088
8810492.0000000000,-132.0732879639
8830801.0000000000,-132.0747528076
8851157.0000000000,-132.1052551270
8871559.0000000000,-132.1485595703
8892009.0000000000,-132.1627349854
8912505.0000000000,-132.1796875000
8933059.0000000000,-132.2523956299
8953651.0000000000,-132.2865753174
8974289.0000000000,-132.2984619141
8994976.0000000000,-132.3143157959
9015710.0000000000,-132.3189849854
9036492.0000000000,-132.3217315674
9057321.0000000000,-132.3410034180
9078209.0000000000,-132.3628082275
9099135.0000000000,-132.3648071289
9120109.0000000000,-132.3885192871
9141132.0000000000,-132.4145812988
9162203.0000000000,-132.4175415039
9183322.0000000000,-132.4740600586
9204500.0000000000,-132.4861145020
9225718.0000000000,-132.4880828857
9246983.0000000000,-132.4885253906
9268298.0000000000,-132.5432128906
9289662.0000000000,-132.5443725586
9311076.0000000000,-132.5561218262
9332538.0000000000,-132.5796813965
9354061.0000000000,-132.6492156982
9375623.0000000000,-132.6835174561
9397234.0000000000,-132.6917572021
9418895.0000000000,-132.7080230713
9440607.0000000000,-132.7130126953
9462368.0000000000,-132.7248840332
9484190.0000000000,-132.7446441650
9506052.0000000000,-132.7675018311
9527964.0000000000,-132.7713012695
9549926.0000000000,-132.7743988037
9571940.0000000000,-132.8338317871
9594004.0000000000,-132.9007263184
9616118.0000000000,-132.9232482910
9638295.0000000000,-132.9275817871
9660512.0000000000,-132.9388732910
9682780.0000000000,-132.9548492432
9705099.0000000000,-132.9570770264
9727470.0000000000,-132.9617462158
9749893.0000000000,-132.9773406982
9772367.0000000000,-132.9876556396
9794904.0000000000,-132.9881286621
9817482.0000000000,-132.9976959229
9840112.0000000000,-133.0073394775
9862794.0000000000,-133.0126037598
9885528.0000000000,-133.0300598145
9908315.0000000000,-133.0548858643
9931165.0000000000,-133.0999755859
9954057.0000000000,-133.1428070068
9977002.0000000000,-133.1982116699
10000000.0000000000,-133.2583160400
10023051.0000000000,-133.3118896484
10046155.0000000000,-133.3646850586
10069312.0000000000,-133.4062957764
10092533.0000000000,-133.4434967041
10115797.0000000000,-133.4740142822
10139115.0000000000,-133.5003051758
10162486.0000000000,-133.5237884521
10185911.0000000000,-133.5311431885
10209391.0000000000,-133.5313873291
10232935.0000000000,-133.5349121094
10256523.0000000000,-133.5349121094
10280165.0000000000,-133.5349121094
10303861.0000000000,-133.5349121094
10327613.0000000000,-133.5366058350
10351418.0000000000,-133.5405426025
10375279.0000000000,-133.5426330566
10399206.0000000000,-133.5444793701
10423177.0000000000,-133.5446319580
10447203.0000000000,-133.5460357666
10471285.0000000000,-133.5505371094
10495422.0000000000,-133.5547790527
10519615.0000000000,-133.5591278076
10543863.0000000000,-133.5595550537
10568179.0000000000,-133.5606994629
10592540.0000000000,-133.5642089844
10616956.0000000000,-133.5680847168
10641429.0000000000,-133.5705413818
10665958.0000000000,-133.5745239258
10690544.0000000000,-133.5771789551
10715198.0000000000,-133.5807495117
10739898.0000000000,-133.5943908691
10764654.0000000000,-133.6007385254
10789467.0000000000,-133.6016540527
10814338.0000000000,-133.6174316406
10839265.0000000000,-133.6179504395
10864251.0000000000,-133.6324920654
10889305.0000000000,-133.6332550049
10914406.0000000000,-133.6338195801
10939565.0000000000,-133.6364746094
10964781.0000000000,-133.7044982910
10990056.0000000000,-133.7824554443
11015388.0000000000,-133.8766937256
11040792.0000000000,-133.9733428955
11066242.0000000000,-134.0728149414
11091750.0000000000,-134.1678924561
11117317.0000000000,-134.2591094971
11142944.0000000000,-134.3338165283
11168629.0000000000,-134.3985595703
11194373.0000000000,-134.4329986572
11220189.0000000000,-134.4532318115
11246053.0000000000,-134.4557800293
11271976.0000000000,-134.4567565918
11297958.0000000000,-134.4581604004
11324001.0000000000,-134.4654083252
11350104.0000000000,-134.4978790283
11376279.0000000000,-134.5334930420
11402502.0000000000,-134.5816650391
11428786.0000000000,-134.6297760010
11455130.0000000000,-134.6777191162
11481535.0000000000,-134.6872863770
11508000.0000000000,-134.6974792480
11534527.0000000000,-134.6986083984
11561128.0000000000,-134.7216186523
11587777.0000000000,-134.7216644287
11614488.0000000000,-134.7261962891
11641260.0000000000,-134.7518157959
11668094.0000000000,-134.7695159912
11694990.0000000000,-134.7699737549
11721947.0000000000,-134.7714538574
11748980.0000000000,-134.7752685547
11776062.0000000000,-134.7754211426
11803207.0000000000,-134.7767181396
11830414.0000000000,-134.7815093994
11857684.0000000000,-134.7876739502
11885017.0000000000,-134.7986755371
11912426.0000000000,-134.8237304688
11939885.0000000000,-134.8237304688
11967407.0000000000,-134.8337249756
11994993.0000000000,-134.8718719482
12022642.0000000000,-134.8754119873
12050355.0000000000,-134.8866271973
12078132.0000000000,-134.8988952637
12105986.0000000000,-134.9001617432
12133892.0000000000,-134.9207000732
12161861.0000000000,-134.9458618164
12189895.0000000000,-134.9980468750
12217994.0000000000,-135.0379791260
12246157.0000000000,-135.0697174072
12274399.0000000000,-135.0951385498
12302692.0000000000,-135.1218566895
12331051.0000000000,-135.1631622314
12359475.0000000000,-135.2126312256
12387964.0000000000,-135.2735290527
12416519.0000000000,-135.3025817871
12445140.0000000000,-135.3047790527
12473841.0000000000,-135.3080291748
12502594.0000000000,-135.3260040283
12531413.0000000000,-135.3268890381
12560299.0000000000,-135.3332672119
12589251.0000000000,-135.3586273193
12618270.0000000000,-135.3617706299
12647370.0000000000,-135.3770599365
12676523.0000000000,-135.3841400146
12705744.0000000000,-135.3857116699
12735031.0000000000,-135.4050598145
12764387.0000000000,-135.4091186523
12793809.0000000000,-135.4308166504
12823300.0000000000,-135.4586334229
12852873.0000000000,-135.4796142578
12882499.0000000000,-135.4957275391
12912195.0000000000,-135.5358276367
12941958.0000000000,-135.5555877686
12971790.0000000000,-135.5922241211
13001691.0000000000,-135.6403503418
13031661.0000000000,-135.6420593262
13061714.0000000000,-135.6700439453
13091822.0000000000,-135.6711730957
13122000.0000000000,-135.6795959473
13152247.0000000000,-135.6902160645
13182564.0000000000,-135.7030181885
13212951.0000000000,-135.7141113281
13243422.0000000000,-135.7263793945
13273949.0000000000,-135.7381896973
13304546.0000000000,-135.7422485352
13335214.0000000000,-135.7525177002
13365953.0000000000,-135.7614135742
13396762.0000000000,-135.7795867920
13427643.0000000000,-135.7967224121
13458609.0000000000,-135.8105468750
13489632.0000000000,-135.8150329590
13520727.0000000000,-135.8195648193
13551893.0000000000,-135.8312988281
13583131.0000000000,-135.8331909180
13614441.0000000000,-135.8778228760
13645839.0000000000,-135.9147949219
13677293.0000000000,-135.9417877197
13708820.0000000000,-135.9553985596
13740420.0000000000,-135.9699249268
13772093.0000000000,-135.9805603027
13803838.0000000000,-135.9854431152
13835657.0000000000,-135.9867401123
13867565.0000000000,-135.9980010986
13899530.0000000000,-135.9990692139
13931570.0000000000,-136.0030822754
13963683.0000000000,-136.0105285645
13995870.0000000000,-136.0109405518
14028132.0000000000,-136.0575103760
14060468.0000000000,-136.1486358643
14092893.0000000000,-136.3084106445
14125379.0000000000,-136.4833221436
14157939.0000000000,-136.6599273682
14190574.0000000000,-136.6721038818
14223284.0000000000,-136.6721038818
14256070.0000000000,-136.6721038818
14288946.0000000000,-136.6721038818
14321884.0000000000,-136.6721038818
14354896.0000000000,-136.6721038818
14387986.0000000000,-136.6721038818
14421151.0000000000,-136.6781463623
14454393.0000000000,-136.6824188232
14487711.0000000000,-136.6855773926
14521122.0000000000,-136.7011413574
14554594.0000000000,-136.7241668701
14588144.0000000000,-136.7387847900
14621770.0000000000,-136.7582702637
14655475.0000000000,-136.7734985352
14689257.0000000000,-136.7760467529
14723133.0000000000,-136.7805480957
14757070.0000000000,-136.7833557129
14791086.0000000000,-136.8225250244
14825181.0000000000,-136.8246917725
14859354.0000000000,-136.8389434814
14893606.0000000000,-136.8424987793
14927937.0000000000,-136.8675994873
14962363.0000000000,-136.8872375488
14996852.0000000000,-136.9024353027
15031421.0000000000,-136.9066009521
15066070.0000000000,-136.9185943604
15100798.0000000000,-136.9262237549
15135607.0000000000,-136.9268951416
15170512.0000000000,-136.9335021973
15205481.0000000000,-136.9515380859
15240531.0000000000,-137.0295867920
15275661.0000000000,-137.1015167236
15310873.0000000000,-137.1794128418
15346165.0000000000,-137.2637481689
15381539.0000000000,-137.3503417969
15417012.0000000000,-137.3639526367
15452549.0000000000,-137.3639526367
15488168.0000000000,-137.3639526367
15523870.0000000000,-137.3639526367
15559653.0000000000,-137.3651885986
15595519.0000000000,-137.3827362061
15631468.0000000000,-137.3890533447
15667517.0000000000,-137.3963928223
15703632.0000000000,-137.4181671143
15739830.0000000000,-137.4181671143
15776111.0000000000,-137.4181671143
15812476.0000000000,-137.4181671143
15848925.0000000000,-137.4181671143
15885475.0000000000,-137.4181671143
15922092.0000000000,-137.4181671143
15958794.0000000000,-137.4181671143
15995580.0000000000,-137.4181671143
16032451.0000000000,-137.4205322266
16069407.0000000000,-137.4262237549
16106448.0000000000,-137.4411468506
16143592.0000000000,-137.4542541504
16180804.0000000000,-137.4667510986
16218102.0000000000,-137.4667510986
16255486.0000000000,-137.4667510986
16292956.0000000000,-137.4667510986
16330513.0000000000,-137.4726104736
16368174.0000000000,-137.4832611084
16405903.0000000000,-137.4885559082
16443720.0000000000,-137.4912719727
16481624.0000000000,-137.4976196289
16519616.0000000000,-137.5034332275
16557694.0000000000,-137.5041503906
16595861.0000000000,-137.5149536133
16634134.0000000000,-137.5625000000
16672477.0000000000,-137.5702362061
16710908.0000000000,-137.5776062012
16749428.0000000000,-137.6676635742
16788036.0000000000,-137.6774597168
16826734.0000000000,-137.8102569580
16865540.0000000000,-137.8937683105
16904416.0000000000,-137.9357299805
16943382.0000000000,-137.9357757568
16982438.0000000000,-138.0275421143
17021582.0000000000,-138.0407867432
17060818.0000000000,-138.0563049316
17100146.0000000000,-138.1727447510
17139582.0000000000,-138.1901702881
17179090.0000000000,-138.1902313232
17218688.0000000000,-138.2068481445
17258378.0000000000,-138.2525177002
17298160.0000000000,-138.2849731445
17338034.0000000000,-138.2907409668
17378000.0000000000,-138.2954711914
17418076.0000000000,-138.3163299561
17458226.0000000000,-138.3459167480
17498468.0000000000,-138.3503570557
17538804.0000000000,-138.3545227051
17579232.0000000000,-138.4497833252
17619752.0000000000,-138.4518585205
17660388.0000000000,-138.4585113525
17701096.0000000000,-138.4781341553
17741898.0000000000,-138.4919281006
17782794.0000000000,-138.4955902100
17823784.0000000000,-138.5701446533
17864870.0000000000,-138.6023712158
17906050.0000000000,-138.6122589111
17947344.0000000000,-138.6229400635
17988714.0000000000,-138.6521759033
18030180.0000000000,-138.6548614502
18071740.0000000000,-138.6924133301
18113396.0000000000,-138.6946868896
18155150.0000000000,-138.6980743408
18197018.0000000000,-138.7284545898
18238964.0000000000,-138.7350006104
18281006.0000000000,-138.7678222656
18323144.0000000000,-138.7709045410
18365380.0000000000,-138.7817077637
18407714.0000000000,-138.7817077637
18450146.0000000000,-138.7817077637
18492694.0000000000,-138.7817077637
18535322.0000000000,-138.7817077637
18578046.0000000000,-138.8047943115
18620870.0000000000,-138.8228454590
18663792.0000000000,-138.8228454590
18706814.0000000000,-138.8228454590
18749934.0000000000,-138.8260192871
18793176.0000000000,-138.8414916992
18836496.0000000000,-138.8692016602
18879914.0000000000,-138.8709716797
18923434.0000000000,-138.8836059570
18967054.0000000000,-138.9152069092
19010774.0000000000,-138.9197692871
19054616.0000000000,-138.9479064941
19098538.0000000000,-138.9570922852
19142562.0000000000,-139.0096893311
19186688.0000000000,-139.0189514160
19230914.0000000000,-139.0363464355
19275242.0000000000,-139.0439910889
19319674.0000000000,-139.0519561768
19364228.0000000000,-139.0540771484
19408864.0000000000,-139.0948486328
19453602.0000000000,-139.0951538086
19498444.0000000000,-139.1125488281
19543390.0000000000,-139.1178588867
19588438.0000000000,-139.1369476318
19633612.0000000000,-139.1600799561
19678870.0000000000,-139.2189483643
19724230.0000000000,-139.3098907471
19769696.0000000000,-139.3256072998
19815268.0000000000,-139.3876953125
19860942.0000000000,-139.4216461182
19906724.0000000000,-139.4344482422
19952632.0000000000,-139.4344482422
19998624.0000000000,-139.4344482422
20044722.0000000000,-139.4374847412
20090926.0000000000,-139.4584960938
20137238.0000000000,-139.4731292725
20183656.0000000000,-139.4766693115
20230202.0000000000,-139.5041046143
20276834.0000000000,-139.5550689697
20323574.0000000000,-139.5797424316
20370422.0000000000,-139.6466369629
20417376.0000000000,-139.6749114990
20464440.0000000000,-139.6966247559
20511612.0000000000,-139.7080993652
20558916.0000000000,-139.7563171387
20606306.0000000000,-139.7786712646
20653804.0000000000,-139.8271484375
20701412.0000000000,-139.8436889648
20749130.0000000000,-139.8531341553
20796960.0000000000,-139.8632507324
20844898.0000000000,-139.8694152832
20892970.0000000000,-139.8854064941
20941130.0000000000,-139.9317626953
20989400.0000000000,-139.9441986084
21037782.0000000000,-139.9678497314
21086276.0000000000,-139.9737243652
21134882.0000000000,-139.9751434326
21183622.0000000000,-139.9913024902
21232452.0000000000,-139.9913024902
21281394.0000000000,-139.9913024902
21330448.0000000000,-140.0629577637
21379618.0000000000,-140.1174468994
21428898.0000000000,-140.1528778076
21478294.0000000000,-140.2168273926
21527826.0000000000,-140.2226409912
21577450.0000000000,-140.2593231201
21627188.0000000000,-140.3406982422
21677040.0000000000,-140.3491821289
21727006.0000000000,-140.3766632080
21777088.0000000000,-140.4221038818
21827310.0000000000,-140.4269256592
21877624.0000000000,-140.4286346436
21928054.0000000000,-140.4690399170
21978600.0000000000,-140.4727478027
22029262.0000000000,-140.5476379395
22080040.0000000000,-140.5875854492
22130936.0000000000,-140.7300567627
22181974.0000000000,-140.7300567627
22233106.0000000000,-140.7330017090
22284354.0000000000,-140.7330017090
22335722.0000000000,-140.6812286377
22387206.0000000000,-140.6812286377
22438810.0000000000,-140.6812286377
22490558.0000000000,-140.6812286377
22542400.0000000000,-140.6812286377
22594362.0000000000,-140.7330017090
22646444.0000000000,-140.7351531982
22698646.0000000000,-140.7351531982
22750968.0000000000,-140.7351531982
22803410.0000000000,-140.7351531982
22855998.0000000000,-140.7351531982
22908684.0000000000,-140.7351531982
22961490.0000000000,-140.7351531982
23014418.0000000000,-140.7351531982
23067468.0000000000,-140.7351531982
23120640.0000000000,-140.7351531982
23173934.0000000000,-140.7330017090
23227378.0000000000,-140.7283172607
23280918.0000000000,-140.7283172607
23334582.0000000000,-140.6812286377
23388370.0000000000,-140.6812286377
23442282.0000000000,-140.7283172607
23496318.0000000000,-140.7330017090
23550504.0000000000,-140.7351531982
23604790.0000000000,-140.7351531982
23659200.0000000000,-140.7351531982
23713738.0000000000,-140.7330017090
23768398.0000000000,-140.7283172607
23823186.0000000000,-140.6812286377
23878100.0000000000,-140.6523742676
23933168.0000000000,-140.5976257324
23988336.0000000000,-140.5976257324
24043630.0000000000,-140.5976257324
24099052.0000000000,-140.5976257324
24154602.0000000000,-140.5976257324
24210280.0000000000,-140.5976257324
24266114.0000000000,-140.5976257324
24322048.0000000000,-140.5976257324
24378112.0000000000,-140.5976257324
24434306.0000000000,-140.5976257324
24490628.0000000000,-140.5976257324
24547082.0000000000,-140.5976257324
24603664.0000000000,-140.5976257324
24660404.0000000000,-140.5976257324
24717248.0000000000,-140.5976257324
24774224.0000000000,-140.7283172607
24831330.0000000000,-140.7283172607
24888568.0000000000,-140.7283172607
24945938.0000000000,-140.7462615967
25003440.0000000000,-140.7923431396
25061102.0000000000,-140.7973785400
25118870.0000000000,-140.8457489014
25176770.0000000000,-140.8773803711
25234804.0000000000,-140.8773803711
25292972.0000000000,-140.8773803711
25351274.0000000000,-140.8773803711
25409740.0000000000,-140.8773803711
25468310.0000000000,-140.8880615234
25527016.0000000000,-140.9245147705
25585858.0000000000,-141.0186462402
25644836.0000000000,-141.0501403809
25703948.0000000000,-141.1104125977
25763198.0000000000,-141.1344757080
25822612.0000000000,-141.1371307373
25882136.0000000000,-141.1371307373
25941796.0000000000,-141.2307281494
26001594.0000000000,-141.3078613281
26061528.0000000000,-141.4013214111
26121602.0000000000,-141.4100799561
26181844.0000000000,-141.4100799561
26242194.0000000000,-141.4100799561
26302684.0000000000,-141.4100799561
26363314.0000000000,-141.4100799561
26424084.0000000000,-141.4100799561
26484992.0000000000,-141.4100799561
26546042.0000000000,-141.4100799561
26607262.0000000000,-141.3078613281
26668594.0000000000,-141.2490386963
26730066.0000000000,-141.2307281494
26791682.0000000000,-141.1117401123
26853438.0000000000,-141.1104125977
26915338.0000000000,-141.0995941162
26977408.0000000000,-141.1104125977
27039594.0000000000,-141.1117401123
27101922.0000000000,-141.2490386963
27164394.0000000000,-141.3078613281
27227010.0000000000,-141.4100799561
27289770.0000000000,-141.3265991211
27352674.0000000000,-141.3265991211
27415754.0000000000,-141.3265991211
27478950.0000000000,-141.3265991211
27542290.0000000000,-141.3265991211
27605778.0000000000,-141.3265991211
27669410.0000000000,-141.3265991211
27733190.0000000000,-141.3687896729
27797118.0000000000,-141.4100799561
27861222.0000000000,-141.5257110596
27925444.0000000000,-141.5257110596
27989814.0000000000,-141.5257110596
28054334.0000000000,-141.5311279297
28119000.0000000000,-141.5466461182
28183816.0000000000,-141.6122741699
28248814.0000000000,-141.6122741699
28313930.0000000000,-141.5466461182
28379194.0000000000,-141.5466461182
28444610.0000000000,-141.5466461182
28510178.0000000000,-141.5466461182
28575896.0000000000,-141.5466461182
28641766.0000000000,-141.5466461182
28707818.0000000000,-141.5257110596
28773992.0000000000,-141.5257110596
28840318.0000000000,-141.5257110596
28906796.0000000000,-141.5257110596
28973428.0000000000,-141.5257110596
29040214.0000000000,-141.5257110596
29107186.0000000000,-141.5466461182
29174280.0000000000,-141.6122741699
29241530.0000000000,-141.6569061279
29308932.0000000000,-141.6797637939
29376492.0000000000,-141.7486267090
29444208.0000000000,-141.7760162354
29512078.0000000000,-141.9147491455
29580138.0000000000,-141.9569854736
29648322.0000000000,-141.9854278564
29716664.0000000000,-141.9854278564
29785162.0000000000,-141.9854278564
29853820.0000000000,-141.9926300049
29922634.0000000000,-142.0558166504
29991642.0000000000,-142.0558166504
30060774.0000000000,-142.0558166504
30130066.0000000000,-142.0558166504
30199518.0000000000,-142.0558166504
30269130.0000000000,-142.0558166504
30338904.0000000000,-141.9926300049
30408836.0000000000,-141.9926300049
30478964.0000000000,-141.9926300049
30549220.0000000000,-141.9926300049
30619638.0000000000,-142.1166534424
30690220.0000000000,-142.1754455566
30760962.0000000000,-142.1795654297
30831868.0000000000,-142.2304534912
30902938.0000000000,-142.3472595215
30974206.0000000000,-142.4738311768
31045604.0000000000,-142.5164184570
31117166.0000000000,-142.5164184570
31188892.0000000000,-142.5164184570
31260786.0000000000,-142.4738311768
31332844.0000000000,-142.4432525635
31405102.0000000000,-142.3472595215
31477494.0000000000,-142.1754455566
31550052.0000000000,-142.1754455566
31622776.0000000000,-142.1754455566
31695670.0000000000,-142.1754455566
31768730.0000000000,-142.1754455566
31841960.0000000000,-142.2035980225
31915392.0000000000,-142.2773437500
31988960.0000000000,-142.2920837402
32062696.0000000000,-142.2920837402
32136604.0000000000,-142.2773437500
32210680.0000000000,-142.2389068604
32284928.0000000000,-142.2035980225
32359382.0000000000,-142.1754455566
32433974.0000000000,-142.1166534424
32508736.0000000000,-142.1058807373
32583670.0000000000,-142.0805053711
32658778.0000000000,-142.0080871582
32734060.0000000000,-141.9419250488
32809514.0000000000,-141.9181518555
32885178.0000000000,-141.9181518555
32960980.0000000000,-141.9419250488
33036958.0000000000,-142.0080871582
33113110.0000000000,-142.0789337158
33189438.0000000000,-142.0805053711
33265942.0000000000,-142.1058807373
33342624.0000000000,-142.1754455566
33419516.0000000000,-142.2035980225
33496552.0000000000,-142.2035980225
33573764.0000000000,-142.2035980225
33651152.0000000000,-142.2035980225
33728720.0000000000,-142.2035980225
33806468.0000000000,-142.2035980225
33884432.0000000000,-142.2035980225
33962536.0000000000,-142.2035980225
34040824.0000000000,-142.2035980225
34119292.0000000000,-142.2035980225
34197936.0000000000,-142.2035980225
34276768.0000000000,-142.2389068604
34355776.0000000000,-142.2773437500
34435008.0000000000,-142.2920837402
34514384.0000000000,-142.4401702881
34593940.0000000000,-142.8411865234
34673680.0000000000,-142.8928070068
34753608.0000000000,-142.9053955078
34833716.0000000000,-142.9637298584
34914048.0000000000,-142.9949188232
34994528.0000000000,-143.1320648193
35075192.0000000000,-143.1582641602
35156044.0000000000,-143.2374420166
35237080.0000000000,-143.2374420166
35318304.0000000000,-143.2374420166
35399716.0000000000,-143.2374420166
35481356.0000000000,-143.2374420166
35563140.0000000000,-143.2374420166
35645116.0000000000,-143.2374420166
35727280.0000000000,-143.2374420166
35809636.0000000000,-143.2374420166
35892180.0000000000,-143.2374420166
35974952.0000000000,-143.2374420166
36057876.0000000000,-143.3525543213
36140992.0000000000,-143.3912353516
36224300.0000000000,-143.4649658203
36307800.0000000000,-143.4924926758
36391492.0000000000,-143.5714569092
36475376.0000000000,-143.5714569092
36559496.0000000000,-143.5714569092
36643768.0000000000,-143.5714569092
36728236.0000000000,-143.6759796143
36812896.0000000000,-143.6865081787
36897752.0000000000,-143.8718261719
36982804.0000000000,-143.9796447754
37068052.0000000000,-144.0300903320
37153536.0000000000,-144.0923004150
37239180.0000000000,-144.0923004150
37325020.0000000000,-144.0923004150
37411056.0000000000,-144.0923004150
37497292.0000000000,-144.0923004150
37583724.0000000000,-144.0923004150
37670400.0000000000,-143.9796447754
37757232.0000000000,-143.9331665039
37844264.0000000000,-143.8718261719
37931500.0000000000,-143.6759796143
38018932.0000000000,-143.4924926758
38106568.0000000000,-143.4660034180
38194408.0000000000,-143.4649658203
38282492.0000000000,-143.2055206299
38370736.0000000000,-143.1711425781
38459180.0000000000,-143.1711425781
38547832.0000000000,-143.1711425781
38636688.0000000000,-143.1711425781
38725748.0000000000,-143.1711425781
38815056.0000000000,-143.3376770020
38904528.0000000000,-143.4660034180
38994204.0000000000,-143.4924926758
39084092.0000000000,-143.6012268066
39174180.0000000000,-143.6012268066
39264480.0000000000,-143.6012268066
39354988.0000000000,-143.6012268066
39445748.0000000000,-143.6773681641
39536672.0000000000,-143.7164764404
39627808.0000000000,-143.8264770508
39719152.0000000000,-143.8264770508
39810708.0000000000,-143.8264770508
39902476.0000000000,-143.8264770508
39994496.0000000000,-143.8264770508
40086688.0000000000,-143.8264770508
40179088.0000000000,-143.8264770508
40271704.0000000000,-143.8264770508
40364536.0000000000,-143.8264770508
40457576.0000000000,-143.8159637451
40550836.0000000000,-143.8159637451
40644352.0000000000,-143.8159637451
40738040.0000000000,-143.8159637451
40831944.0000000000,-143.8159637451
40926064.0000000000,-143.8159637451
41020404.0000000000,-143.8264770508
41114956.0000000000,-143.8547210693
41209732.0000000000,-143.8566894531
41304768.0000000000,-143.8989257813
41399976.0000000000,-143.9102172852
41495408.0000000000,-143.9277343750
41591056.0000000000,-143.9420013428
41686928.0000000000,-143.9474334717
41783020.0000000000,-143.9532318115
41879376.0000000000,-143.9547882080
41975912.0000000000,-143.9822082520
42072668.0000000000,-144.0204467773
42169652.0000000000,-144.0224609375
42266856.0000000000,-144.0345306396
42364284.0000000000,-144.1215209961
42461936.0000000000,-144.1293334961
42559860.0000000000,-144.2083435059
42657964.0000000000,-144.3633880615
42756292.0000000000,-144.7871398926
42854848.0000000000,-144.7871398926
42953632.0000000000,-144.7871398926
43052644.0000000000,-144.7871398926
43151932.0000000000,-144.7871398926
43251400.0000000000,-144.7871398926
43351096.0000000000,-144.7871398926
43451024.0000000000,-144.7871398926
43551180.0000000000,-144.7871398926
43651568.0000000000,-144.7871398926
43752188.0000000000,-144.7871398926
43853088.0000000000,-144.7871398926
43954176.0000000000,-144.9671020508
44055492.0000000000,-144.9703369141
44157044.0000000000,-145.0807495117
44258828.0000000000,-145.1159362793
44360848.0000000000,-145.1680603027
44463104.0000000000,-145.1864624023
44565644.0000000000,-145.3093566895
44668368.0000000000,-145.4375305176
44771332.0000000000,-145.4720764160
44874532.0000000000,-145.5319519043
44977972.0000000000,-145.5799102783
45081652.0000000000,-145.5799102783
45185616.0000000000,-145.5799102783
45289772.0000000000,-145.5799102783
45394168.0000000000,-145.5799102783
45498804.0000000000,-145.5799102783
45603684.0000000000,-145.5799102783
45708804.0000000000,-145.5319519043
45814164.0000000000,-145.1680603027
45919820.0000000000,-145.0621490479
46025668.0000000000,-144.9671020508
46131760.0000000000,-144.9671020508
46238100.0000000000,-144.9671020508
46344680.0000000000,-144.9671020508
46451508.0000000000,-144.9671020508
46558632.0000000000,-144.9671020508
46665956.0000000000,-144.9671020508
46773524.0000000000,-144.9671020508
46881340.0000000000,-144.9671020508
46989404.0000000000,-144.9671020508
47097716.0000000000,-145.0621490479
47206280.0000000000,-145.1980438232
47315148.0000000000,-145.1980438232
47424212.0000000000,-145.2578277588
47533528.0000000000,-145.2894592285
47643096.0000000000,-145.3663635254
47752916.0000000000,-145.3845672607
47862992.0000000000,-145.4978332520
47973372.0000000000,-145.5319519043
48083952.0000000000,-145.5912170410
48194788.0000000000,-145.6304016113
48305880.0000000000,-145.6380462646
48417232.0000000000,-145.6412353516
48528836.0000000000,-145.7669982910
48640696.0000000000,-145.8649291992
48752872.0000000000,-145.8885192871
48865252.0000000000,-145.9142150879
48977888.0000000000,-145.9142150879
49090784.0000000000,-145.8885192871
49203944.0000000000,-145.8676757813
49317364.0000000000,-145.8649291992
49431044.0000000000,-145.8403167725
49545040.0000000000,-145.8403167725
49659244.0000000000,-145.8403167725
49773712.0000000000,-145.8403167725
49888444.0000000000,-145.8403167725
50003440.0000000000,-145.8403167725
50118700.0000000000,-145.8403167725
50234284.0000000000,-145.8403167725
50350076.0000000000,-145.8403167725
50466136.0000000000,-145.8403167725
50582464.0000000000,-145.8403167725
50699060.0000000000,-145.8403167725
50815928.0000000000,-145.6659240723
50933060.0000000000,-145.5912170410
51050520.0000000000,-145.4978332520
51168196.0000000000,-145.3845672607
51286144.0000000000,-145.3676605225
51404360.0000000000,-145.2894592285
51522852.0000000000,-145.2578277588
51641616.0000000000,-145.1980438232
51760712.0000000000,-145.1845092773
51880024.0000000000,-145.1683807373
51999608.0000000000,-145.1583404541
52119472.0000000000,-145.0481719971
52239612.0000000000,-144.9061431885
52360028.0000000000,-144.7871704102
52480720.0000000000,-144.7164459229
52601752.0000000000,-144.7159118652
52723000.0000000000,-144.7050018311
52844532.0000000000,-144.6728210449
52966340.0000000000,-144.6392364502
53088432.0000000000,-144.6080017090
53210804.0000000000,-144.6080017090
53333520.0000000000,-144.6080017090
53456456.0000000000,-144.6080017090
53579676.0000000000,-144.6080017090
53703180.0000000000,-144.6080017090
53826972.0000000000,-144.6080017090
53951048.0000000000,-144.6080017090
54075408.0000000000,-144.6080017090
54200116.0000000000,-144.6080017090
54325048.0000000000,-144.6080017090
54450272.0000000000,-144.6080017090
54575784.0000000000,-144.6392364502
54701584.0000000000,-144.6728210449
54827676.0000000000,-144.7050018311
54954060.0000000000,-144.7159118652
55080792.0000000000,-144.7164459229
55207756.0000000000,-144.7871704102
55335016.0000000000,-145.0481719971
55462564.0000000000,-145.1583404541
55590412.0000000000,-145.1683807373
55718552.0000000000,-145.3501739502
55847048.0000000000,-145.3950347900
55975780.0000000000,-145.3950347900
56104808.0000000000,-145.3950347900
56234132.0000000000,-145.3950347900
56363756.0000000000,-145.3950347900
56493680.0000000000,-145.4366302490
56623900.0000000000,-145.5013427734
56754484.0000000000,-145.5796356201
56885308.0000000000,-145.6668701172
57016432.0000000000,-145.6668701172
57147860.0000000000,-145.6668701172
57279588.0000000000,-145.6668701172
57411624.0000000000,-145.6668701172
57544024.0000000000,-145.7713775635
57676668.0000000000,-145.9148712158
57809616.0000000000,-146.0118865967
57942872.0000000000,-146.0118865967
58076432.0000000000,-146.0118865967
58210304.0000000000,-146.0118865967
58344484.0000000000,-146.0118865967
58479036.0000000000,-146.0201568604
58613832.0000000000,-146.0201568604
58748944.0000000000,-146.0201568604
58884364.0000000000,-146.0201568604
59020096.0000000000,-146.0201568604
59156140.0000000000,-146.0201568604
59292500.0000000000,-146.0201568604
59429240.0000000000,-146.0201568604
59566228.0000000000,-146.1147155762
59703532.0000000000,-146.0201568604
59841152.0000000000,-145.9148712158
59979092.0000000000,-145.8635864258
60117348.0000000000,-145.8052978516
60255988.0000000000,-145.7713775635
60394884.0000000000,-145.7713775635
60534096.0000000000,-145.7713775635
60673632.0000000000,-145.8052978516
60813488.0000000000,-145.8635864258
60953668.0000000000,-145.8905487061
61094172.0000000000,-145.9148712158
61235064.0000000000,-145.9867248535
61376216.0000000000,-146.0201568604
61517692.0000000000,-146.0201568604
61659496.0000000000,-146.0201568604
61801624.0000000000,-146.0201568604
61944080.0000000000,-146.0201568604
62086936.0000000000,-145.9867248535
62230048.0000000000,-145.9867248535
62373496.0000000000,-145.9867248535
62517268.0000000000,-145.9867248535
62661376.0000000000,-146.0201568604
62805816.0000000000,-146.0201568604
62950588.0000000000,-146.0201568604
63095764.0000000000,-146.0201568604
63241204.0000000000,-146.0201568604
63386976.0000000000,-145.9867248535
63533088.0000000000,-145.9684295654
63679536.0000000000,-145.9867248535
63826324.0000000000,-146.0230102539
63973516.0000000000,-146.0282287598
64120980.0000000000,-146.1515655518
64268784.0000000000,-146.1515655518
64416928.0000000000,-146.1515655518
64565416.0000000000,-146.1515655518
64714244.0000000000,-146.1515655518
64863412.0000000000,-146.1515655518
65013000.0000000000,-146.1515655518
65162860.0000000000,-146.1515655518
65313064.0000000000,-146.1515655518
65463616.0000000000,-146.1515655518
65614512.0000000000,-146.1996459961
65765760.0000000000,-146.2019348145
65917356.0000000000,-146.3626556396
66069372.0000000000,-146.3657989502
66221664.0000000000,-146.3677215576
66374312.0000000000,-146.3925933838
66527308.0000000000,-146.5830841064
66680660.0000000000,-146.7218627930
66834364.0000000000,-146.8009643555
66988492.0000000000,-146.8045654297
67142904.0000000000,-146.8284759521
67297680.0000000000,-146.9114837646
67452800.0000000000,-146.9114837646
67608288.0000000000,-146.9114837646
67764128.0000000000,-146.9114837646
67920328.0000000000,-146.9114837646
68076968.0000000000,-146.9114837646
68233888.0000000000,-146.9114837646
68391168.0000000000,-146.9114837646
68548816.0000000000,-146.8284759521
68706824.0000000000,-146.8045654297
68865200.0000000000,-146.8009643555
69024016.0000000000,-146.8009643555
69183120.0000000000,-146.8045654297
69342592.0000000000,-146.8284759521
69502432.0000000000,-146.9431457520
69662640.0000000000,-147.0799102783
69823216.0000000000,-147.1127929688
69984168.0000000000,-147.1173400879
70145560.0000000000,-147.1295623779
70307248.0000000000,-147.1815185547
70469312.0000000000,-147.2899780273
70631752.0000000000,-147.3597564697
70794560.0000000000,-147.3597564697
70957752.0000000000,-147.3597564697
71121392.0000000000,-147.3597564697
71285328.0000000000,-147.3961486816
71449648.0000000000,-147.3597564697
71614344.0000000000,-147.2899780273
71779424.0000000000,-147.1173400879
71944880.0000000000,-147.1127929688
72110712.0000000000,-147.0994567871
72277016.0000000000,-147.0799102783
72443616.0000000000,-147.0799102783
72610608.0000000000,-147.0994567871
72777976.0000000000,-147.1127929688
72945736.0000000000,-147.1173400879
73113880.0000000000,-147.2899780273
73282416.0000000000,-147.3597564697
73451416.0000000000,-147.3961486816
73620728.0000000000,-147.6822509766
73790432.0000000000,-147.9389495850
73960520.0000000000,-147.9599914551
74131008.0000000000,-148.0140075684
74301880.0000000000,-148.0140075684
74473232.0000000000,-148.1375122070
74644904.0000000000,-148.2042541504
74816960.0000000000,-148.2601470947
74989424.0000000000,-148.2601470947
75162280.0000000000,-148.2601470947
75335528.0000000000,-148.2601470947
75509184.0000000000,-148.2601470947
75683320.0000000000,-148.2601470947
75857776.0000000000,-148.2601470947
76032632.0000000000,-148.2601470947
76207896.0000000000,-148.2601470947
76383560.0000000000,-148.2042541504
76559632.0000000000,-148.1375122070
76736192.0000000000,-148.1133728027
76913072.0000000000,-148.1133728027
77090360.0000000000,-148.1375122070
77268064.0000000000,-148.1375122070
77446168.0000000000,-148.1375122070
77624688.0000000000,-148.1133728027
77803616.0000000000,-147.9389495850
77983048.0000000000,-147.7824554443
78162800.0000000000,-147.7824554443
78342976.0000000000,-147.7824554443
78523560.0000000000,-147.9389495850
78704560.0000000000,-147.9389495850
78885984.0000000000,-147.9389495850
79067816.0000000000,-147.9389495850
79250160.0000000000,-147.9389495850
79432840.0000000000,-147.9389495850
79615936.0000000000,-148.1133728027
79799456.0000000000,-147.9389495850
79983400.0000000000,-147.7824554443
80167768.0000000000,-147.7824554443
80352648.0000000000,-147.7824554443
80537872.0000000000,-147.7824554443
80723512.0000000000,-147.7824554443
80909592.0000000000,-147.7824554443
81096088.0000000000,-147.7824554443
81283024.0000000000,-147.7824554443
81470384.0000000000,-147.7581329346
81658272.0000000000,-147.7372436523
81846496.0000000000,-147.4714813232
82035160.0000000000,-147.4714813232
82224256.0000000000,-147.4714813232
82413792.0000000000,-147.3840026855
82603760.0000000000,-147.3840026855
82794256.0000000000,-147.3840026855
82985104.0000000000,-147.3840026855
83176392.0000000000,-147.3840026855
83368120.0000000000,-147.4714813232
83560288.0000000000,-147.7372436523
83752904.0000000000,-147.7824554443
83945960.0000000000,-147.8945770264
84139552.0000000000,-148.1436767578
84333496.0000000000,-148.1436767578
84527896.0000000000,-147.8945770264
84722736.0000000000,-147.7824554443
84918032.0000000000,-147.3840026855
85113768.0000000000,-147.3840026855
85310056.0000000000,-147.7824554443
85506704.0000000000,-147.8788452148
85703800.0000000000,-147.8945770264
85901352.0000000000,-147.8945770264
86099360.0000000000,-147.8788452148
86297832.0000000000,-147.3840026855
86496752.0000000000,-147.3840026855
86696224.0000000000,-147.3840026855
86896072.0000000000,-147.3840026855
87096368.0000000000,-147.3840026855
87297136.0000000000,-147.3840026855
87498360.0000000000,-147.3840026855
87700048.0000000000,-147.8788452148
87902208.0000000000,-147.8788452148
88104920.0000000000,-147.3840026855
88308008.0000000000,-147.2505340576
88511568.0000000000,-147.2505340576
88715592.0000000000,-147.2505340576
88920088.0000000000,-147.2395019531
89125056.0000000000,-147.1423187256
89330592.0000000000,-146.9608612061
89536504.0000000000,-146.9608612061
89742896.0000000000,-146.9608612061
89949760.0000000000,-146.9608612061
90157096.0000000000,-146.9608612061
90364920.0000000000,-146.9608612061
90573216.0000000000,-147.0054016113
90782088.0000000000,-147.1423187256
90991352.0000000000,-147.2395019531
91201088.0000000000,-147.2505340576
91411320.0000000000,-147.4155273438
91622024.0000000000,-147.4155273438
91833224.0000000000,-147.2505340576
92045008.0000000000,-147.2395019531
92257176.0000000000,-147.1423187256
92469832.0000000000,-147.0054016113
92682984.0000000000,-147.1423187256
92896624.0000000000,-147.2395019531
93110760.0000000000,-147.2505340576
93325384.0000000000,-147.2914733887
93540608.0000000000,-147.2505340576
93756224.0000000000,-147.1423187256
93972344.0000000000,-147.0162048340
94188952.0000000000,-147.0054016113
94406064.0000000000,-147.0054016113
94623680.0000000000,-147.0054016113
94841896.0000000000,-147.0162048340
95060512.0000000000,-147.1423187256
95279640.0000000000,-147.2914733887
95499264.0000000000,-147.4155273438
95719392.0000000000,-147.6764068604
95940032.0000000000,-147.8363647461
96161184.0000000000,-147.8363647461
96382952.0000000000,-147.8363647461
96605120.0000000000,-147.8363647461
96827800.0000000000,-147.8363647461
97050992.0000000000,-147.8363647461
97274704.0000000000,-147.8363647461
97498928.0000000000,-147.8011627197
97723672.0000000000,-147.9826507568
97949040.0000000000,-148.0508270264
98174816.0000000000,-148.1755676270
98401120.0000000000,-148.1755676270
98627936.0000000000,-148.1755676270
98855280.0000000000,-148.1755676270
99083152.0000000000,-148.1755676270
99311656.0000000000,-148.0508270264
99540576.0000000000,-148.0508270264
99770024.0000000000,-147.9826507568
100000000.0000000000,-147.8011627197
