Type,FSWP-50
Version,3.02SP1
Date,03.Jul 2026
VSupply,ON
Mode,Voltage
Voltage Set,0.6000000000,V
Voltage Min,0.0000000000,V
Voltage Max,0.6500000000,V
Voltage Meas,0.5999090733,V
Current Max,20.0000000000,mA
Current Meas,17.2941176471,mA
VTune,OFF
Voltage Set,0.0000000000,V
Voltage Min,0.0000000000,V
Voltage Max,0.0100000000,V
Voltage Meas,-0.0237200389,V
Current Max,20.0000000000,mA
Current Meas,0.1517159693,mA
VAux,OFF
Voltage Set,0.0000000000,V
Voltage Min,-10.0000000000,V
Voltage Max,10.0000000000,V
Voltage Meas,-0.0085121368,V
Current Max,100.0000000000,mA
Current Meas,-0.0727819923,mA
Mode,Phase Noise
Measurement,Phase Noise
Input,RF
RF Att,0.0000000000,dB
Coupling,AC
RBW,2.0000000000,%
XCORR Factor,1000
XCORR Optimize,ON
Estimated Meas Time,3.7457527981,s
Sweep Count,5
Signal Frequency,24528741454.4099922180,Hz
Signal Level,-17.0434000000,dBm
Start,10000.0000000000,Hz
Stop,100000000.0000000000,Hz
SubSweep,1
Start,10000.0000000000,Hz
Stop,30000.0000000000,Hz
RBW,600.0000000000,Hz
XCORR Count,1000
SubSweep,2
Start,30000.0000000000,Hz
Stop,100000.0000000000,Hz
RBW,600.0000000000,Hz
XCORR Count,1000
SubSweep,3
Start,100000.0000000000,Hz
Stop,300000.0000000000,Hz
RBW,2000.0000000000,Hz
XCORR Count,3300
SubSweep,4
Start,300000.0000000000,Hz
Stop,1000000.0000000000,Hz
RBW,6000.0000000000,Hz
XCORR Count,10000
SubSweep,5
Start,1000000.0000000000,Hz
Stop,3000000.0000000000,Hz
RBW,20000.0000000000,Hz
XCORR Count,10000
SubSweep,6
Start,3000000.0000000000,Hz
Stop,10000000.0000000000,Hz
RBW,60000.0000000000,Hz
XCORR Count,10000
SubSweep,7
Start,10000000.0000000000,Hz
Stop,30000000.0000000000,Hz
RBW,200000.0000000000,Hz
XCORR Count,10000
SubSweep,8
Start,30000000.0000000000,Hz
Stop,100000000.0000000000,Hz
RBW,600000.0000000000,Hz
XCORR Count,10000
Integrated Measurements Range,1
Start,10000.0000000000,Hz
Stop,100000000.0000000000,Hz
Weighting,OFF
Integrated Measurements Range,2
Start,10000.0000000000,Hz
Stop,100000000.0000000000,Hz
Weighting,OFF
Integrated Measurements Range,3
Start,10000.0000000000,Hz
Stop,100000000.0000000000,Hz
Weighting,OFF
Integrated Measurements Range,4
Start,10000.0000000000,Hz
Stop,100000000.0000000000,Hz
Weighting,OFF
Integrated Measurements Range,5
Start,10000.0000000000,Hz
Stop,100000000.0000000000,Hz
Weighting,OFF
Integrated Measurements Range,6
Start,10000.0000000000,Hz
Stop,100000000.0000000000,Hz
Weighting,OFF
Integrated Measurements Range,7
Start,10000.0000000000,Hz
Stop,100000000.0000000000,Hz
Weighting,OFF
Integrated Measurements Range,8
Start,10000.0000000000,Hz
Stop,100000000.0000000000,Hz
Weighting,OFF
Integrated Measurements Range,9
Start,10000.0000000000,Hz
Stop,100000000.0000000000,Hz
Weighting,OFF
Integrated Measurements Range,10
Start,10000.0000000000,Hz
Stop,100000000.0000000000,Hz
Weighting,OFF
Spot Noise Decade Edges,OFF
Spot Noise User Defined,ON
Spot Noise User Defined Offset,1
State,OFF
Offset,1000.0000000000,Hz
Spot Noise User Defined Offset,2
State,OFF
Offset,10000.0000000000,Hz
Spot Noise User Defined Offset,3
State,ON
Offset,100000.0000000000,Hz
Spot Noise User Defined Offset,4
State,ON
Offset,1000000.0000000000,Hz
Spot Noise User Defined Offset,5
State,ON
Offset,10000000.0000000000,Hz
Spot Noise User Defined Offset,6
State,OFF
Offset,100000000.0000000000,Hz
Window,1,Noise Spectrum
Trace,1
Trace Mode,CLR/WRITE
Trace Result,PN
Smoothing,ON
Smoothing Value,1.0000000000,%
Spurious Removal,ON
Spurious Removal Threshold,6.0000000000,dB
Trace Offset,OFF
Trace Offset,0.0000000000,dB
Trace Label,OFF
Trace Label,Trace 1
x-Unit,Hz
y-Unit,dBc/Hz
Values,4001
10000.0000000000,-53.0341072083
10023.0507812500,-53.0692481995
10046.1542968750,-53.1043930054
10069.3115234375,-53.1395378113
10092.5332031250,-53.1807403564
10115.7968750000,-53.2223396301
10139.1152343750,-53.2639350891
10162.4863281250,-53.3055343628
10185.9111328125,-53.3494873047
10209.3906250000,-53.3952102661
10232.9355468750,-53.4409561157
10256.5234375000,-53.4866790771
10280.1650390625,-53.5326042175
10303.8613281250,-53.5791473389
10327.6123046875,-53.6256866455
10351.4189453125,-53.6722297668
10375.2792968750,-53.7187690735
10399.2060546875,-53.7624549866
10423.1777343750,-53.8060340881
10447.2031250000,-53.8496131897
10471.2851562500,-53.8931922913
10495.4218750000,-53.9320755005
10519.6152343750,-53.9692611694
10543.8632812500,-54.0064468384
10568.1787109375,-54.0436439514
10592.5400390625,-54.0761718750
10616.9560546875,-54.1046905518
10641.4287109375,-54.1332130432
10665.9580078125,-54.1617355347
10690.5439453125,-54.1866912842
10715.1982421875,-54.2058792114
10739.8974609375,-54.2250595093
10764.6533203125,-54.2442398071
10789.4667968750,-54.2612419128
10814.3378906250,-54.2722091675
10839.2656250000,-54.2831764221
10864.2509765625,-54.2941436768
10889.3056640625,-54.3041648865
10914.4062500000,-54.3100738525
10939.5644531250,-54.3159866333
10964.7812500000,-54.3218955994
10990.0556640625,-54.3277626038
11015.3886718750,-54.3333740234
11040.7919921875,-54.3389892578
11066.2412109375,-54.3446044922
11091.7500000000,-54.3508567810
11117.3173828125,-54.3608894348
11142.9433593750,-54.3709182739
11168.6289062500,-54.3809509277
11194.3730468750,-54.3922462463
11220.1894531250,-54.4093856812
11246.0527343750,-54.4265174866
11271.9755859375,-54.4436492920
11297.9580078125,-54.4625358582
11324.0009765625,-54.4867286682
11350.1035156250,-54.5109252930
11376.2792968750,-54.5351333618
11402.5019531250,-54.5612487793
11428.7861328125,-54.5908775330
11455.1298828125,-54.6205062866
11481.5351562500,-54.6501388550
11508.0000000000,-54.6818161011
11534.5273437500,-54.7156028748
11561.1279296875,-54.7494087219
11587.7773437500,-54.7831954956
11614.4873046875,-54.8200798035
11641.2597656250,-54.8585128784
11668.0937500000,-54.8969497681
11694.9892578125,-54.9353828430
11721.9472656250,-54.9799652100
11748.9804687500,-55.0254631042
11776.0625000000,-55.0709381104
11803.2070312500,-55.1175308228
11830.4140625000,-55.1728973389
11857.6845703125,-55.2282638550
11885.0166015625,-55.2836265564
11912.4257812500,-55.3429756165
11939.8847656250,-55.4085998535
11967.4072265625,-55.4742279053
11994.9931640625,-55.5398521423
12022.6425781250,-55.6090660095
12050.3554687500,-55.6798973083
12078.1318359375,-55.7507247925
12105.9863281250,-55.8214607239
12133.8916015625,-55.8870773315
12161.8613281250,-55.9526977539
12189.8955078125,-56.0183143616
12217.9931640625,-56.0777511597
12246.1572265625,-56.1275177002
12274.3984375000,-56.1773071289
12302.6923828125,-56.2270736694
12331.0507812500,-56.2614288330
12359.4746093750,-56.2915802002
12387.9638671875,-56.3217353821
12416.5195312500,-56.3488121033
12445.1396484375,-56.3643913269
12473.8408203125,-56.3799819946
12502.5937500000,-56.3955612183
12531.4130859375,-56.4070014954
12560.2988281250,-56.4163703918
12589.2509765625,-56.4257354736
12618.2705078125,-56.4349403381
12647.3701171875,-56.4432220459
12676.5234375000,-56.4514999390
12705.7441406250,-56.4597778320
12735.0312500000,-56.4678306580
12764.3867187500,-56.4757614136
12793.8095703125,-56.4836959839
12823.2998046875,-56.4916229248
12852.8730468750,-56.4995460510
12882.4990234375,-56.5074653625
12912.1943359375,-56.5153846741
12941.9580078125,-56.5261802673
12971.7900390625,-56.5378456116
13001.6914062500,-56.5495071411
13031.6611328125,-56.5648956299
13061.7138671875,-56.5868797302
13091.8222656250,-56.6088562012
13122.0000000000,-56.6308326721
13152.2470703125,-56.6677360535
13182.5634765625,-56.7049217224
13212.9501953125,-56.7421112061
13243.4218750000,-56.7880668640
13273.9492187500,-56.8391914368
13304.5468750000,-56.8903160095
13335.2138671875,-56.9430046082
13365.9531250000,-56.9993553162
13396.7626953125,-57.0557060242
13427.6425781250,-57.1120567322
13458.6093750000,-57.1611137390
13489.6328125000,-57.2101325989
13520.7265625000,-57.2591438293
13551.8935546875,-57.2964706421
13583.1308593750,-57.3292350769
13614.4414062500,-57.3620033264
13645.8388671875,-57.3876914978
13677.2929687500,-57.4052619934
13708.8203125000,-57.4228324890
13740.4199218750,-57.4391326904
13772.0927734375,-57.4513587952
13803.8388671875,-57.4635810852
13835.6572265625,-57.4759750366
13867.5644531250,-57.4933967590
13899.5302734375,-57.5108108521
13931.5693359375,-57.5282249451
13963.6826171875,-57.5531806946
13995.8701171875,-57.5794639587
14028.1318359375,-57.6057434082
14060.4677734375,-57.6353340149
14092.8935546875,-57.6664161682
14125.3789062500,-57.6974792480
14157.9384765625,-57.7275123596
14190.5732421875,-57.7567214966
14223.2841796875,-57.7859344482
14256.0693359375,-57.8127899170
14288.9462890625,-57.8367042542
14321.8837890625,-57.8606071472
14354.8964843750,-57.8829078674
14387.9853515625,-57.9022636414
14421.1503906250,-57.9216194153
14454.3925781250,-57.9402236938
14487.7109375000,-57.9569206238
14521.1220703125,-57.9736289978
14554.5947265625,-57.9898529053
14588.1435546875,-58.0045394897
14621.7705078125,-58.0192260742
14655.4746093750,-58.0335884094
14689.2568359375,-58.0467147827
14723.1328125000,-58.0598487854
14757.0703125000,-58.0732002258
14791.0869140625,-58.0874328613
14825.1806640625,-58.1016654968
14859.3544921875,-58.1172981262
14893.6054687500,-58.1379394531
14927.9365234375,-58.1585845947
14962.3632812500,-58.1822700500
14996.8525390625,-58.2148628235
15031.4208984375,-58.2474517822
15066.0693359375,-58.2845268250
15100.7978515625,-58.3315963745
15135.6064453125,-58.3786697388
15170.5117187500,-58.4303894043
15205.4804687500,-58.4894714355
15240.5302734375,-58.5485534668
15275.6611328125,-58.6097908020
15310.8730468750,-58.6733703613
15346.1650390625,-58.7369499207
15381.5390625000,-58.7967529297
15417.0117187500,-58.8540115356
15452.5488281250,-58.9112358093
15488.1679687500,-58.9560928345
15523.8691406250,-58.9963188171
15559.6533203125,-59.0365447998
15595.5195312500,-59.0564613342
15631.4677734375,-59.0570259094
15667.5166015625,-59.0598602295
15703.6318359375,-59.0613517761
15739.8300781250,-59.0632553101
15776.1113281250,-59.0695114136
15812.4765625000,-59.0702972412
15848.9248046875,-59.0748062134
15885.4755859375,-59.0780677795
15922.0927734375,-59.0792388916
15958.7939453125,-59.0866279602
15995.5800781250,-59.0894927979
16032.4511718750,-59.0905685425
16069.4072265625,-59.0916404724
16106.4482421875,-59.0991821289
16143.5927734375,-59.1201705933
16180.8046875000,-59.1424522400
16218.1025390625,-59.1708946228
16255.4863281250,-59.1993408203
16292.9560546875,-59.2292823792
16330.5126953125,-59.2610473633
16368.1738281250,-59.2928237915
16405.9042968750,-59.3256034851
16443.7207031250,-59.3587265015
16481.6250000000,-59.3918457031
16519.6152343750,-59.4248657227
16557.6953125000,-59.4578895569
16595.8613281250,-59.4898529053
16634.1347656250,-59.5201225281
16672.4765625000,-59.5503807068
16710.9082031250,-59.5766105652
16749.4277343750,-59.6013298035
16788.0371093750,-59.6255455017
16826.7343750000,-59.6444473267
16865.5390625000,-59.6633605957
16904.4160156250,-59.6809577942
16943.3808593750,-59.6970405579
16982.4375000000,-59.7131233215
17021.5820312500,-59.7302474976
17060.8183593750,-59.7475471497
17100.1445312500,-59.7656707764
17139.5820312500,-59.7861213684
17179.0898437500,-59.8065605164
17218.6875000000,-59.8280220032
17258.3789062500,-59.8499565125
17298.1601562500,-59.8715972900
17338.0332031250,-59.8911094666
17378.0000000000,-59.9106216431
17418.0761718750,-59.9270057678
17458.2265625000,-59.9410667419
17498.4687500000,-59.9549255371
17538.8027343750,-59.9643287659
17579.2324218750,-59.9737319946
17619.7519531250,-59.9834861755
17660.3867187500,-59.9935607910
17701.0957031250,-60.0038146973
17741.8984375000,-60.0222320557
17782.7949218750,-60.0406532288
17823.7851562500,-60.0667114258
17864.8691406250,-60.0994606018
17906.0488281250,-60.1330795288
17947.3437500000,-60.1807289124
17988.7148437500,-60.2283554077
18030.1796875000,-60.2813911438
18071.7402343750,-60.3380622864
18113.3964843750,-60.3947944641
18155.1484375000,-60.4518280029
18197.0175781250,-60.5088882446
18238.9628906250,-60.5622940063
18281.0058593750,-60.6142768860
18323.1445312500,-60.6650848389
18365.3808593750,-60.7131309509
18407.7148437500,-60.7611808777
18450.1445312500,-60.8095283508
18492.6953125000,-60.8579330444
18535.3222656250,-60.9068832397
18578.0468750000,-60.9563903809
18620.8710937500,-61.0054054260
18663.7929687500,-61.0508041382
18706.8144531250,-61.0962066650
18749.9355468750,-61.1334762573
18793.1757812500,-61.1680984497
18836.4941406250,-61.1979255676
18879.9140625000,-61.2205734253
18923.4335937500,-61.2428855896
18967.0546875000,-61.2597999573
19010.7734375000,-61.2767143250
19054.6171875000,-61.2957878113
19098.5390625000,-61.3156509399
19142.5625000000,-61.3387489319
19186.6875000000,-61.3664360046
19230.9140625000,-61.3948440552
19275.2421875000,-61.4291267395
19319.6738281250,-61.4634132385
19364.2285156250,-61.4987716675
19408.8632812500,-61.5343475342
19453.6015625000,-61.5675506592
19498.4433593750,-61.5987129211
19543.3886718750,-61.6278038025
19588.4375000000,-61.6513023376
19633.6132812500,-61.6747131348
19678.8691406250,-61.6911087036
19724.2304687500,-61.7075080872
19769.6972656250,-61.7215995789
19815.2675781250,-61.7350006104
19860.9433593750,-61.7497291565
19906.7226562500,-61.7656135559
19952.6328125000,-61.7833328247
19998.6250000000,-61.8050193787
20044.7226562500,-61.8271598816
20090.9277343750,-61.8531951904
20137.2382812500,-61.8792266846
20183.6562500000,-61.9044380188
20230.2031250000,-61.9295806885
20276.8339843750,-61.9507331848
20323.5742187500,-61.9703254700
20370.4218750000,-61.9869232178
20417.3769531250,-62.0009803772
20464.4394531250,-62.0147323608
20511.6113281250,-62.0279693604
20558.9160156250,-62.0424194336
20606.3046875000,-62.0611495972
20653.8046875000,-62.0806579590
20701.4121093750,-62.1097412109
20749.1308593750,-62.1388320923
20796.9589843750,-62.1792755127
20844.8984375000,-62.2204360962
20892.9687500000,-62.2693901062
20941.1289062500,-62.3200645447
20989.4003906250,-62.3725471497
21037.7812500000,-62.4257888794
21086.2753906250,-62.4753303528
21134.8808593750,-62.5224113464
21183.6210937500,-62.5634078979
21232.4511718750,-62.5984764099
21281.3945312500,-62.6284141541
21330.4492187500,-62.6514053345
21379.6171875000,-62.6716499329
21428.8984375000,-62.6868286133
21478.2929687500,-62.7012290955
21527.8261718750,-62.7137222290
21577.4492187500,-62.7265930176
21627.1875000000,-62.7407112122
21677.0390625000,-62.7558403015
21727.0058593750,-62.7752342224
21777.0878906250,-62.7958183289
21827.3105468750,-62.8227691650
21877.6230468750,-62.8505706787
21928.0527343750,-62.8839912415
21978.5996093750,-62.9176101685
22029.2617187500,-62.9527206421
22080.0410156250,-62.9874191284
22130.9355468750,-63.0188598633
22181.9746093750,-63.0497283936
22233.1054687500,-63.0760269165
22284.3535156250,-63.1021385193
22335.7207031250,-63.1269874573
22387.2070312500,-63.1525268555
22438.8105468750,-63.1820030212
22490.5585937500,-63.2132110596
22542.4003906250,-63.2522773743
22594.3632812500,-63.2939414978
22646.4433593750,-63.3449172974
22698.6464843750,-63.3988800049
22750.9667968750,-63.4610595703
22803.4101562500,-63.5254440308
22855.9980468750,-63.5944709778
22908.6835937500,-63.6630058289
22961.4902343750,-63.7308235168
23014.4179687500,-63.7941169739
23067.4667968750,-63.8521537781
23120.6386718750,-63.9024314880
23173.9335937500,-63.9210815430
23227.3769531250,-63.9222145081
23280.9179687500,-63.9265022278
23334.5820312500,-63.9358139038
23388.3710937500,-63.9454345703
23442.2812500000,-63.9462356567
23496.3183593750,-63.9524459839
23550.5039062500,-63.9686889648
23604.7910156250,-63.9776878357
23659.2011718750,-63.9822158813
23713.7363281250,-64.0003128052
23768.3984375000,-64.0048980713
23823.1875000000,-64.0136947632
23878.1015625000,-64.0325393677
23933.1679687500,-64.0356140137
23988.3359375000,-64.0398559570
24043.6308593750,-64.0641098022
24099.0527343750,-64.0653457642
24154.6035156250,-64.0685348511
24210.2812500000,-64.0842285156
24266.1132812500,-64.0909042358
24322.0488281250,-64.1032257080
24378.1132812500,-64.1035842896
24434.3066406250,-64.1124801636
24490.6289062500,-64.1148223877
24547.0820312500,-64.1203460693
24603.6640625000,-64.1244583130
24660.4042968750,-64.1423187256
24717.2480468750,-64.1828079224
24774.2226562500,-64.2307891846
24831.3300781250,-64.2800521851
24888.5683593750,-64.3338775635
24945.9375000000,-64.3867111206
25003.4394531250,-64.4381027222
25061.1015625000,-64.4813842773
25118.8691406250,-64.5200042725
25176.7714843750,-64.5426101685
25234.8046875000,-64.5612106323
25292.9726562500,-64.5672683716
25351.2753906250,-64.5722579956
25409.7402343750,-64.5754241943
25468.3105468750,-64.5837860107
25527.0175781250,-64.5951766968
25585.8593750000,-64.6181488037
25644.8359375000,-64.6441802979
25703.9492187500,-64.6786727905
25763.1972656250,-64.7147827148
25822.6132812500,-64.7528991699
25882.1347656250,-64.7894439697
25941.7949218750,-64.8253021240
26001.5937500000,-64.8572616577
26061.5292968750,-64.8883743286
26121.6015625000,-64.9177932739
26181.8437500000,-64.9467239380
26242.1953125000,-64.9753570557
26302.6835937500,-65.0022125244
26363.3144531250,-65.0274658203
26424.0839843750,-65.0486907959
26484.9921875000,-65.0655059814
26546.0429687500,-65.0793609619
26607.2617187500,-65.0907516479
26668.5937500000,-65.1041870117
26730.0664062500,-65.1236572266
26791.6816406250,-65.1551895142
26853.4375000000,-65.1942596436
26915.3378906250,-65.2570800781
26977.4082031250,-65.3272933960
27039.5937500000,-65.4110488892
27101.9218750000,-65.5001525879
27164.3945312500,-65.5911712646
27227.0097656250,-65.6746292114
27289.7695312500,-65.7488632202
27352.6738281250,-65.8111724854
27415.7539062500,-65.8518981934
27478.9492187500,-65.8831253052
27542.2910156250,-65.8900909424
27605.7773437500,-65.8924407959
27669.4101562500,-65.8930053711
27733.1914062500,-65.8962402344
27797.1171875000,-65.8963928223
27861.2226562500,-65.8987503052
27925.4453125000,-65.9010391235
27989.8144531250,-65.9014434814
28054.3339843750,-65.9098815918
28119.0000000000,-65.9242172241
28183.8164062500,-65.9404373169
28248.8144531250,-65.9590835571
28313.9296875000,-65.9799118042
28379.1953125000,-66.0027160645
28444.6113281250,-66.0343399048
28510.1777343750,-66.0713043213
28575.8964843750,-66.1154403687
28641.7656250000,-66.1666259766
28707.8183593750,-66.2181701660
28773.9921875000,-66.2680740356
28840.3183593750,-66.3081130981
28906.7968750000,-66.3415679932
28973.4296875000,-66.3635711670
29040.2148437500,-66.3789901733
29107.1855468750,-66.3924636841
29174.2812500000,-66.4079666138
29241.5292968750,-66.4333877563
29308.9335937500,-66.4671173096
29376.4921875000,-66.5185546875
29444.2070312500,-66.5833663940
29512.0781250000,-66.6559295654
29580.1386718750,-66.7330703735
29648.3222656250,-66.7345962524
29716.6640625000,-66.7356414795
29785.1621093750,-66.7422103882
29853.8203125000,-66.7532272339
29922.6347656250,-66.7593078613
29991.6406250000,-66.7806777954
30060.7734375000,-66.7911682129
30130.0664062500,-66.8033905029
30199.5175781250,-66.8050537109
30269.1308593750,-66.8264160156
30338.9023437500,-66.8469314575
30408.8359375000,-66.8500061035
30478.9648437500,-66.8662872314
30549.2207031250,-66.8733673096
30619.6386718750,-66.9041290283
30690.2187500000,-66.9045181274
30760.9628906250,-66.9186096191
30831.8691406250,-66.9201278687
30902.9375000000,-66.9210586548
30974.2050781250,-67.0046768188
31045.6035156250,-67.1022949219
31117.1660156250,-67.1116333008
31188.8925781250,-67.1169738770
31260.7851562500,-67.1421737671
31332.8437500000,-67.1553421021
31405.1035156250,-67.2069091797
31477.4941406250,-67.2080307007
31550.0507812500,-67.2202529907
31622.7773437500,-67.3013534546
31695.6699218750,-67.3053970337
31768.7304687500,-67.3090438843
31841.9589843750,-67.3793258667
31915.3925781250,-67.3921890259
31988.9589843750,-67.4277114868
32062.6972656250,-67.4360961914
32136.6035156250,-67.4448394775
32210.6796875000,-67.4598236084
32284.9277343750,-67.5623016357
32359.3828125000,-67.6916275024
32433.9726562500,-67.7752685547
32508.7363281250,-67.7822036743
32583.6718750000,-67.7841186523
32658.7792968750,-67.8009338379
32734.0585937500,-67.8015899658
32809.5156250000,-67.8101043701
32885.1796875000,-67.8302001953
32960.9804687500,-67.8502731323
33036.9570312500,-67.8660659790
33113.1093750000,-67.8783721924
33189.4375000000,-67.8922119141
33265.9414062500,-67.9083862305
33342.6250000000,-67.9175109863
33419.5156250000,-67.9192962646
33496.5507812500,-67.9565811157
33573.7617187500,-68.0095443726
33651.1523437500,-68.0655364990
33728.7226562500,-68.1186752319
33806.4687500000,-68.1228332520
33884.4335937500,-68.1320190430
33962.5390625000,-68.1339416504
34040.8242187500,-68.1708831787
34119.2890625000,-68.1727447510
34197.9375000000,-68.1806106567
34276.7656250000,-68.2193374634
34355.7773437500,-68.2310638428
34435.0078125000,-68.2381820679
34514.3828125000,-68.2686004639
34593.9414062500,-68.2932815552
34673.6835937500,-68.2938995361
34753.6054687500,-68.3099670410
34833.7187500000,-68.3293762207
34914.0507812500,-68.3318939209
34994.5273437500,-68.3379287720
35075.1953125000,-68.3386383057
35156.0429687500,-68.3414688110
35237.0820312500,-68.3477249146
35318.3046875000,-68.3487243652
35399.7148437500,-68.3503417969
35481.3554687500,-68.3553466797
35563.1406250000,-68.3764038086
35645.1171875000,-68.3819885254
35727.2812500000,-68.3914413452
35809.6367187500,-68.4040222168
35892.1796875000,-68.4765243530
35974.9531250000,-68.5680160522
36057.8789062500,-68.6736373901
36140.9921875000,-68.7911148071
36224.3007812500,-68.9199523926
36307.8007812500,-69.0580902100
36391.4921875000,-69.1988983154
36475.3789062500,-69.3309326172
36559.4960937500,-69.3717498779
36643.7695312500,-69.3723373413
36728.2343750000,-69.3921508789
36812.8945312500,-69.3938293457
36897.7539062500,-69.4258041382
36982.8046875000,-69.4386291504
37068.0507812500,-69.4412307739
37153.5390625000,-69.4670181274
37239.1796875000,-69.5015335083
37325.0195312500,-69.5093460083
37411.0546875000,-69.5200119019
37497.2890625000,-69.5464935303
37583.7226562500,-69.5641937256
37670.3984375000,-69.5720214844
37757.2304687500,-69.5732498169
37844.2656250000,-69.5787887573
37931.5000000000,-69.6419296265
38018.9335937500,-69.6794815063
38106.5703125000,-69.6795501709
38194.4062500000,-69.7088241577
38282.4921875000,-69.7127609253
38370.7343750000,-69.7153244019
38459.1796875000,-69.7532196045
38547.8320312500,-69.7566680908
38636.6875000000,-69.7631988525
38725.7500000000,-69.7727432251
38815.0585937500,-69.7747955322
38904.5273437500,-69.7888259888
38994.2070312500,-69.8079376221
39084.0898437500,-69.8131103516
39174.1835937500,-69.8407516479
39264.4804687500,-69.8478164673
39354.9882812500,-69.8552856445
39445.7460937500,-69.8620300293
39536.6718750000,-69.8664321899
39627.8085937500,-69.9845123291
39719.1523437500,-70.1072616577
39810.7070312500,-70.1834106445
39902.4765625000,-70.2554244995
39994.4960937500,-70.3189010620
40086.6875000000,-70.3666839600
40179.0898437500,-70.3940505981
40271.7070312500,-70.4033584595
40364.5351562500,-70.4042510986
40457.5781250000,-70.4094772339
40550.8359375000,-70.4297561646
40644.3515625000,-70.5014038086
40738.0390625000,-70.5840072632
40831.9453125000,-70.5986480713
40926.0664062500,-70.6106643677
41020.4023437500,-70.6464538574
41114.9570312500,-70.6478195190
41209.7304687500,-70.6979217529
41304.7656250000,-70.7130203247
41399.9765625000,-70.7659225464
41495.4062500000,-70.7749557495
41591.0585937500,-70.7833099365
41686.9257812500,-70.8211975098
41783.0195312500,-70.8350448608
41879.3789062500,-70.8358535767
41975.9140625000,-70.8391113281
42072.6679687500,-70.8419036865
42169.6484375000,-70.8427581787
42266.8554687500,-70.8436508179
42364.2812500000,-70.8494949341
42461.9335937500,-70.8505935669
42559.8593750000,-70.8530578613
42657.9648437500,-70.8554306030
42756.2929687500,-70.8589096069
42854.8476562500,-70.8644409180
42953.6328125000,-70.8647842407
43052.6445312500,-70.8659515381
43151.9296875000,-70.8659515381
43251.3984375000,-70.8659515381
43351.0976562500,-70.8938140869
43451.0234375000,-70.9661636353
43551.1796875000,-71.0562438965
43651.5703125000,-71.1174392700
43752.1914062500,-71.1742172241
43853.0898437500,-71.2251434326
43954.1757812500,-71.2545318604
44055.4921875000,-71.2577743530
44157.0429687500,-71.2716674805
44258.8281250000,-71.2866287231
44360.8476562500,-71.2874984741
44463.1015625000,-71.2888412476
44565.6406250000,-71.2948608398
44668.3671875000,-71.2977828979
44771.3320312500,-71.3002395630
44874.5351562500,-71.3091354370
44977.9726562500,-71.3243942261
45081.6484375000,-71.3271026611
45185.6171875000,-71.3340148926
45289.7734375000,-71.3365097046
45394.1679687500,-71.4047012329
45498.8046875000,-71.5873870850
45603.6835937500,-71.7152252197
45708.8046875000,-71.7264251709
45814.1640625000,-71.7305603027
45919.8203125000,-71.7358016968
46025.6679687500,-71.8105621338
46131.7617187500,-71.8180465698
46238.0976562500,-71.8511199951
46344.6796875000,-71.9071502686
46451.5078125000,-71.9170532227
46558.6328125000,-71.9547119141
46665.9531250000,-71.9672546387
46773.5234375000,-71.9703216553
46881.3398437500,-71.9831924438
46989.4023437500,-71.9986953735
47097.7187500000,-72.0143356323
47206.2812500000,-72.0683898926
47315.1484375000,-72.1298675537
47424.2109375000,-72.2396545410
47533.5273437500,-72.3350296021
47643.0976562500,-72.3738250732
47752.9179687500,-72.3935928345
47862.9921875000,-72.4015350342
47973.3710937500,-72.4043579102
48083.9531250000,-72.4102478027
48194.7890625000,-72.4362640381
48305.8828125000,-72.4912872314
48417.2304687500,-72.5523452759
48528.8359375000,-72.6665954590
48640.6992187500,-72.7265243530
48752.8710937500,-72.7280273438
48865.2500000000,-72.7722930908
48977.8867187500,-72.7867050171
49090.7851562500,-72.7954254150
49203.9453125000,-72.8166961670
49317.3632812500,-72.8449249268
49431.0429687500,-72.8646087646
49545.0390625000,-72.8727569580
49659.2421875000,-72.8874053955
49773.7109375000,-72.8886489868
49888.4453125000,-72.9198455811
50003.4414062500,-72.9268875122
50118.7031250000,-72.9278335571
50234.2851562500,-72.9525146484
50350.0781250000,-72.9572067261
50466.1367187500,-72.9600143433
50582.4648437500,-72.9790496826
50699.0625000000,-73.0009994507
50815.9257812500,-73.0314865112
50933.0625000000,-73.0501861572
51050.5234375000,-73.0581893921
51168.1953125000,-73.0841598511
51286.1445312500,-73.1350173950
51404.3593750000,-73.1856994629
51522.8515625000,-73.1915664673
51641.6171875000,-73.2015762329
51760.7109375000,-73.2239303589
51880.0234375000,-73.2432937622
51999.6093750000,-73.2532653809
52119.4726562500,-73.2663421631
52239.6093750000,-73.2683715820
52360.0273437500,-73.2716903687
52480.7187500000,-73.2735214233
52601.7500000000,-73.2817001343
52723.0000000000,-73.2818145752
52844.5312500000,-73.3220748901
52966.3398437500,-73.3756790161
53088.4335937500,-73.3831176758
53210.8046875000,-73.3870925903
53333.5195312500,-73.3971099854
53456.4570312500,-73.3999404907
53579.6757812500,-73.4566574097
53703.1835937500,-73.5306930542
53826.9726562500,-73.6071472168
53951.0468750000,-73.6256484985
54075.4062500000,-73.6372985840
54200.1132812500,-73.6852798462
54325.0507812500,-73.6871566772
54450.2734375000,-73.6982421875
54575.7851562500,-73.7549591064
54701.5859375000,-73.8032531738
54827.6757812500,-73.8105773926
54954.0585937500,-73.8379898071
55080.7929687500,-73.9197235107
55207.7578125000,-73.9218368530
55335.0156250000,-73.9362716675
55462.5664062500,-73.9756164551
55590.4101562500,-74.0377655029
55718.5507812500,-74.1283493042
55847.0468750000,-74.2098388672
55975.7773437500,-74.2886810303
56104.8085937500,-74.3081817627
56234.1328125000,-74.3133850098
56363.7578125000,-74.3135375977
56493.6796875000,-74.3250579834
56623.9023437500,-74.3252944946
56754.4843750000,-74.3534698486
56885.3085937500,-74.3540802002
57016.4335937500,-74.3605499268
57147.8593750000,-74.3668746948
57279.5898437500,-74.3874282837
57411.6210937500,-74.3952865601
57544.0234375000,-74.4005661011
57676.6679687500,-74.4350433350
57809.6171875000,-74.4670181274
57942.8710937500,-74.4719085693
58076.4335937500,-74.4893188477
58210.3046875000,-74.5187454224
58344.4843750000,-74.5194168091
58479.0351562500,-74.6140747070
58613.8320312500,-74.7699279785
58748.9414062500,-74.7923355103
58884.3632812500,-74.7925415039
59020.0937500000,-74.8217239380
59156.1406250000,-74.8409576416
59292.5000000000,-74.8482894897
59429.2382812500,-74.8687591553
59566.2265625000,-74.8863296509
59703.5312500000,-74.8943023682
59841.1523437500,-74.9189987183
59979.0898437500,-74.9252471924
60117.3476562500,-74.9984359741
60255.9882812500,-75.0095214844
60394.8828125000,-75.0104446411
60534.0976562500,-75.0470123291
60673.6328125000,-75.0560684204
60813.4882812500,-75.0592346191
60953.6679687500,-75.0878753662
61094.1718750000,-75.1141357422
61235.0625000000,-75.1304244995
61376.2148437500,-75.1472854614
61517.6914062500,-75.1762084961
61659.4960937500,-75.1973266602
61801.6250000000,-75.2224731445
61944.0820312500,-75.2421188354
62086.9335937500,-75.2435150146
62230.0507812500,-75.2534255981
62373.4960937500,-75.2580871582
62517.2695312500,-75.2647476196
62661.3750000000,-75.3508148193
62805.8164062500,-75.4631500244
62950.5859375000,-75.5607376099
63095.7617187500,-75.5679855347
63241.2031250000,-75.5681991577
63386.9765625000,-75.5942230225
63533.0898437500,-75.6527938843
63679.5390625000,-75.6530761719
63826.3242187500,-75.6781387329
63973.5195312500,-75.7029953003
64120.9804687500,-75.7874755859
64268.7851562500,-75.7878112793
64416.9296875000,-75.8178329468
64565.4140625000,-75.8389968872
64714.2421875000,-75.8620681763
64863.4140625000,-75.8666229248
65013.0000000000,-75.8849792480
65162.8593750000,-75.9182205200
65313.0625000000,-75.9899368286
65463.6132812500,-75.9931793213
65614.5156250000,-76.0258255005
65765.7578125000,-76.0686035156
65917.3515625000,-76.0711212158
66069.3671875000,-76.1450958252
66221.6640625000,-76.1782760620
66374.3125000000,-76.2503051758
66527.3125000000,-76.2686538696
66680.6562500000,-76.2809753418
66834.3593750000,-76.2918777466
66988.4921875000,-76.2943572998
67142.9062500000,-76.2957916260
67297.6796875000,-76.3210449219
67452.8046875000,-76.3248291016
67608.2890625000,-76.3446044922
67764.1250000000,-76.3486862183
67920.3281250000,-76.3649902344
68076.9609375000,-76.3815002441
68233.8906250000,-76.3901290894
68391.1718750000,-76.4019165039
68548.8203125000,-76.4283905029
68706.8281250000,-76.4330749512
68865.2031250000,-76.4413833618
69024.0156250000,-76.4506912231
69183.1250000000,-76.4516448975
69342.5937500000,-76.4991989136
69502.4296875000,-76.5392379761
69662.6406250000,-76.5610427856
69823.2187500000,-76.5656814575
69984.1640625000,-76.5970458984
70145.5625000000,-76.6037673950
70307.2500000000,-76.6257629395
70469.3125000000,-76.7383575439
70631.7500000000,-76.9545364380
70794.5625000000,-77.1488952637
70957.7500000000,-77.1514739990
71121.3906250000,-77.1773071289
71285.3281250000,-77.2559432983
71449.6484375000,-77.2626342773
71614.3437500000,-77.2806320190
71779.4218750000,-77.2850036621
71944.8750000000,-77.2932891846
72110.7187500000,-77.2992935181
72277.0156250000,-77.3077316284
72443.6171875000,-77.3123321533
72610.6093750000,-77.3127136230
72777.9765625000,-77.3276596069
72945.7343750000,-77.3349227905
73113.8828125000,-77.3756561279
73282.4140625000,-77.3837051392
73451.4140625000,-77.3978805542
73620.7265625000,-77.4238204956
73790.4296875000,-77.4346694946
73960.5234375000,-77.4352951050
74131.0078125000,-77.5374908447
74301.8828125000,-77.5665817261
74473.2343750000,-77.5670852661
74644.8984375000,-77.6112442017
74816.9609375000,-77.6364212036
74989.4218750000,-77.6588668823
75162.2734375000,-77.6634216309
75335.5312500000,-77.7045059204
75509.1875000000,-77.7393951416
75683.3203125000,-77.7580413818
75857.7812500000,-77.8004913330
76032.6328125000,-77.8045120239
76207.8984375000,-77.8176193237
76383.5625000000,-77.8228073120
76559.6328125000,-77.8300094604
76736.1875000000,-77.8342742920
76913.0703125000,-77.8516921997
77090.3593750000,-77.8648834229
77268.0625000000,-77.8864135742
77446.1718750000,-77.8906860352
77624.6875000000,-77.9046936035
77803.6171875000,-77.9561004639
77983.0468750000,-77.9631805420
78162.8046875000,-78.0096740723
78342.9765625000,-78.0761795044
78523.5625000000,-78.1199340820
78704.5625000000,-78.1481552124
78885.9843750000,-78.1604537964
79067.8203125000,-78.1807556152
79250.1640625000,-78.2433547974
79432.8437500000,-78.2602157593
79615.9375000000,-78.3180847168
79799.4609375000,-78.3497619629
79983.4062500000,-78.4070053101
80167.7734375000,-78.4322280884
80352.6484375000,-78.4570999146
80537.8671875000,-78.4760513306
80723.5156250000,-78.4829711914
80909.5859375000,-78.5208892822
81096.0937500000,-78.5508651733
81283.0234375000,-78.5546646118
81470.3828125000,-78.5626373291
81658.2734375000,-78.5996627808
81846.5000000000,-78.6033935547
82035.1640625000,-78.6412200928
82224.2578125000,-78.6774978638
82413.7890625000,-78.7293319702
82603.7578125000,-78.7305679321
82794.2578125000,-78.8231353760
82985.1015625000,-78.8262786865
83176.3906250000,-78.8932113647
83368.1171875000,-78.9003753662
83560.2890625000,-78.9213104248
83752.8984375000,-78.9465103149
83945.9609375000,-78.9468765259
84139.5546875000,-78.9534454346
84333.5000000000,-79.0095672607
84527.8906250000,-79.0117034912
84722.7343750000,-79.0192565918
84918.0312500000,-79.0244979858
85113.7734375000,-79.0575637817
85310.0546875000,-79.0884094238
85506.7031250000,-79.0995407104
85703.8046875000,-79.1340866089
85901.3515625000,-79.1636581421
86099.3671875000,-79.1870193481
86297.8281250000,-79.2731094360
86496.7500000000,-79.3188095093
86696.2265625000,-79.3189086914
86896.0703125000,-79.3682556152
87096.3671875000,-79.4211349487
87297.1328125000,-79.4402236938
87498.3593750000,-79.4409561157
87700.0468750000,-79.4579544067
87902.2031250000,-79.5472869873
88104.9218750000,-79.5531539917
88308.0078125000,-79.5961761475
88511.5703125000,-79.5981750488
88715.5937500000,-79.6039733887
88920.0859375000,-79.6165161133
89125.0546875000,-79.6780319214
89330.5937500000,-79.6857757568
89536.5078125000,-79.6945877075
89742.8906250000,-79.7634048462
89949.7578125000,-79.7703094482
90157.1015625000,-79.8086395264
90364.9140625000,-79.9016418457
90573.2109375000,-79.9022827148
90782.0937500000,-79.9386215210
90991.3515625000,-79.9420776367
91201.0937500000,-79.9735870361
91411.3203125000,-80.0347671509
91622.0234375000,-80.1332778931
91833.2187500000,-80.1662292480
92045.0078125000,-80.1711044312
92257.1718750000,-80.1781387329
92469.8359375000,-80.1822814941
92682.9843750000,-80.1843719482
92896.6250000000,-80.1851272583
93110.7578125000,-80.1969757080
93325.3828125000,-80.1981277466
93540.6093750000,-80.2018356323
93756.2265625000,-80.2150497437
93972.3437500000,-80.2316970825
94188.9531250000,-80.3428649902
94406.0703125000,-80.4778060913
94623.6796875000,-80.5044326782
94841.8984375000,-80.5100402832
95060.5156250000,-80.5171279907
95279.6328125000,-80.5230026245
95499.2656250000,-80.5542755127
95719.3984375000,-80.5884323120
95940.0390625000,-80.5958023071
96161.1875000000,-80.6146240234
96382.9453125000,-80.6489562988
96605.1171875000,-80.6773300171
96827.7968750000,-80.7168273926
97050.9921875000,-80.7402954102
97274.7031250000,-80.7421493530
97498.9296875000,-80.8086318970
97723.6718750000,-80.8221359253
97949.0390625000,-80.8324966431
98174.8203125000,-80.8608322144
98401.1171875000,-80.8631973267
98627.9375000000,-80.9317626953
98855.2812500000,-80.9692611694
99083.1484375000,-80.9895477295
99311.6562500000,-80.9921646118
99540.5781250000,-81.0026779175
99770.0234375000,-81.0189056396
100000.0000000000,-81.0424880981
100230.5078125000,-81.0481033325
100461.5468750000,-81.0638275146
100693.1171875000,-81.0751266479
100925.3359375000,-81.1132965088
101157.9687500000,-81.1153259277
101391.1484375000,-81.1598205566
101624.8593750000,-81.2046279907
101859.1171875000,-81.2466354370
102093.9062500000,-81.2846221924
102329.3515625000,-81.3195495605
102565.2265625000,-81.3536682129
102801.6484375000,-81.3893432617
103038.6171875000,-81.4277038574
103276.1250000000,-81.4679565430
103514.1875000000,-81.5075378418
103752.7890625000,-81.5429000854
103992.0625000000,-81.5713500977
104231.7734375000,-81.5930328369
104472.0312500000,-81.6105728149
104712.8515625000,-81.6282958984
104954.2187500000,-81.6506195068
105196.1484375000,-81.6802062988
105438.6328125000,-81.7166442871
105681.7890625000,-81.7563400269
105925.3984375000,-81.7935485840
106169.5625000000,-81.8226470947
106414.2890625000,-81.8403549194
106659.5859375000,-81.8472976685
106905.4375000000,-81.8480682373
107151.9843750000,-81.8497543335
107398.9765625000,-81.8596191406
107646.5390625000,-81.8828201294
107894.6718750000,-81.9211120605
108143.3750000000,-81.9726181030
108392.6562500000,-82.0325851440
108642.5078125000,-82.0945358276
108893.0546875000,-82.1516647339
109144.0625000000,-82.1980514526
109395.6484375000,-82.2302780151
109647.8125000000,-82.2485122681
109900.5546875000,-82.2568283081
110153.8828125000,-82.2622451782
110407.9218750000,-82.2725143433
110662.4140625000,-82.2889022827
110917.5000000000,-82.3206863403
111173.1718750000,-82.3628311157
111429.4375000000,-82.4090347290
111686.2890625000,-82.4511718750
111943.7343750000,-82.4822616577
112201.8984375000,-82.4992218018
112460.5312500000,-82.5036010742
112719.7578125000,-82.5041503906
112979.5859375000,-82.5061492920
113240.0078125000,-82.5193862915
113501.0390625000,-82.5475463867
113762.7890625000,-82.5905227661
114025.0234375000,-82.6442413330
114287.8593750000,-82.7019805908
114551.2968750000,-82.7562103271
114815.3437500000,-82.8004150391
115080.0078125000,-82.8045883179
115345.2734375000,-82.8073425293
115611.2812500000,-82.8126373291
115877.7734375000,-82.8259353638
116144.8750000000,-82.8259429932
116412.6015625000,-82.8380584717
116680.9375000000,-82.8391647339
116949.8984375000,-82.8472366333
117219.4765625000,-82.8636550903
117489.8046875000,-82.9205474854
117760.6250000000,-82.9924011230
118032.0703125000,-83.0710906982
118304.1406250000,-83.1463928223
118576.8437500000,-83.1907653809
118850.1718750000,-83.1927871704
119124.2578125000,-83.2070159912
119398.8515625000,-83.2071838379
119674.0703125000,-83.2088699341
119949.9296875000,-83.2269973755
120226.4218750000,-83.2460708618
120503.5546875000,-83.2476577759
120781.3203125000,-83.2526626587
121059.8671875000,-83.2657394409
121338.9140625000,-83.2766952515
121618.6093750000,-83.2813339233
121898.9531250000,-83.3079376221
122179.9375000000,-83.3894958496
122461.5703125000,-83.5343093872
122743.9843750000,-83.6813888550
123026.9218750000,-83.7656250000
123310.5078125000,-83.8298950195
123594.7421875000,-83.8551788330
123879.6406250000,-83.8565063477
124165.1953125000,-83.8666305542
124451.3984375000,-83.8696899414
124738.4062500000,-83.8697738647
125025.9375000000,-83.8784713745
125314.1328125000,-83.8821945190
125602.9921875000,-83.8852615356
125892.5156250000,-83.8883972168
126182.7031250000,-83.8957595825
126473.7031250000,-83.9028549194
126765.2343750000,-83.9213638306
127057.4375000000,-83.9515533447
127350.3125000000,-83.9768066406
127643.8671875000,-84.0012969971
127938.0937500000,-84.0215759277
128233.0000000000,-84.0363311768
128528.7265625000,-84.0469970703
128824.9921875000,-84.0645370483
129121.9453125000,-84.0947265625
129419.5781250000,-84.1279907227
129717.8984375000,-84.1709365845
130016.9140625000,-84.2203521729
130316.6093750000,-84.2955627441
130617.1406250000,-84.3618774414
130918.2265625000,-84.3971633911
131220.0000000000,-84.4271240234
131522.4687500000,-84.4543304443
131825.6406250000,-84.4808120728
132129.5000000000,-84.5182952881
132434.2187500000,-84.5356597900
132739.4843750000,-84.5358276367
133045.4687500000,-84.5396652222
133352.1406250000,-84.5421447754
133659.5312500000,-84.5474090576
133967.6250000000,-84.5526351929
134276.4218750000,-84.5554428101
134586.0937500000,-84.5567092896
134896.3281250000,-84.5576705933
135207.2656250000,-84.5864257813
135518.9375000000,-84.6207199097
135831.3125000000,-84.6665573120
136144.4062500000,-84.7233886719
136458.3906250000,-84.8245010376
136772.9375000000,-84.9313735962
137088.2031250000,-84.9966125488
137404.2031250000,-85.0500259399
137720.9218750000,-85.0986022949
138038.3906250000,-85.1183776855
138356.5781250000,-85.1202239990
138675.6406250000,-85.1210327148
138995.2968750000,-85.1304931641
139315.7031250000,-85.1524047852
139636.8281250000,-85.1755447388
139958.7031250000,-85.2047195435
140281.3125000000,-85.2584075928
140604.6718750000,-85.3168106079
140928.9375000000,-85.3529434204
141253.7812500000,-85.3933258057
141579.3906250000,-85.4182205200
141905.7343750000,-85.4274444580
142232.8437500000,-85.4346466064
142560.7031250000,-85.4454116821
142889.4687500000,-85.4557571411
143218.8281250000,-85.4589614868
143548.9687500000,-85.4603118896
143879.8593750000,-85.4604797363
144211.5156250000,-85.4612274170
144543.9218750000,-85.4803009033
144877.1093750000,-85.5263595581
145211.2187500000,-85.5762252808
145545.9375000000,-85.6381454468
145881.4375000000,-85.7452163696
146217.7031250000,-85.8572387695
146554.7500000000,-85.9102478027
146892.5625000000,-85.9223098755
147231.3281250000,-85.9227294922
147570.7031250000,-85.9293823242
147910.8593750000,-85.9420928955
148251.8125000000,-85.9568023682
148593.5468750000,-85.9636459351
148936.0625000000,-85.9849777222
149279.3750000000,-86.0067672729
149623.6250000000,-86.0220870972
149968.5312500000,-86.0241851807
150314.2187500000,-86.0597305298
150660.7031250000,-86.0676422119
151007.9843750000,-86.0851058960
151356.0625000000,-86.0973205566
151705.1250000000,-86.1273422241
152054.8125000000,-86.2067337036
152405.3125000000,-86.2429351807
152756.6093750000,-86.2526855469
153108.7187500000,-86.2631759644
153461.6562500000,-86.2739868164
153815.3906250000,-86.2953033447
154170.1093750000,-86.3261947632
154525.4843750000,-86.3389511108
154881.6875000000,-86.3399887085
155238.7031250000,-86.3627929688
155596.5312500000,-86.3906326294
155955.1875000000,-86.3951644897
156314.6875000000,-86.4126663208
156675.1718750000,-86.4722595215
157036.3125000000,-86.4915390015
157398.2968750000,-86.4942092896
157761.1093750000,-86.4960327148
158124.7656250000,-86.5172576904
158489.2500000000,-86.5516281128
158854.7500000000,-86.5601730347
159220.9218750000,-86.5611038208
159587.9375000000,-86.5731201172
159955.7968750000,-86.6080322266
160324.5156250000,-86.6377105713
160694.0625000000,-86.6531906128
161064.4843750000,-86.6852569580
161435.9218750000,-86.7222824097
161808.0468750000,-86.7414855957
162181.0312500000,-86.7565231323
162554.8593750000,-86.7777938843
162929.5625000000,-86.8114471436
163305.1250000000,-86.8949279785
163681.7343750000,-86.9731597900
164059.0312500000,-87.0533218384
164437.2031250000,-87.1338119507
164816.2343750000,-87.2050323486
165196.1562500000,-87.2530517578
165576.9375000000,-87.2826614380
165958.6093750000,-87.2997131348
166341.3437500000,-87.3146133423
166724.7656250000,-87.3286285400
167109.0781250000,-87.3399047852
167494.2812500000,-87.3501052856
167880.3593750000,-87.3675842285
168267.3437500000,-87.4022674561
168655.3906250000,-87.4455490112
169044.1562500000,-87.4658737183
169433.8125000000,-87.4694519043
169824.3750000000,-87.4742126465
170215.8281250000,-87.4782791138
170608.1875000000,-87.4821777344
171001.4531250000,-87.4865646362
171395.8125000000,-87.4926757813
171790.8906250000,-87.4933013916
172186.8750000000,-87.4946823120
172583.7812500000,-87.4980010986
172981.6093750000,-87.5138626099
173380.3437500000,-87.5431823730
173779.9843750000,-87.5889282227
174180.7500000000,-87.6225662231
174582.2500000000,-87.6606597900
174984.6875000000,-87.7117767334
175388.0312500000,-87.7838058472
175792.3125000000,-87.8913803101
176197.5312500000,-87.9620819092
176603.8750000000,-88.0112380981
177010.9531250000,-88.0483703613
177418.9843750000,-88.0847473145
177827.9375000000,-88.1446304321
178237.8437500000,-88.1930313110
178648.7031250000,-88.2295761108
179060.5000000000,-88.2497329712
179473.4375000000,-88.2541198730
179887.1406250000,-88.2562713623
180301.7968750000,-88.2613449097
180717.4062500000,-88.2696838379
181133.9687500000,-88.2859649658
181551.5000000000,-88.3045654297
181970.1875000000,-88.3303604126
182389.6406250000,-88.3753433228
182810.0625000000,-88.4210815430
183231.4531250000,-88.4815139771
183653.8125000000,-88.5479278564
184077.1406250000,-88.6043472290
184501.4531250000,-88.6270980835
184926.9531250000,-88.6315994263
185353.2187500000,-88.6385421753
185780.4687500000,-88.6430206299
186208.7031250000,-88.6432495117
186637.9375000000,-88.6458969116
187068.1406250000,-88.6506347656
187499.3437500000,-88.6724624634
187931.7500000000,-88.7067871094
188364.9531250000,-88.7484512329
188799.1406250000,-88.7958068848
189234.3437500000,-88.8232421875
189670.5312500000,-88.8411941528
190107.7500000000,-88.8443832397
190546.1562500000,-88.8449630737
190985.3906250000,-88.8456802368
191425.6250000000,-88.8544692993
191866.8750000000,-88.8591003418
192309.1406250000,-88.8648834229
192752.4218750000,-88.8995819092
193196.7343750000,-88.9609756470
193642.2812500000,-89.0605621338
194088.6406250000,-89.1427688599
194536.0312500000,-89.1853103638
194984.4375000000,-89.2253189087
195433.8906250000,-89.2954559326
195884.3906250000,-89.3741607666
196336.1250000000,-89.4193801880
196788.7031250000,-89.4339294434
197242.3125000000,-89.4392471313
197696.9687500000,-89.4399032593
198152.6718750000,-89.4467773438
198609.4218750000,-89.4475784302
199067.2343750000,-89.4529342651
199526.3125000000,-89.4739685059
199986.2343750000,-89.4741058350
200447.2187500000,-89.4819946289
200909.2656250000,-89.5097808838
201372.3750000000,-89.5116806030
201836.5625000000,-89.5346374512
202302.0312500000,-89.5448379517
202768.3437500000,-89.5551376343
203235.7343750000,-89.5688705444
203704.2187500000,-89.5926895142
204173.7656250000,-89.6619415283
204644.4062500000,-89.7409286499
205116.1250000000,-89.7772598267
205589.1562500000,-89.7793273926
206063.0468750000,-89.7843475342
206538.0468750000,-89.8188476563
207014.1250000000,-89.8643341064
207491.3125000000,-89.9230117798
207969.5937500000,-90.0056304932
208448.9843750000,-90.0526199341
208929.7031250000,-90.0531692505
209411.2968750000,-90.0650787354
209894.0000000000,-90.0739898682
210377.8281250000,-90.0865707397
210862.7500000000,-90.1391220093
211348.8125000000,-90.2127456665
211836.2187500000,-90.2709960938
212324.5156250000,-90.2718887329
212813.9375000000,-90.2858123779
213304.4843750000,-90.2882766724
213796.1718750000,-90.2893142700
214288.9843750000,-90.3193588257
214782.9375000000,-90.3281860352
215278.2656250000,-90.3593521118
215774.5000000000,-90.3602676392
216271.8750000000,-90.3787612915
216770.3906250000,-90.3906250000
217270.0625000000,-90.4019546509
217770.8906250000,-90.4092864990
218273.1093750000,-90.4219970703
218776.2343750000,-90.4259490967
219280.5312500000,-90.4307479858
219785.9843750000,-90.4895935059
220292.6093750000,-90.5707778931
220800.4062500000,-90.6675796509
221309.3593750000,-90.7401580811
221819.7343750000,-90.7633285522
222331.0468750000,-90.7705230713
222843.5468750000,-90.8127059937
223357.2031250000,-90.8986206055
223872.0625000000,-91.0057296753
224388.1093750000,-91.0846023560
224905.5781250000,-91.1010360718
225424.0000000000,-91.1138153076
225943.6250000000,-91.1254882813
226464.4375000000,-91.1661453247
226986.4531250000,-91.1792678833
227509.6718750000,-91.1964263916
228034.1093750000,-91.2157745361
228559.9843750000,-91.2160415649
229086.8281250000,-91.2501678467
229614.8906250000,-91.2920074463
230144.1718750000,-91.3257141113
230674.6718750000,-91.3305282593
231206.3906250000,-91.3317184448
231739.3437500000,-91.3508834839
232273.7812500000,-91.4049835205
232809.1875000000,-91.4069900513
233345.8281250000,-91.4207000732
233883.7031250000,-91.4588851929
234422.8125000000,-91.4875411987
234963.1875000000,-91.5006866455
235505.0468750000,-91.5015335083
236047.9062500000,-91.5683670044
236592.0156250000,-91.6141662598
237137.3750000000,-91.6294021606
237683.9843750000,-91.6770172119
238231.8750000000,-91.6957473755
238781.0156250000,-91.7033233643
239331.6718750000,-91.7252426147
239883.3593750000,-91.7409973145
240436.2968750000,-91.7415008545
240990.5312500000,-91.7444458008
241546.0312500000,-91.7986755371
242102.8125000000,-91.8920059204
242661.1406250000,-91.9039535522
243220.4843750000,-91.9179687500
243781.1250000000,-91.9502334595
244343.0625000000,-91.9513778687
244906.2968750000,-91.9561538696
245470.8125000000,-91.9603652954
246036.6406250000,-91.9645080566
246604.0468750000,-91.9708938599
247172.4843750000,-91.9837493896
247742.2343750000,-91.9965286255
248313.2968750000,-92.0042190552
248885.6718750000,-92.0233612061
249459.3750000000,-92.1234817505
250034.4062500000,-92.2619323730
250611.0156250000,-92.3817443848
251188.7031250000,-92.4703292847
251767.7031250000,-92.4763107300
252348.0468750000,-92.4964904785
252929.7343750000,-92.5159683228
253512.7500000000,-92.5274200439
254097.3906250000,-92.5407485962
254683.1093750000,-92.5492324829
255270.1718750000,-92.5497207642
255858.5781250000,-92.5567169189
256448.3593750000,-92.5667266846
257039.4843750000,-92.5795822144
257631.9843750000,-92.5854568481
258226.1250000000,-92.5958709717
258821.3593750000,-92.6136169434
259417.9531250000,-92.6393356323
260015.9375000000,-92.6639785767
260615.2812500000,-92.6660232544
261216.0312500000,-92.6761169434
261818.4375000000,-92.7408981323
262421.9375000000,-92.8641586304
263026.8437500000,-92.8731155396
263633.1562500000,-92.8835678101
264240.8437500000,-92.9555206299
264849.9375000000,-92.9632644653
265460.4375000000,-92.9879684448
266072.6250000000,-93.0020065308
266685.9375000000,-93.0072021484
267300.6562500000,-93.1156539917
267916.8125000000,-93.1211471558
268534.3750000000,-93.1440505981
269153.3750000000,-93.1489410400
269774.0937500000,-93.1578063965
270395.9375000000,-93.1624069214
271019.2187500000,-93.1826324463
271643.9375000000,-93.1849365234
272270.0937500000,-93.2139968872
272897.6875000000,-93.2437286377
273526.7500000000,-93.3090896606
274157.5312500000,-93.3411407471
274789.5000000000,-93.3851013184
275422.9062500000,-93.4389877319
276057.7812500000,-93.4492797852
276694.0937500000,-93.4565277100
277331.9062500000,-93.5036239624
277971.1875000000,-93.5503387451
278612.2187500000,-93.5746765137
279254.4375000000,-93.5989303589
279898.1562500000,-93.6017227173
280543.3437500000,-93.6247177124
281190.0000000000,-93.6330718994
281838.1562500000,-93.6373901367
282488.1250000000,-93.6569976807
283139.2812500000,-93.6604309082
283791.9375000000,-93.7022628784
284446.0937500000,-93.7579727173
285101.7812500000,-93.7998123169
285758.9687500000,-93.8760070801
286417.6562500000,-94.0195083618
287078.1875000000,-94.0928573608
287739.9062500000,-94.1105880737
288403.1875000000,-94.1312103271
289067.9687500000,-94.1342620850
289734.2812500000,-94.1468887329
290402.1562500000,-94.1553802490
291071.8750000000,-94.1895751953
291742.8125000000,-94.1966934204
292415.2812500000,-94.2062911987
293089.3437500000,-94.2178497314
293764.9062500000,-94.2248764038
294442.0625000000,-94.2444229126
295120.7812500000,-94.2567825317
295801.3750000000,-94.2628250122
296483.2187500000,-94.2774047852
297166.6250000000,-94.3088378906
297851.6250000000,-94.4444885254
298538.1875000000,-94.4524383545
299226.3437500000,-94.4689331055
299916.4062500000,-94.4791870117
300607.7500000000,-94.4862060547
301300.6562500000,-94.4927825928
301995.1875000000,-94.5006561279
302691.3125000000,-94.5102615356
303389.0312500000,-94.5210952759
304088.3750000000,-94.5325241089
304789.6562500000,-94.5433654785
305492.2187500000,-94.5446548462
306196.3750000000,-94.5587921143
306902.1875000000,-94.5773849487
307609.6250000000,-94.5974121094
308318.6875000000,-94.6033325195
309029.3750000000,-94.6124420166
309742.0625000000,-94.6391983032
310456.0312500000,-94.6860885620
311171.6562500000,-94.7418136597
311888.9375000000,-94.8029251099
312607.8437500000,-94.8648071289
313328.4375000000,-94.9226379395
314051.0312500000,-94.9723510742
314774.9375000000,-95.0114135742
315500.5000000000,-95.0392456055
316227.7812500000,-95.0569458008
316956.6875000000,-95.0666503906
317687.3125000000,-95.0708084106
318419.5937500000,-95.0713424683
319153.9375000000,-95.0716629028
319889.5937500000,-95.0723266602
320626.9687500000,-95.0779113770
321366.0312500000,-95.0922622681
322106.8125000000,-95.1195755005
322849.2812500000,-95.1625595093
323593.8125000000,-95.2208328247
324339.7187500000,-95.2898864746
325087.3750000000,-95.3619689941
325836.7187500000,-95.4286117554
326587.7812500000,-95.4842758179
327340.5937500000,-95.5291748047
328095.1250000000,-95.5692672729
328851.7812500000,-95.6129989624
329609.8125000000,-95.6664428711
330369.5937500000,-95.7297286987
331131.0937500000,-95.7963485718
331894.3750000000,-95.8552932739
332659.4375000000,-95.8998947144
333426.2187500000,-95.9255447388
334195.1562500000,-95.9351730347
334965.5000000000,-95.9351882935
335737.6250000000,-95.9358673096
336511.5312500000,-95.9385833740
337287.2187500000,-95.9486770630
338064.6875000000,-95.9657287598
338844.3125000000,-95.9886322021
339625.3750000000,-96.0155410767
340408.2500000000,-96.0440979004
341192.9062500000,-96.0716629028
341979.3750000000,-96.0957489014
342767.6562500000,-96.1147613525
343557.7812500000,-96.1286773682
344350.0625000000,-96.1391601563
345143.8125000000,-96.1490936279
345939.4062500000,-96.1616210938
346736.8125000000,-96.1791687012
347536.0625000000,-96.2180786133
348337.1562500000,-96.2693023682
349140.5000000000,-96.3103942871
349945.2812500000,-96.3555450439
350751.9375000000,-96.4035339355
351560.4375000000,-96.4526443481
352370.8125000000,-96.5004348755
353183.0625000000,-96.5436935425
353997.1562500000,-96.5639495850
354813.5312500000,-96.5756683350
355631.4062500000,-96.5786514282
356451.1562500000,-96.5787429810
357272.8125000000,-96.5930557251
358096.3437500000,-96.6020736694
358921.7812500000,-96.6072769165
359749.5312500000,-96.6114883423
360578.7812500000,-96.6379470825
361409.9375000000,-96.7060241699
362243.0000000000,-96.7872314453
363078.0000000000,-96.8710021973
363914.9375000000,-96.9469070435
364753.7812500000,-97.0080642700
365594.9687500000,-97.0533294678
366437.6875000000,-97.0870666504
367282.3437500000,-97.1166458130
368128.9687500000,-97.1671371460
368977.5312500000,-97.2255096436
369828.0312500000,-97.2501068115
370680.5312500000,-97.2606658936
371535.3750000000,-97.2616958618
372391.7812500000,-97.2649002075
373250.1875000000,-97.2775573730
374110.5625000000,-97.2871322632
374972.9062500000,-97.2912063599
375837.2500000000,-97.2923965454
376703.9687500000,-97.2972793579
377572.3125000000,-97.3246841431
378442.6562500000,-97.3596115112
379314.9687500000,-97.3913192749
380189.3437500000,-97.4177551270
381065.6875000000,-97.4497222900
381944.0625000000,-97.4809799194
382824.9062500000,-97.5054168701
383707.3437500000,-97.5339202881
384591.8125000000,-97.5663070679
385478.3125000000,-97.6016998291
386366.8750000000,-97.6565017700
387257.5000000000,-97.7062454224
388150.5625000000,-97.7302246094
389045.2812500000,-97.7440872192
389942.0625000000,-97.7463912964
390840.9062500000,-97.7477111816
391741.8125000000,-97.7482147217
392644.8125000000,-97.7675399780
393549.8750000000,-97.7967529297
394457.4687500000,-97.8351364136
395366.7187500000,-97.8777999878
396278.0937500000,-97.9408187866
397191.5312500000,-97.9911193848
398107.0937500000,-97.9925765991
399024.7500000000,-98.0009155273
399944.9687500000,-98.0131912231
400866.8750000000,-98.0272445679
401790.9062500000,-98.0412368774
402717.0625000000,-98.0714035034
403645.3437500000,-98.0831222534
404575.7812500000,-98.0918884277
405508.3437500000,-98.1250610352
406443.5312500000,-98.1392211914
407380.4062500000,-98.1419372559
408319.4375000000,-98.1768875122
409260.6562500000,-98.1771850586
410204.0312500000,-98.1869964600
411149.5625000000,-98.2000122070
412097.3125000000,-98.2048492432
413047.6562500000,-98.2327117920
413999.7812500000,-98.2583084106
414954.0625000000,-98.2703628540
415910.5625000000,-98.2861557007
416869.2812500000,-98.3236541748
417830.1875000000,-98.3708419800
418793.7812500000,-98.4010696411
419759.1250000000,-98.4244003296
420726.6875000000,-98.4419937134
421696.5000000000,-98.4493408203
422668.5312500000,-98.4575958252
423642.8125000000,-98.4767608643
424619.3437500000,-98.5363006592
425598.5937500000,-98.6245574951
426579.6250000000,-98.6937637329
427562.9375000000,-98.7909011841
428548.5000000000,-98.8675918579
429536.3125000000,-98.9022903442
430526.4375000000,-98.9276428223
431519.3125000000,-98.9569625854
432514.0000000000,-98.9853744507
433510.9687500000,-99.0071792603
434510.2500000000,-99.0498733521
435511.8125000000,-99.1056060791
436515.6875000000,-99.1466369629
437521.9062500000,-99.1486587524
438530.9062500000,-99.1514129639
439541.7500000000,-99.1709442139
440554.9062500000,-99.1840744019
441570.4375000000,-99.2033157349
442588.2812500000,-99.2154006958
443608.4687500000,-99.2200393677
444631.0312500000,-99.2286453247
445656.4062500000,-99.2477340698
446683.6875000000,-99.2879180908
447713.3125000000,-99.3188781738
448745.3437500000,-99.3356475830
449779.7187500000,-99.3576431274
450816.5000000000,-99.3751068115
451856.1562500000,-99.3826904297
452897.7187500000,-99.3921356201
453941.6875000000,-99.4088134766
454988.0625000000,-99.4460601807
456036.8437500000,-99.4987945557
457088.0312500000,-99.5376510620
458141.6562500000,-99.5898666382
459198.1875000000,-99.6355819702
460256.6875000000,-99.6669616699
461317.6250000000,-99.6863098145
462380.9687500000,-99.6886367798
463446.8125000000,-99.7246398926
464515.0937500000,-99.7383956909
465586.3437500000,-99.7432785034
466659.5312500000,-99.7887573242
467735.2187500000,-99.8080139160
468813.3750000000,-99.8328094482
469894.0312500000,-99.8361434937
470977.1875000000,-99.8454284668
472062.8125000000,-99.9737930298
473151.4687500000,-100.0577163696
474242.1250000000,-100.1576309204
475335.2812500000,-100.2101898193
476430.9687500000,-100.2217864990
477529.1562500000,-100.2223205566
478629.9062500000,-100.2225799561
479733.7187500000,-100.2451705933
480839.5312500000,-100.2504959106
481947.9062500000,-100.2512741089
483058.8125000000,-100.2564849854
484172.3125000000,-100.2662582397
485288.3437500000,-100.2682723999
486406.9687500000,-100.2756805420
487528.7187500000,-100.2779006958
488652.5000000000,-100.2841873169
489778.8750000000,-100.3245239258
490907.8437500000,-100.3780975342
492039.4375000000,-100.4157562256
493173.6250000000,-100.4355468750
494310.4375000000,-100.4512252808
495450.3750000000,-100.4740447998
496592.4375000000,-100.5072479248
497737.1250000000,-100.5526275635
498884.4375000000,-100.6041030884
500034.4062500000,-100.6547698975
501187.0000000000,-100.6723403931
502342.8437500000,-100.6738052368
503500.7812500000,-100.6977310181
504661.3750000000,-100.7048873901
505824.6562500000,-100.7143249512
506990.6250000000,-100.7271118164
508159.2812500000,-100.7484130859
509330.6250000000,-100.7617645264
510505.2187500000,-100.7623367310
511681.9687500000,-100.7671966553
512861.4375000000,-100.7881851196
514043.6250000000,-100.8061828613
515228.5312500000,-100.8113479614
516416.1562500000,-100.8322753906
517607.0937500000,-100.8359909058
518800.2187500000,-100.8397293091
519996.0937500000,-100.8420867920
521194.7187500000,-100.9202499390
522396.1250000000,-100.9465255737
523600.2812500000,-100.9486160278
524807.1875000000,-100.9713058472
526017.5000000000,-100.9893798828
527230.0000000000,-100.9975204468
528445.3125000000,-101.0144195557
529663.4375000000,-101.0570220947
530884.3125000000,-101.0715637207
532108.0625000000,-101.0897903442
533335.1875000000,-101.0995483398
534564.5625000000,-101.1037597656
535796.7500000000,-101.1311721802
537031.8125000000,-101.2695770264
538269.6875000000,-101.4138031006
539510.4375000000,-101.5348281860
540754.0625000000,-101.5432586670
542001.1250000000,-101.5499877930
543250.5000000000,-101.5555801392
544502.7500000000,-101.5947647095
545757.8750000000,-101.5990219116
547015.8750000000,-101.6401367188
548276.7500000000,-101.6457519531
549540.5625000000,-101.6966476440
550807.9375000000,-101.7073745728
552077.5625000000,-101.7169036865
553350.1250000000,-101.7295379639
554625.6875000000,-101.7314758301
555904.1250000000,-101.7532272339
557185.5000000000,-101.7634811401
558470.5000000000,-101.7706375122
559757.8125000000,-101.7937622070
561048.0625000000,-101.8090744019
562341.3125000000,-101.8407821655
563637.5625000000,-101.9467010498
564936.8125000000,-102.0376739502
566239.0000000000,-102.0481262207
567544.8750000000,-102.0626754761
568853.0625000000,-102.0716476440
570164.3125000000,-102.0792388916
571478.6250000000,-102.1000518799
572795.8750000000,-102.1185836792
574116.2500000000,-102.1313247681
575440.2500000000,-102.1828155518
576766.6875000000,-102.2135772705
578096.1875000000,-102.2294769287
579428.6875000000,-102.2339401245
580764.3125000000,-102.2469024658
582103.0625000000,-102.2857742310
583444.8125000000,-102.3642883301
584790.3750000000,-102.4985809326
586138.3125000000,-102.5849151611
587489.4375000000,-102.5977478027
588843.6250000000,-102.6054916382
590200.9375000000,-102.6160964966
591561.4375000000,-102.6343460083
592925.0000000000,-102.6412887573
594292.3750000000,-102.6668624878
595662.2500000000,-102.6812667847
597035.3125000000,-102.7085723877
598411.5000000000,-102.7557144165
599790.9375000000,-102.7807922363
601173.4375000000,-102.7918624878
602559.8750000000,-102.7978591919
603948.8125000000,-102.7987365723
605340.9375000000,-102.8032684326
606736.3125000000,-102.8099060059
608134.8750000000,-102.8137893677
609536.6875000000,-102.8212509155
610941.6875000000,-102.8261032104
612350.6250000000,-102.8682861328
613762.1250000000,-102.8763427734
615176.9375000000,-102.8846054077
616594.9375000000,-102.9022598267
618016.2500000000,-102.9171066284
619440.8125000000,-102.9239196777
620869.3750000000,-102.9673995972
622300.5000000000,-103.0077209473
623734.9375000000,-103.0634994507
625172.6875000000,-103.1333923340
626613.7500000000,-103.1912612915
628058.1250000000,-103.1966781616
629505.8750000000,-103.2144775391
630957.6250000000,-103.2617492676
632412.0000000000,-103.2672271729
633869.7500000000,-103.3089370728
635330.8750000000,-103.3413467407
636795.3750000000,-103.3728179932
638263.2500000000,-103.3917083740
639735.1875000000,-103.3929824829
641209.8125000000,-103.3930587769
642687.8750000000,-103.3991088867
644169.3125000000,-103.4145355225
645654.1250000000,-103.4151687622
647142.4375000000,-103.4733123779
648634.1250000000,-103.5516204834
650130.0000000000,-103.5887374878
651628.5625000000,-103.5999984741
653130.6250000000,-103.6049118042
654636.1250000000,-103.6336059570
656145.1250000000,-103.6429748535
657657.6250000000,-103.6464157104
659173.5625000000,-103.6807250977
660693.6875000000,-103.6906661987
662216.6250000000,-103.6921997070
663743.1250000000,-103.7280273438
665273.0625000000,-103.8079757690
666806.5625000000,-103.8556289673
668343.6250000000,-103.8640747070
669884.9375000000,-103.8673858643
671429.0625000000,-103.8802032471
672976.7500000000,-103.8815536499
674528.0000000000,-103.8896560669
676082.8750000000,-103.8995666504
677641.2500000000,-103.9009704590
679203.3125000000,-103.9050369263
680769.6250000000,-103.9322662354
682338.8750000000,-103.9467926025
683911.6875000000,-103.9542617798
685488.1875000000,-103.9940185547
687068.2500000000,-104.0748672485
688652.0000000000,-104.2123184204
690240.1875000000,-104.2972564697
691831.1875000000,-104.3152465820
693425.9375000000,-104.3170166016
695024.3125000000,-104.3260269165
696626.4375000000,-104.3359680176
698232.1875000000,-104.3493270874
699841.6875000000,-104.3704299927
701455.6250000000,-104.3734664917
703072.5000000000,-104.3846740723
704693.1250000000,-104.4267196655
706317.5000000000,-104.5102157593
707945.6250000000,-104.5672683716
709577.5000000000,-104.5719070435
711213.8750000000,-104.5892791748
712853.3125000000,-104.6467056274
714496.5000000000,-104.6984024048
716143.4375000000,-104.7206878662
717794.1875000000,-104.7431945801
719448.7500000000,-104.8067169189
721107.1250000000,-104.8222427368
722770.1250000000,-104.8409271240
724436.1875000000,-104.8574676514
726106.0625000000,-104.8733139038
727779.8125000000,-104.8864059448
729457.3750000000,-104.9009628296
731138.8125000000,-104.9369506836
732824.1250000000,-104.9373550415
734514.1875000000,-104.9567565918
736207.2500000000,-104.9759826660
737904.3125000000,-104.9896087646
739605.1875000000,-105.0049362183
741310.0625000000,-105.0278549194
743018.8125000000,-105.0493927002
744732.3750000000,-105.0690460205
746449.0000000000,-105.0857543945
748169.6250000000,-105.2263793945
749894.1875000000,-105.3193893433
751622.7500000000,-105.3367233276
753355.3125000000,-105.3403549194
755091.8750000000,-105.3532180786
756833.2500000000,-105.3907012939
758577.7500000000,-105.4524688721
760326.3750000000,-105.4611740112
762078.9375000000,-105.4624404907
763835.6250000000,-105.4880447388
765596.3125000000,-105.4992141724
767361.8750000000,-105.5095138550
769130.6875000000,-105.5198059082
770903.6250000000,-105.5236358643
772680.6250000000,-105.5247344971
774461.6875000000,-105.5510787964
776246.8750000000,-105.5630340576
778036.1875000000,-105.5681991577
779830.4375000000,-105.5757675171
781628.0000000000,-105.5776214600
783429.7500000000,-105.5839920044
785235.6250000000,-105.5989074707
787045.6250000000,-105.6130905151
788859.8125000000,-105.6182708740
790678.1875000000,-105.6238784790
792501.6250000000,-105.6313934326
794328.4375000000,-105.6375350952
796159.3750000000,-105.6402893066
797994.6250000000,-105.6671600342
799834.0000000000,-105.6762084961
801677.6875000000,-105.6895675659
803526.5000000000,-105.8583908081
805378.6875000000,-105.9905014038
807235.1250000000,-106.0375289917
809095.8750000000,-106.0587921143
810960.9375000000,-106.1269073486
812830.2500000000,-106.1940765381
814703.8750000000,-106.1981048584
816582.6875000000,-106.2127151489
818465.0000000000,-106.2940979004
820351.6250000000,-106.3729248047
822242.5625000000,-106.3744049072
824137.8750000000,-106.3826217651
826037.6250000000,-106.4140319824
827942.5625000000,-106.4204483032
829851.0625000000,-106.4216461182
831763.9375000000,-106.4572296143
833681.1875000000,-106.4723205566
835602.8750000000,-106.4875106812
837529.0000000000,-106.4892883301
839459.5625000000,-106.5154724121
841395.5000000000,-106.6156692505
843335.0000000000,-106.6567687988
845278.9375000000,-106.6758041382
847227.3750000000,-106.6992263794
849180.2500000000,-106.7108993530
851137.6875000000,-106.7205734253
853100.5625000000,-106.7284774780
855067.0000000000,-106.7379989624
857038.0000000000,-106.7749557495
859013.5625000000,-106.7843017578
860993.6250000000,-106.7914581299
862978.3125000000,-106.7960357666
864967.5000000000,-106.8035964966
866962.2500000000,-106.8066024780
868960.6875000000,-106.8097763062
870963.6875000000,-106.8125305176
872971.3125000000,-106.8326721191
874983.6250000000,-106.8490982056
877000.5000000000,-106.8813705444
879022.0625000000,-106.8832092285
881049.2500000000,-106.8989791870
883080.1250000000,-106.9073791504
885115.6875000000,-106.9403228760
887155.9375000000,-106.9955825806
889200.8750000000,-107.0665435791
891250.5625000000,-107.1052322388
893305.9375000000,-107.1417236328
895365.0625000000,-107.1643295288
897428.9375000000,-107.1876831055
899497.5625000000,-107.1977005005
901571.0000000000,-107.2101593018
903649.1875000000,-107.2107620239
905732.1250000000,-107.2400360107
907820.9375000000,-107.2545471191
909913.5000000000,-107.2715835571
912010.9375000000,-107.3107147217
914113.1875000000,-107.3417587280
916220.2500000000,-107.3640441895
918332.1875000000,-107.4398803711
920450.0625000000,-107.5032119751
922571.7500000000,-107.5274581909
924698.3750000000,-107.5964508057
926829.8125000000,-107.6589431763
928966.2500000000,-107.6590270996
931107.5625000000,-107.6902542114
933253.8750000000,-107.6971282959
935406.0625000000,-107.7002868652
937562.2500000000,-107.7005386353
939723.4375000000,-107.7013778687
941889.5625000000,-107.7079696655
944060.6875000000,-107.7141647339
946236.8125000000,-107.7286911011
948419.0000000000,-107.7448425293
950605.1250000000,-107.7696304321
952796.3750000000,-107.7813262939
954992.6250000000,-107.8355255127
957193.9375000000,-107.8457565308
959400.3750000000,-107.8459091187
961611.8125000000,-107.8957366943
963829.5000000000,-107.9775848389
966051.1875000000,-108.0037994385
968278.0000000000,-108.0441207886
970509.9375000000,-108.0784530640
972747.0625000000,-108.1099395752
974989.3125000000,-108.1288375854
977236.6875000000,-108.1594467163
979490.3750000000,-108.1647644043
981748.1875000000,-108.1912765503
984011.1875000000,-108.2197799683
986279.3750000000,-108.2208328247
988552.8125000000,-108.2278137207
990831.5000000000,-108.2388992310
993116.5625000000,-108.2431945801
995405.7500000000,-108.2499160767
997700.2500000000,-108.2613143921
1000000.0000000000,-108.2841262817
1002305.0625000000,-108.3043289185
1004615.4375000000,-108.3173446655
1006931.1875000000,-108.3511581421
1009253.3125000000,-108.3541488647
1011579.7500000000,-108.3607177734
1013911.5000000000,-108.4018173218
1016248.6250000000,-108.4136428833
1018591.1250000000,-108.4740142822
1020939.0625000000,-108.5342254639
1023293.5625000000,-108.5922012329
1025652.3125000000,-108.6462402344
1028016.5000000000,-108.6947250366
1030386.1250000000,-108.7394561768
1032761.2500000000,-108.7814941406
1035141.8750000000,-108.8207855225
1037527.9375000000,-108.8568038940
1039920.6250000000,-108.8873672485
1042317.7500000000,-108.9141387939
1044720.3750000000,-108.9380569458
1047128.5000000000,-108.9600219727
1049542.2500000000,-108.9808959961
1051961.5000000000,-109.0002365112
1054386.3750000000,-109.0173645020
1056817.8750000000,-109.0322113037
1059254.0000000000,-109.0453186035
1061695.6250000000,-109.0591278076
1064142.8750000000,-109.0782470703
1066595.8750000000,-109.1038360596
1069054.3750000000,-109.1357040405
1071519.8750000000,-109.1725997925
1073989.7500000000,-109.2118148804
1076465.3750000000,-109.2498626709
1078946.7500000000,-109.2865829468
1081433.7500000000,-109.3229522705
1083926.5000000000,-109.3601303101
1086425.0000000000,-109.3991241455
1088930.5000000000,-109.4390335083
1091440.6250000000,-109.4758682251
1093956.5000000000,-109.5064468384
1096478.1250000000,-109.5285339355
1099005.5000000000,-109.5411529541
1101538.8750000000,-109.5450668335
1104079.1250000000,-109.5455093384
1106624.1250000000,-109.5489807129
1109175.0000000000,-109.5592575073
1111731.7500000000,-109.5785903931
1114294.3750000000,-109.6075515747
1116862.8750000000,-109.6451110840
1119437.3750000000,-109.6882476807
1122019.0000000000,-109.7323455811
1124605.2500000000,-109.7746200562
1127197.6250000000,-109.8126068115
1129795.8750000000,-109.8240203857
1132400.1250000000,-109.8308181763
1135010.3750000000,-109.8320999146
1137627.8750000000,-109.8440475464
1140250.2500000000,-109.8447723389
1142878.6250000000,-109.8585968018
1145513.0000000000,-109.8608169556
1148153.5000000000,-109.8670196533
1150800.0000000000,-109.8670272827
1153452.7500000000,-109.8674163818
1156112.7500000000,-109.8681259155
1158777.7500000000,-109.8688354492
1161448.7500000000,-109.8698730469
1164126.0000000000,-109.8734588623
1166809.3750000000,-109.8788986206
1169499.0000000000,-109.8792800903
1172194.7500000000,-109.8819961548
1174898.0000000000,-109.9120788574
1177606.2500000000,-109.9834365845
1180320.7500000000,-110.0646286011
1183041.3750000000,-110.1488189697
1185768.3750000000,-110.2304534912
1188501.7500000000,-110.3051910400
1191242.6250000000,-110.3695449829
1193988.5000000000,-110.4207305908
1196740.7500000000,-110.4572525024
1199499.2500000000,-110.4796524048
1202264.2500000000,-110.4910430908
1205035.5000000000,-110.4980545044
1207813.2500000000,-110.5062484741
1210598.6250000000,-110.5172424316
1213389.1250000000,-110.5289382935
1216186.1250000000,-110.5374069214
1218989.5000000000,-110.5400466919
1221799.3750000000,-110.5403137207
1224615.7500000000,-110.5443496704
1227439.8750000000,-110.5634460449
1230269.2500000000,-110.6043777466
1233105.0000000000,-110.6657104492
1235947.5000000000,-110.7357101440
1238796.3750000000,-110.7942352295
1241651.8750000000,-110.7968368530
1244514.0000000000,-110.8011703491
1247384.1250000000,-110.8131942749
1250259.3750000000,-110.8177490234
1253141.3750000000,-110.8269348145
1256029.8750000000,-110.8316192627
1258925.1250000000,-110.8496017456
1261827.0000000000,-110.8972549438
1264737.0000000000,-110.9429855347
1267652.3750000000,-110.9521408081
1270574.3750000000,-110.9531097412
1273503.1250000000,-110.9655990601
1276438.6250000000,-110.9673233032
1279380.8750000000,-110.9746856689
1282330.0000000000,-110.9804229736
1285287.2500000000,-110.9864044189
1288250.0000000000,-110.9982376099
1291219.5000000000,-111.0404891968
1294195.7500000000,-111.0875320435
1297179.0000000000,-111.1326751709
1300169.1250000000,-111.1709823608
1303166.1250000000,-111.2006454468
1306171.3750000000,-111.2233200073
1309182.2500000000,-111.2426300049
1312200.0000000000,-111.2612533569
1315224.7500000000,-111.2783050537
1318256.3750000000,-111.2899551392
1321295.1250000000,-111.2899856567
1324342.2500000000,-111.2904281616
1327394.8750000000,-111.2932434082
1330454.6250000000,-111.3032302856
1333521.3750000000,-111.3362579346
1336595.2500000000,-111.3862991333
1339676.2500000000,-111.4425964355
1342764.2500000000,-111.4924926758
1345860.8750000000,-111.5289154053
1348963.2500000000,-111.5542449951
1352072.7500000000,-111.5778198242
1355189.3750000000,-111.6093139648
1358313.1250000000,-111.6533050537
1361444.1250000000,-111.7083740234
1364583.8750000000,-111.7703247070
1367729.3750000000,-111.8360061646
1370882.0000000000,-111.9039993286
1374042.0000000000,-111.9721221924
1377209.2500000000,-112.0262985229
1380383.8750000000,-112.0292205811
1383565.7500000000,-112.0347518921
1386756.5000000000,-112.0367889404
1389953.0000000000,-112.0571289063
1393157.0000000000,-112.0581283569
1396368.2500000000,-112.0819625854
1399587.0000000000,-112.0832901001
1402813.1250000000,-112.0968093872
1406046.7500000000,-112.1067047119
1409289.3750000000,-112.1101379395
1412537.8750000000,-112.1130828857
1415793.8750000000,-112.1294403076
1419057.3750000000,-112.1507492065
1422328.3750000000,-112.1715850830
1425607.0000000000,-112.1910934448
1428894.6250000000,-112.2064056396
1432188.3750000000,-112.2149200439
1435489.6250000000,-112.2175064087
1438798.5000000000,-112.2265548706
1442115.1250000000,-112.2647857666
1445439.2500000000,-112.3193969727
1448771.1250000000,-112.3913879395
1452112.2500000000,-112.4678344727
1455459.5000000000,-112.5335845947
1458814.3750000000,-112.5779495239
1462177.0000000000,-112.5852966309
1465547.5000000000,-112.5929260254
1468925.6250000000,-112.5937194824
1472313.2500000000,-112.5985870361
1475707.0000000000,-112.6008148193
1479108.6250000000,-112.6143188477
1482518.1250000000,-112.6505661011
1485935.3750000000,-112.7010269165
1489360.6250000000,-112.7602920532
1492793.6250000000,-112.8149414063
1496236.3750000000,-112.8153762817
1499685.2500000000,-112.8178939819
1503142.1250000000,-112.8212738037
1506607.0000000000,-112.8270034790
1510079.7500000000,-112.8320770264
1513560.6250000000,-112.8383102417
1517051.1250000000,-112.8403244019
1520548.1250000000,-112.8409118652
1524053.0000000000,-112.8449707031
1527566.1250000000,-112.8454437256
1531087.2500000000,-112.8541183472
1534616.5000000000,-112.8607330322
1538153.8750000000,-112.8619003296
1541701.1250000000,-112.8697052002
1545254.8750000000,-112.8808898926
1548816.8750000000,-112.8818206787
1552387.0000000000,-112.8848114014
1555965.3750000000,-112.8913726807
1559551.8750000000,-112.9137420654
1563146.7500000000,-112.9525070190
1566751.7500000000,-113.0053405762
1570363.1250000000,-113.0936126709
1573983.0000000000,-113.1753387451
1577611.1250000000,-113.2231674194
1581247.6250000000,-113.2688980103
1584892.5000000000,-113.3143386841
1588547.5000000000,-113.3805236816
1592209.2500000000,-113.4422531128
1595879.3750000000,-113.4819183350
1599558.0000000000,-113.5247039795
1603245.1250000000,-113.5736007690
1606940.7500000000,-113.6560211182
1610644.8750000000,-113.7349395752
1614359.2500000000,-113.7758941650
1618080.5000000000,-113.8046569824
1621810.2500000000,-113.8139953613
1625548.6250000000,-113.8168411255
1629295.6250000000,-113.8198776245
1633051.2500000000,-113.8232269287
1636817.3750000000,-113.8237457275
1640590.3750000000,-113.8440170288
1644372.0000000000,-113.8696441650
1648162.3750000000,-113.8809738159
1651961.5000000000,-113.8903427124
1655769.5000000000,-113.9112701416
1659586.1250000000,-113.9376449585
1663413.3750000000,-113.9431762695
1667247.6250000000,-113.9438018799
1671090.7500000000,-113.9495162964
1674942.7500000000,-113.9514846802
1678803.6250000000,-113.9600601196
1682673.3750000000,-113.9994964600
1686554.0000000000,-114.0082397461
1690441.6250000000,-114.0142211914
1694338.1250000000,-114.0220031738
1698243.7500000000,-114.0297698975
1702158.2500000000,-114.0316925049
1706081.8750000000,-114.0333709717
1710014.5000000000,-114.0610122681
1713958.1250000000,-114.1213531494
1717908.8750000000,-114.2091979980
1721868.8750000000,-114.2862854004
1725837.8750000000,-114.4053192139
1729816.0000000000,-114.4975585938
1733803.3750000000,-114.5196304321
1737799.8750000000,-114.5269241333
1741807.6250000000,-114.5290832520
1745822.6250000000,-114.5297470093
1749846.7500000000,-114.5869140625
1753880.3750000000,-114.6283493042
1757923.1250000000,-114.6383132935
1761975.2500000000,-114.6532287598
1766038.7500000000,-114.6635208130
1770109.5000000000,-114.6651840210
1774189.7500000000,-114.6852645874
1778279.3750000000,-114.6997222900
1782378.5000000000,-114.7017669678
1786487.0000000000,-114.7391738892
1790605.0000000000,-114.7799301147
1794734.3750000000,-114.7841949463
1798871.3750000000,-114.7888259888
1803017.8750000000,-114.8002319336
1807174.0000000000,-114.8020477295
1811339.6250000000,-114.8117218018
1815514.8750000000,-114.8183441162
1819701.8750000000,-114.8283309937
1823896.3750000000,-114.8665390015
1828100.6250000000,-114.8968887329
1832314.5000000000,-114.9294509888
1836538.1250000000,-114.9797668457
1840771.3750000000,-115.0286178589
1845014.5000000000,-115.1104507446
1849269.5000000000,-115.1151428223
1853532.1250000000,-115.1208114624
1857804.6250000000,-115.1286621094
1862087.0000000000,-115.1483688354
1866379.2500000000,-115.1668930054
1870681.3750000000,-115.1696853638
1874993.5000000000,-115.1797485352
1879317.5000000000,-115.1827545166
1883649.5000000000,-115.1853485107
1887991.5000000000,-115.1951065063
1892343.3750000000,-115.1971740723
1896705.3750000000,-115.2205581665
1901077.3750000000,-115.2210998535
1905461.6250000000,-115.2428054810
1909853.8750000000,-115.2450790405
1914256.2500000000,-115.2559204102
1918668.7500000000,-115.3382644653
1923091.3750000000,-115.4396438599
1927524.2500000000,-115.4685363770
1931967.3750000000,-115.4692687988
1936422.7500000000,-115.5169754028
1940886.3750000000,-115.5223464966
1945360.2500000000,-115.5225219727
1949844.3750000000,-115.5534286499
1954339.0000000000,-115.5995941162
1958843.8750000000,-115.6589813232
1963361.2500000000,-115.6805114746
1967887.0000000000,-115.6830062866
1972423.1250000000,-115.6836013794
1976969.6250000000,-115.6882629395
1981526.7500000000,-115.6905136108
1986094.2500000000,-115.7174911499
1990672.3750000000,-115.7745666504
1995263.2500000000,-115.8428268433
1999862.3750000000,-115.8494186401
2004472.2500000000,-115.8630371094
2009092.7500000000,-115.8737106323
2013723.7500000000,-115.9047927856
2018365.6250000000,-115.9122467041
2023020.2500000000,-115.9254684448
2027683.5000000000,-116.0154647827
2032357.3750000000,-116.1079864502
2037042.1250000000,-116.1859207153
2041737.6250000000,-116.2260971069
2046444.0000000000,-116.2282104492
2051161.2500000000,-116.2288818359
2055891.5000000000,-116.2354202271
2060630.5000000000,-116.2406997681
2065380.3750000000,-116.2417449951
2070141.2500000000,-116.2475280762
2074913.1250000000,-116.2629394531
2079695.8750000000,-116.2651519775
2084489.7500000000,-116.2695465088
2089297.0000000000,-116.2714233398
2094112.8750000000,-116.2742996216
2098940.0000000000,-116.2854461670
2103778.2500000000,-116.2908859253
2108627.5000000000,-116.3079605103
2113488.0000000000,-116.3120040894
2118362.2500000000,-116.3271179199
2123245.2500000000,-116.3493652344
2128139.5000000000,-116.4750289917
2133045.0000000000,-116.4947204590
2137961.7500000000,-116.5254364014
2142889.7500000000,-116.5297012329
2147829.5000000000,-116.5814056396
2152782.7500000000,-116.5826187134
2157745.0000000000,-116.5993194580
2162718.7500000000,-116.6000518799
2167704.0000000000,-116.6298751831
2172700.7500000000,-116.6500091553
2177708.7500000000,-116.6632003784
2182731.0000000000,-116.6789703369
2187762.5000000000,-116.7074127197
2192805.2500000000,-116.7252044678
2197860.0000000000,-116.7548217773
2202926.2500000000,-116.7941513062
2208004.0000000000,-116.8241653442
2213093.7500000000,-116.8371734619
2218197.5000000000,-116.8778228760
2223310.5000000000,-116.9073104858
2228435.5000000000,-116.9394149780
2233572.0000000000,-116.9931106567
2238720.7500000000,-117.0268554688
2243881.0000000000,-117.0526428223
2249055.7500000000,-117.0639724731
2254240.0000000000,-117.0871505737
2259436.2500000000,-117.1494750977
2264644.5000000000,-117.2005920410
2269864.5000000000,-117.2136077881
2275096.7500000000,-117.2213592529
2280341.0000000000,-117.2226181030
2285600.0000000000,-117.2712402344
2290868.2500000000,-117.3600006104
2296149.0000000000,-117.4157638550
2301441.7500000000,-117.4206771851
2306746.7500000000,-117.4266433716
2312064.0000000000,-117.4300079346
2317393.5000000000,-117.4408645630
2322737.7500000000,-117.4471359253
2328091.7500000000,-117.4499130249
2333458.2500000000,-117.4603652954
2338837.0000000000,-117.4708251953
2344228.2500000000,-117.4800109863
2349631.7500000000,-117.5004577637
2355050.5000000000,-117.5249938965
2360479.0000000000,-117.6018066406
2365920.0000000000,-117.6188583374
2371373.7500000000,-117.6346435547
2376840.0000000000,-117.6593704224
2382318.7500000000,-117.6692886353
2387810.0000000000,-117.6784820557
2393316.7500000000,-117.7587432861
2398833.5000000000,-117.7618331909
2404363.0000000000,-117.7893524170
2409905.2500000000,-117.8205261230
2415460.2500000000,-117.8513641357
2421028.0000000000,-117.8778762817
2426611.2500000000,-117.8916473389
2432205.0000000000,-117.9447631836
2437811.2500000000,-117.9600830078
2443430.5000000000,-117.9894485474
2449063.0000000000,-117.9943161011
2454708.2500000000,-117.9948654175
2460366.5000000000,-118.1269226074
2466040.5000000000,-118.1296386719
2471724.7500000000,-118.1443328857
2477422.2500000000,-118.1611404419
2483133.0000000000,-118.1650314331
2488856.7500000000,-118.1951522827
2494593.7500000000,-118.2167205811
2500344.0000000000,-118.2231292725
2506110.2500000000,-118.2554397583
2511887.0000000000,-118.2934341431
2517677.0000000000,-118.3057174683
2523480.5000000000,-118.3163833618
2529297.2500000000,-118.3741149902
2535127.5000000000,-118.5269622803
2540974.0000000000,-118.5368194580
2546831.0000000000,-118.5428009033
2552701.7500000000,-118.5459671021
2558585.7500000000,-118.5638809204
2564483.5000000000,-118.5860366821
2570395.0000000000,-118.5885009766
2576319.7500000000,-118.6140899658
2582261.2500000000,-118.6351623535
2588213.5000000000,-118.6362304688
2594179.5000000000,-118.6406478882
2600159.2500000000,-118.6510467529
2606153.0000000000,-118.6515960693
2612160.2500000000,-118.6571273804
2618184.2500000000,-118.6608886719
2624219.5000000000,-118.6757965088
2630268.5000000000,-118.7189025879
2636331.5000000000,-118.7656173706
2642408.2500000000,-118.7819442749
2648499.2500000000,-118.7896957397
2654604.2500000000,-118.8107376099
2660726.2500000000,-118.8274688721
2666859.5000000000,-118.8693542480
2673006.7500000000,-118.8750610352
2679168.2500000000,-118.8883972168
2685343.7500000000,-118.8943328857
2691533.7500000000,-118.8960876465
2697741.0000000000,-118.9094238281
2703959.2500000000,-118.9221725464
2710192.2500000000,-118.9474868774
2716439.2500000000,-118.9547958374
2722701.0000000000,-118.9917984009
2728977.0000000000,-119.0240249634
2735267.5000000000,-119.0436096191
2741575.5000000000,-119.0605316162
2747895.0000000000,-119.0645217896
2754229.0000000000,-119.0966720581
2760577.7500000000,-119.1086425781
2766941.0000000000,-119.1433944702
2773319.0000000000,-119.2270126343
2779711.7500000000,-119.3973007202
2786122.2500000000,-119.4383468628
2792544.5000000000,-119.4517517090
2798981.5000000000,-119.4543151855
2805433.2500000000,-119.4603576660
2811900.0000000000,-119.4644546509
2818381.7500000000,-119.4740219116
2824881.2500000000,-119.4757766724
2831393.0000000000,-119.5081329346
2837919.5000000000,-119.5848922729
2844461.0000000000,-119.5926437378
2851017.7500000000,-119.6104660034
2857589.5000000000,-119.6264572144
2864176.5000000000,-119.6456146240
2870781.7500000000,-119.6533355713
2877399.2500000000,-119.6567611694
2884031.7500000000,-119.6884689331
2890679.7500000000,-119.7093963623
2897343.0000000000,-119.7102203369
2904021.5000000000,-119.7252197266
2910718.7500000000,-119.7266311646
2917428.0000000000,-119.7316360474
2924153.0000000000,-119.7515487671
2930893.2500000000,-119.7646636963
2937649.2500000000,-119.7731323242
2944420.7500000000,-119.8194427490
2951207.7500000000,-119.8743057251
2958013.7500000000,-119.8959045410
2964832.2500000000,-120.0014877319
2971666.2500000000,-120.0261459351
2978516.2500000000,-120.0483551025
2985382.0000000000,-120.0833435059
2992263.5000000000,-120.0904998779
2999164.2500000000,-120.0929946899
3006077.5000000000,-120.1215820313
3013006.7500000000,-120.1227569580
3019951.7500000000,-120.1523971558
3026913.0000000000,-120.1819839478
3033890.2500000000,-120.2130889893
3040883.7500000000,-120.2447738647
3047896.5000000000,-120.2784652710
3054922.0000000000,-120.3119430542
3061963.7500000000,-120.3451690674
3069022.0000000000,-120.3741302490
3076096.2500000000,-120.3981246948
3083186.7500000000,-120.4003219604
3090293.7500000000,-120.4014053345
3097420.5000000000,-120.4044952393
3104560.2500000000,-120.4127197266
3111716.5000000000,-120.4162368774
3118889.2500000000,-120.4184036255
3126078.5000000000,-120.4280471802
3133284.5000000000,-120.4320068359
3140510.2500000000,-120.4349060059
3147749.2500000000,-120.4366607666
3155005.2500000000,-120.4414825439
3162277.7500000000,-120.4760742188
3169567.0000000000,-120.5201644897
3176873.0000000000,-120.5620956421
3184196.0000000000,-120.6010131836
3191539.2500000000,-120.6302261353
3198896.0000000000,-120.6554107666
3206269.7500000000,-120.6728439331
3213660.2500000000,-120.6909255981
3221068.0000000000,-120.7098693848
3228492.7500000000,-120.7351303101
3235938.2500000000,-120.7632293701
3243397.2500000000,-120.7979431152
3250873.5000000000,-120.8342971802
3258367.0000000000,-120.8722305298
3265877.7500000000,-120.9087295532
3273406.0000000000,-120.9438247681
3280951.2500000000,-120.9754180908
3288517.7500000000,-121.0036163330
3296098.0000000000,-121.0297698975
3303695.7500000000,-121.0524063110
3311311.0000000000,-121.0748214722
3318944.0000000000,-121.0969161987
3326594.2500000000,-121.1205673218
3334262.2500000000,-121.1450805664
3341951.7500000000,-121.1713790894
3349655.2500000000,-121.1984100342
3357376.2500000000,-121.2258224487
3365115.2500000000,-121.2527313232
3372872.2500000000,-121.2782669067
3380646.7500000000,-121.3023223877
3388443.2500000000,-121.3208160400
3396253.7500000000,-121.3357925415
3404082.5000000000,-121.3451766968
3411929.0000000000,-121.3489227295
3419793.7500000000,-121.3507995605
3427676.7500000000,-121.3516006470
3435577.7500000000,-121.3565521240
3443500.7500000000,-121.3652420044
3451438.2500000000,-121.3849334717
3459394.0000000000,-121.4150466919
3467368.2500000000,-121.4531784058
3475360.7500000000,-121.5065994263
3483371.7500000000,-121.5639648438
3491405.0000000000,-121.6244583130
3499452.7500000000,-121.6769790649
3507519.2500000000,-121.7190704346
3515604.5000000000,-121.7510604858
3523708.2500000000,-121.7613830566
3531830.5000000000,-121.7640609741
3539971.7500000000,-121.7641372681
3548135.5000000000,-121.7657623291
3556314.2500000000,-121.7704544067
3564511.7500000000,-121.7831802368
3572728.2500000000,-121.8115310669
3580963.5000000000,-121.8449630737
3589218.0000000000,-121.8829498291
3597495.2500000000,-121.9188690186
3605787.7500000000,-121.9483489990
3614099.2500000000,-121.9719238281
3622430.0000000000,-121.9861145020
3630780.0000000000,-121.9988021851
3639149.2500000000,-122.0110931396
3647537.7500000000,-122.0256271362
3655949.5000000000,-122.0403823853
3664376.7500000000,-122.0544204712
3672823.5000000000,-122.0663375854
3681289.5000000000,-122.0791702271
3689775.2500000000,-122.0958251953
3698280.5000000000,-122.1183319092
3706805.2500000000,-122.1526412964
3715353.7500000000,-122.1914443970
3723918.0000000000,-122.2339477539
3732501.7500000000,-122.2778701782
3741105.5000000000,-122.3219223022
3749729.0000000000,-122.3658676147
3758372.5000000000,-122.4093017578
3767039.7500000000,-122.4479980469
3775723.2500000000,-122.4810180664
3784426.5000000000,-122.5074768066
3793149.7500000000,-122.5235519409
3801893.2500000000,-122.5359191895
3810657.0000000000,-122.5456542969
3819440.7500000000,-122.5539474487
3828249.0000000000,-122.5621566772
3837073.5000000000,-122.5711059570
3845918.2500000000,-122.5813140869
3854783.2500000000,-122.5959243774
3863668.7500000000,-122.6165924072
3872574.7500000000,-122.6433639526
3881505.7500000000,-122.6773605347
3890452.7500000000,-122.7182922363
3899420.5000000000,-122.7567367554
3908409.0000000000,-122.7599945068
3917418.2500000000,-122.7672653198
3926448.0000000000,-122.7706832886
3935498.7500000000,-122.7871475220
3944574.7500000000,-122.7882766724
3953667.2500000000,-122.7887115479
3962780.7500000000,-122.8017807007
3971915.2500000000,-122.8059921265
3981070.7500000000,-122.8171920776
3990247.5000000000,-122.8524322510
3999449.7500000000,-122.8847656250
4008668.7500000000,-122.9140167236
4017909.0000000000,-122.9409408569
4027170.5000000000,-122.9679107666
4036453.5000000000,-122.9999313354
4045757.7500000000,-123.0367126465
4055083.5000000000,-123.0772247314
4064435.2500000000,-123.1194534302
4073804.0000000000,-123.1556930542
4083194.5000000000,-123.1837387085
4092606.5000000000,-123.2036514282
4102040.2500000000,-123.2161636353
4111495.7500000000,-123.2245407104
4120973.0000000000,-123.2344818115
4130476.7500000000,-123.2471008301
4139997.7500000000,-123.2628784180
4149540.7500000000,-123.2818222046
4159105.7500000000,-123.3027954102
4168692.7500000000,-123.3241806030
4178301.7500000000,-123.3451309204
4187937.7500000000,-123.3649673462
4197591.0000000000,-123.3833923340
4207267.0000000000,-123.4036941528
4216965.0000000000,-123.4286956787
4226685.5000000000,-123.4596099854
4236428.0000000000,-123.4965057373
4246193.5000000000,-123.5357437134
4255986.0000000000,-123.5705718994
4265796.5000000000,-123.5999298096
4275629.5000000000,-123.6248321533
4285485.0000000000,-123.6477737427
4295363.0000000000,-123.6732177734
4305264.5000000000,-123.7027282715
4315193.0000000000,-123.7349548340
4325140.0000000000,-123.7688827515
4335109.5000000000,-123.8034515381
4345102.5000000000,-123.8375244141
4355118.0000000000,-123.8668670654
4365157.0000000000,-123.8711624146
4375219.0000000000,-123.8768463135
4385309.0000000000,-123.8796005249
4395417.5000000000,-123.8868789673
4405549.0000000000,-123.8909912109
4415704.5000000000,-123.8947830200
4425883.0000000000,-123.8978576660
4436085.0000000000,-123.9330749512
4446310.5000000000,-123.9798660278
4456564.0000000000,-124.0346374512
4466837.0000000000,-124.0923767090
4477133.5000000000,-124.1433639526
4487453.5000000000,-124.1800765991
4497797.5000000000,-124.1920700073
4508165.0000000000,-124.1957626343
4518561.5000000000,-124.1989974976
4528977.0000000000,-124.2018661499
4539417.0000000000,-124.2055740356
4549880.5000000000,-124.2358245850
4560368.5000000000,-124.2753601074
4570880.5000000000,-124.3147048950
4581416.5000000000,-124.3453826904
4591982.0000000000,-124.3626327515
4602567.0000000000,-124.3657302856
4613176.0000000000,-124.3670806885
4623810.0000000000,-124.3707351685
4634468.0000000000,-124.3878707886
4645151.0000000000,-124.4152145386
4655863.5000000000,-124.4448089600
4666595.5000000000,-124.4671783447
4677352.0000000000,-124.4768981934
4688134.0000000000,-124.4769515991
4698940.5000000000,-124.4778976440
4709771.5000000000,-124.4929351807
4720628.0000000000,-124.5275039673
4731514.5000000000,-124.5797348022
4742421.0000000000,-124.6386032104
4753353.0000000000,-124.6870269775
4764309.5000000000,-124.6875152588
4775291.5000000000,-124.6948242188
4786299.0000000000,-124.7046432495
4797337.0000000000,-124.7104797363
4808395.5000000000,-124.7123489380
4819479.0000000000,-124.7411727905
4830588.0000000000,-124.7836303711
4841723.0000000000,-124.8219299316
4852883.5000000000,-124.8541488647
4864070.0000000000,-124.8851165771
4875287.0000000000,-124.9204406738
4886525.0000000000,-124.9601211548
4897789.0000000000,-124.9964447021
4909078.5000000000,-125.0019760132
4920394.5000000000,-125.0027847290
4931736.0000000000,-125.0071411133
4943104.0000000000,-125.0115661621
4954504.0000000000,-125.0169906616
4965924.5000000000,-125.0185165405
4977371.0000000000,-125.0213546753
4988844.5000000000,-125.0363922119
5000344.0000000000,-125.0724792480
5011870.0000000000,-125.1262130737
5023428.5000000000,-125.1886825562
5035007.5000000000,-125.2461395264
5046614.0000000000,-125.2897109985
5058246.5000000000,-125.3207778931
5069906.0000000000,-125.3478698730
5081592.5000000000,-125.3784179688
5093306.0000000000,-125.4131011963
5105052.0000000000,-125.4468917847
5116819.5000000000,-125.4741363525
5128614.5000000000,-125.4928436279
5140436.0000000000,-125.5053329468
5152285.0000000000,-125.5163040161
5164161.5000000000,-125.5296173096
5176071.0000000000,-125.5460739136
5188002.0000000000,-125.5652618408
5199961.0000000000,-125.5897598267
5211947.0000000000,-125.6124191284
5223961.0000000000,-125.6130676270
5236002.5000000000,-125.6224517822
5248072.0000000000,-125.6369705200
5260175.0000000000,-125.6381835938
5272300.0000000000,-125.6570739746
5284453.0000000000,-125.6667861938
5296634.0000000000,-125.6762542725
5308843.5000000000,-125.6771392822
5321080.5000000000,-125.7121124268
5333352.0000000000,-125.7469482422
5345645.5000000000,-125.7844924927
5357967.5000000000,-125.8215484619
5370318.0000000000,-125.8526382446
5382697.0000000000,-125.8783721924
5395104.5000000000,-125.9042358398
5407541.0000000000,-125.9254760742
5420011.5000000000,-125.9288330078
5432505.0000000000,-125.9344558716
5445027.5000000000,-125.9375381470
5457578.5000000000,-125.9406585693
5470158.5000000000,-125.9788894653
5482767.5000000000,-126.0373840332
5495406.0000000000,-126.0983047485
5508079.0000000000,-126.1582260132
5520775.5000000000,-126.2181243896
5533501.5000000000,-126.2717514038
5546256.5000000000,-126.3090133667
5559041.0000000000,-126.3279342651
5571855.0000000000,-126.3360900879
5584704.5000000000,-126.3438415527
5597578.0000000000,-126.3511276245
5610480.5000000000,-126.3558807373
5623413.5000000000,-126.3619461060
5636375.5000000000,-126.3699111938
5649368.0000000000,-126.3789062500
5662390.0000000000,-126.3892440796
5675448.5000000000,-126.4045562744
5688531.0000000000,-126.4263381958
5701643.5000000000,-126.4268112183
5714786.0000000000,-126.4288406372
5727959.0000000000,-126.4352035522
5741162.5000000000,-126.4397354126
5754402.5000000000,-126.4477767944
5767666.5000000000,-126.4491043091
5780961.5000000000,-126.4534225464
5794287.0000000000,-126.4593200684
5807643.5000000000,-126.4673233032
5821030.5000000000,-126.4952621460
5834448.5000000000,-126.5290451050
5847903.5000000000,-126.5653152466
5861383.5000000000,-126.6078720093
5874894.0000000000,-126.6660842896
5888436.5000000000,-126.7399673462
5902009.5000000000,-126.7606277466
5915614.0000000000,-126.7606430054
5929250.0000000000,-126.7785568237
5942924.0000000000,-126.7798919678
5956622.5000000000,-126.8108444214
5970353.0000000000,-126.8183898926
5984115.5000000000,-126.8285675049
5997909.0000000000,-126.8423919678
6011734.5000000000,-126.8959426880
6025599.0000000000,-126.9658432007
6039488.0000000000,-126.9952239990
6053409.5000000000,-127.0131530762
6067363.0000000000,-127.0322799683
6081349.0000000000,-127.0721206665
6095367.0000000000,-127.1461105347
6109417.0000000000,-127.1533966064
6123506.5000000000,-127.1551589966
6137621.5000000000,-127.1611709595
6151769.0000000000,-127.1815032959
6165949.5000000000,-127.1816787720
6180162.5000000000,-127.2253646851
6194408.0000000000,-127.2393875122
6208693.5000000000,-127.2836837769
6223005.0000000000,-127.2924728394
6237349.5000000000,-127.3145446777
6251727.0000000000,-127.3629837036
6266137.5000000000,-127.3751373291
6280581.5000000000,-127.3881072998
6295058.5000000000,-127.4200592041
6309576.0000000000,-127.4396514893
6324120.0000000000,-127.4440917969
6338698.0000000000,-127.4464721680
6353309.0000000000,-127.4960403442
6367954.0000000000,-127.5891799927
6382632.5000000000,-127.5907287598
6397352.0000000000,-127.5918960571
6412098.0000000000,-127.6097640991
6426878.5000000000,-127.6329040527
6441693.0000000000,-127.6453857422
6456541.5000000000,-127.6495590210
6471424.0000000000,-127.6539382935
6486341.5000000000,-127.6779022217
6501300.0000000000,-127.6810150146
6516286.0000000000,-127.6894607544
6531306.5000000000,-127.7092132568
6546361.5000000000,-127.7609024048
6561451.5000000000,-127.7643280029
6576576.0000000000,-127.7652206421
6591735.5000000000,-127.7693634033
6606937.0000000000,-127.7695159912
6622166.5000000000,-127.7734985352
6637431.0000000000,-127.7797775269
6652731.0000000000,-127.8104171753
6668066.0000000000,-127.8217315674
6683436.0000000000,-127.8242874146
6698849.5000000000,-127.9163970947
6714290.5000000000,-127.9920272827
6729767.5000000000,-128.0644378662
6745280.0000000000,-128.0743865967
6760828.5000000000,-128.0915527344
6776413.0000000000,-128.0935211182
6792033.0000000000,-128.1202697754
6807696.5000000000,-128.1243438721
6823388.5000000000,-128.1277465820
6839117.0000000000,-128.1421966553
6854881.5000000000,-128.1468353271
6870682.5000000000,-128.1800842285
6886520.0000000000,-128.1948852539
6902401.5000000000,-128.1956176758
6918312.0000000000,-128.2035064697
6934259.5000000000,-128.2414703369
6950243.5000000000,-128.2961273193
6966264.0000000000,-128.3444061279
6982322.0000000000,-128.3760681152
6998416.5000000000,-128.3890686035
7014556.0000000000,-128.3919677734
7030725.0000000000,-128.3960571289
7046931.5000000000,-128.4130859375
7063175.0000000000,-128.4333648682
7079456.5000000000,-128.4454650879
7095775.0000000000,-128.4527587891
7112139.0000000000,-128.4647827148
7128533.0000000000,-128.4811401367
7144965.0000000000,-128.4932861328
7161434.5000000000,-128.4942626953
7177942.0000000000,-128.5229492188
7194487.5000000000,-128.6715698242
7211071.5000000000,-128.8352661133
7227701.5000000000,-128.8366851807
7244362.0000000000,-128.8473358154
7261060.5000000000,-128.8631134033
7277798.0000000000,-128.9012145996
7294573.5000000000,-128.9040222168
7311388.0000000000,-128.9044494629
7328241.5000000000,-128.9242095947
7345141.5000000000,-128.9252624512
7362072.5000000000,-128.9598693848
7379043.0000000000,-128.9603576660
7396052.0000000000,-128.9669189453
7413100.5000000000,-128.9822387695
7430188.0000000000,-128.9849548340
7447323.5000000000,-128.9884338379
7464490.0000000000,-128.9892425537
7481696.5000000000,-128.9951629639
7498942.0000000000,-129.0034637451
7516227.5000000000,-129.0073394775
7533553.0000000000,-129.0110626221
7550918.5000000000,-129.0133514404
7568332.0000000000,-129.0477447510
7585777.5000000000,-129.1043090820
7603263.5000000000,-129.1311950684
7620789.5000000000,-129.1351470947
7638356.0000000000,-129.1884918213
7655963.0000000000,-129.2022857666
7673619.0000000000,-129.2394104004
7691307.0000000000,-129.2420806885
7709036.0000000000,-129.2495422363
7726806.0000000000,-129.2519836426
7744617.0000000000,-129.2774963379
7762469.0000000000,-129.2861938477
7780362.0000000000,-129.3148193359
7798304.5000000000,-129.3313903809
7816280.5000000000,-129.3927001953
7834297.5000000000,-129.3944854736
7852356.0000000000,-129.4123229980
7870456.0000000000,-129.4885711670
7888598.0000000000,-129.4916534424
7906782.0000000000,-129.5078887939
7925016.5000000000,-129.5080871582
7943284.0000000000,-129.5082397461
7961594.0000000000,-129.5266418457
7979946.0000000000,-129.5501251221
7998340.5000000000,-129.5695495605
8016777.0000000000,-129.5696716309
8035265.0000000000,-129.6238403320
8053787.0000000000,-129.6369628906
8072351.5000000000,-129.6598968506
8090959.0000000000,-129.6716308594
8109609.0000000000,-129.7544708252
8128302.5000000000,-129.7826843262
8147038.5000000000,-129.8267669678
8165827.0000000000,-129.8270416260
8184650.0000000000,-129.8542633057
8203516.0000000000,-129.8814544678
8222426.0000000000,-129.9219970703
8241379.0000000000,-129.9269561768
8260376.0000000000,-129.9995727539
8279426.0000000000,-130.0070953369
8298510.5000000000,-130.0203552246
8317639.0000000000,-130.0204162598
8336812.0000000000,-130.0427398682
8356029.0000000000,-130.0639801025
8375290.0000000000,-130.1106872559
8394596.0000000000,-130.1349182129
8413955.0000000000,-130.1408996582
8433350.0000000000,-130.1712188721
8452789.0000000000,-130.1721496582
8472274.0000000000,-130.1795349121
8491803.0000000000,-130.1918182373
8511377.0000000000,-130.2133483887
8531006.0000000000,-130.2320098877
8550670.0000000000,-130.2769470215
8570380.0000000000,-130.2812194824
8590136.0000000000,-130.2845001221
8609936.0000000000,-130.4123687744
8629783.0000000000,-130.4220123291
8649675.0000000000,-130.4272460938
8669623.0000000000,-130.4329071045
8689607.0000000000,-130.4544830322
8709637.0000000000,-130.4754943848
8729713.0000000000,-130.4782409668
8749836.0000000000,-130.4974212646
8770005.0000000000,-130.5227813721
8790220.0000000000,-130.5236816406
8810492.0000000000,-130.5393829346
8830801.0000000000,-130.5395660400
8851157.0000000000,-130.5584259033
8871559.0000000000,-130.5907745361
8892009.0000000000,-130.6024475098
8912505.0000000000,-130.6094207764
8933059.0000000000,-130.6207427979
8953651.0000000000,-130.6241302490
8974289.0000000000,-130.6251983643
8994976.0000000000,-130.6923370361
9015710.0000000000,-130.7286834717
9036492.0000000000,-130.7352752686
9057321.0000000000,-130.7364044189
9078209.0000000000,-130.7632598877
9099135.0000000000,-130.7717132568
9120109.0000000000,-130.7770233154
9141132.0000000000,-130.7958374023
9162203.0000000000,-130.8297424316
9183322.0000000000,-130.8625183105
9204500.0000000000,-130.8637237549
9225718.0000000000,-130.8886566162
9246983.0000000000,-130.9270629883
9268298.0000000000,-130.9772033691
9289662.0000000000,-131.0190887451
9311076.0000000000,-131.0199890137
9332538.0000000000,-131.0745391846
9354061.0000000000,-131.0781402588
9375623.0000000000,-131.1472930908
9397234.0000000000,-131.1814727783
9418895.0000000000,-131.1874694824
9440607.0000000000,-131.2469940186
9462368.0000000000,-131.2473297119
9484190.0000000000,-131.2608337402
9506052.0000000000,-131.2703857422
9527964.0000000000,-131.2887268066
9549926.0000000000,-131.2941131592
9571940.0000000000,-131.3282928467
9594004.0000000000,-131.3294219971
9616118.0000000000,-131.3356781006
9638295.0000000000,-131.3399047852
9660512.0000000000,-131.3442230225
9682780.0000000000,-131.3514251709
9705099.0000000000,-131.3516082764
9727470.0000000000,-131.3553771973
9749893.0000000000,-131.3598022461
9772367.0000000000,-131.3740997314
9794904.0000000000,-131.3841552734
9817482.0000000000,-131.3847656250
9840112.0000000000,-131.3970794678
9862794.0000000000,-131.4592742920
9885528.0000000000,-131.5765533447
9908315.0000000000,-131.6956329346
9931165.0000000000,-131.8268737793
9954057.0000000000,-131.8357086182
9977002.0000000000,-131.8543395996
10000000.0000000000,-131.8690490723
10023051.0000000000,-131.8996887207
10046155.0000000000,-131.9466247559
10069312.0000000000,-132.0057678223
10092533.0000000000,-132.0579376221
10115797.0000000000,-132.0587310791
10139115.0000000000,-132.1329803467
10162486.0000000000,-132.2183227539
10185911.0000000000,-132.2392730713
10209391.0000000000,-132.2827911377
10232935.0000000000,-132.3768005371
10256523.0000000000,-132.4098358154
10280165.0000000000,-132.4322204590
10303861.0000000000,-132.5010681152
10327613.0000000000,-132.5025939941
10351418.0000000000,-132.5318298340
10375279.0000000000,-132.5522155762
10399206.0000000000,-132.5807342529
10423177.0000000000,-132.5970153809
10447203.0000000000,-132.6015472412
10471285.0000000000,-132.6232299805
10495422.0000000000,-132.6284637451
10519615.0000000000,-132.6684875488
10543863.0000000000,-132.6707763672
10568179.0000000000,-132.6725158691
10592540.0000000000,-132.6729125977
10616956.0000000000,-132.6744689941
10641429.0000000000,-132.6803741455
10665958.0000000000,-132.7022399902
10690544.0000000000,-132.7103118896
10715198.0000000000,-132.7177276611
10739898.0000000000,-132.7177886963
10764654.0000000000,-132.7245178223
10789467.0000000000,-132.7245483398
10814338.0000000000,-132.7306365967
10839265.0000000000,-132.7310638428
10864251.0000000000,-132.7323760986
10889305.0000000000,-132.7418365479
10914406.0000000000,-132.7430877686
10939565.0000000000,-132.7452087402
10964781.0000000000,-132.7452087402
10990056.0000000000,-132.7452087402
11015388.0000000000,-132.7452087402
11040792.0000000000,-132.7528686523
11066242.0000000000,-132.7546386719
11091750.0000000000,-132.7690277100
11117317.0000000000,-132.8109741211
11142944.0000000000,-132.8932952881
11168629.0000000000,-132.9912872314
11194373.0000000000,-133.0083465576
11220189.0000000000,-133.0083465576
11246053.0000000000,-133.0083465576
11271976.0000000000,-133.0083465576
11297958.0000000000,-133.0083465576
11324001.0000000000,-133.0083465576
11350104.0000000000,-133.0083465576
11376279.0000000000,-133.0083465576
11402502.0000000000,-133.0743560791
11428786.0000000000,-133.0746612549
11455130.0000000000,-133.0756530762
11481535.0000000000,-133.0912170410
11508000.0000000000,-133.0914611816
11534527.0000000000,-133.1060028076
11561128.0000000000,-133.1240692139
11587777.0000000000,-133.1548004150
11614488.0000000000,-133.1609191895
11641260.0000000000,-133.1644897461
11668094.0000000000,-133.1777191162
11694990.0000000000,-133.1860198975
11721947.0000000000,-133.1860198975
11748980.0000000000,-133.1860198975
11776062.0000000000,-133.1860198975
11803207.0000000000,-133.1811981201
11830414.0000000000,-133.1777191162
11857684.0000000000,-133.1644897461
11885017.0000000000,-133.1644897461
11912426.0000000000,-133.1644897461
11939885.0000000000,-133.1777191162
11967407.0000000000,-133.1806640625
11994993.0000000000,-133.1811981201
12022642.0000000000,-133.2515869141
12050355.0000000000,-133.2538146973
12078132.0000000000,-133.2675628662
12105986.0000000000,-133.2675628662
12133892.0000000000,-133.2675628662
12161861.0000000000,-133.2675628662
12189895.0000000000,-133.2675628662
12217994.0000000000,-133.2675628662
12246157.0000000000,-133.2675628662
12274399.0000000000,-133.2831420898
12302692.0000000000,-133.3486938477
12331051.0000000000,-133.3653259277
12359475.0000000000,-133.3876190186
12387964.0000000000,-133.3984985352
12416519.0000000000,-133.4248352051
12445140.0000000000,-133.4517517090
12473841.0000000000,-133.4665222168
12502594.0000000000,-133.4703063965
12531413.0000000000,-133.4789733887
12560299.0000000000,-133.4996948242
12589251.0000000000,-133.5098571777
12618270.0000000000,-133.6019439697
12647370.0000000000,-133.7429351807
12676523.0000000000,-133.9062500000
12705744.0000000000,-134.0871276855
12735031.0000000000,-134.1221618652
12764387.0000000000,-134.1451416016
12793809.0000000000,-134.1901702881
12823300.0000000000,-134.2190704346
12852873.0000000000,-134.2259826660
12882499.0000000000,-134.2259826660
12912195.0000000000,-134.2259826660
12941958.0000000000,-134.2259826660
12971790.0000000000,-134.2259826660
13001691.0000000000,-134.2259826660
13031661.0000000000,-134.2259826660
13061714.0000000000,-134.2259826660
13091822.0000000000,-134.2494964600
13122000.0000000000,-134.2501525879
13152247.0000000000,-134.2505035400
13182564.0000000000,-134.2819366455
13212951.0000000000,-134.3283081055
13243422.0000000000,-134.3287506104
13273949.0000000000,-134.3309936523
13304546.0000000000,-134.3319396973
13335214.0000000000,-134.3422393799
13365953.0000000000,-134.3626861572
13396762.0000000000,-134.3626861572
13427643.0000000000,-134.3626861572
13458609.0000000000,-134.3626861572
13489632.0000000000,-134.3626861572
13520727.0000000000,-134.3626861572
13551893.0000000000,-134.4128112793
13583131.0000000000,-134.4312438965
13614441.0000000000,-134.4556427002
13645839.0000000000,-134.4668426514
13677293.0000000000,-134.4712371826
13708820.0000000000,-134.4953613281
13740420.0000000000,-134.5570220947
13772093.0000000000,-134.5648040771
13803838.0000000000,-134.6929779053
13835657.0000000000,-135.0192565918
13867565.0000000000,-135.3293914795
13899530.0000000000,-135.3293914795
13931570.0000000000,-135.3293914795
13963683.0000000000,-135.3293914795
13995870.0000000000,-135.3293914795
14028132.0000000000,-135.3293914795
14060468.0000000000,-135.3293914795
14092893.0000000000,-135.3293914795
14125379.0000000000,-135.3293914795
14157939.0000000000,-135.3293914795
14190574.0000000000,-135.3293914795
14223284.0000000000,-135.3458404541
14256070.0000000000,-135.3798065186
14288946.0000000000,-135.4996337891
14321884.0000000000,-135.5843200684
14354896.0000000000,-135.5921478271
14387986.0000000000,-135.6275482178
14421151.0000000000,-135.6295623779
14454393.0000000000,-135.6486053467
14487711.0000000000,-135.6774444580
14521122.0000000000,-135.7103424072
14554594.0000000000,-135.7113342285
14588144.0000000000,-135.7113342285
14621770.0000000000,-135.7113342285
14655475.0000000000,-135.7113342285
14689257.0000000000,-135.7113342285
14723133.0000000000,-135.7113342285
14757070.0000000000,-135.7113342285
14791086.0000000000,-135.7113342285
14825181.0000000000,-135.7113342285
14859354.0000000000,-135.7113342285
14893606.0000000000,-135.7113342285
14927937.0000000000,-135.7221984863
14962363.0000000000,-135.9457855225
14996852.0000000000,-135.9603424072
15031421.0000000000,-135.9747772217
15066070.0000000000,-136.0028533936
15100798.0000000000,-136.0147094727
15135607.0000000000,-136.0354461670
15170512.0000000000,-136.0596771240
15205481.0000000000,-136.0763092041
15240531.0000000000,-136.0763092041
15275661.0000000000,-136.0763092041
15310873.0000000000,-136.0763092041
15346165.0000000000,-136.0763092041
15381539.0000000000,-136.0763092041
15417012.0000000000,-136.0763092041
15452549.0000000000,-136.0763092041
15488168.0000000000,-136.0763092041
15523870.0000000000,-136.0763092041
15559653.0000000000,-136.0763092041
15595519.0000000000,-136.0763092041
15631468.0000000000,-136.0763092041
15667517.0000000000,-136.0763092041
15703632.0000000000,-136.0763092041
15739830.0000000000,-136.0596771240
15776111.0000000000,-136.0417480469
15812476.0000000000,-136.0354461670
15848925.0000000000,-136.0417480469
15885475.0000000000,-136.1372985840
15922092.0000000000,-136.1409149170
15958794.0000000000,-136.2224121094
15995580.0000000000,-136.3874511719
16032451.0000000000,-136.4954376221
16069407.0000000000,-136.5933074951
16106448.0000000000,-136.5933074951
16143592.0000000000,-136.5933074951
16180804.0000000000,-136.5933074951
16218102.0000000000,-136.5933074951
16255486.0000000000,-136.5933074951
16292956.0000000000,-136.5933074951
16330513.0000000000,-136.5933074951
16368174.0000000000,-136.5933074951
16405903.0000000000,-136.5933074951
16443720.0000000000,-136.5933074951
16481624.0000000000,-136.5933074951
16519616.0000000000,-136.5933074951
16557694.0000000000,-136.5933074951
16595861.0000000000,-136.5933074951
16634134.0000000000,-136.5933074951
16672477.0000000000,-136.6837463379
16710908.0000000000,-136.7668151855
16749428.0000000000,-136.8117065430
16788036.0000000000,-136.8379058838
16826734.0000000000,-136.9207153320
16865540.0000000000,-136.9896392822
16904416.0000000000,-137.0452728271
16943382.0000000000,-137.2272033691
16982438.0000000000,-137.2298126221
17021582.0000000000,-137.2406768799
17060818.0000000000,-137.2541503906
17100146.0000000000,-137.2541503906
17139582.0000000000,-137.2541503906
17179090.0000000000,-137.2541503906
17218688.0000000000,-137.2541503906
17258378.0000000000,-137.2541503906
17298160.0000000000,-137.3343505859
17338034.0000000000,-137.3403015137
17378000.0000000000,-137.4492645264
17418076.0000000000,-137.5564270020
17458226.0000000000,-137.5644989014
17498468.0000000000,-137.6995544434
17538804.0000000000,-137.6995544434
17579232.0000000000,-137.6995544434
17619752.0000000000,-137.6995544434
17660388.0000000000,-137.6995544434
17701096.0000000000,-137.6995544434
17741898.0000000000,-137.6995544434
17782794.0000000000,-137.6995544434
17823784.0000000000,-137.6995544434
17864870.0000000000,-137.6995544434
17906050.0000000000,-137.6995544434
17947344.0000000000,-137.6603240967
17988714.0000000000,-137.6485290527
18030180.0000000000,-137.6485290527
18071740.0000000000,-137.6129302979
18113396.0000000000,-137.6129302979
18155150.0000000000,-137.6129302979
18197018.0000000000,-137.6129302979
18238964.0000000000,-137.5644989014
18281006.0000000000,-137.5644989014
18323144.0000000000,-137.5644989014
18365380.0000000000,-137.5644989014
18407714.0000000000,-137.5644989014
18450146.0000000000,-137.5644989014
18492694.0000000000,-137.5612792969
18535322.0000000000,-137.5612792969
18578046.0000000000,-137.5612792969
18620870.0000000000,-137.5612792969
18663792.0000000000,-137.5612792969
18706814.0000000000,-137.5612792969
18749934.0000000000,-137.5644989014
18793176.0000000000,-137.6129302979
18836496.0000000000,-137.6485290527
18879914.0000000000,-137.6485290527
18923434.0000000000,-137.6485290527
18967054.0000000000,-137.6485290527
19010774.0000000000,-137.6485290527
19054616.0000000000,-137.6129302979
19098538.0000000000,-137.5612792969
19142562.0000000000,-137.4632720947
19186688.0000000000,-137.4536895752
19230914.0000000000,-137.4146728516
19275242.0000000000,-137.3756561279
19319674.0000000000,-137.3756561279
19364228.0000000000,-137.4146728516
19408864.0000000000,-137.4536895752
19453602.0000000000,-137.4632720947
19498444.0000000000,-137.5612792969
19543390.0000000000,-137.5880279541
19588438.0000000000,-137.6129302979
19633612.0000000000,-137.6485290527
19678870.0000000000,-137.6748046875
19724230.0000000000,-137.6794586182
19769696.0000000000,-137.7317962646
19815268.0000000000,-137.8166961670
19860942.0000000000,-137.8338928223
19906724.0000000000,-137.8338928223
19952632.0000000000,-137.8338928223
19998624.0000000000,-137.9301910400
20044722.0000000000,-138.0812988281
20090926.0000000000,-138.1491546631
20137238.0000000000,-138.2096862793
20183656.0000000000,-138.2096862793
20230202.0000000000,-138.2932434082
20276834.0000000000,-138.3060760498
20323574.0000000000,-138.5289154053
20370422.0000000000,-138.5819396973
20417376.0000000000,-138.6480255127
20464440.0000000000,-138.6480255127
20511612.0000000000,-138.6480255127
20558916.0000000000,-138.6480255127
20606306.0000000000,-138.6480255127
20653804.0000000000,-138.6547851563
20701412.0000000000,-138.7031097412
20749130.0000000000,-138.7975463867
20796960.0000000000,-138.8831481934
20844898.0000000000,-138.9527740479
20892970.0000000000,-139.0110626221
20941130.0000000000,-139.1642456055
20989400.0000000000,-139.1648559570
21037782.0000000000,-139.2381286621
21086276.0000000000,-139.2595367432
21134882.0000000000,-139.3203582764
21183622.0000000000,-139.3750610352
21232452.0000000000,-139.3751068115
21281394.0000000000,-139.4589691162
21330448.0000000000,-139.5920715332
21379618.0000000000,-139.4850311279
21428898.0000000000,-139.4850311279
21478294.0000000000,-139.4850311279
21527826.0000000000,-139.5157928467
21577450.0000000000,-139.5157928467
21627188.0000000000,-139.5157928467
21677040.0000000000,-139.5225677490
21727006.0000000000,-139.5920715332
21777088.0000000000,-139.6005706787
21827310.0000000000,-139.9818878174
21877624.0000000000,-139.9818878174
21928054.0000000000,-139.9869232178
21978600.0000000000,-140.0366668701
22029262.0000000000,-140.1589660645
22080040.0000000000,-140.1774902344
22130936.0000000000,-140.2433013916
22181974.0000000000,-140.2433013916
22233106.0000000000,-140.2433013916
22284354.0000000000,-140.3584899902
22335722.0000000000,-140.4614562988
22387206.0000000000,-140.6914215088
22438810.0000000000,-140.6961517334
22490558.0000000000,-140.6961517334
22542400.0000000000,-140.6961517334
22594362.0000000000,-140.6914215088
22646444.0000000000,-140.6665344238
22698646.0000000000,-140.6665344238
22750968.0000000000,-140.6665344238
22803410.0000000000,-140.6665344238
22855998.0000000000,-140.6665344238
22908684.0000000000,-140.6665344238
22961490.0000000000,-140.4614562988
23014418.0000000000,-140.3584899902
23067468.0000000000,-140.2433013916
23120640.0000000000,-140.1774902344
23173934.0000000000,-140.1774902344
23227378.0000000000,-139.9920501709
23280918.0000000000,-139.9869232178
23334582.0000000000,-139.9818878174
23388370.0000000000,-139.7776336670
23442282.0000000000,-139.7776336670
23496318.0000000000,-139.7776336670
23550504.0000000000,-139.7776336670
23604790.0000000000,-139.7776336670
23659200.0000000000,-139.7776336670
23713738.0000000000,-139.7776336670
23768398.0000000000,-139.7776336670
23823186.0000000000,-139.7416992188
23878100.0000000000,-139.7297973633
23933168.0000000000,-139.7297973633
23988336.0000000000,-139.6281738281
24043630.0000000000,-139.5951843262
24099052.0000000000,-139.5951843262
24154602.0000000000,-139.5951843262
24210280.0000000000,-139.5951843262
24266114.0000000000,-139.5951843262
24322048.0000000000,-139.5951843262
24378112.0000000000,-139.5401611328
24434306.0000000000,-139.5068206787
24490628.0000000000,-139.4933929443
24547082.0000000000,-139.4933929443
24603664.0000000000,-139.4933929443
24660404.0000000000,-139.4933929443
24717248.0000000000,-139.4933929443
24774224.0000000000,-139.4152679443
24831330.0000000000,-139.4152679443
24888568.0000000000,-139.4152679443
24945938.0000000000,-139.4152679443
25003440.0000000000,-139.4152679443
25061102.0000000000,-139.4152679443
25118870.0000000000,-139.4152679443
25176770.0000000000,-139.3160858154
25234804.0000000000,-139.3160858154
25292972.0000000000,-139.3160858154
25351274.0000000000,-139.3160858154
25409740.0000000000,-139.3160858154
25468310.0000000000,-139.3160858154
25527016.0000000000,-139.3160858154
25585858.0000000000,-139.3160858154
25644836.0000000000,-139.3160858154
25703948.0000000000,-139.3160858154
25763198.0000000000,-139.3160858154
25822612.0000000000,-139.2912902832
25882136.0000000000,-139.2576751709
25941796.0000000000,-139.2050628662
26001594.0000000000,-139.2050628662
26061528.0000000000,-139.2050628662
26121602.0000000000,-139.2050628662
26181844.0000000000,-139.2576751709
26242194.0000000000,-139.2576751709
26302684.0000000000,-139.2576751709
26363314.0000000000,-139.2576751709
26424084.0000000000,-139.3160858154
26484992.0000000000,-139.3160858154
26546042.0000000000,-139.3160858154
26607262.0000000000,-139.3160858154
26668594.0000000000,-139.3160858154
26730066.0000000000,-139.3160858154
26791682.0000000000,-139.3160858154
26853438.0000000000,-139.5540924072
26915338.0000000000,-139.8594512939
26977408.0000000000,-139.9519348145
27039594.0000000000,-139.9519348145
27101922.0000000000,-139.9519348145
27164394.0000000000,-140.0157623291
27227010.0000000000,-140.0179138184
27289770.0000000000,-140.0179138184
27352674.0000000000,-140.0179138184
27415754.0000000000,-139.9519348145
27478950.0000000000,-139.5453033447
27542290.0000000000,-139.5453033447
27605778.0000000000,-139.3706359863
27669410.0000000000,-139.3706359863
27733190.0000000000,-139.5453033447
27797118.0000000000,-139.8370361328
27861222.0000000000,-139.9519348145
27925444.0000000000,-140.0179138184
27989814.0000000000,-140.0179138184
28054334.0000000000,-140.0179138184
28119000.0000000000,-140.0179138184
28183816.0000000000,-140.0179138184
28248814.0000000000,-140.0179138184
28313930.0000000000,-140.0179138184
28379194.0000000000,-140.0964355469
28444610.0000000000,-140.1316528320
28510178.0000000000,-140.2342987061
28575896.0000000000,-140.2342987061
28641766.0000000000,-140.2342987061
28707818.0000000000,-140.2342987061
28773992.0000000000,-140.2342987061
28840318.0000000000,-140.1316528320
28906796.0000000000,-140.1316528320
28973428.0000000000,-140.1316528320
29040214.0000000000,-140.1316528320
29107186.0000000000,-140.1316528320
29174280.0000000000,-140.1316528320
29241530.0000000000,-140.2342987061
29308932.0000000000,-140.4407043457
29376492.0000000000,-140.4561767578
29444208.0000000000,-140.4676361084
29512078.0000000000,-140.3003387451
29580138.0000000000,-140.2342987061
29648322.0000000000,-140.0964355469
29716664.0000000000,-139.8370361328
29785162.0000000000,-139.7927703857
29853820.0000000000,-139.7020416260
29922634.0000000000,-139.5453033447
29991642.0000000000,-139.5453033447
30060774.0000000000,-139.5453033447
30130066.0000000000,-139.5453033447
30199518.0000000000,-139.7020416260
30269130.0000000000,-139.7020416260
30338904.0000000000,-139.7375640869
30408836.0000000000,-139.7927703857
30478964.0000000000,-139.7927703857
30549220.0000000000,-139.7927703857
30619638.0000000000,-139.7927703857
30690220.0000000000,-139.7927703857
30760962.0000000000,-140.3003387451
30831868.0000000000,-140.3003387451
30902938.0000000000,-140.3003387451
30974206.0000000000,-140.3003387451
31045604.0000000000,-140.3003387451
31117166.0000000000,-140.3003387451
31188892.0000000000,-140.1703491211
31260786.0000000000,-139.7927703857
31332844.0000000000,-139.7375640869
31405102.0000000000,-139.7793273926
31477494.0000000000,-139.7927703857
31550052.0000000000,-140.1703491211
31622776.0000000000,-140.3003387451
31695670.0000000000,-140.4403991699
31768730.0000000000,-140.4403991699
31841960.0000000000,-140.4403991699
31915392.0000000000,-140.4403991699
31988960.0000000000,-140.4403991699
32062696.0000000000,-140.4403991699
32136604.0000000000,-140.4403991699
32210680.0000000000,-140.4249267578
32284928.0000000000,-140.4249267578
32359382.0000000000,-140.4249267578
32433974.0000000000,-140.4403991699
32508736.0000000000,-140.4430541992
32583670.0000000000,-140.5482940674
32658778.0000000000,-140.5482940674
32734060.0000000000,-140.5482940674
32809514.0000000000,-140.5482940674
32885178.0000000000,-140.5482940674
32960980.0000000000,-140.5482940674
33036958.0000000000,-140.5482940674
33113110.0000000000,-140.5482940674
33189438.0000000000,-140.5482940674
33265942.0000000000,-140.4430541992
33342624.0000000000,-140.4403991699
33419516.0000000000,-140.4249267578
33496552.0000000000,-140.2755126953
33573764.0000000000,-140.1703491211
33651152.0000000000,-139.7793273926
33728720.0000000000,-139.7049865723
33806468.0000000000,-139.4046936035
33884432.0000000000,-139.3602447510
33962536.0000000000,-139.3602447510
34040824.0000000000,-139.3602447510
34119292.0000000000,-139.3602447510
34197936.0000000000,-139.3602447510
34276768.0000000000,-139.3602447510
34355776.0000000000,-139.3602447510
34435008.0000000000,-139.3602447510
34514384.0000000000,-139.1840362549
34593940.0000000000,-139.1840362549
34673680.0000000000,-139.1840362549
34753608.0000000000,-139.1840362549
34833716.0000000000,-139.1840362549
34914048.0000000000,-139.1840362549
34994528.0000000000,-139.1840362549
35075192.0000000000,-139.1840362549
35156044.0000000000,-139.1840362549
35237080.0000000000,-139.1840362549
35318304.0000000000,-139.1840362549
35399716.0000000000,-139.1840362549
35481356.0000000000,-139.1840362549
35563140.0000000000,-139.1840362549
35645116.0000000000,-139.1840362549
35727280.0000000000,-139.1840362549
35809636.0000000000,-139.1840362549
35892180.0000000000,-139.1840362549
35974952.0000000000,-139.1840362549
36057876.0000000000,-139.2502746582
36140992.0000000000,-139.3602447510
36224300.0000000000,-139.4046936035
36307800.0000000000,-139.5277099609
36391492.0000000000,-139.5773315430
36475376.0000000000,-139.5832977295
36559496.0000000000,-139.5832977295
36643768.0000000000,-139.5832977295
36728236.0000000000,-139.5832977295
36812896.0000000000,-139.5832977295
36897752.0000000000,-139.5832977295
36982804.0000000000,-139.5832977295
37068052.0000000000,-139.8905792236
37153536.0000000000,-140.0481567383
37239180.0000000000,-140.4328155518
37325020.0000000000,-140.6907348633
37411056.0000000000,-140.6916809082
37497292.0000000000,-140.7102508545
37583724.0000000000,-140.7102508545
37670400.0000000000,-140.7102508545
37757232.0000000000,-140.7102508545
37844264.0000000000,-140.7102508545
37931500.0000000000,-140.7102508545
38018932.0000000000,-140.7102508545
38106568.0000000000,-140.7102508545
38194408.0000000000,-140.6916809082
38282492.0000000000,-140.6907348633
38370736.0000000000,-140.6907348633
38459180.0000000000,-140.6907348633
38547832.0000000000,-140.6907348633
38636688.0000000000,-140.6907348633
38725748.0000000000,-140.6907348633
38815056.0000000000,-140.6907348633
38904528.0000000000,-140.6907348633
38994204.0000000000,-140.6907348633
39084092.0000000000,-140.6907348633
39174180.0000000000,-140.6916809082
39264480.0000000000,-141.0072326660
39354988.0000000000,-141.1065826416
39445748.0000000000,-141.1822814941
39536672.0000000000,-141.2306060791
39627808.0000000000,-141.2306060791
39719152.0000000000,-141.2306060791
39810708.0000000000,-141.2306060791
39902476.0000000000,-141.2306060791
39994496.0000000000,-141.4058074951
40086688.0000000000,-141.5122222900
40179088.0000000000,-141.7606658936
40271704.0000000000,-141.9603576660
40364536.0000000000,-142.0228729248
40457576.0000000000,-142.4219818115
40550836.0000000000,-142.6522216797
40644352.0000000000,-142.8078308105
40738040.0000000000,-142.8252105713
40831944.0000000000,-143.1028594971
40926064.0000000000,-143.3752593994
41020404.0000000000,-143.8435516357
41114956.0000000000,-144.0722198486
41209732.0000000000,-144.0955505371
41304768.0000000000,-144.7905273438
41399976.0000000000,-144.8311157227
41495408.0000000000,-145.0571899414
41591056.0000000000,-145.1084594727
41686928.0000000000,-145.2391204834
41783020.0000000000,-145.3731231689
41879376.0000000000,-145.4058532715
41975912.0000000000,-145.4058532715
42072668.0000000000,-145.4058532715
42169652.0000000000,-145.4058532715
42266856.0000000000,-145.4058532715
42364284.0000000000,-145.4058532715
42461936.0000000000,-145.4058532715
42559860.0000000000,-145.4058532715
42657964.0000000000,-145.4058532715
42756292.0000000000,-145.4058532715
42854848.0000000000,-145.4058532715
42953632.0000000000,-145.4058532715
43052644.0000000000,-145.4058532715
43151932.0000000000,-145.4058532715
43251400.0000000000,-145.4058532715
43351096.0000000000,-145.4058532715
43451024.0000000000,-145.4058532715
43551180.0000000000,-145.4058532715
43651568.0000000000,-145.2391204834
43752188.0000000000,-145.0571899414
43853088.0000000000,-144.7905273438
43954176.0000000000,-144.7038726807
44055492.0000000000,-144.6540832520
44157044.0000000000,-144.5824737549
44258828.0000000000,-144.3351745605
44360848.0000000000,-144.2949218750
44463104.0000000000,-144.0830841064
44565644.0000000000,-143.8856658936
44668368.0000000000,-143.6399688721
44771332.0000000000,-143.2810821533
44874532.0000000000,-143.1420745850
44977972.0000000000,-142.5360717773
45081652.0000000000,-141.9612731934
45185616.0000000000,-141.6200714111
45289772.0000000000,-141.6200714111
45394168.0000000000,-141.6200714111
45498804.0000000000,-141.6200714111
45603684.0000000000,-141.5929870605
45708804.0000000000,-141.5079956055
45814164.0000000000,-141.4984741211
45919820.0000000000,-141.4984741211
46025668.0000000000,-141.4984741211
46131760.0000000000,-141.4984741211
46238100.0000000000,-141.4984741211
46344680.0000000000,-141.4984741211
46451508.0000000000,-141.4984741211
46558632.0000000000,-141.4984741211
46665956.0000000000,-141.5079956055
46773524.0000000000,-141.5587463379
46881340.0000000000,-141.5929870605
46989404.0000000000,-141.5929870605
47097716.0000000000,-141.5929870605
47206280.0000000000,-141.6200714111
47315148.0000000000,-141.6355895996
47424212.0000000000,-141.6912231445
47533528.0000000000,-141.6912231445
47643096.0000000000,-141.6912231445
47752916.0000000000,-141.6355895996
47862992.0000000000,-141.6355895996
47973372.0000000000,-141.6355895996
48083952.0000000000,-141.6355895996
48194788.0000000000,-141.6355895996
48305880.0000000000,-141.6912231445
48417232.0000000000,-141.7547302246
48528836.0000000000,-141.8641815186
48640696.0000000000,-142.0468902588
48752872.0000000000,-142.0800781250
48865252.0000000000,-142.1582641602
48977888.0000000000,-142.4216003418
49090784.0000000000,-142.4277801514
49203944.0000000000,-142.5946502686
49317364.0000000000,-142.9316711426
49431044.0000000000,-143.3253021240
49545040.0000000000,-143.3253021240
49659244.0000000000,-143.3253021240
49773712.0000000000,-143.3253021240
49888444.0000000000,-143.3253021240
50003440.0000000000,-143.3253021240
50118700.0000000000,-143.3717956543
50234284.0000000000,-143.5550689697
50350076.0000000000,-143.5827331543
50466136.0000000000,-143.9240264893
50582464.0000000000,-143.9240264893
50699060.0000000000,-143.9240264893
50815928.0000000000,-143.9240264893
50933060.0000000000,-143.5827331543
51050520.0000000000,-143.5827331543
51168196.0000000000,-143.5550689697
51286144.0000000000,-143.5550689697
51404360.0000000000,-143.5550689697
51522852.0000000000,-143.5550689697
51641616.0000000000,-143.5550689697
51760712.0000000000,-143.5550689697
51880024.0000000000,-143.5550689697
51999608.0000000000,-143.5550689697
52119472.0000000000,-143.5550689697
52239612.0000000000,-143.5550689697
52360028.0000000000,-143.5550689697
52480720.0000000000,-143.5550689697
52601752.0000000000,-143.5550689697
52723000.0000000000,-143.5550689697
52844532.0000000000,-143.4404754639
52966340.0000000000,-143.3608856201
53088432.0000000000,-142.7527770996
53210804.0000000000,-142.7465667725
53333520.0000000000,-142.7465667725
53456456.0000000000,-142.7465667725
53579676.0000000000,-142.7465667725
53703180.0000000000,-142.7465667725
53826972.0000000000,-142.7465667725
53951048.0000000000,-142.7221069336
54075408.0000000000,-142.6720275879
54200116.0000000000,-142.6349945068
54325048.0000000000,-142.4740142822
54450272.0000000000,-142.4740142822
54575784.0000000000,-142.4740142822
54701584.0000000000,-142.4740142822
54827676.0000000000,-142.4740142822
54954060.0000000000,-142.2870178223
55080792.0000000000,-142.1798858643
55207756.0000000000,-142.0046997070
55335016.0000000000,-141.7229003906
55462564.0000000000,-141.5620880127
55590412.0000000000,-141.5591735840
55718552.0000000000,-141.4702606201
55847048.0000000000,-141.4045257568
55975780.0000000000,-141.2427978516
56104808.0000000000,-141.1786193848
56234132.0000000000,-141.0490722656
56363756.0000000000,-141.0490722656
56493680.0000000000,-141.0490722656
56623900.0000000000,-141.0490722656
56754484.0000000000,-141.0490722656
56885308.0000000000,-141.0490722656
57016432.0000000000,-140.7473297119
57147860.0000000000,-140.7164306641
57279588.0000000000,-140.6815948486
57411624.0000000000,-140.6730041504
57544024.0000000000,-140.6730041504
57676668.0000000000,-140.6730041504
57809616.0000000000,-140.6730041504
57942872.0000000000,-140.6815948486
58076432.0000000000,-140.7164306641
58210304.0000000000,-140.7473297119
58344484.0000000000,-140.7473297119
58479036.0000000000,-140.7473297119
58613832.0000000000,-140.7473297119
58748944.0000000000,-140.6815948486
58884364.0000000000,-140.6815948486
59020096.0000000000,-140.6815948486
59156140.0000000000,-140.6815948486
59292500.0000000000,-140.6815948486
59429240.0000000000,-140.7473297119
59566228.0000000000,-140.7602844238
59703532.0000000000,-140.7602844238
59841152.0000000000,-140.7602844238
59979092.0000000000,-140.7602844238
60117348.0000000000,-140.9378204346
60255988.0000000000,-141.0482940674
60394884.0000000000,-141.0482940674
60534096.0000000000,-141.0482940674
60673632.0000000000,-141.0482940674
60813488.0000000000,-141.2136688232
60953668.0000000000,-141.2598571777
61094172.0000000000,-141.3813476563
61235064.0000000000,-141.4375610352
61376216.0000000000,-141.5763549805
61517692.0000000000,-141.5763549805
61659496.0000000000,-141.5763549805
61801624.0000000000,-141.5763549805
61944080.0000000000,-141.5763549805
62086936.0000000000,-141.5763549805
62230048.0000000000,-141.6996154785
62373496.0000000000,-142.1758880615
62517268.0000000000,-142.1807250977
62661376.0000000000,-142.1807250977
62805816.0000000000,-142.1807250977
62950588.0000000000,-142.2561798096
63095764.0000000000,-142.4335632324
63241204.0000000000,-142.5186157227
63386976.0000000000,-142.5186157227
63533088.0000000000,-142.5186157227
63679536.0000000000,-142.5186157227
63826324.0000000000,-142.5186157227
63973516.0000000000,-142.6133575439
64120980.0000000000,-142.6365509033
64268784.0000000000,-142.6365509033
64416928.0000000000,-142.6365509033
64565416.0000000000,-142.6365509033
64714244.0000000000,-142.6499938965
64863412.0000000000,-142.7391204834
65013000.0000000000,-142.9116363525
65162860.0000000000,-142.9116363525
65313064.0000000000,-142.7391204834
65463616.0000000000,-142.6499938965
65614512.0000000000,-142.7391204834
65765760.0000000000,-142.9116363525
65917356.0000000000,-143.1000823975
66069372.0000000000,-143.1142578125
66221664.0000000000,-143.1142578125
66374312.0000000000,-143.1142578125
66527308.0000000000,-143.1000823975
66680660.0000000000,-142.9116363525
66834364.0000000000,-142.7391204834
66988492.0000000000,-142.7391204834
67142904.0000000000,-142.6499938965
67297680.0000000000,-142.6499938965
67452800.0000000000,-142.6499938965
67608288.0000000000,-142.7391204834
67764128.0000000000,-143.1000823975
67920328.0000000000,-143.1142578125
68076968.0000000000,-143.1142578125
68233888.0000000000,-143.1142578125
68391168.0000000000,-143.1142578125
68548816.0000000000,-143.1000823975
68706824.0000000000,-143.1000823975
68865200.0000000000,-143.1651763916
69024016.0000000000,-143.8653564453
69183120.0000000000,-144.1952209473
69342592.0000000000,-143.8653564453
69502432.0000000000,-143.3645324707
69662640.0000000000,-143.1651763916
69823216.0000000000,-143.1651763916
69984168.0000000000,-143.1651763916
70145560.0000000000,-143.1000823975
70307248.0000000000,-142.8025665283
70469312.0000000000,-142.7815093994
70631752.0000000000,-142.8025665283
70794560.0000000000,-143.1000823975
70957752.0000000000,-143.1651763916
71121392.0000000000,-143.1651763916
71285328.0000000000,-143.1651763916
71449648.0000000000,-143.1651763916
71614344.0000000000,-143.1000823975
71779424.0000000000,-143.1000823975
71944880.0000000000,-143.1000823975
72110712.0000000000,-142.8025665283
72277016.0000000000,-142.8025665283
72443616.0000000000,-142.7815093994
72610608.0000000000,-142.4958343506
72777976.0000000000,-142.7815093994
72945736.0000000000,-142.8025665283
73113880.0000000000,-143.2904815674
73282416.0000000000,-143.3416900635
73451416.0000000000,-143.3645324707
73620728.0000000000,-143.3645324707
73790432.0000000000,-143.3645324707
73960520.0000000000,-143.3416900635
74131008.0000000000,-143.3416900635
74301880.0000000000,-143.3416900635
74473232.0000000000,-143.2904815674
74644904.0000000000,-142.8025665283
74816960.0000000000,-142.8025665283
74989424.0000000000,-143.2904815674
75162280.0000000000,-143.3416900635
75335528.0000000000,-143.3645324707
75509184.0000000000,-143.3645324707
75683320.0000000000,-143.3416900635
75857776.0000000000,-143.2904815674
76032632.0000000000,-142.8025665283
76207896.0000000000,-142.4150848389
76383560.0000000000,-142.4150848389
76559632.0000000000,-142.3916015625
76736192.0000000000,-142.3076019287
76913072.0000000000,-142.2579650879
77090360.0000000000,-142.3076019287
77268064.0000000000,-142.3916015625
77446168.0000000000,-142.3916015625
77624688.0000000000,-142.3076019287
77803616.0000000000,-142.2579650879
77983048.0000000000,-142.2579650879
78162800.0000000000,-142.2095794678
78342976.0000000000,-142.1035003662
78523560.0000000000,-141.8137359619
78704560.0000000000,-141.7348327637
78885984.0000000000,-141.7348327637
79067816.0000000000,-141.7348327637
79250160.0000000000,-141.7348327637
79432840.0000000000,-141.7348327637
79615936.0000000000,-141.7001647949
79799456.0000000000,-141.7001647949
79983400.0000000000,-141.6388702393
80167768.0000000000,-141.6388702393
80352648.0000000000,-141.6388702393
80537872.0000000000,-141.6388702393
80723512.0000000000,-141.6388702393
80909592.0000000000,-141.7001647949
81096088.0000000000,-141.7348327637
81283024.0000000000,-141.7001647949
81470384.0000000000,-141.6388702393
81658272.0000000000,-141.4793701172
81846496.0000000000,-141.4085845947
82035160.0000000000,-141.4085845947
82224256.0000000000,-141.4085845947
82413792.0000000000,-141.4085845947
82603760.0000000000,-141.4085845947
82794256.0000000000,-141.4085845947
82985104.0000000000,-141.6388702393
83176392.0000000000,-141.7001647949
83368120.0000000000,-141.7001647949
83560288.0000000000,-141.7001647949
83752904.0000000000,-141.7001647949
83945960.0000000000,-141.7001647949
84139552.0000000000,-141.7001647949
84333496.0000000000,-141.7348327637
84527896.0000000000,-141.7348327637
84722736.0000000000,-141.7348327637
84918032.0000000000,-141.7001647949
85113768.0000000000,-141.4407958984
85310056.0000000000,-141.7348327637
85506704.0000000000,-141.9553375244
85703800.0000000000,-141.9019470215
85901352.0000000000,-141.9019470215
86099360.0000000000,-141.9019470215
86297832.0000000000,-141.9019470215
86496752.0000000000,-141.9019470215
86696224.0000000000,-141.9019470215
86896072.0000000000,-141.9019470215
87096368.0000000000,-141.9019470215
87297136.0000000000,-141.9019470215
87498360.0000000000,-141.9019470215
87700048.0000000000,-141.9019470215
87902208.0000000000,-141.9019470215
88104920.0000000000,-141.9019470215
88308008.0000000000,-141.9019470215
88511568.0000000000,-141.9019470215
88715592.0000000000,-141.9019470215
88920088.0000000000,-141.9019470215
89125056.0000000000,-141.4407958984
89330592.0000000000,-141.4407958984
89536504.0000000000,-141.9019470215
89742896.0000000000,-142.6669769287
89949760.0000000000,-142.9567413330
90157096.0000000000,-142.6669769287
90364920.0000000000,-142.0815124512
90573216.0000000000,-141.9019470215
90782088.0000000000,-141.8288421631
90991352.0000000000,-141.8288421631
91201088.0000000000,-141.8288421631
91411320.0000000000,-141.8288421631
91622024.0000000000,-141.9019470215
91833224.0000000000,-142.0815124512
92045008.0000000000,-142.0815124512
92257176.0000000000,-142.0815124512
92469832.0000000000,-142.0815124512
92682984.0000000000,-141.9019470215
92896624.0000000000,-141.9019470215
93110760.0000000000,-141.9019470215
93325384.0000000000,-142.0815124512
93540608.0000000000,-142.1736145020
93756224.0000000000,-142.1736145020
93972344.0000000000,-142.1736145020
94188952.0000000000,-142.2003021240
94406064.0000000000,-142.2003021240
94623680.0000000000,-142.2003021240
94841896.0000000000,-142.4541015625
95060512.0000000000,-142.9598846436
95279640.0000000000,-142.9598846436
95499264.0000000000,-142.9598846436
95719392.0000000000,-142.7575531006
95940032.0000000000,-142.5755157471
96161184.0000000000,-142.5755157471
96382952.0000000000,-142.6792755127
96605120.0000000000,-142.7575531006
96827800.0000000000,-142.7575531006
97050992.0000000000,-142.7575531006
97274704.0000000000,-142.6792755127
97498928.0000000000,-142.5755157471
97723672.0000000000,-142.5755157471
97949040.0000000000,-142.6792755127
98174816.0000000000,-142.7575531006
98401120.0000000000,-142.6792755127
98627936.0000000000,-142.5755157471
98855280.0000000000,-142.5755157471
99083152.0000000000,-142.5755157471
99311656.0000000000,-142.5755157471
99540576.0000000000,-142.5755157471
99770024.0000000000,-142.5755157471
100000000.0000000000,-142.5755157471
