Type,FSWP-50
Version,3.02SP1
Date,03.Jul 2026
VSupply,ON
Mode,Voltage
Voltage Set,0.6000000000,V
Voltage Min,0.0000000000,V
Voltage Max,0.6500000000,V
Voltage Meas,0.6034488538,V
Current Max,20.0000000000,mA
Current Meas,17.3529411765,mA
VTune,OFF
Voltage Set,0.0000000000,V
Voltage Min,0.0000000000,V
Voltage Max,0.0100000000,V
Voltage Meas,-0.0193351463,V
Current Max,20.0000000000,mA
Current Meas,0.1530778697,mA
VAux,OFF
Voltage Set,0.0000000000,V
Voltage Min,-10.0000000000,V
Voltage Max,10.0000000000,V
Voltage Meas,-0.0047880769,V
Current Max,100.0000000000,mA
Current Meas,-0.0803188086,mA
Mode,Phase Noise
Measurement,Phase Noise
Input,RF
RF Att,0.0000000000,dB
Coupling,AC
RBW,2.0000000000,%
XCORR Factor,1000
XCORR Optimize,ON
Estimated Meas Time,3.7457527981,s
Sweep Count,5
Signal Frequency,23942043164.7532730103,Hz
Signal Level,-15.1503000000,dBm
Start,10000.0000000000,Hz
Stop,100000000.0000000000,Hz
SubSweep,1
Start,10000.0000000000,Hz
Stop,30000.0000000000,Hz
RBW,600.0000000000,Hz
XCORR Count,1000
SubSweep,2
Start,30000.0000000000,Hz
Stop,100000.0000000000,Hz
RBW,600.0000000000,Hz
XCORR Count,1000
SubSweep,3
Start,100000.0000000000,Hz
Stop,300000.0000000000,Hz
RBW,2000.0000000000,Hz
XCORR Count,3300
SubSweep,4
Start,300000.0000000000,Hz
Stop,1000000.0000000000,Hz
RBW,6000.0000000000,Hz
XCORR Count,10000
SubSweep,5
Start,1000000.0000000000,Hz
Stop,3000000.0000000000,Hz
RBW,20000.0000000000,Hz
XCORR Count,10000
SubSweep,6
Start,3000000.0000000000,Hz
Stop,10000000.0000000000,Hz
RBW,60000.0000000000,Hz
XCORR Count,10000
SubSweep,7
Start,10000000.0000000000,Hz
Stop,30000000.0000000000,Hz
RBW,200000.0000000000,Hz
XCORR Count,10000
SubSweep,8
Start,30000000.0000000000,Hz
Stop,100000000.0000000000,Hz
RBW,600000.0000000000,Hz
XCORR Count,10000
Integrated Measurements Range,1
Start,10000.0000000000,Hz
Stop,100000000.0000000000,Hz
Weighting,OFF
Integrated Measurements Range,2
Start,10000.0000000000,Hz
Stop,100000000.0000000000,Hz
Weighting,OFF
Integrated Measurements Range,3
Start,10000.0000000000,Hz
Stop,100000000.0000000000,Hz
Weighting,OFF
Integrated Measurements Range,4
Start,10000.0000000000,Hz
Stop,100000000.0000000000,Hz
Weighting,OFF
Integrated Measurements Range,5
Start,10000.0000000000,Hz
Stop,100000000.0000000000,Hz
Weighting,OFF
Integrated Measurements Range,6
Start,10000.0000000000,Hz
Stop,100000000.0000000000,Hz
Weighting,OFF
Integrated Measurements Range,7
Start,10000.0000000000,Hz
Stop,100000000.0000000000,Hz
Weighting,OFF
Integrated Measurements Range,8
Start,10000.0000000000,Hz
Stop,100000000.0000000000,Hz
Weighting,OFF
Integrated Measurements Range,9
Start,10000.0000000000,Hz
Stop,100000000.0000000000,Hz
Weighting,OFF
Integrated Measurements Range,10
Start,10000.0000000000,Hz
Stop,100000000.0000000000,Hz
Weighting,OFF
Spot Noise Decade Edges,OFF
Spot Noise User Defined,ON
Spot Noise User Defined Offset,1
State,OFF
Offset,1000.0000000000,Hz
Spot Noise User Defined Offset,2
State,OFF
Offset,10000.0000000000,Hz
Spot Noise User Defined Offset,3
State,ON
Offset,100000.0000000000,Hz
Spot Noise User Defined Offset,4
State,ON
Offset,1000000.0000000000,Hz
Spot Noise User Defined Offset,5
State,ON
Offset,10000000.0000000000,Hz
Spot Noise User Defined Offset,6
State,OFF
Offset,100000000.0000000000,Hz
Window,1,Noise Spectrum
Trace,1
Trace Mode,CLR/WRITE
Trace Result,PN
Smoothing,ON
Smoothing Value,1.0000000000,%
Spurious Removal,ON
Spurious Removal Threshold,6.0000000000,dB
Trace Offset,OFF
Trace Offset,0.0000000000,dB
Trace Label,OFF
Trace Label,Trace 1
x-Unit,Hz
y-Unit,dBc/Hz
Values,4001
10000.0000000000,-53.0324897766
10023.0507812500,-53.0762634277
10046.1542968750,-53.1200370789
10069.3115234375,-53.1638069153
10092.5332031250,-53.2165145874
10115.7968750000,-53.2698059082
10139.1152343750,-53.3231010437
10162.4863281250,-53.3763923645
10185.9111328125,-53.4323844910
10209.3906250000,-53.4904022217
10232.9355468750,-53.5484466553
10256.5234375000,-53.6064643860
10280.1650390625,-53.6639022827
10303.8613281250,-53.7196006775
10327.6123046875,-53.7753028870
10351.4189453125,-53.8310050964
10375.2792968750,-53.8867034912
10399.2060546875,-53.9338188171
10423.1777343750,-53.9806556702
10447.2031250000,-54.0274887085
10471.2851562500,-54.0743255615
10495.4218750000,-54.1118431091
10519.6152343750,-54.1459808350
10543.8632812500,-54.1801185608
10568.1787109375,-54.2142715454
10592.5400390625,-54.2415351868
10616.9560546875,-54.2628974915
10641.4287109375,-54.2842559814
10665.9580078125,-54.3056182861
10690.5439453125,-54.3233985901
10715.1982421875,-54.3353919983
10739.8974609375,-54.3473777771
10764.6533203125,-54.3593635559
10789.4667968750,-54.3702621460
10814.3378906250,-54.3781509399
10839.2656250000,-54.3860397339
10864.2509765625,-54.3939247131
10889.3056640625,-54.4019432068
10914.4062500000,-54.4105072021
10939.5644531250,-54.4190673828
10964.7812500000,-54.4276313782
10990.0556640625,-54.4366912842
11015.3886718750,-54.4486351013
11040.7919921875,-54.4605789185
11066.2412109375,-54.4725227356
11091.7500000000,-54.4850997925
11117.3173828125,-54.5014343262
11142.9433593750,-54.5177688599
11168.6289062500,-54.5341072083
11194.3730468750,-54.5513801575
11220.1894531250,-54.5729827881
11246.0527343750,-54.5945777893
11271.9755859375,-54.6161727905
11297.9580078125,-54.6393699646
11324.0009765625,-54.6674156189
11350.1035156250,-54.6954650879
11376.2792968750,-54.7235260010
11402.5019531250,-54.7538490295
11428.7861328125,-54.7883338928
11455.1298828125,-54.8228187561
11481.5351562500,-54.8573074341
11508.0000000000,-54.8935089111
11534.5273437500,-54.9314765930
11561.1279296875,-54.9694633484
11587.7773437500,-55.0074348450
11614.4873046875,-55.0443611145
11641.2597656250,-55.0807723999
11668.0937500000,-55.1171798706
11694.9892578125,-55.1535873413
11721.9472656250,-55.1856231689
11748.9804687500,-55.2170333862
11776.0625000000,-55.2484283447
11803.2070312500,-55.2793884277
11830.4140625000,-55.3069343567
11857.6845703125,-55.3344764709
11885.0166015625,-55.3620185852
11912.4257812500,-55.3898735046
11939.8847656250,-55.4181900024
11967.4072265625,-55.4465026855
11994.9931640625,-55.4748153687
12022.6425781250,-55.5062866211
12050.3554687500,-55.5391807556
12078.1318359375,-55.5720710754
12105.9863281250,-55.6050872803
12133.8916015625,-55.6424217224
12161.8613281250,-55.6797523499
12189.8955078125,-55.7170867920
12217.9931640625,-55.7547912598
12246.1572265625,-55.7930831909
12274.3984375000,-55.8313941956
12302.6923828125,-55.8696899414
12331.0507812500,-55.9058570862
12359.4746093750,-55.9414482117
12387.9638671875,-55.9770393372
12416.5195312500,-56.0117912292
12445.1396484375,-56.0433883667
12473.8408203125,-56.0750007629
12502.5937500000,-56.1066017151
12531.4130859375,-56.1362457275
12560.2988281250,-56.1649093628
12589.2509765625,-56.1935768127
12618.2705078125,-56.2220573425
12647.3701171875,-56.2494850159
12676.5234375000,-56.2768974304
12705.7441406250,-56.3043136597
12735.0312500000,-56.3316154480
12764.3867187500,-56.3588600159
12793.8095703125,-56.3861045837
12823.2998046875,-56.4134750366
12852.8730468750,-56.4413642883
12882.4990234375,-56.4692420959
12912.1943359375,-56.4971160889
12941.9580078125,-56.5266113281
12971.7900390625,-56.5565948486
13001.6914062500,-56.5865783691
13031.6611328125,-56.6180572510
13061.7138671875,-56.6521987915
13091.8222656250,-56.6863212585
13122.0000000000,-56.7204475403
13152.2470703125,-56.7594680786
13182.5634765625,-56.7985763550
13212.9501953125,-56.8376922607
13243.4218750000,-56.8784866333
13273.9492187500,-56.9202499390
13304.5468750000,-56.9620132446
13335.2138671875,-57.0029144287
13365.9531250000,-57.0418052673
13396.7626953125,-57.0806922913
13427.6425781250,-57.1195831299
13458.6093750000,-57.1498336792
13489.6328125000,-57.1800498962
13520.7265625000,-57.2102584839
13551.8935546875,-57.2325592041
13583.1308593750,-57.2517738342
13614.4414062500,-57.2709884644
13645.8388671875,-57.2861328125
13677.2929687500,-57.2966003418
13708.8203125000,-57.3070716858
13740.4199218750,-57.3164825439
13772.0927734375,-57.3225021362
13803.8388671875,-57.3285217285
13835.6572265625,-57.3344993591
13867.5644531250,-57.3392486572
13899.5302734375,-57.3439979553
13931.5693359375,-57.3487472534
13963.6826171875,-57.3537597656
13995.8701171875,-57.3588142395
14028.1318359375,-57.3638687134
14060.4677734375,-57.3705482483
14092.8935546875,-57.3779487610
14125.3789062500,-57.3853492737
14157.9384765625,-57.3963356018
14190.5732421875,-57.4101867676
14223.2841796875,-57.4240341187
14256.0693359375,-57.4428749084
14288.9462890625,-57.4680023193
14321.8837890625,-57.4931221008
14354.8964843750,-57.5228500366
14387.9853515625,-57.5610618591
14421.1503906250,-57.5992736816
14454.3925781250,-57.6400451660
14487.7109375000,-57.6873168945
14521.1220703125,-57.7346076965
14554.5947265625,-57.7819213867
14588.1435546875,-57.8293685913
14621.7705078125,-57.8768196106
14655.4746093750,-57.9225463867
14689.2568359375,-57.9617195129
14723.1328125000,-58.0009155273
14757.0703125000,-58.0379028320
14791.0869140625,-58.0663261414
14825.1806640625,-58.0947456360
14859.3544921875,-58.1217193604
14893.6054687500,-58.1435050964
14927.9365234375,-58.1652946472
14962.3632812500,-58.1869926453
14996.8525390625,-58.2083816528
15031.4208984375,-58.2297706604
15066.0693359375,-58.2522468567
15100.7978515625,-58.2771568298
15135.6064453125,-58.3020668030
15170.5117187500,-58.3287467957
15205.4804687500,-58.3582305908
15240.5302734375,-58.3877143860
15275.6611328125,-58.4194717407
15310.8730468750,-58.4536895752
15346.1650390625,-58.4879074097
15381.5390625000,-58.5251541138
15417.0117187500,-58.5644874573
15452.5488281250,-58.6038017273
15488.1679687500,-58.6465225220
15523.8691406250,-58.6905174255
15559.6533203125,-58.7345123291
15595.5195312500,-58.7802505493
15631.4677734375,-58.8262290955
15667.5166015625,-58.8720664978
15703.6318359375,-58.9148826599
15739.8300781250,-58.9576950073
15776.1113281250,-58.9983444214
15812.4765625000,-59.0321350098
15848.9248046875,-59.0659255981
15885.4755859375,-59.0940628052
15922.0927734375,-59.1151695251
15958.7939453125,-59.1362762451
15995.5800781250,-59.1494903564
16032.4511718750,-59.1588439941
16069.4072265625,-59.1681976318
16106.4482421875,-59.1719055176
16143.5927734375,-59.1750831604
16180.8046875000,-59.1785469055
16218.1025390625,-59.1833534241
16255.4863281250,-59.1881637573
16292.9560546875,-59.1967773438
16330.5126953125,-59.2100296021
16368.1738281250,-59.2232818604
16405.9042968750,-59.2454185486
16443.7207031250,-59.2705802917
16481.6250000000,-59.2963638306
16519.6152343750,-59.3324966431
16557.6953125000,-59.3686332703
16595.8613281250,-59.4069671631
16634.1347656250,-59.4488601685
16672.4765625000,-59.4907302856
16710.9082031250,-59.5312347412
16749.4277343750,-59.5712242126
16788.0371093750,-59.6104927063
16826.7343750000,-59.6421928406
16865.5390625000,-59.6739082336
16904.4160156250,-59.7008285522
16943.3808593750,-59.7222175598
16982.4375000000,-59.7436065674
17021.5820312500,-59.7581062317
17060.8183593750,-59.7714347839
17100.1445312500,-59.7835388184
17139.5820312500,-59.7921829224
17179.0898437500,-59.8008270264
17218.6875000000,-59.8074913025
17258.3789062500,-59.8132400513
17298.1601562500,-59.8187294006
17338.0332031250,-59.8223114014
17378.0000000000,-59.8258934021
17418.0761718750,-59.8295440674
17458.2265625000,-59.8332366943
17498.4687500000,-59.8371543884
17538.8027343750,-59.8461494446
17579.2324218750,-59.8551406860
17619.7519531250,-59.8702354431
17660.3867187500,-59.8908653259
17701.0957031250,-59.9118270874
17741.8984375000,-59.9480590820
17782.7949218750,-59.9842872620
17823.7851562500,-60.0284767151
17864.8691406250,-60.0796318054
17906.0488281250,-60.1313591003
17947.3437500000,-60.1923789978
17988.7148437500,-60.2533683777
18030.1796875000,-60.3157424927
18071.7402343750,-60.3790550232
18113.3964843750,-60.4414978027
18155.1484375000,-60.4990425110
18197.0175781250,-60.5566177368
18238.9628906250,-60.6044158936
18281.0058593750,-60.6381301880
18323.1445312500,-60.6390724182
18365.3808593750,-60.6483879089
18407.7148437500,-60.6492424011
18450.1445312500,-60.6510467529
18492.6953125000,-60.6619300842
18535.3222656250,-60.6656341553
18578.0468750000,-60.6823120117
18620.8710937500,-60.6863975525
18663.7929687500,-60.7026939392
18706.8144531250,-60.7072753906
18749.9355468750,-60.7104187012
18793.1757812500,-60.7186012268
18836.4941406250,-60.7338943481
18879.9140625000,-60.7344398499
18923.4335937500,-60.7387084961
18967.0546875000,-60.7405967712
19010.7734375000,-60.7489089966
19054.6171875000,-60.8085289001
19098.5390625000,-60.8747711182
19142.5625000000,-60.9457511902
19186.6875000000,-61.0234565735
19230.9140625000,-61.1005516052
19275.2421875000,-61.1727218628
19319.6738281250,-61.2448959351
19364.2285156250,-61.3025207520
19408.8632812500,-61.3568572998
19453.6015625000,-61.4009056091
19498.4433593750,-61.4361152649
19543.3886718750,-61.4683532715
19588.4375000000,-61.4925498962
19633.6132812500,-61.5167388916
19678.8691406250,-61.5396690369
19724.2304687500,-61.5626029968
19769.6972656250,-61.5882720947
19815.2675781250,-61.6147613525
19860.9433593750,-61.6428070068
19906.7226562500,-61.6721954346
19952.6328125000,-61.7019157410
19998.6250000000,-61.7323112488
20044.7226562500,-61.7629470825
20090.9277343750,-61.7956161499
20137.2382812500,-61.8282852173
20183.6562500000,-61.8677101135
20230.2031250000,-61.9078559875
20276.8339843750,-61.9574623108
20323.5742187500,-62.0107879639
20370.4218750000,-62.0720100403
20417.3769531250,-62.1399230957
20464.4394531250,-62.2110252380
20511.6113281250,-62.2874565125
20558.9160156250,-62.3630523682
20606.3046875000,-62.4355163574
20653.8046875000,-62.5066719055
20701.4121093750,-62.5247421265
20749.1308593750,-62.5267257690
20796.9589843750,-62.5285110474
20844.8984375000,-62.5392417908
20892.9687500000,-62.5464782715
20941.1289062500,-62.5574760437
20989.4003906250,-62.5617065430
21037.7812500000,-62.5675773621
21086.2753906250,-62.5798225403
21134.8808593750,-62.5988655090
21183.6210937500,-62.6052093506
21232.4511718750,-62.6167449951
21281.3945312500,-62.6295661926
21330.4492187500,-62.6298599243
21379.6171875000,-62.6480140686
21428.8984375000,-62.6528358459
21478.2929687500,-62.6596107483
21527.8261718750,-62.6720123291
21577.4492187500,-62.6777992249
21627.1875000000,-62.6850242615
21677.0390625000,-62.6871757507
21727.0058593750,-62.6874771118
21777.0878906250,-62.6926536560
21827.3105468750,-62.7030143738
21877.6230468750,-62.7171707153
21928.0527343750,-62.7203788757
21978.5996093750,-62.7238540649
22029.2617187500,-62.7293472290
22080.0410156250,-62.7369575500
22130.9355468750,-62.7614364624
22181.9746093750,-62.7888145447
22233.1054687500,-62.8384017944
22284.3535156250,-62.8901329041
22335.7207031250,-62.9566383362
22387.2070312500,-63.0231666565
22438.8105468750,-63.0898437500
22490.5585937500,-63.1539230347
22542.4003906250,-63.2058982849
22594.3632812500,-63.2536430359
22646.4433593750,-63.2862205505
22698.6464843750,-63.3154411316
22750.9667968750,-63.3354148865
22803.4101562500,-63.3555030823
22855.9980468750,-63.3758468628
22908.6835937500,-63.4006843567
22961.4902343750,-63.4326057434
23014.4179687500,-63.4713516235
23067.4667968750,-63.5180244446
23120.6386718750,-63.5689544678
23173.9335937500,-63.6234321594
23227.3769531250,-63.6743240356
23280.9179687500,-63.7231330872
23334.5820312500,-63.7588348389
23388.3710937500,-63.7764587402
23442.2812500000,-63.7765846252
23496.3183593750,-63.7808723450
23550.5039062500,-63.7849502563
23604.7910156250,-63.7898368835
23659.2011718750,-63.7900352478
23713.7363281250,-63.8005027771
23768.3984375000,-63.8006019592
23823.1875000000,-63.8027191162
23878.1015625000,-63.8068733215
23933.1679687500,-63.8122367859
23988.3359375000,-63.8234291077
24043.6308593750,-63.8535461426
24099.0527343750,-63.8874244690
24154.6035156250,-63.9246559143
24210.2812500000,-63.9626083374
24266.1132812500,-63.9976615906
24322.0488281250,-64.0316390991
24378.1132812500,-64.0606384277
24434.3066406250,-64.0882492065
24490.6289062500,-64.1133956909
24547.0820312500,-64.1390533447
24603.6640625000,-64.1651077271
24660.4042968750,-64.1939392090
24717.2480468750,-64.2236480713
24774.2226562500,-64.2548065186
24831.3300781250,-64.2852325439
24888.5683593750,-64.3121414185
24945.9375000000,-64.3355789185
25003.4394531250,-64.3539276123
25061.1015625000,-64.3685531616
25118.8691406250,-64.3810348511
25176.7714843750,-64.3973617554
25234.8046875000,-64.4161911011
25292.9726562500,-64.4493560791
25351.2753906250,-64.4903793335
25409.7402343750,-64.5447006226
25468.3105468750,-64.6076812744
25527.0175781250,-64.6757431030
25585.8593750000,-64.7403030396
25644.8359375000,-64.8005294800
25703.9492187500,-64.8220062256
25763.1972656250,-64.8264694214
25822.6132812500,-64.8327407837
25882.1347656250,-64.8415908813
25941.7949218750,-64.8510055542
26001.5937500000,-64.8538055420
26061.5292968750,-64.8670883179
26121.6015625000,-64.8680343628
26181.8437500000,-64.8766479492
26242.1953125000,-64.8941040039
26302.6835937500,-64.9614791870
26363.3144531250,-65.0310745239
26424.0839843750,-65.1029434204
26484.9921875000,-65.1171875000
26546.0429687500,-65.1231613159
26607.2617187500,-65.1265258789
26668.5937500000,-65.1370162964
26730.0664062500,-65.1487426758
26791.6816406250,-65.1594467163
26853.4375000000,-65.1653976440
26915.3378906250,-65.1774520874
26977.4082031250,-65.1915588379
27039.5937500000,-65.2056121826
27101.9218750000,-65.2141571045
27164.3945312500,-65.2152328491
27227.0097656250,-65.2169723511
27289.7695312500,-65.2601776123
27352.6738281250,-65.3081436157
27415.7539062500,-65.3637466431
27478.9492187500,-65.4227752686
27542.2910156250,-65.4885787964
27605.7773437500,-65.5563583374
27669.4101562500,-65.6254272461
27733.1914062500,-65.6918411255
27797.1171875000,-65.7569580078
27861.2226562500,-65.8202362061
27925.4453125000,-65.8849639893
27989.8144531250,-65.9510803223
28054.3339843750,-66.0206222534
28119.0000000000,-66.0882186890
28183.8164062500,-66.1237640381
28248.8144531250,-66.1293792725
28313.9296875000,-66.1399536133
28379.1953125000,-66.1493988037
28444.6113281250,-66.1531066895
28510.1777343750,-66.1680831909
28575.8964843750,-66.1769409180
28641.7656250000,-66.2007446289
28707.8183593750,-66.2088623047
28773.9921875000,-66.2137985229
28840.3183593750,-66.2313308716
28906.7968750000,-66.2315139771
28973.4296875000,-66.2466201782
29040.2148437500,-66.2672119141
29107.1855468750,-66.3227233887
29174.2812500000,-66.3749847412
29241.5292968750,-66.4200439453
29308.9335937500,-66.4610900879
29376.4921875000,-66.4985961914
29444.2070312500,-66.5410461426
29512.0781250000,-66.5880508423
29580.1386718750,-66.6454162598
29648.3222656250,-66.7065505981
29716.6640625000,-66.7678909302
29785.1621093750,-66.8208923340
29853.8203125000,-66.8223876953
29922.6347656250,-66.8224411011
29991.6406250000,-66.8285675049
30060.7734375000,-66.8339614868
30130.0664062500,-66.8437271118
30199.5175781250,-66.8515014648
30269.1308593750,-66.8627548218
30338.9023437500,-66.8637313843
30408.8359375000,-66.8687820435
30478.9648437500,-66.8812713623
30549.2207031250,-66.8856277466
30619.6386718750,-66.8918380737
30690.2187500000,-66.9024124146
30760.9628906250,-66.9075851440
30831.8691406250,-66.9311904907
30902.9375000000,-66.9586715698
30974.2050781250,-66.9908218384
31045.6035156250,-67.0263977051
31117.1660156250,-67.0618743896
31188.8925781250,-67.0903167725
31260.7851562500,-67.1063995361
31332.8437500000,-67.1122207642
31405.1035156250,-67.1125793457
31477.4941406250,-67.1141586304
31550.0507812500,-67.1241836548
31622.7773437500,-67.1488265991
31695.6699218750,-67.1945114136
31768.7304687500,-67.2587356567
31841.9589843750,-67.3358306885
31915.3925781250,-67.4182281494
31988.9589843750,-67.4960632324
32062.6972656250,-67.5184860229
32136.6035156250,-67.5204696655
32210.6796875000,-67.5334625244
32284.9277343750,-67.5397949219
32359.3828125000,-67.5588760376
32433.9726562500,-67.5601654053
32508.7363281250,-67.5731353760
32583.6718750000,-67.5887451172
32658.7792968750,-67.5975646973
32734.0585937500,-67.6065216064
32809.5156250000,-67.6158523560
32885.1796875000,-67.6650238037
32960.9804687500,-67.7199020386
33036.9570312500,-67.7810897827
33113.1093750000,-67.8478240967
33189.4375000000,-67.9165420532
33265.9414062500,-67.9811325073
33342.6250000000,-68.0332870483
33419.5156250000,-68.0345230103
33496.5507812500,-68.0417633057
33573.7617187500,-68.0514678955
33651.1523437500,-68.0712280273
33728.7226562500,-68.0712432861
33806.4687500000,-68.0865783691
33884.4335937500,-68.0888519287
33962.5390625000,-68.0896377563
34040.8242187500,-68.0922012329
34119.2890625000,-68.0925216675
34197.9375000000,-68.0930557251
34276.7656250000,-68.1074523926
34355.7773437500,-68.1111526489
34435.0078125000,-68.1302108765
34514.3828125000,-68.1457138062
34593.9414062500,-68.1491775513
34673.6835937500,-68.1552352905
34753.6054687500,-68.1750793457
34833.7187500000,-68.1754379272
34914.0507812500,-68.1836776733
34994.5273437500,-68.1991806030
35075.1953125000,-68.2442245483
35156.0429687500,-68.2786254883
35237.0820312500,-68.3067550659
35318.3046875000,-68.3362503052
35399.7148437500,-68.3733596802
35481.3554687500,-68.4195480347
35563.1406250000,-68.4710006714
35645.1171875000,-68.5211563110
35727.2812500000,-68.5640716553
35809.6367187500,-68.5968170166
35892.1796875000,-68.6197128296
35974.9531250000,-68.6349258423
36057.8789062500,-68.6450729370
36140.9921875000,-68.6525497437
36224.3007812500,-68.6596069336
36307.8007812500,-68.6686019897
36391.4921875000,-68.6822433472
36475.3789062500,-68.7043457031
36559.4960937500,-68.7406387329
36643.7695312500,-68.7984619141
36728.2343750000,-68.8843078613
36812.8945312500,-68.9641723633
36897.7539062500,-69.0965118408
36982.8046875000,-69.1777572632
37068.0507812500,-69.1897430420
37153.5390625000,-69.2001724243
37239.1796875000,-69.2301788330
37325.0195312500,-69.2339248657
37411.0546875000,-69.2536315918
37497.2890625000,-69.2870788574
37583.7226562500,-69.3248672485
37670.3984375000,-69.3495788574
37757.2304687500,-69.3771667480
37844.2656250000,-69.3923263550
37931.5000000000,-69.4188385010
38018.9335937500,-69.4306640625
38106.5703125000,-69.4628448486
38194.4062500000,-69.5225906372
38282.4921875000,-69.5888824463
38370.7343750000,-69.6585159302
38459.1796875000,-69.7226791382
38547.8320312500,-69.7726593018
38636.6875000000,-69.8063049316
38725.7500000000,-69.8303985596
38815.0585937500,-69.8570632935
38904.5273437500,-69.8969650269
38994.2070312500,-69.9536590576
39084.0898437500,-70.0217590332
39174.1835937500,-70.0890731812
39264.4804687500,-70.1189498901
39354.9882812500,-70.1275253296
39445.7460937500,-70.1415710449
39536.6718750000,-70.1494445801
39627.8085937500,-70.1689758301
39719.1523437500,-70.1691284180
39810.7070312500,-70.1722259521
39902.4765625000,-70.1826171875
39994.4960937500,-70.1828536987
40086.6875000000,-70.1849517822
40179.0898437500,-70.2004013062
40271.7070312500,-70.2151260376
40364.5351562500,-70.2279586792
40457.5781250000,-70.2379302979
40550.8359375000,-70.2575302124
40644.3515625000,-70.2640762329
40738.0390625000,-70.2666091919
40831.9453125000,-70.2868423462
40926.0664062500,-70.3042678833
41020.4023437500,-70.3158340454
41114.9570312500,-70.3201141357
41209.7304687500,-70.3374786377
41304.7656250000,-70.3422470093
41399.9765625000,-70.3476333618
41495.4062500000,-70.3526077271
41591.0585937500,-70.3531188965
41686.9257812500,-70.3619918823
41783.0195312500,-70.4353408813
41879.3789062500,-70.5266571045
41975.9140625000,-70.6124343872
42072.6679687500,-70.6920700073
42169.6484375000,-70.7394180298
42266.8554687500,-70.7485351563
42364.2812500000,-70.7792587280
42461.9335937500,-70.7812652588
42559.8593750000,-70.7898635864
42657.9648437500,-70.8170776367
42756.2929687500,-70.8440246582
42854.8476562500,-70.8457260132
42953.6328125000,-70.8696060181
43052.6445312500,-70.9468841553
43151.9296875000,-71.0094299316
43251.3984375000,-71.0123062134
43351.0976562500,-71.0296020508
43451.0234375000,-71.0461807251
43551.1796875000,-71.0788040161
43651.5703125000,-71.0976867676
43752.1914062500,-71.1130142212
43853.0898437500,-71.1510925293
43954.1757812500,-71.1520080566
44055.4921875000,-71.1922149658
44157.0429687500,-71.2202911377
44258.8281250000,-71.2303314209
44360.8476562500,-71.2796478271
44463.1015625000,-71.2851715088
44565.6406250000,-71.3022537231
44668.3671875000,-71.3124542236
44771.3320312500,-71.3335723877
44874.5351562500,-71.3345794678
44977.9726562500,-71.3812637329
45081.6484375000,-71.4272689819
45185.6171875000,-71.4406204224
45289.7734375000,-71.4508514404
45394.1679687500,-71.4863739014
45498.8046875000,-71.5578613281
45603.6835937500,-71.5597763062
45708.8046875000,-71.5725555420
45814.1640625000,-71.6042709351
45919.8203125000,-71.6164321899
46025.6679687500,-71.6238327026
46131.7617187500,-71.6582031250
46238.0976562500,-71.6761550903
46344.6796875000,-71.6865539551
46451.5078125000,-71.7084884644
46558.6328125000,-71.7319183350
46665.9531250000,-71.7687835693
46773.5234375000,-71.8393554688
46881.3398437500,-71.8629074097
46989.4023437500,-71.8728332520
47097.7187500000,-71.8888244629
47206.2812500000,-71.9322128296
47315.1484375000,-71.9821090698
47424.2109375000,-72.0565872192
47533.5273437500,-72.0988388062
47643.0976562500,-72.0989074707
47752.9179687500,-72.1015090942
47862.9921875000,-72.1064071655
47973.3710937500,-72.1198806763
48083.9531250000,-72.1202850342
48194.7890625000,-72.1410217285
48305.8828125000,-72.1760635376
48417.2304687500,-72.1764602661
48528.8359375000,-72.2190246582
48640.6992187500,-72.2191696167
48752.8710937500,-72.2458648682
48865.2500000000,-72.2522888184
48977.8867187500,-72.3862380981
49090.7851562500,-72.4562454224
49203.9453125000,-72.5003509521
49317.3632812500,-72.5032958984
49431.0429687500,-72.5041122437
49545.0390625000,-72.5277252197
49659.2421875000,-72.5627136230
49773.7109375000,-72.5813522339
49888.4453125000,-72.5999069214
50003.4414062500,-72.6246414185
50118.7031250000,-72.6563873291
50234.2851562500,-72.7328414917
50350.0781250000,-72.8320159912
50466.1367187500,-72.8669815063
50582.4648437500,-72.8703613281
50699.0625000000,-72.9321594238
50815.9257812500,-72.9456710815
50933.0625000000,-72.9707107544
51050.5234375000,-72.9920883179
51168.1953125000,-73.0597610474
51286.1445312500,-73.0607604980
51404.3593750000,-73.0991821289
51522.8515625000,-73.1002960205
51641.6171875000,-73.1268234253
51760.7109375000,-73.1278762817
51880.0234375000,-73.1305923462
51999.6093750000,-73.1311721802
52119.4726562500,-73.1529769897
52239.6093750000,-73.1573257446
52360.0273437500,-73.1628341675
52480.7187500000,-73.1717224121
52601.7500000000,-73.1828842163
52723.0000000000,-73.1874923706
52844.5312500000,-73.1907958984
52966.3398437500,-73.1943206787
53088.4335937500,-73.2243347168
53210.8046875000,-73.3100051880
53333.5195312500,-73.3906707764
53456.4570312500,-73.4142837524
53579.6757812500,-73.4171218872
53703.1835937500,-73.4226760864
53826.9726562500,-73.4780578613
53951.0468750000,-73.4823226929
54075.4062500000,-73.5005950928
54200.1132812500,-73.5081558228
54325.0507812500,-73.5103530884
54450.2734375000,-73.5188064575
54575.7851562500,-73.5320968628
54701.5859375000,-73.5333404541
54827.6757812500,-73.5341186523
54954.0585937500,-73.5422592163
55080.7929687500,-73.5520782471
55207.7578125000,-73.5795135498
55335.0156250000,-73.6351318359
55462.5664062500,-73.7236022949
55590.4101562500,-73.8104553223
55718.5507812500,-73.8645248413
55847.0468750000,-73.8944320679
55975.7773437500,-73.9174118042
56104.8085937500,-73.9470443726
56234.1328125000,-73.9856491089
56363.7578125000,-74.0289688110
56493.6796875000,-74.0737380981
56623.9023437500,-74.1133499146
56754.4843750000,-74.1347351074
56885.3085937500,-74.1370544434
57016.4335937500,-74.1398696899
57147.8593750000,-74.1451034546
57279.5898437500,-74.1471939087
57411.6210937500,-74.2053909302
57544.0234375000,-74.2737121582
57676.6679687500,-74.2855300903
57809.6171875000,-74.2917556763
57942.8710937500,-74.3124542236
58076.4335937500,-74.3315887451
58210.3046875000,-74.3381118774
58344.4843750000,-74.3668289185
58479.0351562500,-74.3680877686
58613.8320312500,-74.3804397583
58748.9414062500,-74.3869934082
58884.3632812500,-74.4417877197
59020.0937500000,-74.5259094238
59156.1406250000,-74.5625534058
59292.5000000000,-74.5970077515
59429.2382812500,-74.6540679932
59566.2265625000,-74.7361526489
59703.5312500000,-74.8274383545
59841.1523437500,-74.8449935913
59979.0898437500,-74.8519973755
60117.3476562500,-74.8545303345
60255.9882812500,-74.8556289673
60394.8828125000,-74.9066925049
60534.0976562500,-74.9871139526
60673.6328125000,-75.1182785034
60813.4882812500,-75.1187667847
60953.6679687500,-75.1192169189
61094.1718750000,-75.1577758789
61235.0625000000,-75.1670227051
61376.2148437500,-75.2285003662
61517.6914062500,-75.2744140625
61659.4960937500,-75.2835388184
61801.6250000000,-75.2934265137
61944.0820312500,-75.3012924194
62086.9335937500,-75.3071365356
62230.0507812500,-75.3384857178
62373.4960937500,-75.3394317627
62517.2695312500,-75.3801879883
62661.3750000000,-75.3849182129
62805.8164062500,-75.3860244751
62950.5859375000,-75.4002380371
63095.7617187500,-75.4310531616
63241.2031250000,-75.4920883179
63386.9765625000,-75.5148925781
63533.0898437500,-75.5404052734
63679.5390625000,-75.5636367798
63826.3242187500,-75.6534576416
63973.5195312500,-75.7413024902
64120.9804687500,-75.7604751587
64268.7851562500,-75.7822799683
64416.9296875000,-75.8014755249
64565.4140625000,-75.8515319824
64714.2421875000,-75.8909759521
64863.4140625000,-75.9075546265
65013.0000000000,-75.9420700073
65162.8593750000,-75.9449386597
65313.0625000000,-75.9819793701
65463.6132812500,-75.9986267090
65614.5156250000,-76.0321044922
65765.7578125000,-76.0342712402
65917.3515625000,-76.0342864990
66069.3671875000,-76.0347671509
66221.6640625000,-76.0377044678
66374.3125000000,-76.0548782349
66527.3125000000,-76.0643005371
66680.6562500000,-76.1176300049
66834.3593750000,-76.1261749268
66988.4921875000,-76.1280822754
67142.9062500000,-76.1446380615
67297.6796875000,-76.1509017944
67452.8046875000,-76.1554870605
67608.2890625000,-76.1595153809
67764.1250000000,-76.1689147949
67920.3281250000,-76.2705230713
68076.9609375000,-76.3713378906
68233.8906250000,-76.4679946899
68391.1718750000,-76.5556106567
68548.8203125000,-76.5840606689
68706.8281250000,-76.5848617554
68865.2031250000,-76.5904693604
69024.0156250000,-76.5967254639
69183.1250000000,-76.6019821167
69342.5937500000,-76.6224670410
69502.4296875000,-76.6593170166
69662.6406250000,-76.6726989746
69823.2187500000,-76.6806793213
69984.1640625000,-76.6857604980
70145.5625000000,-76.7360687256
70307.2500000000,-76.7400970459
70469.3125000000,-76.7492370605
70631.7500000000,-76.7870330811
70794.5625000000,-76.7961959839
70957.7500000000,-76.8082504272
71121.3906250000,-76.8175811768
71285.3281250000,-76.8851013184
71449.6484375000,-76.9566955566
71614.3437500000,-77.0185623169
71779.4218750000,-77.1551589966
71944.8750000000,-77.2351837158
72110.7187500000,-77.2440032959
72277.0156250000,-77.2581710815
72443.6171875000,-77.2643966675
72610.6093750000,-77.2647705078
72777.9765625000,-77.2652359009
72945.7343750000,-77.2702102661
73113.8828125000,-77.2774581909
73282.4140625000,-77.2790374756
73451.4140625000,-77.2835540771
73620.7265625000,-77.2938842773
73790.4296875000,-77.2939453125
73960.5234375000,-77.3170623779
74131.0078125000,-77.3182983398
74301.8828125000,-77.3466720581
74473.2343750000,-77.3477630615
74644.8984375000,-77.4014282227
74816.9609375000,-77.4065322876
74989.4218750000,-77.4349517822
75162.2734375000,-77.4561386108
75335.5312500000,-77.4593048096
75509.1875000000,-77.4669570923
75683.3203125000,-77.4766998291
75857.7812500000,-77.6865234375
76032.6328125000,-77.7063293457
76207.8984375000,-77.7157745361
76383.5625000000,-77.7226104736
76559.6328125000,-77.7879180908
76736.1875000000,-77.8527221680
76913.0703125000,-77.8904724121
77090.3593750000,-77.8915634155
77268.0625000000,-77.9629058838
77446.1718750000,-77.9750900269
77624.6875000000,-77.9958953857
77803.6171875000,-78.0063476563
77983.0468750000,-78.0717315674
78162.8046875000,-78.0973358154
78342.9765625000,-78.1060104370
78523.5625000000,-78.2088012695
78704.5625000000,-78.2299041748
78885.9843750000,-78.2750473022
79067.8203125000,-78.2776641846
79250.1640625000,-78.3050155640
79432.8437500000,-78.3066406250
79615.9375000000,-78.3747940063
79799.4609375000,-78.4076232910
79983.4062500000,-78.4272308350
80167.7734375000,-78.4287109375
80352.6484375000,-78.4476852417
80537.8671875000,-78.4727249146
80723.5156250000,-78.5234146118
80909.5859375000,-78.5304260254
81096.0937500000,-78.5685501099
81283.0234375000,-78.6208267212
81470.3828125000,-78.6380844116
81658.2734375000,-78.6836013794
81846.5000000000,-78.6919479370
82035.1640625000,-78.7051696777
82224.2578125000,-78.7255706787
82413.7890625000,-78.7412567139
82603.7578125000,-78.7523498535
82794.2578125000,-78.7785949707
82985.1015625000,-78.7877807617
83176.3906250000,-78.8221893311
83368.1171875000,-78.8353729248
83560.2890625000,-78.8678359985
83752.8984375000,-78.9040222168
83945.9609375000,-78.9063034058
84139.5546875000,-78.9195175171
84333.5000000000,-78.9365081787
84527.8906250000,-79.0192337036
84722.7343750000,-79.0805892944
84918.0312500000,-79.1152954102
85113.7734375000,-79.1650772095
85310.0546875000,-79.1757583618
85506.7031250000,-79.1761169434
85703.8046875000,-79.2119674683
85901.3515625000,-79.2272720337
86099.3671875000,-79.2286605835
86297.8281250000,-79.2364959717
86496.7500000000,-79.2393951416
86696.2265625000,-79.2522354126
86896.0703125000,-79.2789840698
87096.3671875000,-79.3420791626
87297.1328125000,-79.3555831909
87498.3593750000,-79.3911056519
87700.0468750000,-79.4177093506
87902.2031250000,-79.4208450317
88104.9218750000,-79.4362869263
88308.0078125000,-79.4369964600
88511.5703125000,-79.4499206543
88715.5937500000,-79.4506301880
88920.0859375000,-79.4578170776
89125.0546875000,-79.4604339600
89330.5937500000,-79.5569763184
89536.5078125000,-79.6497192383
89742.8906250000,-79.6556396484
89949.7578125000,-79.6674499512
90157.1015625000,-79.7407531738
90364.9140625000,-79.8751525879
90573.2109375000,-79.9485778809
90782.0937500000,-79.9580001831
90991.3515625000,-79.9758605957
91201.0937500000,-79.9961776733
91411.3203125000,-80.0136108398
91622.0234375000,-80.0262298584
91833.2187500000,-80.0382843018
92045.0078125000,-80.0393295288
92257.1718750000,-80.0536880493
92469.8359375000,-80.0757293701
92682.9843750000,-80.1218032837
92896.6250000000,-80.1252899170
93110.7578125000,-80.1556015015
93325.3828125000,-80.1732635498
93540.6093750000,-80.2021408081
93756.2265625000,-80.2846984863
93972.3437500000,-80.2925491333
94188.9531250000,-80.3004913330
94406.0703125000,-80.3186645508
94623.6796875000,-80.3505477905
94841.8984375000,-80.3652648926
95060.5156250000,-80.3664703369
95279.6328125000,-80.3729171753
95499.2656250000,-80.4139709473
95719.3984375000,-80.5185165405
95940.0390625000,-80.5215530396
96161.1875000000,-80.5280838013
96382.9453125000,-80.5306396484
96605.1171875000,-80.5325393677
96827.7968750000,-80.5630416870
97050.9921875000,-80.5649032593
97274.7031250000,-80.5782546997
97498.9296875000,-80.6072769165
97723.6718750000,-80.6565475464
97949.0390625000,-80.6776962280
98174.8203125000,-80.6840744019
98401.1171875000,-80.7268905640
98627.9375000000,-80.8194656372
98855.2812500000,-80.8859405518
99083.1484375000,-81.0096588135
99311.6562500000,-81.0182113647
99540.5781250000,-81.0187835693
99770.0234375000,-81.0193786621
100000.0000000000,-81.0212860107
100230.5078125000,-81.0318222046
100461.5468750000,-81.0461044312
100693.1171875000,-81.0535202026
100925.3359375000,-81.0875625610
101157.9687500000,-81.1325836182
101391.1484375000,-81.1800384521
101624.8593750000,-81.1841888428
101859.1171875000,-81.1847686768
102093.9062500000,-81.2386550903
102329.3515625000,-81.2885665894
102565.2265625000,-81.3301391602
102801.6484375000,-81.3618164063
103038.6171875000,-81.3853149414
103276.1250000000,-81.4051818848
103514.1875000000,-81.4273300171
103752.7890625000,-81.4573059082
103992.0625000000,-81.4976348877
104231.7734375000,-81.5460205078
104472.0312500000,-81.5971679688
104712.8515625000,-81.6439895630
104954.2187500000,-81.6799850464
105196.1484375000,-81.7015304565
105438.6328125000,-81.7069931030
105681.7890625000,-81.7085266113
105925.3984375000,-81.7093505859
106169.5625000000,-81.7131195068
106414.2890625000,-81.7330856323
106659.5859375000,-81.7689743042
106905.4375000000,-81.8180999756
107151.9843750000,-81.8738555908
107398.9765625000,-81.9276428223
107646.5390625000,-81.9716873169
107894.6718750000,-81.9869689941
108143.3750000000,-81.9877243042
108392.6562500000,-81.9952087402
108642.5078125000,-82.0010681152
108893.0546875000,-82.0025863647
109144.0625000000,-82.0065841675
109395.6484375000,-82.0147171021
109647.8125000000,-82.0150070190
109900.5546875000,-82.0353088379
110153.8828125000,-82.0875091553
110407.9218750000,-82.1582489014
110662.4140625000,-82.2303085327
110917.5000000000,-82.3233032227
111173.1718750000,-82.4172363281
111429.4375000000,-82.5037078857
111686.2890625000,-82.5470046997
111943.7343750000,-82.5494308472
112201.8984375000,-82.5571975708
112460.5312500000,-82.5758514404
112719.7578125000,-82.5776977539
112979.5859375000,-82.5812072754
113240.0078125000,-82.6047134399
113501.0390625000,-82.6297531128
113762.7890625000,-82.6334228516
114025.0234375000,-82.6429824829
114287.8593750000,-82.6589736938
114551.2968750000,-82.6647949219
114815.3437500000,-82.6774673462
115080.0078125000,-82.6827163696
115345.2734375000,-82.6861267090
115611.2812500000,-82.7037887573
115877.7734375000,-82.7759094238
116144.8750000000,-82.8526535034
116412.6015625000,-82.9245605469
116680.9375000000,-82.9820709229
116949.8984375000,-83.0190734863
117219.4765625000,-83.0356140137
117489.8046875000,-83.0357818604
117760.6250000000,-83.0379486084
118032.0703125000,-83.0381851196
118304.1406250000,-83.0501480103
118576.8437500000,-83.0713577271
118850.1718750000,-83.0973052979
119124.2578125000,-83.1221542358
119398.8515625000,-83.1489257813
119674.0703125000,-83.1681213379
119949.9296875000,-83.1836013794
120226.4218750000,-83.2075958252
120503.5546875000,-83.2429046631
120781.3203125000,-83.2890853882
121059.8671875000,-83.3427124023
121338.9140625000,-83.3986892700
121618.6093750000,-83.4519653320
121898.9531250000,-83.4990921021
122179.9375000000,-83.5390853882
122461.5703125000,-83.5882949829
122743.9843750000,-83.6323699951
123026.9218750000,-83.6606140137
123310.5078125000,-83.6881027222
123594.7421875000,-83.7144546509
123879.6406250000,-83.7399673462
124165.1953125000,-83.7656936646
124451.3984375000,-83.7923889160
124738.4062500000,-83.8306884766
125025.9375000000,-83.8476104736
125314.1328125000,-83.8491744995
125602.9921875000,-83.8526458740
125892.5156250000,-83.8580474854
126182.7031250000,-83.8600311279
126473.7031250000,-83.8635101318
126765.2343750000,-83.8640747070
127057.4375000000,-83.8833770752
127350.3125000000,-83.8942871094
127643.8671875000,-83.9033584595
127938.0937500000,-83.9126968384
128233.0000000000,-83.9249267578
128528.7265625000,-83.9420547485
128824.9921875000,-83.9800186157
129121.9453125000,-84.0309906006
129419.5781250000,-84.0725479126
129717.8984375000,-84.1170196533
130016.9140625000,-84.1601333618
130316.6093750000,-84.2099304199
130617.1406250000,-84.2385330200
130918.2265625000,-84.2472229004
131220.0000000000,-84.2570343018
131522.4687500000,-84.2769088745
131825.6406250000,-84.3134155273
132129.5000000000,-84.4020996094
132434.2187500000,-84.5092697144
132739.4843750000,-84.5762100220
133045.4687500000,-84.6294021606
133352.1406250000,-84.6666488647
133659.5312500000,-84.7013244629
133967.6250000000,-84.7314224243
134276.4218750000,-84.7551040649
134586.0937500000,-84.7800827026
134896.3281250000,-84.7893676758
135207.2656250000,-84.7952041626
135518.9375000000,-84.8062667847
135831.3125000000,-84.8073577881
136144.4062500000,-84.8075485229
136458.3906250000,-84.8144226074
136772.9375000000,-84.8575134277
137088.2031250000,-84.9055862427
137404.2031250000,-84.9215164185
137720.9218750000,-84.9218597412
138038.3906250000,-84.9410476685
138356.5781250000,-84.9509277344
138675.6406250000,-84.9544982910
138995.2968750000,-84.9605865479
139315.7031250000,-84.9725189209
139636.8281250000,-84.9931869507
139958.7031250000,-84.9971847534
140281.3125000000,-85.0056762695
140604.6718750000,-85.0076141357
140928.9375000000,-85.0095138550
141253.7812500000,-85.0164337158
141579.3906250000,-85.0269851685
141905.7343750000,-85.0555114746
142232.8437500000,-85.0572509766
142560.7031250000,-85.0752639771
142889.4687500000,-85.1271286011
143218.8281250000,-85.2378463745
143548.9687500000,-85.4102783203
143879.8593750000,-85.5541458130
144211.5156250000,-85.5577163696
144543.9218750000,-85.5606231689
144877.1093750000,-85.5738983154
145211.2187500000,-85.5759887695
145545.9375000000,-85.5997619629
145881.4375000000,-85.6006088257
146217.7031250000,-85.6134567261
146554.7500000000,-85.6250762939
146892.5625000000,-85.6254348755
147231.3281250000,-85.6370849609
147570.7031250000,-85.6419906616
147910.8593750000,-85.6502761841
148251.8125000000,-85.6702194214
148593.5468750000,-85.6962203979
148936.0625000000,-85.7571258545
149279.3750000000,-85.8279418945
149623.6250000000,-85.8860092163
149968.5312500000,-85.9270782471
150314.2187500000,-85.9502105713
150660.7031250000,-85.9961776733
151007.9843750000,-86.0563201904
151356.0625000000,-86.0704650879
151705.1250000000,-86.0863647461
152054.8125000000,-86.0949478149
152405.3125000000,-86.0974884033
152756.6093750000,-86.1204528809
153108.7187500000,-86.1361541748
153461.6562500000,-86.1392288208
153815.3906250000,-86.1471099854
154170.1093750000,-86.1916961670
154525.4843750000,-86.2605133057
154881.6875000000,-86.3270645142
155238.7031250000,-86.3880691528
155596.5312500000,-86.4419479370
155955.1875000000,-86.4716949463
156314.6875000000,-86.5101242065
156675.1718750000,-86.5503158569
157036.3125000000,-86.6051635742
157398.2968750000,-86.6751327515
157761.1093750000,-86.7527236938
158124.7656250000,-86.8089141846
158489.2500000000,-86.8214416504
158854.7500000000,-86.8219757080
159220.9218750000,-86.8219833374
159587.9375000000,-86.8542861938
159955.7968750000,-86.8543243408
160324.5156250000,-86.8742599487
160694.0625000000,-86.8828125000
161064.4843750000,-86.8856735229
161435.9218750000,-86.8974456787
161808.0468750000,-86.9031982422
162181.0312500000,-86.9039230347
162554.8593750000,-86.9427795410
162929.5625000000,-86.9790115356
163305.1250000000,-86.9859695435
163681.7343750000,-86.9941406250
164059.0312500000,-86.9962310791
164437.2031250000,-87.0116958618
164816.2343750000,-87.0181198120
165196.1562500000,-87.0715179443
165576.9375000000,-87.1313552856
165958.6093750000,-87.1925582886
166341.3437500000,-87.2565078735
166724.7656250000,-87.2605514526
167109.0781250000,-87.2646179199
167494.2812500000,-87.3296966553
167880.3593750000,-87.3429031372
168267.3437500000,-87.3525619507
168655.3906250000,-87.4112014771
169044.1562500000,-87.4484481812
169433.8125000000,-87.4534835815
169824.3750000000,-87.4875869751
170215.8281250000,-87.5219039917
170608.1875000000,-87.5332183838
171001.4531250000,-87.5363845825
171395.8125000000,-87.5605010986
171790.8906250000,-87.5702896118
172186.8750000000,-87.5720291138
172583.7812500000,-87.5750045776
172981.6093750000,-87.6068572998
173380.3437500000,-87.6646804810
173779.9843750000,-87.7353515625
174180.7500000000,-87.7678375244
174582.2500000000,-87.7812652588
174984.6875000000,-87.7898712158
175388.0312500000,-87.8022384644
175792.3125000000,-87.8041458130
176197.5312500000,-87.8090438843
176603.8750000000,-87.8187866211
177010.9531250000,-87.8200912476
177418.9843750000,-87.8365173340
177827.9375000000,-87.9490661621
178237.8437500000,-88.0688018799
178648.7031250000,-88.0890274048
179060.5000000000,-88.1035537720
179473.4375000000,-88.1222534180
179887.1406250000,-88.1564788818
180301.7968750000,-88.1803131104
180717.4062500000,-88.1835556030
181133.9687500000,-88.2226562500
181551.5000000000,-88.2572555542
181970.1875000000,-88.2734146118
182389.6406250000,-88.2788925171
182810.0625000000,-88.3491516113
183231.4531250000,-88.4064559937
183653.8125000000,-88.4485626221
184077.1406250000,-88.4754867554
184501.4531250000,-88.5088577271
184926.9531250000,-88.5388641357
185353.2187500000,-88.5674667358
185780.4687500000,-88.5896377563
186208.7031250000,-88.5974807739
186637.9375000000,-88.6070861816
187068.1406250000,-88.6296005249
187499.3437500000,-88.6792907715
187931.7500000000,-88.7313919067
188364.9531250000,-88.7720413208
188799.1406250000,-88.7861099243
189234.3437500000,-88.7956390381
189670.5312500000,-88.8055725098
190107.7500000000,-88.8434295654
190546.1562500000,-88.8819198608
190985.3906250000,-88.8842468262
191425.6250000000,-88.8946228027
191866.8750000000,-88.9158401489
192309.1406250000,-88.9287719727
192752.4218750000,-88.9317703247
193196.7343750000,-88.9353332520
193642.2812500000,-88.9483489990
194088.6406250000,-88.9501113892
194536.0312500000,-88.9572448730
194984.4375000000,-88.9633102417
195433.8906250000,-88.9712371826
195884.3906250000,-88.9768066406
196336.1250000000,-88.9803848267
196788.7031250000,-88.9821853638
197242.3125000000,-88.9883575439
197696.9687500000,-89.0553817749
198152.6718750000,-89.1954421997
198609.4218750000,-89.3003311157
199067.2343750000,-89.3636169434
199526.3125000000,-89.3903961182
199986.2343750000,-89.3905181885
200447.2187500000,-89.3954849243
200909.2656250000,-89.4018554688
201372.3750000000,-89.4114532471
201836.5625000000,-89.4445114136
202302.0312500000,-89.5081558228
202768.3437500000,-89.5735397339
203235.7343750000,-89.6142883301
203704.2187500000,-89.6388397217
204173.7656250000,-89.6794204712
204644.4062500000,-89.7663803101
205116.1250000000,-89.8175582886
205589.1562500000,-89.8378143311
206063.0468750000,-89.8586120605
206538.0468750000,-89.8726959229
207014.1250000000,-89.8845520020
207491.3125000000,-89.9340133667
207969.5937500000,-89.9370040894
208448.9843750000,-89.9548263550
208929.7031250000,-89.9771270752
209411.2968750000,-89.9992065430
209894.0000000000,-90.0276718140
210377.8281250000,-90.0289230347
210862.7500000000,-90.0332183838
211348.8125000000,-90.0630645752
211836.2187500000,-90.1055603027
212324.5156250000,-90.1645965576
212813.9375000000,-90.2489089966
213304.4843750000,-90.3040084839
213796.1718750000,-90.3119277954
214288.9843750000,-90.3186645508
214782.9375000000,-90.3204574585
215278.2656250000,-90.3333358765
215774.5000000000,-90.3708496094
216271.8750000000,-90.4114303589
216770.3906250000,-90.4221649170
217270.0625000000,-90.4246902466
217770.8906250000,-90.4304351807
218273.1093750000,-90.4965896606
218776.2343750000,-90.5864181519
219280.5312500000,-90.5905380249
219785.9843750000,-90.6140594482
220292.6093750000,-90.6233673096
220800.4062500000,-90.6305923462
221309.3593750000,-90.7160034180
221819.7343750000,-90.7517471313
222331.0468750000,-90.7660064697
222843.5468750000,-90.7672653198
223357.2031250000,-90.7858276367
223872.0625000000,-90.8088073730
224388.1093750000,-90.8095932007
224905.5781250000,-90.8128128052
225424.0000000000,-90.8432922363
225943.6250000000,-90.8542556763
226464.4375000000,-90.9280166626
226986.4531250000,-91.0220108032
227509.6718750000,-91.1293334961
228034.1093750000,-91.1334075928
228559.9843750000,-91.1349258423
229086.8281250000,-91.1689147949
229614.8906250000,-91.2047653198
230144.1718750000,-91.2120971680
230674.6718750000,-91.2384109497
231206.3906250000,-91.2485656738
231739.3437500000,-91.2661361694
232273.7812500000,-91.2812881470
232809.1875000000,-91.3082580566
233345.8281250000,-91.3355102539
233883.7031250000,-91.4546203613
234422.8125000000,-91.5759811401
234963.1875000000,-91.6057586670
235505.0468750000,-91.6149597168
236047.9062500000,-91.6231231689
236592.0156250000,-91.6305694580
237137.3750000000,-91.6306381226
237683.9843750000,-91.6370010376
238231.8750000000,-91.6401596069
238781.0156250000,-91.6428451538
239331.6718750000,-91.6485671997
239883.3593750000,-91.6526794434
240436.2968750000,-91.6577453613
240990.5312500000,-91.7094039917
241546.0312500000,-91.8091125488
242102.8125000000,-91.9097824097
242661.1406250000,-91.9104919434
243220.4843750000,-91.9295120239
243781.1250000000,-91.9326629639
244343.0625000000,-91.9503402710
244906.2968750000,-91.9552841187
245470.8125000000,-91.9590377808
246036.6406250000,-91.9814605713
246604.0468750000,-91.9912567139
247172.4843750000,-91.9967956543
247742.2343750000,-92.0464172363
248313.2968750000,-92.0562820435
248885.6718750000,-92.0733184814
249459.3750000000,-92.0792312622
250034.4062500000,-92.0996170044
250611.0156250000,-92.1010131836
251188.7031250000,-92.1184616089
251767.7031250000,-92.1190338135
252348.0468750000,-92.1377563477
252929.7343750000,-92.1527633667
253512.7500000000,-92.1670379639
254097.3906250000,-92.2028656006
254683.1093750000,-92.2496185303
255270.1718750000,-92.2898788452
255858.5781250000,-92.3041152954
256448.3593750000,-92.3211975098
257039.4843750000,-92.3836822510
257631.9843750000,-92.4660568237
258226.1250000000,-92.4709930420
258821.3593750000,-92.4846267700
259417.9531250000,-92.5006484985
260015.9375000000,-92.5875473022
260615.2812500000,-92.6484527588
261216.0312500000,-92.6555252075
261818.4375000000,-92.6833572388
262421.9375000000,-92.6958923340
263026.8437500000,-92.7085418701
263633.1562500000,-92.7386779785
264240.8437500000,-92.7573013306
264849.9375000000,-92.7627182007
265460.4375000000,-92.7764816284
266072.6250000000,-92.8068008423
266685.9375000000,-92.9283905029
267300.6562500000,-92.9421081543
267916.8125000000,-92.9610977173
268534.3750000000,-92.9936523438
269153.3750000000,-93.0123596191
269774.0937500000,-93.1314163208
270395.9375000000,-93.2216262817
271019.2187500000,-93.2286682129
271643.9375000000,-93.2287063599
272270.0937500000,-93.2364273071
272897.6875000000,-93.2367935181
273526.7500000000,-93.2501449585
274157.5312500000,-93.2564926147
274789.5000000000,-93.2591552734
275422.9062500000,-93.2611541748
276057.7812500000,-93.2702484131
276694.0937500000,-93.2764587402
277331.9062500000,-93.2995452881
277971.1875000000,-93.3143692017
278612.2187500000,-93.3245391846
279254.4375000000,-93.3872299194
279898.1562500000,-93.4391784668
280543.3437500000,-93.4955749512
281190.0000000000,-93.5683212280
281838.1562500000,-93.6530532837
282488.1250000000,-93.7484054565
283139.2812500000,-93.8032684326
283791.9375000000,-93.8045806885
284446.0937500000,-93.8275833130
285101.7812500000,-93.8386230469
285758.9687500000,-93.8389358521
286417.6562500000,-93.8835983276
287078.1875000000,-93.8836898804
287739.9062500000,-93.9048843384
288403.1875000000,-93.9823760986
289067.9687500000,-94.0370025635
289734.2812500000,-94.0817337036
290402.1562500000,-94.1853637695
291071.8750000000,-94.2611923218
291742.8125000000,-94.2632064819
292415.2812500000,-94.2883224487
293089.3437500000,-94.3423233032
293764.9062500000,-94.3466567993
294442.0625000000,-94.3652191162
295120.7812500000,-94.3783645630
295801.3750000000,-94.3886337280
296483.2187500000,-94.3937149048
297166.6250000000,-94.3957519531
297851.6250000000,-94.3997344971
298538.1875000000,-94.4097442627
299226.3437500000,-94.4234313965
299916.4062500000,-94.4512329102
300607.7500000000,-94.5267410278
301300.6562500000,-94.5599060059
301995.1875000000,-94.5939102173
302691.3125000000,-94.6277084351
303389.0312500000,-94.6597061157
304088.3750000000,-94.6881179810
304789.6562500000,-94.7114486694
305492.2187500000,-94.7289047241
306196.3750000000,-94.7407150269
306902.1875000000,-94.7480468750
307609.6250000000,-94.7526626587
308318.6875000000,-94.7564544678
309029.3750000000,-94.7609481812
309742.0625000000,-94.7670364380
310456.0312500000,-94.7749862671
311171.6562500000,-94.7845153809
311888.9375000000,-94.7956314087
312607.8437500000,-94.8088455200
313328.4375000000,-94.8252868652
314051.0312500000,-94.8464736938
314774.9375000000,-94.8740005493
315500.5000000000,-94.9090881348
316227.7812500000,-94.9522781372
316956.6875000000,-95.0030441284
317687.3125000000,-95.0596466064
318419.5937500000,-95.1189346313
319153.9375000000,-95.1766738892
319889.5937500000,-95.2281723022
320626.9687500000,-95.2698898315
321366.0312500000,-95.3008270264
322106.8125000000,-95.3234176636
322849.2812500000,-95.3430252075
323593.8125000000,-95.3659744263
324339.7187500000,-95.3969573975
325087.3750000000,-95.4371414185
325836.7187500000,-95.4835815430
326587.7812500000,-95.5305938721
327340.5937500000,-95.5721359253
328095.1250000000,-95.6043548584
328851.7812500000,-95.6269607544
329609.8125000000,-95.6428756714
330369.5937500000,-95.6568679810
331131.0937500000,-95.6737213135
331894.3750000000,-95.6964645386
332659.4375000000,-95.7281875610
333426.2187500000,-95.7689208984
334195.1562500000,-95.8178482056
334965.5000000000,-95.8732528687
335737.6250000000,-95.9331130981
336511.5312500000,-95.9956893921
337287.2187500000,-96.0597991943
338064.6875000000,-96.1244506836
338844.3125000000,-96.1880187988
339625.3750000000,-96.2310562134
340408.2500000000,-96.2348327637
341192.9062500000,-96.2386932373
341979.3750000000,-96.2476577759
342767.6562500000,-96.2497177124
343557.7812500000,-96.2553329468
344350.0625000000,-96.2765350342
345143.8125000000,-96.2865219116
345939.4062500000,-96.2973556519
346736.8125000000,-96.2995758057
347536.0625000000,-96.3139724731
348337.1562500000,-96.3248214722
349140.5000000000,-96.3271331787
349945.2812500000,-96.3306427002
350751.9375000000,-96.3336944580
351560.4375000000,-96.3367156982
352370.8125000000,-96.3402099609
353183.0625000000,-96.3422698975
353997.1562500000,-96.3505554199
354813.5312500000,-96.3526840210
355631.4062500000,-96.3675994873
356451.1562500000,-96.3686447144
357272.8125000000,-96.3806152344
358096.3437500000,-96.3820800781
358921.7812500000,-96.3836364746
359749.5312500000,-96.3856353760
360578.7812500000,-96.4344253540
361409.9375000000,-96.4819107056
362243.0000000000,-96.5368194580
363078.0000000000,-96.5944137573
363914.9375000000,-96.6492996216
364753.7812500000,-96.6972274780
365594.9687500000,-96.7366790771
366437.6875000000,-96.7692718506
367282.3437500000,-96.7989807129
368128.9687500000,-96.8494415283
368977.5312500000,-96.9145050049
369828.0312500000,-96.9693450928
370680.5312500000,-97.0307998657
371535.3750000000,-97.0949172974
372391.7812500000,-97.1566314697
373250.1875000000,-97.2110977173
374110.5625000000,-97.2550888062
374972.9062500000,-97.2995071411
375837.2500000000,-97.3286590576
376703.9687500000,-97.3446121216
377572.3125000000,-97.3632812500
378442.6562500000,-97.3880004883
379314.9687500000,-97.4203109741
380189.3437500000,-97.4591064453
381065.6875000000,-97.5190734863
381944.0625000000,-97.5519027710
382824.9062500000,-97.5521621704
383707.3437500000,-97.5572052002
384591.8125000000,-97.5631179810
385478.3125000000,-97.5659027100
386366.8750000000,-97.5673904419
387257.5000000000,-97.5694198608
388150.5625000000,-97.5710601807
389045.2812500000,-97.5763092041
389942.0625000000,-97.5812683105
390840.9062500000,-97.5816802979
391741.8125000000,-97.5850601196
392644.8125000000,-97.6078262329
393549.8750000000,-97.6452255249
394457.4687500000,-97.6877441406
395366.7187500000,-97.7319412231
396278.0937500000,-97.7947158813
397191.5312500000,-97.8498992920
398107.0937500000,-97.8796081543
399024.7500000000,-97.9024429321
399944.9687500000,-97.9171676636
400866.8750000000,-97.9213867188
401790.9062500000,-97.9223785400
402717.0625000000,-97.9235687256
403645.3437500000,-97.9311141968
404575.7812500000,-97.9496536255
405508.3437500000,-97.9939651489
406443.5312500000,-98.0476303101
407380.4062500000,-98.0855178833
408319.4375000000,-98.1237487793
409260.6562500000,-98.1811294556
410204.0312500000,-98.2364959717
411149.5625000000,-98.2692642212
412097.3125000000,-98.2972640991
413047.6562500000,-98.3312911987
413999.7812500000,-98.3637466431
414954.0625000000,-98.3894882202
415910.5625000000,-98.4203186035
416869.2812500000,-98.4594573975
417830.1875000000,-98.4659500122
418793.7812500000,-98.4686355591
419759.1250000000,-98.4711761475
420726.6875000000,-98.4988555908
421696.5000000000,-98.5091552734
422668.5312500000,-98.5137405396
423642.8125000000,-98.5247421265
424619.3437500000,-98.5268478394
425598.5937500000,-98.5770797729
426579.6250000000,-98.6275100708
427562.9375000000,-98.6883697510
428548.5000000000,-98.7234802246
429536.3125000000,-98.7306213379
430526.4375000000,-98.7320327759
431519.3125000000,-98.7392501831
432514.0000000000,-98.7616958618
433510.9687500000,-98.7865219116
434510.2500000000,-98.8269424438
435511.8125000000,-98.8609542847
436515.6875000000,-98.8779525757
437521.9062500000,-98.9032592773
438530.9062500000,-98.9358215332
439541.7500000000,-98.9623641968
440554.9062500000,-99.0002441406
441570.4375000000,-99.0310363770
442588.2812500000,-99.0499191284
443608.4687500000,-99.0908813477
444631.0312500000,-99.1525573730
445656.4062500000,-99.2046432495
446683.6875000000,-99.2814407349
447713.3125000000,-99.3378906250
448745.3437500000,-99.3405303955
449779.7187500000,-99.3434295654
450816.5000000000,-99.3596038818
451856.1562500000,-99.3630828857
452897.7187500000,-99.3714904785
453941.6875000000,-99.3892135620
454988.0625000000,-99.3973770142
456036.8437500000,-99.4081802368
457088.0312500000,-99.4097900391
458141.6562500000,-99.4212875366
459198.1875000000,-99.4889984131
460256.6875000000,-99.5255279541
461317.6250000000,-99.5288619995
462380.9687500000,-99.5295028687
463446.8125000000,-99.5529174805
464515.0937500000,-99.5590438843
465586.3437500000,-99.5649719238
466659.5312500000,-99.5726318359
467735.2187500000,-99.6378326416
468813.3750000000,-99.7533111572
469894.0312500000,-99.8659210205
470977.1875000000,-99.8805923462
472062.8125000000,-99.8875732422
473151.4687500000,-99.8892898560
474242.1250000000,-99.9087066650
475335.2812500000,-99.9164428711
476430.9687500000,-99.9349365234
477529.1562500000,-99.9405441284
478629.9062500000,-99.9468078613
479733.7187500000,-99.9571609497
480839.5312500000,-99.9717102051
481947.9062500000,-100.0361938477
483058.8125000000,-100.1119003296
484172.3125000000,-100.1789245605
485288.3437500000,-100.2196884155
486406.9687500000,-100.2224731445
487528.7187500000,-100.2262725830
488652.5000000000,-100.2267761230
489778.8750000000,-100.2329635620
490907.8437500000,-100.2584533691
492039.4375000000,-100.3093261719
493173.6250000000,-100.3742675781
494310.4375000000,-100.4456176758
495450.3750000000,-100.4915771484
496592.4375000000,-100.4937362671
497737.1250000000,-100.5239868164
498884.4375000000,-100.5245285034
500034.4062500000,-100.5272979736
501187.0000000000,-100.5773773193
502342.8437500000,-100.5983581543
503500.7812500000,-100.6080856323
504661.3750000000,-100.6396102905
505824.6562500000,-100.6830825806
506990.6250000000,-100.6905899048
508159.2812500000,-100.7003250122
509330.6250000000,-100.7332687378
510505.2187500000,-100.7353668213
511681.9687500000,-100.7737045288
512861.4375000000,-100.8311996460
514043.6250000000,-100.8527679443
515228.5312500000,-100.8529205322
516416.1562500000,-100.8537368774
517607.0937500000,-100.8830108643
518800.2187500000,-100.9440994263
519996.0937500000,-100.9859771729
521194.7187500000,-100.9874343872
522396.1250000000,-101.0105743408
523600.2812500000,-101.0188598633
524807.1875000000,-101.0290603638
526017.5000000000,-101.0559234619
527230.0000000000,-101.0858688354
528445.3125000000,-101.0893707275
529663.4375000000,-101.1068496704
530884.3125000000,-101.1175842285
532108.0625000000,-101.1413726807
533335.1875000000,-101.1490402222
534564.5625000000,-101.1568603516
535796.7500000000,-101.1962738037
537031.8125000000,-101.2725219727
538269.6875000000,-101.3276977539
539510.4375000000,-101.3681488037
540754.0625000000,-101.4006042480
542001.1250000000,-101.4531097412
543250.5000000000,-101.5118255615
544502.7500000000,-101.5922393799
545757.8750000000,-101.6290130615
547015.8750000000,-101.6393127441
548276.7500000000,-101.6606521606
549540.5625000000,-101.6761856079
550807.9375000000,-101.6959457397
552077.5625000000,-101.7167053223
553350.1250000000,-101.7284088135
554625.6875000000,-101.7383499146
555904.1250000000,-101.7943344116
557185.5000000000,-101.9044494629
558470.5000000000,-101.9796524048
559757.8125000000,-102.0405807495
561048.0625000000,-102.0610275269
562341.3125000000,-102.0671997070
563637.5625000000,-102.0833816528
564936.8125000000,-102.0943984985
566239.0000000000,-102.1024169922
567544.8750000000,-102.1103897095
568853.0625000000,-102.1334381104
570164.3125000000,-102.1335525513
571478.6250000000,-102.1339340210
572795.8750000000,-102.1466827393
574116.2500000000,-102.1650619507
575440.2500000000,-102.2162704468
576766.6875000000,-102.2652664185
578096.1875000000,-102.2845382690
579428.6875000000,-102.3043365479
580764.3125000000,-102.3080749512
582103.0625000000,-102.3205795288
583444.8125000000,-102.3475418091
584790.3750000000,-102.3619384766
586138.3125000000,-102.3814544678
587489.4375000000,-102.3952102661
588843.6250000000,-102.4006729126
590200.9375000000,-102.4104461670
591561.4375000000,-102.4326553345
592925.0000000000,-102.4341812134
594292.3750000000,-102.4929809570
595662.2500000000,-102.5865020752
597035.3125000000,-102.6659927368
598411.5000000000,-102.6852722168
599790.9375000000,-102.6854705811
601173.4375000000,-102.6881408691
602559.8750000000,-102.6969451904
603948.8125000000,-102.7026824951
605340.9375000000,-102.7069168091
606736.3125000000,-102.7219467163
608134.8750000000,-102.7362747192
609536.6875000000,-102.7468261719
610941.6875000000,-102.7525558472
612350.6250000000,-102.8146286011
613762.1250000000,-102.8327178955
615176.9375000000,-102.8364028931
616594.9375000000,-102.8762512207
618016.2500000000,-102.9228897095
619440.8125000000,-102.9239959717
620869.3750000000,-102.9540634155
622300.5000000000,-102.9637298584
623734.9375000000,-102.9874191284
625172.6875000000,-102.9885330200
626613.7500000000,-103.0125427246
628058.1250000000,-103.0139999390
629505.8750000000,-103.0187835693
630957.6250000000,-103.0752105713
632412.0000000000,-103.0855255127
633869.7500000000,-103.0996475220
635330.8750000000,-103.1767196655
636795.3750000000,-103.2124099731
638263.2500000000,-103.2249984741
639735.1875000000,-103.2678680420
641209.8125000000,-103.2697525024
642687.8750000000,-103.3110656738
644169.3125000000,-103.3286972046
645654.1250000000,-103.3618774414
647142.4375000000,-103.3851013184
648634.1250000000,-103.3858795166
650130.0000000000,-103.4152374268
651628.5625000000,-103.4305496216
653130.6250000000,-103.4497985840
654636.1250000000,-103.4637680054
656145.1250000000,-103.5717315674
657657.6250000000,-103.6332397461
659173.5625000000,-103.6565322876
660693.6875000000,-103.6596450806
662216.6250000000,-103.6622772217
663743.1250000000,-103.6728210449
665273.0625000000,-103.7200851440
666806.5625000000,-103.7849349976
668343.6250000000,-103.7888336182
669884.9375000000,-103.7974777222
671429.0625000000,-103.8224182129
672976.7500000000,-103.8494949341
674528.0000000000,-103.8582458496
676082.8750000000,-103.8914718628
677641.2500000000,-103.9163055420
679203.3125000000,-103.9206542969
680769.6250000000,-103.9276580811
682338.8750000000,-104.0811386108
683911.6875000000,-104.2038803101
685488.1875000000,-104.2237854004
687068.2500000000,-104.2347030640
688652.0000000000,-104.2442855835
690240.1875000000,-104.2504501343
691831.1875000000,-104.2543334961
693425.9375000000,-104.2644119263
695024.3125000000,-104.2863082886
696626.4375000000,-104.2962112427
698232.1875000000,-104.3239593506
699841.6875000000,-104.3293457031
701455.6250000000,-104.3554840088
703072.5000000000,-104.3699722290
704693.1250000000,-104.4121627808
706317.5000000000,-104.4174880981
707945.6250000000,-104.4272079468
709577.5000000000,-104.4406356812
711213.8750000000,-104.4714126587
712853.3125000000,-104.4733505249
714496.5000000000,-104.4804000854
716143.4375000000,-104.4832153320
717794.1875000000,-104.4956817627
719448.7500000000,-104.5297927856
721107.1250000000,-104.5405426025
722770.1250000000,-104.5922088623
724436.1875000000,-104.6075592041
726106.0625000000,-104.6431503296
727779.8125000000,-104.8173141479
729457.3750000000,-104.8693008423
731138.8125000000,-104.8800048828
732824.1250000000,-104.9252014160
734514.1875000000,-104.9313735962
736207.2500000000,-104.9317245483
737904.3125000000,-105.0065841675
739605.1875000000,-105.0407409668
741310.0625000000,-105.0660629272
743018.8125000000,-105.1017227173
744732.3750000000,-105.1290435791
746449.0000000000,-105.1470947266
748169.6250000000,-105.1755294800
749894.1875000000,-105.1862106323
751622.7500000000,-105.1889343262
753355.3125000000,-105.2113265991
755091.8750000000,-105.2243576050
756833.2500000000,-105.2265014648
758577.7500000000,-105.2526016235
760326.3750000000,-105.2738342285
762078.9375000000,-105.2768707275
763835.6250000000,-105.2887344360
765596.3125000000,-105.2928619385
767361.8750000000,-105.3311386108
769130.6875000000,-105.4151306152
770903.6250000000,-105.5259933472
772680.6250000000,-105.5893783569
774461.6875000000,-105.5978469849
776246.8750000000,-105.6130523682
778036.1875000000,-105.6370162964
779830.4375000000,-105.6574172974
781628.0000000000,-105.6670150757
783429.7500000000,-105.7085647583
785235.6250000000,-105.7129592896
787045.6250000000,-105.7522888184
788859.8125000000,-105.7538299561
790678.1875000000,-105.7767333984
792501.6250000000,-105.7854843140
794328.4375000000,-105.7890701294
796159.3750000000,-105.8559341431
797994.6250000000,-105.8581619263
799834.0000000000,-105.8764953613
801677.6875000000,-105.8779602051
803526.5000000000,-105.8838500977
805378.6875000000,-105.9047927856
807235.1250000000,-105.9231643677
809095.8750000000,-105.9468231201
810960.9375000000,-105.9654998779
812830.2500000000,-105.9745025635
814703.8750000000,-106.0062789917
816582.6875000000,-106.0842895508
818465.0000000000,-106.1032714844
820351.6250000000,-106.1260147095
822242.5625000000,-106.1808776855
824137.8750000000,-106.1903381348
826037.6250000000,-106.2074203491
827942.5625000000,-106.2327041626
829851.0625000000,-106.2888870239
831763.9375000000,-106.2978057861
833681.1875000000,-106.3116226196
835602.8750000000,-106.3156356812
837529.0000000000,-106.3218688965
839459.5625000000,-106.3349304199
841395.5000000000,-106.3423538208
843335.0000000000,-106.4012603760
845278.9375000000,-106.4365921021
847227.3750000000,-106.4417343140
849180.2500000000,-106.4774551392
851137.6875000000,-106.4799118042
853100.5625000000,-106.5076751709
855067.0000000000,-106.5262985229
857038.0000000000,-106.6156463623
859013.5625000000,-106.6600112915
860993.6250000000,-106.6708679199
862978.3125000000,-106.6887893677
864967.5000000000,-106.6933670044
866962.2500000000,-106.7298202515
868960.6875000000,-106.7661209106
870963.6875000000,-106.7706298828
872971.3125000000,-106.8171539307
874983.6250000000,-106.8329238892
877000.5000000000,-106.9160842896
879022.0625000000,-106.9706573486
881049.2500000000,-106.9903564453
883080.1250000000,-107.0083923340
885115.6875000000,-107.0803070068
887155.9375000000,-107.0984420776
889200.8750000000,-107.0989761353
891250.5625000000,-107.1328430176
893305.9375000000,-107.1775512695
895365.0625000000,-107.1791992188
897428.9375000000,-107.1904449463
899497.5625000000,-107.1934432983
901571.0000000000,-107.2158279419
903649.1875000000,-107.2173843384
905732.1250000000,-107.2182769775
907820.9375000000,-107.2967910767
909913.5000000000,-107.3749771118
912010.9375000000,-107.4089660645
914113.1875000000,-107.4260330200
916220.2500000000,-107.4373703003
918332.1875000000,-107.4613876343
920450.0625000000,-107.4818038940
922571.7500000000,-107.4837417603
924698.3750000000,-107.5415496826
926829.8125000000,-107.5738296509
928966.2500000000,-107.5808944702
931107.5625000000,-107.5839462280
933253.8750000000,-107.5915985107
935406.0625000000,-107.6009979248
937562.2500000000,-107.6232299805
939723.4375000000,-107.6263961792
941889.5625000000,-107.6284561157
944060.6875000000,-107.6383666992
946236.8125000000,-107.6416091919
948419.0000000000,-107.6797790527
950605.1250000000,-107.6932907104
952796.3750000000,-107.7142639160
954992.6250000000,-107.7266006470
957193.9375000000,-107.7566223145
959400.3750000000,-107.7657546997
961611.8125000000,-107.7966003418
963829.5000000000,-107.8600921631
966051.1875000000,-107.8812026978
968278.0000000000,-107.8907623291
970509.9375000000,-107.9347076416
972747.0625000000,-107.9443664551
974989.3125000000,-107.9837265015
977236.6875000000,-108.0534362793
979490.3750000000,-108.0952606201
981748.1875000000,-108.1115417480
984011.1875000000,-108.1508026123
986279.3750000000,-108.1719284058
988552.8125000000,-108.2338638306
990831.5000000000,-108.2355270386
993116.5625000000,-108.2501831055
995405.7500000000,-108.2942581177
997700.2500000000,-108.3717269897
1000000.0000000000,-108.5432510376
1002305.0625000000,-108.5776214600
1004615.4375000000,-108.6049652100
1006931.1875000000,-108.6077117920
1009253.3125000000,-108.6082153320
1011579.7500000000,-108.6110382080
1013911.5000000000,-108.6181182861
1016248.6250000000,-108.6312255859
1018591.1250000000,-108.6317367554
1020939.0625000000,-108.6319198608
1023293.5625000000,-108.6425704956
1025652.3125000000,-108.6434326172
1028016.5000000000,-108.6468887329
1030386.1250000000,-108.6653747559
1032761.2500000000,-108.7059631348
1035141.8750000000,-108.7499313354
1037527.9375000000,-108.7925186157
1039920.6250000000,-108.8259201050
1042317.7500000000,-108.8517837524
1044720.3750000000,-108.8723831177
1047128.5000000000,-108.8905334473
1049542.2500000000,-108.9108047485
1051961.5000000000,-108.9369430542
1054386.3750000000,-108.9668197632
1056817.8750000000,-108.9979095459
1059254.0000000000,-109.0141983032
1061695.6250000000,-109.0145568848
1064142.8750000000,-109.0236663818
1066595.8750000000,-109.0250091553
1069054.3750000000,-109.0269546509
1071519.8750000000,-109.0380020142
1073989.7500000000,-109.0483093262
1076465.3750000000,-109.0483551025
1078946.7500000000,-109.0509872437
1081433.7500000000,-109.0582809448
1083926.5000000000,-109.0586090088
1086425.0000000000,-109.0843734741
1088930.5000000000,-109.1330871582
1091440.6250000000,-109.1876449585
1093956.5000000000,-109.2459259033
1096478.1250000000,-109.3065490723
1099005.5000000000,-109.3686065674
1101538.8750000000,-109.4311599731
1104079.1250000000,-109.4895782471
1106624.1250000000,-109.5146560669
1109175.0000000000,-109.5195236206
1111731.7500000000,-109.5279541016
1114294.3750000000,-109.5376663208
1116862.8750000000,-109.5441894531
1119437.3750000000,-109.5527572632
1122019.0000000000,-109.5698013306
1124605.2500000000,-109.5753173828
1127197.6250000000,-109.5824279785
1129795.8750000000,-109.5851593018
1132400.1250000000,-109.6343765259
1135010.3750000000,-109.6792602539
1137627.8750000000,-109.7090988159
1140250.2500000000,-109.7185592651
1142878.6250000000,-109.7199325562
1145513.0000000000,-109.7220840454
1148153.5000000000,-109.7234039307
1150800.0000000000,-109.7257690430
1153452.7500000000,-109.7284317017
1156112.7500000000,-109.7429428101
1158777.7500000000,-109.7601928711
1161448.7500000000,-109.7787857056
1164126.0000000000,-109.7985687256
1166809.3750000000,-109.8201675415
1169499.0000000000,-109.8441467285
1172194.7500000000,-109.8700714111
1174898.0000000000,-109.8958587646
1177606.2500000000,-109.9180679321
1180320.7500000000,-109.9367752075
1183041.3750000000,-109.9554367065
1185768.3750000000,-109.9797439575
1188501.7500000000,-110.0153884888
1191242.6250000000,-110.0658798218
1193988.5000000000,-110.1308670044
1196740.7500000000,-110.2059707642
1199499.2500000000,-110.2837371826
1202264.2500000000,-110.3552017212
1205035.5000000000,-110.4132461548
1207813.2500000000,-110.4566192627
1210598.6250000000,-110.4867630005
1213389.1250000000,-110.5068969727
1216186.1250000000,-110.5208740234
1218989.5000000000,-110.5323715210
1221799.3750000000,-110.5445098877
1224615.7500000000,-110.5596008301
1227439.8750000000,-110.5788497925
1230269.2500000000,-110.6020660400
1233105.0000000000,-110.6277465820
1235947.5000000000,-110.6536712646
1238796.3750000000,-110.6776580811
1241651.8750000000,-110.6993255615
1244514.0000000000,-110.7199020386
1247384.1250000000,-110.7415924072
1250259.3750000000,-110.7661437988
1253141.3750000000,-110.7937011719
1256029.8750000000,-110.8226776123
1258925.1250000000,-110.8508911133
1261827.0000000000,-110.8771743774
1264737.0000000000,-110.9020233154
1267652.3750000000,-110.9266891479
1270574.3750000000,-110.9517593384
1273503.1250000000,-110.9764556885
1276438.6250000000,-110.9996948242
1279380.8750000000,-111.0218124390
1282330.0000000000,-111.0451126099
1285287.2500000000,-111.0722808838
1288250.0000000000,-111.1040802002
1291219.5000000000,-111.1389312744
1294195.7500000000,-111.1754074097
1297179.0000000000,-111.2154159546
1300169.1250000000,-111.2644042969
1303166.1250000000,-111.3180694580
1306171.3750000000,-111.3227462769
1309182.2500000000,-111.3271942139
1312200.0000000000,-111.3573913574
1315224.7500000000,-111.3696136475
1318256.3750000000,-111.4025115967
1321295.1250000000,-111.4302062988
1324342.2500000000,-111.4456558228
1327394.8750000000,-111.4801635742
1330454.6250000000,-111.5187301636
1333521.3750000000,-111.5199737549
1336595.2500000000,-111.5435028076
1339676.2500000000,-111.5671157837
1342764.2500000000,-111.5758819580
1345860.8750000000,-111.6105270386
1348963.2500000000,-111.6893615723
1352072.7500000000,-111.7480926514
1355189.3750000000,-111.7828750610
1358313.1250000000,-111.7878341675
1361444.1250000000,-111.7888107300
1364583.8750000000,-111.7941589355
1367729.3750000000,-111.7945022583
1370882.0000000000,-111.7956466675
1374042.0000000000,-111.8080673218
1377209.2500000000,-111.8266754150
1380383.8750000000,-111.8492813110
1383565.7500000000,-111.8755493164
1386756.5000000000,-111.9052276611
1389953.0000000000,-111.9385375977
1393157.0000000000,-111.9983520508
1396368.2500000000,-112.0673217773
1399587.0000000000,-112.1117019653
1402813.1250000000,-112.1460113525
1406046.7500000000,-112.1671829224
1409289.3750000000,-112.1795578003
1412537.8750000000,-112.1924362183
1415793.8750000000,-112.2135009766
1419057.3750000000,-112.2270584106
1422328.3750000000,-112.2299575806
1425607.0000000000,-112.2432098389
1428894.6250000000,-112.2466659546
1432188.3750000000,-112.2593383789
1435489.6250000000,-112.2740173340
1438798.5000000000,-112.2789230347
1442115.1250000000,-112.2836074829
1445439.2500000000,-112.2948760986
1448771.1250000000,-112.2980270386
1452112.2500000000,-112.3178100586
1455459.5000000000,-112.3572540283
1458814.3750000000,-112.3932647705
1462177.0000000000,-112.4243011475
1465547.5000000000,-112.4494857788
1468925.6250000000,-112.4669342041
1472313.2500000000,-112.4754562378
1475707.0000000000,-112.4789657593
1479108.6250000000,-112.4969329834
1482518.1250000000,-112.5392532349
1485935.3750000000,-112.6043930054
1489360.6250000000,-112.6783142090
1492793.6250000000,-112.7204208374
1496236.3750000000,-112.7318344116
1499685.2500000000,-112.7410583496
1503142.1250000000,-112.7518005371
1506607.0000000000,-112.7745208740
1510079.7500000000,-112.7783355713
1513560.6250000000,-112.7892990112
1517051.1250000000,-112.7900848389
1520548.1250000000,-112.7998886108
1524053.0000000000,-112.8043289185
1527566.1250000000,-112.8154373169
1531087.2500000000,-112.8187026978
1534616.5000000000,-112.8231201172
1538153.8750000000,-112.8261184692
1541701.1250000000,-112.9145278931
1545254.8750000000,-113.0222396851
1548816.8750000000,-113.1035919189
1552387.0000000000,-113.1050949097
1555965.3750000000,-113.1473846436
1559551.8750000000,-113.1549224854
1563146.7500000000,-113.1550445557
1566751.7500000000,-113.1979904175
1570363.1250000000,-113.2198486328
1573983.0000000000,-113.2275466919
1577611.1250000000,-113.2322540283
1581247.6250000000,-113.2361984253
1584892.5000000000,-113.2378158569
1588547.5000000000,-113.2389678955
1592209.2500000000,-113.2400894165
1595879.3750000000,-113.2511367798
1599558.0000000000,-113.2515029907
1603245.1250000000,-113.3058471680
1606940.7500000000,-113.4185485840
1610644.8750000000,-113.4908676147
1614359.2500000000,-113.5135498047
1618080.5000000000,-113.5262145996
1621810.2500000000,-113.5412673950
1625548.6250000000,-113.5608673096
1629295.6250000000,-113.5804061890
1633051.2500000000,-113.6081924438
1636817.3750000000,-113.6475219727
1640590.3750000000,-113.7323837280
1644372.0000000000,-113.8357925415
1648162.3750000000,-113.8371963501
1651961.5000000000,-113.8460235596
1655769.5000000000,-113.8737182617
1659586.1250000000,-113.9061965942
1663413.3750000000,-113.9083480835
1667247.6250000000,-113.9395141602
1671090.7500000000,-113.9696655273
1674942.7500000000,-113.9699783325
1678803.6250000000,-114.0452575684
1682673.3750000000,-114.0540084839
1686554.0000000000,-114.0765228271
1690441.6250000000,-114.0969696045
1694338.1250000000,-114.1058425903
1698243.7500000000,-114.1113815308
1702158.2500000000,-114.2251892090
1706081.8750000000,-114.3120498657
1710014.5000000000,-114.3494415283
1713958.1250000000,-114.3535614014
1717908.8750000000,-114.3626632690
1721868.8750000000,-114.3633346558
1725837.8750000000,-114.3639831543
1729816.0000000000,-114.3657302856
1733803.3750000000,-114.3777694702
1737799.8750000000,-114.3817977905
1741807.6250000000,-114.3849716187
1745822.6250000000,-114.3893051147
1749846.7500000000,-114.4035720825
1753880.3750000000,-114.4053955078
1757923.1250000000,-114.4102096558
1761975.2500000000,-114.4110336304
1766038.7500000000,-114.4146957397
1770109.5000000000,-114.4249649048
1774189.7500000000,-114.4286041260
1778279.3750000000,-114.5076675415
1782378.5000000000,-114.5881271362
1786487.0000000000,-114.6886291504
1790605.0000000000,-114.7458496094
1794734.3750000000,-114.7459793091
1798871.3750000000,-114.7464599609
1803017.8750000000,-114.7487106323
1807174.0000000000,-114.7505416870
1811339.6250000000,-114.7530517578
1815514.8750000000,-114.7599411011
1819701.8750000000,-114.7745590210
1823896.3750000000,-114.7747497559
1828100.6250000000,-114.7846755981
1832314.5000000000,-114.7903060913
1836538.1250000000,-114.8572082520
1840771.3750000000,-114.9043731689
1845014.5000000000,-114.9559097290
1849269.5000000000,-114.9911270142
1853532.1250000000,-115.0330352783
1857804.6250000000,-115.0989227295
1862087.0000000000,-115.1589508057
1866379.2500000000,-115.2209396362
1870681.3750000000,-115.2386932373
1874993.5000000000,-115.2445907593
1879317.5000000000,-115.2521438599
1883649.5000000000,-115.2744674683
1887991.5000000000,-115.2845611572
1892343.3750000000,-115.3099899292
1896705.3750000000,-115.3192825317
1901077.3750000000,-115.3197860718
1905461.6250000000,-115.3211364746
1909853.8750000000,-115.3380279541
1914256.2500000000,-115.3580169678
1918668.7500000000,-115.3986663818
1923091.3750000000,-115.4463729858
1927524.2500000000,-115.4969787598
1931967.3750000000,-115.5425643921
1936422.7500000000,-115.5700073242
1940886.3750000000,-115.5755386353
1945360.2500000000,-115.5836868286
1949844.3750000000,-115.6040954590
1954339.0000000000,-115.6175155640
1958843.8750000000,-115.6451416016
1963361.2500000000,-115.6609268188
1967887.0000000000,-115.7017517090
1972423.1250000000,-115.7024536133
1976969.6250000000,-115.7523803711
1981526.7500000000,-115.7529830933
1986094.2500000000,-115.7533874512
1990672.3750000000,-115.7621765137
1995263.2500000000,-115.7767181396
1999862.3750000000,-115.7846221924
2004472.2500000000,-115.8096771240
2009092.7500000000,-115.8140411377
2013723.7500000000,-115.8568496704
2018365.6250000000,-115.9326629639
2023020.2500000000,-115.9702377319
2027683.5000000000,-115.9745712280
2032357.3750000000,-115.9759140015
2037042.1250000000,-116.0151977539
2041737.6250000000,-116.1098937988
2046444.0000000000,-116.1740188599
2051161.2500000000,-116.1796798706
2055891.5000000000,-116.2127304077
2060630.5000000000,-116.2187957764
2065380.3750000000,-116.2395095825
2070141.2500000000,-116.2654953003
2074913.1250000000,-116.2762069702
2079695.8750000000,-116.3167572021
2084489.7500000000,-116.3428268433
2089297.0000000000,-116.3712158203
2094112.8750000000,-116.4075393677
2098940.0000000000,-116.4362106323
2103778.2500000000,-116.4452285767
2108627.5000000000,-116.4478454590
2113488.0000000000,-116.4809951782
2118362.2500000000,-116.5399246216
2123245.2500000000,-116.5935287476
2128139.5000000000,-116.6161804199
2133045.0000000000,-116.6194763184
2137961.7500000000,-116.6554489136
2142889.7500000000,-116.7152404785
2147829.5000000000,-116.7163925171
2152782.7500000000,-116.7192382813
2157745.0000000000,-116.7395858765
2162718.7500000000,-116.7615509033
2167704.0000000000,-116.7641448975
2172700.7500000000,-116.7675094604
2177708.7500000000,-116.7920608521
2182731.0000000000,-116.8346862793
2187762.5000000000,-116.8349685669
2192805.2500000000,-116.8645782471
2197860.0000000000,-116.9289779663
2202926.2500000000,-116.9512863159
2208004.0000000000,-116.9531021118
2213093.7500000000,-116.9547348022
2218197.5000000000,-116.9558639526
2223310.5000000000,-116.9690246582
2228435.5000000000,-116.9697723389
2233572.0000000000,-116.9829330444
2238720.7500000000,-116.9995651245
2243881.0000000000,-117.0501327515
2249055.7500000000,-117.0784149170
2254240.0000000000,-117.1001052856
2259436.2500000000,-117.1133651733
2264644.5000000000,-117.1735000610
2269864.5000000000,-117.2048721313
2275096.7500000000,-117.2102966309
2280341.0000000000,-117.2461013794
2285600.0000000000,-117.2648086548
2290868.2500000000,-117.2843246460
2296149.0000000000,-117.3880462646
2301441.7500000000,-117.5004501343
2306746.7500000000,-117.5088500977
2312064.0000000000,-117.5091857910
2317393.5000000000,-117.5180511475
2322737.7500000000,-117.5253372192
2328091.7500000000,-117.5485000610
2333458.2500000000,-117.5485458374
2338837.0000000000,-117.5644683838
2344228.2500000000,-117.5725936890
2349631.7500000000,-117.6126556396
2355050.5000000000,-117.6190109253
2360479.0000000000,-117.6241989136
2365920.0000000000,-117.6243209839
2371373.7500000000,-117.6477508545
2376840.0000000000,-117.6498794556
2382318.7500000000,-117.6504745483
2387810.0000000000,-117.6713180542
2393316.7500000000,-117.6965026855
2398833.5000000000,-117.7403488159
2404363.0000000000,-117.7567977905
2409905.2500000000,-117.7736663818
2415460.2500000000,-117.8112335205
2421028.0000000000,-117.8291854858
2426611.2500000000,-117.8642272949
2432205.0000000000,-117.9128875732
2437811.2500000000,-117.9243927002
2443430.5000000000,-117.9392623901
2449063.0000000000,-117.9667434692
2454708.2500000000,-117.9763946533
2460366.5000000000,-118.0143661499
2466040.5000000000,-118.1042022705
2471724.7500000000,-118.1280441284
2477422.2500000000,-118.1511306763
2483133.0000000000,-118.1641693115
2488856.7500000000,-118.1772384644
2494593.7500000000,-118.1995468140
2500344.0000000000,-118.2188568115
2506110.2500000000,-118.2205963135
2511887.0000000000,-118.2445526123
2517677.0000000000,-118.2585601807
2523480.5000000000,-118.2653198242
2529297.2500000000,-118.2693176270
2535127.5000000000,-118.2742385864
2540974.0000000000,-118.3672561646
2546831.0000000000,-118.4323577881
2552701.7500000000,-118.4424896240
2558585.7500000000,-118.5065231323
2564483.5000000000,-118.5114212036
2570395.0000000000,-118.5463180542
2576319.7500000000,-118.5673141479
2582261.2500000000,-118.5799865723
2588213.5000000000,-118.5904922485
2594179.5000000000,-118.5929794312
2600159.2500000000,-118.6039657593
2606153.0000000000,-118.6066131592
2612160.2500000000,-118.6119003296
2618184.2500000000,-118.6125869751
2624219.5000000000,-118.6427612305
2630268.5000000000,-118.6575622559
2636331.5000000000,-118.6647109985
2642408.2500000000,-118.6895065308
2648499.2500000000,-118.6978912354
2654604.2500000000,-118.7450790405
2660726.2500000000,-118.7641220093
2666859.5000000000,-118.7933502197
2673006.7500000000,-118.8410415649
2679168.2500000000,-118.8933105469
2685343.7500000000,-118.9181671143
2691533.7500000000,-118.9212265015
2697741.0000000000,-118.9538345337
2703959.2500000000,-118.9557952881
2710192.2500000000,-118.9645385742
2716439.2500000000,-118.9668045044
2722701.0000000000,-118.9780120850
2728977.0000000000,-118.9967041016
2735267.5000000000,-119.0236129761
2741575.5000000000,-119.1271514893
2747895.0000000000,-119.1364288330
2754229.0000000000,-119.1406097412
2760577.7500000000,-119.1901245117
2766941.0000000000,-119.1994628906
2773319.0000000000,-119.2011566162
2779711.7500000000,-119.2854309082
2786122.2500000000,-119.3726806641
2792544.5000000000,-119.4563674927
2798981.5000000000,-119.5021057129
2805433.2500000000,-119.5137023926
2811900.0000000000,-119.5296707153
2818381.7500000000,-119.5404281616
2824881.2500000000,-119.5699920654
2831393.0000000000,-119.6116790771
2837919.5000000000,-119.6463317871
2844461.0000000000,-119.6544113159
2851017.7500000000,-119.6666259766
2857589.5000000000,-119.6789627075
2864176.5000000000,-119.6890106201
2870781.7500000000,-119.7092971802
2877399.2500000000,-119.7897567749
2884031.7500000000,-119.8048477173
2890679.7500000000,-119.8119888306
2897343.0000000000,-119.8219146729
2904021.5000000000,-119.8471679688
2910718.7500000000,-119.8529205322
2917428.0000000000,-119.8532867432
2924153.0000000000,-119.8733520508
2930893.2500000000,-119.9206924438
2937649.2500000000,-119.9301147461
2944420.7500000000,-119.9337921143
2951207.7500000000,-119.9366683960
2958013.7500000000,-119.9541473389
2964832.2500000000,-119.9858856201
2971666.2500000000,-119.9935226440
2978516.2500000000,-119.9972686768
2985382.0000000000,-120.0074005127
2992263.5000000000,-120.0090255737
2999164.2500000000,-120.0090942383
3006077.5000000000,-120.0358810425
3013006.7500000000,-120.0637283325
3019951.7500000000,-120.0979232788
3026913.0000000000,-120.1349334717
3033890.2500000000,-120.1724319458
3040883.7500000000,-120.2084350586
3047896.5000000000,-120.2379302979
3054922.0000000000,-120.2633514404
3061963.7500000000,-120.2838134766
3069022.0000000000,-120.3030395508
3076096.2500000000,-120.3217849731
3083186.7500000000,-120.3459548950
3090293.7500000000,-120.3716735840
3097420.5000000000,-120.4014282227
3104560.2500000000,-120.4314651489
3111716.5000000000,-120.4617462158
3118889.2500000000,-120.4894409180
3126078.5000000000,-120.5160827637
3133284.5000000000,-120.5393524170
3140510.2500000000,-120.5602188110
3147749.2500000000,-120.5782165527
3155005.2500000000,-120.5918045044
3162277.7500000000,-120.6040573120
3169567.0000000000,-120.6161499023
3176873.0000000000,-120.6325531006
3184196.0000000000,-120.6550064087
3191539.2500000000,-120.6892776489
3198896.0000000000,-120.7282333374
3206269.7500000000,-120.7749176025
3213660.2500000000,-120.8191757202
3221068.0000000000,-120.8602752686
3228492.7500000000,-120.8912353516
3235938.2500000000,-120.9182510376
3243397.2500000000,-120.9381484985
3250873.5000000000,-120.9577255249
3258367.0000000000,-120.9769897461
3265877.7500000000,-120.9962539673
3273406.0000000000,-121.0141448975
3280951.2500000000,-121.0280227661
3288517.7500000000,-121.0372314453
3296098.0000000000,-121.0437622070
3303695.7500000000,-121.0494155884
3311311.0000000000,-121.0586090088
3318944.0000000000,-121.0726776123
3326594.2500000000,-121.0969696045
3334262.2500000000,-121.1258087158
3341951.7500000000,-121.1625442505
3349655.2500000000,-121.2037506104
3357376.2500000000,-121.2478179932
3365115.2500000000,-121.2974243164
3372872.2500000000,-121.3487014771
3380646.7500000000,-121.4017791748
3388443.2500000000,-121.4513931274
3396253.7500000000,-121.4961090088
3404082.5000000000,-121.5322341919
3411929.0000000000,-121.5545959473
3419793.7500000000,-121.5700073242
3427676.7500000000,-121.5748214722
3435577.7500000000,-121.5767440796
3443500.7500000000,-121.5781784058
3451438.2500000000,-121.5848159790
3459394.0000000000,-121.5983505249
3467368.2500000000,-121.6170349121
3475360.7500000000,-121.6436538696
3483371.7500000000,-121.6705322266
3491405.0000000000,-121.6975326538
3499452.7500000000,-121.7197265625
3507519.2500000000,-121.7397308350
3515604.5000000000,-121.7576141357
3523708.2500000000,-121.7729492188
3531830.5000000000,-121.7861785889
3539971.7500000000,-121.7972488403
3548135.5000000000,-121.8020858765
3556314.2500000000,-121.8055191040
3564511.7500000000,-121.8076400757
3572728.2500000000,-121.8156127930
3580963.5000000000,-121.8302154541
3589218.0000000000,-121.8514251709
3597495.2500000000,-121.8845062256
3605787.7500000000,-121.9204101563
3614099.2500000000,-121.9580001831
3622430.0000000000,-121.9911651611
3630780.0000000000,-122.0176467896
3639149.2500000000,-122.0389709473
3647537.7500000000,-122.0541000366
3655949.5000000000,-122.0698394775
3664376.7500000000,-122.0873336792
3672823.5000000000,-122.1089706421
3681289.5000000000,-122.1329193115
3689775.2500000000,-122.1563034058
3698280.5000000000,-122.1779632568
3706805.2500000000,-122.1960601807
3715353.7500000000,-122.2146453857
3723918.0000000000,-122.2346038818
3732501.7500000000,-122.2620849609
3741105.5000000000,-122.2977676392
3749729.0000000000,-122.3399810791
3758372.5000000000,-122.3895339966
3767039.7500000000,-122.4389190674
3775723.2500000000,-122.4827880859
3784426.5000000000,-122.5189743042
3793149.7500000000,-122.5384445190
3801893.2500000000,-122.5520706177
3810657.0000000000,-122.5630798340
3819440.7500000000,-122.5767898560
3828249.0000000000,-122.5993270874
3837073.5000000000,-122.6272964478
3845918.2500000000,-122.6598510742
3854783.2500000000,-122.6934738159
3863668.7500000000,-122.7225799561
3872574.7500000000,-122.7460861206
3881505.7500000000,-122.7621154785
3890452.7500000000,-122.7677917480
3899420.5000000000,-122.7702941895
3908409.0000000000,-122.7719421387
3917418.2500000000,-122.7767257690
3926448.0000000000,-122.7909393311
3935498.7500000000,-122.8131027222
3944574.7500000000,-122.8431243896
3953667.2500000000,-122.8817138672
3962780.7500000000,-122.9243774414
3971915.2500000000,-122.9654693604
3981070.7500000000,-123.0021438599
3990247.5000000000,-123.0283966064
3999449.7500000000,-123.0454864502
4008668.7500000000,-123.0616226196
4017909.0000000000,-123.0813140869
4027170.5000000000,-123.1127090454
4036453.5000000000,-123.1592941284
4045757.7500000000,-123.2128143311
4055083.5000000000,-123.2686309814
4064435.2500000000,-123.3202819824
4073804.0000000000,-123.3536605835
4083194.5000000000,-123.3552474976
4092606.5000000000,-123.3584747314
4102040.2500000000,-123.3606872559
4111495.7500000000,-123.3714065552
4120973.0000000000,-123.3745422363
4130476.7500000000,-123.3792266846
4139997.7500000000,-123.3811187744
4149540.7500000000,-123.4146499634
4159105.7500000000,-123.4522552490
4168692.7500000000,-123.4861145020
4178301.7500000000,-123.5138549805
4187937.7500000000,-123.5344924927
4197591.0000000000,-123.5498504639
4207267.0000000000,-123.5674819946
4216965.0000000000,-123.5900344849
4226685.5000000000,-123.6168212891
4236428.0000000000,-123.6379776001
4246193.5000000000,-123.6429901123
4255986.0000000000,-123.6449050903
4265796.5000000000,-123.6554641724
4275629.5000000000,-123.6562271118
4285485.0000000000,-123.6630096436
4295363.0000000000,-123.6648254395
4305264.5000000000,-123.6960906982
4315193.0000000000,-123.7468338013
4325140.0000000000,-123.8008041382
4335109.5000000000,-123.8517303467
4345102.5000000000,-123.8959884644
4355118.0000000000,-123.9331130981
4365157.0000000000,-123.9636230469
4375219.0000000000,-123.9864730835
4385309.0000000000,-124.0017547607
4395417.5000000000,-124.0112152100
4405549.0000000000,-124.0202331543
4415704.5000000000,-124.0359802246
4425883.0000000000,-124.0587997437
4436085.0000000000,-124.0858688354
4446310.5000000000,-124.1135635376
4456564.0000000000,-124.1393432617
4466837.0000000000,-124.1660385132
4477133.5000000000,-124.2025909424
4487453.5000000000,-124.2499771118
4497797.5000000000,-124.3026657104
4508165.0000000000,-124.3027114868
4518561.5000000000,-124.3035125732
4528977.0000000000,-124.3224563599
4539417.0000000000,-124.3227005005
4549880.5000000000,-124.3513793945
4560368.5000000000,-124.3521194458
4570880.5000000000,-124.3610610962
4581416.5000000000,-124.3814697266
4591982.0000000000,-124.3857116699
4602567.0000000000,-124.3974075317
4613176.0000000000,-124.4098129272
4623810.0000000000,-124.4533386230
4634468.0000000000,-124.4819259644
4645151.0000000000,-124.4940109253
4655863.5000000000,-124.4953308105
4666595.5000000000,-124.4953613281
4677352.0000000000,-124.5023269653
4688134.0000000000,-124.5184249878
4698940.5000000000,-124.5384826660
4709771.5000000000,-124.5555572510
4720628.0000000000,-124.5701828003
4731514.5000000000,-124.5861663818
4742421.0000000000,-124.6059570313
4753353.0000000000,-124.6296310425
4764309.5000000000,-124.6567611694
4775291.5000000000,-124.6891632080
4786299.0000000000,-124.7315139771
4797337.0000000000,-124.7875061035
4808395.5000000000,-124.8532257080
4819479.0000000000,-124.9142227173
4830588.0000000000,-124.9596023560
4841723.0000000000,-124.9869232178
4852883.5000000000,-125.0015411377
4864070.0000000000,-125.0109786987
4875287.0000000000,-125.0203475952
4886525.0000000000,-125.0321807861
4897789.0000000000,-125.0493774414
4909078.5000000000,-125.0759124756
4920394.5000000000,-125.1127853394
4931736.0000000000,-125.1540069580
4943104.0000000000,-125.1894760132
4954504.0000000000,-125.2158432007
4965924.5000000000,-125.2364578247
4977371.0000000000,-125.2557754517
4988844.5000000000,-125.2767944336
5000344.0000000000,-125.3006896973
5011870.0000000000,-125.3260955811
5023428.5000000000,-125.3494644165
5035007.5000000000,-125.3680038452
5046614.0000000000,-125.3822708130
5058246.5000000000,-125.3945465088
5069906.0000000000,-125.4050369263
5081592.5000000000,-125.4123001099
5093306.0000000000,-125.4193878174
5105052.0000000000,-125.4365768433
5116819.5000000000,-125.4723129272
5128614.5000000000,-125.5197448730
5140436.0000000000,-125.5281143188
5152285.0000000000,-125.5290145874
5164161.5000000000,-125.5475845337
5176071.0000000000,-125.5477523804
5188002.0000000000,-125.5566787720
5199961.0000000000,-125.5646133423
5211947.0000000000,-125.5774307251
5223961.0000000000,-125.6111068726
5236002.5000000000,-125.6502304077
5248072.0000000000,-125.6976470947
5260175.0000000000,-125.7491073608
5272300.0000000000,-125.7941589355
5284453.0000000000,-125.8249969482
5296634.0000000000,-125.8420562744
5308843.5000000000,-125.8519439697
5321080.5000000000,-125.8580093384
5333352.0000000000,-125.8655929565
5345645.5000000000,-125.8806381226
5357967.5000000000,-125.9101181030
5370318.0000000000,-125.9338150024
5382697.0000000000,-125.9462890625
5395104.5000000000,-125.9478454590
5407541.0000000000,-125.9546203613
5420011.5000000000,-125.9765701294
5432505.0000000000,-125.9926834106
5445027.5000000000,-126.0031127930
5457578.5000000000,-126.0089492798
5470158.5000000000,-126.0360641479
5482767.5000000000,-126.0382537842
5495406.0000000000,-126.0487747192
5508079.0000000000,-126.0696029663
5520775.5000000000,-126.1596450806
5533501.5000000000,-126.2379760742
5546256.5000000000,-126.2835083008
5559041.0000000000,-126.2845382690
5571855.0000000000,-126.2873306274
5584704.5000000000,-126.3034744263
5597578.0000000000,-126.3063125610
5610480.5000000000,-126.3072967529
5623413.5000000000,-126.3450317383
5636375.5000000000,-126.3908691406
5649368.0000000000,-126.4446945190
5662390.0000000000,-126.4975967407
5675448.5000000000,-126.5063323975
5688531.0000000000,-126.5103149414
5701643.5000000000,-126.5321121216
5714786.0000000000,-126.5466613770
5727959.0000000000,-126.5676803589
5741162.5000000000,-126.5798416138
5754402.5000000000,-126.5904312134
5767666.5000000000,-126.6144485474
5780961.5000000000,-126.6245880127
5794287.0000000000,-126.6346511841
5807643.5000000000,-126.6363143921
5821030.5000000000,-126.6931610107
5834448.5000000000,-126.7432861328
5847903.5000000000,-126.7793350220
5861383.5000000000,-126.7800445557
5874894.0000000000,-126.7899322510
5888436.5000000000,-126.7945632935
5902009.5000000000,-126.8005142212
5915614.0000000000,-126.8567428589
5929250.0000000000,-126.8856353760
5942924.0000000000,-126.8863906860
5956622.5000000000,-126.8867797852
5970353.0000000000,-126.8927764893
5984115.5000000000,-126.9131240845
5997909.0000000000,-126.9645538330
6011734.5000000000,-127.0468902588
6025599.0000000000,-127.0915069580
6039488.0000000000,-127.0959854126
6053409.5000000000,-127.1013107300
6067363.0000000000,-127.1219253540
6081349.0000000000,-127.1571197510
6095367.0000000000,-127.1922378540
6109417.0000000000,-127.2145690918
6123506.5000000000,-127.2170257568
6137621.5000000000,-127.2317276001
6151769.0000000000,-127.2728195190
6165949.5000000000,-127.3371124268
6180162.5000000000,-127.3638305664
6194408.0000000000,-127.3639526367
6208693.5000000000,-127.3642730713
6223005.0000000000,-127.3652801514
6237349.5000000000,-127.3673858643
6251727.0000000000,-127.3737030029
6266137.5000000000,-127.3739166260
6280581.5000000000,-127.3960876465
6295058.5000000000,-127.4023132324
6309576.0000000000,-127.4036254883
6324120.0000000000,-127.4266586304
6338698.0000000000,-127.4477996826
6353309.0000000000,-127.4862060547
6367954.0000000000,-127.6031951904
6382632.5000000000,-127.6866836548
6397352.0000000000,-127.7177047729
6412098.0000000000,-127.7250900269
6426878.5000000000,-127.7297744751
6441693.0000000000,-127.7514343262
6456541.5000000000,-127.7590179443
6471424.0000000000,-127.7614288330
6486341.5000000000,-127.7808532715
6501300.0000000000,-127.8207778931
6516286.0000000000,-127.8749923706
6531306.5000000000,-127.8991012573
6546361.5000000000,-127.9045867920
6561451.5000000000,-127.9061203003
6576576.0000000000,-127.9160308838
6591735.5000000000,-127.9225845337
6606937.0000000000,-127.9253311157
6622166.5000000000,-127.9290237427
6637431.0000000000,-127.9559249878
6652731.0000000000,-127.9871902466
6668066.0000000000,-127.9916992188
6683436.0000000000,-128.0021820068
6698849.5000000000,-128.0531463623
6714290.5000000000,-128.0606994629
6729767.5000000000,-128.0731811523
6745280.0000000000,-128.0792388916
6760828.5000000000,-128.0844879150
6776413.0000000000,-128.0863952637
6792033.0000000000,-128.0997619629
6807696.5000000000,-128.1152191162
6823388.5000000000,-128.1300048828
6839117.0000000000,-128.1372985840
6854881.5000000000,-128.1415863037
6870682.5000000000,-128.1986083984
6886520.0000000000,-128.2489929199
6902401.5000000000,-128.3328552246
6918312.0000000000,-128.4119720459
6934259.5000000000,-128.4516296387
6950243.5000000000,-128.4720764160
6966264.0000000000,-128.4734802246
6982322.0000000000,-128.4828338623
6998416.5000000000,-128.5105438232
7014556.0000000000,-128.5402221680
7030725.0000000000,-128.5463409424
7046931.5000000000,-128.5472106934
7063175.0000000000,-128.5685119629
7079456.5000000000,-128.6338195801
7095775.0000000000,-128.6745910645
7112139.0000000000,-128.6936798096
7128533.0000000000,-128.6957397461
7144965.0000000000,-128.7032165527
7161434.5000000000,-128.7054595947
7177942.0000000000,-128.7215728760
7194487.5000000000,-128.7353363037
7211071.5000000000,-128.7521362305
7227701.5000000000,-128.8146362305
7244362.0000000000,-128.8474426270
7261060.5000000000,-128.8490753174
7277798.0000000000,-128.8630065918
7294573.5000000000,-128.8664398193
7311388.0000000000,-128.8838348389
7328241.5000000000,-128.9405670166
7345141.5000000000,-128.9875488281
7362072.5000000000,-129.0003204346
7379043.0000000000,-129.0105438232
7396052.0000000000,-129.0130462646
7413100.5000000000,-129.0152893066
7430188.0000000000,-129.0503082275
7447323.5000000000,-129.0517425537
7464490.0000000000,-129.0706634521
7481696.5000000000,-129.0923004150
7498942.0000000000,-129.1036529541
7516227.5000000000,-129.1244049072
7533553.0000000000,-129.1358032227
7550918.5000000000,-129.2392578125
7568332.0000000000,-129.3282623291
7585777.5000000000,-129.3415374756
7603263.5000000000,-129.3600006104
7620789.5000000000,-129.3601684570
7638356.0000000000,-129.3717346191
7655963.0000000000,-129.4011840820
7673619.0000000000,-129.4109649658
7691307.0000000000,-129.4216461182
7709036.0000000000,-129.4617767334
7726806.0000000000,-129.4632415771
7744617.0000000000,-129.4637756348
7762469.0000000000,-129.4715576172
7780362.0000000000,-129.4913787842
7798304.5000000000,-129.5008850098
7816280.5000000000,-129.5263824463
7834297.5000000000,-129.5391998291
7852356.0000000000,-129.5514831543
7870456.0000000000,-129.6101379395
7888598.0000000000,-129.6700744629
7906782.0000000000,-129.7121582031
7925016.5000000000,-129.7361145020
7943284.0000000000,-129.7465515137
7961594.0000000000,-129.7852325439
7979946.0000000000,-129.7901306152
7998340.5000000000,-129.7910461426
8016777.0000000000,-129.7929534912
8035265.0000000000,-129.7931518555
8053787.0000000000,-129.7949676514
8072351.5000000000,-129.8038940430
8090959.0000000000,-129.8053588867
8109609.0000000000,-129.8058776855
8128302.5000000000,-129.9034271240
8147038.5000000000,-130.0219421387
8165827.0000000000,-130.0808868408
8184650.0000000000,-130.0810089111
8203516.0000000000,-130.0936431885
8222426.0000000000,-130.1001434326
8241379.0000000000,-130.1283874512
8260376.0000000000,-130.1380615234
8279426.0000000000,-130.1679534912
8298510.5000000000,-130.1868743896
8317639.0000000000,-130.1975250244
8336812.0000000000,-130.2088012695
8356029.0000000000,-130.2111053467
8375290.0000000000,-130.2125396729
8394596.0000000000,-130.2313385010
8413955.0000000000,-130.2418518066
8433350.0000000000,-130.2531585693
8452789.0000000000,-130.2531738281
8472274.0000000000,-130.2575531006
8491803.0000000000,-130.3335418701
8511377.0000000000,-130.3557128906
8531006.0000000000,-130.3771514893
8550670.0000000000,-130.3783264160
8570380.0000000000,-130.4577636719
8590136.0000000000,-130.5160522461
8609936.0000000000,-130.5223388672
8629783.0000000000,-130.5328216553
8649675.0000000000,-130.5459747314
8669623.0000000000,-130.5478057861
8689607.0000000000,-130.5488586426
8709637.0000000000,-130.5516815186
8729713.0000000000,-130.5560913086
8749836.0000000000,-130.5710601807
8770005.0000000000,-130.5737304688
8790220.0000000000,-130.5852813721
8810492.0000000000,-130.6423034668
8830801.0000000000,-130.6558990479
8851157.0000000000,-130.6889495850
8871559.0000000000,-130.6897277832
8892009.0000000000,-130.6963195801
8912505.0000000000,-130.7749481201
8933059.0000000000,-130.7772827148
8953651.0000000000,-130.7864837646
8974289.0000000000,-130.7896118164
8994976.0000000000,-130.8088378906
9015710.0000000000,-130.8173675537
9036492.0000000000,-130.8249664307
9057321.0000000000,-130.9500732422
9078209.0000000000,-131.0085296631
9099135.0000000000,-131.0194396973
9120109.0000000000,-131.0593719482
9141132.0000000000,-131.0806732178
9162203.0000000000,-131.0988616943
9183322.0000000000,-131.1088562012
9204500.0000000000,-131.1221923828
9225718.0000000000,-131.1415557861
9246983.0000000000,-131.1594085693
9268298.0000000000,-131.1710052490
9289662.0000000000,-131.1796569824
9311076.0000000000,-131.2091064453
9332538.0000000000,-131.2400207520
9354061.0000000000,-131.3095245361
9375623.0000000000,-131.3742218018
9397234.0000000000,-131.3761291504
9418895.0000000000,-131.3853149414
9440607.0000000000,-131.3878784180
9462368.0000000000,-131.3954162598
9484190.0000000000,-131.3970336914
9506052.0000000000,-131.4070129395
9527964.0000000000,-131.4136505127
9549926.0000000000,-131.4296875000
9571940.0000000000,-131.4297332764
9594004.0000000000,-131.4298400879
9616118.0000000000,-131.4698638916
9638295.0000000000,-131.4720916748
9660512.0000000000,-131.4815216064
9682780.0000000000,-131.5277404785
9705099.0000000000,-131.5279541016
9727470.0000000000,-131.5403747559
9749893.0000000000,-131.5868835449
9772367.0000000000,-131.6410675049
9794904.0000000000,-131.6968078613
9817482.0000000000,-131.7032470703
9840112.0000000000,-131.7034454346
9862794.0000000000,-131.7144622803
9885528.0000000000,-131.7216339111
9908315.0000000000,-131.7426605225
9931165.0000000000,-131.7457580566
9954057.0000000000,-131.7534637451
9977002.0000000000,-131.7709045410
10000000.0000000000,-131.7994842529
10023051.0000000000,-131.8003234863
10046155.0000000000,-131.8183746338
10069312.0000000000,-131.8255310059
10092533.0000000000,-131.8467254639
10115797.0000000000,-131.8585052490
10139115.0000000000,-131.8607788086
10162486.0000000000,-131.8861236572
10185911.0000000000,-131.8899993896
10209391.0000000000,-131.9017333984
10232935.0000000000,-132.0092773438
10256523.0000000000,-132.1152954102
10280165.0000000000,-132.2186737061
10303861.0000000000,-132.3140411377
10327613.0000000000,-132.3901977539
10351418.0000000000,-132.4643402100
10375279.0000000000,-132.5321655273
10399206.0000000000,-132.5580596924
10423177.0000000000,-132.5611724854
10447203.0000000000,-132.5660858154
10471285.0000000000,-132.5696105957
10495422.0000000000,-132.5777893066
10519615.0000000000,-132.5842437744
10543863.0000000000,-132.5871124268
10568179.0000000000,-132.5896606445
10592540.0000000000,-132.5904693604
10616956.0000000000,-132.5911865234
10641429.0000000000,-132.5972137451
10665958.0000000000,-132.5991210938
10690544.0000000000,-132.6061401367
10715198.0000000000,-132.6161804199
10739898.0000000000,-132.6292877197
10764654.0000000000,-132.6453857422
10789467.0000000000,-132.6505126953
10814338.0000000000,-132.6623992920
10839265.0000000000,-132.6714782715
10864251.0000000000,-132.6869964600
10889305.0000000000,-132.6918029785
10914406.0000000000,-132.7120361328
10939565.0000000000,-132.7205200195
10964781.0000000000,-132.7314453125
10990056.0000000000,-132.7314453125
11015388.0000000000,-132.7314453125
11040792.0000000000,-132.7314453125
11066242.0000000000,-132.7314453125
11091750.0000000000,-132.7314453125
11117317.0000000000,-132.7783660889
11142944.0000000000,-132.8260955811
11168629.0000000000,-132.8742828369
11194373.0000000000,-132.9317169189
11220189.0000000000,-132.9927368164
11246053.0000000000,-133.0611572266
11271976.0000000000,-133.1311187744
11297958.0000000000,-133.1970977783
11324001.0000000000,-133.2630310059
11350104.0000000000,-133.3318023682
11376279.0000000000,-133.4043273926
11402502.0000000000,-133.4150695801
11428786.0000000000,-133.4273986816
11455130.0000000000,-133.4626159668
11481535.0000000000,-133.4918670654
11508000.0000000000,-133.5206298828
11534527.0000000000,-133.5705566406
11561128.0000000000,-133.5800933838
11587777.0000000000,-133.6541442871
11614488.0000000000,-133.6697082520
11641260.0000000000,-133.6699829102
11668094.0000000000,-133.6950531006
11694990.0000000000,-133.7232513428
11721947.0000000000,-133.7318420410
11748980.0000000000,-133.7350158691
11776062.0000000000,-133.7411041260
11803207.0000000000,-133.7646636963
11830414.0000000000,-133.8004913330
11857684.0000000000,-133.8320312500
11885017.0000000000,-133.8430938721
11912426.0000000000,-133.9095306396
11939885.0000000000,-133.9627227783
11967407.0000000000,-133.9990234375
11994993.0000000000,-133.9990234375
12022642.0000000000,-133.9990234375
12050355.0000000000,-133.9990234375
12078132.0000000000,-133.9990234375
12105986.0000000000,-133.9990234375
12133892.0000000000,-133.9990234375
12161861.0000000000,-133.9990234375
12189895.0000000000,-134.0022888184
12217994.0000000000,-134.0164794922
12246157.0000000000,-134.0517578125
12274399.0000000000,-134.0583496094
12302692.0000000000,-134.0943756104
12331051.0000000000,-134.1079864502
12359475.0000000000,-134.1197662354
12387964.0000000000,-134.1197662354
12416519.0000000000,-134.1197662354
12445140.0000000000,-134.1446990967
12473841.0000000000,-134.1549072266
12502594.0000000000,-134.1881408691
12531413.0000000000,-134.1887207031
12560299.0000000000,-134.2225646973
12589251.0000000000,-134.2265319824
12618270.0000000000,-134.2511901855
12647370.0000000000,-134.2597656250
12676523.0000000000,-134.2977447510
12705744.0000000000,-134.3004150391
12735031.0000000000,-134.3010559082
12764387.0000000000,-134.3391113281
12793809.0000000000,-134.3435363770
12823300.0000000000,-134.3609771729
12852873.0000000000,-134.3609771729
12882499.0000000000,-134.3609771729
12912195.0000000000,-134.4359436035
12941958.0000000000,-134.5158691406
12971790.0000000000,-134.5850830078
13001691.0000000000,-134.6059875488
13031661.0000000000,-134.6133117676
13061714.0000000000,-134.6166229248
13091822.0000000000,-134.6560516357
13122000.0000000000,-134.6776885986
13152247.0000000000,-134.6912231445
13182564.0000000000,-134.7096252441
13212951.0000000000,-134.7334442139
13243422.0000000000,-134.7382965088
13273949.0000000000,-134.8005828857
13304546.0000000000,-134.8882446289
13335214.0000000000,-134.8988647461
13365953.0000000000,-134.9274291992
13396762.0000000000,-134.9385986328
13427643.0000000000,-134.9665374756
13458609.0000000000,-135.0230712891
13489632.0000000000,-135.0340881348
13520727.0000000000,-135.0607452393
13551893.0000000000,-135.1030273438
13583131.0000000000,-135.1171112061
13614441.0000000000,-135.1171112061
13645839.0000000000,-135.1171112061
13677293.0000000000,-135.1202392578
13708820.0000000000,-135.1209259033
13740420.0000000000,-135.1283264160
13772093.0000000000,-135.1409454346
13803838.0000000000,-135.1537933350
13835657.0000000000,-135.1800231934
13867565.0000000000,-135.1835937500
13899530.0000000000,-135.1860656738
13931570.0000000000,-135.2202453613
13963683.0000000000,-135.2516937256
13995870.0000000000,-135.2542724609
14028132.0000000000,-135.2671661377
14060468.0000000000,-135.2850646973
14092893.0000000000,-135.3032989502
14125379.0000000000,-135.3110504150
14157939.0000000000,-135.3141021729
14190574.0000000000,-135.3148803711
14223284.0000000000,-135.3281707764
14256070.0000000000,-135.3526611328
14288946.0000000000,-135.3712310791
14321884.0000000000,-135.3733520508
14354896.0000000000,-135.3778839111
14387986.0000000000,-135.4066467285
14421151.0000000000,-135.4445037842
14454393.0000000000,-135.4588317871
14487711.0000000000,-135.4644775391
14521122.0000000000,-135.4700927734
14554594.0000000000,-135.4764251709
14588144.0000000000,-135.5475006104
14621770.0000000000,-135.5583953857
14655475.0000000000,-135.5767059326
14689257.0000000000,-135.6158599854
14723133.0000000000,-135.6561431885
14757070.0000000000,-135.6761474609
14791086.0000000000,-135.6815643311
14825181.0000000000,-135.7278747559
14859354.0000000000,-135.7332458496
14893606.0000000000,-135.8218994141
14927937.0000000000,-135.8389434814
14962363.0000000000,-135.8425903320
14996852.0000000000,-135.9564208984
15031421.0000000000,-135.9963378906
15066070.0000000000,-136.0323181152
15100798.0000000000,-136.1062774658
15135607.0000000000,-136.1248016357
15170512.0000000000,-136.1391906738
15205481.0000000000,-136.1542968750
15240531.0000000000,-136.2020111084
15275661.0000000000,-136.2184753418
15310873.0000000000,-136.2260894775
15346165.0000000000,-136.2418518066
15381539.0000000000,-136.2841339111
15417012.0000000000,-136.3482666016
15452549.0000000000,-136.3482666016
15488168.0000000000,-136.3482666016
15523870.0000000000,-136.3482666016
15559653.0000000000,-136.4113311768
15595519.0000000000,-136.4465179443
15631468.0000000000,-136.5022125244
15667517.0000000000,-136.7008514404
15703632.0000000000,-136.9464263916
15739830.0000000000,-136.9464263916
15776111.0000000000,-136.9464263916
15812476.0000000000,-136.9464263916
15848925.0000000000,-136.9464263916
15885475.0000000000,-136.9464263916
15922092.0000000000,-136.9464263916
15958794.0000000000,-136.9464263916
15995580.0000000000,-136.9464263916
16032451.0000000000,-136.9464263916
16069407.0000000000,-136.9464263916
16106448.0000000000,-136.9464263916
16143592.0000000000,-136.9464263916
16180804.0000000000,-136.9464263916
16218102.0000000000,-136.9464263916
16255486.0000000000,-136.9464263916
16292956.0000000000,-136.9464263916
16330513.0000000000,-136.9464263916
16368174.0000000000,-136.8941040039
16405903.0000000000,-136.8941040039
16443720.0000000000,-136.8941040039
16481624.0000000000,-136.8941040039
16519616.0000000000,-136.8651275635
16557694.0000000000,-136.8548126221
16595861.0000000000,-136.8474426270
16634134.0000000000,-136.8267974854
16672477.0000000000,-136.8267974854
16710908.0000000000,-136.8267974854
16749428.0000000000,-136.8267974854
16788036.0000000000,-136.8267974854
16826734.0000000000,-136.8267974854
16865540.0000000000,-136.8267974854
16904416.0000000000,-136.8267974854
16943382.0000000000,-136.8267974854
16982438.0000000000,-136.8474426270
17021582.0000000000,-136.8548126221
17060818.0000000000,-136.8651275635
17100146.0000000000,-136.8651275635
17139582.0000000000,-136.8651275635
17179090.0000000000,-136.8651275635
17218688.0000000000,-136.8651275635
17258378.0000000000,-136.8548126221
17298160.0000000000,-136.8548126221
17338034.0000000000,-136.8651275635
17378000.0000000000,-136.9297180176
17418076.0000000000,-136.9385681152
17458226.0000000000,-136.9482727051
17498468.0000000000,-136.9601898193
17538804.0000000000,-136.9668579102
17579232.0000000000,-136.9832153320
17619752.0000000000,-137.2082824707
17660388.0000000000,-137.2150878906
17701096.0000000000,-137.2417297363
17741898.0000000000,-137.4539184570
17782794.0000000000,-137.5177307129
17823784.0000000000,-137.6256408691
17864870.0000000000,-137.6654968262
17906050.0000000000,-137.7132263184
17947344.0000000000,-137.7134094238
17988714.0000000000,-137.7568969727
18030180.0000000000,-137.7600402832
18071740.0000000000,-137.7719116211
18113396.0000000000,-137.7928466797
18155150.0000000000,-137.8063201904
18197018.0000000000,-137.8395385742
18238964.0000000000,-137.8921813965
18281006.0000000000,-137.9106292725
18323144.0000000000,-137.9395294189
18365380.0000000000,-137.9422607422
18407714.0000000000,-137.9497680664
18450146.0000000000,-137.9538726807
18492694.0000000000,-137.9837951660
18535322.0000000000,-138.0178833008
18578046.0000000000,-138.0210266113
18620870.0000000000,-138.0955963135
18663792.0000000000,-138.1391754150
18706814.0000000000,-138.1980285645
18749934.0000000000,-138.3713836670
18793176.0000000000,-138.4084472656
18836496.0000000000,-138.4564514160
18879914.0000000000,-138.5045623779
18923434.0000000000,-138.5045623779
18967054.0000000000,-138.5045623779
19010774.0000000000,-138.5327758789
19054616.0000000000,-138.5891876221
19098538.0000000000,-138.6315002441
19142562.0000000000,-138.7297058105
19186688.0000000000,-138.7426910400
19230914.0000000000,-138.7539672852
19275242.0000000000,-138.7539672852
19319674.0000000000,-138.7539672852
19364228.0000000000,-138.7539672852
19408864.0000000000,-138.7539672852
19453602.0000000000,-138.7539672852
19498444.0000000000,-138.7539672852
19543390.0000000000,-138.7539672852
19588438.0000000000,-138.7624969482
19633612.0000000000,-138.8101501465
19678870.0000000000,-138.8101501465
19724230.0000000000,-138.8101501465
19769696.0000000000,-138.8133544922
19815268.0000000000,-138.8734588623
19860942.0000000000,-138.9573516846
19906724.0000000000,-138.9704742432
19952632.0000000000,-138.9730682373
19998624.0000000000,-139.0282287598
20044722.0000000000,-139.0282287598
20090926.0000000000,-139.0282287598
20137238.0000000000,-139.0709381104
20183656.0000000000,-139.0801086426
20230202.0000000000,-139.1085205078
20276834.0000000000,-139.1085205078
20323574.0000000000,-139.1499176025
20370422.0000000000,-139.2252655029
20417376.0000000000,-139.2590637207
20464440.0000000000,-139.2252655029
20511612.0000000000,-139.1499176025
20558916.0000000000,-139.0801086426
20606306.0000000000,-139.0801086426
20653804.0000000000,-139.0801086426
20701412.0000000000,-139.0801086426
20749130.0000000000,-139.1499176025
20796960.0000000000,-139.1499176025
20844898.0000000000,-139.1499176025
20892970.0000000000,-139.1499176025
20941130.0000000000,-139.1661376953
20989400.0000000000,-139.2252655029
21037782.0000000000,-139.2252655029
21086276.0000000000,-139.2590637207
21134882.0000000000,-139.2712554932
21183622.0000000000,-139.3011474609
21232452.0000000000,-139.3493499756
21281394.0000000000,-139.3796844482
21330448.0000000000,-139.3938293457
21379618.0000000000,-139.4248352051
21428898.0000000000,-139.4622497559
21478294.0000000000,-139.4855957031
21527826.0000000000,-139.4855957031
21577450.0000000000,-139.4855957031
21627188.0000000000,-139.4622497559
21677040.0000000000,-139.4554290771
21727006.0000000000,-139.4554290771
21777088.0000000000,-139.4554290771
21827310.0000000000,-139.4554290771
21877624.0000000000,-139.4622497559
21928054.0000000000,-139.4804992676
21978600.0000000000,-139.4855957031
22029262.0000000000,-139.6269226074
22080040.0000000000,-139.6464233398
22130936.0000000000,-139.6913909912
22181974.0000000000,-139.7124023438
22233106.0000000000,-139.7124023438
22284354.0000000000,-139.7124023438
22335722.0000000000,-139.7124023438
22387206.0000000000,-139.7356872559
22438810.0000000000,-139.7356872559
22490558.0000000000,-139.7356872559
22542400.0000000000,-139.7356872559
22594362.0000000000,-139.7460479736
22646444.0000000000,-139.7550506592
22698646.0000000000,-139.7576293945
22750968.0000000000,-139.7778015137
22803410.0000000000,-139.8340759277
22855998.0000000000,-139.9777679443
22908684.0000000000,-139.9777679443
22961490.0000000000,-139.9777679443
23014418.0000000000,-139.9777679443
23067468.0000000000,-140.0338134766
23120640.0000000000,-140.1051177979
23173934.0000000000,-140.1088256836
23227378.0000000000,-140.1088256836
23280918.0000000000,-140.1051177979
23334582.0000000000,-140.0338134766
23388370.0000000000,-139.9777679443
23442282.0000000000,-139.9758758545
23496318.0000000000,-139.8340759277
23550504.0000000000,-139.7778015137
23604790.0000000000,-139.7778015137
23659200.0000000000,-139.7778015137
23713738.0000000000,-139.7778015137
23768398.0000000000,-139.7778015137
23823186.0000000000,-139.8340759277
23878100.0000000000,-139.9758758545
23933168.0000000000,-139.9777679443
23988336.0000000000,-139.9777679443
24043630.0000000000,-139.9777679443
24099052.0000000000,-139.9777679443
24154602.0000000000,-139.9777679443
24210280.0000000000,-139.9777679443
24266114.0000000000,-139.9777679443
24322048.0000000000,-139.9777679443
24378112.0000000000,-140.0338134766
24434306.0000000000,-140.1914367676
24490628.0000000000,-140.1914367676
24547082.0000000000,-140.1914367676
24603664.0000000000,-140.2574462891
24660404.0000000000,-140.3643951416
24717248.0000000000,-140.7123107910
24774224.0000000000,-140.7123107910
24831330.0000000000,-140.7123107910
24888568.0000000000,-140.7123107910
24945938.0000000000,-140.2574462891
25003440.0000000000,-140.1914367676
25061102.0000000000,-140.0338134766
25118870.0000000000,-140.0338134766
25176770.0000000000,-140.2574462891
25234804.0000000000,-140.7123107910
25292972.0000000000,-140.7123107910
25351274.0000000000,-140.7123107910
25409740.0000000000,-140.6825408936
25468310.0000000000,-140.2574462891
25527016.0000000000,-140.2574462891
25585858.0000000000,-140.2574462891
25644836.0000000000,-140.2574462891
25703948.0000000000,-140.2574462891
25763198.0000000000,-140.2574462891
25822612.0000000000,-140.2610168457
25882136.0000000000,-140.2647094727
25941796.0000000000,-140.4392852783
26001594.0000000000,-140.6825408936
26061528.0000000000,-140.7123107910
26121602.0000000000,-140.7538909912
26181844.0000000000,-140.7571868896
26242194.0000000000,-140.7538909912
26302684.0000000000,-140.7123107910
26363314.0000000000,-140.7123107910
26424084.0000000000,-140.7123107910
26484992.0000000000,-140.7123107910
26546042.0000000000,-140.7123107910
26607262.0000000000,-140.7123107910
26668594.0000000000,-140.7123107910
26730066.0000000000,-140.6952514648
26791682.0000000000,-140.6825408936
26853438.0000000000,-140.6476287842
26915338.0000000000,-140.4392852783
26977408.0000000000,-140.2647094727
27039594.0000000000,-140.2647094727
27101922.0000000000,-140.2647094727
27164394.0000000000,-140.2647094727
27227010.0000000000,-140.4392852783
27289770.0000000000,-140.6476287842
27352674.0000000000,-140.6825408936
27415754.0000000000,-140.6952514648
27478950.0000000000,-140.7411193848
27542290.0000000000,-140.7571868896
27605778.0000000000,-140.7411193848
27669410.0000000000,-140.6952514648
27733190.0000000000,-140.6825408936
27797118.0000000000,-140.6476287842
27861222.0000000000,-140.6952514648
27925444.0000000000,-140.7411193848
27989814.0000000000,-140.7571868896
28054334.0000000000,-140.7773742676
28119000.0000000000,-140.7773742676
28183816.0000000000,-140.7773742676
28248814.0000000000,-140.7881469727
28313930.0000000000,-140.8738861084
28379194.0000000000,-140.8813629150
28444610.0000000000,-140.9120330811
28510178.0000000000,-140.9332733154
28575896.0000000000,-140.9332733154
28641766.0000000000,-140.9120330811
28707818.0000000000,-140.9120330811
28773992.0000000000,-140.9120330811
28840318.0000000000,-140.9332733154
28906796.0000000000,-140.9593658447
28973428.0000000000,-141.1101074219
29040214.0000000000,-141.1101074219
29107186.0000000000,-141.1101074219
29174280.0000000000,-141.1101074219
29241530.0000000000,-141.1101074219
29308932.0000000000,-141.0018768311
29376492.0000000000,-141.0018768311
29444208.0000000000,-141.0018768311
29512078.0000000000,-141.0018768311
29580138.0000000000,-141.0018768311
29648322.0000000000,-141.0018768311
29716664.0000000000,-141.0115356445
29785162.0000000000,-141.0115356445
29853820.0000000000,-141.0115356445
29922634.0000000000,-141.0018768311
29991642.0000000000,-140.9791564941
30060774.0000000000,-140.9332733154
30130066.0000000000,-140.8543548584
30199518.0000000000,-140.8019409180
30269130.0000000000,-140.7881469727
30338904.0000000000,-140.7881469727
30408836.0000000000,-140.7881469727
30478964.0000000000,-140.7881469727
30549220.0000000000,-140.7881469727
30619638.0000000000,-140.7881469727
30690220.0000000000,-140.7881469727
30760962.0000000000,-140.7881469727
30831868.0000000000,-140.7881469727
30902938.0000000000,-140.8019409180
30974206.0000000000,-140.8298492432
31045604.0000000000,-140.8543548584
31117166.0000000000,-140.8543548584
31188892.0000000000,-140.8543548584
31260786.0000000000,-140.8543548584
31332844.0000000000,-140.8543548584
31405102.0000000000,-140.9791564941
31477494.0000000000,-141.0018768311
31550052.0000000000,-141.0018768311
31622776.0000000000,-141.0018768311
31695670.0000000000,-141.0018768311
31768730.0000000000,-141.0018768311
31841960.0000000000,-141.0018768311
31915392.0000000000,-141.0018768311
31988960.0000000000,-141.0018768311
32062696.0000000000,-141.0018768311
32136604.0000000000,-141.0115356445
32210680.0000000000,-141.1770477295
32284928.0000000000,-141.4967651367
32359382.0000000000,-141.8025970459
32433974.0000000000,-142.1416473389
32508736.0000000000,-142.5634613037
32583670.0000000000,-143.2179260254
32658778.0000000000,-144.1902465820
32734060.0000000000,-144.1902465820
32809514.0000000000,-144.1902465820
32885178.0000000000,-144.1902465820
32960980.0000000000,-144.1902465820
33036958.0000000000,-144.1902465820
33113110.0000000000,-144.1902465820
33189438.0000000000,-144.1902465820
33265942.0000000000,-144.1902465820
33342624.0000000000,-144.1902465820
33419516.0000000000,-144.1902465820
33496552.0000000000,-144.1902465820
33573764.0000000000,-144.1902465820
33651152.0000000000,-144.1902465820
33728720.0000000000,-144.1902465820
33806468.0000000000,-144.1902465820
33884432.0000000000,-144.1902465820
33962536.0000000000,-144.1902465820
34040824.0000000000,-144.1902465820
34119292.0000000000,-144.1902465820
34197936.0000000000,-144.1902465820
34276768.0000000000,-143.1260070801
34355776.0000000000,-142.9335021973
34435008.0000000000,-142.9167938232
34514384.0000000000,-142.6854095459
34593940.0000000000,-142.6780242920
34673680.0000000000,-142.6627044678
34753608.0000000000,-142.6275024414
34833716.0000000000,-142.5871887207
34914048.0000000000,-142.5871887207
34994528.0000000000,-142.5871887207
35075192.0000000000,-142.5871887207
35156044.0000000000,-142.5871887207
35237080.0000000000,-142.5871887207
35318304.0000000000,-142.5871887207
35399716.0000000000,-142.5871887207
35481356.0000000000,-142.5871887207
35563140.0000000000,-142.5871887207
35645116.0000000000,-142.5871887207
35727280.0000000000,-142.5570068359
35809636.0000000000,-142.5570068359
35892180.0000000000,-142.4965820313
35974952.0000000000,-142.4896545410
36057876.0000000000,-142.4896545410
36140992.0000000000,-142.4896545410
36224300.0000000000,-142.4896545410
36307800.0000000000,-142.4896545410
36391492.0000000000,-142.4896545410
36475376.0000000000,-142.4896545410
36559496.0000000000,-142.4896545410
36643768.0000000000,-142.4850311279
36728236.0000000000,-142.4358062744
36812896.0000000000,-142.3401336670
36897752.0000000000,-142.2879791260
36982804.0000000000,-142.2850799561
37068052.0000000000,-142.2850799561
37153536.0000000000,-142.2879791260
37239180.0000000000,-142.3221282959
37325020.0000000000,-142.4358062744
37411056.0000000000,-142.4850311279
37497292.0000000000,-142.4896545410
37583724.0000000000,-142.4896545410
37670400.0000000000,-142.4896545410
37757232.0000000000,-142.4358062744
37844264.0000000000,-142.3221282959
37931500.0000000000,-142.2879791260
38018932.0000000000,-142.2850799561
38106568.0000000000,-142.2155303955
38194408.0000000000,-142.2155303955
38282492.0000000000,-142.2155303955
38370736.0000000000,-142.2155303955
38459180.0000000000,-142.2155303955
38547832.0000000000,-142.2155303955
38636688.0000000000,-142.2155303955
38725748.0000000000,-142.2155303955
38815056.0000000000,-142.2155303955
38904528.0000000000,-142.2155303955
38994204.0000000000,-142.2155303955
39084092.0000000000,-142.2155303955
39174180.0000000000,-142.2155303955
39264480.0000000000,-142.2155303955
39354988.0000000000,-142.2155303955
39445748.0000000000,-142.2155303955
39536672.0000000000,-142.3221282959
39627808.0000000000,-142.4485778809
39719152.0000000000,-142.4793243408
39810708.0000000000,-142.6648406982
39902476.0000000000,-142.6816711426
39994496.0000000000,-142.7807312012
40086688.0000000000,-142.7939605713
40179088.0000000000,-142.9751129150
40271704.0000000000,-143.0872955322
40364536.0000000000,-143.0883941650
40457576.0000000000,-143.0892028809
40550836.0000000000,-143.1230926514
40644352.0000000000,-143.3176116943
40738040.0000000000,-143.3304901123
40831944.0000000000,-143.3966827393
40926064.0000000000,-143.5038604736
41020404.0000000000,-143.5038604736
41114956.0000000000,-143.4355316162
41209732.0000000000,-143.4355316162
41304768.0000000000,-143.5038604736
41399976.0000000000,-143.5130767822
41495408.0000000000,-143.5652770996
41591056.0000000000,-143.5652770996
41686928.0000000000,-143.5652770996
41783020.0000000000,-143.5652770996
41879376.0000000000,-143.5652770996
41975912.0000000000,-143.5652770996
42072668.0000000000,-143.5652770996
42169652.0000000000,-143.6051635742
42266856.0000000000,-143.6508789063
42364284.0000000000,-143.6912841797
42461936.0000000000,-143.8451385498
42559860.0000000000,-143.8451385498
42657964.0000000000,-143.6508789063
42756292.0000000000,-143.6508789063
42854848.0000000000,-143.6508789063
42953632.0000000000,-143.6508789063
43052644.0000000000,-143.6508789063
43151932.0000000000,-143.9471588135
43251400.0000000000,-143.9760284424
43351096.0000000000,-144.0084838867
43451024.0000000000,-144.2093353271
43551180.0000000000,-144.2093353271
43651568.0000000000,-144.2093353271
43752188.0000000000,-144.2093353271
43853088.0000000000,-144.0084838867
43954176.0000000000,-143.9760284424
44055492.0000000000,-143.9515838623
44157044.0000000000,-143.9471588135
44258828.0000000000,-143.8675384521
44360848.0000000000,-143.6725616455
44463104.0000000000,-143.6725616455
44565644.0000000000,-143.6725616455
44668368.0000000000,-143.6725616455
44771332.0000000000,-143.6725616455
44874532.0000000000,-143.6725616455
44977972.0000000000,-143.6725616455
45081652.0000000000,-143.7748260498
45185616.0000000000,-143.8675384521
45289772.0000000000,-143.9471588135
45394168.0000000000,-143.9515838623
45498804.0000000000,-143.9515838623
45603684.0000000000,-144.0043029785
45708804.0000000000,-144.0084838867
45814164.0000000000,-144.0681457520
45919820.0000000000,-144.0681457520
46025668.0000000000,-144.0681457520
46131760.0000000000,-144.0681457520
46238100.0000000000,-144.0681457520
46344680.0000000000,-144.0502166748
46451508.0000000000,-144.0502166748
46558632.0000000000,-144.0502166748
46665956.0000000000,-144.0681457520
46773524.0000000000,-144.2478179932
46881340.0000000000,-144.2478179932
46989404.0000000000,-144.2478179932
47097716.0000000000,-144.2433624268
47206280.0000000000,-144.0681457520
47315148.0000000000,-144.0681457520
47424212.0000000000,-144.0681457520
47533528.0000000000,-144.0681457520
47643096.0000000000,-144.0681457520
47752916.0000000000,-144.0681457520
47862992.0000000000,-144.2433624268
47973372.0000000000,-144.2478179932
48083952.0000000000,-144.5963287354
48194788.0000000000,-144.8545074463
48305880.0000000000,-144.9278106689
48417232.0000000000,-144.9389495850
48528836.0000000000,-144.9908905029
48640696.0000000000,-144.9908905029
48752872.0000000000,-144.9908905029
48865252.0000000000,-144.9908905029
48977888.0000000000,-144.9908905029
49090784.0000000000,-144.9389495850
49203944.0000000000,-144.9278106689
49317364.0000000000,-144.8545074463
49431044.0000000000,-144.8545074463
49545040.0000000000,-144.8545074463
49659244.0000000000,-144.8545074463
49773712.0000000000,-144.8545074463
49888444.0000000000,-144.8545074463
50003440.0000000000,-144.8545074463
50118700.0000000000,-144.8545074463
50234284.0000000000,-144.8545074463
50350076.0000000000,-144.7159576416
50466136.0000000000,-144.7159576416
50582464.0000000000,-144.9278106689
50699060.0000000000,-145.3549346924
50815928.0000000000,-145.5910797119
50933060.0000000000,-145.8696136475
51050520.0000000000,-145.8935852051
51168196.0000000000,-145.8935852051
51286144.0000000000,-145.5910797119
51404360.0000000000,-145.5910797119
51522852.0000000000,-145.5910797119
51641616.0000000000,-145.5910797119
51760712.0000000000,-145.5910797119
51880024.0000000000,-145.5910797119
51999608.0000000000,-145.5653686523
52119472.0000000000,-145.5653686523
52239612.0000000000,-145.5149230957
52360028.0000000000,-144.7159576416
52480720.0000000000,-144.4954986572
52601752.0000000000,-144.2865295410
52723000.0000000000,-144.0058441162
52844532.0000000000,-143.8962707520
52966340.0000000000,-143.6772613525
53088432.0000000000,-143.6772613525
53210804.0000000000,-143.6772613525
53333520.0000000000,-143.6772613525
53456456.0000000000,-143.4404602051
53579676.0000000000,-143.6772613525
53703180.0000000000,-143.8487091064
53826972.0000000000,-143.8962707520
53951048.0000000000,-144.1174621582
54075408.0000000000,-144.2865295410
54200116.0000000000,-144.2865295410
54325048.0000000000,-144.2865295410
54450272.0000000000,-144.2865295410
54575784.0000000000,-144.2865295410
54701584.0000000000,-144.2865295410
54827676.0000000000,-144.2865295410
54954060.0000000000,-144.2865295410
55080792.0000000000,-144.2865295410
55207756.0000000000,-144.2865295410
55335016.0000000000,-144.2865295410
55462564.0000000000,-144.3344573975
55590412.0000000000,-144.3344573975
55718552.0000000000,-144.3344573975
55847048.0000000000,-144.3344573975
55975780.0000000000,-144.3344573975
56104808.0000000000,-144.2865295410
56234132.0000000000,-144.2865295410
56363756.0000000000,-144.2865295410
56493680.0000000000,-144.3344573975
56623900.0000000000,-144.9327850342
56754484.0000000000,-144.9588317871
56885308.0000000000,-144.9894561768
57016432.0000000000,-144.9894561768
57147860.0000000000,-144.9588317871
57279588.0000000000,-144.9588317871
57411624.0000000000,-144.9588317871
57544024.0000000000,-144.9894561768
57676668.0000000000,-144.9894561768
57809616.0000000000,-144.9894561768
57942872.0000000000,-144.9894561768
58076432.0000000000,-144.9894561768
58210304.0000000000,-144.9894561768
58344484.0000000000,-144.9588317871
58479036.0000000000,-144.9588317871
58613832.0000000000,-144.9588317871
58748944.0000000000,-144.9588317871
58884364.0000000000,-144.9588317871
59020096.0000000000,-144.8291473389
59156140.0000000000,-144.8291473389
59292500.0000000000,-144.8291473389
59429240.0000000000,-144.8291473389
59566228.0000000000,-144.8291473389
59703532.0000000000,-144.8291473389
59841152.0000000000,-144.8291473389
59979092.0000000000,-144.8291473389
60117348.0000000000,-144.8291473389
60255988.0000000000,-144.8291473389
60394884.0000000000,-144.8291473389
60534096.0000000000,-144.8291473389
60673632.0000000000,-144.9894561768
60813488.0000000000,-145.3078613281
60953668.0000000000,-144.9894561768
61094172.0000000000,-144.8291473389
61235064.0000000000,-144.6846313477
61376216.0000000000,-144.5809478760
61517692.0000000000,-144.3293914795
61659496.0000000000,-144.3293914795
61801624.0000000000,-144.4295501709
61944080.0000000000,-144.5809478760
62086936.0000000000,-144.5809478760
62230048.0000000000,-144.5809478760
62373496.0000000000,-144.5809478760
62517268.0000000000,-144.5809478760
62661376.0000000000,-144.6846313477
62805816.0000000000,-144.8291473389
62950588.0000000000,-144.6846313477
63095764.0000000000,-144.5809478760
63241204.0000000000,-144.5809478760
63386976.0000000000,-144.6846313477
63533088.0000000000,-144.8291473389
63679536.0000000000,-145.0322113037
63826324.0000000000,-145.0322113037
63973516.0000000000,-145.0322113037
64120980.0000000000,-145.0322113037
64268784.0000000000,-145.0322113037
64416928.0000000000,-145.1078643799
64565416.0000000000,-145.4482879639
64714244.0000000000,-145.5149230957
64863412.0000000000,-145.5382232666
65013000.0000000000,-145.5382232666
65162860.0000000000,-145.5382232666
65313064.0000000000,-145.5382232666
65463616.0000000000,-145.5382232666
65614512.0000000000,-145.5372924805
65765760.0000000000,-145.5149230957
65917356.0000000000,-145.5149230957
66069372.0000000000,-145.5149230957
66221664.0000000000,-145.5372924805
66374312.0000000000,-145.5382232666
66527308.0000000000,-145.5382232666
66680660.0000000000,-145.5372924805
66834364.0000000000,-145.5149230957
66988492.0000000000,-145.5149230957
67142904.0000000000,-145.5149230957
67297680.0000000000,-145.5372924805
67452800.0000000000,-145.5372924805
67608288.0000000000,-145.5372924805
67764128.0000000000,-145.5372924805
67920328.0000000000,-145.5372924805
68076968.0000000000,-145.5372924805
68233888.0000000000,-145.5149230957
68391168.0000000000,-145.4374694824
68548816.0000000000,-145.4374694824
68706824.0000000000,-145.4374694824
68865200.0000000000,-145.4374694824
69024016.0000000000,-145.5372924805
69183120.0000000000,-145.5853729248
69342592.0000000000,-145.6576690674
69502432.0000000000,-145.7336425781
69662640.0000000000,-145.8667297363
69823216.0000000000,-145.8667297363
69984168.0000000000,-145.9456329346
70145560.0000000000,-146.0500488281
70307248.0000000000,-146.1421813965
70469312.0000000000,-146.1421813965
70631752.0000000000,-146.1421813965
70794560.0000000000,-146.0500488281
70957752.0000000000,-146.0500488281
71121392.0000000000,-146.0500488281
71285328.0000000000,-146.0500488281
71449648.0000000000,-146.0500488281
71614344.0000000000,-146.0500488281
71779424.0000000000,-146.0500488281
71944880.0000000000,-146.0500488281
72110712.0000000000,-146.1421813965
72277016.0000000000,-146.2918548584
72443616.0000000000,-146.1421813965
72610608.0000000000,-146.1421813965
72777976.0000000000,-146.1421813965
72945736.0000000000,-146.2918548584
73113880.0000000000,-146.2918548584
73282416.0000000000,-146.2918548584
73451416.0000000000,-146.2918548584
73620728.0000000000,-146.5986175537
73790432.0000000000,-146.5986175537
73960520.0000000000,-146.5986175537
74131008.0000000000,-146.5986175537
74301880.0000000000,-146.5986175537
74473232.0000000000,-146.6024932861
74644904.0000000000,-146.6153717041
74816960.0000000000,-146.7071533203
74989424.0000000000,-146.7071533203
75162280.0000000000,-146.7071533203
75335528.0000000000,-146.8008422852
75509184.0000000000,-147.0885314941
75683320.0000000000,-146.8008422852
75857776.0000000000,-146.7071533203
76032632.0000000000,-146.6153717041
76207896.0000000000,-146.6024932861
76383560.0000000000,-146.5986175537
76559632.0000000000,-146.4199829102
76736192.0000000000,-146.2918548584
76913072.0000000000,-146.2918548584
77090360.0000000000,-146.2918548584
77268064.0000000000,-146.2918548584
77446168.0000000000,-146.3630371094
77624688.0000000000,-146.4199829102
77803616.0000000000,-146.4199829102
77983048.0000000000,-146.4199829102
78162800.0000000000,-146.4199829102
78342976.0000000000,-146.4199829102
78523560.0000000000,-146.4199829102
78704560.0000000000,-146.4199829102
78885984.0000000000,-146.4199829102
79067816.0000000000,-146.4199829102
79250160.0000000000,-146.3630371094
79432840.0000000000,-146.3630371094
79615936.0000000000,-146.3630371094
79799456.0000000000,-146.3084716797
79983400.0000000000,-146.1128845215
80167768.0000000000,-145.8996887207
80352648.0000000000,-145.8996887207
80537872.0000000000,-145.8996887207
80723512.0000000000,-145.7285919189
80909592.0000000000,-145.6297912598
81096088.0000000000,-145.6297912598
81283024.0000000000,-145.7285919189
81470384.0000000000,-146.1128845215
81658272.0000000000,-146.1128845215
81846496.0000000000,-146.1128845215
82035160.0000000000,-145.9963989258
82224256.0000000000,-145.7285919189
82413792.0000000000,-145.6297912598
82603760.0000000000,-145.5757904053
82794256.0000000000,-145.3443145752
82985104.0000000000,-145.2675781250
83176392.0000000000,-145.2675781250
83368120.0000000000,-145.2675781250
83560288.0000000000,-145.2675781250
83752904.0000000000,-145.2675781250
83945960.0000000000,-145.2675781250
84139552.0000000000,-145.3443145752
84333496.0000000000,-145.3443145752
84527896.0000000000,-145.3443145752
84722736.0000000000,-145.2675781250
84918032.0000000000,-145.1110534668
85113768.0000000000,-145.1110534668
85310056.0000000000,-145.1110534668
85506704.0000000000,-145.0577850342
85703800.0000000000,-144.8194580078
85901352.0000000000,-144.8194580078
86099360.0000000000,-144.8194580078
86297832.0000000000,-144.8194580078
86496752.0000000000,-144.7876129150
86696224.0000000000,-144.6222076416
86896072.0000000000,-144.5428009033
87096368.0000000000,-144.5062103271
87297136.0000000000,-144.3025970459
87498360.0000000000,-144.3025970459
87700048.0000000000,-144.3025970459
87902208.0000000000,-144.5062103271
88104920.0000000000,-144.5428009033
88308008.0000000000,-144.6222076416
88511568.0000000000,-144.6222076416
88715592.0000000000,-144.6222076416
88920088.0000000000,-144.6222076416
89125056.0000000000,-144.6222076416
89330592.0000000000,-144.6222076416
89536504.0000000000,-144.5428009033
89742896.0000000000,-144.5098571777
89949760.0000000000,-144.5098571777
90157096.0000000000,-144.5098571777
90364920.0000000000,-144.5098571777
90573216.0000000000,-144.5428009033
90782088.0000000000,-144.5612030029
90991352.0000000000,-144.5789947510
91201088.0000000000,-144.5789947510
91411320.0000000000,-144.6222076416
91622024.0000000000,-144.6513214111
91833224.0000000000,-144.6934661865
92045008.0000000000,-144.7526245117
92257176.0000000000,-144.7526245117
92469832.0000000000,-144.7445526123
92682984.0000000000,-144.7526245117
92896624.0000000000,-144.7526245117
93110760.0000000000,-144.8194580078
93325384.0000000000,-144.9055786133
93540608.0000000000,-144.7526245117
93756224.0000000000,-144.7445526123
93972344.0000000000,-144.7445526123
94188952.0000000000,-144.7526245117
94406064.0000000000,-144.7526245117
94623680.0000000000,-144.7445526123
94841896.0000000000,-144.7445526123
95060512.0000000000,-144.7526245117
95279640.0000000000,-144.9055786133
95499264.0000000000,-144.9226989746
95719392.0000000000,-145.0078430176
95940032.0000000000,-145.2289581299
96161184.0000000000,-145.2289581299
96382952.0000000000,-145.2289581299
96605120.0000000000,-145.7530517578
96827800.0000000000,-145.7530517578
97050992.0000000000,-145.7530517578
97274704.0000000000,-145.7563323975
97498928.0000000000,-146.0109710693
97723672.0000000000,-146.2253570557
97949040.0000000000,-146.3222961426
98174816.0000000000,-146.3222961426
98401120.0000000000,-146.3222961426
98627936.0000000000,-146.3222961426
98855280.0000000000,-146.5097808838
99083152.0000000000,-146.5157012939
99311656.0000000000,-146.5860137939
99540576.0000000000,-146.5984344482
99770024.0000000000,-146.5984344482
100000000.0000000000,-146.5984344482
