Type,FSWP-50
Version,3.02SP1
Date,03.Jul 2026
VSupply,ON
Mode,Voltage
Voltage Set,0.6000000000,V
Voltage Min,0.0000000000,V
Voltage Max,0.6500000000,V
Voltage Meas,0.6078540511,V
Current Max,20.0000000000,mA
Current Meas,19.4744370404,mA
VTune,OFF
Voltage Set,0.0000000000,V
Voltage Min,0.0000000000,V
Voltage Max,0.0100000000,V
Voltage Meas,-0.0237995950,V
Current Max,20.0000000000,mA
Current Meas,0.1474546480,mA
VAux,OFF
Voltage Set,0.0000000000,V
Voltage Min,-10.0000000000,V
Voltage Max,10.0000000000,V
Voltage Meas,-0.0094623231,V
Current Max,100.0000000000,mA
Current Meas,-0.0683070526,mA
Mode,Phase Noise
Measurement,Phase Noise
Input,RF
RF Att,0.0000000000,dB
Coupling,AC
RBW,2.0000000000,%
XCORR Factor,1000
XCORR Optimize,ON
Estimated Meas Time,3.7457527981,s
Sweep Count,5
Signal Frequency,19794757481.1893920898,Hz
Signal Level,-15.5332000000,dBm
Start,10000.0000000000,Hz
Stop,100000000.0000000000,Hz
SubSweep,1
Start,10000.0000000000,Hz
Stop,30000.0000000000,Hz
RBW,600.0000000000,Hz
XCORR Count,1000
SubSweep,2
Start,30000.0000000000,Hz
Stop,100000.0000000000,Hz
RBW,600.0000000000,Hz
XCORR Count,1000
SubSweep,3
Start,100000.0000000000,Hz
Stop,300000.0000000000,Hz
RBW,2000.0000000000,Hz
XCORR Count,3300
SubSweep,4
Start,300000.0000000000,Hz
Stop,1000000.0000000000,Hz
RBW,6000.0000000000,Hz
XCORR Count,10000
SubSweep,5
Start,1000000.0000000000,Hz
Stop,3000000.0000000000,Hz
RBW,20000.0000000000,Hz
XCORR Count,10000
SubSweep,6
Start,3000000.0000000000,Hz
Stop,10000000.0000000000,Hz
RBW,60000.0000000000,Hz
XCORR Count,10000
SubSweep,7
Start,10000000.0000000000,Hz
Stop,30000000.0000000000,Hz
RBW,200000.0000000000,Hz
XCORR Count,10000
SubSweep,8
Start,30000000.0000000000,Hz
Stop,100000000.0000000000,Hz
RBW,600000.0000000000,Hz
XCORR Count,10000
Integrated Measurements Range,1
Start,10000.0000000000,Hz
Stop,100000000.0000000000,Hz
Weighting,OFF
Integrated Measurements Range,2
Start,10000.0000000000,Hz
Stop,100000000.0000000000,Hz
Weighting,OFF
Integrated Measurements Range,3
Start,10000.0000000000,Hz
Stop,100000000.0000000000,Hz
Weighting,OFF
Integrated Measurements Range,4
Start,10000.0000000000,Hz
Stop,100000000.0000000000,Hz
Weighting,OFF
Integrated Measurements Range,5
Start,10000.0000000000,Hz
Stop,100000000.0000000000,Hz
Weighting,OFF
Integrated Measurements Range,6
Start,10000.0000000000,Hz
Stop,100000000.0000000000,Hz
Weighting,OFF
Integrated Measurements Range,7
Start,10000.0000000000,Hz
Stop,100000000.0000000000,Hz
Weighting,OFF
Integrated Measurements Range,8
Start,10000.0000000000,Hz
Stop,100000000.0000000000,Hz
Weighting,OFF
Integrated Measurements Range,9
Start,10000.0000000000,Hz
Stop,100000000.0000000000,Hz
Weighting,OFF
Integrated Measurements Range,10
Start,10000.0000000000,Hz
Stop,100000000.0000000000,Hz
Weighting,OFF
Spot Noise Decade Edges,OFF
Spot Noise User Defined,ON
Spot Noise User Defined Offset,1
State,OFF
Offset,1000.0000000000,Hz
Spot Noise User Defined Offset,2
State,OFF
Offset,10000.0000000000,Hz
Spot Noise User Defined Offset,3
State,ON
Offset,100000.0000000000,Hz
Spot Noise User Defined Offset,4
State,ON
Offset,1000000.0000000000,Hz
Spot Noise User Defined Offset,5
State,ON
Offset,10000000.0000000000,Hz
Spot Noise User Defined Offset,6
State,OFF
Offset,100000000.0000000000,Hz
Window,1,Noise Spectrum
Trace,1
Trace Mode,CLR/WRITE
Trace Result,PN
Smoothing,ON
Smoothing Value,1.0000000000,%
Spurious Removal,ON
Spurious Removal Threshold,6.0000000000,dB
Trace Offset,OFF
Trace Offset,0.0000000000,dB
Trace Label,OFF
Trace Label,Trace 1
x-Unit,Hz
y-Unit,dBc/Hz
Values,4001
10000.0000000000,-54.5994720459
10023.0507812500,-54.6377944946
10046.1542968750,-54.6761169434
10069.3115234375,-54.7144393921
10092.5332031250,-54.7558860779
10115.7968750000,-54.7975273132
10139.1152343750,-54.8391685486
10162.4863281250,-54.8808097839
10185.9111328125,-54.9231376648
10209.3906250000,-54.9659843445
10232.9355468750,-55.0088500977
10256.5234375000,-55.0516967773
10280.1650390625,-55.0944747925
10303.8613281250,-55.1370468140
10327.6123046875,-55.1796226501
10351.4189453125,-55.2221984863
10375.2792968750,-55.2647743225
10399.2060546875,-55.3051643372
10423.1777343750,-55.3454704285
10447.2031250000,-55.3857765198
10471.2851562500,-55.4260826111
10495.4218750000,-55.4630165100
10519.6152343750,-55.4987297058
10543.8632812500,-55.5344429016
10568.1787109375,-55.5701675415
10592.5400390625,-55.6027145386
10616.9560546875,-55.6325340271
10641.4287109375,-55.6623573303
10665.9580078125,-55.6921806335
10690.5439453125,-55.7198562622
10715.1982421875,-55.7440643311
10739.8974609375,-55.7682647705
10764.6533203125,-55.7924613953
10789.4667968750,-55.8153305054
10814.3378906250,-55.8345069885
10839.2656250000,-55.8536872864
10864.2509765625,-55.8728637695
10889.3056640625,-55.8910064697
10914.4062500000,-55.9046249390
10939.5644531250,-55.9182472229
10964.7812500000,-55.9318656921
10990.0556640625,-55.9444923401
11015.3886718750,-55.9513931274
11040.7919921875,-55.9582977295
11066.2412109375,-55.9651947021
11091.7500000000,-55.9712677002
11117.3173828125,-55.9724388123
11142.9433593750,-55.9736099243
11168.6289062500,-55.9747810364
11194.3730468750,-55.9759254456
11220.1894531250,-55.9769515991
11246.0527343750,-55.9779739380
11271.9755859375,-55.9789962769
11297.9580078125,-55.9822578430
11324.0009765625,-55.9922904968
11350.1035156250,-56.0023231506
11376.2792968750,-56.0123596191
11402.5019531250,-56.0284652710
11428.7861328125,-56.0556793213
11455.1298828125,-56.0828933716
11481.5351562500,-56.1101074219
11508.0000000000,-56.1468429565
11534.5273437500,-56.1933898926
11561.1279296875,-56.2399559021
11587.7773437500,-56.2864990234
11614.4873046875,-56.3419570923
11641.2597656250,-56.4018783569
11668.0937500000,-56.4617996216
11694.9892578125,-56.5217170715
11721.9472656250,-56.5834159851
11748.9804687500,-56.6453971863
11776.0625000000,-56.7073478699
11803.2070312500,-56.7683906555
11830.4140625000,-56.8223075867
11857.6845703125,-56.8762245178
11885.0166015625,-56.9301414490
11912.4257812500,-56.9799461365
11939.8847656250,-57.0231323242
11967.4072265625,-57.0663146973
11994.9931640625,-57.1095008850
12022.6425781250,-57.1486015320
12050.3554687500,-57.1858558655
12078.1318359375,-57.2231101990
12105.9863281250,-57.2603950500
12133.8916015625,-57.2981872559
12161.8613281250,-57.3359794617
12189.8955078125,-57.3737716675
12217.9931640625,-57.4124946594
12246.1572265625,-57.4526824951
12274.3984375000,-57.4928855896
12302.6923828125,-57.5330734253
12331.0507812500,-57.5717086792
12359.4746093750,-57.6099243164
12387.9638671875,-57.6481361389
12416.5195312500,-57.6844978333
12445.1396484375,-57.7139511108
12473.8408203125,-57.7434158325
12502.5937500000,-57.7728652954
12531.4130859375,-57.7941627502
12560.2988281250,-57.8113708496
12589.2509765625,-57.8285789490
12618.2705078125,-57.8443260193
12647.3701171875,-57.8517379761
12676.5234375000,-57.8591423035
12705.7441406250,-57.8665504456
12735.0312500000,-57.8715438843
12764.3867187500,-57.8753013611
12793.8095703125,-57.8790588379
12823.2998046875,-57.8832740784
12852.8730468750,-57.8893203735
12882.4990234375,-57.8953666687
12912.1943359375,-57.9014091492
12941.9580078125,-57.9117736816
12971.7900390625,-57.9234466553
13001.6914062500,-57.9351196289
13031.6611328125,-57.9489555359
13061.7138671875,-57.9666328430
13091.8222656250,-57.9843025208
13122.0000000000,-58.0019683838
13152.2470703125,-58.0235862732
13182.5634765625,-58.0452766418
13212.9501953125,-58.0669670105
13243.4218750000,-58.0892639160
13273.9492187500,-58.1119003296
13304.5468750000,-58.1345367432
13335.2138671875,-58.1566505432
13365.9531250000,-58.1775550842
13396.7626953125,-58.1984558105
13427.6425781250,-58.2193565369
13458.6093750000,-58.2371444702
13489.6328125000,-58.2549133301
13520.7265625000,-58.2726860046
13551.8935546875,-58.2880363464
13583.1308593750,-58.3024482727
13614.4414062500,-58.3168601990
13645.8388671875,-58.3301048279
13677.2929687500,-58.3420028687
13708.8203125000,-58.3539009094
13740.4199218750,-58.3658676147
13772.0927734375,-58.3780441284
13803.8388671875,-58.3902206421
13835.6572265625,-58.4025802612
13867.5644531250,-58.4204025269
13899.5302734375,-58.4382133484
13931.5693359375,-58.4560279846
13963.6826171875,-58.4838676453
13995.8701171875,-58.5134696960
14028.1318359375,-58.5430717468
14060.4677734375,-58.5826568604
14092.8935546875,-58.6267089844
14125.3789062500,-58.6707420349
14157.9384765625,-58.7201080322
14190.5732421875,-58.7737236023
14223.2841796875,-58.8273429871
14256.0693359375,-58.8798370361
14288.9462890625,-58.9309501648
14321.8837890625,-58.9820404053
14354.8964843750,-59.0276718140
14387.9853515625,-59.0632667542
14421.1503906250,-59.0988616943
14454.3925781250,-59.1287803650
14487.7109375000,-59.1442985535
14521.1220703125,-59.1598281860
14554.5947265625,-59.1724090576
14588.1435546875,-59.1754570007
14621.7705078125,-59.1785011292
14655.4746093750,-59.1818962097
14689.2568359375,-59.1866073608
14723.1328125000,-59.1913261414
14757.0703125000,-59.1986694336
14791.0869140625,-59.2163162231
14825.1806640625,-59.2339630127
14859.3544921875,-59.2550849915
14893.6054687500,-59.2886505127
14927.9365234375,-59.3222160339
14962.3632812500,-59.3587341309
14996.8525390625,-59.4038391113
15031.4208984375,-59.4489479065
15066.0693359375,-59.4954376221
15100.7978515625,-59.5450096130
15135.6064453125,-59.5945816040
15170.5117187500,-59.6438446045
15205.4804687500,-59.6925659180
15240.5302734375,-59.7412834167
15275.6611328125,-59.7885932922
15310.8730468750,-59.8343772888
15346.1650390625,-59.8801574707
15381.5390625000,-59.9240722656
15417.0117187500,-59.9667243958
15452.5488281250,-60.0093612671
15488.1679687500,-60.0496253967
15523.8691406250,-60.0890083313
15559.6533203125,-60.1283912659
15595.5195312500,-60.1645240784
15631.4677734375,-60.2002105713
15667.5166015625,-60.2357101440
15703.6318359375,-60.2673645020
15739.8300781250,-60.2990188599
15776.1113281250,-60.3296318054
15812.4765625000,-60.3569412231
15848.9248046875,-60.3842544556
15885.4755859375,-60.4092178345
15922.0927734375,-60.4312477112
15958.7939453125,-60.4532775879
15995.5800781250,-60.4707298279
16032.4511718750,-60.4859390259
16069.4072265625,-60.5011482239
16106.4482421875,-60.5093841553
16143.5927734375,-60.5169677734
16180.8046875000,-60.5183830261
16218.1025390625,-60.5192451477
16255.4863281250,-60.5203666687
16292.9560546875,-60.5216979980
16330.5126953125,-60.5219001770
16368.1738281250,-60.5234336853
16405.9042968750,-60.5236549377
16443.7207031250,-60.5246353149
16481.6250000000,-60.5254211426
16519.6152343750,-60.5256118774
16557.6953125000,-60.5258369446
16595.8613281250,-60.5319213867
16634.1347656250,-60.5432167053
16672.4765625000,-60.5545120239
16710.9082031250,-60.5727005005
16749.4277343750,-60.5934753418
16788.0371093750,-60.6150169373
16826.7343750000,-60.6445579529
16865.5390625000,-60.6741180420
16904.4160156250,-60.7062721252
16943.3808593750,-60.7414512634
16982.4375000000,-60.7766304016
17021.5820312500,-60.8134307861
17060.8183593750,-60.8505134583
17100.1445312500,-60.8876037598
17139.5820312500,-60.9247550964
17179.0898437500,-60.9618873596
17218.6875000000,-60.9995651245
17258.3789062500,-61.0374908447
17298.1601562500,-61.0756835938
17338.0332031250,-61.1157951355
17378.0000000000,-61.1559028625
17418.0761718750,-61.1970939636
17458.2265625000,-61.2390480042
17498.4687500000,-61.2809906006
17538.8027343750,-61.3227348328
17579.2324218750,-61.3644828796
17619.7519531250,-61.4054641724
17660.3867187500,-61.4457778931
17701.0957031250,-61.4860763550
17741.8984375000,-61.5266380310
17782.7949218750,-61.5671958923
17823.7851562500,-61.6099510193
17864.8691406250,-61.6546249390
17906.0488281250,-61.6996803284
17947.3437500000,-61.7508888245
17988.7148437500,-61.8020782471
18030.1796875000,-61.8554344177
18071.7402343750,-61.9102516174
18113.3964843750,-61.9642295837
18155.1484375000,-62.0135040283
18197.0175781250,-62.0628013611
18238.9628906250,-62.1000595093
18281.0058593750,-62.1326141357
18323.1445312500,-62.1588020325
18365.3808593750,-62.1700706482
18407.7148437500,-62.1783180237
18450.1445312500,-62.1786651611
18492.6953125000,-62.1796722412
18535.3222656250,-62.1807174683
18578.0468750000,-62.1813392639
18620.8710937500,-62.1832237244
18663.7929687500,-62.2028961182
18706.8144531250,-62.2225646973
18749.9355468750,-62.2599296570
18793.1757812500,-62.3031120300
18836.4941406250,-62.3537178040
18879.9140625000,-62.4155158997
18923.4335937500,-62.4778137207
18967.0546875000,-62.5482711792
19010.7734375000,-62.6187210083
19054.6171875000,-62.6879692078
19098.5390625000,-62.7567214966
19142.5625000000,-62.8211402893
19186.6875000000,-62.8794097900
19230.9140625000,-62.9358520508
19275.2421875000,-62.9774055481
19319.6738281250,-63.0189590454
19364.2285156250,-63.0454101563
19408.8632812500,-63.0684776306
19453.6015625000,-63.0821380615
19498.4433593750,-63.0822219849
19543.3886718750,-63.0831451416
19588.4375000000,-63.0836296082
19633.6132812500,-63.0853996277
19678.8691406250,-63.0882682800
19724.2304687500,-63.0891494751
19769.6972656250,-63.0909233093
19815.2675781250,-63.0919799805
19860.9433593750,-63.0933303833
19906.7226562500,-63.0956039429
19952.6328125000,-63.0961608887
19998.6250000000,-63.0974273682
20044.7226562500,-63.0982208252
20090.9277343750,-63.0987510681
20137.2382812500,-63.0992507935
20183.6562500000,-63.1160507202
20230.2031250000,-63.1372871399
20276.8339843750,-63.1696548462
20323.5742187500,-63.2063865662
20370.4218750000,-63.2481422424
20417.3769531250,-63.2941474915
20464.4394531250,-63.3397674561
20511.6113281250,-63.3847503662
20558.9160156250,-63.4281272888
20606.3046875000,-63.4656944275
20653.8046875000,-63.5029449463
20701.4121093750,-63.5362663269
20749.1308593750,-63.5695877075
20796.9589843750,-63.6083106995
20844.8984375000,-63.6473808289
20892.9687500000,-63.6973190308
20941.1289062500,-63.7496681213
20989.4003906250,-63.8094711304
21037.7812500000,-63.8724098206
21086.2753906250,-63.9340705872
21134.8808593750,-63.9948844910
21183.6210937500,-64.0475463867
21232.4511718750,-64.0922546387
21281.3945312500,-64.1284255981
21330.4492187500,-64.1530456543
21379.6171875000,-64.1740570068
21428.8984375000,-64.1884231567
21478.2929687500,-64.2044448853
21527.8261718750,-64.2246017456
21577.4492187500,-64.2484436035
21627.1875000000,-64.2842941284
21677.0390625000,-64.3225555420
21727.0058593750,-64.3710098267
21777.0878906250,-64.4193878174
21827.3105468750,-64.4674301147
21877.6230468750,-64.5137023926
21928.0527343750,-64.5486221313
21978.5996093750,-64.5816116333
22029.2617187500,-64.6000518799
22080.0410156250,-64.6173477173
22130.9355468750,-64.6255722046
22181.9746093750,-64.6337738037
22233.1054687500,-64.6417770386
22284.3535156250,-64.6508636475
22335.7207031250,-64.6674041748
22387.2070312500,-64.6861495972
22438.8105468750,-64.7174911499
22490.5585937500,-64.7520065308
22542.4003906250,-64.8009567261
22594.3632812500,-64.8529281616
22646.4433593750,-64.9156799316
22698.6464843750,-64.9785919189
22750.9667968750,-65.0052719116
22803.4101562500,-65.0139617920
22855.9980468750,-65.0207214355
22908.6835937500,-65.0286026001
22961.4902343750,-65.0406570435
23014.4179687500,-65.0419235229
23067.4667968750,-65.0598144531
23120.6386718750,-65.0848388672
23173.9335937500,-65.0932769775
23227.3769531250,-65.0991744995
23280.9179687500,-65.1306228638
23334.5820312500,-65.1313552856
23388.3710937500,-65.1437149048
23442.2812500000,-65.1607589722
23496.3183593750,-65.1752090454
23550.5039062500,-65.1822509766
23604.7910156250,-65.1862564087
23659.2011718750,-65.1923751831
23713.7363281250,-65.2544479370
23768.3984375000,-65.3203506470
23823.1875000000,-65.3850936890
23878.1015625000,-65.4477081299
23933.1679687500,-65.5067138672
23988.3359375000,-65.5620880127
24043.6308593750,-65.6111373901
24099.0527343750,-65.6569137573
24154.6035156250,-65.6915969849
24210.2812500000,-65.7017669678
24266.1132812500,-65.7032470703
24322.0488281250,-65.7034301758
24378.1132812500,-65.7147827148
24434.3066406250,-65.7228164673
24490.6289062500,-65.7238998413
24547.0820312500,-65.7269744873
24603.6640625000,-65.7385482788
24660.4042968750,-65.7402114868
24717.2480468750,-65.7464828491
24774.2226562500,-65.7469482422
24831.3300781250,-65.7500305176
24888.5683593750,-65.7856521606
24945.9375000000,-65.8307723999
25003.4394531250,-65.8846435547
25061.1015625000,-65.9437637329
25118.8691406250,-66.0058441162
25176.7714843750,-66.0694732666
25234.8046875000,-66.1329421997
25292.9726562500,-66.1936798096
25351.2753906250,-66.2519836426
25409.7402343750,-66.3062057495
25468.3105468750,-66.3541641235
25527.0175781250,-66.3984680176
25585.8593750000,-66.4157104492
25644.8359375000,-66.4177703857
25703.9492187500,-66.4245147705
25763.1972656250,-66.4301452637
25822.6132812500,-66.4347076416
25882.1347656250,-66.4386978149
25941.7949218750,-66.4550628662
26001.5937500000,-66.4573364258
26061.5292968750,-66.4600677490
26121.6015625000,-66.4686203003
26181.8437500000,-66.4697265625
26242.1953125000,-66.4740829468
26302.6835937500,-66.5033264160
26363.3144531250,-66.5486602783
26424.0839843750,-66.5971298218
26484.9921875000,-66.6066284180
26546.0429687500,-66.6106872559
26607.2617187500,-66.6181106567
26668.5937500000,-66.6249313354
26730.0664062500,-66.6379623413
26791.6816406250,-66.6381301880
26853.4375000000,-66.6441726685
26915.3378906250,-66.6661224365
26977.4082031250,-66.6736602783
27039.5937500000,-66.6823730469
27101.9218750000,-66.6835708618
27164.3945312500,-66.6875839233
27227.0097656250,-66.6937942505
27289.7695312500,-66.7378845215
27352.6738281250,-66.8079528809
27415.7539062500,-66.8958663940
27478.9492187500,-66.9900512695
27542.2910156250,-67.0933074951
27605.7773437500,-67.1937942505
27669.4101562500,-67.2924118042
27733.1914062500,-67.3704605103
27797.1171875000,-67.4367904663
27861.2226562500,-67.4861831665
27925.4453125000,-67.5145111084
27989.8144531250,-67.5343856812
28054.3339843750,-67.5419692993
28119.0000000000,-67.5440979004
28183.8164062500,-67.5447921753
28248.8144531250,-67.5450592041
28313.9296875000,-67.5450820923
28379.1953125000,-67.5478057861
28444.6113281250,-67.5598831177
28510.1777343750,-67.5779495239
28575.8964843750,-67.6040725708
28641.7656250000,-67.6391906738
28707.8183593750,-67.6752319336
28773.9921875000,-67.6949691772
28840.3183593750,-67.6959609985
28906.7968750000,-67.7021255493
28973.4296875000,-67.7102127075
29040.2148437500,-67.7154083252
29107.1855468750,-67.7184448242
29174.2812500000,-67.7331542969
29241.5292968750,-67.7343368530
29308.9335937500,-67.7461547852
29376.4921875000,-67.7474899292
29444.2070312500,-67.7516479492
29512.0781250000,-67.7994613647
29580.1386718750,-67.8637084961
29648.3222656250,-67.9339675903
29716.6640625000,-68.0066757202
29785.1621093750,-68.0775451660
29853.8203125000,-68.1428756714
29922.6347656250,-68.2043075562
29991.6406250000,-68.2603073120
30060.7734375000,-68.2727355957
30130.0664062500,-68.3256912231
30199.5175781250,-68.3778381348
30269.1308593750,-68.4108276367
30338.9023437500,-68.4144821167
30408.8359375000,-68.4257888794
30478.9648437500,-68.4261779785
30549.2207031250,-68.4331436157
30619.6386718750,-68.4580764771
30690.2187500000,-68.4607543945
30760.9628906250,-68.4635162354
30831.8691406250,-68.4786987305
30902.9375000000,-68.4843292236
30974.2050781250,-68.4888076782
31045.6035156250,-68.5145187378
31117.1660156250,-68.5835266113
31188.8925781250,-68.6621856689
31260.7851562500,-68.7416763306
31332.8437500000,-68.8168334961
31405.1035156250,-68.8856658936
31477.4941406250,-68.9481201172
31550.0507812500,-69.0059127808
31622.7773437500,-69.0617980957
31695.6699218750,-69.1190948486
31768.7304687500,-69.1793060303
31841.9589843750,-69.2414779663
31915.3925781250,-69.3036041260
31988.9589843750,-69.3630065918
32062.6972656250,-69.4173355103
32136.6035156250,-69.4173355103
32210.6796875000,-69.4238052368
32284.9277343750,-69.4238891602
32359.3828125000,-69.4424896240
32433.9726562500,-69.4425735474
32508.7363281250,-69.4650878906
32583.6718750000,-69.4708099365
32658.7792968750,-69.4712066650
32734.0585937500,-69.5050888062
32809.5156250000,-69.5059967041
32885.1796875000,-69.5067214966
32960.9804687500,-69.5410461426
33036.9570312500,-69.5424118042
33113.1093750000,-69.5449905396
33189.4375000000,-69.5719757080
33265.9414062500,-69.5809555054
33342.6250000000,-69.5820236206
33419.5156250000,-69.5980606079
33496.5507812500,-69.6084136963
33573.7617187500,-69.6172332764
33651.1523437500,-69.6240844727
33728.7226562500,-69.6256179810
33806.4687500000,-69.6267166138
33884.4335937500,-69.6753921509
33962.5390625000,-69.7316665649
34040.8242187500,-69.7919540405
34119.2890625000,-69.8516159058
34197.9375000000,-69.9061508179
34276.7656250000,-69.9537734985
34355.7773437500,-69.9966278076
34435.0078125000,-70.0394515991
34514.3828125000,-70.0861968994
34593.9414062500,-70.1369628906
34673.6835937500,-70.1873550415
34753.6054687500,-70.2313232422
34833.7187500000,-70.2669982910
34914.0507812500,-70.2992095947
34994.5273437500,-70.3014678955
35075.1953125000,-70.3068389893
35156.0429687500,-70.3210372925
35237.0820312500,-70.3355331421
35318.3046875000,-70.3371887207
35399.7148437500,-70.3617324829
35481.3554687500,-70.3813934326
35563.1406250000,-70.3894729614
35645.1171875000,-70.4160995483
35727.2812500000,-70.4359283447
35809.6367187500,-70.4580688477
35892.1796875000,-70.4738769531
35974.9531250000,-70.4913787842
36057.8789062500,-70.5235061646
36140.9921875000,-70.5349044800
36224.3007812500,-70.5359573364
36307.8007812500,-70.5542373657
36391.4921875000,-70.5588150024
36475.3789062500,-70.6096572876
36559.4960937500,-70.6715240479
36643.7695312500,-70.7132263184
36728.2343750000,-70.7360382080
36812.8945312500,-70.7462768555
36897.7539062500,-70.7654037476
36982.8046875000,-70.8069076538
37068.0507812500,-70.8789978027
37153.5390625000,-70.9764709473
37239.1796875000,-71.0828628540
37325.0195312500,-71.1778411865
37411.0546875000,-71.2461013794
37497.2890625000,-71.2580947876
37583.7226562500,-71.2600097656
37670.3984375000,-71.2687149048
37757.2304687500,-71.2825546265
37844.2656250000,-71.2833862305
37931.5000000000,-71.2917098999
38018.9335937500,-71.2973175049
38106.5703125000,-71.3620986938
38194.4062500000,-71.4102478027
38282.4921875000,-71.4519271851
38370.7343750000,-71.4835128784
38459.1796875000,-71.5059890747
38547.8320312500,-71.5230865479
38636.6875000000,-71.5396041870
38725.7500000000,-71.5608596802
38815.0585937500,-71.5923309326
38904.5273437500,-71.6382293701
38994.2070312500,-71.6988449097
39084.0898437500,-71.7684173584
39174.1835937500,-71.8354415894
39264.4804687500,-71.8850631714
39354.9882812500,-71.8863983154
39445.7460937500,-71.8972320557
39536.6718750000,-71.9105911255
39627.8085937500,-71.9119186401
39719.1523437500,-71.9120407104
39810.7070312500,-71.9330444336
39902.4765625000,-71.9409713745
39994.4960937500,-71.9514923096
40086.6875000000,-71.9606704712
40179.0898437500,-71.9624710083
40271.7070312500,-71.9893341064
40364.5351562500,-71.9957885742
40457.5781250000,-72.0034790039
40550.8359375000,-72.0161285400
40644.3515625000,-72.0290908813
40738.0390625000,-72.0364303589
40831.9453125000,-72.0427093506
40926.0664062500,-72.0572967529
41020.4023437500,-72.1116333008
41114.9570312500,-72.1567230225
41209.7304687500,-72.1880187988
41304.7656250000,-72.2083969116
41399.9765625000,-72.2267074585
41495.4062500000,-72.2759475708
41591.0585937500,-72.3633193970
41686.9257812500,-72.4463806152
41783.0195312500,-72.5387039185
41879.3789062500,-72.6271057129
41975.9140625000,-72.6324157715
42072.6679687500,-72.6354293823
42169.6484375000,-72.6410140991
42266.8554687500,-72.6452636719
42364.2812500000,-72.6452865601
42461.9335937500,-72.6479568481
42559.8593750000,-72.6562118530
42657.9648437500,-72.6577301025
42756.2929687500,-72.6610870361
42854.8476562500,-72.6626968384
42953.6328125000,-72.6940612793
43052.6445312500,-72.6969909668
43151.9296875000,-72.7061462402
43251.3984375000,-72.7352066040
43351.0976562500,-72.7371597290
43451.0234375000,-72.8383560181
43551.1796875000,-73.0175399780
43651.5703125000,-73.1410064697
43752.1914062500,-73.2125396729
43853.0898437500,-73.2148742676
43954.1757812500,-73.2325897217
44055.4921875000,-73.2369918823
44157.0429687500,-73.2428665161
44258.8281250000,-73.2481842041
44360.8476562500,-73.2491455078
44463.1015625000,-73.2502059937
44565.6406250000,-73.2511978149
44668.3671875000,-73.2703323364
44771.3320312500,-73.2739486694
44874.5351562500,-73.3070220947
44977.9726562500,-73.3093872070
45081.6484375000,-73.3190612793
45185.6171875000,-73.3419189453
45289.7734375000,-73.3765487671
45394.1679687500,-73.4272613525
45498.8046875000,-73.4272766113
45603.6835937500,-73.4358749390
45708.8046875000,-73.4543228149
45814.1640625000,-73.4638214111
45919.8203125000,-73.4676437378
46025.6679687500,-73.4885406494
46131.7617187500,-73.5805587769
46238.0976562500,-73.7703399658
46344.6796875000,-73.9682083130
46451.5078125000,-74.0206298828
46558.6328125000,-74.0303726196
46665.9531250000,-74.0484695435
46773.5234375000,-74.0614089966
46881.3398437500,-74.0717849731
46989.4023437500,-74.0897369385
47097.7187500000,-74.1029586792
47206.2812500000,-74.1360168457
47315.1484375000,-74.1487045288
47424.2109375000,-74.1814422607
47533.5273437500,-74.2929840088
47643.0976562500,-74.3661117554
47752.9179687500,-74.3763732910
47862.9921875000,-74.3773651123
47973.3710937500,-74.3889617920
48083.9531250000,-74.3914566040
48194.7890625000,-74.4025573730
48305.8828125000,-74.4251861572
48417.2304687500,-74.4282684326
48528.8359375000,-74.4370880127
48640.6992187500,-74.4571838379
48752.8710937500,-74.4699096680
48865.2500000000,-74.4727706909
48977.8867187500,-74.5060806274
49090.7851562500,-74.5623779297
49203.9453125000,-74.6432800293
49317.3632812500,-74.7056732178
49431.0429687500,-74.7332458496
49545.0390625000,-74.7710723877
49659.2421875000,-74.8197479248
49773.7109375000,-74.8231048584
49888.4453125000,-74.8306884766
50003.4414062500,-74.8572463989
50118.7031250000,-74.8686904907
50234.2851562500,-74.8760147095
50350.0781250000,-74.8928375244
50466.1367187500,-74.8941726685
50582.4648437500,-74.9638748169
50699.0625000000,-75.0233459473
50815.9257812500,-75.0781784058
50933.0625000000,-75.0979766846
51050.5234375000,-75.1045074463
51168.1953125000,-75.1392974854
51286.1445312500,-75.1951293945
51404.3593750000,-75.2052459717
51522.8515625000,-75.2097778320
51641.6171875000,-75.2324218750
51760.7109375000,-75.2561111450
51880.0234375000,-75.3069381714
51999.6093750000,-75.3133239746
52119.4726562500,-75.3247833252
52239.6093750000,-75.3925247192
52360.0273437500,-75.3927841187
52480.7187500000,-75.3950347900
52601.7500000000,-75.4167709351
52723.0000000000,-75.4197845459
52844.5312500000,-75.4277038574
52966.3398437500,-75.4301681519
53088.4335937500,-75.4347763062
53210.8046875000,-75.4497451782
53333.5195312500,-75.4513015747
53456.4570312500,-75.4569320679
53579.6757812500,-75.4602966309
53703.1835937500,-75.4655456543
53826.9726562500,-75.4839630127
53951.0468750000,-75.5235214233
54075.4062500000,-75.5505371094
54200.1132812500,-75.5632324219
54325.0507812500,-75.5864334106
54450.2734375000,-75.5998382568
54575.7851562500,-75.6202239990
54701.5859375000,-75.6256256104
54827.6757812500,-75.7159042358
54954.0585937500,-75.8952789307
55080.7929687500,-76.0239334106
55207.7578125000,-76.0264968872
55335.0156250000,-76.0456466675
55462.5664062500,-76.0519638062
55590.4101562500,-76.0572586060
55718.5507812500,-76.0817871094
55847.0468750000,-76.1193542480
55975.7773437500,-76.1200408936
56104.8085937500,-76.1509933472
56234.1328125000,-76.1512145996
56363.7578125000,-76.1737289429
56493.6796875000,-76.1848526001
56623.9023437500,-76.2281036377
56754.4843750000,-76.3090972900
56885.3085937500,-76.3163604736
57016.4335937500,-76.3567733765
57147.8593750000,-76.3708267212
57279.5898437500,-76.4112472534
57411.6210937500,-76.4351577759
57544.0234375000,-76.4512710571
57676.6679687500,-76.4896011353
57809.6171875000,-76.5110626221
57942.8710937500,-76.5456314087
58076.4335937500,-76.5823593140
58210.3046875000,-76.5835037231
58344.4843750000,-76.5852966309
58479.0351562500,-76.6080398560
58613.8320312500,-76.6256027222
58748.9414062500,-76.6508789063
58884.3632812500,-76.6691284180
59020.0937500000,-76.6706466675
59156.1406250000,-76.7198638916
59292.5000000000,-76.7868118286
59429.2382812500,-76.8029022217
59566.2265625000,-76.8172531128
59703.5312500000,-77.0165939331
59841.1523437500,-77.1470489502
59979.0898437500,-77.1723861694
60117.3476562500,-77.1846237183
60255.9882812500,-77.1888732910
60394.8828125000,-77.2113876343
60534.0976562500,-77.2376861572
60673.6328125000,-77.2561874390
60813.4882812500,-77.2597427368
60953.6679687500,-77.2817001343
61094.1718750000,-77.3315658569
61235.0625000000,-77.3445892334
61376.2148437500,-77.3477020264
61517.6914062500,-77.3543853760
61659.4960937500,-77.3775253296
61801.6250000000,-77.3836212158
61944.0820312500,-77.3894577026
62086.9335937500,-77.3965225220
62230.0507812500,-77.3984756470
62373.4960937500,-77.4107971191
62517.2695312500,-77.4159545898
62661.3750000000,-77.4221115112
62805.8164062500,-77.4548034668
62950.5859375000,-77.5441055298
63095.7617187500,-77.6585769653
63241.2031250000,-77.7420806885
63386.9765625000,-77.8344039917
63533.0898437500,-77.9128723145
63679.5390625000,-77.9192123413
63826.3242187500,-77.9579696655
63973.5195312500,-77.9819030762
64120.9804687500,-77.9844665527
64268.7851562500,-78.0299377441
64416.9296875000,-78.0309829712
64565.4140625000,-78.0613632202
64714.2421875000,-78.0666046143
64863.4140625000,-78.0861663818
65013.0000000000,-78.1008148193
65162.8593750000,-78.1076126099
65313.0625000000,-78.1122207642
65463.6132812500,-78.1158294678
65614.5156250000,-78.1329727173
65765.7578125000,-78.1805114746
65917.3515625000,-78.2277832031
66069.3671875000,-78.2678833008
66221.6640625000,-78.2831802368
66374.3125000000,-78.3545227051
66527.3125000000,-78.3698730469
66680.6562500000,-78.3901214600
66834.3593750000,-78.4080429077
66988.4921875000,-78.4339447021
67142.9062500000,-78.4643554688
67297.6796875000,-78.4929351807
67452.8046875000,-78.5078125000
67608.2890625000,-78.5390167236
67764.1250000000,-78.5623321533
67920.3281250000,-78.5763778687
68076.9609375000,-78.5943069458
68233.8906250000,-78.6244506836
68391.1718750000,-78.6533660889
68548.8203125000,-78.6763916016
68706.8281250000,-78.7181930542
68865.2031250000,-78.7232131958
69024.0156250000,-78.7528991699
69183.1250000000,-78.8223953247
69342.5937500000,-78.8586196899
69502.4296875000,-78.8636703491
69662.6406250000,-78.9153823853
69823.2187500000,-78.9651412964
69984.1640625000,-78.9726867676
70145.5625000000,-78.9761123657
70307.2500000000,-79.0125503540
70469.3125000000,-79.0276565552
70631.7500000000,-79.1332015991
70794.5625000000,-79.2535018921
70957.7500000000,-79.3090820313
71121.3906250000,-79.3188705444
71285.3281250000,-79.3442306519
71449.6484375000,-79.4054565430
71614.3437500000,-79.4070053101
71779.4218750000,-79.4100799561
71944.8750000000,-79.4267349243
72110.7187500000,-79.4347991943
72277.0156250000,-79.4371490479
72443.6171875000,-79.4415283203
72610.6093750000,-79.4469451904
72777.9765625000,-79.4491271973
72945.7343750000,-79.4579772949
73113.8828125000,-79.5473937988
73282.4140625000,-79.7446060181
73451.4140625000,-79.8727493286
73620.7265625000,-79.8975448608
73790.4296875000,-79.9116210938
73960.5234375000,-79.9153671265
74131.0078125000,-79.9215240479
74301.8828125000,-79.9331665039
74473.2343750000,-79.9399261475
74644.8984375000,-79.9459991455
74816.9609375000,-79.9577178955
74989.4218750000,-79.9933624268
75162.2734375000,-80.0308761597
75335.5312500000,-80.0409622192
75509.1875000000,-80.0774536133
75683.3203125000,-80.1265563965
75857.7812500000,-80.1363906860
76032.6328125000,-80.1931915283
76207.8984375000,-80.2100372314
76383.5625000000,-80.2349090576
76559.6328125000,-80.2582015991
76736.1875000000,-80.2812500000
76913.0703125000,-80.3036270142
77090.3593750000,-80.3121871948
77268.0625000000,-80.3429641724
77446.1718750000,-80.3638000488
77624.6875000000,-80.4608917236
77803.6171875000,-80.4798889160
77983.0468750000,-80.5117034912
78162.8046875000,-80.5181884766
78342.9765625000,-80.5314788818
78523.5625000000,-80.5349121094
78704.5625000000,-80.5527191162
78885.9843750000,-80.5586624146
79067.8203125000,-80.5615463257
79250.1640625000,-80.6241912842
79432.8437500000,-80.6634979248
79615.9375000000,-80.6790084839
79799.4609375000,-80.7524490356
79983.4062500000,-80.7639389038
80167.7734375000,-80.8163146973
80352.6484375000,-80.8627777100
80537.8671875000,-80.8670120239
80723.5156250000,-80.8723907471
80909.5859375000,-80.9234619141
81096.0937500000,-80.9262161255
81283.0234375000,-80.9469604492
81470.3828125000,-80.9476013184
81658.2734375000,-80.9493103027
81846.5000000000,-80.9903030396
82035.1640625000,-81.1555709839
82224.2578125000,-81.2680053711
82413.7890625000,-81.2744216919
82603.7578125000,-81.2763137817
82794.2578125000,-81.2768173218
82985.1015625000,-81.2781906128
83176.3906250000,-81.3188858032
83368.1171875000,-81.3276062012
83560.2890625000,-81.3593215942
83752.8984375000,-81.4291152954
83945.9609375000,-81.4322509766
84139.5546875000,-81.4631042480
84333.5000000000,-81.5014953613
84527.8906250000,-81.5040664673
84722.7343750000,-81.5094451904
84918.0312500000,-81.5255508423
85113.7734375000,-81.5534515381
85310.0546875000,-81.5742263794
85506.7031250000,-81.5840835571
85703.8046875000,-81.5843505859
85901.3515625000,-81.5860061646
86099.3671875000,-81.6010742188
86297.8281250000,-81.6782608032
86496.7500000000,-81.7638626099
86696.2265625000,-81.8414001465
86896.0703125000,-81.9115905762
87096.3671875000,-81.9331512451
87297.1328125000,-81.9624481201
87498.3593750000,-82.0052413940
87700.0468750000,-82.0207290649
87902.2031250000,-82.0558471680
88104.9218750000,-82.0696487427
88308.0078125000,-82.0753784180
88511.5703125000,-82.0826644897
88715.5937500000,-82.0968704224
88920.0859375000,-82.1757431030
89125.0546875000,-82.1825790405
89330.5937500000,-82.2090072632
89536.5078125000,-82.2408599854
89742.8906250000,-82.2451858521
89949.7578125000,-82.2544708252
90157.1015625000,-82.2989959717
90364.9140625000,-82.3189849854
90573.2109375000,-82.3236541748
90782.0937500000,-82.3707351685
90991.3515625000,-82.3790893555
91201.0937500000,-82.3821105957
91411.3203125000,-82.3838882446
91622.0234375000,-82.3943710327
91833.2187500000,-82.4193420410
92045.0078125000,-82.4240112305
92257.1718750000,-82.4261093140
92469.8359375000,-82.4617462158
92682.9843750000,-82.4701919556
92896.6250000000,-82.4794616699
93110.7578125000,-82.4813079834
93325.3828125000,-82.5026931763
93540.6093750000,-82.5705337524
93756.2265625000,-82.5753631592
93972.3437500000,-82.5793380737
94188.9531250000,-82.5797882080
94406.0703125000,-82.5862731934
94623.6796875000,-82.5938644409
94841.8984375000,-82.6077117920
95060.5156250000,-82.6411361694
95279.6328125000,-82.6711502075
95499.2656250000,-82.6727523804
95719.3984375000,-82.7963943481
95940.0390625000,-82.9641876221
96161.1875000000,-82.9782714844
96382.9453125000,-82.9887161255
96605.1171875000,-83.0544204712
96827.7968750000,-83.0561676025
97050.9921875000,-83.0629959106
97274.7031250000,-83.0933609009
97498.9296875000,-83.1023559570
97723.6718750000,-83.1147918701
97949.0390625000,-83.1359100342
98174.8203125000,-83.1521911621
98401.1171875000,-83.1891784668
98627.9375000000,-83.2402267456
98855.2812500000,-83.4262390137
99083.1484375000,-83.5494384766
99311.6562500000,-83.6082534790
99540.5781250000,-83.6274414063
99770.0234375000,-83.6334991455
100000.0000000000,-83.6381683350
100230.5078125000,-83.6404190063
100461.5468750000,-83.6417083740
100693.1171875000,-83.6420059204
100925.3359375000,-83.6420364380
101157.9687500000,-83.6514434814
101391.1484375000,-83.6738281250
101624.8593750000,-83.7134094238
101859.1171875000,-83.7251052856
102093.9062500000,-83.7720260620
102329.3515625000,-83.7897415161
102565.2265625000,-83.8477401733
102801.6484375000,-83.9345397949
103038.6171875000,-84.0229187012
103276.1250000000,-84.1018829346
103514.1875000000,-84.1619491577
103752.7890625000,-84.1732025146
103992.0625000000,-84.1754150391
104231.7734375000,-84.1803131104
104472.0312500000,-84.1899490356
104712.8515625000,-84.1928024292
104954.2187500000,-84.1972732544
105196.1484375000,-84.2049331665
105438.6328125000,-84.2091522217
105681.7890625000,-84.2194213867
105925.3984375000,-84.2657775879
106169.5625000000,-84.3291244507
106414.2890625000,-84.4060821533
106659.5859375000,-84.4889068604
106905.4375000000,-84.5504455566
107151.9843750000,-84.5540695190
107398.9765625000,-84.5662612915
107646.5390625000,-84.5668334961
107894.6718750000,-84.5760803223
108143.3750000000,-84.5994110107
108392.6562500000,-84.6093902588
108642.5078125000,-84.6259841919
108893.0546875000,-84.6400222778
109144.0625000000,-84.6426467896
109395.6484375000,-84.6589813232
109647.8125000000,-84.6628189087
109900.5546875000,-84.6783676147
110153.8828125000,-84.6877670288
110407.9218750000,-84.6881332397
110662.4140625000,-84.6996078491
110917.5000000000,-84.7043075562
111173.1718750000,-84.7051391602
111429.4375000000,-84.7123336792
111686.2890625000,-84.7153854370
111943.7343750000,-84.7378540039
112201.8984375000,-84.7833938599
112460.5312500000,-84.8331985474
112719.7578125000,-84.8797988892
112979.5859375000,-84.9184112549
113240.0078125000,-84.9477767944
113501.0390625000,-84.9696044922
113762.7890625000,-84.9873580933
114025.0234375000,-85.0053939819
114287.8593750000,-85.0287933350
114551.2968750000,-85.0633239746
114815.3437500000,-85.1147232056
115080.0078125000,-85.2336959839
115345.2734375000,-85.3911361694
115611.2812500000,-85.5082092285
115877.7734375000,-85.6193008423
116144.8750000000,-85.6314239502
116412.6015625000,-85.6321563721
116680.9375000000,-85.6495513916
116949.8984375000,-85.6563873291
117219.4765625000,-85.6787872314
117489.8046875000,-85.6794204712
117760.6250000000,-85.6996917725
118032.0703125000,-85.7118377686
118304.1406250000,-85.7119598389
118576.8437500000,-85.7123870850
118850.1718750000,-85.7127838135
119124.2578125000,-85.7142868042
119398.8515625000,-85.7156753540
119674.0703125000,-85.7174682617
119949.9296875000,-85.7227706909
120226.4218750000,-85.7507019043
120503.5546875000,-85.7509384155
120781.3203125000,-85.7796630859
121059.8671875000,-85.7845611572
121338.9140625000,-85.8119049072
121618.6093750000,-85.8191986084
121898.9531250000,-85.8298034668
122179.9375000000,-85.8340606689
122461.5703125000,-85.8368759155
122743.9843750000,-85.9672698975
123026.9218750000,-86.0741958618
123310.5078125000,-86.1837768555
123594.7421875000,-86.2845001221
123879.6406250000,-86.3411788940
124165.1953125000,-86.3474197388
124451.3984375000,-86.3669281006
124738.4062500000,-86.3714828491
125025.9375000000,-86.3716888428
125314.1328125000,-86.4023818970
125602.9921875000,-86.4132003784
125892.5156250000,-86.4261474609
126182.7031250000,-86.4328765869
126473.7031250000,-86.4577713013
126765.2343750000,-86.4623489380
127057.4375000000,-86.4634170532
127350.3125000000,-86.4745864868
127643.8671875000,-86.4808959961
127938.0937500000,-86.5149230957
128233.0000000000,-86.5606460571
128528.7265625000,-86.5935440063
128824.9921875000,-86.5951004028
129121.9453125000,-86.5965881348
129419.5781250000,-86.6063385010
129717.8984375000,-86.6127090454
130016.9140625000,-86.6167602539
130316.6093750000,-86.6184387207
130617.1406250000,-86.6586074829
130918.2265625000,-86.7037353516
131220.0000000000,-86.7545318604
131522.4687500000,-86.8063354492
131825.6406250000,-86.8555221558
132129.5000000000,-86.9193954468
132434.2187500000,-86.9719924927
132739.4843750000,-86.9734268188
133045.4687500000,-86.9761810303
133352.1406250000,-86.9848937988
133659.5312500000,-86.9911956787
133967.6250000000,-86.9994659424
134276.4218750000,-87.0065765381
134586.0937500000,-87.0218887329
134896.3281250000,-87.0259170532
135207.2656250000,-87.0404205322
135518.9375000000,-87.0472259521
135831.3125000000,-87.0477142334
136144.4062500000,-87.0638809204
136458.3906250000,-87.0680541992
136772.9375000000,-87.0844268799
137088.2031250000,-87.0906906128
137404.2031250000,-87.0944671631
137720.9218750000,-87.0990066528
138038.3906250000,-87.1431808472
138356.5781250000,-87.2299652100
138675.6406250000,-87.3272171021
138995.2968750000,-87.4719696045
139315.7031250000,-87.5944976807
139636.8281250000,-87.6515731812
139958.7031250000,-87.6905746460
140281.3125000000,-87.7310714722
140604.6718750000,-87.7784423828
140928.9375000000,-87.8276977539
141253.7812500000,-87.9306869507
141579.3906250000,-88.0473709106
141905.7343750000,-88.1183624268
142232.8437500000,-88.1741027832
142560.7031250000,-88.2013244629
142889.4687500000,-88.2033996582
143218.8281250000,-88.2034454346
143548.9687500000,-88.2103424072
143879.8593750000,-88.2108917236
144211.5156250000,-88.2126998901
144543.9218750000,-88.2166976929
144877.1093750000,-88.2176742554
145211.2187500000,-88.2195968628
145545.9375000000,-88.2253036499
145881.4375000000,-88.2254028320
146217.7031250000,-88.2258453369
146554.7500000000,-88.2287521362
146892.5625000000,-88.2306671143
147231.3281250000,-88.2316665649
147570.7031250000,-88.2647171021
147910.8593750000,-88.3555068970
148251.8125000000,-88.4691390991
148593.5468750000,-88.5429458618
148936.0625000000,-88.6197433472
149279.3750000000,-88.6466293335
149623.6250000000,-88.6525344849
149968.5312500000,-88.6530990601
150314.2187500000,-88.6533737183
150660.7031250000,-88.6581268311
151007.9843750000,-88.6700592041
151356.0625000000,-88.6756820679
151705.1250000000,-88.6834259033
152054.8125000000,-88.7117767334
152405.3125000000,-88.7148208618
152756.6093750000,-88.7190017700
153108.7187500000,-88.7501144409
153461.6562500000,-88.7557449341
153815.3906250000,-88.7598953247
154170.1093750000,-88.7716827393
154525.4843750000,-88.8203735352
154881.6875000000,-88.8965454102
155238.7031250000,-88.9225692749
155596.5312500000,-88.9333114624
155955.1875000000,-88.9449310303
156314.6875000000,-88.9618835449
156675.1718750000,-88.9625244141
157036.3125000000,-88.9942855835
157398.2968750000,-88.9949188232
157761.1093750000,-89.0038146973
158124.7656250000,-89.0113296509
158489.2500000000,-89.0408859253
158854.7500000000,-89.1150741577
159220.9218750000,-89.1599731445
159587.9375000000,-89.1638946533
159955.7968750000,-89.1766052246
160324.5156250000,-89.1795349121
160694.0625000000,-89.1840591431
161064.4843750000,-89.2039413452
161435.9218750000,-89.2042160034
161808.0468750000,-89.2115402222
162181.0312500000,-89.2851104736
162554.8593750000,-89.3734664917
162929.5625000000,-89.4558944702
163305.1250000000,-89.5175933838
163681.7343750000,-89.5501632690
164059.0312500000,-89.5703048706
164437.2031250000,-89.5934524536
164816.2343750000,-89.6263961792
165196.1562500000,-89.6665725708
165576.9375000000,-89.7053604126
165958.6093750000,-89.7403411865
166341.3437500000,-89.7777099609
166724.7656250000,-89.8254699707
167109.0781250000,-89.8802490234
167494.2812500000,-89.9295425415
167880.3593750000,-89.9621658325
168267.3437500000,-89.9692687988
168655.3906250000,-89.9708251953
169044.1562500000,-89.9708786011
169433.8125000000,-89.9901123047
169824.3750000000,-90.0171203613
170215.8281250000,-90.0541229248
170608.1875000000,-90.0981826782
171001.4531250000,-90.1468353271
171395.8125000000,-90.1930694580
171790.8906250000,-90.2292938232
172186.8750000000,-90.2562713623
172583.7812500000,-90.2750167847
172981.6093750000,-90.2897491455
173380.3437500000,-90.2989883423
173779.9843750000,-90.3029479980
174180.7500000000,-90.3054962158
174582.2500000000,-90.3218994141
174984.6875000000,-90.3566970825
175388.0312500000,-90.4124832153
175792.3125000000,-90.5026016235
176197.5312500000,-90.5763397217
176603.8750000000,-90.6533966064
177010.9531250000,-90.7299499512
177418.9843750000,-90.7950515747
177827.9375000000,-90.8393783569
178237.8437500000,-90.8401565552
178648.7031250000,-90.8482360840
179060.5000000000,-90.8504104614
179473.4375000000,-90.8537902832
179887.1406250000,-90.8587493896
180301.7968750000,-90.8720550537
180717.4062500000,-90.8945541382
181133.9687500000,-90.9017868042
181551.5000000000,-90.9068832397
181970.1875000000,-90.9273834229
182389.6406250000,-90.9281463623
182810.0625000000,-90.9495849609
183231.4531250000,-90.9531173706
183653.8125000000,-90.9554748535
184077.1406250000,-91.0142517090
184501.4531250000,-91.0395050049
184926.9531250000,-91.0471038818
185353.2187500000,-91.0480117798
185780.4687500000,-91.0978240967
186208.7031250000,-91.1329421997
186637.9375000000,-91.1539382935
187068.1406250000,-91.1556015015
187499.3437500000,-91.1714477539
187931.7500000000,-91.1725234985
188364.9531250000,-91.1779479980
188799.1406250000,-91.1782226563
189234.3437500000,-91.1941528320
189670.5312500000,-91.2404785156
190107.7500000000,-91.3551177979
190546.1562500000,-91.4404373169
190985.3906250000,-91.4760589600
191425.6250000000,-91.4989852905
191866.8750000000,-91.5084533691
192309.1406250000,-91.5122222900
192752.4218750000,-91.5293655396
193196.7343750000,-91.5350265503
193642.2812500000,-91.5515975952
194088.6406250000,-91.5519943237
194536.0312500000,-91.5520095825
194984.4375000000,-91.6270980835
195433.8906250000,-91.7215881348
195884.3906250000,-91.7295455933
196336.1250000000,-91.7375488281
196788.7031250000,-91.7467575073
197242.3125000000,-91.7567977905
197696.9687500000,-91.7881851196
198152.6718750000,-91.7936096191
198609.4218750000,-91.8047866821
199067.2343750000,-91.8119125366
199526.3125000000,-91.8224105835
199986.2343750000,-91.8238983154
200447.2187500000,-91.8302001953
200909.2656250000,-91.8307113647
201372.3750000000,-91.8325881958
201836.5625000000,-91.8389663696
202302.0312500000,-91.8723068237
202768.3437500000,-91.9462890625
203235.7343750000,-92.0252685547
203704.2187500000,-92.0652923584
204173.7656250000,-92.0789718628
204644.4062500000,-92.0804824829
205116.1250000000,-92.0944519043
205589.1562500000,-92.1415023804
206063.0468750000,-92.2184371948
206538.0468750000,-92.3122406006
207014.1250000000,-92.3827438354
207491.3125000000,-92.4382019043
207969.5937500000,-92.4835433960
208448.9843750000,-92.5138168335
208929.7031250000,-92.5219573975
209411.2968750000,-92.5297317505
209894.0000000000,-92.5523529053
210377.8281250000,-92.5532455444
210862.7500000000,-92.5663375854
211348.8125000000,-92.5874481201
211836.2187500000,-92.5932998657
212324.5156250000,-92.6237030029
212813.9375000000,-92.7373046875
213304.4843750000,-92.7663345337
213796.1718750000,-92.7767333984
214288.9843750000,-92.8130645752
214782.9375000000,-92.8148040771
215278.2656250000,-92.8236999512
215774.5000000000,-92.9291000366
216271.8750000000,-93.0003585815
216770.3906250000,-93.0167465210
217270.0625000000,-93.0184326172
217770.8906250000,-93.0294952393
218273.1093750000,-93.0426559448
218776.2343750000,-93.0801925659
219280.5312500000,-93.1034317017
219785.9843750000,-93.1095504761
220292.6093750000,-93.1103973389
220800.4062500000,-93.1104736328
221309.3593750000,-93.1473159790
221819.7343750000,-93.1773986816
222331.0468750000,-93.1824035645
222843.5468750000,-93.2020874023
223357.2031250000,-93.2021942139
223872.0625000000,-93.2030639648
224388.1093750000,-93.2285537720
224905.5781250000,-93.2368392944
225424.0000000000,-93.2741470337
225943.6250000000,-93.3785400391
226464.4375000000,-93.3957366943
226986.4531250000,-93.3982620239
227509.6718750000,-93.4260177612
228034.1093750000,-93.4386138916
228559.9843750000,-93.4654235840
229086.8281250000,-93.4689178467
229614.8906250000,-93.4937057495
230144.1718750000,-93.5041351318
230674.6718750000,-93.5368347168
231206.3906250000,-93.5466384888
231739.3437500000,-93.5816650391
232273.7812500000,-93.6541748047
232809.1875000000,-93.7416458130
233345.8281250000,-93.8182296753
233883.7031250000,-93.8828201294
234422.8125000000,-93.8993988037
234963.1875000000,-93.9510955811
235505.0468750000,-93.9549407959
236047.9062500000,-93.9670715332
236592.0156250000,-94.0285263062
237137.3750000000,-94.0460662842
237683.9843750000,-94.1111221313
238231.8750000000,-94.1164779663
238781.0156250000,-94.1380996704
239331.6718750000,-94.1437683105
239883.3593750000,-94.1749649048
240436.2968750000,-94.1856460571
240990.5312500000,-94.2412643433
241546.0312500000,-94.2563552856
242102.8125000000,-94.2656250000
242661.1406250000,-94.2692642212
243220.4843750000,-94.2799224854
243781.1250000000,-94.2954635620
244343.0625000000,-94.3042907715
244906.2968750000,-94.3067779541
245470.8125000000,-94.3123550415
246036.6406250000,-94.3419952393
246604.0468750000,-94.3455047607
247172.4843750000,-94.3682632446
247742.2343750000,-94.4140472412
248313.2968750000,-94.4442596436
248885.6718750000,-94.4745101929
249459.3750000000,-94.5445098877
250034.4062500000,-94.6257476807
250611.0156250000,-94.6590194702
251188.7031250000,-94.6732254028
251767.7031250000,-94.6751174927
252348.0468750000,-94.6846847534
252929.7343750000,-94.6888046265
253512.7500000000,-94.7069931030
254097.3906250000,-94.7243041992
254683.1093750000,-94.7398147583
255270.1718750000,-94.7561874390
255858.5781250000,-94.8001861572
256448.3593750000,-94.8122406006
257039.4843750000,-94.8161087036
257631.9843750000,-94.9554290771
258226.1250000000,-95.0862731934
258821.3593750000,-95.0906372070
259417.9531250000,-95.1066055298
260015.9375000000,-95.1134033203
260615.2812500000,-95.1351394653
261216.0312500000,-95.1713790894
261818.4375000000,-95.1719665527
262421.9375000000,-95.1958541870
263026.8437500000,-95.2136154175
263633.1562500000,-95.2272338867
264240.8437500000,-95.2521438599
264849.9375000000,-95.2597885132
265460.4375000000,-95.2608413696
266072.6250000000,-95.2967834473
266685.9375000000,-95.2973785400
267300.6562500000,-95.3821411133
267916.8125000000,-95.3853225708
268534.3750000000,-95.4126892090
269153.3750000000,-95.4310684204
269774.0937500000,-95.4418487549
270395.9375000000,-95.4848175049
271019.2187500000,-95.4932327271
271643.9375000000,-95.4966888428
272270.0937500000,-95.5280075073
272897.6875000000,-95.6130752563
273526.7500000000,-95.6183929443
274157.5312500000,-95.6211166382
274789.5000000000,-95.6706695557
275422.9062500000,-95.7140960693
276057.7812500000,-95.8255310059
276694.0937500000,-95.8490753174
277331.9062500000,-95.8501968384
277971.1875000000,-95.8648071289
278612.2187500000,-95.8649749756
279254.4375000000,-95.8705596924
279898.1562500000,-95.8713378906
280543.3437500000,-95.8879623413
281190.0000000000,-95.8887786865
281838.1562500000,-95.8958053589
282488.1250000000,-95.9192123413
283139.2812500000,-95.9749374390
283791.9375000000,-95.9901885986
284446.0937500000,-95.9939575195
285101.7812500000,-96.0355987549
285758.9687500000,-96.1702346802
286417.6562500000,-96.3094406128
287078.1875000000,-96.3303527832
287739.9062500000,-96.3455505371
288403.1875000000,-96.3534851074
289067.9687500000,-96.3647232056
289734.2812500000,-96.3797454834
290402.1562500000,-96.3832931519
291071.8750000000,-96.4190902710
291742.8125000000,-96.4266662598
292415.2812500000,-96.4384231567
293089.3437500000,-96.4653625488
293764.9062500000,-96.5036392212
294442.0625000000,-96.5048065186
295120.7812500000,-96.5104675293
295801.3750000000,-96.5359954834
296483.2187500000,-96.5463027954
297166.6250000000,-96.5522994995
297851.6250000000,-96.5632553101
298538.1875000000,-96.5777359009
299226.3437500000,-96.6119003296
299916.4062500000,-96.6173171997
300607.7500000000,-96.6530761719
301300.6562500000,-96.6896438599
301995.1875000000,-96.7018966675
302691.3125000000,-96.7178344727
303389.0312500000,-96.7571640015
304088.3750000000,-96.8164596558
304789.6562500000,-96.8770751953
305492.2187500000,-96.9367446899
306196.3750000000,-96.9940719604
306902.1875000000,-97.0482940674
307609.6250000000,-97.0987243652
308318.6875000000,-97.1443252563
309029.3750000000,-97.1836395264
309742.0625000000,-97.2151031494
310456.0312500000,-97.2376632690
311171.6562500000,-97.2525711060
311888.9375000000,-97.2618026733
312607.8437500000,-97.2680740356
313328.4375000000,-97.2740936279
314051.0312500000,-97.2817993164
314774.9375000000,-97.2918701172
315500.5000000000,-97.3036651611
316227.7812500000,-97.3158035278
316956.6875000000,-97.3270416260
317687.3125000000,-97.3370742798
318419.5937500000,-97.3467559814
319153.9375000000,-97.3576660156
319889.5937500000,-97.3712921143
320626.9687500000,-97.3885726929
321366.0312500000,-97.4100112915
322106.8125000000,-97.4362182617
322849.2812500000,-97.4682312012
323593.8125000000,-97.5070343018
324339.7187500000,-97.5523605347
325087.3750000000,-97.6016693115
325836.7187500000,-97.6500167847
326587.7812500000,-97.6914367676
327340.5937500000,-97.7212600708
328095.1250000000,-97.7383041382
328851.7812500000,-97.7457733154
329609.8125000000,-97.7504577637
330369.5937500000,-97.7606201172
331131.0937500000,-97.7834625244
331894.3750000000,-97.8218154907
332659.4375000000,-97.8769149780
333426.2187500000,-97.9426727295
334195.1562500000,-98.0103073120
334965.5000000000,-98.0698547363
335737.6250000000,-98.1124801636
336511.5312500000,-98.1130752563
337287.2187500000,-98.1169891357
338064.6875000000,-98.1194992065
338844.3125000000,-98.1316070557
339625.3750000000,-98.1359863281
340408.2500000000,-98.1363143921
341192.9062500000,-98.1400604248
341979.3750000000,-98.1709365845
342767.6562500000,-98.2195053101
343557.7812500000,-98.2796707153
344350.0625000000,-98.3482818604
345143.8125000000,-98.4212646484
345939.4062500000,-98.4934692383
346736.8125000000,-98.5591506958
347536.0625000000,-98.6319427490
348337.1562500000,-98.6561279297
349140.5000000000,-98.6572723389
349945.2812500000,-98.6601409912
350751.9375000000,-98.6641464233
351560.4375000000,-98.6678085327
352370.8125000000,-98.6724853516
353183.0625000000,-98.6758422852
353997.1562500000,-98.6774520874
354813.5312500000,-98.6792526245
355631.4062500000,-98.6984176636
356451.1562500000,-98.7282791138
357272.8125000000,-98.7671585083
358096.3437500000,-98.8133392334
358921.7812500000,-98.8634033203
359749.5312500000,-98.9367599487
360578.7812500000,-98.9472885132
361409.9375000000,-98.9504470825
362243.0000000000,-98.9561538696
363078.0000000000,-98.9751358032
363914.9375000000,-98.9808502197
364753.7812500000,-99.0024490356
365594.9687500000,-99.0031051636
366437.6875000000,-99.0329055786
367282.3437500000,-99.0367660522
368128.9687500000,-99.0429534912
368977.5312500000,-99.0756759644
369828.0312500000,-99.0766601563
370680.5312500000,-99.0817108154
371535.3750000000,-99.1186599731
372391.7812500000,-99.1203231812
373250.1875000000,-99.1394882202
374110.5625000000,-99.1571960449
374972.9062500000,-99.1581115723
375837.2500000000,-99.1878738403
376703.9687500000,-99.1913604736
377572.3125000000,-99.1922454834
378442.6562500000,-99.2063980103
379314.9687500000,-99.2079696655
380189.3437500000,-99.2215347290
381065.6875000000,-99.2618255615
381944.0625000000,-99.3063583374
382824.9062500000,-99.3432235718
383707.3437500000,-99.3872833252
384591.8125000000,-99.4384155273
385478.3125000000,-99.4952087402
386366.8750000000,-99.5851211548
387257.5000000000,-99.6731033325
388150.5625000000,-99.7274475098
389045.2812500000,-99.7788619995
389942.0625000000,-99.8288650513
390840.9062500000,-99.8784637451
391741.8125000000,-99.9480895996
392644.8125000000,-99.9808197021
393549.8750000000,-99.9871673584
394457.4687500000,-99.9958343506
395366.7187500000,-100.0022735596
396278.0937500000,-100.0097351074
397191.5312500000,-100.0198593140
398107.0937500000,-100.0211715698
399024.7500000000,-100.0242462158
399944.9687500000,-100.0600280762
400866.8750000000,-100.1108322144
401790.9062500000,-100.1486892700
402717.0625000000,-100.1663055420
403645.3437500000,-100.1830749512
404575.7812500000,-100.2030181885
405508.3437500000,-100.2426834106
406443.5312500000,-100.2887573242
407380.4062500000,-100.3189392090
408319.4375000000,-100.3448562622
409260.6562500000,-100.3452301025
410204.0312500000,-100.3466796875
411149.5625000000,-100.3574600220
412097.3125000000,-100.3582153320
413047.6562500000,-100.3724365234
413999.7812500000,-100.3752593994
414954.0625000000,-100.3833770752
415910.5625000000,-100.3850479126
416869.2812500000,-100.3893280029
417830.1875000000,-100.4250411987
418793.7812500000,-100.4480667114
419759.1250000000,-100.4711380005
420726.6875000000,-100.5098342896
421696.5000000000,-100.5508117676
422668.5312500000,-100.5697860718
423642.8125000000,-100.5715637207
424619.3437500000,-100.5729522705
425598.5937500000,-100.5817108154
426579.6250000000,-100.5851135254
427562.9375000000,-100.6137924194
428548.5000000000,-100.7014389038
429536.3125000000,-100.7816925049
430526.4375000000,-100.8161087036
431519.3125000000,-100.8291702271
432514.0000000000,-100.8390655518
433510.9687500000,-100.8639144897
434510.2500000000,-100.8905868530
435511.8125000000,-100.9034652710
436515.6875000000,-100.9550247192
437521.9062500000,-100.9599227905
438530.9062500000,-100.9681701660
439541.7500000000,-100.9878997803
440554.9062500000,-101.0938339233
441570.4375000000,-101.2409744263
442588.2812500000,-101.2489852905
443608.4687500000,-101.2646102905
444631.0312500000,-101.2707824707
445656.4062500000,-101.3254623413
446683.6875000000,-101.3294982910
447713.3125000000,-101.3299255371
448745.3437500000,-101.3838348389
449779.7187500000,-101.3979949951
450816.5000000000,-101.4135284424
451856.1562500000,-101.4292068481
452897.7187500000,-101.4692382813
453941.6875000000,-101.5434799194
454988.0625000000,-101.5860900879
456036.8437500000,-101.5910110474
457088.0312500000,-101.5967559814
458141.6562500000,-101.5977554321
459198.1875000000,-101.6002655029
460256.6875000000,-101.6133270264
461317.6250000000,-101.6463928223
462380.9687500000,-101.6807937622
463446.8125000000,-101.7139663696
464515.0937500000,-101.7236175537
465586.3437500000,-101.7279129028
466659.5312500000,-101.7511062622
467735.2187500000,-101.7526473999
468813.3750000000,-101.7538223267
469894.0312500000,-101.7792205811
470977.1875000000,-101.7901458740
472062.8125000000,-101.7916870117
473151.4687500000,-101.8081512451
474242.1250000000,-101.8496551514
475335.2812500000,-101.8572769165
476430.9687500000,-101.8676452637
477529.1562500000,-101.8908538818
478629.9062500000,-101.9218063354
479733.7187500000,-101.9327468872
480839.5312500000,-101.9502487183
481947.9062500000,-101.9700546265
483058.8125000000,-102.0552215576
484172.3125000000,-102.1292343140
485288.3437500000,-102.1892318726
486406.9687500000,-102.2402191162
487528.7187500000,-102.2930679321
488652.5000000000,-102.3078842163
489778.8750000000,-102.3095016479
490907.8437500000,-102.3290023804
492039.4375000000,-102.3418350220
493173.6250000000,-102.3467178345
494310.4375000000,-102.3672332764
495450.3750000000,-102.3849639893
496592.4375000000,-102.3874664307
497737.1250000000,-102.3895950317
498884.4375000000,-102.3948440552
500034.4062500000,-102.3988876343
501187.0000000000,-102.3997268677
502342.8437500000,-102.4040908813
503500.7812500000,-102.4049835205
504661.3750000000,-102.4168624878
505824.6562500000,-102.4208679199
506990.6250000000,-102.4571609497
508159.2812500000,-102.5077514648
509330.6250000000,-102.5285263062
510505.2187500000,-102.5334701538
511681.9687500000,-102.5494613647
512861.4375000000,-102.5913162231
514043.6250000000,-102.6525878906
515228.5312500000,-102.7076568604
516416.1562500000,-102.7098083496
517607.0937500000,-102.7118301392
518800.2187500000,-102.7169570923
519996.0937500000,-102.7512969971
521194.7187500000,-102.8139953613
522396.1250000000,-102.8807144165
523600.2812500000,-102.9474792480
524807.1875000000,-102.9848403931
526017.5000000000,-103.0297622681
527230.0000000000,-103.0901260376
528445.3125000000,-103.1644973755
529663.4375000000,-103.2594833374
530884.3125000000,-103.3143997192
532108.0625000000,-103.3476562500
533335.1875000000,-103.3661117554
534564.5625000000,-103.3735275269
535796.7500000000,-103.3851852417
537031.8125000000,-103.4051742554
538269.6875000000,-103.4271011353
539510.4375000000,-103.4380340576
540754.0625000000,-103.4380569458
542001.1250000000,-103.4467391968
543250.5000000000,-103.4743652344
544502.7500000000,-103.4800872803
545757.8750000000,-103.5062179565
547015.8750000000,-103.5101852417
548276.7500000000,-103.5199890137
549540.5625000000,-103.5413208008
550807.9375000000,-103.5530700684
552077.5625000000,-103.5625991821
553350.1250000000,-103.5710144043
554625.6875000000,-103.5755081177
555904.1250000000,-103.6476211548
557185.5000000000,-103.7412414551
558470.5000000000,-103.7868728638
559757.8125000000,-103.7919464111
561048.0625000000,-103.7955627441
562341.3125000000,-103.7991867065
563637.5625000000,-103.8001861572
564936.8125000000,-103.8015747070
566239.0000000000,-103.8136062622
567544.8750000000,-103.8154754639
568853.0625000000,-103.8382034302
570164.3125000000,-103.8509368896
571478.6250000000,-103.8546295166
572795.8750000000,-103.8857803345
574116.2500000000,-103.9005584717
575440.2500000000,-103.9132919312
576766.6875000000,-103.9272613525
578096.1875000000,-103.9355010986
579428.6875000000,-104.0176391602
580764.3125000000,-104.0915145874
582103.0625000000,-104.1306838989
583444.8125000000,-104.1621093750
584790.3750000000,-104.2162017822
586138.3125000000,-104.2965469360
587489.4375000000,-104.3666229248
588843.6250000000,-104.4286422729
590200.9375000000,-104.4803390503
591561.4375000000,-104.4935684204
592925.0000000000,-104.4942932129
594292.3750000000,-104.4944763184
595662.2500000000,-104.4988250732
597035.3125000000,-104.5173492432
598411.5000000000,-104.5404052734
599790.9375000000,-104.5474319458
601173.4375000000,-104.5597457886
602559.8750000000,-104.5872497559
603948.8125000000,-104.6251602173
605340.9375000000,-104.6267547607
606736.3125000000,-104.6293258667
608134.8750000000,-104.6329650879
609536.6875000000,-104.6346893311
610941.6875000000,-104.6439743042
612350.6250000000,-104.6601333618
613762.1250000000,-104.6658096313
615176.9375000000,-104.6850204468
616594.9375000000,-104.6973648071
618016.2500000000,-104.7009582520
619440.8125000000,-104.7611389160
620869.3750000000,-104.8145523071
622300.5000000000,-104.8261184692
623734.9375000000,-104.8269805908
625172.6875000000,-104.8536376953
626613.7500000000,-104.9134597778
628058.1250000000,-104.9802093506
629505.8750000000,-105.0405654907
630957.6250000000,-105.0836791992
632412.0000000000,-105.1271972656
633869.7500000000,-105.1842880249
635330.8750000000,-105.1924514771
636795.3750000000,-105.1951522827
638263.2500000000,-105.2159881592
639735.1875000000,-105.2193222046
641209.8125000000,-105.2278366089
642687.8750000000,-105.2381439209
644169.3125000000,-105.2455749512
645654.1250000000,-105.2714385986
647142.4375000000,-105.3041000366
648634.1250000000,-105.3347702026
650130.0000000000,-105.3521118164
651628.5625000000,-105.3766021729
653130.6250000000,-105.4391174316
654636.1250000000,-105.5305328369
656145.1250000000,-105.6226730347
657657.6250000000,-105.6696777344
659173.5625000000,-105.6838684082
660693.6875000000,-105.6901397705
662216.6250000000,-105.7529602051
663743.1250000000,-105.7597961426
665273.0625000000,-105.7969284058
666806.5625000000,-105.8114242554
668343.6250000000,-105.9341354370
669884.9375000000,-105.9402236938
671429.0625000000,-105.9876708984
672976.7500000000,-105.9927825928
674528.0000000000,-105.9967422485
676082.8750000000,-106.0005874634
677641.2500000000,-106.0100021362
679203.3125000000,-106.0499343872
680769.6250000000,-106.0569610596
682338.8750000000,-106.0615158081
683911.6875000000,-106.0809173584
685488.1875000000,-106.0810165405
687068.2500000000,-106.0831832886
688652.0000000000,-106.0861892700
690240.1875000000,-106.0929031372
691831.1875000000,-106.0935211182
693425.9375000000,-106.1095809937
695024.3125000000,-106.1342163086
696626.4375000000,-106.1556625366
698232.1875000000,-106.1637344360
699841.6875000000,-106.1731338501
701455.6250000000,-106.1883316040
703072.5000000000,-106.1924133301
704693.1250000000,-106.2235565186
706317.5000000000,-106.3078765869
707945.6250000000,-106.3954849243
709577.5000000000,-106.4762039185
711213.8750000000,-106.5171890259
712853.3125000000,-106.5372543335
714496.5000000000,-106.5487899780
716143.4375000000,-106.5618362427
717794.1875000000,-106.5852203369
719448.7500000000,-106.5917282104
721107.1250000000,-106.5973587036
722770.1250000000,-106.6076660156
724436.1875000000,-106.6668167114
726106.0625000000,-106.6847915649
727779.8125000000,-106.6854095459
729457.3750000000,-106.7218704224
731138.8125000000,-106.7633743286
732824.1250000000,-106.7667694092
734514.1875000000,-106.7913284302
736207.2500000000,-106.7945785522
737904.3125000000,-106.8291778564
739605.1875000000,-106.8412399292
741310.0625000000,-106.8517456055
743018.8125000000,-106.9271087646
744732.3750000000,-106.9761123657
746449.0000000000,-107.0000076294
748169.6250000000,-107.0228347778
749894.1875000000,-107.0410385132
751622.7500000000,-107.0684585571
753355.3125000000,-107.1105499268
755091.8750000000,-107.1139526367
756833.2500000000,-107.1321411133
758577.7500000000,-107.1356658936
760326.3750000000,-107.1357955933
762078.9375000000,-107.1605072021
763835.6250000000,-107.1609878540
765596.3125000000,-107.2005920410
767361.8750000000,-107.2060470581
769130.6875000000,-107.2113189697
770903.6250000000,-107.2515563965
772680.6250000000,-107.2634048462
774461.6875000000,-107.2952575684
776246.8750000000,-107.3025588989
778036.1875000000,-107.3516540527
779830.4375000000,-107.3903121948
781628.0000000000,-107.3951416016
783429.7500000000,-107.4250259399
785235.6250000000,-107.4352416992
787045.6250000000,-107.4559860229
788859.8125000000,-107.4782333374
790678.1875000000,-107.4893341064
792501.6250000000,-107.5163497925
794328.4375000000,-107.5339050293
796159.3750000000,-107.5812606812
797994.6250000000,-107.5861587524
799834.0000000000,-107.5887298584
801677.6875000000,-107.6505813599
803526.5000000000,-107.7118682861
805378.6875000000,-107.7209701538
807235.1250000000,-107.7229461670
809095.8750000000,-107.7411575317
810960.9375000000,-107.7563171387
812830.2500000000,-107.7703323364
814703.8750000000,-107.7769927979
816582.6875000000,-107.7802200317
818465.0000000000,-107.8070068359
820351.6250000000,-107.9283599854
822242.5625000000,-107.9919662476
824137.8750000000,-108.0315704346
826037.6250000000,-108.0639114380
827942.5625000000,-108.1123199463
829851.0625000000,-108.1779632568
831763.9375000000,-108.2628173828
833681.1875000000,-108.3450927734
835602.8750000000,-108.3661575317
837529.0000000000,-108.3684997559
839459.5625000000,-108.3754425049
841395.5000000000,-108.3871078491
843335.0000000000,-108.3944244385
845278.9375000000,-108.4025802612
847227.3750000000,-108.4148330688
849180.2500000000,-108.4212112427
851137.6875000000,-108.4853591919
853100.5625000000,-108.5582885742
855067.0000000000,-108.5688858032
857038.0000000000,-108.5734405518
859013.5625000000,-108.5755691528
860993.6250000000,-108.5811080933
862978.3125000000,-108.5843200684
864967.5000000000,-108.5942687988
866962.2500000000,-108.5974349976
868960.6875000000,-108.6243591309
870963.6875000000,-108.6534194946
872971.3125000000,-108.6698150635
874983.6250000000,-108.6736907959
877000.5000000000,-108.7685775757
879022.0625000000,-108.8336791992
881049.2500000000,-108.8561706543
883080.1250000000,-108.8598403931
885115.6875000000,-108.8889999390
887155.9375000000,-108.9298171997
889200.8750000000,-108.9304962158
891250.5625000000,-108.9351272583
893305.9375000000,-108.9419631958
895365.0625000000,-108.9753341675
897428.9375000000,-108.9797058105
899497.5625000000,-109.0033493042
901571.0000000000,-109.0815505981
903649.1875000000,-109.1681671143
905732.1250000000,-109.2139129639
907820.9375000000,-109.2198181152
909913.5000000000,-109.2206878662
912010.9375000000,-109.2286682129
914113.1875000000,-109.2376937866
916220.2500000000,-109.2644042969
918332.1875000000,-109.2684173584
920450.0625000000,-109.2819900513
922571.7500000000,-109.2916183472
924698.3750000000,-109.3607254028
926829.8125000000,-109.3612365723
928966.2500000000,-109.3711090088
931107.5625000000,-109.3795318604
933253.8750000000,-109.3820648193
935406.0625000000,-109.3905258179
937562.2500000000,-109.4277420044
939723.4375000000,-109.4355926514
941889.5625000000,-109.4804840088
944060.6875000000,-109.6146545410
946236.8125000000,-109.6547088623
948419.0000000000,-109.7106475830
950605.1250000000,-109.7142333984
952796.3750000000,-109.7462768555
954992.6250000000,-109.7511291504
957193.9375000000,-109.7521286011
959400.3750000000,-109.7709045410
961611.8125000000,-109.7813491821
963829.5000000000,-109.8066177368
966051.1875000000,-109.8236236572
968278.0000000000,-109.8323364258
970509.9375000000,-109.8459396362
972747.0625000000,-109.8937988281
974989.3125000000,-109.8989868164
977236.6875000000,-109.9291915894
979490.3750000000,-110.0090026855
981748.1875000000,-110.0203857422
984011.1875000000,-110.0389938354
986279.3750000000,-110.0600662231
988552.8125000000,-110.1011505127
990831.5000000000,-110.1068801880
993116.5625000000,-110.1398620605
995405.7500000000,-110.1743087769
997700.2500000000,-110.2164535522
1000000.0000000000,-110.3402709961
1002305.0625000000,-110.3953933716
1004615.4375000000,-110.4459686279
1006931.1875000000,-110.4880294800
1009253.3125000000,-110.5169525146
1011579.7500000000,-110.5379867554
1013911.5000000000,-110.5533828735
1016248.6250000000,-110.5657348633
1018591.1250000000,-110.5805892944
1020939.0625000000,-110.5996246338
1023293.5625000000,-110.6222991943
1025652.3125000000,-110.6477508545
1028016.5000000000,-110.6734771729
1030386.1250000000,-110.6960983276
1032761.2500000000,-110.7151489258
1035141.8750000000,-110.7304458618
1037527.9375000000,-110.7421035767
1039920.6250000000,-110.7502288818
1042317.7500000000,-110.7562561035
1044720.3750000000,-110.7605590820
1047128.5000000000,-110.7637252808
1049542.2500000000,-110.7670288086
1051961.5000000000,-110.7737350464
1054386.3750000000,-110.7855300903
1056817.8750000000,-110.8032150269
1059254.0000000000,-110.8268508911
1061695.6250000000,-110.8553085327
1064142.8750000000,-110.8832550049
1066595.8750000000,-110.9070281982
1069054.3750000000,-110.9250488281
1071519.8750000000,-110.9370040894
1073989.7500000000,-110.9445648193
1076465.3750000000,-110.9538879395
1078946.7500000000,-110.9689102173
1081433.7500000000,-110.9911575317
1083926.5000000000,-111.0208282471
1086425.0000000000,-111.0567169189
1088930.5000000000,-111.0964126587
1091440.6250000000,-111.1357650757
1093956.5000000000,-111.1723937988
1096478.1250000000,-111.2037429810
1099005.5000000000,-111.2272415161
1101538.8750000000,-111.2281951904
1104079.1250000000,-111.2294845581
1106624.1250000000,-111.2353134155
1109175.0000000000,-111.2360076904
1111731.7500000000,-111.2397689819
1114294.3750000000,-111.2404632568
1116862.8750000000,-111.2565841675
1119437.3750000000,-111.2927017212
1122019.0000000000,-111.3405838013
1124605.2500000000,-111.3984451294
1127197.6250000000,-111.4643478394
1129795.8750000000,-111.5360031128
1132400.1250000000,-111.6107406616
1135010.3750000000,-111.6845550537
1137627.8750000000,-111.7522201538
1140250.2500000000,-111.8110351563
1142878.6250000000,-111.8605651855
1145513.0000000000,-111.9023361206
1148153.5000000000,-111.9390258789
1150800.0000000000,-111.9730224609
1153452.7500000000,-112.0043334961
1156112.7500000000,-112.0284729004
1158777.7500000000,-112.0341644287
1161448.7500000000,-112.0356063843
1164126.0000000000,-112.0396575928
1166809.3750000000,-112.0411529541
1169499.0000000000,-112.0421752930
1172194.7500000000,-112.0452423096
1174898.0000000000,-112.0506744385
1177606.2500000000,-112.0621414185
1180320.7500000000,-112.0714569092
1183041.3750000000,-112.0815963745
1185768.3750000000,-112.0988159180
1188501.7500000000,-112.1293945313
1191242.6250000000,-112.1764678955
1193988.5000000000,-112.2380523682
1196740.7500000000,-112.3073501587
1199499.2500000000,-112.3749771118
1202264.2500000000,-112.4318695068
1205035.5000000000,-112.4719238281
1207813.2500000000,-112.4726943970
1210598.6250000000,-112.4735641479
1213389.1250000000,-112.4814147949
1216186.1250000000,-112.4830474854
1218989.5000000000,-112.4942016602
1221799.3750000000,-112.5015640259
1224615.7500000000,-112.5075836182
1227439.8750000000,-112.5098190308
1230269.2500000000,-112.5181350708
1233105.0000000000,-112.5186462402
1235947.5000000000,-112.5251464844
1238796.3750000000,-112.5254440308
1241651.8750000000,-112.5507736206
1244514.0000000000,-112.6016387939
1247384.1250000000,-112.6550140381
1250259.3750000000,-112.7022171021
1253141.3750000000,-112.7360153198
1256029.8750000000,-112.7370529175
1258925.1250000000,-112.7395172119
1261827.0000000000,-112.7454376221
1264737.0000000000,-112.7527999878
1267652.3750000000,-112.7538986206
1270574.3750000000,-112.7617187500
1273503.1250000000,-112.8075408936
1276438.6250000000,-112.8736038208
1279380.8750000000,-112.9490509033
1282330.0000000000,-113.0183334351
1285287.2500000000,-113.0504608154
1288250.0000000000,-113.0555191040
1291219.5000000000,-113.0634460449
1294195.7500000000,-113.0667037964
1297179.0000000000,-113.0810699463
1300169.1250000000,-113.0838623047
1303166.1250000000,-113.0865020752
1306171.3750000000,-113.1319961548
1309182.2500000000,-113.1906814575
1312200.0000000000,-113.2495422363
1315224.7500000000,-113.3014678955
1318256.3750000000,-113.3446731567
1321295.1250000000,-113.3825225830
1324342.2500000000,-113.4210052490
1327394.8750000000,-113.4661941528
1330454.6250000000,-113.5138092041
1333521.3750000000,-113.5584716797
1336595.2500000000,-113.5914688110
1339676.2500000000,-113.6082458496
1342764.2500000000,-113.6119613647
1345860.8750000000,-113.6122894287
1348963.2500000000,-113.6205062866
1352072.7500000000,-113.6440734863
1355189.3750000000,-113.6829833984
1358313.1250000000,-113.7043762207
1361444.1250000000,-113.7144012451
1364583.8750000000,-113.7171554565
1367729.3750000000,-113.7289962769
1370882.0000000000,-113.7456588745
1374042.0000000000,-113.7474441528
1377209.2500000000,-113.7503738403
1380383.8750000000,-113.7512893677
1383565.7500000000,-113.7667465210
1386756.5000000000,-113.7683792114
1389953.0000000000,-113.7748794556
1393157.0000000000,-113.7850112915
1396368.2500000000,-113.7867126465
1399587.0000000000,-113.7883758545
1402813.1250000000,-113.7899551392
1406046.7500000000,-113.8143157959
1409289.3750000000,-113.8285217285
1412537.8750000000,-113.8356857300
1415793.8750000000,-113.8551177979
1419057.3750000000,-113.8718032837
1422328.3750000000,-113.8801116943
1425607.0000000000,-113.8828201294
1428894.6250000000,-113.9198532104
1432188.3750000000,-113.9763259888
1435489.6250000000,-114.0415802002
1438798.5000000000,-114.1449890137
1442115.1250000000,-114.2363815308
1445439.2500000000,-114.2800979614
1448771.1250000000,-114.3105468750
1452112.2500000000,-114.3326568604
1455459.5000000000,-114.3533020020
1458814.3750000000,-114.3781890869
1462177.0000000000,-114.4096679688
1465547.5000000000,-114.4465866089
1468925.6250000000,-114.4861831665
1472313.2500000000,-114.5463562012
1475707.0000000000,-114.5676116943
1479108.6250000000,-114.5751647949
1482518.1250000000,-114.5824356079
1485935.3750000000,-114.5827560425
1489360.6250000000,-114.5835723877
1492793.6250000000,-114.5872879028
1496236.3750000000,-114.5941085815
1499685.2500000000,-114.6039199829
1503142.1250000000,-114.6168823242
1506607.0000000000,-114.6331558228
1510079.7500000000,-114.6358795166
1513560.6250000000,-114.6387100220
1517051.1250000000,-114.6460571289
1520548.1250000000,-114.7300720215
1524053.0000000000,-114.8543930054
1527566.1250000000,-115.0459365845
1531087.2500000000,-115.0879592896
1534616.5000000000,-115.0879745483
1538153.8750000000,-115.1012802124
1541701.1250000000,-115.1052169800
1545254.8750000000,-115.1098403931
1548816.8750000000,-115.1101760864
1552387.0000000000,-115.1152572632
1555965.3750000000,-115.1270217896
1559551.8750000000,-115.1560668945
1563146.7500000000,-115.1718139648
1566751.7500000000,-115.1858901978
1570363.1250000000,-115.1977005005
1573983.0000000000,-115.2098388672
1577611.1250000000,-115.2197189331
1581247.6250000000,-115.2393112183
1584892.5000000000,-115.2754211426
1588547.5000000000,-115.3247528076
1592209.2500000000,-115.3860702515
1595879.3750000000,-115.4401245117
1599558.0000000000,-115.4965133667
1603245.1250000000,-115.5066757202
1606940.7500000000,-115.5171203613
1610644.8750000000,-115.5241470337
1614359.2500000000,-115.5393447876
1618080.5000000000,-115.5416717529
1621810.2500000000,-115.5618286133
1625548.6250000000,-115.5632019043
1629295.6250000000,-115.5928039551
1633051.2500000000,-115.6218338013
1636817.3750000000,-115.6512069702
1640590.3750000000,-115.6857452393
1644372.0000000000,-115.6920776367
1648162.3750000000,-115.6955566406
1651961.5000000000,-115.7106704712
1655769.5000000000,-115.7152252197
1659586.1250000000,-115.7196731567
1663413.3750000000,-115.7509078979
1667247.6250000000,-115.7730255127
1671090.7500000000,-115.7871704102
1674942.7500000000,-115.7875823975
1678803.6250000000,-115.8312072754
1682673.3750000000,-115.8376541138
1686554.0000000000,-115.8470993042
1690441.6250000000,-115.8711929321
1694338.1250000000,-115.9088516235
1698243.7500000000,-115.9719543457
1702158.2500000000,-115.9965515137
1706081.8750000000,-115.9990234375
1710014.5000000000,-116.0045928955
1713958.1250000000,-116.0105743408
1717908.8750000000,-116.0146408081
1721868.8750000000,-116.0187149048
1725837.8750000000,-116.0449371338
1729816.0000000000,-116.1274948120
1733803.3750000000,-116.1898727417
1737799.8750000000,-116.2700347900
1741807.6250000000,-116.3391647339
1745822.6250000000,-116.3404541016
1749846.7500000000,-116.3538665771
1753880.3750000000,-116.3809738159
1757923.1250000000,-116.3853988647
1761975.2500000000,-116.4024505615
1766038.7500000000,-116.4267807007
1770109.5000000000,-116.4543533325
1774189.7500000000,-116.4868927002
1778279.3750000000,-116.5032882690
1782378.5000000000,-116.5057067871
1786487.0000000000,-116.5154571533
1790605.0000000000,-116.5871276855
1794734.3750000000,-116.5879669189
1798871.3750000000,-116.5892105103
1803017.8750000000,-116.5898818970
1807174.0000000000,-116.5899658203
1811339.6250000000,-116.5937576294
1815514.8750000000,-116.5944366455
1819701.8750000000,-116.6073455811
1823896.3750000000,-116.6121139526
1828100.6250000000,-116.6154556274
1832314.5000000000,-116.6314620972
1836538.1250000000,-116.6721420288
1840771.3750000000,-116.7179565430
1845014.5000000000,-116.8141174316
1849269.5000000000,-116.9084701538
1853532.1250000000,-116.9150238037
1857804.6250000000,-116.9199142456
1862087.0000000000,-116.9276351929
1866379.2500000000,-116.9543838501
1870681.3750000000,-116.9544525146
1874993.5000000000,-116.9703750610
1879317.5000000000,-116.9727020264
1883649.5000000000,-116.9770355225
1887991.5000000000,-116.9987335205
1892343.3750000000,-117.0446395874
1896705.3750000000,-117.1186141968
1901077.3750000000,-117.2125473022
1905461.6250000000,-117.2998809814
1909853.8750000000,-117.3173675537
1914256.2500000000,-117.3257141113
1918668.7500000000,-117.3260269165
1923091.3750000000,-117.3774108887
1927524.2500000000,-117.3898849487
1931967.3750000000,-117.3971405029
1936422.7500000000,-117.4377288818
1940886.3750000000,-117.4420242310
1945360.2500000000,-117.4433288574
1949844.3750000000,-117.4495620728
1954339.0000000000,-117.4685516357
1958843.8750000000,-117.4902114868
1963361.2500000000,-117.4926986694
1967887.0000000000,-117.5204772949
1972423.1250000000,-117.5260009766
1976969.6250000000,-117.5372467041
1981526.7500000000,-117.5469589233
1986094.2500000000,-117.5511856079
1990672.3750000000,-117.5718994141
1995263.2500000000,-117.5935516357
1999862.3750000000,-117.6013259888
2004472.2500000000,-117.6117324829
2009092.7500000000,-117.6144790649
2013723.7500000000,-117.6157531738
2018365.6250000000,-117.6269683838
2023020.2500000000,-117.6597747803
2027683.5000000000,-117.7090148926
2032357.3750000000,-117.7324600220
2037042.1250000000,-117.7498397827
2041737.6250000000,-117.7930679321
2046444.0000000000,-117.8701095581
2051161.2500000000,-117.9458618164
2055891.5000000000,-117.9859237671
2060630.5000000000,-118.0064239502
2065380.3750000000,-118.0287780762
2070141.2500000000,-118.0621490479
2074913.1250000000,-118.0890579224
2079695.8750000000,-118.1158599854
2084489.7500000000,-118.1634063721
2089297.0000000000,-118.2067031860
2094112.8750000000,-118.2192306519
2098940.0000000000,-118.2283325195
2103778.2500000000,-118.2398529053
2108627.5000000000,-118.2630157471
2113488.0000000000,-118.2720031738
2118362.2500000000,-118.2838363647
2123245.2500000000,-118.2945404053
2128139.5000000000,-118.2985763550
2133045.0000000000,-118.3121185303
2137961.7500000000,-118.3287734985
2142889.7500000000,-118.3699188232
2147829.5000000000,-118.5020294189
2152782.7500000000,-118.5234146118
2157745.0000000000,-118.5235366821
2162718.7500000000,-118.5337982178
2167704.0000000000,-118.5393676758
2172700.7500000000,-118.5507507324
2177708.7500000000,-118.5552825928
2182731.0000000000,-118.5640487671
2187762.5000000000,-118.6373825073
2192805.2500000000,-118.6794891357
2197860.0000000000,-118.6896438599
2202926.2500000000,-118.7589874268
2208004.0000000000,-118.7595138550
2213093.7500000000,-118.7807922363
2218197.5000000000,-118.7947387695
2223310.5000000000,-118.8049240112
2228435.5000000000,-118.9246673584
2233572.0000000000,-118.9427413940
2238720.7500000000,-118.9441299438
2243881.0000000000,-118.9750061035
2249055.7500000000,-118.9989547729
2254240.0000000000,-119.0250091553
2259436.2500000000,-119.0316848755
2264644.5000000000,-119.0694732666
2269864.5000000000,-119.0822753906
2275096.7500000000,-119.1038284302
2280341.0000000000,-119.1196670532
2285600.0000000000,-119.1322097778
2290868.2500000000,-119.1385116577
2296149.0000000000,-119.1399917603
2301441.7500000000,-119.1603469849
2306746.7500000000,-119.1634521484
2312064.0000000000,-119.1662292480
2317393.5000000000,-119.1758728027
2322737.7500000000,-119.1764831543
2328091.7500000000,-119.1892166138
2333458.2500000000,-119.2559585571
2338837.0000000000,-119.3692016602
2344228.2500000000,-119.4641647339
2349631.7500000000,-119.4678192139
2355050.5000000000,-119.4774932861
2360479.0000000000,-119.4834594727
2365920.0000000000,-119.4962768555
2371373.7500000000,-119.5008316040
2376840.0000000000,-119.5177612305
2382318.7500000000,-119.5236206055
2387810.0000000000,-119.5387420654
2393316.7500000000,-119.6031799316
2398833.5000000000,-119.6816558838
2404363.0000000000,-119.7602996826
2409905.2500000000,-119.8101959229
2415460.2500000000,-119.8147277832
2421028.0000000000,-119.8230438232
2426611.2500000000,-119.8368301392
2432205.0000000000,-119.8383636475
2437811.2500000000,-119.8385009766
2443430.5000000000,-119.8421325684
2449063.0000000000,-119.8437728882
2454708.2500000000,-119.8476638794
2460366.5000000000,-119.8518676758
2466040.5000000000,-119.8591232300
2471724.7500000000,-119.8797225952
2477422.2500000000,-119.8824768066
2483133.0000000000,-119.9048461914
2488856.7500000000,-119.9155578613
2494593.7500000000,-119.9258346558
2500344.0000000000,-119.9449310303
2506110.2500000000,-119.9736709595
2511887.0000000000,-119.9937286377
2517677.0000000000,-120.0249862671
2523480.5000000000,-120.0392684937
2529297.2500000000,-120.0808258057
2535127.5000000000,-120.0961990356
2540974.0000000000,-120.1000747681
2546831.0000000000,-120.1320419312
2552701.7500000000,-120.1516342163
2558585.7500000000,-120.1559143066
2564483.5000000000,-120.2033462524
2570395.0000000000,-120.2268753052
2576319.7500000000,-120.2361221313
2582261.2500000000,-120.2573547363
2588213.5000000000,-120.2695693970
2594179.5000000000,-120.4001083374
2600159.2500000000,-120.5332031250
2606153.0000000000,-120.5407562256
2612160.2500000000,-120.5477523804
2618184.2500000000,-120.5569000244
2624219.5000000000,-120.5572738647
2630268.5000000000,-120.5740280151
2636331.5000000000,-120.5777053833
2642408.2500000000,-120.5855636597
2648499.2500000000,-120.6014556885
2654604.2500000000,-120.6088333130
2660726.2500000000,-120.6381225586
2666859.5000000000,-120.6402511597
2673006.7500000000,-120.6529159546
2679168.2500000000,-120.6650772095
2685343.7500000000,-120.6724624634
2691533.7500000000,-120.6778411865
2697741.0000000000,-120.7033157349
2703959.2500000000,-120.7053527832
2710192.2500000000,-120.7295150757
2716439.2500000000,-120.7908859253
2722701.0000000000,-120.7956008911
2728977.0000000000,-120.8781127930
2735267.5000000000,-120.8807373047
2741575.5000000000,-120.8960113525
2747895.0000000000,-120.9504928589
2754229.0000000000,-120.9855270386
2760577.7500000000,-121.0136871338
2766941.0000000000,-121.0222244263
2773319.0000000000,-121.0248565674
2779711.7500000000,-121.0315322876
2786122.2500000000,-121.0364990234
2792544.5000000000,-121.0416183472
2798981.5000000000,-121.0422210693
2805433.2500000000,-121.0693588257
2811900.0000000000,-121.1087799072
2818381.7500000000,-121.1260757446
2824881.2500000000,-121.1450500488
2831393.0000000000,-121.1980667114
2837919.5000000000,-121.2408370972
2844461.0000000000,-121.2580718994
2851017.7500000000,-121.2744369507
2857589.5000000000,-121.3124237061
2864176.5000000000,-121.3150939941
2870781.7500000000,-121.3264160156
2877399.2500000000,-121.3432846069
2884031.7500000000,-121.3552017212
2890679.7500000000,-121.3693161011
2897343.0000000000,-121.3989257813
2904021.5000000000,-121.4540634155
2910718.7500000000,-121.5144958496
2917428.0000000000,-121.5666427612
2924153.0000000000,-121.6219711304
2930893.2500000000,-121.7011032104
2937649.2500000000,-121.7633972168
2944420.7500000000,-121.7655181885
2951207.7500000000,-121.7729034424
2958013.7500000000,-121.8042602539
2964832.2500000000,-121.8382797241
2971666.2500000000,-121.8384323120
2978516.2500000000,-121.8773574829
2985382.0000000000,-121.9265823364
2992263.5000000000,-121.9502868652
2999164.2500000000,-121.9741210938
3006077.5000000000,-121.9771957397
3013006.7500000000,-122.0064620972
3019951.7500000000,-122.0240478516
3026913.0000000000,-122.0367660522
3033890.2500000000,-122.0640563965
3040883.7500000000,-122.0898208618
3047896.5000000000,-122.1099319458
3054922.0000000000,-122.1280059814
3061963.7500000000,-122.1436004639
3069022.0000000000,-122.1599044800
3076096.2500000000,-122.1764907837
3083186.7500000000,-122.1969451904
3090293.7500000000,-122.2182464600
3097420.5000000000,-122.2417068481
3104560.2500000000,-122.2657852173
3111716.5000000000,-122.2903747559
3118889.2500000000,-122.3159637451
3126078.5000000000,-122.3420257568
3133284.5000000000,-122.3696975708
3140510.2500000000,-122.3969879150
3147749.2500000000,-122.4237899780
3155005.2500000000,-122.4441223145
3162277.7500000000,-122.4612579346
3169567.0000000000,-122.4621887207
3176873.0000000000,-122.4640197754
3184196.0000000000,-122.4655761719
3191539.2500000000,-122.4663619995
3198896.0000000000,-122.4698333740
3206269.7500000000,-122.4959640503
3213660.2500000000,-122.5312042236
3221068.0000000000,-122.5783157349
3228492.7500000000,-122.6282653809
3235938.2500000000,-122.6766433716
3243397.2500000000,-122.7109222412
3250873.5000000000,-122.7253646851
3258367.0000000000,-122.7257385254
3265877.7500000000,-122.7308502197
3273406.0000000000,-122.7324981689
3280951.2500000000,-122.7329101563
3288517.7500000000,-122.7388763428
3296098.0000000000,-122.7430267334
3303695.7500000000,-122.7531738281
3311311.0000000000,-122.7824478149
3318944.0000000000,-122.8212814331
3326594.2500000000,-122.8683776855
3334262.2500000000,-122.9174880981
3341951.7500000000,-122.9673614502
3349655.2500000000,-123.0122680664
3357376.2500000000,-123.0536651611
3365115.2500000000,-123.0828857422
3372872.2500000000,-123.1060791016
3380646.7500000000,-123.1227416992
3388443.2500000000,-123.1333923340
3396253.7500000000,-123.1438293457
3404082.5000000000,-123.1550216675
3411929.0000000000,-123.1700820923
3419793.7500000000,-123.1869506836
3427676.7500000000,-123.2063522339
3435577.7500000000,-123.2268600464
3443500.7500000000,-123.2484359741
3451438.2500000000,-123.2733459473
3459394.0000000000,-123.3019256592
3467368.2500000000,-123.3331604004
3475360.7500000000,-123.3675231934
3483371.7500000000,-123.4011535645
3491405.0000000000,-123.4341278076
3499452.7500000000,-123.4646453857
3507519.2500000000,-123.4942398071
3515604.5000000000,-123.5229415894
3523708.2500000000,-123.5470275879
3531830.5000000000,-123.5668258667
3539971.7500000000,-123.5822219849
3548135.5000000000,-123.5922012329
3556314.2500000000,-123.6051635742
3564511.7500000000,-123.6212692261
3572728.2500000000,-123.6517868042
3580963.5000000000,-123.6868438721
3589218.0000000000,-123.7257232666
3597495.2500000000,-123.7563018799
3605787.7500000000,-123.7566680908
3614099.2500000000,-123.7569961548
3622430.0000000000,-123.7652587891
3630780.0000000000,-123.7691421509
3639149.2500000000,-123.7752609253
3647537.7500000000,-123.7755737305
3655949.5000000000,-123.7835540771
3664376.7500000000,-123.7885284424
3672823.5000000000,-123.8154525757
3681289.5000000000,-123.8430709839
3689775.2500000000,-123.8685607910
3698280.5000000000,-123.8903732300
3706805.2500000000,-123.9070739746
3715353.7500000000,-123.9251403809
3723918.0000000000,-123.9459533691
3732501.7500000000,-123.9791870117
3741105.5000000000,-124.0228195190
3749729.0000000000,-124.0726394653
3758372.5000000000,-124.1255493164
3767039.7500000000,-124.1682281494
3775723.2500000000,-124.2007293701
3784426.5000000000,-124.2221298218
3793149.7500000000,-124.2323455811
3801893.2500000000,-124.2433853149
3810657.0000000000,-124.2571105957
3819440.7500000000,-124.2780380249
3828249.0000000000,-124.3077163696
3837073.5000000000,-124.3419113159
3845918.2500000000,-124.3795776367
3854783.2500000000,-124.4175415039
3863668.7500000000,-124.4518356323
3872574.7500000000,-124.4818191528
3881505.7500000000,-124.5062103271
3890452.7500000000,-124.5077362061
3899420.5000000000,-124.5093460083
3908409.0000000000,-124.5164871216
3917418.2500000000,-124.5194702148
3926448.0000000000,-124.5212173462
3935498.7500000000,-124.5259246826
3944574.7500000000,-124.5295639038
3953667.2500000000,-124.5313949585
3962780.7500000000,-124.5509719849
3971915.2500000000,-124.5966491699
3981070.7500000000,-124.6539993286
3990247.5000000000,-124.7180938721
3999449.7500000000,-124.7751922607
4008668.7500000000,-124.8126449585
4017909.0000000000,-124.8145904541
4027170.5000000000,-124.8206176758
4036453.5000000000,-124.8281250000
4045757.7500000000,-124.8333511353
4055083.5000000000,-124.8458709717
4064435.2500000000,-124.8518600464
4073804.0000000000,-124.8594894409
4083194.5000000000,-124.8643722534
4092606.5000000000,-124.8659286499
4102040.2500000000,-124.9078369141
4111495.7500000000,-124.9449462891
4120973.0000000000,-124.9530029297
4130476.7500000000,-124.9555130005
4139997.7500000000,-124.9608612061
4149540.7500000000,-124.9644317627
4159105.7500000000,-124.9675521851
4168692.7500000000,-124.9742889404
4178301.7500000000,-124.9767227173
4187937.7500000000,-124.9827499390
4197591.0000000000,-125.0257415771
4207267.0000000000,-125.0855712891
4216965.0000000000,-125.1553192139
4226685.5000000000,-125.2310485840
4236428.0000000000,-125.3090286255
4246193.5000000000,-125.3846969604
4255986.0000000000,-125.4505996704
4265796.5000000000,-125.5001373291
4275629.5000000000,-125.5151672363
4285485.0000000000,-125.5152359009
4295363.0000000000,-125.5197906494
4305264.5000000000,-125.5200958252
4315193.0000000000,-125.5289764404
4325140.0000000000,-125.5292358398
4335109.5000000000,-125.5294570923
4345102.5000000000,-125.5375289917
4355118.0000000000,-125.5486831665
4365157.0000000000,-125.5806045532
4375219.0000000000,-125.6222381592
4385309.0000000000,-125.6677169800
4395417.5000000000,-125.7087554932
4405549.0000000000,-125.7360229492
4415704.5000000000,-125.7526550293
4425883.0000000000,-125.7665328979
4436085.0000000000,-125.7806472778
4446310.5000000000,-125.7949218750
4456564.0000000000,-125.8066329956
4466837.0000000000,-125.8125228882
4477133.5000000000,-125.8148803711
4487453.5000000000,-125.8170928955
4497797.5000000000,-125.8200531006
4508165.0000000000,-125.8243637085
4518561.5000000000,-125.8313140869
4528977.0000000000,-125.8439483643
4539417.0000000000,-125.8675689697
4549880.5000000000,-125.8992843628
4560368.5000000000,-125.9352264404
4570880.5000000000,-125.9728469849
4581416.5000000000,-126.0109786987
4591982.0000000000,-126.0491638184
4602567.0000000000,-126.0862045288
4613176.0000000000,-126.1178665161
4623810.0000000000,-126.1402969360
4634468.0000000000,-126.1547088623
4645151.0000000000,-126.1666870117
4655863.5000000000,-126.1838760376
4666595.5000000000,-126.2118148804
4677352.0000000000,-126.2499465942
4688134.0000000000,-126.2896652222
4698940.5000000000,-126.3163833618
4709771.5000000000,-126.3236999512
4720628.0000000000,-126.3238143921
4731514.5000000000,-126.3247451782
4742421.0000000000,-126.3304672241
4753353.0000000000,-126.3454895020
4764309.5000000000,-126.3673782349
4775291.5000000000,-126.3936233521
4786299.0000000000,-126.4202194214
4797337.0000000000,-126.4411697388
4808395.5000000000,-126.4543228149
4819479.0000000000,-126.4721069336
4830588.0000000000,-126.5093536377
4841723.0000000000,-126.5706558228
4852883.5000000000,-126.6443252563
4864070.0000000000,-126.6540222168
4875287.0000000000,-126.6570281982
4886525.0000000000,-126.6668472290
4897789.0000000000,-126.6760482788
4909078.5000000000,-126.6981506348
4920394.5000000000,-126.7074966431
4931736.0000000000,-126.7076339722
4943104.0000000000,-126.7358627319
4954504.0000000000,-126.7400436401
4965924.5000000000,-126.7504577637
4977371.0000000000,-126.8147659302
4988844.5000000000,-126.8705520630
5000344.0000000000,-126.8724212646
5011870.0000000000,-126.8801498413
5023428.5000000000,-126.8894882202
5035007.5000000000,-126.8967819214
5046614.0000000000,-126.8988647461
5058246.5000000000,-126.9322280884
5069906.0000000000,-126.9898376465
5081592.5000000000,-127.0478897095
5093306.0000000000,-127.0939102173
5105052.0000000000,-127.1203155518
5116819.5000000000,-127.1274948120
5128614.5000000000,-127.1279754639
5140436.0000000000,-127.1321182251
5152285.0000000000,-127.1471328735
5164161.5000000000,-127.1677856445
5176071.0000000000,-127.1879119873
5188002.0000000000,-127.2081069946
5199961.0000000000,-127.2352905273
5211947.0000000000,-127.2742385864
5223961.0000000000,-127.3215332031
5236002.5000000000,-127.3666076660
5248072.0000000000,-127.3997955322
5260175.0000000000,-127.4206161499
5272300.0000000000,-127.4383926392
5284453.0000000000,-127.4649200439
5296634.0000000000,-127.5048904419
5308843.5000000000,-127.5270156860
5321080.5000000000,-127.5419540405
5333352.0000000000,-127.5436553955
5345645.5000000000,-127.5554122925
5357967.5000000000,-127.5730972290
5370318.0000000000,-127.5863342285
5382697.0000000000,-127.5890274048
5395104.5000000000,-127.5948638916
5407541.0000000000,-127.6345214844
5420011.5000000000,-127.6715927124
5432505.0000000000,-127.6975021362
5445027.5000000000,-127.7215957642
5457578.5000000000,-127.7468643188
5470158.5000000000,-127.7663345337
5482767.5000000000,-127.7729339600
5495406.0000000000,-127.7736206055
5508079.0000000000,-127.7779235840
5520775.5000000000,-127.8025741577
5533501.5000000000,-127.8517227173
5546256.5000000000,-127.9162139893
5559041.0000000000,-127.9638977051
5571855.0000000000,-127.9721374512
5584704.5000000000,-127.9726943970
5597578.0000000000,-127.9758911133
5610480.5000000000,-127.9881210327
5623413.5000000000,-127.9973678589
5636375.5000000000,-127.9977951050
5649368.0000000000,-127.9991455078
5662390.0000000000,-128.0039672852
5675448.5000000000,-128.0107879639
5688531.0000000000,-128.0145568848
5701643.5000000000,-128.0495300293
5714786.0000000000,-128.0970001221
5727959.0000000000,-128.1350860596
5741162.5000000000,-128.1426696777
5754402.5000000000,-128.1523895264
5767666.5000000000,-128.1580657959
5780961.5000000000,-128.1774139404
5794287.0000000000,-128.1901702881
5807643.5000000000,-128.2031707764
5821030.5000000000,-128.2228698730
5834448.5000000000,-128.2241210938
5847903.5000000000,-128.2288360596
5861383.5000000000,-128.3141479492
5874894.0000000000,-128.3941497803
5888436.5000000000,-128.4370727539
5902009.5000000000,-128.4446411133
5915614.0000000000,-128.4622344971
5929250.0000000000,-128.5003509521
5942924.0000000000,-128.5434417725
5956622.5000000000,-128.5765838623
5970353.0000000000,-128.5923767090
5984115.5000000000,-128.5943298340
5997909.0000000000,-128.5976409912
6011734.5000000000,-128.5977172852
6025599.0000000000,-128.6437225342
6039488.0000000000,-128.6997833252
6053409.5000000000,-128.7259368896
6067363.0000000000,-128.7352142334
6081349.0000000000,-128.7572174072
6095367.0000000000,-128.7581939697
6109417.0000000000,-128.7842559814
6123506.5000000000,-128.7971496582
6137621.5000000000,-128.8059387207
6151769.0000000000,-128.8061676025
6165949.5000000000,-128.8576049805
6180162.5000000000,-128.9098663330
6194408.0000000000,-128.9507598877
6208693.5000000000,-128.9551696777
6223005.0000000000,-128.9713897705
6237349.5000000000,-128.9748077393
6251727.0000000000,-128.9761505127
6266137.5000000000,-128.9867858887
6280581.5000000000,-128.9889831543
6295058.5000000000,-128.9929809570
6309576.0000000000,-129.0012054443
6324120.0000000000,-129.0059509277
6338698.0000000000,-129.0258026123
6353309.0000000000,-129.1379241943
6367954.0000000000,-129.2061767578
6382632.5000000000,-129.2088928223
6397352.0000000000,-129.2119140625
6412098.0000000000,-129.2172546387
6426878.5000000000,-129.2229309082
6441693.0000000000,-129.2528991699
6456541.5000000000,-129.2820434570
6471424.0000000000,-129.3188934326
6486341.5000000000,-129.3308258057
6501300.0000000000,-129.3315734863
6516286.0000000000,-129.3588104248
6531306.5000000000,-129.3789978027
6546361.5000000000,-129.3912811279
6561451.5000000000,-129.4106903076
6576576.0000000000,-129.4293212891
6591735.5000000000,-129.4309082031
6606937.0000000000,-129.4401550293
6622166.5000000000,-129.4604492188
6637431.0000000000,-129.4621429443
6652731.0000000000,-129.4907989502
6668066.0000000000,-129.5571441650
6683436.0000000000,-129.6607055664
6698849.5000000000,-129.6837921143
6714290.5000000000,-129.6859893799
6729767.5000000000,-129.6908874512
6745280.0000000000,-129.7432861328
6760828.5000000000,-129.7499237061
6776413.0000000000,-129.7510223389
6792033.0000000000,-129.7595062256
6807696.5000000000,-129.7654113770
6823388.5000000000,-129.7706909180
6839117.0000000000,-129.7777099609
6854881.5000000000,-129.7807464600
6870682.5000000000,-129.8022613525
6886520.0000000000,-129.8088684082
6902401.5000000000,-129.8113708496
6918312.0000000000,-129.8673706055
6934259.5000000000,-129.8922271729
6950243.5000000000,-129.9163513184
6966264.0000000000,-129.9369964600
6982322.0000000000,-129.9441223145
6998416.5000000000,-129.9464111328
7014556.0000000000,-129.9598693848
7030725.0000000000,-129.9884643555
7046931.5000000000,-130.0099639893
7063175.0000000000,-130.0509948730
7079456.5000000000,-130.1123962402
7095775.0000000000,-130.1588439941
7112139.0000000000,-130.2060699463
7128533.0000000000,-130.2060852051
7144965.0000000000,-130.2111053467
7161434.5000000000,-130.2194519043
7177942.0000000000,-130.2266540527
7194487.5000000000,-130.2587890625
7211071.5000000000,-130.2861328125
7227701.5000000000,-130.3088226318
7244362.0000000000,-130.3594818115
7261060.5000000000,-130.4215393066
7277798.0000000000,-130.4328765869
7294573.5000000000,-130.4369506836
7311388.0000000000,-130.4649047852
7328241.5000000000,-130.4686889648
7345141.5000000000,-130.4709625244
7362072.5000000000,-130.4926147461
7379043.0000000000,-130.5189056396
7396052.0000000000,-130.5269165039
7413100.5000000000,-130.5447387695
7430188.0000000000,-130.5822143555
7447323.5000000000,-130.6551818848
7464490.0000000000,-130.6759796143
7481696.5000000000,-130.6868286133
7498942.0000000000,-130.7035675049
7516227.5000000000,-130.7183685303
7533553.0000000000,-130.7481231689
7550918.5000000000,-130.7493286133
7568332.0000000000,-130.7494354248
7585777.5000000000,-130.7518615723
7603263.5000000000,-130.7851257324
7620789.5000000000,-130.7998504639
7638356.0000000000,-130.8034515381
7655963.0000000000,-130.8094482422
7673619.0000000000,-130.8429412842
7691307.0000000000,-130.9378051758
7709036.0000000000,-130.9683074951
7726806.0000000000,-130.9805297852
7744617.0000000000,-130.9879760742
7762469.0000000000,-130.9958343506
7780362.0000000000,-131.0118713379
7798304.5000000000,-131.0215148926
7816280.5000000000,-131.0598297119
7834297.5000000000,-131.0642242432
7852356.0000000000,-131.0690612793
7870456.0000000000,-131.0928192139
7888598.0000000000,-131.1436004639
7906782.0000000000,-131.2247314453
7925016.5000000000,-131.2962646484
7943284.0000000000,-131.3289031982
7961594.0000000000,-131.3461761475
7979946.0000000000,-131.3524475098
7998340.5000000000,-131.3582000732
8016777.0000000000,-131.3739166260
8035265.0000000000,-131.3972473145
8053787.0000000000,-131.3992309570
8072351.5000000000,-131.4016265869
8090959.0000000000,-131.4485473633
8109609.0000000000,-131.4859008789
8128302.5000000000,-131.5067749023
8147038.5000000000,-131.5105895996
8165827.0000000000,-131.5157470703
8184650.0000000000,-131.5176391602
8203516.0000000000,-131.5286865234
8222426.0000000000,-131.5291595459
8241379.0000000000,-131.5335693359
8260376.0000000000,-131.6359100342
8279426.0000000000,-131.6953430176
8298510.5000000000,-131.7131652832
8317639.0000000000,-131.7372741699
8336812.0000000000,-131.7555847168
8356029.0000000000,-131.7714843750
8375290.0000000000,-131.7824096680
8394596.0000000000,-131.8129577637
8413955.0000000000,-131.8222198486
8433350.0000000000,-131.8241577148
8452789.0000000000,-131.8401794434
8472274.0000000000,-131.8424072266
8491803.0000000000,-131.8584899902
8511377.0000000000,-131.8657684326
8531006.0000000000,-131.8673400879
8550670.0000000000,-131.8754272461
8570380.0000000000,-131.8808746338
8590136.0000000000,-131.8852996826
8609936.0000000000,-131.9046478271
8629783.0000000000,-131.9149169922
8649675.0000000000,-131.9477691650
8669623.0000000000,-131.9779510498
8689607.0000000000,-131.9797210693
8709637.0000000000,-132.0246734619
8729713.0000000000,-132.0375976563
8749836.0000000000,-132.0531921387
8770005.0000000000,-132.1221008301
8790220.0000000000,-132.1355743408
8810492.0000000000,-132.1475219727
8830801.0000000000,-132.1847076416
8851157.0000000000,-132.2018585205
8871559.0000000000,-132.2102966309
8892009.0000000000,-132.2157135010
8912505.0000000000,-132.2358245850
8933059.0000000000,-132.2541656494
8953651.0000000000,-132.2724304199
8974289.0000000000,-132.2735900879
8994976.0000000000,-132.3002166748
9015710.0000000000,-132.3841857910
9036492.0000000000,-132.4621429443
9057321.0000000000,-132.5033569336
9078209.0000000000,-132.5271911621
9099135.0000000000,-132.5286102295
9120109.0000000000,-132.5535430908
9141132.0000000000,-132.6087646484
9162203.0000000000,-132.6140594482
9183322.0000000000,-132.6446380615
9204500.0000000000,-132.6556854248
9225718.0000000000,-132.6792602539
9246983.0000000000,-132.7129669189
9268298.0000000000,-132.7133636475
9289662.0000000000,-132.7264862061
9311076.0000000000,-132.7283172607
9332538.0000000000,-132.7857208252
9354061.0000000000,-132.8461608887
9375623.0000000000,-132.8821716309
9397234.0000000000,-132.9320831299
9418895.0000000000,-133.0121917725
9440607.0000000000,-133.0345306396
9462368.0000000000,-133.0426788330
9484190.0000000000,-133.0516510010
9506052.0000000000,-133.0793151855
9527964.0000000000,-133.1129608154
9549926.0000000000,-133.1400756836
9571940.0000000000,-133.1841125488
9594004.0000000000,-133.2185211182
9616118.0000000000,-133.2310943604
9638295.0000000000,-133.2329254150
9660512.0000000000,-133.2431945801
9682780.0000000000,-133.2432098389
9705099.0000000000,-133.2461700439
9727470.0000000000,-133.2617492676
9749893.0000000000,-133.2813110352
9772367.0000000000,-133.3181610107
9794904.0000000000,-133.3672027588
9817482.0000000000,-133.4217224121
9840112.0000000000,-133.4937744141
9862794.0000000000,-133.5599365234
9885528.0000000000,-133.6110534668
9908315.0000000000,-133.6669311523
9931165.0000000000,-133.7015686035
9954057.0000000000,-133.7259216309
9977002.0000000000,-133.7364044189
10000000.0000000000,-133.7499694824
10023051.0000000000,-133.7654876709
10046155.0000000000,-133.7831878662
10069312.0000000000,-133.8097534180
10092533.0000000000,-133.8398437500
10115797.0000000000,-133.8424530029
10139115.0000000000,-133.8618316650
10162486.0000000000,-133.8620605469
10185911.0000000000,-133.8679656982
10209391.0000000000,-133.8860931396
10232935.0000000000,-133.8863830566
10256523.0000000000,-133.8948211670
10280165.0000000000,-133.9177093506
10303861.0000000000,-133.9305114746
10327613.0000000000,-133.9368591309
10351418.0000000000,-133.9456939697
10375279.0000000000,-133.9569702148
10399206.0000000000,-133.9776611328
10423177.0000000000,-133.9783020020
10447203.0000000000,-134.0016479492
10471285.0000000000,-134.0064849854
10495422.0000000000,-134.0178833008
10519615.0000000000,-134.0285949707
10543863.0000000000,-134.0528869629
10568179.0000000000,-134.0567779541
10592540.0000000000,-134.0708312988
10616956.0000000000,-134.0722808838
10641429.0000000000,-134.0765380859
10665958.0000000000,-134.0821075439
10690544.0000000000,-134.1445159912
10715198.0000000000,-134.1976928711
10739898.0000000000,-134.2485504150
10764654.0000000000,-134.2857818604
10789467.0000000000,-134.3225097656
10814338.0000000000,-134.3569030762
10839265.0000000000,-134.3903350830
10864251.0000000000,-134.4202423096
10889305.0000000000,-134.4480133057
10914406.0000000000,-134.4696502686
10939565.0000000000,-134.4936065674
10964781.0000000000,-134.5226287842
10990056.0000000000,-134.5593109131
11015388.0000000000,-134.6085968018
11040792.0000000000,-134.6587219238
11066242.0000000000,-134.7098236084
11091750.0000000000,-134.7479553223
11117317.0000000000,-134.7747650146
11142944.0000000000,-134.7914733887
11168629.0000000000,-134.8020935059
11194373.0000000000,-134.8233642578
11220189.0000000000,-134.8487548828
11246053.0000000000,-134.8915557861
11271976.0000000000,-134.9060363770
11297958.0000000000,-134.9160614014
11324001.0000000000,-134.9277648926
11350104.0000000000,-134.9379577637
11376279.0000000000,-134.9433898926
11402502.0000000000,-134.9727020264
11428786.0000000000,-134.9795074463
11455130.0000000000,-134.9833679199
11481535.0000000000,-134.9943084717
11508000.0000000000,-135.0038604736
11534527.0000000000,-135.0792694092
11561128.0000000000,-135.1980133057
11587777.0000000000,-135.2789001465
11614488.0000000000,-135.2799682617
11641260.0000000000,-135.2835235596
11668094.0000000000,-135.2860717773
11694990.0000000000,-135.2935791016
11721947.0000000000,-135.2969055176
11748980.0000000000,-135.3015594482
11776062.0000000000,-135.3065643311
11803207.0000000000,-135.3097839355
11830414.0000000000,-135.3100891113
11857684.0000000000,-135.3159332275
11885017.0000000000,-135.3228454590
11912426.0000000000,-135.3241882324
11939885.0000000000,-135.3301239014
11967407.0000000000,-135.3310852051
11994993.0000000000,-135.3336944580
12022642.0000000000,-135.3383941650
12050355.0000000000,-135.3457794189
12078132.0000000000,-135.3565063477
12105986.0000000000,-135.3689727783
12133892.0000000000,-135.3984527588
12161861.0000000000,-135.3986816406
12189895.0000000000,-135.3986816406
12217994.0000000000,-135.3986816406
12246157.0000000000,-135.3986816406
12274399.0000000000,-135.3986816406
12302692.0000000000,-135.3986816406
12331051.0000000000,-135.3986816406
12359475.0000000000,-135.3986816406
12387964.0000000000,-135.4367370605
12416519.0000000000,-135.4710388184
12445140.0000000000,-135.5036468506
12473841.0000000000,-135.5077362061
12502594.0000000000,-135.5086212158
12531413.0000000000,-135.5134582520
12560299.0000000000,-135.5177917480
12589251.0000000000,-135.5216369629
12618270.0000000000,-135.5268249512
12647370.0000000000,-135.5274963379
12676523.0000000000,-135.5306396484
12705744.0000000000,-135.5812530518
12735031.0000000000,-135.6545410156
12764387.0000000000,-135.7629089355
12793809.0000000000,-135.8731536865
12823300.0000000000,-135.9749755859
12852873.0000000000,-136.0449829102
12882499.0000000000,-136.0883789063
12912195.0000000000,-136.0911560059
12941958.0000000000,-136.0921173096
12971790.0000000000,-136.0938415527
13001691.0000000000,-136.0990905762
13031661.0000000000,-136.1179809570
13061714.0000000000,-136.1505126953
13091822.0000000000,-136.1807861328
13122000.0000000000,-136.2027282715
13152247.0000000000,-136.2075347900
13182564.0000000000,-136.2076416016
13212951.0000000000,-136.2145843506
13243422.0000000000,-136.2189178467
13273949.0000000000,-136.2193298340
13304546.0000000000,-136.2240447998
13335214.0000000000,-136.2434082031
13365953.0000000000,-136.2809295654
13396762.0000000000,-136.3284759521
13427643.0000000000,-136.3822479248
13458609.0000000000,-136.4500732422
13489632.0000000000,-136.5122528076
13520727.0000000000,-136.5180206299
13551893.0000000000,-136.5201721191
13583131.0000000000,-136.5361328125
13614441.0000000000,-136.5474395752
13645839.0000000000,-136.5707397461
13677293.0000000000,-136.5890655518
13708820.0000000000,-136.5900878906
13740420.0000000000,-136.6156158447
13772093.0000000000,-136.6190795898
13803838.0000000000,-136.6198425293
13835657.0000000000,-136.6690521240
13867565.0000000000,-136.7294769287
13899530.0000000000,-136.8052978516
13931570.0000000000,-136.8865966797
13963683.0000000000,-136.9688262939
13995870.0000000000,-137.0014953613
14028132.0000000000,-137.0046997070
14060468.0000000000,-137.0407714844
14092893.0000000000,-137.0435791016
14125379.0000000000,-137.0455780029
14157939.0000000000,-137.1061248779
14190574.0000000000,-137.1092376709
14223284.0000000000,-137.1174163818
14256070.0000000000,-137.1679534912
14288946.0000000000,-137.2015533447
14321884.0000000000,-137.2324371338
14354896.0000000000,-137.2390289307
14387986.0000000000,-137.2684173584
14421151.0000000000,-137.2712249756
14454393.0000000000,-137.2799072266
14487711.0000000000,-137.2894744873
14521122.0000000000,-137.3040924072
14554594.0000000000,-137.3052368164
14588144.0000000000,-137.3292694092
14621770.0000000000,-137.3352966309
14655475.0000000000,-137.3637695313
14689257.0000000000,-137.3761749268
14723133.0000000000,-137.3891143799
14757070.0000000000,-137.4086151123
14791086.0000000000,-137.4404907227
14825181.0000000000,-137.4457092285
14859354.0000000000,-137.4568023682
14893606.0000000000,-137.4894866943
14927937.0000000000,-137.5088958740
14962363.0000000000,-137.5369262695
14996852.0000000000,-137.5414123535
15031421.0000000000,-137.5493621826
15066070.0000000000,-137.5705413818
15100798.0000000000,-137.5705413818
15135607.0000000000,-137.5705413818
15170512.0000000000,-137.5705413818
15205481.0000000000,-137.5817413330
15240531.0000000000,-137.5870056152
15275661.0000000000,-137.6089782715
15310873.0000000000,-137.6089782715
15346165.0000000000,-137.6089782715
15381539.0000000000,-137.6089782715
15417012.0000000000,-137.6089782715
15452549.0000000000,-137.6125030518
15488168.0000000000,-137.6465606689
15523870.0000000000,-137.6489868164
15559653.0000000000,-137.7063446045
15595519.0000000000,-137.7142333984
15631468.0000000000,-137.7389831543
15667517.0000000000,-137.7711944580
15703632.0000000000,-137.7821044922
15739830.0000000000,-137.8184814453
15776111.0000000000,-137.8643646240
15812476.0000000000,-137.8727111816
15848925.0000000000,-137.8802185059
15885475.0000000000,-137.8961181641
15922092.0000000000,-137.9006500244
15958794.0000000000,-137.9372406006
15995580.0000000000,-137.9411315918
16032451.0000000000,-137.9773559570
16069407.0000000000,-137.9854583740
16106448.0000000000,-137.9915618896
16143592.0000000000,-137.9948730469
16180804.0000000000,-138.0312500000
16218102.0000000000,-138.0481872559
16255486.0000000000,-138.0819702148
16292956.0000000000,-138.1122131348
16330513.0000000000,-138.1181182861
16368174.0000000000,-138.1626739502
16405903.0000000000,-138.2194061279
16443720.0000000000,-138.2231445313
16481624.0000000000,-138.2237701416
16519616.0000000000,-138.2644805908
16557694.0000000000,-138.4304199219
16595861.0000000000,-138.5994110107
16634134.0000000000,-138.6360015869
16672477.0000000000,-138.6368408203
16710908.0000000000,-138.6448211670
16749428.0000000000,-138.6470947266
16788036.0000000000,-138.6484985352
16826734.0000000000,-138.6519012451
16865540.0000000000,-138.6519012451
16904416.0000000000,-138.6519012451
16943382.0000000000,-138.6546020508
16982438.0000000000,-138.6546173096
17021582.0000000000,-138.6561279297
17060818.0000000000,-138.6569213867
17100146.0000000000,-138.6574859619
17139582.0000000000,-138.6665802002
17179090.0000000000,-138.6667022705
17218688.0000000000,-138.6780548096
17258378.0000000000,-138.6799163818
17298160.0000000000,-138.6821746826
17338034.0000000000,-138.7005157471
17378000.0000000000,-138.7084350586
17418076.0000000000,-138.7157897949
17458226.0000000000,-138.7265472412
17498468.0000000000,-138.7375640869
17538804.0000000000,-138.7462615967
17579232.0000000000,-138.7634429932
17619752.0000000000,-138.7635955811
17660388.0000000000,-138.7755889893
17701096.0000000000,-138.8229522705
17741898.0000000000,-138.8775482178
17782794.0000000000,-138.8814544678
17823784.0000000000,-138.9738311768
17864870.0000000000,-138.9871063232
17906050.0000000000,-139.0112762451
17947344.0000000000,-139.0390014648
17988714.0000000000,-139.0390014648
18030180.0000000000,-139.0390014648
18071740.0000000000,-139.0390014648
18113396.0000000000,-139.0390014648
18155150.0000000000,-139.0390014648
18197018.0000000000,-139.0687713623
18238964.0000000000,-139.1414642334
18281006.0000000000,-139.1551666260
18323144.0000000000,-139.1791381836
18365380.0000000000,-139.3012390137
18407714.0000000000,-139.3012390137
18450146.0000000000,-139.3012390137
18492694.0000000000,-139.3012390137
18535322.0000000000,-139.3012390137
18578046.0000000000,-139.3012390137
18620870.0000000000,-139.3165893555
18663792.0000000000,-139.3394470215
18706814.0000000000,-139.3421478271
18749934.0000000000,-139.3421478271
18793176.0000000000,-139.3421478271
18836496.0000000000,-139.3421478271
18879914.0000000000,-139.3421478271
18923434.0000000000,-139.3421478271
18967054.0000000000,-139.3421478271
19010774.0000000000,-139.3421478271
19054616.0000000000,-139.3421478271
19098538.0000000000,-139.3421478271
19142562.0000000000,-139.3421478271
19186688.0000000000,-139.3511962891
19230914.0000000000,-139.3624267578
19275242.0000000000,-139.4608764648
19319674.0000000000,-139.4763336182
19364228.0000000000,-139.4837646484
19408864.0000000000,-139.5002441406
19453602.0000000000,-139.5089721680
19498444.0000000000,-139.5281829834
19543390.0000000000,-139.5281829834
19588438.0000000000,-139.5281829834
19633612.0000000000,-139.5411682129
19678870.0000000000,-139.6374511719
19724230.0000000000,-139.7906951904
19769696.0000000000,-139.8313751221
19815268.0000000000,-139.8572845459
19860942.0000000000,-139.8901214600
19906724.0000000000,-139.8924407959
19952632.0000000000,-139.9002075195
19998624.0000000000,-139.9563598633
20044722.0000000000,-139.9638214111
20090926.0000000000,-139.9664306641
20137238.0000000000,-139.9880371094
20183656.0000000000,-140.0671386719
20230202.0000000000,-140.1407623291
20276834.0000000000,-140.1524963379
20323574.0000000000,-140.1631164551
20370422.0000000000,-140.2414855957
20417376.0000000000,-140.3473815918
20464440.0000000000,-140.3910064697
20511612.0000000000,-140.3918609619
20558916.0000000000,-140.3967285156
20606306.0000000000,-140.4095764160
20653804.0000000000,-140.4106597900
20701412.0000000000,-140.4167022705
20749130.0000000000,-140.4508666992
20796960.0000000000,-140.4645843506
20844898.0000000000,-140.4645843506
20892970.0000000000,-140.4508666992
20941130.0000000000,-140.4167022705
20989400.0000000000,-140.4137268066
21037782.0000000000,-140.4128875732
21086276.0000000000,-140.4106597900
21134882.0000000000,-140.4095764160
21183622.0000000000,-140.4106597900
21232452.0000000000,-140.4128875732
21281394.0000000000,-140.4137268066
21330448.0000000000,-140.4167022705
21379618.0000000000,-140.4267120361
21428898.0000000000,-140.4508666992
21478294.0000000000,-140.4508666992
21527826.0000000000,-140.4645843506
21577450.0000000000,-140.4878997803
21627188.0000000000,-140.4957122803
21677040.0000000000,-140.5401000977
21727006.0000000000,-140.5401000977
21777088.0000000000,-140.5426788330
21827310.0000000000,-140.5460357666
21877624.0000000000,-140.5565490723
21928054.0000000000,-140.5631866455
21978600.0000000000,-140.5638580322
22029262.0000000000,-140.5631866455
22080040.0000000000,-140.5631866455
22130936.0000000000,-140.5426788330
22181974.0000000000,-140.5426788330
22233106.0000000000,-140.5426788330
22284354.0000000000,-140.5426788330
22335722.0000000000,-140.5426788330
22387206.0000000000,-140.5426788330
22438810.0000000000,-140.5426788330
22490558.0000000000,-140.5638732910
22542400.0000000000,-140.5821075439
22594362.0000000000,-140.5892333984
22646444.0000000000,-140.5958404541
22698646.0000000000,-140.5963287354
22750968.0000000000,-140.6303863525
22803410.0000000000,-140.6869964600
22855998.0000000000,-140.7299957275
22908684.0000000000,-140.7359008789
22961490.0000000000,-140.7536315918
23014418.0000000000,-140.7713317871
23067468.0000000000,-140.7923431396
23120640.0000000000,-140.7940368652
23173934.0000000000,-140.8129272461
23227378.0000000000,-140.8476867676
23280918.0000000000,-140.8476867676
23334582.0000000000,-140.8476867676
23388370.0000000000,-140.8129272461
23442282.0000000000,-140.8129272461
23496318.0000000000,-140.8129272461
23550504.0000000000,-140.8129272461
23604790.0000000000,-140.8129272461
23659200.0000000000,-140.8583984375
23713738.0000000000,-140.9065704346
23768398.0000000000,-140.9303894043
23823186.0000000000,-140.9645538330
23878100.0000000000,-140.9832916260
23933168.0000000000,-141.0225524902
23988336.0000000000,-141.0272674561
24043630.0000000000,-141.0272674561
24099052.0000000000,-141.0272674561
24154602.0000000000,-141.0340118408
24210280.0000000000,-141.0375976563
24266114.0000000000,-141.0709991455
24322048.0000000000,-141.1216735840
24378112.0000000000,-141.1571044922
24434306.0000000000,-141.1945343018
24490628.0000000000,-141.2439575195
24547082.0000000000,-141.2439575195
24603664.0000000000,-141.2439575195
24660404.0000000000,-141.2439575195
24717248.0000000000,-141.2439575195
24774224.0000000000,-141.2439575195
24831330.0000000000,-141.1999664307
24888568.0000000000,-141.1999664307
24945938.0000000000,-141.2439575195
25003440.0000000000,-141.2945251465
25061102.0000000000,-141.3015899658
25118870.0000000000,-141.3474121094
25176770.0000000000,-141.3637695313
25234804.0000000000,-141.3676910400
25292972.0000000000,-141.3861541748
25351274.0000000000,-141.4020385742
25409740.0000000000,-141.4020385742
25468310.0000000000,-141.4020385742
25527016.0000000000,-141.4052886963
25585858.0000000000,-141.4072723389
25644836.0000000000,-141.4104156494
25703948.0000000000,-141.4784851074
25763198.0000000000,-141.4977111816
25822612.0000000000,-141.4977111816
25882136.0000000000,-141.4784851074
25941796.0000000000,-141.4784851074
26001594.0000000000,-141.4836425781
26061528.0000000000,-141.4977111816
26121602.0000000000,-141.4977111816
26181844.0000000000,-141.4977111816
26242194.0000000000,-141.5091705322
26302684.0000000000,-141.5586395264
26363314.0000000000,-141.5586395264
26424084.0000000000,-141.5586395264
26484992.0000000000,-141.5586395264
26546042.0000000000,-141.6031036377
26607262.0000000000,-141.6341857910
26668594.0000000000,-141.6893005371
26730066.0000000000,-141.6893005371
26791682.0000000000,-141.6893005371
26853438.0000000000,-141.6893005371
26915338.0000000000,-141.6962585449
26977408.0000000000,-141.7258605957
27039594.0000000000,-141.7413787842
27101922.0000000000,-141.7577514648
27164394.0000000000,-141.9019470215
27227010.0000000000,-141.9384765625
27289770.0000000000,-141.9595031738
27352674.0000000000,-142.0033721924
27415754.0000000000,-142.0083160400
27478950.0000000000,-142.0265045166
27542290.0000000000,-142.0368652344
27605778.0000000000,-142.1663360596
27669410.0000000000,-142.1737213135
27733190.0000000000,-142.1854705811
27797118.0000000000,-142.1969909668
27861222.0000000000,-142.2662506104
27925444.0000000000,-142.3161010742
27989814.0000000000,-142.3338775635
28054334.0000000000,-142.4504699707
28119000.0000000000,-142.4768218994
28183816.0000000000,-142.4768218994
28248814.0000000000,-142.4768218994
28313930.0000000000,-142.4961547852
28379194.0000000000,-142.5825500488
28444610.0000000000,-142.5825500488
28510178.0000000000,-142.5825500488
28575896.0000000000,-142.5825500488
28641766.0000000000,-142.5825500488
28707818.0000000000,-142.6030731201
28773992.0000000000,-142.6605529785
28840318.0000000000,-142.6605529785
28906796.0000000000,-142.6605529785
28973428.0000000000,-142.6605529785
29040214.0000000000,-142.6605529785
29107186.0000000000,-142.6605529785
29174280.0000000000,-142.6605529785
29241530.0000000000,-142.6605529785
29308932.0000000000,-142.6605529785
29376492.0000000000,-142.6605529785
29444208.0000000000,-142.6605529785
29512078.0000000000,-142.6605529785
29580138.0000000000,-142.6605529785
29648322.0000000000,-142.6605529785
29716664.0000000000,-142.7102355957
29785162.0000000000,-142.7446289063
29853820.0000000000,-142.8170623779
29922634.0000000000,-142.8975982666
29991642.0000000000,-142.8170623779
30060774.0000000000,-142.7902679443
30130066.0000000000,-142.7446289063
30199518.0000000000,-142.7102355957
30269130.0000000000,-142.7102355957
30338904.0000000000,-142.7102355957
30408836.0000000000,-142.7446289063
30478964.0000000000,-142.7902679443
30549220.0000000000,-142.8369293213
30619638.0000000000,-142.8369293213
30690220.0000000000,-142.8369293213
30760962.0000000000,-142.8369293213
30831868.0000000000,-142.8369293213
30902938.0000000000,-142.8369293213
30974206.0000000000,-142.8369293213
31045604.0000000000,-142.8369293213
31117166.0000000000,-142.8369293213
31188892.0000000000,-142.9310913086
31260786.0000000000,-142.9960632324
31332844.0000000000,-143.0676879883
31405102.0000000000,-143.1671142578
31477494.0000000000,-143.2008209229
31550052.0000000000,-143.2214202881
31622776.0000000000,-143.2214202881
31695670.0000000000,-143.2214202881
31768730.0000000000,-143.2214202881
31841960.0000000000,-143.2214202881
31915392.0000000000,-143.2526245117
31988960.0000000000,-143.2689361572
32062696.0000000000,-143.2825927734
32136604.0000000000,-143.3163909912
32210680.0000000000,-143.3494110107
32284928.0000000000,-143.3568115234
32359382.0000000000,-143.4132843018
32433974.0000000000,-143.4404754639
32508736.0000000000,-143.4440155029
32583670.0000000000,-143.5496978760
32658778.0000000000,-143.5496978760
32734060.0000000000,-143.5496978760
32809514.0000000000,-143.5496978760
32885178.0000000000,-143.5496978760
32960980.0000000000,-143.5496978760
33036958.0000000000,-143.5496978760
33113110.0000000000,-143.5496978760
33189438.0000000000,-143.5688171387
33265942.0000000000,-143.5765075684
33342624.0000000000,-143.5945129395
33419516.0000000000,-143.5946960449
33496552.0000000000,-143.5946960449
33573764.0000000000,-143.5945129395
33651152.0000000000,-143.5765075684
33728720.0000000000,-143.5688171387
33806468.0000000000,-143.4404754639
33884432.0000000000,-143.4404754639
33962536.0000000000,-143.4404754639
34040824.0000000000,-143.4404754639
34119292.0000000000,-143.4868927002
34197936.0000000000,-143.4868927002
34276768.0000000000,-143.4868927002
34355776.0000000000,-143.4868927002
34435008.0000000000,-143.4868927002
34514384.0000000000,-143.4868927002
34593940.0000000000,-143.4868927002
34673680.0000000000,-143.5349578857
34753608.0000000000,-143.5620574951
34833716.0000000000,-143.5765075684
34914048.0000000000,-143.5945129395
34994528.0000000000,-143.5945129395
35075192.0000000000,-143.5945129395
35156044.0000000000,-143.5945129395
35237080.0000000000,-143.5878601074
35318304.0000000000,-143.5620574951
35399716.0000000000,-143.5349578857
35481356.0000000000,-143.4868927002
35563140.0000000000,-143.4196929932
35645116.0000000000,-143.4196929932
35727280.0000000000,-143.4196929932
35809636.0000000000,-143.4196929932
35892180.0000000000,-143.4868927002
35974952.0000000000,-143.5349578857
36057876.0000000000,-143.5620574951
36140992.0000000000,-143.5878601074
36224300.0000000000,-143.5945129395
36307800.0000000000,-143.5945129395
36391492.0000000000,-143.5945129395
36475376.0000000000,-143.5878601074
36559496.0000000000,-143.5620574951
36643768.0000000000,-143.5583190918
36728236.0000000000,-143.5583190918
36812896.0000000000,-143.5391998291
36897752.0000000000,-143.5391998291
36982804.0000000000,-143.5391998291
37068052.0000000000,-143.5391998291
37153536.0000000000,-143.5391998291
37239180.0000000000,-143.5391998291
37325020.0000000000,-143.5391998291
37411056.0000000000,-143.5391998291
37497292.0000000000,-143.5391998291
37583724.0000000000,-143.5391998291
37670400.0000000000,-143.5230865479
37757232.0000000000,-143.4261627197
37844264.0000000000,-143.4210662842
37931500.0000000000,-143.4210662842
38018932.0000000000,-143.4210662842
38106568.0000000000,-143.4210662842
38194408.0000000000,-143.4210662842
38282492.0000000000,-143.4210662842
38370736.0000000000,-143.4210662842
38459180.0000000000,-143.4210662842
38547832.0000000000,-143.4261627197
38636688.0000000000,-143.4681549072
38725748.0000000000,-143.5230865479
38815056.0000000000,-143.5391998291
38904528.0000000000,-143.5583190918
38994204.0000000000,-143.5749511719
39084092.0000000000,-143.6683807373
39174180.0000000000,-143.9174194336
39264480.0000000000,-143.9174194336
39354988.0000000000,-143.9174194336
39445748.0000000000,-143.9174194336
39536672.0000000000,-143.9174194336
39627808.0000000000,-143.9174194336
39719152.0000000000,-143.9174194336
39810708.0000000000,-143.9334716797
39902476.0000000000,-144.3091888428
39994496.0000000000,-144.5342712402
40086688.0000000000,-144.6223602295
40179088.0000000000,-144.6440277100
40271704.0000000000,-144.6817169189
40364536.0000000000,-144.7967681885
40457576.0000000000,-145.0086364746
40550836.0000000000,-145.0086364746
40644352.0000000000,-145.0086364746
40738040.0000000000,-145.0086364746
40831944.0000000000,-145.0086364746
40926064.0000000000,-145.0086364746
41020404.0000000000,-145.0086364746
41114956.0000000000,-145.0086364746
41209732.0000000000,-145.0086364746
41304768.0000000000,-145.0086364746
41399976.0000000000,-145.0086364746
41495408.0000000000,-145.0086364746
41591056.0000000000,-145.0086364746
41686928.0000000000,-145.0086364746
41783020.0000000000,-145.0086364746
41879376.0000000000,-145.0086364746
41975912.0000000000,-145.0086364746
42072668.0000000000,-145.0086364746
42169652.0000000000,-145.0086364746
42266856.0000000000,-145.0086364746
42364284.0000000000,-145.0136566162
42461936.0000000000,-145.0406036377
42559860.0000000000,-145.0406036377
42657964.0000000000,-145.0406036377
42756292.0000000000,-145.0406036377
42854848.0000000000,-145.0086364746
42953632.0000000000,-145.0086364746
43052644.0000000000,-145.0086364746
43151932.0000000000,-145.0086364746
43251400.0000000000,-145.0086364746
43351096.0000000000,-145.0086364746
43451024.0000000000,-145.0004577637
43551180.0000000000,-145.0004577637
43651568.0000000000,-145.0004577637
43752188.0000000000,-145.0004577637
43853088.0000000000,-145.0004577637
43954176.0000000000,-145.0004577637
44055492.0000000000,-145.0004577637
44157044.0000000000,-145.0004577637
44258828.0000000000,-145.0004577637
44360848.0000000000,-145.0004577637
44463104.0000000000,-145.0004577637
44565644.0000000000,-145.0406036377
44668368.0000000000,-145.0547180176
44771332.0000000000,-145.0690155029
44874532.0000000000,-145.0977478027
44977972.0000000000,-145.1210327148
45081652.0000000000,-145.1940917969
45185616.0000000000,-145.2370605469
45289772.0000000000,-145.2370605469
45394168.0000000000,-145.2370605469
45498804.0000000000,-145.2370605469
45603684.0000000000,-145.2370605469
45708804.0000000000,-145.2370605469
45814164.0000000000,-145.2814331055
45919820.0000000000,-145.3673095703
46025668.0000000000,-145.3741607666
46131760.0000000000,-145.4075622559
46238100.0000000000,-145.4914550781
46344680.0000000000,-145.5871887207
46451508.0000000000,-145.8091888428
46558632.0000000000,-145.8091888428
46665956.0000000000,-145.8146057129
46773524.0000000000,-145.8328857422
46881340.0000000000,-145.8408660889
46989404.0000000000,-145.8504486084
47097716.0000000000,-145.8663024902
47206280.0000000000,-145.9912567139
47315148.0000000000,-146.0353546143
47424212.0000000000,-146.0353546143
47533528.0000000000,-146.0353546143
47643096.0000000000,-146.0353546143
47752916.0000000000,-146.0353546143
47862992.0000000000,-146.0353546143
47973372.0000000000,-146.0353546143
48083952.0000000000,-146.0353546143
48194788.0000000000,-145.8663024902
48305880.0000000000,-145.8504486084
48417232.0000000000,-145.8408660889
48528836.0000000000,-145.8328857422
48640696.0000000000,-145.8328857422
48752872.0000000000,-145.8146057129
48865252.0000000000,-145.6864318848
48977888.0000000000,-145.6864318848
49090784.0000000000,-145.6864318848
49203944.0000000000,-145.6733703613
49317364.0000000000,-145.5458068848
49431044.0000000000,-145.4761199951
49545040.0000000000,-145.3673095703
49659244.0000000000,-145.3673095703
49773712.0000000000,-145.4249572754
49888444.0000000000,-145.4761199951
50003440.0000000000,-145.5458068848
50118700.0000000000,-145.6733703613
50234284.0000000000,-145.6864318848
50350076.0000000000,-145.8328857422
50466136.0000000000,-145.8328857422
50582464.0000000000,-145.8328857422
50699060.0000000000,-145.6864318848
50815928.0000000000,-145.6733703613
50933060.0000000000,-145.6733703613
51050520.0000000000,-145.6733703613
51168196.0000000000,-145.6472473145
51286144.0000000000,-145.5579376221
51404360.0000000000,-145.5458068848
51522852.0000000000,-145.4761199951
51641616.0000000000,-145.4249572754
51760712.0000000000,-145.2696380615
51880024.0000000000,-145.2096252441
51999608.0000000000,-145.1876373291
52119472.0000000000,-145.1876373291
52239612.0000000000,-145.2096252441
52360028.0000000000,-145.2696380615
52480720.0000000000,-145.3344879150
52601752.0000000000,-145.4249572754
52723000.0000000000,-145.5458068848
52844532.0000000000,-145.5579376221
52966340.0000000000,-145.5883178711
53088432.0000000000,-145.6472473145
53210804.0000000000,-145.6864318848
53333520.0000000000,-145.8928375244
53456456.0000000000,-145.8928375244
53579676.0000000000,-145.8992309570
53703180.0000000000,-145.9857788086
53826972.0000000000,-145.9857788086
53951048.0000000000,-145.9950561523
54075408.0000000000,-145.9950561523
54200116.0000000000,-145.9950561523
54325048.0000000000,-145.9950561523
54450272.0000000000,-145.9950561523
54575784.0000000000,-145.9950561523
54701584.0000000000,-145.8992309570
54827676.0000000000,-145.8928375244
54954060.0000000000,-145.6808013916
55080792.0000000000,-145.6472473145
55207756.0000000000,-145.5883178711
55335016.0000000000,-145.5579376221
55462564.0000000000,-145.3344879150
55590412.0000000000,-145.2696380615
55718552.0000000000,-145.2314453125
55847048.0000000000,-145.1876373291
55975780.0000000000,-145.0546875000
56104808.0000000000,-145.0113677979
56234132.0000000000,-144.9356994629
56363756.0000000000,-144.8692626953
56493680.0000000000,-144.8692626953
56623900.0000000000,-144.8692626953
56754484.0000000000,-144.8692626953
56885308.0000000000,-144.8692626953
57016432.0000000000,-144.8692626953
57147860.0000000000,-144.8692626953
57279588.0000000000,-144.8692626953
57411624.0000000000,-144.8692626953
57544024.0000000000,-144.8692626953
57676668.0000000000,-144.8692626953
57809616.0000000000,-144.8692626953
57942872.0000000000,-144.8692626953
58076432.0000000000,-144.8692626953
58210304.0000000000,-144.8182067871
58344484.0000000000,-144.8169403076
58479036.0000000000,-144.7894134521
58613832.0000000000,-144.7881317139
58748944.0000000000,-144.7881317139
58884364.0000000000,-144.7881317139
59020096.0000000000,-144.7881317139
59156140.0000000000,-144.7881317139
59292500.0000000000,-144.7881317139
59429240.0000000000,-144.7881317139
59566228.0000000000,-144.7894134521
59703532.0000000000,-144.8169403076
59841152.0000000000,-144.8182067871
59979092.0000000000,-144.8692626953
60117348.0000000000,-144.9356994629
60255988.0000000000,-145.1488342285
60394884.0000000000,-145.5780944824
60534096.0000000000,-145.8800964355
60673632.0000000000,-146.2215576172
60813488.0000000000,-146.2785186768
60953668.0000000000,-146.5098114014
61094172.0000000000,-146.5769500732
61235064.0000000000,-146.6595764160
61376216.0000000000,-146.6838073730
61517692.0000000000,-146.8345184326
61659496.0000000000,-146.8345184326
61801624.0000000000,-146.8867034912
61944080.0000000000,-146.8931579590
62086936.0000000000,-146.9117126465
62230048.0000000000,-147.2713165283
62373496.0000000000,-147.2713165283
62517268.0000000000,-147.2713165283
62661376.0000000000,-147.2713165283
62805816.0000000000,-147.2713165283
62950588.0000000000,-147.2713165283
63095764.0000000000,-147.2713165283
63241204.0000000000,-147.2713165283
63386976.0000000000,-147.2296142578
63533088.0000000000,-147.2296142578
63679536.0000000000,-147.2296142578
63826324.0000000000,-147.2296142578
63973516.0000000000,-147.2296142578
64120980.0000000000,-147.2296142578
64268784.0000000000,-147.2296142578
64416928.0000000000,-147.2713165283
64565416.0000000000,-147.2887878418
64714244.0000000000,-147.2964324951
64863412.0000000000,-147.2964324951
65013000.0000000000,-147.2964324951
65162860.0000000000,-147.2887878418
65313064.0000000000,-147.2964324951
65463616.0000000000,-147.3634338379
65614512.0000000000,-147.3769073486
65765760.0000000000,-147.3769073486
65917356.0000000000,-147.3634338379
66069372.0000000000,-147.2964324951
66221664.0000000000,-147.3634338379
66374312.0000000000,-147.3769073486
66527308.0000000000,-147.4762573242
66680660.0000000000,-147.5734558105
66834364.0000000000,-147.5734558105
66988492.0000000000,-147.5734558105
67142904.0000000000,-147.5734558105
67297680.0000000000,-147.5734558105
67452800.0000000000,-147.5734558105
67608288.0000000000,-147.6032562256
67764128.0000000000,-147.6369018555
67920328.0000000000,-147.6582031250
68076968.0000000000,-147.7710418701
68233888.0000000000,-147.7710418701
68391168.0000000000,-147.7784729004
68548816.0000000000,-147.8157196045
68706824.0000000000,-147.8868560791
68865200.0000000000,-147.8962249756
69024016.0000000000,-147.8962249756
69183120.0000000000,-147.8962249756
69342592.0000000000,-147.8962249756
69502432.0000000000,-148.0626373291
69662640.0000000000,-148.1299285889
69823216.0000000000,-148.1458587646
69984168.0000000000,-148.1458587646
70145560.0000000000,-148.1458587646
70307248.0000000000,-148.1458587646
70469312.0000000000,-148.1458587646
70631752.0000000000,-148.1458587646
70794560.0000000000,-148.1299285889
70957752.0000000000,-148.0626373291
71121392.0000000000,-147.8962249756
71285328.0000000000,-147.8868560791
71449648.0000000000,-147.8868560791
71614344.0000000000,-148.0626373291
71779424.0000000000,-148.1299285889
71944880.0000000000,-148.0626373291
72110712.0000000000,-147.8868560791
72277016.0000000000,-147.8355560303
72443616.0000000000,-147.8355560303
72610608.0000000000,-147.8355560303
72777976.0000000000,-147.8355560303
72945736.0000000000,-147.8355560303
73113880.0000000000,-147.8355560303
73282416.0000000000,-147.8355560303
73451416.0000000000,-147.8355560303
73620728.0000000000,-147.8355560303
73790432.0000000000,-147.8355560303
73960520.0000000000,-147.8157196045
74131008.0000000000,-147.7832489014
74301880.0000000000,-147.6541900635
74473232.0000000000,-147.5140686035
74644904.0000000000,-147.5140686035
74816960.0000000000,-147.3945312500
74989424.0000000000,-147.3723449707
75162280.0000000000,-147.3668212891
75335528.0000000000,-147.3266143799
75509184.0000000000,-147.3266143799
75683320.0000000000,-147.3266143799
75857776.0000000000,-147.3076477051
76032632.0000000000,-147.2928771973
76207896.0000000000,-147.2504272461
76383560.0000000000,-147.1748809814
76559632.0000000000,-146.8706359863
76736192.0000000000,-146.8278961182
76913072.0000000000,-146.7885284424
77090360.0000000000,-146.8278961182
77268064.0000000000,-146.8706359863
77446168.0000000000,-147.1748809814
77624688.0000000000,-147.2504272461
77803616.0000000000,-147.2928771973
77983048.0000000000,-147.2928771973
78162800.0000000000,-147.2928771973
78342976.0000000000,-147.2504272461
78523560.0000000000,-147.1748809814
78704560.0000000000,-147.0821685791
78885984.0000000000,-146.8706359863
79067816.0000000000,-146.8278961182
79250160.0000000000,-146.8278961182
79432840.0000000000,-146.8278961182
79615936.0000000000,-146.8278961182
79799456.0000000000,-146.8278961182
79983400.0000000000,-146.8278961182
80167768.0000000000,-146.8278961182
80352648.0000000000,-146.8278961182
80537872.0000000000,-146.8278961182
80723512.0000000000,-146.8278961182
80909592.0000000000,-146.8278961182
81096088.0000000000,-146.8278961182
81283024.0000000000,-146.8278961182
81470384.0000000000,-146.8278961182
81658272.0000000000,-146.8278961182
81846496.0000000000,-146.8278961182
82035160.0000000000,-146.8278961182
82224256.0000000000,-146.8209838867
82413792.0000000000,-146.7885284424
82603760.0000000000,-146.7810363770
82794256.0000000000,-146.7810363770
82985104.0000000000,-146.7810363770
83176392.0000000000,-146.7810363770
83368120.0000000000,-146.8209838867
83560288.0000000000,-147.0821685791
83752904.0000000000,-147.0821685791
83945960.0000000000,-147.0821685791
84139552.0000000000,-147.0821685791
84333496.0000000000,-147.2673645020
84527896.0000000000,-147.2701110840
84722736.0000000000,-147.2673645020
84918032.0000000000,-147.0821685791
85113768.0000000000,-146.9875946045
85310056.0000000000,-146.8209838867
85506704.0000000000,-146.7810363770
85703800.0000000000,-146.6482696533
85901352.0000000000,-146.6482696533
86099360.0000000000,-146.7810363770
86297832.0000000000,-146.9875946045
86496752.0000000000,-146.9875946045
86696224.0000000000,-147.2673645020
86896072.0000000000,-147.2673645020
87096368.0000000000,-147.2673645020
87297136.0000000000,-147.2673645020
87498360.0000000000,-147.2701110840
87700048.0000000000,-147.2765808105
87902208.0000000000,-147.3490905762
88104920.0000000000,-147.3890686035
88308008.0000000000,-147.3890686035
88511568.0000000000,-147.3890686035
88715592.0000000000,-147.3890686035
88920088.0000000000,-147.4205932617
89125056.0000000000,-147.4205932617
89330592.0000000000,-147.3890686035
89536504.0000000000,-147.2765808105
89742896.0000000000,-146.9910125732
89949760.0000000000,-146.9875946045
90157096.0000000000,-146.9875946045
90364920.0000000000,-146.9875946045
90573216.0000000000,-146.9875946045
90782088.0000000000,-146.9875946045
90991352.0000000000,-146.8556823730
91201088.0000000000,-146.6524353027
91411320.0000000000,-146.5098571777
91622024.0000000000,-146.3244018555
91833224.0000000000,-146.2472839355
92045008.0000000000,-146.2322235107
92257176.0000000000,-146.2472839355
92469832.0000000000,-146.3244018555
92682984.0000000000,-146.3244018555
92896624.0000000000,-146.2472839355
93110760.0000000000,-146.2322235107
93325384.0000000000,-146.2322235107
93540608.0000000000,-146.2322235107
93756224.0000000000,-146.2322235107
93972344.0000000000,-146.2472839355
94188952.0000000000,-146.3244018555
94406064.0000000000,-146.3244018555
94623680.0000000000,-146.2322235107
94841896.0000000000,-146.1641082764
95060512.0000000000,-146.1294555664
95279640.0000000000,-146.0774383545
95499264.0000000000,-146.0774383545
95719392.0000000000,-146.0774383545
95940032.0000000000,-146.0269012451
96161184.0000000000,-146.0269012451
96382952.0000000000,-146.0269012451
96605120.0000000000,-145.9353027344
96827800.0000000000,-145.9038848877
97050992.0000000000,-145.8612823486
97274704.0000000000,-145.8563842773
97498928.0000000000,-145.7110748291
97723672.0000000000,-145.6829223633
97949040.0000000000,-145.6829223633
98174816.0000000000,-145.6829223633
98401120.0000000000,-145.8563842773
98627936.0000000000,-145.8612823486
98855280.0000000000,-145.9038848877
99083152.0000000000,-145.9038848877
99311656.0000000000,-145.9038848877
99540576.0000000000,-145.9353027344
99770024.0000000000,-145.9353027344
100000000.0000000000,-145.9038848877
