Type,FSWP-50
Version,3.02SP1
Date,03.Jul 2026
VSupply,ON
Mode,Voltage
Voltage Set,0.6000000000,V
Voltage Min,0.0000000000,V
Voltage Max,0.6500000000,V
Voltage Meas,0.6060799852,V
Current Max,20.0000000000,mA
Current Meas,18.0588235294,mA
VTune,OFF
Voltage Set,0.0000000000,V
Voltage Min,0.0000000000,V
Voltage Max,0.0100000000,V
Voltage Meas,-0.0237916184,V
Current Max,20.0000000000,mA
Current Meas,0.1501771500,mA
VAux,OFF
Voltage Set,0.0000000000,V
Voltage Min,-10.0000000000,V
Voltage Max,10.0000000000,V
Voltage Meas,-0.0045333748,V
Current Max,100.0000000000,mA
Current Meas,-0.0901401229,mA
Mode,Phase Noise
Measurement,Phase Noise
Input,RF
RF Att,0.0000000000,dB
Coupling,AC
RBW,2.0000000000,%
XCORR Factor,1000
XCORR Optimize,ON
Estimated Meas Time,3.7457527981,s
Sweep Count,5
Signal Frequency,23008756716.4708366394,Hz
Signal Level,-14.1193000000,dBm
Start,10000.0000000000,Hz
Stop,100000000.0000000000,Hz
SubSweep,1
Start,10000.0000000000,Hz
Stop,30000.0000000000,Hz
RBW,600.0000000000,Hz
XCORR Count,1000
SubSweep,2
Start,30000.0000000000,Hz
Stop,100000.0000000000,Hz
RBW,600.0000000000,Hz
XCORR Count,1000
SubSweep,3
Start,100000.0000000000,Hz
Stop,300000.0000000000,Hz
RBW,2000.0000000000,Hz
XCORR Count,3300
SubSweep,4
Start,300000.0000000000,Hz
Stop,1000000.0000000000,Hz
RBW,6000.0000000000,Hz
XCORR Count,10000
SubSweep,5
Start,1000000.0000000000,Hz
Stop,3000000.0000000000,Hz
RBW,20000.0000000000,Hz
XCORR Count,10000
SubSweep,6
Start,3000000.0000000000,Hz
Stop,10000000.0000000000,Hz
RBW,60000.0000000000,Hz
XCORR Count,10000
SubSweep,7
Start,10000000.0000000000,Hz
Stop,30000000.0000000000,Hz
RBW,200000.0000000000,Hz
XCORR Count,10000
SubSweep,8
Start,30000000.0000000000,Hz
Stop,100000000.0000000000,Hz
RBW,600000.0000000000,Hz
XCORR Count,10000
Integrated Measurements Range,1
Start,10000.0000000000,Hz
Stop,100000000.0000000000,Hz
Weighting,OFF
Integrated Measurements Range,2
Start,10000.0000000000,Hz
Stop,100000000.0000000000,Hz
Weighting,OFF
Integrated Measurements Range,3
Start,10000.0000000000,Hz
Stop,100000000.0000000000,Hz
Weighting,OFF
Integrated Measurements Range,4
Start,10000.0000000000,Hz
Stop,100000000.0000000000,Hz
Weighting,OFF
Integrated Measurements Range,5
Start,10000.0000000000,Hz
Stop,100000000.0000000000,Hz
Weighting,OFF
Integrated Measurements Range,6
Start,10000.0000000000,Hz
Stop,100000000.0000000000,Hz
Weighting,OFF
Integrated Measurements Range,7
Start,10000.0000000000,Hz
Stop,100000000.0000000000,Hz
Weighting,OFF
Integrated Measurements Range,8
Start,10000.0000000000,Hz
Stop,100000000.0000000000,Hz
Weighting,OFF
Integrated Measurements Range,9
Start,10000.0000000000,Hz
Stop,100000000.0000000000,Hz
Weighting,OFF
Integrated Measurements Range,10
Start,10000.0000000000,Hz
Stop,100000000.0000000000,Hz
Weighting,OFF
Spot Noise Decade Edges,OFF
Spot Noise User Defined,ON
Spot Noise User Defined Offset,1
State,OFF
Offset,1000.0000000000,Hz
Spot Noise User Defined Offset,2
State,OFF
Offset,10000.0000000000,Hz
Spot Noise User Defined Offset,3
State,ON
Offset,100000.0000000000,Hz
Spot Noise User Defined Offset,4
State,ON
Offset,1000000.0000000000,Hz
Spot Noise User Defined Offset,5
State,ON
Offset,10000000.0000000000,Hz
Spot Noise User Defined Offset,6
State,OFF
Offset,100000000.0000000000,Hz
Window,1,Noise Spectrum
Trace,1
Trace Mode,CLR/WRITE
Trace Result,PN
Smoothing,ON
Smoothing Value,1.0000000000,%
Spurious Removal,ON
Spurious Removal Threshold,6.0000000000,dB
Trace Offset,OFF
Trace Offset,0.0000000000,dB
Trace Label,OFF
Trace Label,Trace 1
x-Unit,Hz
y-Unit,dBc/Hz
Values,4001
10000.0000000000,-53.2635078430
10023.0507812500,-53.2915954590
10046.1542968750,-53.3196830750
10069.3115234375,-53.3477745056
10092.5332031250,-53.3788986206
10115.7968750000,-53.4102210999
10139.1152343750,-53.4415397644
10162.4863281250,-53.4728584290
10185.9111328125,-53.5066947937
10209.3906250000,-53.5424156189
10232.9355468750,-53.5781555176
10256.5234375000,-53.6138763428
10280.1650390625,-53.6505126953
10303.8613281250,-53.6898994446
10327.6123046875,-53.7292861938
10351.4189453125,-53.7686767578
10375.2792968750,-53.8080635071
10399.2060546875,-53.8483581543
10423.1777343750,-53.8886642456
10447.2031250000,-53.9289665222
10471.2851562500,-53.9692726135
10495.4218750000,-54.0071754456
10519.6152343750,-54.0442047119
10543.8632812500,-54.0812377930
10568.1787109375,-54.1182823181
10592.5400390625,-54.1514167786
10616.9560546875,-54.1812057495
10641.4287109375,-54.2109947205
10665.9580078125,-54.2407875061
10690.5439453125,-54.2672920227
10715.1982421875,-54.2884902954
10739.8974609375,-54.3096809387
10764.6533203125,-54.3308677673
10789.4667968750,-54.3504447937
10814.3378906250,-54.3655433655
10839.2656250000,-54.3806419373
10864.2509765625,-54.3957405090
10889.3056640625,-54.4106330872
10914.4062500000,-54.4245834351
10939.5644531250,-54.4385337830
10964.7812500000,-54.4524841309
10990.0556640625,-54.4668693542
11015.3886718750,-54.4837570190
11040.7919921875,-54.5006523132
11066.2412109375,-54.5175361633
11091.7500000000,-54.5349464417
11117.3173828125,-54.5554428101
11142.9433593750,-54.5759391785
11168.6289062500,-54.5964355469
11194.3730468750,-54.6170883179
11220.1894531250,-54.6384811401
11246.0527343750,-54.6598663330
11271.9755859375,-54.6812477112
11297.9580078125,-54.7019386292
11324.0009765625,-54.7205314636
11350.1035156250,-54.7391242981
11376.2792968750,-54.7577247620
11402.5019531250,-54.7748031616
11428.7861328125,-54.7891197205
11455.1298828125,-54.8034324646
11481.5351562500,-54.8177452087
11508.0000000000,-54.8311614990
11534.5273437500,-54.8436546326
11561.1279296875,-54.8561553955
11587.7773437500,-54.8686485291
11614.4873046875,-54.8837394714
11641.2597656250,-54.9001274109
11668.0937500000,-54.9165153503
11694.9892578125,-54.9329071045
11721.9472656250,-54.9582633972
11748.9804687500,-54.9849319458
11776.0625000000,-55.0115890503
11803.2070312500,-55.0398292542
11830.4140625000,-55.0804977417
11857.6845703125,-55.1211662292
11885.0166015625,-55.1618309021
11912.4257812500,-55.2072601318
11939.8847656250,-55.2602272034
11967.4072265625,-55.3131942749
11994.9931640625,-55.3661613464
12022.6425781250,-55.4219474792
12050.3554687500,-55.4790039063
12078.1318359375,-55.5360565186
12105.9863281250,-55.5929412842
12133.8916015625,-55.6418609619
12161.8613281250,-55.6907844543
12189.8955078125,-55.7397041321
12217.9931640625,-55.7815780640
12246.1572265625,-55.8124313354
12274.3984375000,-55.8432960510
12302.6923828125,-55.8741493225
12331.0507812500,-55.8897972107
12359.4746093750,-55.9013061523
12387.9638671875,-55.9128150940
12416.5195312500,-55.9219779968
12445.1396484375,-55.9223899841
12473.8408203125,-55.9228019714
12502.5937500000,-55.9232139587
12531.4130859375,-55.9246444702
12560.2988281250,-55.9265899658
12589.2509765625,-55.9285354614
12618.2705078125,-55.9323005676
12647.3701171875,-55.9464416504
12676.5234375000,-55.9605751038
12705.7441406250,-55.9747085571
12735.0312500000,-56.0000076294
12764.3867187500,-56.0310287476
12793.8095703125,-56.0620498657
12823.2998046875,-56.0959358215
12852.8730468750,-56.1412734985
12882.4990234375,-56.1865882874
12912.1943359375,-56.2319068909
12941.9580078125,-56.2815361023
12971.7900390625,-56.3324699402
13001.6914062500,-56.3834075928
13031.6611328125,-56.4325942993
13061.7138671875,-56.4787139893
13091.8222656250,-56.5248107910
13122.0000000000,-56.5709075928
13152.2470703125,-56.6062393188
13182.5634765625,-56.6413688660
13212.9501953125,-56.6764984131
13243.4218750000,-56.7057914734
13273.9492187500,-56.7315979004
13304.5468750000,-56.7574081421
13335.2138671875,-56.7825431824
13365.9531250000,-56.8061218262
13396.7626953125,-56.8297004700
13427.6425781250,-56.8532752991
13458.6093750000,-56.8815727234
13489.6328125000,-56.9098701477
13520.7265625000,-56.9381675720
13551.8935546875,-56.9717369080
13583.1308593750,-57.0073547363
13614.4414062500,-57.0429763794
13645.8388671875,-57.0807228088
13677.2929687500,-57.1208572388
13708.8203125000,-57.1609992981
13740.4199218750,-57.2006454468
13772.0927734375,-57.2387237549
13803.8388671875,-57.2768020630
13835.6572265625,-57.3145980835
13867.5644531250,-57.3440284729
13899.5302734375,-57.3734474182
13931.5693359375,-57.4028625488
13963.6826171875,-57.4231338501
13995.8701171875,-57.4417991638
14028.1318359375,-57.4604644775
14060.4677734375,-57.4747848511
14092.8935546875,-57.4871826172
14125.3789062500,-57.4995727539
14157.9384765625,-57.5131721497
14190.5732421875,-57.5277404785
14223.2841796875,-57.5423088074
14256.0693359375,-57.5611000061
14288.9462890625,-57.5852203369
14321.8837890625,-57.6093254089
14354.8964843750,-57.6377830505
14387.9853515625,-57.6742362976
14421.1503906250,-57.7106933594
14454.3925781250,-57.7500686646
14487.7109375000,-57.7968521118
14521.1220703125,-57.8436546326
14554.5947265625,-57.8916244507
14588.1435546875,-57.9434432983
14621.7705078125,-57.9952659607
14655.4746093750,-58.0467071533
14689.2568359375,-58.0967025757
14723.1328125000,-58.1467208862
14757.0703125000,-58.1949539185
14791.0869140625,-58.2362785339
14825.1806640625,-58.2776069641
14859.3544921875,-58.3160362244
14893.6054687500,-58.3441009521
14927.9365234375,-58.3721694946
14962.3632812500,-58.3969078064
14996.8525390625,-58.4118385315
15031.4208984375,-58.4267654419
15066.0693359375,-58.4393539429
15100.7978515625,-58.4467163086
15135.6064453125,-58.4540824890
15170.5117187500,-58.4618453979
15205.4804687500,-58.4702377319
15240.5302734375,-58.4786300659
15275.6611328125,-58.4910011292
15310.8730468750,-58.5076866150
15346.1650390625,-58.5243682861
15381.5390625000,-58.5475196838
15417.0117187500,-58.5751037598
15452.5488281250,-58.6026763916
15488.1679687500,-58.6365089417
15523.8691406250,-58.6726913452
15559.6533203125,-58.7088699341
15595.5195312500,-58.7486953735
15631.4677734375,-58.7890205383
15667.5166015625,-58.8293914795
15703.6318359375,-58.8702163696
15739.8300781250,-58.9110450745
15776.1113281250,-58.9514350891
15812.4765625000,-58.9904365540
15848.9248046875,-59.0294380188
15885.4755859375,-59.0662727356
15922.0927734375,-59.1003875732
15958.7939453125,-59.1344985962
15995.5800781250,-59.1619491577
16032.4511718750,-59.1861343384
16069.4072265625,-59.2103233337
16106.4482421875,-59.2156944275
16143.5927734375,-59.2170906067
16180.8046875000,-59.2211265564
16218.1025390625,-59.2214279175
16255.4863281250,-59.2220458984
16292.9560546875,-59.2263298035
16330.5126953125,-59.2283973694
16368.1738281250,-59.2313079834
16405.9042968750,-59.2329139709
16443.7207031250,-59.2359237671
16481.6250000000,-59.2389373779
16519.6152343750,-59.2511520386
16557.6953125000,-59.2759704590
16595.8613281250,-59.3093185425
16634.1347656250,-59.3563957214
16672.4765625000,-59.4034500122
16710.9082031250,-59.4608993530
16749.4277343750,-59.5222358704
16788.0371093750,-59.5837249756
16826.7343750000,-59.6468009949
16865.5390625000,-59.7099037170
16904.4160156250,-59.7691650391
16943.3808593750,-59.8240051270
16982.4375000000,-59.8788490295
17021.5820312500,-59.9241371155
17060.8183593750,-59.9678001404
17100.1445312500,-60.0091743469
17139.5820312500,-60.0441207886
17179.0898437500,-60.0790443420
17218.6875000000,-60.1096305847
17258.3789062500,-60.1382217407
17298.1601562500,-60.1659049988
17338.0332031250,-60.1870803833
17378.0000000000,-60.2082595825
17418.0761718750,-60.2237358093
17458.2265625000,-60.2349891663
17498.4687500000,-60.2458839417
17538.8027343750,-60.2487602234
17579.2324218750,-60.2516326904
17619.7519531250,-60.2545127869
17660.3867187500,-60.2573928833
17701.0957031250,-60.2605285645
17741.8984375000,-60.2748985291
17782.7949218750,-60.2892646790
17823.7851562500,-60.3135871887
17864.8691406250,-60.3466262817
17906.0488281250,-60.3806343079
17947.3437500000,-60.4303817749
17988.7148437500,-60.4801025391
18030.1796875000,-60.5338821411
18071.7402343750,-60.5903892517
18113.3964843750,-60.6461524963
18155.1484375000,-60.6977157593
18197.0175781250,-60.7493057251
18238.9628906250,-60.7920379639
18281.0058593750,-60.8313102722
18323.1445312500,-60.8667068481
18365.3808593750,-60.8930091858
18407.7148437500,-60.9193115234
18450.1445312500,-60.9379653931
18492.6953125000,-60.9557151794
18535.3222656250,-60.9724998474
18578.0468750000,-60.9883308411
18620.8710937500,-61.0047073364
18663.7929687500,-61.0250701904
18706.8144531250,-61.0454330444
18749.9355468750,-61.0723037720
18793.1757812500,-61.1013145447
18836.4941406250,-61.1338844299
18879.9140625000,-61.1718139648
18923.4335937500,-61.2100486755
18967.0546875000,-61.2531852722
19010.7734375000,-61.2963180542
19054.6171875000,-61.3386535645
19098.5390625000,-61.3806610107
19142.5625000000,-61.4196548462
19186.6875000000,-61.4543762207
19230.9140625000,-61.4879798889
19275.2421875000,-61.5124893188
19319.6738281250,-61.5370025635
19364.2285156250,-61.5546531677
19408.8632812500,-61.5707588196
19453.6015625000,-61.5851173401
19498.4433593750,-61.5979728699
19543.3886718750,-61.6113357544
19588.4375000000,-61.6260681152
19633.6132812500,-61.6408691406
19678.8691406250,-61.6598358154
19724.2304687500,-61.6788063049
19769.6972656250,-61.7004165649
19815.2675781250,-61.7228164673
19860.9433593750,-61.7458152771
19906.7226562500,-61.7693328857
19952.6328125000,-61.7925987244
19998.6250000000,-61.8152847290
20044.7226562500,-61.8377723694
20090.9277343750,-61.8585815430
20137.2382812500,-61.8793945313
20183.6562500000,-61.8975753784
20230.2031250000,-61.9154891968
20276.8339843750,-61.9302062988
20323.5742187500,-61.9436721802
20370.4218750000,-61.9545326233
20417.3769531250,-61.9631843567
20464.4394531250,-61.9714698792
20511.6113281250,-61.9791526794
20558.9160156250,-61.9885025024
20606.3046875000,-62.0037498474
20653.8046875000,-62.0202293396
20701.4121093750,-62.0518836975
20749.1308593750,-62.0835380554
20796.9589843750,-62.1334877014
20844.8984375000,-62.1845855713
20892.9687500000,-62.2476310730
20941.1289062500,-62.3133163452
20989.4003906250,-62.3830032349
21037.7812500000,-62.4543685913
21086.2753906250,-62.5247154236
21134.8808593750,-62.5943794250
21183.6210937500,-62.6608924866
21232.4511718750,-62.7242889404
21281.3945312500,-62.7830848694
21330.4492187500,-62.8356513977
21379.6171875000,-62.8825035095
21428.8984375000,-62.9188194275
21478.2929687500,-62.9497680664
21527.8261718750,-62.9674911499
21577.4492187500,-62.9818611145
21627.1875000000,-62.9839935303
21677.0390625000,-62.9842681885
21727.0058593750,-62.9842758179
21777.0878906250,-62.9853706360
21827.3105468750,-62.9859313965
21877.6230468750,-62.9878425598
21928.0527343750,-62.9881896973
21978.5996093750,-62.9927482605
22029.2617187500,-63.0020942688
22080.0410156250,-63.0124778748
22130.9355468750,-63.0311470032
22181.9746093750,-63.0515289307
22233.1054687500,-63.0850296021
22284.3535156250,-63.1205711365
22335.7207031250,-63.1701278687
22387.2070312500,-63.2209548950
22438.8105468750,-63.2790679932
22490.5585937500,-63.3362731934
22542.4003906250,-63.3891601563
22594.3632812500,-63.4383125305
22646.4433593750,-63.4740715027
22698.6464843750,-63.5044403076
22750.9667968750,-63.5199546814
22803.4101562500,-63.5294036865
22855.9980468750,-63.5297050476
22908.6835937500,-63.5308647156
22961.4902343750,-63.5319175720
23014.4179687500,-63.5321235657
23067.4667968750,-63.5332641602
23120.6386718750,-63.5430259705
23173.9335937500,-63.5579643250
23227.3769531250,-63.5792121887
23280.9179687500,-63.6040496826
23334.5820312500,-63.6307792664
23388.3710937500,-63.6581954956
23442.2812500000,-63.6809043884
23496.3183593750,-63.7027435303
23550.5039062500,-63.7166748047
23604.7910156250,-63.7300071716
23659.2011718750,-63.7405281067
23713.7363281250,-63.7523689270
23768.3984375000,-63.7690315247
23823.1875000000,-63.7900810242
23878.1015625000,-63.8190879822
23933.1679687500,-63.8536338806
23988.3359375000,-63.8936080933
24043.6308593750,-63.9360733032
24099.0527343750,-63.9798278809
24154.6035156250,-64.0218353271
24210.2812500000,-64.0634765625
24266.1132812500,-64.1042709351
24322.0488281250,-64.1460189819
24378.1132812500,-64.1923904419
24434.3066406250,-64.2419815063
24490.6289062500,-64.2973175049
24547.0820312500,-64.3544082642
24603.6640625000,-64.4129028320
24660.4042968750,-64.4559707642
24717.2480468750,-64.4571075439
24774.2226562500,-64.4615249634
24831.3300781250,-64.4643249512
24888.5683593750,-64.4785308838
24945.9375000000,-64.4874038696
25003.4394531250,-64.4978256226
25061.1015625000,-64.5134201050
25118.8691406250,-64.5184860229
25176.7714843750,-64.5271987915
25234.8046875000,-64.5361404419
25292.9726562500,-64.5434799194
25351.2753906250,-64.5527954102
25409.7402343750,-64.5653381348
25468.3105468750,-64.5690994263
25527.0175781250,-64.5752944946
25585.8593750000,-64.5777359009
25644.8359375000,-64.5806884766
25703.9492187500,-64.5969543457
25763.1972656250,-64.6776351929
25822.6132812500,-64.7716903687
25882.1347656250,-64.8675384521
25941.7949218750,-64.9635391235
26001.5937500000,-65.0437088013
26061.5292968750,-65.1164932251
26121.6015625000,-65.1743469238
26181.8437500000,-65.2216491699
26242.1953125000,-65.2629318237
26302.6835937500,-65.2962875366
26363.3144531250,-65.3279571533
26424.0839843750,-65.3562011719
26484.9921875000,-65.3703765869
26546.0429687500,-65.3703765869
26607.2617187500,-65.3703765869
26668.5937500000,-65.3731613159
26730.0664062500,-65.3812103271
26791.6816406250,-65.3855361938
26853.4375000000,-65.3977127075
26915.3378906250,-65.4028625488
26977.4082031250,-65.4040374756
27039.5937500000,-65.4185180664
27101.9218750000,-65.4212036133
27164.3945312500,-65.4316329956
27227.0097656250,-65.4367065430
27289.7695312500,-65.4399337769
27352.6738281250,-65.4412994385
27415.7539062500,-65.4488677979
27478.9492187500,-65.4497833252
27542.2910156250,-65.4570312500
27605.7773437500,-65.4591979980
27669.4101562500,-65.4640731812
27733.1914062500,-65.4683837891
27797.1171875000,-65.4709548950
27861.2226562500,-65.4741439819
27925.4453125000,-65.4756011963
27989.8144531250,-65.4781112671
28054.3339843750,-65.4785690308
28119.0000000000,-65.4939117432
28183.8164062500,-65.5547103882
28248.8144531250,-65.6236038208
28313.9296875000,-65.6927185059
28379.1953125000,-65.7620620728
28444.6113281250,-65.8254165649
28510.1777343750,-65.8839416504
28575.8964843750,-65.9358978271
28641.7656250000,-65.9765167236
28707.8183593750,-66.0123901367
28773.9921875000,-66.0419387817
28840.3183593750,-66.0716323853
28906.7968750000,-66.1041717529
28973.4296875000,-66.1450195313
29040.2148437500,-66.1987380981
29107.1855468750,-66.2607345581
29174.2812500000,-66.3358383179
29241.5292968750,-66.4164352417
29308.9335937500,-66.4987640381
29376.4921875000,-66.5776519775
29444.2070312500,-66.6143341064
29512.0781250000,-66.6174392700
29580.1386718750,-66.6322937012
29648.3222656250,-66.6387939453
29716.6640625000,-66.6463623047
29785.1621093750,-66.6719970703
29853.8203125000,-66.6727523804
29922.6347656250,-66.7064590454
29991.6406250000,-66.7117538452
30060.7734375000,-66.7223358154
30130.0664062500,-66.7462234497
30199.5175781250,-66.7490386963
30269.1308593750,-66.7682037354
30338.9023437500,-66.7755355835
30408.8359375000,-66.7774353027
30478.9648437500,-66.7797546387
30549.2207031250,-66.7840118408
30619.6386718750,-66.7963256836
30690.2187500000,-66.8032226563
30760.9628906250,-66.8058547974
30831.8691406250,-66.8066329956
30902.9375000000,-66.8071899414
30974.2050781250,-66.8266754150
31045.6035156250,-66.8730545044
31117.1660156250,-66.9146804810
31188.8925781250,-66.9545669556
31260.7851562500,-66.9979858398
31332.8437500000,-67.0471725464
31405.1035156250,-67.1019210815
31477.4941406250,-67.1597442627
31550.0507812500,-67.2163619995
31622.7773437500,-67.2444686890
31695.6699218750,-67.2463378906
31768.7304687500,-67.2622833252
31841.9589843750,-67.2644729614
31915.3925781250,-67.2661895752
31988.9589843750,-67.2845153809
32062.6972656250,-67.3010406494
32136.6035156250,-67.3055419922
32210.6796875000,-67.3056488037
32284.9277343750,-67.3180770874
32359.3828125000,-67.3185195923
32433.9726562500,-67.3660583496
32508.7363281250,-67.4411926270
32583.6718750000,-67.5245361328
32658.7792968750,-67.6086502075
32734.0585937500,-67.6866226196
32809.5156250000,-67.7536544800
32885.1796875000,-67.8082885742
32960.9804687500,-67.8566970825
33036.9570312500,-67.9073638916
33113.1093750000,-67.9669952393
33189.4375000000,-68.0213012695
33265.9414062500,-68.0345458984
33342.6250000000,-68.0360183716
33419.5156250000,-68.0379257202
33496.5507812500,-68.0687179565
33573.7617187500,-68.0790023804
33651.1523437500,-68.1137313843
33728.7226562500,-68.1160507202
33806.4687500000,-68.1419448853
33884.4335937500,-68.1609420776
33962.5390625000,-68.1907653809
34040.8242187500,-68.2065277100
34119.2890625000,-68.2090530396
34197.9375000000,-68.2474822998
34276.7656250000,-68.2521820068
34355.7773437500,-68.2584609985
34435.0078125000,-68.2723846436
34514.3828125000,-68.3024902344
34593.9414062500,-68.3607330322
34673.6835937500,-68.4254150391
34753.6054687500,-68.4898986816
34833.7187500000,-68.4898986816
34914.0507812500,-68.4898986816
34994.5273437500,-68.4898986816
35075.1953125000,-68.5405654907
35156.0429687500,-68.5457000732
35237.0820312500,-68.5477752686
35318.3046875000,-68.5883331299
35399.7148437500,-68.6092758179
35481.3554687500,-68.6178436279
35563.1406250000,-68.6311874390
35645.1171875000,-68.6375503540
35727.2812500000,-68.6518249512
35809.6367187500,-68.6649703979
35892.1796875000,-68.6812362671
35974.9531250000,-68.7050018311
36057.8789062500,-68.7100372314
36140.9921875000,-68.7373886108
36224.3007812500,-68.7399902344
36307.8007812500,-68.7873535156
36391.4921875000,-68.8145370483
36475.3789062500,-68.8398513794
36559.4960937500,-68.8440856934
36643.7695312500,-68.9022674561
36728.2343750000,-68.9120254517
36812.8945312500,-68.9204559326
36897.7539062500,-68.9502716064
36982.8046875000,-68.9668807983
37068.0507812500,-68.9753036499
37153.5390625000,-68.9968338013
37239.1796875000,-69.0692367554
37325.0195312500,-69.1341476440
37411.0546875000,-69.1979827881
37497.2890625000,-69.2649993896
37583.7226562500,-69.3350219727
37670.3984375000,-69.4039001465
37757.2304687500,-69.4664001465
37844.2656250000,-69.5194473267
37931.5000000000,-69.5633773804
38018.9335937500,-69.6172485352
38106.5703125000,-69.6650619507
38194.4062500000,-69.6961898804
38282.4921875000,-69.7294311523
38370.7343750000,-69.7653503418
38459.1796875000,-69.7813415527
38547.8320312500,-69.7867889404
38636.6875000000,-69.8005294800
38725.7500000000,-69.8012847900
38815.0585937500,-69.8076934814
38904.5273437500,-69.8273849487
38994.2070312500,-69.8292083740
39084.0898437500,-69.8378448486
39174.1835937500,-69.8480148315
39264.4804687500,-69.9140701294
39354.9882812500,-69.9856262207
39445.7460937500,-70.0470657349
39536.6718750000,-70.0586776733
39627.8085937500,-70.0652694702
39719.1523437500,-70.0767059326
39810.7070312500,-70.0850296021
39902.4765625000,-70.0862350464
39994.4960937500,-70.0866775513
40086.6875000000,-70.0893936157
40179.0898437500,-70.0926513672
40271.7070312500,-70.0998458862
40364.5351562500,-70.1032791138
40457.5781250000,-70.1037673950
40550.8359375000,-70.1098098755
40644.3515625000,-70.1514968872
40738.0390625000,-70.2422561646
40831.9453125000,-70.2853317261
40926.0664062500,-70.3001098633
41020.4023437500,-70.3003768921
41114.9570312500,-70.3045730591
41209.7304687500,-70.3053512573
41304.7656250000,-70.3116760254
41399.9765625000,-70.3337020874
41495.4062500000,-70.3814849854
41591.0585937500,-70.4399261475
41686.9257812500,-70.4852676392
41783.0195312500,-70.5351333618
41879.3789062500,-70.5889434814
41975.9140625000,-70.6456985474
42072.6679687500,-70.7038574219
42169.6484375000,-70.7882461548
42266.8554687500,-70.8583755493
42364.2812500000,-70.8594284058
42461.9335937500,-70.8645095825
42559.8593750000,-70.8653640747
42657.9648437500,-70.8654861450
42756.2929687500,-70.8789672852
42854.8476562500,-70.8889083862
42953.6328125000,-70.9014434814
43052.6445312500,-70.9071884155
43151.9296875000,-70.9216918945
43251.3984375000,-70.9421615601
43351.0976562500,-70.9434738159
43451.0234375000,-70.9671707153
43551.1796875000,-70.9678344727
43651.5703125000,-70.9753570557
43752.1914062500,-70.9790191650
43853.0898437500,-71.0223693848
43954.1757812500,-71.1016616821
44055.4921875000,-71.1646423340
44157.0429687500,-71.1953277588
44258.8281250000,-71.2237167358
44360.8476562500,-71.2565002441
44463.1015625000,-71.3232879639
44565.6406250000,-71.4024887085
44668.3671875000,-71.4509811401
44771.3320312500,-71.4858779907
44874.5351562500,-71.4871292114
44977.9726562500,-71.4872283936
45081.6484375000,-71.5048904419
45185.6171875000,-71.5214309692
45289.7734375000,-71.5221023560
45394.1679687500,-71.5603713989
45498.8046875000,-71.5639266968
45603.6835937500,-71.6133499146
45708.8046875000,-71.6175537109
45814.1640625000,-71.6929244995
45919.8203125000,-71.6938400269
46025.6679687500,-71.7110519409
46131.7617187500,-71.7650604248
46238.0976562500,-71.7757110596
46344.6796875000,-71.7947921753
46451.5078125000,-71.8068313599
46558.6328125000,-71.8230590820
46665.9531250000,-71.8477630615
46773.5234375000,-71.8705215454
46881.3398437500,-71.8762435913
46989.4023437500,-71.8803100586
47097.7187500000,-71.9048309326
47206.2812500000,-71.9684219360
47315.1484375000,-72.0401077271
47424.2109375000,-72.1660614014
47533.5273437500,-72.1895904541
47643.0976562500,-72.1950073242
47752.9179687500,-72.2522964478
47862.9921875000,-72.2595672607
47973.3710937500,-72.2729492188
48083.9531250000,-72.3059234619
48194.7890625000,-72.3073577881
48305.8828125000,-72.3882141113
48417.2304687500,-72.4831771851
48528.8359375000,-72.5538864136
48640.6992187500,-72.5538864136
48752.8710937500,-72.5538864136
48865.2500000000,-72.5759353638
48977.8867187500,-72.5826873779
49090.7851562500,-72.5859527588
49203.9453125000,-72.5931167603
49317.3632812500,-72.5933837891
49431.0429687500,-72.6160125732
49545.0390625000,-72.6426162720
49659.2421875000,-72.6502456665
49773.7109375000,-72.6506500244
49888.4453125000,-72.6539001465
50003.4414062500,-72.6597366333
50118.7031250000,-72.6683273315
50234.2851562500,-72.6801452637
50350.0781250000,-72.6852416992
50466.1367187500,-72.6866073608
50582.4648437500,-72.6879882813
50699.0625000000,-72.6895294189
50815.9257812500,-72.6901550293
50933.0625000000,-72.6941375732
51050.5234375000,-72.7105636597
51168.1953125000,-72.7154998779
51286.1445312500,-72.7200622559
51404.3593750000,-72.8125839233
51522.8515625000,-72.9392395020
51641.6171875000,-73.0177841187
51760.7109375000,-73.1232299805
51880.0234375000,-73.1288833618
51999.6093750000,-73.1541137695
52119.4726562500,-73.1720123291
52239.6093750000,-73.2325363159
52360.0273437500,-73.2404022217
52480.7187500000,-73.3051910400
52601.7500000000,-73.3076324463
52723.0000000000,-73.3169403076
52844.5312500000,-73.3368148804
52966.3398437500,-73.4557189941
53088.4335937500,-73.5321807861
53210.8046875000,-73.5343627930
53333.5195312500,-73.5436935425
53456.4570312500,-73.5703353882
53579.6757812500,-73.5715942383
53703.1835937500,-73.5794143677
53826.9726562500,-73.6475982666
53951.0468750000,-73.6672134399
54075.4062500000,-73.6781997681
54200.1132812500,-73.7041015625
54325.0507812500,-73.7436370850
54450.2734375000,-73.7555007935
54575.7851562500,-73.7779312134
54701.5859375000,-73.8250503540
54827.6757812500,-73.8482589722
54954.0585937500,-73.8561172485
55080.7929687500,-73.8692855835
55207.7578125000,-73.9207153320
55335.0156250000,-73.9724502563
55462.5664062500,-73.9883880615
55590.4101562500,-74.0025939941
55718.5507812500,-74.0052413940
55847.0468750000,-74.0056152344
55975.7773437500,-74.0166854858
56104.8085937500,-74.0549316406
56234.1328125000,-74.1225433350
56363.7578125000,-74.1742858887
56493.6796875000,-74.1757354736
56623.9023437500,-74.1818161011
56754.4843750000,-74.1853332520
56885.3085937500,-74.1903762817
57016.4335937500,-74.2194213867
57147.8593750000,-74.2644195557
57279.5898437500,-74.3172912598
57411.6210937500,-74.3884887695
57544.0234375000,-74.4277496338
57676.6679687500,-74.4336700439
57809.6171875000,-74.4367523193
57942.8710937500,-74.4388427734
58076.4335937500,-74.4691162109
58210.3046875000,-74.5400009155
58344.4843750000,-74.6426315308
58479.0351562500,-74.6984100342
58613.8320312500,-74.7442932129
58748.9414062500,-74.8109970093
58884.3632812500,-74.9143142700
59020.0937500000,-75.0153198242
59156.1406250000,-75.0202560425
59292.5000000000,-75.0328140259
59429.2382812500,-75.0334320068
59566.2265625000,-75.0462722778
59703.5312500000,-75.0490951538
59841.1523437500,-75.0506820679
59979.0898437500,-75.0526733398
60117.3476562500,-75.0584487915
60255.9882812500,-75.0677566528
60394.8828125000,-75.0799713135
60534.0976562500,-75.0815963745
60673.6328125000,-75.0858078003
60813.4882812500,-75.0869140625
60953.6679687500,-75.0949096680
61094.1718750000,-75.1000747681
61235.0625000000,-75.1017608643
61376.2148437500,-75.1032180786
61517.6914062500,-75.1933364868
61659.4960937500,-75.3245849609
61801.6250000000,-75.3937377930
61944.0820312500,-75.4460754395
62086.9335937500,-75.5273208618
62230.0507812500,-75.6025924683
62373.4960937500,-75.6367416382
62517.2695312500,-75.6590957642
62661.3750000000,-75.6691436768
62805.8164062500,-75.6720199585
62950.5859375000,-75.6982955933
63095.7617187500,-75.7593231201
63241.2031250000,-75.7676544189
63386.9765625000,-75.7866058350
63533.0898437500,-75.7928543091
63679.5390625000,-75.7951507568
63826.3242187500,-75.7971038818
63973.5195312500,-75.8605117798
64120.9804687500,-75.8846054077
64268.7851562500,-75.8973770142
64416.9296875000,-75.9002685547
64565.4140625000,-75.9029541016
64714.2421875000,-75.9481887817
64863.4140625000,-75.9485168457
65013.0000000000,-76.0094680786
65162.8593750000,-76.0143203735
65313.0625000000,-76.0156250000
65463.6132812500,-76.0688858032
65614.5156250000,-76.0742645264
65765.7578125000,-76.0918655396
65917.3515625000,-76.1480636597
66069.3671875000,-76.2049331665
66221.6640625000,-76.2279586792
66374.3125000000,-76.2292709351
66527.3125000000,-76.2368316650
66680.6562500000,-76.2906875610
66834.3593750000,-76.3067169189
66988.4921875000,-76.3112945557
67142.9062500000,-76.3460159302
67297.6796875000,-76.3710708618
67452.8046875000,-76.3731384277
67608.2890625000,-76.3964843750
67764.1250000000,-76.4203872681
67920.3281250000,-76.4332656860
68076.9609375000,-76.4411468506
68233.8906250000,-76.4506759644
68391.1718750000,-76.5244750977
68548.8203125000,-76.5826034546
68706.8281250000,-76.5870285034
68865.2031250000,-76.6271362305
69024.0156250000,-76.6382522583
69183.1250000000,-76.6501541138
69342.5937500000,-76.6713104248
69502.4296875000,-76.6991271973
69662.6406250000,-76.6992416382
69823.2187500000,-76.7188491821
69984.1640625000,-76.7597045898
70145.5625000000,-76.7753448486
70307.2500000000,-76.7934341431
70469.3125000000,-76.9609603882
70631.7500000000,-77.0598144531
70794.5625000000,-77.0668334961
70957.7500000000,-77.0699996948
71121.3906250000,-77.0737838745
71285.3281250000,-77.1169738770
71449.6484375000,-77.2099838257
71614.3437500000,-77.2178344727
71779.4218750000,-77.2365036011
71944.8750000000,-77.2495117188
72110.7187500000,-77.2760086060
72277.0156250000,-77.2823181152
72443.6171875000,-77.2914581299
72610.6093750000,-77.2955398560
72777.9765625000,-77.3102874756
72945.7343750000,-77.3114166260
73113.8828125000,-77.3144226074
73282.4140625000,-77.3183212280
73451.4140625000,-77.3382797241
73620.7265625000,-77.3400726318
73790.4296875000,-77.3507385254
73960.5234375000,-77.3647384644
74131.0078125000,-77.3957290649
74301.8828125000,-77.4665298462
74473.2343750000,-77.5930786133
74644.8984375000,-77.6716995239
74816.9609375000,-77.6954345703
74989.4218750000,-77.7482452393
75162.2734375000,-77.7651977539
75335.5312500000,-77.8324432373
75509.1875000000,-77.8410797119
75683.3203125000,-77.8503189087
75857.7812500000,-77.8517227173
76032.6328125000,-77.8582916260
76207.8984375000,-77.8611831665
76383.5625000000,-77.8941955566
76559.6328125000,-77.9329452515
76736.1875000000,-77.9477920532
76913.0703125000,-77.9501266479
77090.3593750000,-77.9528503418
77268.0625000000,-77.9733810425
77446.1718750000,-78.0239791870
77624.6875000000,-78.0782165527
77803.6171875000,-78.1095504761
77983.0468750000,-78.2084197998
78162.8046875000,-78.2333526611
78342.9765625000,-78.2371215820
78523.5625000000,-78.3227920532
78704.5625000000,-78.3252487183
78885.9843750000,-78.3298187256
79067.8203125000,-78.3608245850
79250.1640625000,-78.3798828125
79432.8437500000,-78.3819961548
79615.9375000000,-78.4257125854
79799.4609375000,-78.4418487549
79983.4062500000,-78.4965362549
80167.7734375000,-78.5429458618
80352.6484375000,-78.5765838623
80537.8671875000,-78.6214370728
80723.5156250000,-78.6845016479
80909.5859375000,-78.6873321533
81096.0937500000,-78.7205810547
81283.0234375000,-78.7214126587
81470.3828125000,-78.7278671265
81658.2734375000,-78.7338485718
81846.5000000000,-78.7382812500
82035.1640625000,-78.7580184937
82224.2578125000,-78.8412246704
82413.7890625000,-78.8671798706
82603.7578125000,-78.8969879150
82794.2578125000,-78.9370803833
82985.1015625000,-79.0398559570
83176.3906250000,-79.0848770142
83368.1171875000,-79.1382904053
83560.2890625000,-79.1623840332
83752.8984375000,-79.1860122681
83945.9609375000,-79.1988601685
84139.5546875000,-79.2045135498
84333.5000000000,-79.2757568359
84527.8906250000,-79.2852172852
84722.7343750000,-79.3054809570
84918.0312500000,-79.3118362427
85113.7734375000,-79.3278274536
85310.0546875000,-79.3772888184
85506.7031250000,-79.4135284424
85703.8046875000,-79.4248504639
85901.3515625000,-79.4277114868
86099.3671875000,-79.4568023682
86297.8281250000,-79.4897232056
86496.7500000000,-79.5283279419
86696.2265625000,-79.5467834473
86896.0703125000,-79.5547027588
87096.3671875000,-79.5548629761
87297.1328125000,-79.5686264038
87498.3593750000,-79.5698242188
87700.0468750000,-79.5812301636
87902.2031250000,-79.6141891479
88104.9218750000,-79.6185913086
88308.0078125000,-79.6227874756
88511.5703125000,-79.6273193359
88715.5937500000,-79.6493759155
88920.0859375000,-79.6502838135
89125.0546875000,-79.6515731812
89330.5937500000,-79.6584777832
89536.5078125000,-79.7594909668
89742.8906250000,-79.8539581299
89949.7578125000,-79.9011001587
90157.1015625000,-79.9056854248
90364.9140625000,-79.9273681641
90573.2109375000,-79.9597015381
90782.0937500000,-79.9622726440
90991.3515625000,-79.9647827148
91201.0937500000,-79.9681015015
91411.3203125000,-79.9701309204
91622.0234375000,-79.9920730591
91833.2187500000,-79.9952316284
92045.0078125000,-80.0013961792
92257.1718750000,-80.0020141602
92469.8359375000,-80.0591049194
92682.9843750000,-80.0828552246
92896.6250000000,-80.1333007813
93110.7578125000,-80.1478881836
93325.3828125000,-80.1759185791
93540.6093750000,-80.3808670044
93756.2265625000,-80.3893127441
93972.3437500000,-80.4436340332
94188.9531250000,-80.4675216675
94406.0703125000,-80.5018692017
94623.6796875000,-80.5104141235
94841.8984375000,-80.5188293457
95060.5156250000,-80.5291442871
95279.6328125000,-80.5317611694
95499.2656250000,-80.5619430542
95719.3984375000,-80.5859603882
95940.0390625000,-80.6091766357
96161.1875000000,-80.6172027588
96382.9453125000,-80.6185379028
96605.1171875000,-80.6380920410
96827.7968750000,-80.6455688477
97050.9921875000,-80.6660614014
97274.7031250000,-80.6909713745
97498.9296875000,-80.7249526978
97723.6718750000,-80.7889862061
97949.0390625000,-80.9061050415
98174.8203125000,-81.0480880737
98401.1171875000,-81.0544738770
98627.9375000000,-81.0712966919
98855.2812500000,-81.1093978882
99083.1484375000,-81.1410369873
99311.6562500000,-81.1437225342
99540.5781250000,-81.1468429565
99770.0234375000,-81.1505966187
100000.0000000000,-81.1523971558
100230.5078125000,-81.1629867554
100461.5468750000,-81.1642990112
100693.1171875000,-81.1766510010
100925.3359375000,-81.1866455078
101157.9687500000,-81.1902618408
101391.1484375000,-81.1923980713
101624.8593750000,-81.1956481934
101859.1171875000,-81.2282867432
102093.9062500000,-81.2754669189
102329.3515625000,-81.3022232056
102565.2265625000,-81.3294906616
102801.6484375000,-81.3432464600
103038.6171875000,-81.3876647949
103276.1250000000,-81.4474182129
103514.1875000000,-81.5064773560
103752.7890625000,-81.5626525879
103992.0625000000,-81.6137924194
104231.7734375000,-81.6580123901
104472.0312500000,-81.6937713623
104712.8515625000,-81.7204666138
104954.2187500000,-81.7388916016
105196.1484375000,-81.7513504028
105438.6328125000,-81.7612915039
105681.7890625000,-81.7726135254
105925.3984375000,-81.7889175415
106169.5625000000,-81.8129119873
106414.2890625000,-81.8460922241
106659.5859375000,-81.8885498047
106905.4375000000,-81.9390792847
107151.9843750000,-81.9953613281
107398.9765625000,-82.0541152954
107646.5390625000,-82.1115722656
107894.6718750000,-82.1638107300
108143.3750000000,-82.2074508667
108392.6562500000,-82.2405929565
108642.5078125000,-82.2637557983
108893.0546875000,-82.2801284790
109144.0625000000,-82.2945709229
109395.6484375000,-82.3116302490
109647.8125000000,-82.3333282471
109900.5546875000,-82.3581390381
110153.8828125000,-82.3820190430
110407.9218750000,-82.4010543823
110662.4140625000,-82.4129257202
110917.5000000000,-82.4240264893
111173.1718750000,-82.4395217896
111429.4375000000,-82.4670639038
111686.2890625000,-82.5111083984
111943.7343750000,-82.5705490112
112201.8984375000,-82.6386184692
112460.5312500000,-82.6718978882
112719.7578125000,-82.6719284058
112979.5859375000,-82.6945495605
113240.0078125000,-82.7051849365
113501.0390625000,-82.7159729004
113762.7890625000,-82.7259521484
114025.0234375000,-82.7592849731
114287.8593750000,-82.7601013184
114551.2968750000,-82.7740020752
114815.3437500000,-82.7883682251
115080.0078125000,-82.7963790894
115345.2734375000,-82.8075561523
115611.2812500000,-82.8116302490
115877.7734375000,-82.8467330933
116144.8750000000,-82.9254684448
116412.6015625000,-83.0015945435
116680.9375000000,-83.0688095093
116949.8984375000,-83.1242141724
117219.4765625000,-83.1679534912
117489.8046875000,-83.2019500732
117760.6250000000,-83.2284851074
118032.0703125000,-83.2493743896
118304.1406250000,-83.2656555176
118576.8437500000,-83.2778167725
118850.1718750000,-83.2863769531
119124.2578125000,-83.2926330566
119398.8515625000,-83.3055267334
119674.0703125000,-83.3345718384
119949.9296875000,-83.3729858398
120226.4218750000,-83.4279174805
120503.5546875000,-83.4953231812
120781.3203125000,-83.5662078857
121059.8671875000,-83.6290969849
121338.9140625000,-83.6648178101
121618.6093750000,-83.6686096191
121898.9531250000,-83.6740570068
122179.9375000000,-83.6781387329
122461.5703125000,-83.6875457764
122743.9843750000,-83.6964569092
123026.9218750000,-83.6984558105
123310.5078125000,-83.7042617798
123594.7421875000,-83.7429733276
123879.6406250000,-83.7940139771
124165.1953125000,-83.8564910889
124451.3984375000,-83.9277725220
124738.4062500000,-84.0376510620
125025.9375000000,-84.0658187866
125314.1328125000,-84.0762252808
125602.9921875000,-84.0777435303
125892.5156250000,-84.0965118408
126182.7031250000,-84.1146316528
126473.7031250000,-84.1216354370
126765.2343750000,-84.1304016113
127057.4375000000,-84.1460876465
127350.3125000000,-84.1469955444
127643.8671875000,-84.1673583984
127938.0937500000,-84.1694869995
128233.0000000000,-84.1711425781
128528.7265625000,-84.1803894043
128824.9921875000,-84.1945037842
129121.9453125000,-84.2114334106
129419.5781250000,-84.2198715210
129717.8984375000,-84.2299194336
130016.9140625000,-84.2457351685
130316.6093750000,-84.2901000977
130617.1406250000,-84.3575897217
130918.2265625000,-84.4126968384
131220.0000000000,-84.4670028687
131522.4687500000,-84.5127487183
131825.6406250000,-84.5421295166
132129.5000000000,-84.5442199707
132434.2187500000,-84.5459747314
132739.4843750000,-84.5486297607
133045.4687500000,-84.5545120239
133352.1406250000,-84.5604324341
133659.5312500000,-84.5897521973
133967.6250000000,-84.6675262451
134276.4218750000,-84.7412872314
134586.0937500000,-84.8242416382
134896.3281250000,-84.9431686401
135207.2656250000,-85.0342636108
135518.9375000000,-85.0676879883
135831.3125000000,-85.0810470581
136144.4062500000,-85.0820159912
136458.3906250000,-85.0836944580
136772.9375000000,-85.0880584717
137088.2031250000,-85.1019592285
137404.2031250000,-85.1200332642
137720.9218750000,-85.1469039917
138038.3906250000,-85.1692504883
138356.5781250000,-85.1822280884
138675.6406250000,-85.1963500977
138995.2968750000,-85.2240066528
139315.7031250000,-85.2591629028
139636.8281250000,-85.2862243652
139958.7031250000,-85.3141021729
140281.3125000000,-85.3531570435
140604.6718750000,-85.3809127808
140928.9375000000,-85.3846054077
141253.7812500000,-85.3853912354
141579.3906250000,-85.4003753662
141905.7343750000,-85.4050216675
142232.8437500000,-85.4139099121
142560.7031250000,-85.4177932739
142889.4687500000,-85.4239807129
143218.8281250000,-85.4334564209
143548.9687500000,-85.4475784302
143879.8593750000,-85.4482803345
144211.5156250000,-85.4487075806
144543.9218750000,-85.4748458862
144877.1093750000,-85.4856338501
145211.2187500000,-85.4980697632
145545.9375000000,-85.5027084351
145881.4375000000,-85.5387725830
146217.7031250000,-85.6330871582
146554.7500000000,-85.6862792969
146892.5625000000,-85.7420120239
147231.3281250000,-85.7757568359
147570.7031250000,-85.7870712280
147910.8593750000,-85.7932357788
148251.8125000000,-85.7935028076
148593.5468750000,-85.7941513062
148936.0625000000,-85.8059844971
149279.3750000000,-85.8372802734
149623.6250000000,-85.9020385742
149968.5312500000,-85.9950180054
150314.2187500000,-86.0711822510
150660.7031250000,-86.1662979126
151007.9843750000,-86.1697311401
151356.0625000000,-86.1891708374
151705.1250000000,-86.1981964111
152054.8125000000,-86.2148056030
152405.3125000000,-86.2823486328
152756.6093750000,-86.2885894775
153108.7187500000,-86.2930755615
153461.6562500000,-86.3420181274
153815.3906250000,-86.3435592651
154170.1093750000,-86.3698196411
154525.4843750000,-86.3755569458
154881.6875000000,-86.4003524780
155238.7031250000,-86.5024490356
155596.5312500000,-86.5806350708
155955.1875000000,-86.6176147461
156314.6875000000,-86.6637268066
156675.1718750000,-86.7114639282
157036.3125000000,-86.7669448853
157398.2968750000,-86.8246307373
157761.1093750000,-86.8742294312
158124.7656250000,-86.9125671387
158489.2500000000,-86.9289398193
158854.7500000000,-86.9329376221
159220.9218750000,-86.9413986206
159587.9375000000,-86.9461746216
159955.7968750000,-86.9671401978
160324.5156250000,-86.9771347046
160694.0625000000,-86.9969024658
161064.4843750000,-87.0114669800
161435.9218750000,-87.0126419067
161808.0468750000,-87.0402984619
162181.0312500000,-87.0536117554
162554.8593750000,-87.0572814941
162929.5625000000,-87.0678939819
163305.1250000000,-87.0804595947
163681.7343750000,-87.1026000977
164059.0312500000,-87.1425476074
164437.2031250000,-87.1839599609
164816.2343750000,-87.2216644287
165196.1562500000,-87.2462081909
165576.9375000000,-87.2560729980
165958.6093750000,-87.2575836182
166341.3437500000,-87.2707977295
166724.7656250000,-87.3153076172
167109.0781250000,-87.3711090088
167494.2812500000,-87.3774642944
167880.3593750000,-87.3783493042
168267.3437500000,-87.4159851074
168655.3906250000,-87.4295959473
169044.1562500000,-87.4412231445
169433.8125000000,-87.4450988770
169824.3750000000,-87.5412673950
170215.8281250000,-87.6449966431
170608.1875000000,-87.7241973877
171001.4531250000,-87.7689285278
171395.8125000000,-87.8041534424
171790.8906250000,-87.8504562378
172186.8750000000,-87.9062805176
172583.7812500000,-87.9155883789
172981.6093750000,-87.9307174683
173380.3437500000,-87.9406433105
173779.9843750000,-87.9492416382
174180.7500000000,-87.9620590210
174582.2500000000,-87.9867477417
174984.6875000000,-88.0629043579
175388.0312500000,-88.1450195313
175792.3125000000,-88.2464370728
176197.5312500000,-88.2605133057
176603.8750000000,-88.2646179199
177010.9531250000,-88.2948226929
177418.9843750000,-88.3045654297
177827.9375000000,-88.3153686523
178237.8437500000,-88.3347320557
178648.7031250000,-88.3840255737
179060.5000000000,-88.3935317993
179473.4375000000,-88.3966522217
179887.1406250000,-88.4450073242
180301.7968750000,-88.4561233521
180717.4062500000,-88.4817428589
181133.9687500000,-88.4885711670
181551.5000000000,-88.5082473755
181970.1875000000,-88.5184249878
182389.6406250000,-88.5236434937
182810.0625000000,-88.5398254395
183231.4531250000,-88.5559082031
183653.8125000000,-88.6067733765
184077.1406250000,-88.6705474854
184501.4531250000,-88.7536392212
184926.9531250000,-88.8100967407
185353.2187500000,-88.8238449097
185780.4687500000,-88.8318710327
186208.7031250000,-88.8528900146
186637.9375000000,-88.8591232300
187068.1406250000,-88.8640518188
187499.3437500000,-88.8950881958
187931.7500000000,-88.9010696411
188364.9531250000,-88.9035263062
188799.1406250000,-88.9393997192
189234.3437500000,-88.9465637207
189670.5312500000,-88.9570693970
190107.7500000000,-88.9646148682
190546.1562500000,-88.9951629639
190985.3906250000,-89.0066757202
191425.6250000000,-89.0127944946
191866.8750000000,-89.0545654297
192309.1406250000,-89.0678558350
192752.4218750000,-89.1132202148
193196.7343750000,-89.1167678833
193642.2812500000,-89.1329193115
194088.6406250000,-89.1636657715
194536.0312500000,-89.2145385742
194984.4375000000,-89.2611923218
195433.8906250000,-89.2705307007
195884.3906250000,-89.2760925293
196336.1250000000,-89.2853317261
196788.7031250000,-89.3053894043
197242.3125000000,-89.3135070801
197696.9687500000,-89.3849411011
198152.6718750000,-89.4640426636
198609.4218750000,-89.5083999634
199067.2343750000,-89.5256881714
199526.3125000000,-89.5283966064
199986.2343750000,-89.5429153442
200447.2187500000,-89.5848693848
200909.2656250000,-89.6234741211
201372.3750000000,-89.6574554443
201836.5625000000,-89.6989669800
202302.0312500000,-89.7507019043
202768.3437500000,-89.8136672974
203235.7343750000,-89.8629608154
203704.2187500000,-89.8722000122
204173.7656250000,-89.8756713867
204644.4062500000,-89.8782653809
205116.1250000000,-89.8906784058
205589.1562500000,-89.9345932007
206063.0468750000,-90.0014648438
206538.0468750000,-90.0601654053
207014.1250000000,-90.0633010864
207491.3125000000,-90.0858001709
207969.5937500000,-90.0873107910
208448.9843750000,-90.0933380127
208929.7031250000,-90.1257400513
209411.2968750000,-90.1434707642
209894.0000000000,-90.1471633911
210377.8281250000,-90.1687545776
210862.7500000000,-90.1769256592
211348.8125000000,-90.1943283081
211836.2187500000,-90.2041244507
212324.5156250000,-90.2161560059
212813.9375000000,-90.2208328247
213304.4843750000,-90.2488174438
213796.1718750000,-90.3631210327
214288.9843750000,-90.4477844238
214782.9375000000,-90.4569396973
215278.2656250000,-90.4663085938
215774.5000000000,-90.4776687622
216271.8750000000,-90.5006256104
216770.3906250000,-90.5289459229
217270.0625000000,-90.6517791748
217770.8906250000,-90.7852096558
218273.1093750000,-90.8703460693
218776.2343750000,-90.8887252808
219280.5312500000,-90.8910598755
219785.9843750000,-90.8982543945
220292.6093750000,-90.9393692017
220800.4062500000,-90.9433670044
221309.3593750000,-90.9450454712
221819.7343750000,-90.9588241577
222331.0468750000,-90.9605636597
222843.5468750000,-90.9608535767
223357.2031250000,-90.9704360962
223872.0625000000,-90.9740066528
224388.1093750000,-90.9989013672
224905.5781250000,-91.0078735352
225424.0000000000,-91.0125732422
225943.6250000000,-91.0358963013
226464.4375000000,-91.0456466675
226986.4531250000,-91.0542297363
227509.6718750000,-91.0604934692
228034.1093750000,-91.1014099121
228559.9843750000,-91.1517868042
229086.8281250000,-91.2357864380
229614.8906250000,-91.3349075317
230144.1718750000,-91.3431472778
230674.6718750000,-91.3491210938
231206.3906250000,-91.3806533813
231739.3437500000,-91.3841476440
232273.7812500000,-91.3978576660
232809.1875000000,-91.4487915039
233345.8281250000,-91.4669418335
233883.7031250000,-91.4750061035
234422.8125000000,-91.4985733032
234963.1875000000,-91.5418319702
235505.0468750000,-91.5513992310
236047.9062500000,-91.5683593750
236592.0156250000,-91.6436691284
237137.3750000000,-91.7113723755
237683.9843750000,-91.7276763916
238231.8750000000,-91.7497482300
238781.0156250000,-91.7672653198
239331.6718750000,-91.7884521484
239883.3593750000,-91.8388061523
240436.2968750000,-91.8464508057
240990.5312500000,-91.8703994751
241546.0312500000,-91.9139938354
242102.8125000000,-91.9352416992
242661.1406250000,-91.9427108765
243220.4843750000,-91.9574584961
243781.1250000000,-91.9650878906
244343.0625000000,-91.9722213745
244906.2968750000,-92.0128860474
245470.8125000000,-92.1747436523
246036.6406250000,-92.3136291504
246604.0468750000,-92.3351516724
247172.4843750000,-92.3381576538
247742.2343750000,-92.3396759033
248313.2968750000,-92.3545379639
248885.6718750000,-92.3659667969
249459.3750000000,-92.4019317627
250034.4062500000,-92.4254074097
250611.0156250000,-92.4356002808
251188.7031250000,-92.4561767578
251767.7031250000,-92.4892654419
252348.0468750000,-92.5068969727
252929.7343750000,-92.5176544189
253512.7500000000,-92.6146926880
254097.3906250000,-92.7115478516
254683.1093750000,-92.7201690674
255270.1718750000,-92.7335357666
255858.5781250000,-92.7564926147
256448.3593750000,-92.7736206055
257039.4843750000,-92.8234329224
257631.9843750000,-92.8240585327
258226.1250000000,-92.8341445923
258821.3593750000,-92.8582458496
259417.9531250000,-92.8974533081
260015.9375000000,-92.8988723755
260615.2812500000,-92.9029235840
261216.0312500000,-92.9044876099
261818.4375000000,-92.9213333130
262421.9375000000,-92.9278488159
263026.8437500000,-92.9507293701
263633.1562500000,-92.9725341797
264240.8437500000,-93.0375442505
264849.9375000000,-93.1688461304
265460.4375000000,-93.1863861084
266072.6250000000,-93.1935424805
266685.9375000000,-93.1969757080
267300.6562500000,-93.2025222778
267916.8125000000,-93.2645187378
268534.3750000000,-93.2674026489
269153.3750000000,-93.2821044922
269774.0937500000,-93.2911224365
270395.9375000000,-93.3110809326
271019.2187500000,-93.3147048950
271643.9375000000,-93.3283996582
272270.0937500000,-93.3346939087
272897.6875000000,-93.3391342163
273526.7500000000,-93.3464889526
274157.5312500000,-93.4007720947
274789.5000000000,-93.4084396362
275422.9062500000,-93.4420318604
276057.7812500000,-93.5589752197
276694.0937500000,-93.6729965210
277331.9062500000,-93.6736373901
277971.1875000000,-93.6824417114
278612.2187500000,-93.7060546875
279254.4375000000,-93.7818450928
279898.1562500000,-93.8715515137
280543.3437500000,-93.8856735229
281190.0000000000,-93.8880081177
281838.1562500000,-93.9044799805
282488.1250000000,-93.9336318970
283139.2812500000,-93.9458084106
283791.9375000000,-93.9711914063
284446.0937500000,-94.0058975220
285101.7812500000,-94.0181808472
285758.9687500000,-94.0346450806
286417.6562500000,-94.0452499390
287078.1875000000,-94.0950469971
287739.9062500000,-94.1170043945
288403.1875000000,-94.1642684937
289067.9687500000,-94.1685409546
289734.2812500000,-94.1698989868
290402.1562500000,-94.1811676025
291071.8750000000,-94.1822509766
291742.8125000000,-94.2198562622
292415.2812500000,-94.2416229248
293089.3437500000,-94.2539215088
293764.9062500000,-94.2585144043
294442.0625000000,-94.4065322876
295120.7812500000,-94.4215698242
295801.3750000000,-94.4629211426
296483.2187500000,-94.4749603271
297166.6250000000,-94.5034713745
297851.6250000000,-94.5101470947
298538.1875000000,-94.5263595581
299226.3437500000,-94.5283889771
299916.4062500000,-94.5334396362
300607.7500000000,-94.8195877075
301300.6562500000,-94.8393173218
301995.1875000000,-94.8565979004
302691.3125000000,-94.8747253418
303389.0312500000,-94.8953399658
304088.3750000000,-94.9183883667
304789.6562500000,-94.9426116943
305492.2187500000,-94.9664077759
306196.3750000000,-94.9889602661
306902.1875000000,-95.0107116699
307609.6250000000,-95.0333633423
308318.6875000000,-95.0591812134
309029.3750000000,-95.0899200439
309742.0625000000,-95.1258850098
310456.0312500000,-95.1648864746
311171.6562500000,-95.2025604248
311888.9375000000,-95.2343597412
312607.8437500000,-95.2569351196
313328.4375000000,-95.2696075439
314051.0312500000,-95.2749710083
314774.9375000000,-95.2783889771
315500.5000000000,-95.2863464355
316227.7812500000,-95.3044509888
316956.6875000000,-95.3356933594
317687.3125000000,-95.3795928955
318419.5937500000,-95.4324340820
319153.9375000000,-95.4885101318
319889.5937500000,-95.5417861938
320626.9687500000,-95.5879058838
321366.0312500000,-95.6251754761
322106.8125000000,-95.6546707153
322849.2812500000,-95.6792526245
323593.8125000000,-95.7020874023
324339.7187500000,-95.7252883911
325087.3750000000,-95.7493896484
325836.7187500000,-95.7734298706
326587.7812500000,-95.7854156494
327340.5937500000,-95.7900238037
328095.1250000000,-95.7929992676
328851.7812500000,-95.7956390381
329609.8125000000,-95.8065185547
330369.5937500000,-95.8111877441
331131.0937500000,-95.8140029907
331894.3750000000,-95.8204574585
332659.4375000000,-95.8266754150
333426.2187500000,-95.8299026489
334195.1562500000,-95.8322067261
334965.5000000000,-95.8505935669
335737.6250000000,-95.9067916870
336511.5312500000,-95.9752807617
337287.2187500000,-96.0491867065
338064.6875000000,-96.1203231812
338844.3125000000,-96.1808090210
339625.3750000000,-96.2249145508
340408.2500000000,-96.2286987305
341192.9062500000,-96.2310867310
341979.3750000000,-96.2346496582
342767.6562500000,-96.2442550659
343557.7812500000,-96.2451629639
344350.0625000000,-96.2504272461
345143.8125000000,-96.2552490234
345939.4062500000,-96.2590103149
346736.8125000000,-96.2689895630
347536.0625000000,-96.3250274658
348337.1562500000,-96.3901138306
349140.5000000000,-96.4312667847
349945.2812500000,-96.4664382935
350751.9375000000,-96.4955596924
351560.4375000000,-96.5215225220
352370.8125000000,-96.5489349365
353183.0625000000,-96.5823059082
353997.1562500000,-96.6244888306
354813.5312500000,-96.6758499146
355631.4062500000,-96.7341613770
356451.1562500000,-96.7953186035
357272.8125000000,-96.8548278809
358096.3437500000,-96.9095077515
358921.7812500000,-96.9587326050
359749.5312500000,-97.0177230835
360578.7812500000,-97.0259933472
361409.9375000000,-97.0292816162
362243.0000000000,-97.0483779907
363078.0000000000,-97.0604171753
363914.9375000000,-97.0897674561
364753.7812500000,-97.0999984741
365594.9687500000,-97.1154403687
366437.6875000000,-97.1257247925
367282.3437500000,-97.1344223022
368128.9687500000,-97.1488037109
368977.5312500000,-97.1523818970
369828.0312500000,-97.1680603027
370680.5312500000,-97.2148056030
371535.3750000000,-97.2514266968
372391.7812500000,-97.2793197632
373250.1875000000,-97.3037261963
374110.5625000000,-97.3306579590
374972.9062500000,-97.3851242065
375837.2500000000,-97.4515838623
376703.9687500000,-97.4532394409
377572.3125000000,-97.4540100098
378442.6562500000,-97.4630432129
379314.9687500000,-97.4646911621
380189.3437500000,-97.4797515869
381065.6875000000,-97.4854812622
381944.0625000000,-97.5036773682
382824.9062500000,-97.5042190552
383707.3437500000,-97.5164337158
384591.8125000000,-97.5335464478
385478.3125000000,-97.5507507324
386366.8750000000,-97.5570297241
387257.5000000000,-97.5791320801
388150.5625000000,-97.5869674683
389045.2812500000,-97.6054916382
389942.0625000000,-97.6071701050
390840.9062500000,-97.6086196899
391741.8125000000,-97.6878738403
392644.8125000000,-97.7752227783
393549.8750000000,-97.8343048096
394457.4687500000,-97.8924942017
395366.7187500000,-97.9480590820
396278.0937500000,-98.0219116211
397191.5312500000,-98.0844955444
398107.0937500000,-98.1187896729
399024.7500000000,-98.1463546753
399944.9687500000,-98.1473693848
400866.8750000000,-98.1497344971
401790.9062500000,-98.1607742310
402717.0625000000,-98.1611785889
403645.3437500000,-98.1687164307
404575.7812500000,-98.1736145020
405508.3437500000,-98.1811828613
406443.5312500000,-98.1869354248
407380.4062500000,-98.1873703003
408319.4375000000,-98.1877365112
409260.6562500000,-98.1996536255
410204.0312500000,-98.2007064819
411149.5625000000,-98.2025375366
412097.3125000000,-98.2083206177
413047.6562500000,-98.2489471436
413999.7812500000,-98.3228912354
414954.0625000000,-98.3863601685
415910.5625000000,-98.4576416016
416869.2812500000,-98.5696868896
417830.1875000000,-98.6725311279
418793.7812500000,-98.7092514038
419759.1250000000,-98.7125549316
420726.6875000000,-98.7245559692
421696.5000000000,-98.7289962769
422668.5312500000,-98.7313537598
423642.8125000000,-98.7584991455
424619.3437500000,-98.7596588135
425598.5937500000,-98.7738647461
426579.6250000000,-98.7815246582
427562.9375000000,-98.7826385498
428548.5000000000,-98.7827072144
429536.3125000000,-98.7827682495
430526.4375000000,-98.7843551636
431519.3125000000,-98.7849121094
432514.0000000000,-98.8533325195
433510.9687500000,-98.9022369385
434510.2500000000,-98.9754409790
435511.8125000000,-99.0491256714
436515.6875000000,-99.0985412598
437521.9062500000,-99.1675415039
438530.9062500000,-99.2227935791
439541.7500000000,-99.2458724976
440554.9062500000,-99.2635726929
441570.4375000000,-99.2781829834
442588.2812500000,-99.2974166870
443608.4687500000,-99.3545303345
444631.0312500000,-99.4397354126
445656.4062500000,-99.5072937012
446683.6875000000,-99.5453033447
447713.3125000000,-99.5493621826
448745.3437500000,-99.5557098389
449779.7187500000,-99.5601425171
450816.5000000000,-99.5605316162
451856.1562500000,-99.5630950928
452897.7187500000,-99.5758209229
453941.6875000000,-99.5880661011
454988.0625000000,-99.6001358032
456036.8437500000,-99.6036758423
457088.0312500000,-99.6301040649
458141.6562500000,-99.6517333984
459198.1875000000,-99.6642379761
460256.6875000000,-99.6658554077
461317.6250000000,-99.6797103882
462380.9687500000,-99.7240219116
463446.8125000000,-99.7897644043
464515.0937500000,-99.8469543457
465586.3437500000,-99.8816223145
466659.5312500000,-99.9315643311
467735.2187500000,-99.9785690308
468813.3750000000,-99.9967193604
469894.0312500000,-100.0040664673
470977.1875000000,-100.0202102661
472062.8125000000,-100.0262145996
473151.4687500000,-100.0345611572
474242.1250000000,-100.0583114624
475335.2812500000,-100.0738220215
476430.9687500000,-100.0792694092
477529.1562500000,-100.0890884399
478629.9062500000,-100.1016845703
479733.7187500000,-100.1055450439
480839.5312500000,-100.1202697754
481947.9062500000,-100.1690979004
483058.8125000000,-100.1898727417
484172.3125000000,-100.1907043457
485288.3437500000,-100.1940765381
486406.9687500000,-100.1956939697
487528.7187500000,-100.1987609863
488652.5000000000,-100.2071914673
489778.8750000000,-100.2479248047
490907.8437500000,-100.3304290771
492039.4375000000,-100.4456863403
493173.6250000000,-100.5810470581
494310.4375000000,-100.7088470459
495450.3750000000,-100.7585067749
496592.4375000000,-100.7640075684
497737.1250000000,-100.7675170898
498884.4375000000,-100.7825317383
500034.4062500000,-100.7856521606
501187.0000000000,-100.7996749878
502342.8437500000,-100.8114852905
503500.7812500000,-100.8128204346
504661.3750000000,-100.8378677368
505824.6562500000,-100.8436660767
506990.6250000000,-100.8516464233
508159.2812500000,-100.8553085327
509330.6250000000,-100.8598632813
510505.2187500000,-100.8625946045
511681.9687500000,-100.8669738770
512861.4375000000,-100.8824844360
514043.6250000000,-100.9231491089
515228.5312500000,-101.0065307617
516416.1562500000,-101.0759658813
517607.0937500000,-101.1310119629
518800.2187500000,-101.1669387817
519996.0937500000,-101.1786422729
521194.7187500000,-101.1828231812
522396.1250000000,-101.1844940186
523600.2812500000,-101.1964569092
524807.1875000000,-101.1977615356
526017.5000000000,-101.2002029419
527230.0000000000,-101.2038345337
528445.3125000000,-101.2598724365
529663.4375000000,-101.3715744019
530884.3125000000,-101.4567565918
532108.0625000000,-101.4981689453
533335.1875000000,-101.5064315796
534564.5625000000,-101.5172653198
535796.7500000000,-101.5493621826
537031.8125000000,-101.5505065918
538269.6875000000,-101.5594558716
539510.4375000000,-101.5697174072
540754.0625000000,-101.5906906128
542001.1250000000,-101.5938110352
543250.5000000000,-101.6273422241
544502.7500000000,-101.6507873535
545757.8750000000,-101.6707611084
547015.8750000000,-101.6879348755
548276.7500000000,-101.7103500366
549540.5625000000,-101.7127838135
550807.9375000000,-101.7334213257
552077.5625000000,-101.7542037964
553350.1250000000,-101.7546310425
554625.6875000000,-101.7687377930
555904.1250000000,-101.7960891724
557185.5000000000,-101.8110046387
558470.5000000000,-101.8257751465
559757.8125000000,-101.8263473511
561048.0625000000,-101.9465789795
562341.3125000000,-102.0638504028
563637.5625000000,-102.1606216431
564936.8125000000,-102.1724014282
566239.0000000000,-102.1869125366
567544.8750000000,-102.2109069824
568853.0625000000,-102.2424545288
570164.3125000000,-102.2446289063
571478.6250000000,-102.2795410156
572795.8750000000,-102.2845687866
574116.2500000000,-102.2887496948
575440.2500000000,-102.2948608398
576766.6875000000,-102.3041534424
578096.1875000000,-102.3050384521
579428.6875000000,-102.3059844971
580764.3125000000,-102.3357696533
582103.0625000000,-102.3431167603
583444.8125000000,-102.3897323608
584790.3750000000,-102.3913421631
586138.3125000000,-102.3932189941
587489.4375000000,-102.4219589233
588843.6250000000,-102.4560775757
590200.9375000000,-102.5288391113
591561.4375000000,-102.5350646973
592925.0000000000,-102.5492553711
594292.3750000000,-102.5514450073
595662.2500000000,-102.5677337646
597035.3125000000,-102.5683822632
598411.5000000000,-102.6118698120
599790.9375000000,-102.6894683838
601173.4375000000,-102.7479705811
602559.8750000000,-102.8072814941
603948.8125000000,-102.8866195679
605340.9375000000,-102.9544906616
606736.3125000000,-102.9553909302
608134.8750000000,-102.9798965454
609536.6875000000,-102.9842071533
610941.6875000000,-103.0095214844
612350.6250000000,-103.0282974243
613762.1250000000,-103.0445632935
615176.9375000000,-103.0583953857
616594.9375000000,-103.0710678101
618016.2500000000,-103.0840225220
619440.8125000000,-103.0866012573
620869.3750000000,-103.0875778198
622300.5000000000,-103.0895156860
623734.9375000000,-103.1191177368
625172.6875000000,-103.1765289307
626613.7500000000,-103.1845321655
628058.1250000000,-103.1995697021
629505.8750000000,-103.2779846191
630957.6250000000,-103.2795257568
632412.0000000000,-103.2898178101
633869.7500000000,-103.2918624878
635330.8750000000,-103.2960205078
636795.3750000000,-103.2987442017
638263.2500000000,-103.3033447266
639735.1875000000,-103.3163146973
641209.8125000000,-103.3169021606
642687.8750000000,-103.3176651001
644169.3125000000,-103.3366317749
645654.1250000000,-103.3414230347
647142.4375000000,-103.3459472656
648634.1250000000,-103.4290084839
650130.0000000000,-103.5609817505
651628.5625000000,-103.6537246704
653130.6250000000,-103.6934814453
654636.1250000000,-103.7089538574
656145.1250000000,-103.7367782593
657657.6250000000,-103.7743148804
659173.5625000000,-103.8149490356
660693.6875000000,-103.8245697021
662216.6250000000,-103.8307495117
663743.1250000000,-103.8415756226
665273.0625000000,-103.8568878174
666806.5625000000,-103.9137344360
668343.6250000000,-103.9212417603
669884.9375000000,-103.9263610840
671429.0625000000,-103.9513931274
672976.7500000000,-104.0166473389
674528.0000000000,-104.0883941650
676082.8750000000,-104.1513519287
677641.2500000000,-104.1819534302
679203.3125000000,-104.1916046143
680769.6250000000,-104.1942977905
682338.8750000000,-104.1977081299
683911.6875000000,-104.2461090088
685488.1875000000,-104.2818603516
687068.2500000000,-104.2888107300
688652.0000000000,-104.2942047119
690240.1875000000,-104.2994689941
691831.1875000000,-104.3084335327
693425.9375000000,-104.3157577515
695024.3125000000,-104.3359909058
696626.4375000000,-104.3645095825
698232.1875000000,-104.3965225220
699841.6875000000,-104.4624404907
701455.6250000000,-104.5567932129
703072.5000000000,-104.5957031250
704693.1250000000,-104.6265106201
706317.5000000000,-104.6420745850
707945.6250000000,-104.6456375122
709577.5000000000,-104.7008056641
711213.8750000000,-104.7011642456
712853.3125000000,-104.7210845947
714496.5000000000,-104.7240219116
716143.4375000000,-104.7248382568
717794.1875000000,-104.7263031006
719448.7500000000,-104.8470077515
721107.1250000000,-104.8552398682
722770.1250000000,-104.8882598877
724436.1875000000,-104.9044342041
726106.0625000000,-104.9271545410
727779.8125000000,-104.9828796387
729457.3750000000,-104.9950103760
731138.8125000000,-105.0006713867
732824.1250000000,-105.0295639038
734514.1875000000,-105.0430984497
736207.2500000000,-105.1307678223
737904.3125000000,-105.1433639526
739605.1875000000,-105.1534576416
741310.0625000000,-105.1619338989
743018.8125000000,-105.1696853638
744732.3750000000,-105.1787796021
746449.0000000000,-105.1840362549
748169.6250000000,-105.2494201660
749894.1875000000,-105.2508621216
751622.7500000000,-105.2597732544
753355.3125000000,-105.2940521240
755091.8750000000,-105.2974472046
756833.2500000000,-105.2976989746
758577.7500000000,-105.3019561768
760326.3750000000,-105.3483581543
762078.9375000000,-105.4253463745
763835.6250000000,-105.4862213135
765596.3125000000,-105.4873352051
767361.8750000000,-105.5012588501
769130.6875000000,-105.5102539063
770903.6250000000,-105.5173492432
772680.6250000000,-105.5192565918
774461.6875000000,-105.5329360962
776246.8750000000,-105.5528564453
778036.1875000000,-105.5596313477
779830.4375000000,-105.5748138428
781628.0000000000,-105.6013031006
783429.7500000000,-105.6016464233
785235.6250000000,-105.6232757568
787045.6250000000,-105.6408462524
788859.8125000000,-105.6863937378
790678.1875000000,-105.7657699585
792501.6250000000,-105.7677993774
794328.4375000000,-105.8026809692
796159.3750000000,-105.8369369507
797994.6250000000,-105.8428192139
799834.0000000000,-105.8830108643
801677.6875000000,-105.8998794556
803526.5000000000,-105.9932556152
805378.6875000000,-106.0076599121
807235.1250000000,-106.0161361694
809095.8750000000,-106.0528411865
810960.9375000000,-106.0845108032
812830.2500000000,-106.0906524658
814703.8750000000,-106.1357727051
816582.6875000000,-106.1879653931
818465.0000000000,-106.1921005249
820351.6250000000,-106.2187576294
822242.5625000000,-106.2428436279
824137.8750000000,-106.2557067871
826037.6250000000,-106.2730178833
827942.5625000000,-106.3469161987
829851.0625000000,-106.3604660034
831763.9375000000,-106.3902664185
833681.1875000000,-106.3908233643
835602.8750000000,-106.4515151978
837529.0000000000,-106.5518035889
839459.5625000000,-106.5750961304
841395.5000000000,-106.5840911865
843335.0000000000,-106.5925521851
845278.9375000000,-106.6265792847
847227.3750000000,-106.6268539429
849180.2500000000,-106.6328659058
851137.6875000000,-106.6767654419
853100.5625000000,-106.6799316406
855067.0000000000,-106.7058334351
857038.0000000000,-106.7252655029
859013.5625000000,-106.7453308105
860993.6250000000,-106.7690048218
862978.3125000000,-106.8000717163
864967.5000000000,-106.8694839478
866962.2500000000,-106.8775711060
868960.6875000000,-106.8810424805
870963.6875000000,-106.8816833496
872971.3125000000,-106.8880233765
874983.6250000000,-106.9086303711
877000.5000000000,-106.9735107422
879022.0625000000,-106.9998703003
881049.2500000000,-107.0245742798
883080.1250000000,-107.1527481079
885115.6875000000,-107.1719512939
887155.9375000000,-107.1826171875
889200.8750000000,-107.1851119995
891250.5625000000,-107.2045822144
893305.9375000000,-107.2296218872
895365.0625000000,-107.2724075317
897428.9375000000,-107.3236541748
899497.5625000000,-107.3330841064
901571.0000000000,-107.3414077759
903649.1875000000,-107.3764724731
905732.1250000000,-107.3965148926
907820.9375000000,-107.4218063354
909913.5000000000,-107.4303359985
912010.9375000000,-107.4406890869
914113.1875000000,-107.4853515625
916220.2500000000,-107.5099639893
918332.1875000000,-107.5150527954
920450.0625000000,-107.5237579346
922571.7500000000,-107.5284957886
924698.3750000000,-107.5307617188
926829.8125000000,-107.5799865723
928966.2500000000,-107.5986175537
931107.5625000000,-107.5990447998
933253.8750000000,-107.6262435913
935406.0625000000,-107.6383285522
937562.2500000000,-107.6515960693
939723.4375000000,-107.6760559082
941889.5625000000,-107.7388610840
944060.6875000000,-107.7472457886
946236.8125000000,-107.7742462158
948419.0000000000,-107.8114471436
950605.1250000000,-107.8934402466
952796.3750000000,-108.0135345459
954992.6250000000,-108.0146255493
957193.9375000000,-108.0354766846
959400.3750000000,-108.0558547974
961611.8125000000,-108.0700988770
963829.5000000000,-108.1344909668
966051.1875000000,-108.1557617188
968278.0000000000,-108.1604003906
970509.9375000000,-108.1812210083
972747.0625000000,-108.1821212769
974989.3125000000,-108.2169952393
977236.6875000000,-108.2229995728
979490.3750000000,-108.2473526001
981748.1875000000,-108.2474441528
984011.1875000000,-108.3282394409
986279.3750000000,-108.3519744873
988552.8125000000,-108.3548507690
990831.5000000000,-108.3743286133
993116.5625000000,-108.4160690308
995405.7500000000,-108.4258956909
997700.2500000000,-108.5340347290
1000000.0000000000,-108.6039199829
1002305.0625000000,-108.6075134277
1004615.4375000000,-108.6123428345
1006931.1875000000,-108.6157989502
1009253.3125000000,-108.6226654053
1011579.7500000000,-108.6314239502
1013911.5000000000,-108.6389846802
1016248.6250000000,-108.6483917236
1018591.1250000000,-108.6499099731
1020939.0625000000,-108.6582794189
1023293.5625000000,-108.6635284424
1025652.3125000000,-108.6685867310
1028016.5000000000,-108.6824569702
1030386.1250000000,-108.7173614502
1032761.2500000000,-108.7495193481
1035141.8750000000,-108.7770843506
1037527.9375000000,-108.7985534668
1039920.6250000000,-108.8134918213
1042317.7500000000,-108.8264312744
1044720.3750000000,-108.8395538330
1047128.5000000000,-108.8548812866
1049542.2500000000,-108.8749771118
1051961.5000000000,-108.9004135132
1054386.3750000000,-108.9286346436
1056817.8750000000,-108.9579849243
1059254.0000000000,-108.9868011475
1061695.6250000000,-109.0133895874
1064142.8750000000,-109.0382995605
1066595.8750000000,-109.0631713867
1069054.3750000000,-109.0888366699
1071519.8750000000,-109.1156158447
1073989.7500000000,-109.1426620483
1076465.3750000000,-109.1667404175
1078946.7500000000,-109.1861572266
1081433.7500000000,-109.2004394531
1083926.5000000000,-109.2100906372
1086425.0000000000,-109.2167510986
1088930.5000000000,-109.2241210938
1091440.6250000000,-109.2352294922
1093956.5000000000,-109.2518310547
1096478.1250000000,-109.2755508423
1099005.5000000000,-109.3079147339
1101538.8750000000,-109.3512191772
1104079.1250000000,-109.4070587158
1106624.1250000000,-109.4705886841
1109175.0000000000,-109.5370941162
1111731.7500000000,-109.6011276245
1114294.3750000000,-109.6576461792
1116862.8750000000,-109.7030029297
1119437.3750000000,-109.7379837036
1122019.0000000000,-109.7700805664
1124605.2500000000,-109.8032684326
1127197.6250000000,-109.8390808105
1129795.8750000000,-109.8509445190
1132400.1250000000,-109.8580093384
1135010.3750000000,-109.8623046875
1137627.8750000000,-109.8762359619
1140250.2500000000,-109.8843231201
1142878.6250000000,-109.8880920410
1145513.0000000000,-109.9075775146
1148153.5000000000,-109.9108734131
1150800.0000000000,-109.9278869629
1153452.7500000000,-109.9364242554
1156112.7500000000,-109.9407272339
1158777.7500000000,-109.9429550171
1161448.7500000000,-109.9492187500
1164126.0000000000,-109.9507598877
1166809.3750000000,-110.0104675293
1169499.0000000000,-110.0885925293
1172194.7500000000,-110.1662063599
1174898.0000000000,-110.2378158569
1177606.2500000000,-110.3038177490
1180320.7500000000,-110.3697967529
1183041.3750000000,-110.4385528564
1185768.3750000000,-110.4823913574
1188501.7500000000,-110.4843521118
1191242.6250000000,-110.5005340576
1193988.5000000000,-110.5073928833
1196740.7500000000,-110.5091247559
1199499.2500000000,-110.5349273682
1202264.2500000000,-110.5480880737
1205035.5000000000,-110.5768585205
1207813.2500000000,-110.5811691284
1210598.6250000000,-110.5984039307
1213389.1250000000,-110.6346206665
1216186.1250000000,-110.6362152100
1218989.5000000000,-110.6472244263
1221799.3750000000,-110.6746902466
1224615.7500000000,-110.6813583374
1227439.8750000000,-110.6910934448
1230269.2500000000,-110.6986770630
1233105.0000000000,-110.7675323486
1235947.5000000000,-110.8398056030
1238796.3750000000,-110.9090652466
1241651.8750000000,-110.9689636230
1244514.0000000000,-111.0163497925
1247384.1250000000,-111.0521392822
1250259.3750000000,-111.0802078247
1253141.3750000000,-111.1056747437
1256029.8750000000,-111.1333160400
1258925.1250000000,-111.1667633057
1261827.0000000000,-111.2079391479
1264737.0000000000,-111.2564468384
1267652.3750000000,-111.3090820313
1270574.3750000000,-111.3254241943
1273503.1250000000,-111.3288116455
1276438.6250000000,-111.3471984863
1279380.8750000000,-111.3600540161
1282330.0000000000,-111.3639144897
1285287.2500000000,-111.3814392090
1288250.0000000000,-111.4018554688
1291219.5000000000,-111.4134445190
1294195.7500000000,-111.4270782471
1297179.0000000000,-111.4284896851
1300169.1250000000,-111.4308700562
1303166.1250000000,-111.5113906860
1306171.3750000000,-111.5955886841
1309182.2500000000,-111.6636810303
1312200.0000000000,-111.7051467896
1315224.7500000000,-111.7117996216
1318256.3750000000,-111.7165985107
1321295.1250000000,-111.7175369263
1324342.2500000000,-111.7200317383
1327394.8750000000,-111.7413635254
1330454.6250000000,-111.7850341797
1333521.3750000000,-111.8395996094
1336595.2500000000,-111.8463211060
1339676.2500000000,-111.8479919434
1342764.2500000000,-111.8630905151
1345860.8750000000,-111.8685455322
1348963.2500000000,-111.8919525146
1352072.7500000000,-111.8932418823
1355189.3750000000,-111.9020080566
1358313.1250000000,-111.9240875244
1361444.1250000000,-111.9363403320
1364583.8750000000,-111.9395675659
1367729.3750000000,-111.9521560669
1370882.0000000000,-111.9650726318
1374042.0000000000,-111.9721908569
1377209.2500000000,-111.9749526978
1380383.8750000000,-111.9807128906
1383565.7500000000,-111.9833602905
1386756.5000000000,-111.9862060547
1389953.0000000000,-112.0076904297
1393157.0000000000,-112.0605926514
1396368.2500000000,-112.1213531494
1399587.0000000000,-112.1612930298
1402813.1250000000,-112.1938095093
1406046.7500000000,-112.2157211304
1409289.3750000000,-112.2250671387
1412537.8750000000,-112.2271575928
1415793.8750000000,-112.2277450562
1419057.3750000000,-112.2299728394
1422328.3750000000,-112.2301330566
1425607.0000000000,-112.2513122559
1428894.6250000000,-112.2946395874
1432188.3750000000,-112.3583526611
1435489.6250000000,-112.4333877563
1438798.5000000000,-112.5360107422
1442115.1250000000,-112.6026153564
1445439.2500000000,-112.6051177979
1448771.1250000000,-112.6110687256
1452112.2500000000,-112.6125183105
1455459.5000000000,-112.6161804199
1458814.3750000000,-112.6440429688
1462177.0000000000,-112.7070770264
1465547.5000000000,-112.7899169922
1468925.6250000000,-112.8730926514
1472313.2500000000,-112.9089889526
1475707.0000000000,-112.9125213623
1479108.6250000000,-112.9225234985
1482518.1250000000,-112.9307861328
1485935.3750000000,-112.9496383667
1489360.6250000000,-112.9534530640
1492793.6250000000,-112.9552383423
1496236.3750000000,-112.9729309082
1499685.2500000000,-112.9834823608
1503142.1250000000,-113.0317230225
1506607.0000000000,-113.0701065063
1510079.7500000000,-113.0906066895
1513560.6250000000,-113.1115417480
1517051.1250000000,-113.1362838745
1520548.1250000000,-113.1660232544
1524053.0000000000,-113.1987762451
1527566.1250000000,-113.2423629761
1531087.2500000000,-113.2696533203
1534616.5000000000,-113.2754592896
1538153.8750000000,-113.2775497437
1541701.1250000000,-113.2852172852
1545254.8750000000,-113.3085937500
1548816.8750000000,-113.3868560791
1552387.0000000000,-113.4961242676
1555965.3750000000,-113.5611267090
1559551.8750000000,-113.5652618408
1563146.7500000000,-113.5669174194
1566751.7500000000,-113.5785522461
1570363.1250000000,-113.6006546021
1573983.0000000000,-113.6145858765
1577611.1250000000,-113.6177673340
1581247.6250000000,-113.6370239258
1584892.5000000000,-113.6407928467
1588547.5000000000,-113.6472167969
1592209.2500000000,-113.6562194824
1595879.3750000000,-113.6785583496
1599558.0000000000,-113.6799926758
1603245.1250000000,-113.6931610107
1606940.7500000000,-113.7082214355
1610644.8750000000,-113.7250671387
1614359.2500000000,-113.7270050049
1618080.5000000000,-113.7449035645
1621810.2500000000,-113.8240280151
1625548.6250000000,-113.8846282959
1629295.6250000000,-113.9088287354
1633051.2500000000,-113.9241790771
1636817.3750000000,-113.9353179932
1640590.3750000000,-113.9537811279
1644372.0000000000,-113.9801864624
1648162.3750000000,-114.0044479370
1651961.5000000000,-114.0324859619
1655769.5000000000,-114.0721588135
1659586.1250000000,-114.0776062012
1663413.3750000000,-114.0867156982
1667247.6250000000,-114.0911788940
1671090.7500000000,-114.0954208374
1674942.7500000000,-114.0957107544
1678803.6250000000,-114.1196060181
1682673.3750000000,-114.1776657104
1686554.0000000000,-114.2316131592
1690441.6250000000,-114.2580108643
1694338.1250000000,-114.2822647095
1698243.7500000000,-114.3358612061
1702158.2500000000,-114.4045104980
1706081.8750000000,-114.4143676758
1710014.5000000000,-114.4187316895
1713958.1250000000,-114.4253158569
1717908.8750000000,-114.4665985107
1721868.8750000000,-114.4722137451
1725837.8750000000,-114.4881744385
1729816.0000000000,-114.5200347900
1733803.3750000000,-114.5217437744
1737799.8750000000,-114.5489273071
1741807.6250000000,-114.5507965088
1745822.6250000000,-114.5588912964
1749846.7500000000,-114.5719909668
1753880.3750000000,-114.5731582642
1757923.1250000000,-114.5758819580
1761975.2500000000,-114.6428527832
1766038.7500000000,-114.7227859497
1770109.5000000000,-114.7591781616
1774189.7500000000,-114.7817687988
1778279.3750000000,-114.7818145752
1782378.5000000000,-114.7822952271
1786487.0000000000,-114.8138046265
1790605.0000000000,-114.8809280396
1794734.3750000000,-114.9330902100
1798871.3750000000,-114.9849624634
1803017.8750000000,-115.0007476807
1807174.0000000000,-115.0017166138
1811339.6250000000,-115.0105209351
1815514.8750000000,-115.0380554199
1819701.8750000000,-115.0593261719
1823896.3750000000,-115.0766906738
1828100.6250000000,-115.0818634033
1832314.5000000000,-115.0940246582
1836538.1250000000,-115.1215209961
1840771.3750000000,-115.1475753784
1845014.5000000000,-115.1940536499
1849269.5000000000,-115.2479782104
1853532.1250000000,-115.2927398682
1857804.6250000000,-115.2991714478
1862087.0000000000,-115.3025512695
1866379.2500000000,-115.3245697021
1870681.3750000000,-115.3276672363
1874993.5000000000,-115.3303680420
1879317.5000000000,-115.4005432129
1883649.5000000000,-115.4482727051
1887991.5000000000,-115.4861755371
1892343.3750000000,-115.4916763306
1896705.3750000000,-115.4985504150
1901077.3750000000,-115.5381698608
1905461.6250000000,-115.6261825562
1909853.8750000000,-115.7119827271
1914256.2500000000,-115.7155609131
1918668.7500000000,-115.7294769287
1923091.3750000000,-115.7363052368
1927524.2500000000,-115.7402267456
1931967.3750000000,-115.7421035767
1936422.7500000000,-115.7428436279
1940886.3750000000,-115.7446060181
1945360.2500000000,-115.7793655396
1949844.3750000000,-115.7989501953
1954339.0000000000,-115.7997970581
1958843.8750000000,-115.8202896118
1963361.2500000000,-115.8249588013
1967887.0000000000,-115.8655700684
1972423.1250000000,-115.9025650024
1976969.6250000000,-115.9227828979
1981526.7500000000,-115.9293518066
1986094.2500000000,-115.9648818970
1990672.3750000000,-116.0299758911
1995263.2500000000,-116.0337829590
1999862.3750000000,-116.0679779053
2004472.2500000000,-116.0718536377
2009092.7500000000,-116.1211471558
2013723.7500000000,-116.1231307983
2018365.6250000000,-116.1328964233
2023020.2500000000,-116.1386795044
2027683.5000000000,-116.1532135010
2032357.3750000000,-116.1555633545
2037042.1250000000,-116.1680603027
2041737.6250000000,-116.1777801514
2046444.0000000000,-116.1838912964
2051161.2500000000,-116.3111419678
2055891.5000000000,-116.4242248535
2060630.5000000000,-116.5724411011
2065380.3750000000,-116.6228408813
2070141.2500000000,-116.6330337524
2074913.1250000000,-116.6381988525
2079695.8750000000,-116.6449661255
2084489.7500000000,-116.6451416016
2089297.0000000000,-116.6476745605
2094112.8750000000,-116.6568374634
2098940.0000000000,-116.6634063721
2103778.2500000000,-116.6755142212
2108627.5000000000,-116.6786880493
2113488.0000000000,-116.6869812012
2118362.2500000000,-116.7089996338
2123245.2500000000,-116.7199325562
2128139.5000000000,-116.7578353882
2133045.0000000000,-116.7984619141
2137961.7500000000,-116.8342437744
2142889.7500000000,-116.8770828247
2147829.5000000000,-116.9270553589
2152782.7500000000,-116.9278640747
2157745.0000000000,-116.9312591553
2162718.7500000000,-116.9754409790
2167704.0000000000,-116.9823455811
2172700.7500000000,-116.9925384521
2177708.7500000000,-116.9960403442
2182731.0000000000,-117.1455612183
2187762.5000000000,-117.1527557373
2192805.2500000000,-117.1638946533
2197860.0000000000,-117.1748962402
2202926.2500000000,-117.2447891235
2208004.0000000000,-117.2489242554
2213093.7500000000,-117.2715301514
2218197.5000000000,-117.2980422974
2223310.5000000000,-117.3224945068
2228435.5000000000,-117.3237762451
2233572.0000000000,-117.3278808594
2238720.7500000000,-117.3299407959
2243881.0000000000,-117.3384094238
2249055.7500000000,-117.3410797119
2254240.0000000000,-117.3552932739
2259436.2500000000,-117.3859786987
2264644.5000000000,-117.4295349121
2269864.5000000000,-117.4878692627
2275096.7500000000,-117.5817337036
2280341.0000000000,-117.6390914917
2285600.0000000000,-117.6407852173
2290868.2500000000,-117.6459884644
2296149.0000000000,-117.6467361450
2301441.7500000000,-117.6480941772
2306746.7500000000,-117.6600418091
2312064.0000000000,-117.6701889038
2317393.5000000000,-117.6854171753
2322737.7500000000,-117.6913604736
2328091.7500000000,-117.6942214966
2333458.2500000000,-117.7079544067
2338837.0000000000,-117.7198791504
2344228.2500000000,-117.7318954468
2349631.7500000000,-117.7767486572
2355050.5000000000,-117.8418350220
2360479.0000000000,-117.8628005981
2365920.0000000000,-117.8842391968
2371373.7500000000,-117.8881759644
2376840.0000000000,-117.9488525391
2382318.7500000000,-117.9882049561
2387810.0000000000,-117.9900054932
2393316.7500000000,-118.0079040527
2398833.5000000000,-118.0122146606
2404363.0000000000,-118.0124053955
2409905.2500000000,-118.0131835938
2415460.2500000000,-118.0382308960
2421028.0000000000,-118.0421066284
2426611.2500000000,-118.0586700439
2432205.0000000000,-118.1073074341
2437811.2500000000,-118.1905288696
2443430.5000000000,-118.2650604248
2449063.0000000000,-118.3030929565
2454708.2500000000,-118.3288116455
2460366.5000000000,-118.3410263062
2466040.5000000000,-118.3738098145
2471724.7500000000,-118.4008712769
2477422.2500000000,-118.4067459106
2483133.0000000000,-118.4281463623
2488856.7500000000,-118.4318618774
2494593.7500000000,-118.4633636475
2500344.0000000000,-118.4650268555
2506110.2500000000,-118.4768447876
2511887.0000000000,-118.4786148071
2517677.0000000000,-118.4791412354
2523480.5000000000,-118.4807052612
2529297.2500000000,-118.4894866943
2535127.5000000000,-118.4971542358
2540974.0000000000,-118.5074157715
2546831.0000000000,-118.5376510620
2552701.7500000000,-118.5379638672
2558585.7500000000,-118.5457839966
2564483.5000000000,-118.6320571899
2570395.0000000000,-118.7114410400
2576319.7500000000,-118.7798843384
2582261.2500000000,-118.8015899658
2588213.5000000000,-118.8120880127
2594179.5000000000,-118.8143463135
2600159.2500000000,-118.8149414063
2606153.0000000000,-118.8517456055
2612160.2500000000,-118.8661422729
2618184.2500000000,-118.8861389160
2624219.5000000000,-118.9243850708
2630268.5000000000,-118.9472503662
2636331.5000000000,-119.0573883057
2642408.2500000000,-119.2258377075
2648499.2500000000,-119.2357025146
2654604.2500000000,-119.2362670898
2660726.2500000000,-119.2601318359
2666859.5000000000,-119.2636032104
2673006.7500000000,-119.2674179077
2679168.2500000000,-119.2765808105
2685343.7500000000,-119.2916946411
2691533.7500000000,-119.3131179810
2697741.0000000000,-119.3149185181
2703959.2500000000,-119.3241653442
2710192.2500000000,-119.3516006470
2716439.2500000000,-119.3638916016
2722701.0000000000,-119.3756790161
2728977.0000000000,-119.3882064819
2735267.5000000000,-119.4025955200
2741575.5000000000,-119.4494247437
2747895.0000000000,-119.4619827271
2754229.0000000000,-119.4718475342
2760577.7500000000,-119.4817352295
2766941.0000000000,-119.4898223877
2773319.0000000000,-119.4911575317
2779711.7500000000,-119.5179748535
2786122.2500000000,-119.5422897339
2792544.5000000000,-119.5752716064
2798981.5000000000,-119.6043167114
2805433.2500000000,-119.6117324829
2811900.0000000000,-119.7045822144
2818381.7500000000,-119.7050857544
2824881.2500000000,-119.7146987915
2831393.0000000000,-119.7567672729
2837919.5000000000,-119.7865295410
2844461.0000000000,-119.7913208008
2851017.7500000000,-119.8014755249
2857589.5000000000,-119.8748321533
2864176.5000000000,-119.9526138306
2870781.7500000000,-120.0267562866
2877399.2500000000,-120.0713195801
2884031.7500000000,-120.0847778320
2890679.7500000000,-120.0947570801
2897343.0000000000,-120.1061096191
2904021.5000000000,-120.1074981689
2910718.7500000000,-120.1127166748
2917428.0000000000,-120.1176300049
2924153.0000000000,-120.1856384277
2930893.2500000000,-120.1873931885
2937649.2500000000,-120.1916427612
2944420.7500000000,-120.1955184937
2951207.7500000000,-120.1996994019
2958013.7500000000,-120.2200469971
2964832.2500000000,-120.2406921387
2971666.2500000000,-120.3227005005
2978516.2500000000,-120.3902206421
2985382.0000000000,-120.4400939941
2992263.5000000000,-120.4528274536
2999164.2500000000,-120.4677810669
3006077.5000000000,-120.4781570435
3013006.7500000000,-120.4832305908
3019951.7500000000,-120.5174713135
3026913.0000000000,-120.5573501587
3033890.2500000000,-120.5879516602
3040883.7500000000,-120.6148300171
3047896.5000000000,-120.6284408569
3054922.0000000000,-120.6373214722
3061963.7500000000,-120.6404495239
3069022.0000000000,-120.6451721191
3076096.2500000000,-120.6505279541
3083186.7500000000,-120.6662292480
3090293.7500000000,-120.6845779419
3097420.5000000000,-120.7098007202
3104560.2500000000,-120.7365417480
3111716.5000000000,-120.7644958496
3118889.2500000000,-120.7896881104
3126078.5000000000,-120.8135604858
3133284.5000000000,-120.8327331543
3140510.2500000000,-120.8498001099
3147749.2500000000,-120.8643569946
3155005.2500000000,-120.8779907227
3162277.7500000000,-120.8917160034
3169567.0000000000,-120.9092102051
3176873.0000000000,-120.9305038452
3184196.0000000000,-120.9571151733
3191539.2500000000,-120.9915084839
3198896.0000000000,-121.0291366577
3206269.7500000000,-121.0734558105
3213660.2500000000,-121.1190948486
3221068.0000000000,-121.1664505005
3228492.7500000000,-121.2134780884
3235938.2500000000,-121.2597732544
3243397.2500000000,-121.3021392822
3250873.5000000000,-121.3389663696
3258367.0000000000,-121.3704299927
3265877.7500000000,-121.3880462646
3273406.0000000000,-121.4004516602
3280951.2500000000,-121.4032058716
3288517.7500000000,-121.4046783447
3296098.0000000000,-121.4056701660
3303695.7500000000,-121.4161682129
3311311.0000000000,-121.4329223633
3318944.0000000000,-121.4582901001
3326594.2500000000,-121.4933624268
3334262.2500000000,-121.5314254761
3341951.7500000000,-121.5724945068
3349655.2500000000,-121.6097946167
3357376.2500000000,-121.6441116333
3365115.2500000000,-121.6468734741
3372872.2500000000,-121.6534500122
3380646.7500000000,-121.6555252075
3388443.2500000000,-121.6643447876
3396253.7500000000,-121.6661453247
3404082.5000000000,-121.6698226929
3411929.0000000000,-121.6754302979
3419793.7500000000,-121.6766433716
3427676.7500000000,-121.7049102783
3435577.7500000000,-121.7487640381
3443500.7500000000,-121.7955474854
3451438.2500000000,-121.8353424072
3459394.0000000000,-121.8616714478
3467368.2500000000,-121.8687515259
3475360.7500000000,-121.8732528687
3483371.7500000000,-121.8735504150
3491405.0000000000,-121.8764495850
3499452.7500000000,-121.8777999878
3507519.2500000000,-121.8849563599
3515604.5000000000,-121.9027481079
3523708.2500000000,-121.9310836792
3531830.5000000000,-121.9626770020
3539971.7500000000,-121.9976196289
3548135.5000000000,-122.0341262817
3556314.2500000000,-122.0690002441
3564511.7500000000,-122.1021804810
3572728.2500000000,-122.1307983398
3580963.5000000000,-122.1585235596
3589218.0000000000,-122.1855163574
3597495.2500000000,-122.2143707275
3605787.7500000000,-122.2445068359
3614099.2500000000,-122.2754211426
3622430.0000000000,-122.3045043945
3630780.0000000000,-122.3282089233
3639149.2500000000,-122.3467941284
3647537.7500000000,-122.3558349609
3655949.5000000000,-122.3595962524
3664376.7500000000,-122.3618316650
3672823.5000000000,-122.3655471802
3681289.5000000000,-122.3778610229
3689775.2500000000,-122.3969573975
3698280.5000000000,-122.4240112305
3706805.2500000000,-122.4596939087
3715353.7500000000,-122.4974365234
3723918.0000000000,-122.5364990234
3732501.7500000000,-122.5742874146
3741105.5000000000,-122.6094970703
3749729.0000000000,-122.6420974731
3758372.5000000000,-122.6707458496
3767039.7500000000,-122.6962966919
3775723.2500000000,-122.7221603394
3784426.5000000000,-122.7494354248
3793149.7500000000,-122.7829895020
3801893.2500000000,-122.8175888062
3810657.0000000000,-122.8506622314
3819440.7500000000,-122.8767776489
3828249.0000000000,-122.8920364380
3837073.5000000000,-122.9037399292
3845918.2500000000,-122.9143524170
3854783.2500000000,-122.9337997437
3863668.7500000000,-122.9625854492
3872574.7500000000,-122.9971771240
3881505.7500000000,-123.0355529785
3890452.7500000000,-123.0684585571
3899420.5000000000,-123.0938262939
3908409.0000000000,-123.1116256714
3917418.2500000000,-123.1209945679
3926448.0000000000,-123.1268157959
3935498.7500000000,-123.1347427368
3944574.7500000000,-123.1469802856
3953667.2500000000,-123.1681823730
3962780.7500000000,-123.1989135742
3971915.2500000000,-123.2337875366
3981070.7500000000,-123.2701950073
3990247.5000000000,-123.3028335571
3999449.7500000000,-123.3280487061
4008668.7500000000,-123.3491134644
4017909.0000000000,-123.3675689697
4027170.5000000000,-123.3859100342
4036453.5000000000,-123.4046936035
4045757.7500000000,-123.4226989746
4055083.5000000000,-123.4395446777
4064435.2500000000,-123.4549484253
4073804.0000000000,-123.4692306519
4083194.5000000000,-123.4830017090
4092606.5000000000,-123.4968109131
4102040.2500000000,-123.5113067627
4111495.7500000000,-123.5286560059
4120973.0000000000,-123.5484237671
4130476.7500000000,-123.5698623657
4139997.7500000000,-123.5926437378
4149540.7500000000,-123.6169586182
4159105.7500000000,-123.6432952881
4168692.7500000000,-123.6703414917
4178301.7500000000,-123.6976547241
4187937.7500000000,-123.7250976563
4197591.0000000000,-123.7538909912
4207267.0000000000,-123.7841949463
4216965.0000000000,-123.8141555786
4226685.5000000000,-123.8428192139
4236428.0000000000,-123.8697128296
4246193.5000000000,-123.8968887329
4255986.0000000000,-123.9262619019
4265796.5000000000,-123.9561462402
4275629.5000000000,-123.9845046997
4285485.0000000000,-124.0090408325
4295363.0000000000,-124.0272598267
4305264.5000000000,-124.0408248901
4315193.0000000000,-124.0522460938
4325140.0000000000,-124.0638275146
4335109.5000000000,-124.0780868530
4345102.5000000000,-124.0981674194
4355118.0000000000,-124.1263046265
4365157.0000000000,-124.1595306396
4375219.0000000000,-124.1953353882
4385309.0000000000,-124.2310943604
4395417.5000000000,-124.2644805908
4405549.0000000000,-124.2943496704
4415704.5000000000,-124.3242111206
4425883.0000000000,-124.3575515747
4436085.0000000000,-124.3952941895
4446310.5000000000,-124.4361495972
4456564.0000000000,-124.4768142700
4466837.0000000000,-124.5126266479
4477133.5000000000,-124.5442886353
4487453.5000000000,-124.5774002075
4497797.5000000000,-124.6149291992
4508165.0000000000,-124.6555099487
4518561.5000000000,-124.6677093506
4528977.0000000000,-124.6704025269
4539417.0000000000,-124.6811599731
4549880.5000000000,-124.6913833618
4560368.5000000000,-124.6931381226
4570880.5000000000,-124.7021789551
4581416.5000000000,-124.7180709839
4591982.0000000000,-124.7185363770
4602567.0000000000,-124.7253570557
4613176.0000000000,-124.7619934082
4623810.0000000000,-124.7945785522
4634468.0000000000,-124.8237838745
4645151.0000000000,-124.8505935669
4655863.5000000000,-124.8748779297
4666595.5000000000,-124.8962097168
4677352.0000000000,-124.9155349731
4688134.0000000000,-124.9360885620
4698940.5000000000,-124.9625625610
4709771.5000000000,-124.9957656860
4720628.0000000000,-125.0315093994
4731514.5000000000,-125.0647583008
4742421.0000000000,-125.0916824341
4753353.0000000000,-125.1110382080
4764309.5000000000,-125.1243743896
4775291.5000000000,-125.1356964111
4786299.0000000000,-125.1506652832
4797337.0000000000,-125.1749038696
4808395.5000000000,-125.2097244263
4819479.0000000000,-125.2451858521
4830588.0000000000,-125.2708816528
4841723.0000000000,-125.2827377319
4852883.5000000000,-125.2835083008
4864070.0000000000,-125.2835311890
4875287.0000000000,-125.2844390869
4886525.0000000000,-125.2846450806
4897789.0000000000,-125.2855758667
4909078.5000000000,-125.2896347046
4920394.5000000000,-125.3017272949
4931736.0000000000,-125.3236770630
4943104.0000000000,-125.3499679565
4954504.0000000000,-125.3721160889
4965924.5000000000,-125.3895339966
4977371.0000000000,-125.4105987549
4988844.5000000000,-125.4457550049
5000344.0000000000,-125.4975891113
5011870.0000000000,-125.5567550659
5023428.5000000000,-125.6081085205
5035007.5000000000,-125.6418609619
5046614.0000000000,-125.6590881348
5058246.5000000000,-125.6667175293
5069906.0000000000,-125.6700286865
5081592.5000000000,-125.6716918945
5093306.0000000000,-125.6763000488
5105052.0000000000,-125.6910858154
5116819.5000000000,-125.7206726074
5128614.5000000000,-125.7635192871
5140436.0000000000,-125.8145675659
5152285.0000000000,-125.8686447144
5164161.5000000000,-125.9197692871
5176071.0000000000,-125.9608459473
5188002.0000000000,-125.9877624512
5199961.0000000000,-126.0025787354
5211947.0000000000,-126.0106811523
5223961.0000000000,-126.0151519775
5236002.5000000000,-126.0178833008
5248072.0000000000,-126.0225830078
5260175.0000000000,-126.0332946777
5272300.0000000000,-126.0494918823
5284453.0000000000,-126.0662231445
5296634.0000000000,-126.0809249878
5308843.5000000000,-126.0986251831
5321080.5000000000,-126.1203994751
5333352.0000000000,-126.1453704834
5345645.5000000000,-126.1692047119
5357967.5000000000,-126.1922607422
5370318.0000000000,-126.2190780640
5382697.0000000000,-126.2530059814
5395104.5000000000,-126.2922668457
5407541.0000000000,-126.3285446167
5420011.5000000000,-126.3356323242
5432505.0000000000,-126.3404312134
5445027.5000000000,-126.3500976563
5457578.5000000000,-126.3509292603
5470158.5000000000,-126.3512649536
5482767.5000000000,-126.3872375488
5495406.0000000000,-126.4348678589
5508079.0000000000,-126.4837417603
5520775.5000000000,-126.5313720703
5533501.5000000000,-126.5815887451
5546256.5000000000,-126.6350097656
5559041.0000000000,-126.6816864014
5571855.0000000000,-126.6844024658
5584704.5000000000,-126.6960296631
5597578.0000000000,-126.7053604126
5610480.5000000000,-126.7062149048
5623413.5000000000,-126.7481231689
5636375.5000000000,-126.7909774780
5649368.0000000000,-126.7921218872
5662390.0000000000,-126.7983169556
5675448.5000000000,-126.8125610352
5688531.0000000000,-126.8138198853
5701643.5000000000,-126.8383865356
5714786.0000000000,-126.8413848877
5727959.0000000000,-126.8500366211
5741162.5000000000,-126.8538436890
5754402.5000000000,-126.8922576904
5767666.5000000000,-126.9359817505
5780961.5000000000,-126.9521255493
5794287.0000000000,-126.9609985352
5807643.5000000000,-126.9832153320
5821030.5000000000,-127.0190505981
5834448.5000000000,-127.0626449585
5847903.5000000000,-127.1094589233
5861383.5000000000,-127.1541900635
5874894.0000000000,-127.1863098145
5888436.5000000000,-127.1873321533
5902009.5000000000,-127.1967926025
5915614.0000000000,-127.1982421875
5929250.0000000000,-127.2361755371
5942924.0000000000,-127.2869567871
5956622.5000000000,-127.3321838379
5970353.0000000000,-127.3612747192
5984115.5000000000,-127.3789443970
5997909.0000000000,-127.3973083496
6011734.5000000000,-127.4340133667
6025599.0000000000,-127.4650344849
6039488.0000000000,-127.4703521729
6053409.5000000000,-127.4780960083
6067363.0000000000,-127.4799499512
6081349.0000000000,-127.4897689819
6095367.0000000000,-127.4942855835
6109417.0000000000,-127.4944610596
6123506.5000000000,-127.4977874756
6137621.5000000000,-127.5232391357
6151769.0000000000,-127.5534439087
6165949.5000000000,-127.5844573975
6180162.5000000000,-127.6158370972
6194408.0000000000,-127.6664810181
6208693.5000000000,-127.7290649414
6223005.0000000000,-127.7611541748
6237349.5000000000,-127.7696990967
6251727.0000000000,-127.7766342163
6266137.5000000000,-127.7767715454
6280581.5000000000,-127.7911376953
6295058.5000000000,-127.7919387817
6309576.0000000000,-127.8165130615
6324120.0000000000,-127.8762130737
6338698.0000000000,-127.9463424683
6353309.0000000000,-128.0336456299
6367954.0000000000,-128.0368499756
6382632.5000000000,-128.0378112793
6397352.0000000000,-128.0387725830
6412098.0000000000,-128.0512695313
6426878.5000000000,-128.0523071289
6441693.0000000000,-128.0679016113
6456541.5000000000,-128.0698699951
6471424.0000000000,-128.0818634033
6486341.5000000000,-128.0831909180
6501300.0000000000,-128.1002197266
6516286.0000000000,-128.1233520508
6531306.5000000000,-128.1259460449
6546361.5000000000,-128.1303100586
6561451.5000000000,-128.1351318359
6576576.0000000000,-128.1396942139
6591735.5000000000,-128.1509857178
6606937.0000000000,-128.1532897949
6622166.5000000000,-128.1794433594
6637431.0000000000,-128.2328491211
6652731.0000000000,-128.2524414063
6668066.0000000000,-128.2633666992
6683436.0000000000,-128.2853393555
6698849.5000000000,-128.3230438232
6714290.5000000000,-128.3574523926
6729767.5000000000,-128.3927154541
6745280.0000000000,-128.4157714844
6760828.5000000000,-128.4164733887
6776413.0000000000,-128.4205627441
6792033.0000000000,-128.4217071533
6807696.5000000000,-128.4217376709
6823388.5000000000,-128.4221038818
6839117.0000000000,-128.4229125977
6854881.5000000000,-128.4846191406
6870682.5000000000,-128.5939788818
6886520.0000000000,-128.6655426025
6902401.5000000000,-128.7000427246
6918312.0000000000,-128.7082977295
6934259.5000000000,-128.7143249512
6950243.5000000000,-128.7277374268
6966264.0000000000,-128.7868041992
6982322.0000000000,-128.8251800537
6998416.5000000000,-128.8475646973
7014556.0000000000,-128.8535461426
7030725.0000000000,-128.8656463623
7046931.5000000000,-128.8915252686
7063175.0000000000,-128.9445037842
7079456.5000000000,-128.9637298584
7095775.0000000000,-128.9652557373
7112139.0000000000,-129.0000152588
7128533.0000000000,-129.0063171387
7144965.0000000000,-129.0092773438
7161434.5000000000,-129.0097656250
7177942.0000000000,-129.0114135742
7194487.5000000000,-129.0197906494
7211071.5000000000,-129.0559082031
7227701.5000000000,-129.0695190430
7244362.0000000000,-129.1091156006
7261060.5000000000,-129.1926422119
7277798.0000000000,-129.1964416504
7294573.5000000000,-129.2056884766
7311388.0000000000,-129.2182159424
7328241.5000000000,-129.2248992920
7345141.5000000000,-129.2433471680
7362072.5000000000,-129.2438659668
7379043.0000000000,-129.2707824707
7396052.0000000000,-129.2724609375
7413100.5000000000,-129.2937164307
7430188.0000000000,-129.2986907959
7447323.5000000000,-129.3180236816
7464490.0000000000,-129.3208312988
7481696.5000000000,-129.3260650635
7498942.0000000000,-129.3474426270
7516227.5000000000,-129.3583068848
7533553.0000000000,-129.3611755371
7550918.5000000000,-129.4450836182
7568332.0000000000,-129.5246582031
7585777.5000000000,-129.5692443848
7603263.5000000000,-129.6049041748
7620789.5000000000,-129.6624145508
7638356.0000000000,-129.7295532227
7655963.0000000000,-129.7299804688
7673619.0000000000,-129.7427520752
7691307.0000000000,-129.7491302490
7709036.0000000000,-129.7614898682
7726806.0000000000,-129.7677307129
7744617.0000000000,-129.7753601074
7762469.0000000000,-129.8045654297
7780362.0000000000,-129.8393402100
7798304.5000000000,-129.8651580811
7816280.5000000000,-129.8758850098
7834297.5000000000,-129.9056091309
7852356.0000000000,-129.9482727051
7870456.0000000000,-129.9877319336
7888598.0000000000,-129.9937591553
7906782.0000000000,-130.0080718994
7925016.5000000000,-130.1231842041
7943284.0000000000,-130.2333526611
7961594.0000000000,-130.2341156006
7979946.0000000000,-130.2380065918
7998340.5000000000,-130.2397308350
8016777.0000000000,-130.2441101074
8035265.0000000000,-130.2517547607
8053787.0000000000,-130.2533874512
8072351.5000000000,-130.2681274414
8090959.0000000000,-130.2936096191
8109609.0000000000,-130.2955474854
8128302.5000000000,-130.3092803955
8147038.5000000000,-130.3153076172
8165827.0000000000,-130.3300476074
8184650.0000000000,-130.3366546631
8203516.0000000000,-130.3405609131
8222426.0000000000,-130.3467407227
8241379.0000000000,-130.3522796631
8260376.0000000000,-130.3636474609
8279426.0000000000,-130.3675231934
8298510.5000000000,-130.3886108398
8317639.0000000000,-130.3914337158
8336812.0000000000,-130.4244232178
8356029.0000000000,-130.5076904297
8375290.0000000000,-130.5318603516
8394596.0000000000,-130.5410919189
8413955.0000000000,-130.5417480469
8433350.0000000000,-130.5952301025
8452789.0000000000,-130.6076812744
8472274.0000000000,-130.6091766357
8491803.0000000000,-130.6177825928
8511377.0000000000,-130.6522064209
8531006.0000000000,-130.6576385498
8550670.0000000000,-130.6616210938
8570380.0000000000,-130.6918640137
8590136.0000000000,-130.7301177979
8609936.0000000000,-130.7729492188
8629783.0000000000,-130.7812500000
8649675.0000000000,-130.8051147461
8669623.0000000000,-130.8361511230
8689607.0000000000,-130.8692321777
8709637.0000000000,-130.8761138916
8729713.0000000000,-130.9110870361
8749836.0000000000,-130.9224700928
8770005.0000000000,-130.9826812744
8790220.0000000000,-131.0035400391
8810492.0000000000,-131.0094299316
8830801.0000000000,-131.0447845459
8851157.0000000000,-131.0482788086
8871559.0000000000,-131.0531005859
8892009.0000000000,-131.0914459229
8912505.0000000000,-131.1217803955
8933059.0000000000,-131.1686706543
8953651.0000000000,-131.2091369629
8974289.0000000000,-131.2852478027
8994976.0000000000,-131.2899627686
9015710.0000000000,-131.3087310791
9036492.0000000000,-131.3092956543
9057321.0000000000,-131.3429718018
9078209.0000000000,-131.3460388184
9099135.0000000000,-131.3690032959
9120109.0000000000,-131.3706512451
9141132.0000000000,-131.4499969482
9162203.0000000000,-131.5343475342
9183322.0000000000,-131.5441741943
9204500.0000000000,-131.5448150635
9225718.0000000000,-131.5546569824
9246983.0000000000,-131.5681457520
9268298.0000000000,-131.5878753662
9289662.0000000000,-131.6213378906
9311076.0000000000,-131.6352996826
9332538.0000000000,-131.6408691406
9354061.0000000000,-131.6631774902
9375623.0000000000,-131.6935729980
9397234.0000000000,-131.7384490967
9418895.0000000000,-131.7561035156
9440607.0000000000,-131.7814788818
9462368.0000000000,-131.8256072998
9484190.0000000000,-131.8618774414
9506052.0000000000,-131.9201354980
9527964.0000000000,-131.9632415771
9549926.0000000000,-131.9644622803
9571940.0000000000,-131.9885559082
9594004.0000000000,-131.9980010986
9616118.0000000000,-132.0013732910
9638295.0000000000,-132.0137786865
9660512.0000000000,-132.0337219238
9682780.0000000000,-132.0386810303
9705099.0000000000,-132.0432586670
9727470.0000000000,-132.0855407715
9749893.0000000000,-132.1099090576
9772367.0000000000,-132.1133270264
9794904.0000000000,-132.1312103271
9817482.0000000000,-132.1561279297
9840112.0000000000,-132.1601867676
9862794.0000000000,-132.1608886719
9885528.0000000000,-132.1621551514
9908315.0000000000,-132.1665191650
9931165.0000000000,-132.1916046143
9954057.0000000000,-132.2128143311
9977002.0000000000,-132.2528533936
10000000.0000000000,-132.2925567627
10023051.0000000000,-132.3366241455
10046155.0000000000,-132.3815765381
10069312.0000000000,-132.4192047119
10092533.0000000000,-132.4539489746
10115797.0000000000,-132.4848175049
10139115.0000000000,-132.5132598877
10162486.0000000000,-132.5439147949
10185911.0000000000,-132.5766143799
10209391.0000000000,-132.6110229492
10232935.0000000000,-132.6476440430
10256523.0000000000,-132.6828155518
10280165.0000000000,-132.7154235840
10303861.0000000000,-132.7466125488
10327613.0000000000,-132.7743835449
10351418.0000000000,-132.8030548096
10375279.0000000000,-132.8346252441
10399206.0000000000,-132.8680877686
10423177.0000000000,-132.9093322754
10447203.0000000000,-132.9195098877
10471285.0000000000,-132.9249572754
10495422.0000000000,-132.9407958984
10519615.0000000000,-132.9443206787
10543863.0000000000,-132.9508056641
10568179.0000000000,-132.9742584229
10592540.0000000000,-132.9935150146
10616956.0000000000,-133.0060272217
10641429.0000000000,-133.0067138672
10665958.0000000000,-133.0340118408
10690544.0000000000,-133.0395355225
10715198.0000000000,-133.0601196289
10739898.0000000000,-133.0611877441
10764654.0000000000,-133.0801391602
10789467.0000000000,-133.0814208984
10814338.0000000000,-133.0831909180
10839265.0000000000,-133.0834350586
10864251.0000000000,-133.1872558594
10889305.0000000000,-133.2916107178
10914406.0000000000,-133.3878784180
10939565.0000000000,-133.4693450928
10964781.0000000000,-133.5185699463
10990056.0000000000,-133.5362243652
11015388.0000000000,-133.5444335938
11040792.0000000000,-133.5546569824
11066242.0000000000,-133.5550842285
11091750.0000000000,-133.5586395264
11117317.0000000000,-133.5692138672
11142944.0000000000,-133.5720672607
11168629.0000000000,-133.5797729492
11194373.0000000000,-133.5837402344
11220189.0000000000,-133.5854949951
11246053.0000000000,-133.5866241455
11271976.0000000000,-133.5873718262
11297958.0000000000,-133.6368255615
11324001.0000000000,-133.6859588623
11350104.0000000000,-133.7134399414
11376279.0000000000,-133.7256469727
11402502.0000000000,-133.7261505127
11428786.0000000000,-133.7290344238
11455130.0000000000,-133.7344055176
11481535.0000000000,-133.7457427979
11508000.0000000000,-133.7856750488
11534527.0000000000,-133.8497009277
11561128.0000000000,-133.9273681641
11587777.0000000000,-134.0183868408
11614488.0000000000,-134.1127166748
11641260.0000000000,-134.2010955811
11668094.0000000000,-134.2094268799
11694990.0000000000,-134.2159118652
11721947.0000000000,-134.2406005859
11748980.0000000000,-134.2418212891
11776062.0000000000,-134.2422485352
11803207.0000000000,-134.2484741211
11830414.0000000000,-134.2601623535
11857684.0000000000,-134.2719573975
11885017.0000000000,-134.2793426514
11912426.0000000000,-134.2842102051
11939885.0000000000,-134.2888183594
11967407.0000000000,-134.3050384521
11994993.0000000000,-134.3116607666
12022642.0000000000,-134.3130950928
12050355.0000000000,-134.3141632080
12078132.0000000000,-134.3282775879
12105986.0000000000,-134.3301391602
12133892.0000000000,-134.3385162354
12161861.0000000000,-134.3472442627
12189895.0000000000,-134.3708953857
12217994.0000000000,-134.3736724854
12246157.0000000000,-134.4094848633
12274399.0000000000,-134.5210418701
12302692.0000000000,-134.6269226074
12331051.0000000000,-134.6781768799
12359475.0000000000,-134.6835632324
12387964.0000000000,-134.6906585693
12416519.0000000000,-134.7024230957
12445140.0000000000,-134.7124938965
12473841.0000000000,-134.7141418457
12502594.0000000000,-134.7592468262
12531413.0000000000,-134.8256378174
12560299.0000000000,-134.8787536621
12589251.0000000000,-134.9230194092
12618270.0000000000,-134.9367828369
12647370.0000000000,-134.9471588135
12676523.0000000000,-134.9560852051
12705744.0000000000,-134.9638519287
12735031.0000000000,-134.9708862305
12764387.0000000000,-134.9710540771
12793809.0000000000,-134.9800109863
12823300.0000000000,-134.9821166992
12852873.0000000000,-134.9903717041
12882499.0000000000,-134.9976348877
12912195.0000000000,-134.9977416992
12941958.0000000000,-134.9983673096
12971790.0000000000,-135.0145568848
13001691.0000000000,-135.0156707764
13031661.0000000000,-135.0158233643
13061714.0000000000,-135.0186920166
13091822.0000000000,-135.0255737305
13122000.0000000000,-135.0512084961
13152247.0000000000,-135.0857696533
13182564.0000000000,-135.1208648682
13212951.0000000000,-135.1449737549
13243422.0000000000,-135.1646575928
13273949.0000000000,-135.1807861328
13304546.0000000000,-135.2114105225
13335214.0000000000,-135.2498321533
13365953.0000000000,-135.3009338379
13396762.0000000000,-135.3543701172
13427643.0000000000,-135.4059143066
13458609.0000000000,-135.4461364746
13489632.0000000000,-135.4736633301
13520727.0000000000,-135.4928131104
13551893.0000000000,-135.5048828125
13583131.0000000000,-135.5266723633
13614441.0000000000,-135.5462646484
13645839.0000000000,-135.5571136475
13677293.0000000000,-135.5593261719
13708820.0000000000,-135.5653686523
13740420.0000000000,-135.6063079834
13772093.0000000000,-135.6187591553
13803838.0000000000,-135.6481628418
13835657.0000000000,-135.6702728271
13867565.0000000000,-135.6806945801
13899530.0000000000,-135.7303771973
13931570.0000000000,-135.7425231934
13963683.0000000000,-135.7493286133
13995870.0000000000,-135.7589416504
14028132.0000000000,-135.7613067627
14060468.0000000000,-135.7684631348
14092893.0000000000,-135.7705993652
14125379.0000000000,-135.8170928955
14157939.0000000000,-135.8238220215
14190574.0000000000,-135.8885650635
14223284.0000000000,-135.9028167725
14256070.0000000000,-135.9256591797
14288946.0000000000,-135.9877929688
14321884.0000000000,-135.9996032715
14354896.0000000000,-136.0197601318
14387986.0000000000,-136.0585479736
14421151.0000000000,-136.1822662354
14454393.0000000000,-136.2792205811
14487711.0000000000,-136.2954559326
14521122.0000000000,-136.2977752686
14554594.0000000000,-136.2978363037
14588144.0000000000,-136.3584899902
14621770.0000000000,-136.3650817871
14655475.0000000000,-136.3854675293
14689257.0000000000,-136.4530181885
14723133.0000000000,-136.4619903564
14757070.0000000000,-136.5029144287
14791086.0000000000,-136.5298614502
14825181.0000000000,-136.5389862061
14859354.0000000000,-136.5783233643
14893606.0000000000,-136.5876312256
14927937.0000000000,-136.5944213867
14962363.0000000000,-136.6110076904
14996852.0000000000,-136.6216278076
15031421.0000000000,-136.6317443848
15066070.0000000000,-136.7120666504
15100798.0000000000,-136.7120666504
15135607.0000000000,-136.7120666504
15170512.0000000000,-136.7120666504
15205481.0000000000,-136.7120666504
15240531.0000000000,-136.7120666504
15275661.0000000000,-136.7120666504
15310873.0000000000,-136.7218933105
15346165.0000000000,-136.7342834473
15381539.0000000000,-136.7898864746
15417012.0000000000,-136.8050079346
15452549.0000000000,-136.8679962158
15488168.0000000000,-136.8920593262
15523870.0000000000,-136.9484405518
15559653.0000000000,-136.9610900879
15595519.0000000000,-136.9643402100
15631468.0000000000,-136.9712219238
15667517.0000000000,-136.9920501709
15703632.0000000000,-137.0149841309
15739830.0000000000,-137.0149841309
15776111.0000000000,-136.9920501709
15812476.0000000000,-136.9712219238
15848925.0000000000,-136.9643402100
15885475.0000000000,-136.9610900879
15922092.0000000000,-136.9610900879
15958794.0000000000,-136.9610900879
15995580.0000000000,-136.9610900879
16032451.0000000000,-136.9610900879
16069407.0000000000,-136.9643402100
16106448.0000000000,-136.9712219238
16143592.0000000000,-136.9920501709
16180804.0000000000,-137.0149841309
16218102.0000000000,-137.0299682617
16255486.0000000000,-137.0299682617
16292956.0000000000,-137.0299682617
16330513.0000000000,-137.0299682617
16368174.0000000000,-137.0299682617
16405903.0000000000,-137.0299682617
16443720.0000000000,-137.0299682617
16481624.0000000000,-137.0403442383
16519616.0000000000,-137.0944519043
16557694.0000000000,-137.0971069336
16595861.0000000000,-137.1018524170
16634134.0000000000,-137.1021575928
16672477.0000000000,-137.1346893311
16710908.0000000000,-137.1357879639
16749428.0000000000,-137.1543121338
16788036.0000000000,-137.1593017578
16826734.0000000000,-137.2893524170
16865540.0000000000,-137.2971191406
16904416.0000000000,-137.3369293213
16943382.0000000000,-137.4058990479
16982438.0000000000,-137.4058990479
17021582.0000000000,-137.4058990479
17060818.0000000000,-137.4058990479
17100146.0000000000,-137.4058990479
17139582.0000000000,-137.4389038086
17179090.0000000000,-137.4412841797
17218688.0000000000,-137.4444885254
17258378.0000000000,-137.4523010254
17298160.0000000000,-137.4942932129
17338034.0000000000,-137.5310058594
17378000.0000000000,-137.5967559814
17418076.0000000000,-137.6435699463
17458226.0000000000,-137.6598815918
17498468.0000000000,-137.6716461182
17538804.0000000000,-137.6807098389
17579232.0000000000,-137.7223815918
17619752.0000000000,-137.7444305420
17660388.0000000000,-137.7829589844
17701096.0000000000,-137.7874603271
17741898.0000000000,-137.8110198975
17782794.0000000000,-137.8973083496
17823784.0000000000,-137.9025421143
17864870.0000000000,-137.9035034180
17906050.0000000000,-138.0156555176
17947344.0000000000,-138.0516510010
17988714.0000000000,-138.0776977539
18030180.0000000000,-138.0823211670
18071740.0000000000,-138.1387634277
18113396.0000000000,-138.1500854492
18155150.0000000000,-138.1513977051
18197018.0000000000,-138.2815856934
18238964.0000000000,-138.2850189209
18281006.0000000000,-138.3602752686
18323144.0000000000,-138.3926849365
18365380.0000000000,-138.4382324219
18407714.0000000000,-138.4454803467
18450146.0000000000,-138.4666442871
18492694.0000000000,-138.4912567139
18535322.0000000000,-138.4942932129
18578046.0000000000,-138.5219421387
18620870.0000000000,-138.5506591797
18663792.0000000000,-138.6068572998
18706814.0000000000,-138.6493988037
18749934.0000000000,-138.7445831299
18793176.0000000000,-138.8731384277
18836496.0000000000,-138.8739624023
18879914.0000000000,-138.8888854980
18923434.0000000000,-138.8924255371
18967054.0000000000,-138.9025421143
19010774.0000000000,-138.9105529785
19054616.0000000000,-138.9209136963
19098538.0000000000,-138.9686889648
19142562.0000000000,-138.9863128662
19186688.0000000000,-138.9863128662
19230914.0000000000,-138.9863128662
19275242.0000000000,-138.9863128662
19319674.0000000000,-138.9863128662
19364228.0000000000,-138.9863128662
19408864.0000000000,-138.9959106445
19453602.0000000000,-139.0110321045
19498444.0000000000,-139.0236511230
19543390.0000000000,-139.0312042236
19588438.0000000000,-139.0312347412
19633612.0000000000,-139.0585021973
19678870.0000000000,-139.0666198730
19724230.0000000000,-139.0827331543
19769696.0000000000,-139.0915222168
19815268.0000000000,-139.0948944092
19860942.0000000000,-139.1029663086
19906724.0000000000,-139.1046142578
19952632.0000000000,-139.1217803955
19998624.0000000000,-139.1427154541
20044722.0000000000,-139.1526184082
20090926.0000000000,-139.1578674316
20137238.0000000000,-139.2452697754
20183656.0000000000,-139.2629852295
20230202.0000000000,-139.2629852295
20276834.0000000000,-139.2629852295
20323574.0000000000,-139.2629852295
20370422.0000000000,-139.2629852295
20417376.0000000000,-139.2629852295
20464440.0000000000,-139.2904663086
20511612.0000000000,-139.2904663086
20558916.0000000000,-139.2904663086
20606306.0000000000,-139.2904663086
20653804.0000000000,-139.2921600342
20701412.0000000000,-139.2992248535
20749130.0000000000,-139.3285217285
20796960.0000000000,-139.3299713135
20844898.0000000000,-139.3299713135
20892970.0000000000,-139.3299713135
20941130.0000000000,-139.3299713135
20989400.0000000000,-139.3299713135
21037782.0000000000,-139.3299713135
21086276.0000000000,-139.3346710205
21134882.0000000000,-139.3548736572
21183622.0000000000,-139.3574218750
21232452.0000000000,-139.4017181396
21281394.0000000000,-139.4955291748
21330448.0000000000,-139.5452575684
21379618.0000000000,-139.5482330322
21428898.0000000000,-139.6224060059
21478294.0000000000,-139.6740264893
21527826.0000000000,-139.6787567139
21577450.0000000000,-139.7039642334
21627188.0000000000,-139.7330322266
21677040.0000000000,-139.7446594238
21727006.0000000000,-139.7539215088
21777088.0000000000,-139.7592010498
21827310.0000000000,-139.7785949707
21877624.0000000000,-139.7872467041
21928054.0000000000,-139.7872467041
21978600.0000000000,-139.7872467041
22029262.0000000000,-139.7872467041
22080040.0000000000,-139.7957763672
22130936.0000000000,-139.8018493652
22181974.0000000000,-139.8249816895
22233106.0000000000,-139.8328094482
22284354.0000000000,-139.9894714355
22335722.0000000000,-140.1860656738
22387206.0000000000,-140.1860656738
22438810.0000000000,-140.1860656738
22490558.0000000000,-140.1860656738
22542400.0000000000,-140.1860656738
22594362.0000000000,-140.1860656738
22646444.0000000000,-140.1860656738
22698646.0000000000,-140.1860656738
22750968.0000000000,-140.1860656738
22803410.0000000000,-140.2085113525
22855998.0000000000,-140.2310638428
22908684.0000000000,-140.2310638428
22961490.0000000000,-140.2310638428
23014418.0000000000,-140.2310638428
23067468.0000000000,-140.2310638428
23120640.0000000000,-140.2310638428
23173934.0000000000,-140.2310638428
23227378.0000000000,-140.2310638428
23280918.0000000000,-140.2310638428
23334582.0000000000,-140.2310638428
23388370.0000000000,-140.2310638428
23442282.0000000000,-140.2310638428
23496318.0000000000,-140.2085113525
23550504.0000000000,-140.1860656738
23604790.0000000000,-140.1860656738
23659200.0000000000,-140.1860656738
23713738.0000000000,-140.1860656738
23768398.0000000000,-140.1860656738
23823186.0000000000,-140.1860656738
23878100.0000000000,-140.1860656738
23933168.0000000000,-140.1860656738
23988336.0000000000,-140.1860656738
24043630.0000000000,-140.1860656738
24099052.0000000000,-140.1860656738
24154602.0000000000,-140.1860656738
24210280.0000000000,-140.1860656738
24266114.0000000000,-140.1860656738
24322048.0000000000,-140.1860656738
24378112.0000000000,-140.1860656738
24434306.0000000000,-140.2933502197
24490628.0000000000,-140.3110198975
24547082.0000000000,-140.3110198975
24603664.0000000000,-140.2937622070
24660404.0000000000,-140.2937622070
24717248.0000000000,-140.2937622070
24774224.0000000000,-140.3110198975
24831330.0000000000,-140.3285675049
24888568.0000000000,-140.4612274170
24945938.0000000000,-140.3285675049
25003440.0000000000,-140.3110198975
25061102.0000000000,-140.2937622070
25118870.0000000000,-140.2937622070
25176770.0000000000,-140.3110198975
25234804.0000000000,-140.3285675049
25292972.0000000000,-140.4612274170
25351274.0000000000,-140.4802856445
25409740.0000000000,-140.4902496338
25468310.0000000000,-140.5116119385
25527016.0000000000,-140.5116119385
25585858.0000000000,-140.5116119385
25644836.0000000000,-140.5160980225
25703948.0000000000,-140.5223541260
25763198.0000000000,-140.5239715576
25822612.0000000000,-140.5474700928
25882136.0000000000,-140.5663146973
25941796.0000000000,-140.6303253174
26001594.0000000000,-140.6376342773
26061528.0000000000,-140.6437683105
26121602.0000000000,-140.6656646729
26181844.0000000000,-140.7089996338
26242194.0000000000,-140.7089996338
26302684.0000000000,-140.7089996338
26363314.0000000000,-140.7089996338
26424084.0000000000,-140.7092437744
26484992.0000000000,-140.7468109131
26546042.0000000000,-140.8046569824
26607262.0000000000,-140.8227539063
26668594.0000000000,-140.8472595215
26730066.0000000000,-140.9726409912
26791682.0000000000,-140.9804992676
26853438.0000000000,-140.9985351563
26915338.0000000000,-141.0128173828
26977408.0000000000,-141.0322418213
27039594.0000000000,-141.0369873047
27101922.0000000000,-141.0991973877
27164394.0000000000,-141.1049957275
27227010.0000000000,-141.1049957275
27289770.0000000000,-141.1131591797
27352674.0000000000,-141.1636962891
27415754.0000000000,-141.1903686523
27478950.0000000000,-141.3835296631
27542290.0000000000,-141.4024658203
27605778.0000000000,-141.4642028809
27669410.0000000000,-141.4742584229
27733190.0000000000,-141.4921417236
27797118.0000000000,-141.5193634033
27861222.0000000000,-141.5359954834
27925444.0000000000,-141.5496826172
27989814.0000000000,-141.5961761475
28054334.0000000000,-141.8242340088
28119000.0000000000,-141.8285064697
28183816.0000000000,-141.8520965576
28248814.0000000000,-141.8520965576
28313930.0000000000,-141.8285064697
28379194.0000000000,-141.8242340088
28444610.0000000000,-141.6484222412
28510178.0000000000,-141.6484222412
28575896.0000000000,-141.8242340088
28641766.0000000000,-141.8242340088
28707818.0000000000,-141.8285064697
28773992.0000000000,-141.8285064697
28840318.0000000000,-141.8486633301
28906796.0000000000,-141.8486633301
28973428.0000000000,-141.8486633301
29040214.0000000000,-141.8486633301
29107186.0000000000,-141.8731079102
29174280.0000000000,-141.8825836182
29241530.0000000000,-141.8825836182
29308932.0000000000,-141.8885345459
29376492.0000000000,-141.8889923096
29444208.0000000000,-141.9237060547
29512078.0000000000,-141.9826202393
29580138.0000000000,-141.9826202393
29648322.0000000000,-142.0119171143
29716664.0000000000,-142.0631866455
29785162.0000000000,-142.0640258789
29853820.0000000000,-142.1136169434
29922634.0000000000,-142.1450042725
29991642.0000000000,-142.1843414307
30060774.0000000000,-142.2685089111
30130066.0000000000,-142.2923126221
30199518.0000000000,-142.3120574951
30269130.0000000000,-142.3120574951
30338904.0000000000,-142.3120574951
30408836.0000000000,-142.3170623779
30478964.0000000000,-142.3183135986
30549220.0000000000,-142.3183135986
30619638.0000000000,-142.3183135986
30690220.0000000000,-142.3183135986
30760962.0000000000,-142.3183135986
30831868.0000000000,-142.3183135986
30902938.0000000000,-142.3183135986
30974206.0000000000,-142.3191223145
31045604.0000000000,-142.3292083740
31117166.0000000000,-142.3614349365
31188892.0000000000,-142.4499816895
31260786.0000000000,-142.4499816895
31332844.0000000000,-142.4499816895
31405102.0000000000,-142.4499816895
31477494.0000000000,-142.4499816895
31550052.0000000000,-142.4499816895
31622776.0000000000,-142.4499816895
31695670.0000000000,-142.4499816895
31768730.0000000000,-142.4499816895
31841960.0000000000,-142.4499816895
31915392.0000000000,-142.4499816895
31988960.0000000000,-142.4499816895
32062696.0000000000,-142.4499816895
32136604.0000000000,-142.4499816895
32210680.0000000000,-142.4499816895
32284928.0000000000,-142.4499816895
32359382.0000000000,-142.4499816895
32433974.0000000000,-142.4499816895
32508736.0000000000,-142.4499816895
32583670.0000000000,-142.4499816895
32658778.0000000000,-142.4499816895
32734060.0000000000,-142.2049407959
32809514.0000000000,-142.2049407959
32885178.0000000000,-142.2049407959
32960980.0000000000,-142.2049407959
33036958.0000000000,-142.2049407959
33113110.0000000000,-142.2049407959
33189438.0000000000,-142.2049407959
33265942.0000000000,-142.2049407959
33342624.0000000000,-142.2049407959
33419516.0000000000,-142.2049407959
33496552.0000000000,-142.2049407959
33573764.0000000000,-142.2049407959
33651152.0000000000,-142.2049407959
33728720.0000000000,-142.2049407959
33806468.0000000000,-142.2049407959
33884432.0000000000,-142.2049407959
33962536.0000000000,-142.2049407959
34040824.0000000000,-142.2049407959
34119292.0000000000,-142.2049407959
34197936.0000000000,-142.2049407959
34276768.0000000000,-142.2049407959
34355776.0000000000,-142.4468688965
34435008.0000000000,-142.8210144043
34514384.0000000000,-142.8845672607
34593940.0000000000,-142.9517822266
34673680.0000000000,-142.9739379883
34753608.0000000000,-143.1339569092
34833716.0000000000,-143.1838073730
34914048.0000000000,-143.2439422607
34994528.0000000000,-143.3726959229
35075192.0000000000,-143.4877166748
35156044.0000000000,-143.5740356445
35237080.0000000000,-143.5909423828
35318304.0000000000,-143.6006774902
35399716.0000000000,-143.6573028564
35481356.0000000000,-143.6842651367
35563140.0000000000,-143.7315826416
35645116.0000000000,-143.7331542969
35727280.0000000000,-143.8517608643
35809636.0000000000,-143.8838806152
35892180.0000000000,-143.9728088379
35974952.0000000000,-144.0035858154
36057876.0000000000,-144.0193176270
36140992.0000000000,-144.0446166992
36224300.0000000000,-144.1060180664
36307800.0000000000,-144.1431274414
36391492.0000000000,-144.1431274414
36475376.0000000000,-144.1431274414
36559496.0000000000,-144.1431274414
36643768.0000000000,-144.1431274414
36728236.0000000000,-144.1431274414
36812896.0000000000,-144.1431274414
36897752.0000000000,-144.1431274414
36982804.0000000000,-144.1431274414
37068052.0000000000,-144.1689147949
37153536.0000000000,-144.3087310791
37239180.0000000000,-144.3236846924
37325020.0000000000,-144.3382110596
37411056.0000000000,-144.3473968506
37497292.0000000000,-144.3500671387
37583724.0000000000,-144.3888244629
37670400.0000000000,-144.4053192139
37757232.0000000000,-144.4053192139
37844264.0000000000,-144.4053192139
37931500.0000000000,-144.4053192139
38018932.0000000000,-144.4053192139
38106568.0000000000,-144.4053192139
38194408.0000000000,-144.4053192139
38282492.0000000000,-144.4053192139
38370736.0000000000,-144.4053192139
38459180.0000000000,-144.4217224121
38547832.0000000000,-144.4358062744
38636688.0000000000,-144.4358062744
38725748.0000000000,-144.4358062744
38815056.0000000000,-144.4358062744
38904528.0000000000,-144.4358062744
38994204.0000000000,-144.4358062744
39084092.0000000000,-144.4358062744
39174180.0000000000,-144.4358062744
39264480.0000000000,-144.4358062744
39354988.0000000000,-144.4358062744
39445748.0000000000,-144.5404052734
39536672.0000000000,-144.5438232422
39627808.0000000000,-144.5438232422
39719152.0000000000,-144.5438232422
39810708.0000000000,-144.6231689453
39902476.0000000000,-144.6702423096
39994496.0000000000,-144.7820587158
40086688.0000000000,-144.8451080322
40179088.0000000000,-144.9418334961
40271704.0000000000,-144.9535369873
40364536.0000000000,-144.9535369873
40457576.0000000000,-144.9535369873
40550836.0000000000,-144.9535369873
40644352.0000000000,-144.9535369873
40738040.0000000000,-144.9535369873
40831944.0000000000,-144.9535369873
40926064.0000000000,-144.9535369873
41020404.0000000000,-144.9535369873
41114956.0000000000,-144.9535369873
41209732.0000000000,-144.8966827393
41304768.0000000000,-144.7820587158
41399976.0000000000,-144.6231689453
41495408.0000000000,-144.5555267334
41591056.0000000000,-144.3829803467
41686928.0000000000,-144.2437438965
41783020.0000000000,-144.2250671387
41879376.0000000000,-144.1962738037
41975912.0000000000,-144.1740264893
42072668.0000000000,-144.1589508057
42169652.0000000000,-144.1354522705
42266856.0000000000,-144.1051635742
42364284.0000000000,-144.0678558350
42461936.0000000000,-143.9746856689
42559860.0000000000,-143.8914031982
42657964.0000000000,-143.8449707031
42756292.0000000000,-143.8049774170
42854848.0000000000,-143.8016815186
42953632.0000000000,-143.7568359375
43052644.0000000000,-143.7568359375
43151932.0000000000,-143.5391845703
43251400.0000000000,-143.5057067871
43351096.0000000000,-143.5057067871
43451024.0000000000,-143.5057067871
43551180.0000000000,-143.5057067871
43651568.0000000000,-143.5057067871
43752188.0000000000,-143.5057067871
43853088.0000000000,-143.5057067871
43954176.0000000000,-143.5057067871
44055492.0000000000,-143.5057067871
44157044.0000000000,-143.5057067871
44258828.0000000000,-143.5057067871
44360848.0000000000,-143.5057067871
44463104.0000000000,-143.5057067871
44565644.0000000000,-143.5057067871
44668368.0000000000,-143.5057067871
44771332.0000000000,-143.5391845703
44874532.0000000000,-143.5728607178
44977972.0000000000,-143.8016815186
45081652.0000000000,-143.8914031982
45185616.0000000000,-144.0678558350
45289772.0000000000,-144.1258697510
45394168.0000000000,-144.1354522705
45498804.0000000000,-144.1962738037
45603684.0000000000,-144.9113769531
45708804.0000000000,-145.0941772461
45814164.0000000000,-145.3233337402
45919820.0000000000,-145.3233337402
46025668.0000000000,-145.3233337402
46131760.0000000000,-145.3233337402
46238100.0000000000,-145.3233337402
46344680.0000000000,-145.3233337402
46451508.0000000000,-145.3804626465
46558632.0000000000,-145.3918457031
46665956.0000000000,-145.5413665771
46773524.0000000000,-145.7181854248
46881340.0000000000,-145.7300262451
46989404.0000000000,-145.8066253662
47097716.0000000000,-145.9381408691
47206280.0000000000,-145.9699249268
47315148.0000000000,-146.1021118164
47424212.0000000000,-146.1709289551
47533528.0000000000,-146.1989440918
47643096.0000000000,-146.3089294434
47752916.0000000000,-146.3089294434
47862992.0000000000,-146.3089294434
47973372.0000000000,-146.3089294434
48083952.0000000000,-146.1989440918
48194788.0000000000,-146.1709289551
48305880.0000000000,-146.1021118164
48417232.0000000000,-145.9766998291
48528836.0000000000,-145.9699249268
48640696.0000000000,-145.8066253662
48752872.0000000000,-145.7300262451
48865252.0000000000,-145.7300262451
48977888.0000000000,-145.7300262451
49090784.0000000000,-145.7458190918
49203944.0000000000,-145.8066253662
49317364.0000000000,-145.9766998291
49431044.0000000000,-146.1709289551
49545040.0000000000,-145.9766998291
49659244.0000000000,-145.8326416016
49773712.0000000000,-145.8066253662
49888444.0000000000,-145.8066253662
50003440.0000000000,-145.8066253662
50118700.0000000000,-145.8066253662
50234284.0000000000,-145.8066253662
50350076.0000000000,-145.8326416016
50466136.0000000000,-145.8326416016
50582464.0000000000,-145.8326416016
50699060.0000000000,-145.8326416016
50815928.0000000000,-145.8326416016
50933060.0000000000,-145.8326416016
51050520.0000000000,-145.8326416016
51168196.0000000000,-145.8326416016
51286144.0000000000,-145.8326416016
51404360.0000000000,-145.7458190918
51522852.0000000000,-145.7458190918
51641616.0000000000,-145.7290496826
51760712.0000000000,-145.6834106445
51880024.0000000000,-145.6834106445
51999608.0000000000,-145.6834106445
52119472.0000000000,-145.6834106445
52239612.0000000000,-145.6834106445
52360028.0000000000,-145.6834106445
52480720.0000000000,-145.6834106445
52601752.0000000000,-145.7008361816
52723000.0000000000,-145.7290496826
52844532.0000000000,-145.7458190918
52966340.0000000000,-145.8326416016
53088432.0000000000,-145.8326416016
53210804.0000000000,-145.8326416016
53333520.0000000000,-145.8326416016
53456456.0000000000,-145.8326416016
53579676.0000000000,-145.8326416016
53703180.0000000000,-145.8326416016
53826972.0000000000,-145.7290496826
53951048.0000000000,-145.7008361816
54075408.0000000000,-145.6834106445
54200116.0000000000,-145.6758728027
54325048.0000000000,-145.6758728027
54450272.0000000000,-145.6758728027
54575784.0000000000,-145.6834106445
54701584.0000000000,-145.7008361816
54827676.0000000000,-145.7008361816
54954060.0000000000,-145.7008361816
55080792.0000000000,-145.7008361816
55207756.0000000000,-145.7008361816
55335016.0000000000,-145.7008361816
55462564.0000000000,-145.7290496826
55590412.0000000000,-145.8056030273
55718552.0000000000,-145.9286041260
55847048.0000000000,-145.9584197998
55975780.0000000000,-146.1311187744
56104808.0000000000,-146.4537811279
56234132.0000000000,-146.4703826904
56363756.0000000000,-146.5163269043
56493680.0000000000,-146.5163269043
56623900.0000000000,-146.5163269043
56754484.0000000000,-146.5163269043
56885308.0000000000,-146.5163269043
57016432.0000000000,-146.5163269043
57147860.0000000000,-146.5163269043
57279588.0000000000,-146.4703826904
57411624.0000000000,-146.3166503906
57544024.0000000000,-146.3166503906
57676668.0000000000,-146.3166503906
57809616.0000000000,-146.3166503906
57942872.0000000000,-146.3166503906
58076432.0000000000,-146.3166503906
58210304.0000000000,-146.4028625488
58344484.0000000000,-146.4028625488
58479036.0000000000,-146.4028625488
58613832.0000000000,-146.4028625488
58748944.0000000000,-146.4028625488
58884364.0000000000,-146.4028625488
59020096.0000000000,-146.4867706299
59156140.0000000000,-146.5661468506
59292500.0000000000,-146.6053466797
59429240.0000000000,-146.6838836670
59566228.0000000000,-146.7052917480
59703532.0000000000,-146.7052917480
59841152.0000000000,-146.7052917480
59979092.0000000000,-146.6838836670
60117348.0000000000,-146.6838836670
60255988.0000000000,-146.6838836670
60394884.0000000000,-146.6838836670
60534096.0000000000,-146.6838836670
60673632.0000000000,-146.6838836670
60813488.0000000000,-146.6838836670
60953668.0000000000,-146.6838836670
61094172.0000000000,-146.6053466797
61235064.0000000000,-146.4867706299
61376216.0000000000,-146.4028625488
61517692.0000000000,-146.3166503906
61659496.0000000000,-146.3102264404
61801624.0000000000,-146.3102264404
61944080.0000000000,-146.3102264404
62086936.0000000000,-146.3102264404
62230048.0000000000,-146.3102264404
62373496.0000000000,-146.3102264404
62517268.0000000000,-146.4028625488
62661376.0000000000,-146.4867706299
62805816.0000000000,-146.6053466797
62950588.0000000000,-146.6838836670
63095764.0000000000,-146.7801971436
63241204.0000000000,-146.8690795898
63386976.0000000000,-146.9974975586
63533088.0000000000,-147.1207580566
63679536.0000000000,-147.1207580566
63826324.0000000000,-147.1207580566
63973516.0000000000,-147.2747344971
64120980.0000000000,-147.3996887207
64268784.0000000000,-147.4584045410
64416928.0000000000,-148.0272369385
64565416.0000000000,-148.0272369385
64714244.0000000000,-148.0272369385
64863412.0000000000,-148.0272369385
65013000.0000000000,-148.0272369385
65162860.0000000000,-147.4584045410
65313064.0000000000,-147.3996887207
65463616.0000000000,-147.2747344971
65614512.0000000000,-147.2747344971
65765760.0000000000,-147.3996887207
65917356.0000000000,-147.4584045410
66069372.0000000000,-147.7881164551
66221664.0000000000,-147.7881164551
66374312.0000000000,-147.7881164551
66527308.0000000000,-148.0272369385
66680660.0000000000,-147.7881164551
66834364.0000000000,-147.7881164551
66988492.0000000000,-148.0272369385
67142904.0000000000,-148.2626190186
67297680.0000000000,-148.7369537354
67452800.0000000000,-148.8260345459
67608288.0000000000,-148.8260345459
67764128.0000000000,-148.8260345459
67920328.0000000000,-148.8260345459
68076968.0000000000,-148.7369537354
68233888.0000000000,-148.7369537354
68391168.0000000000,-148.7369537354
68548816.0000000000,-148.7369537354
68706824.0000000000,-148.7369537354
68865200.0000000000,-148.5092315674
69024016.0000000000,-148.5092315674
69183120.0000000000,-148.5092315674
69342592.0000000000,-148.5092315674
69502432.0000000000,-148.5092315674
69662640.0000000000,-148.3703460693
69823216.0000000000,-148.3269348145
69984168.0000000000,-148.2626190186
70145560.0000000000,-148.0325927734
70307248.0000000000,-148.0272369385
70469312.0000000000,-147.9162292480
70631752.0000000000,-147.7881164551
70794560.0000000000,-147.7881164551
70957752.0000000000,-147.9162292480
71121392.0000000000,-148.0325927734
71285328.0000000000,-148.2626190186
71449648.0000000000,-148.2626190186
71614344.0000000000,-148.2626190186
71779424.0000000000,-148.2626190186
71944880.0000000000,-148.2626190186
72110712.0000000000,-148.2626190186
72277016.0000000000,-148.2626190186
72443616.0000000000,-148.0325927734
72610608.0000000000,-147.9162292480
72777976.0000000000,-147.6053314209
72945736.0000000000,-147.4324493408
73113880.0000000000,-147.1818695068
73282416.0000000000,-147.1818695068
73451416.0000000000,-147.1818695068
73620728.0000000000,-147.1818695068
73790432.0000000000,-147.1818695068
73960520.0000000000,-147.1818695068
74131008.0000000000,-147.1818695068
74301880.0000000000,-147.1818695068
74473232.0000000000,-147.1818695068
74644904.0000000000,-147.1818695068
74816960.0000000000,-147.1818695068
74989424.0000000000,-147.1818695068
75162280.0000000000,-147.4324493408
75335528.0000000000,-147.4324493408
75509184.0000000000,-147.4324493408
75683320.0000000000,-147.4324493408
75857776.0000000000,-147.1818695068
76032632.0000000000,-146.8916015625
76207896.0000000000,-146.8916015625
76383560.0000000000,-146.8916015625
76559632.0000000000,-146.7911682129
76736192.0000000000,-146.7911682129
76913072.0000000000,-146.7911682129
77090360.0000000000,-146.7911682129
77268064.0000000000,-146.7911682129
77446168.0000000000,-146.7911682129
77624688.0000000000,-146.7911682129
77803616.0000000000,-146.7147064209
77983048.0000000000,-146.7017822266
78162800.0000000000,-146.6306762695
78342976.0000000000,-146.0621795654
78523560.0000000000,-145.9004516602
78704560.0000000000,-145.8570861816
78885984.0000000000,-145.7825622559
79067816.0000000000,-145.6322479248
79250160.0000000000,-145.6322479248
79432840.0000000000,-145.6322479248
79615936.0000000000,-145.6322479248
79799456.0000000000,-146.0621795654
79983400.0000000000,-146.5616760254
80167768.0000000000,-146.5616760254
80352648.0000000000,-146.3638153076
80537872.0000000000,-146.3638153076
80723512.0000000000,-146.1119384766
80909592.0000000000,-145.6322479248
81096088.0000000000,-145.6290130615
81283024.0000000000,-145.6290130615
81470384.0000000000,-145.6290130615
81658272.0000000000,-145.6276245117
81846496.0000000000,-145.6204071045
82035160.0000000000,-145.6125793457
82224256.0000000000,-145.5513610840
82413792.0000000000,-145.3679962158
82603760.0000000000,-145.3679962158
82794256.0000000000,-145.3679962158
82985104.0000000000,-145.2405548096
83176392.0000000000,-145.2202301025
83368120.0000000000,-145.2202301025
83560288.0000000000,-145.2202301025
83752904.0000000000,-145.1992950439
83945960.0000000000,-145.1161499023
84139552.0000000000,-145.0682830811
84333496.0000000000,-144.9590301514
84527896.0000000000,-144.9590301514
84722736.0000000000,-144.9590301514
84918032.0000000000,-144.9590301514
85113768.0000000000,-144.9590301514
85310056.0000000000,-144.9590301514
85506704.0000000000,-144.9590301514
85703800.0000000000,-144.9590301514
85901352.0000000000,-144.9590301514
86099360.0000000000,-145.0682830811
86297832.0000000000,-145.1161499023
86496752.0000000000,-145.2405548096
86696224.0000000000,-145.6290130615
86896072.0000000000,-145.6408233643
87096368.0000000000,-145.7575225830
87297136.0000000000,-145.7575225830
87498360.0000000000,-145.7575225830
87700048.0000000000,-145.6408233643
87902208.0000000000,-145.6290130615
88104920.0000000000,-145.6212768555
88308008.0000000000,-145.6212768555
88511568.0000000000,-145.6212768555
88715592.0000000000,-145.6212768555
88920088.0000000000,-145.6408233643
89125056.0000000000,-145.7575225830
89330592.0000000000,-145.9399566650
89536504.0000000000,-145.9653320313
89742896.0000000000,-146.0305480957
89949760.0000000000,-146.1200561523
90157096.0000000000,-146.2988739014
90364920.0000000000,-146.3563385010
90573216.0000000000,-146.5819244385
90782088.0000000000,-146.5819244385
90991352.0000000000,-146.5819244385
91201088.0000000000,-146.6488189697
91411320.0000000000,-146.6712951660
91622024.0000000000,-146.6712951660
91833224.0000000000,-146.6712951660
92045008.0000000000,-146.6712951660
92257176.0000000000,-146.7053375244
92469832.0000000000,-147.1120300293
92682984.0000000000,-147.1978607178
92896624.0000000000,-147.2501983643
93110760.0000000000,-147.3420562744
93325384.0000000000,-147.4070129395
93540608.0000000000,-147.4763031006
93756224.0000000000,-147.4763031006
93972344.0000000000,-147.4763031006
94188952.0000000000,-147.4866180420
94406064.0000000000,-147.5976715088
94623680.0000000000,-147.5976715088
94841896.0000000000,-147.8634490967
95060512.0000000000,-147.9470214844
95279640.0000000000,-148.0401306152
95499264.0000000000,-148.1363525391
95719392.0000000000,-148.1855316162
95940032.0000000000,-148.1363525391
96161184.0000000000,-148.0401306152
96382952.0000000000,-148.0401306152
96605120.0000000000,-148.0510864258
96827800.0000000000,-148.1363525391
97050992.0000000000,-148.1363525391
97274704.0000000000,-148.1363525391
97498928.0000000000,-148.1363525391
97723672.0000000000,-148.1363525391
97949040.0000000000,-148.1363525391
98174816.0000000000,-148.1363525391
98401120.0000000000,-148.1363525391
98627936.0000000000,-148.0510864258
98855280.0000000000,-148.0401306152
99083152.0000000000,-147.9470214844
99311656.0000000000,-147.9470214844
99540576.0000000000,-148.0401306152
99770024.0000000000,-148.0401306152
100000000.0000000000,-148.0401306152
