Type,FSWP-50
Version,3.02SP1
Date,03.Jul 2026
VSupply,ON
Mode,Voltage
Voltage Set,0.6000000000,V
Voltage Min,0.0000000000,V
Voltage Max,0.6500000000,V
Voltage Meas,0.6075387293,V
Current Max,20.0000000000,mA
Current Meas,19.2205882353,mA
VTune,OFF
Voltage Set,0.0000000000,V
Voltage Min,0.0000000000,V
Voltage Max,0.0100000000,V
Voltage Meas,-0.0167908589,V
Current Max,20.0000000000,mA
Current Meas,0.1473157658,mA
VAux,OFF
Voltage Set,0.0000000000,V
Voltage Min,-10.0000000000,V
Voltage Max,10.0000000000,V
Voltage Meas,-0.0088881710,V
Current Max,100.0000000000,mA
Current Meas,-0.0514231277,mA
Mode,Phase Noise
Measurement,Phase Noise
Input,RF
RF Att,0.0000000000,dB
Coupling,AC
RBW,2.0000000000,%
XCORR Factor,1000
XCORR Optimize,ON
Estimated Meas Time,3.7457527981,s
Sweep Count,5
Signal Frequency,20563634828.0866432190,Hz
Signal Level,-14.3769000000,dBm
Start,10000.0000000000,Hz
Stop,100000000.0000000000,Hz
SubSweep,1
Start,10000.0000000000,Hz
Stop,30000.0000000000,Hz
RBW,600.0000000000,Hz
XCORR Count,1000
SubSweep,2
Start,30000.0000000000,Hz
Stop,100000.0000000000,Hz
RBW,600.0000000000,Hz
XCORR Count,1000
SubSweep,3
Start,100000.0000000000,Hz
Stop,300000.0000000000,Hz
RBW,2000.0000000000,Hz
XCORR Count,3300
SubSweep,4
Start,300000.0000000000,Hz
Stop,1000000.0000000000,Hz
RBW,6000.0000000000,Hz
XCORR Count,10000
SubSweep,5
Start,1000000.0000000000,Hz
Stop,3000000.0000000000,Hz
RBW,20000.0000000000,Hz
XCORR Count,10000
SubSweep,6
Start,3000000.0000000000,Hz
Stop,10000000.0000000000,Hz
RBW,60000.0000000000,Hz
XCORR Count,10000
SubSweep,7
Start,10000000.0000000000,Hz
Stop,30000000.0000000000,Hz
RBW,200000.0000000000,Hz
XCORR Count,10000
SubSweep,8
Start,30000000.0000000000,Hz
Stop,100000000.0000000000,Hz
RBW,600000.0000000000,Hz
XCORR Count,10000
Integrated Measurements Range,1
Start,10000.0000000000,Hz
Stop,100000000.0000000000,Hz
Weighting,OFF
Integrated Measurements Range,2
Start,10000.0000000000,Hz
Stop,100000000.0000000000,Hz
Weighting,OFF
Integrated Measurements Range,3
Start,10000.0000000000,Hz
Stop,100000000.0000000000,Hz
Weighting,OFF
Integrated Measurements Range,4
Start,10000.0000000000,Hz
Stop,100000000.0000000000,Hz
Weighting,OFF
Integrated Measurements Range,5
Start,10000.0000000000,Hz
Stop,100000000.0000000000,Hz
Weighting,OFF
Integrated Measurements Range,6
Start,10000.0000000000,Hz
Stop,100000000.0000000000,Hz
Weighting,OFF
Integrated Measurements Range,7
Start,10000.0000000000,Hz
Stop,100000000.0000000000,Hz
Weighting,OFF
Integrated Measurements Range,8
Start,10000.0000000000,Hz
Stop,100000000.0000000000,Hz
Weighting,OFF
Integrated Measurements Range,9
Start,10000.0000000000,Hz
Stop,100000000.0000000000,Hz
Weighting,OFF
Integrated Measurements Range,10
Start,10000.0000000000,Hz
Stop,100000000.0000000000,Hz
Weighting,OFF
Spot Noise Decade Edges,OFF
Spot Noise User Defined,ON
Spot Noise User Defined Offset,1
State,OFF
Offset,1000.0000000000,Hz
Spot Noise User Defined Offset,2
State,OFF
Offset,10000.0000000000,Hz
Spot Noise User Defined Offset,3
State,ON
Offset,100000.0000000000,Hz
Spot Noise User Defined Offset,4
State,ON
Offset,1000000.0000000000,Hz
Spot Noise User Defined Offset,5
State,ON
Offset,10000000.0000000000,Hz
Spot Noise User Defined Offset,6
State,OFF
Offset,100000000.0000000000,Hz
Window,1,Noise Spectrum
Trace,1
Trace Mode,CLR/WRITE
Trace Result,PN
Smoothing,ON
Smoothing Value,1.0000000000,%
Spurious Removal,ON
Spurious Removal Threshold,6.0000000000,dB
Trace Offset,OFF
Trace Offset,0.0000000000,dB
Trace Label,OFF
Trace Label,Trace 1
x-Unit,Hz
y-Unit,dBc/Hz
Values,4001
10000.0000000000,-54.5720520020
10023.0507812500,-54.6287612915
10046.1542968750,-54.6854705811
10069.3115234375,-54.7421798706
10092.5332031250,-54.7961540222
10115.7968750000,-54.8499183655
10139.1152343750,-54.9036827087
10162.4863281250,-54.9574432373
10185.9111328125,-55.0054092407
10209.3906250000,-55.0490264893
10232.9355468750,-55.0926628113
10256.5234375000,-55.1362762451
10280.1650390625,-55.1767272949
10303.8613281250,-55.2076911926
10327.6123046875,-55.2386550903
10351.4189453125,-55.2696151733
10375.2792968750,-55.3005790710
10399.2060546875,-55.3214530945
10423.1777343750,-55.3420181274
10447.2031250000,-55.3625793457
10471.2851562500,-55.3831405640
10495.4218750000,-55.3993568420
10519.6152343750,-55.4139976501
10543.8632812500,-55.4286384583
10568.1787109375,-55.4432830811
10592.5400390625,-55.4567909241
10616.9560546875,-55.4693260193
10641.4287109375,-55.4818572998
10665.9580078125,-55.4943923950
10690.5439453125,-55.5067939758
10715.1982421875,-55.5189895630
10739.8974609375,-55.5311775208
10764.6533203125,-55.5433654785
10789.4667968750,-55.5555000305
10814.3378906250,-55.5674743652
10839.2656250000,-55.5794525146
10864.2509765625,-55.5914268494
10889.3056640625,-55.6033439636
10914.4062500000,-55.6149787903
10939.5644531250,-55.6266136169
10964.7812500000,-55.6382484436
10990.0556640625,-55.6499633789
11015.3886718750,-55.6621360779
11040.7919921875,-55.6743164063
11066.2412109375,-55.6864929199
11091.7500000000,-55.6990928650
11117.3173828125,-55.7142257690
11142.9433593750,-55.7293548584
11168.6289062500,-55.7444839478
11194.3730468750,-55.7607498169
11220.1894531250,-55.7822532654
11246.0527343750,-55.8037490845
11271.9755859375,-55.8252410889
11297.9580078125,-55.8489875793
11324.0009765625,-55.8795585632
11350.1035156250,-55.9101295471
11376.2792968750,-55.9407157898
11402.5019531250,-55.9744720459
11428.7861328125,-56.0140495300
11455.1298828125,-56.0536308289
11481.5351562500,-56.0932121277
11508.0000000000,-56.1353454590
11534.5273437500,-56.1801147461
11561.1279296875,-56.2249069214
11587.7773437500,-56.2696762085
11614.4873046875,-56.3137130737
11641.2597656250,-56.3573913574
11668.0937500000,-56.4010696411
11694.9892578125,-56.4447479248
11721.9472656250,-56.4824066162
11748.9804687500,-56.5192070007
11776.0625000000,-56.5559883118
11803.2070312500,-56.5916748047
11830.4140625000,-56.6187782288
11857.6845703125,-56.6458816528
11885.0166015625,-56.6729850769
11912.4257812500,-56.6967201233
11939.8847656250,-56.7150611877
11967.4072265625,-56.7334022522
11994.9931640625,-56.7517433167
12022.6425781250,-56.7666168213
12050.3554687500,-56.7799263000
12078.1318359375,-56.7932395935
12105.9863281250,-56.8065528870
12133.8916015625,-56.8197822571
12161.8613281250,-56.8330116272
12189.8955078125,-56.8462409973
12217.9931640625,-56.8611030579
12246.1572265625,-56.8785247803
12274.3984375000,-56.8959579468
12302.6923828125,-56.9133796692
12331.0507812500,-56.9356231689
12359.4746093750,-56.9591827393
12387.9638671875,-56.9827384949
12416.5195312500,-57.0074043274
12445.1396484375,-57.0362091064
12473.8408203125,-57.0650291443
12502.5937500000,-57.0938339233
12531.4130859375,-57.1245307922
12560.2988281250,-57.1561737061
12589.2509765625,-57.1878166199
12618.2705078125,-57.2196617126
12647.3701171875,-57.2526550293
12676.5234375000,-57.2856330872
12705.7441406250,-57.3186111450
12735.0312500000,-57.3530387878
12764.3867187500,-57.3882064819
12793.8095703125,-57.4233779907
12823.2998046875,-57.4593772888
12852.8730468750,-57.4987106323
12882.4990234375,-57.5380210876
12912.1943359375,-57.5773353577
12941.9580078125,-57.6195373535
12971.7900390625,-57.6626129150
13001.6914062500,-57.7056922913
13031.6611328125,-57.7482719421
13061.7138671875,-57.7899856567
13091.8222656250,-57.8316841125
13122.0000000000,-57.8733825684
13152.2470703125,-57.9057540894
13182.5634765625,-57.9379501343
13212.9501953125,-57.9701461792
13243.4218750000,-57.9930953979
13273.9492187500,-58.0105514526
13304.5468750000,-58.0280036926
13335.2138671875,-58.0418357849
13365.9531250000,-58.0472145081
13396.7626953125,-58.0525970459
13427.6425781250,-58.0579757690
13458.6093750000,-58.0607261658
13489.6328125000,-58.0634689331
13520.7265625000,-58.0662117004
13551.8935546875,-58.0739440918
13583.1308593750,-58.0836257935
13614.4414062500,-58.0933036804
13645.8388671875,-58.1077766418
13677.2929687500,-58.1277198792
13708.8203125000,-58.1476631165
13740.4199218750,-58.1689796448
13772.0927734375,-58.1946945190
13803.8388671875,-58.2204093933
13835.6572265625,-58.2460479736
13867.5644531250,-58.2693061829
13899.5302734375,-58.2925529480
13931.5693359375,-58.3157997131
13963.6826171875,-58.3326873779
13995.8701171875,-58.3484573364
14028.1318359375,-58.3642272949
14060.4677734375,-58.3767433167
14092.8935546875,-58.3878097534
14125.3789062500,-58.3988761902
14157.9384765625,-58.4122810364
14190.5732421875,-58.4275512695
14223.2841796875,-58.4428176880
14256.0693359375,-58.4639549255
14288.9462890625,-58.4924812317
14321.8837890625,-58.5209960938
14354.8964843750,-58.5554542542
14387.9853515625,-58.6008529663
14421.1503906250,-58.6462516785
14454.3925781250,-58.6953430176
14487.7109375000,-58.7537956238
14521.1220703125,-58.8122749329
14554.5947265625,-58.8715133667
14588.1435546875,-58.9333114624
14621.7705078125,-58.9951133728
14655.4746093750,-59.0552330017
14689.2568359375,-59.1089782715
14723.1328125000,-59.1627502441
14757.0703125000,-59.2131500244
14791.0869140625,-59.2504386902
14825.1806640625,-59.2877235413
14859.3544921875,-59.3208541870
14893.6054687500,-59.3390998840
14927.9365234375,-59.3482704163
14962.3632812500,-59.3492202759
14996.8525390625,-59.3518104553
15031.4208984375,-59.3543128967
15066.0693359375,-59.3553543091
15100.7978515625,-59.3573493958
15135.6064453125,-59.3594055176
15170.5117187500,-59.3649406433
15205.4804687500,-59.3667945862
15240.5302734375,-59.3707504272
15275.6611328125,-59.3716049194
15310.8730468750,-59.3741149902
15346.1650390625,-59.3765602112
15381.5390625000,-59.3766250610
15417.0117187500,-59.3836364746
15452.5488281250,-59.4004745483
15488.1679687500,-59.4277191162
15523.8691406250,-59.4588584900
15559.6533203125,-59.4899978638
15595.5195312500,-59.5325202942
15631.4677734375,-59.5765991211
15667.5166015625,-59.6212310791
15703.6318359375,-59.6757659912
15739.8300781250,-59.7303009033
15776.1113281250,-59.7864189148
15812.4765625000,-59.8475723267
15848.9248046875,-59.9087219238
15885.4755859375,-59.9701499939
15922.0927734375,-60.0318489075
15958.7939453125,-60.0935516357
15995.5800781250,-60.1506004333
16032.4511718750,-60.2053680420
16069.4072265625,-60.2601356506
16106.4482421875,-60.3033676147
16143.5927734375,-60.3455314636
16180.8046875000,-60.3853530884
16218.1025390625,-60.4141578674
16255.4863281250,-60.4429626465
16292.9560546875,-60.4677658081
16330.5126953125,-60.4876976013
16368.1738281250,-60.5076370239
16405.9042968750,-60.5262222290
16443.7207031250,-60.5443496704
16481.6250000000,-60.5627555847
16519.6152343750,-60.5859260559
16557.6953125000,-60.6090965271
16595.8613281250,-60.6360816956
16634.1347656250,-60.6692085266
16672.4765625000,-60.7023162842
16710.9082031250,-60.7438583374
16749.4277343750,-60.7885551453
16788.0371093750,-60.8340110779
16826.7343750000,-60.8874130249
16865.5390625000,-60.9408378601
16904.4160156250,-60.9947471619
16943.3808593750,-61.0492477417
16982.4375000000,-61.1037483215
17021.5820312500,-61.1506195068
17060.8183593750,-61.1961898804
17100.1445312500,-61.2373428345
17139.5820312500,-61.2660522461
17179.0898437500,-61.2947463989
17218.6875000000,-61.2985000610
17258.3789062500,-61.3003768921
17298.1601562500,-61.3010330200
17338.0332031250,-61.3035697937
17378.0000000000,-61.3062400818
17418.0761718750,-61.3104438782
17458.2265625000,-61.3106994629
17498.4687500000,-61.3122673035
17538.8027343750,-61.3175125122
17579.2324218750,-61.3207893372
17619.7519531250,-61.3229255676
17660.3867187500,-61.3254165649
17701.0957031250,-61.3260917664
17741.8984375000,-61.3292541504
17782.7949218750,-61.3385658264
17823.7851562500,-61.3538169861
17864.8691406250,-61.3709030151
17906.0488281250,-61.3880996704
17947.3437500000,-61.4070510864
17988.7148437500,-61.4259948730
18030.1796875000,-61.4464035034
18071.7402343750,-61.4678001404
18113.3964843750,-61.4898796082
18155.1484375000,-61.5157661438
18197.0175781250,-61.5416679382
18238.9628906250,-61.5719680786
18281.0058593750,-61.6039962769
18323.1445312500,-61.6381301880
18365.3808593750,-61.6772155762
18407.7148437500,-61.7163047791
18450.1445312500,-61.7626228333
18492.6953125000,-61.8098373413
18535.3222656250,-61.8616409302
18578.0468750000,-61.9180564880
18620.8710937500,-61.9754791260
18663.7929687500,-62.0403137207
18706.8144531250,-62.1051483154
18749.9355468750,-62.1724433899
18793.1757812500,-62.2405738831
18836.4941406250,-62.3061523438
18879.9140625000,-62.3679504395
18923.4335937500,-62.4287719727
18967.0546875000,-62.4738769531
19010.7734375000,-62.5189781189
19054.6171875000,-62.5466270447
19098.5390625000,-62.5476150513
19142.5625000000,-62.5491104126
19186.6875000000,-62.5496520996
19230.9140625000,-62.5573120117
19275.2421875000,-62.5580062866
19319.6738281250,-62.5670585632
19364.2285156250,-62.5701293945
19408.8632812500,-62.5768013000
19453.6015625000,-62.5775299072
19498.4433593750,-62.5840988159
19543.3886718750,-62.5859565735
19588.4375000000,-62.5865440369
19633.6132812500,-62.5979537964
19678.8691406250,-62.6319580078
19724.2304687500,-62.6659660339
19769.6972656250,-62.7015876770
19815.2675781250,-62.7122612000
19860.9433593750,-62.7141838074
19906.7226562500,-62.7218589783
19952.6328125000,-62.7258682251
19998.6250000000,-62.7346801758
20044.7226562500,-62.7376899719
20090.9277343750,-62.7454528809
20137.2382812500,-62.7557334900
20183.6562500000,-62.7670364380
20230.2031250000,-62.7763442993
20276.8339843750,-62.7782058716
20323.5742187500,-62.7905387878
20370.4218750000,-62.7927742004
20417.3769531250,-62.8072547913
20464.4394531250,-62.8091964722
20511.6113281250,-62.8092079163
20558.9160156250,-62.8137817383
20606.3046875000,-62.8592720032
20653.8046875000,-62.9049453735
20701.4121093750,-62.9527969360
20749.1308593750,-63.0006523132
20796.9589843750,-63.0450553894
20844.8984375000,-63.0892410278
20892.9687500000,-63.1305770874
20941.1289062500,-63.1712532043
20989.4003906250,-63.2110366821
21037.7812500000,-63.2504425049
21086.2753906250,-63.2885093689
21134.8808593750,-63.3256835938
21183.6210937500,-63.3595314026
21232.4511718750,-63.3901138306
21281.3945312500,-63.4170341492
21330.4492187500,-63.4389953613
21379.6171875000,-63.4598274231
21428.8984375000,-63.4785881042
21478.2929687500,-63.4995536804
21527.8261718750,-63.5259742737
21577.4492187500,-63.5561714172
21627.1875000000,-63.5986709595
21677.0390625000,-63.6442298889
21727.0058593750,-63.7027053833
21777.0878906250,-63.7624092102
21827.3105468750,-63.8286933899
21877.6230468750,-63.8945503235
21928.0527343750,-63.9578170776
21978.5996093750,-64.0197830200
22029.2617187500,-64.0719909668
22080.0410156250,-64.1225509644
22130.9355468750,-64.1599731445
22181.9746093750,-64.1957855225
22233.1054687500,-64.2189865112
22284.3535156250,-64.2411346436
22335.7207031250,-64.2560348511
22387.2070312500,-64.2714385986
22438.8105468750,-64.2897109985
22490.5585937500,-64.3109359741
22542.4003906250,-64.3456115723
22594.3632812500,-64.3851013184
22646.4433593750,-64.4418106079
22698.6464843750,-64.5019836426
22750.9667968750,-64.5716781616
22803.4101562500,-64.6382827759
22855.9980468750,-64.6421279907
22908.6835937500,-64.6423797607
22961.4902343750,-64.6500701904
23014.4179687500,-64.6673278809
23067.4667968750,-64.6784973145
23120.6386718750,-64.6972503662
23173.9335937500,-64.6984329224
23227.3769531250,-64.7093353271
23280.9179687500,-64.7408370972
23334.5820312500,-64.7443618774
23388.3710937500,-64.7457199097
23442.2812500000,-64.7691345215
23496.3183593750,-64.7728424072
23550.5039062500,-64.7816314697
23604.7910156250,-64.7844161987
23659.2011718750,-64.8218002319
23713.7363281250,-64.8553848267
23768.3984375000,-64.8751525879
23823.1875000000,-64.8904037476
23878.1015625000,-64.8974609375
23933.1679687500,-64.9049148560
23988.3359375000,-64.9127349854
24043.6308593750,-64.9281234741
24099.0527343750,-64.9474182129
24154.6035156250,-64.9778289795
24210.2812500000,-65.0106277466
24266.1132812500,-65.0515441895
24322.0488281250,-65.0926208496
24378.1132812500,-65.1343688965
24434.3066406250,-65.1750335693
24490.6289062500,-65.2137756348
24547.0820312500,-65.2521057129
24603.6640625000,-65.2900924683
24660.4042968750,-65.3323287964
24717.2480468750,-65.3759078979
24774.2226562500,-65.4299163818
24831.3300781250,-65.4860992432
24888.5683593750,-65.5503845215
24945.9375000000,-65.6153793335
25003.4394531250,-65.6814117432
25061.1015625000,-65.7235641479
25118.8691406250,-65.7305755615
25176.7714843750,-65.7306442261
25234.8046875000,-65.7410354614
25292.9726562500,-65.7492752075
25351.2753906250,-65.7590637207
25409.7402343750,-65.7790832520
25468.3105468750,-65.7958908081
25527.0175781250,-65.7969436646
25585.8593750000,-65.8109664917
25644.8359375000,-65.8350143433
25703.9492187500,-65.8408203125
25763.1972656250,-65.8543472290
25822.6132812500,-65.8647994995
25882.1347656250,-65.8674774170
25941.7949218750,-65.8775558472
26001.5937500000,-65.8787155151
26061.5292968750,-65.9154891968
26121.6015625000,-65.9820709229
26181.8437500000,-66.0444717407
26242.1953125000,-66.1044540405
26302.6835937500,-66.1502380371
26363.3144531250,-66.1912231445
26424.0839843750,-66.2212448120
26484.9921875000,-66.2301864624
26546.0429687500,-66.2356262207
26607.2617187500,-66.2374954224
26668.5937500000,-66.2444152832
26730.0664062500,-66.2463378906
26791.6816406250,-66.2520828247
26853.4375000000,-66.2594833374
26915.3378906250,-66.2629699707
26977.4082031250,-66.2700195313
27039.5937500000,-66.2724838257
27101.9218750000,-66.2770690918
27164.3945312500,-66.2785339355
27227.0097656250,-66.2908859253
27289.7695312500,-66.3415832520
27352.6738281250,-66.4076614380
27415.7539062500,-66.4916152954
27478.9492187500,-66.5814743042
27542.2910156250,-66.6789779663
27605.7773437500,-66.7725753784
27669.4101562500,-66.8635482788
27733.1914062500,-66.8879928589
27797.1171875000,-66.8958206177
27861.2226562500,-66.8987655640
27925.4453125000,-66.9109191895
27989.8144531250,-66.9174041748
28054.3339843750,-66.9325180054
28119.0000000000,-66.9354629517
28183.8164062500,-66.9448089600
28248.8144531250,-66.9692001343
28313.9296875000,-66.9775848389
28379.1953125000,-66.9882888794
28444.6113281250,-67.0058135986
28510.1777343750,-67.0074005127
28575.8964843750,-67.0249557495
28641.7656250000,-67.0303726196
28707.8183593750,-67.0337677002
28773.9921875000,-67.0454025269
28840.3183593750,-67.0834960938
28906.7968750000,-67.1198043823
28973.4296875000,-67.1520538330
29040.2148437500,-67.1824951172
29107.1855468750,-67.2134780884
29174.2812500000,-67.2491226196
29241.5292968750,-67.2933120728
29308.9335937500,-67.3431625366
29376.4921875000,-67.4013290405
29444.2070312500,-67.4595794678
29512.0781250000,-67.5163803101
29580.1386718750,-67.5660552979
29648.3222656250,-67.6100387573
29716.6640625000,-67.6511688232
29785.1621093750,-67.6915664673
29853.8203125000,-67.7349472046
29922.6347656250,-67.7796936035
29991.6406250000,-67.8248596191
30060.7734375000,-67.8402862549
30130.0664062500,-67.8717422485
30199.5175781250,-67.8947448730
30269.1308593750,-67.8957061768
30338.9023437500,-67.8960952759
30408.8359375000,-67.9046325684
30478.9648437500,-67.9124526978
30549.2207031250,-67.9143218994
30619.6386718750,-67.9197769165
30690.2187500000,-67.9236831665
30760.9628906250,-67.9326248169
30831.8691406250,-67.9341125488
30902.9375000000,-67.9395523071
30974.2050781250,-67.9418258667
31045.6035156250,-67.9431686401
31117.1660156250,-67.9541015625
31188.8925781250,-68.0211791992
31260.7851562500,-68.1132888794
31332.8437500000,-68.2208786011
31405.1035156250,-68.3157958984
31477.4941406250,-68.3207168579
31550.0507812500,-68.3333206177
31622.7773437500,-68.3372039795
31695.6699218750,-68.3517913818
31768.7304687500,-68.3809890747
31841.9589843750,-68.4039382935
31915.3925781250,-68.4372177124
31988.9589843750,-68.4392471313
32062.6972656250,-68.4665908813
32136.6035156250,-68.5096740723
32210.6796875000,-68.5185012817
32284.9277343750,-68.5250778198
32359.3828125000,-68.5632781982
32433.9726562500,-68.5646591187
32508.7363281250,-68.5918045044
32583.6718750000,-68.6853256226
32658.7792968750,-68.7881622314
32734.0585937500,-68.8948516846
32809.5156250000,-68.9958877563
32885.1796875000,-69.0728073120
32960.9804687500,-69.0762176514
33036.9570312500,-69.0762405396
33113.1093750000,-69.0855331421
33189.4375000000,-69.0935363770
33265.9414062500,-69.1027069092
33342.6250000000,-69.1077804565
33419.5156250000,-69.1091384888
33496.5507812500,-69.1160964966
33573.7617187500,-69.1163787842
33651.1523437500,-69.1217651367
33728.7226562500,-69.1250762939
33806.4687500000,-69.1319656372
33884.4335937500,-69.1324310303
33962.5390625000,-69.1329040527
34040.8242187500,-69.1417160034
34119.2890625000,-69.1539535522
34197.9375000000,-69.2152023315
34276.7656250000,-69.2952957153
34355.7773437500,-69.3862838745
34435.0078125000,-69.4785995483
34514.3828125000,-69.5625839233
34593.9414062500,-69.6307678223
34673.6835937500,-69.6801605225
34753.6054687500,-69.7136535645
34833.7187500000,-69.7136535645
34914.0507812500,-69.7136535645
34994.5273437500,-69.7136535645
35075.1953125000,-69.7257232666
35156.0429687500,-69.7408981323
35237.0820312500,-69.7727432251
35318.3046875000,-69.7766647339
35399.7148437500,-69.7992324829
35481.3554687500,-69.8168182373
35563.1406250000,-69.8541641235
35645.1171875000,-69.8751144409
35727.2812500000,-69.9198379517
35809.6367187500,-69.9363708496
35892.1796875000,-69.9426651001
35974.9531250000,-69.9636764526
36057.8789062500,-69.9844360352
36140.9921875000,-69.9845733643
36224.3007812500,-69.9852447510
36307.8007812500,-69.9880065918
36391.4921875000,-69.9980087280
36475.3789062500,-70.0084838867
36559.4960937500,-70.0239639282
36643.7695312500,-70.0558471680
36728.2343750000,-70.0590438843
36812.8945312500,-70.0803222656
36897.7539062500,-70.0830764771
36982.8046875000,-70.0838088989
37068.0507812500,-70.2110519409
37153.5390625000,-70.3022384644
37239.1796875000,-70.3549880981
37325.0195312500,-70.3820037842
37411.0546875000,-70.4021301270
37497.2890625000,-70.4316024780
37583.7226562500,-70.4785308838
37670.3984375000,-70.5415954590
37757.2304687500,-70.6121215820
37844.2656250000,-70.6784286499
37931.5000000000,-70.7310943604
38018.9335937500,-70.7776641846
38106.5703125000,-70.8039245605
38194.4062500000,-70.8196334839
38282.4921875000,-70.8398056030
38370.7343750000,-70.8652420044
38459.1796875000,-70.8951797485
38547.8320312500,-70.9294586182
38636.6875000000,-70.9694366455
38725.7500000000,-71.0167388916
38815.0585937500,-71.0704574585
38904.5273437500,-71.1017303467
38994.2070312500,-71.1071319580
39084.0898437500,-71.1146697998
39174.1835937500,-71.1246795654
39264.4804687500,-71.1302642822
39354.9882812500,-71.1395187378
39445.7460937500,-71.1519775391
39536.6718750000,-71.1688690186
39627.8085937500,-71.1690139771
39719.1523437500,-71.1737365723
39810.7070312500,-71.1822967529
39902.4765625000,-71.1866378784
39994.4960937500,-71.1895217896
40086.6875000000,-71.1906738281
40179.0898437500,-71.1911621094
40271.7070312500,-71.1923446655
40364.5351562500,-71.1951293945
40457.5781250000,-71.2007141113
40550.8359375000,-71.2013549805
40644.3515625000,-71.2382202148
40738.0390625000,-71.3250198364
40831.9453125000,-71.3937149048
40926.0664062500,-71.4527893066
41020.4023437500,-71.4916915894
41114.9570312500,-71.5100784302
41209.7304687500,-71.5176391602
41304.7656250000,-71.5282058716
41399.9765625000,-71.5530242920
41495.4062500000,-71.6292419434
41591.0585937500,-71.7405471802
41686.9257812500,-71.8285522461
41783.0195312500,-71.9161148071
41879.3789062500,-71.9923553467
41975.9140625000,-71.9979476929
42072.6679687500,-72.0074996948
42169.6484375000,-72.0143280029
42266.8554687500,-72.0346908569
42364.2812500000,-72.0472793579
42461.9335937500,-72.0560684204
42559.8593750000,-72.0654754639
42657.9648437500,-72.0755615234
42756.2929687500,-72.0755615234
42854.8476562500,-72.0757675171
42953.6328125000,-72.0836868286
43052.6445312500,-72.1058578491
43151.9296875000,-72.1274566650
43251.3984375000,-72.1365127563
43351.0976562500,-72.1466522217
43451.0234375000,-72.1571807861
43551.1796875000,-72.1797256470
43651.5703125000,-72.1870346069
43752.1914062500,-72.1942520142
43853.0898437500,-72.2394332886
43954.1757812500,-72.3046264648
44055.4921875000,-72.3427581787
44157.0429687500,-72.3464431763
44258.8281250000,-72.3478698730
44360.8476562500,-72.3672256470
44463.1015625000,-72.4700012207
44565.6406250000,-72.6462173462
44668.3671875000,-72.7716979980
44771.3320312500,-72.7729415894
44874.5351562500,-72.7804336548
44977.9726562500,-72.7854309082
45081.6484375000,-72.7889785767
45185.6171875000,-72.8109283447
45289.7734375000,-72.8415222168
45394.1679687500,-72.8474884033
45498.8046875000,-72.8844680786
45603.6835937500,-72.8902206421
45708.8046875000,-72.9296722412
45814.1640625000,-72.9459304810
45919.8203125000,-72.9521484375
46025.6679687500,-72.9896621704
46131.7617187500,-73.0513076782
46238.0976562500,-73.1571731567
46344.6796875000,-73.2848663330
46451.5078125000,-73.3810043335
46558.6328125000,-73.4268264771
46665.9531250000,-73.4344940186
46773.5234375000,-73.4648437500
46881.3398437500,-73.4692001343
46989.4023437500,-73.4779891968
47097.7187500000,-73.5405807495
47206.2812500000,-73.5611648560
47315.1484375000,-73.6054763794
47424.2109375000,-73.6088104248
47533.5273437500,-73.6445236206
47643.0976562500,-73.6452255249
47752.9179687500,-73.6623840332
47862.9921875000,-73.6678314209
47973.3710937500,-73.6752166748
48083.9531250000,-73.6957702637
48194.7890625000,-73.7055435181
48305.8828125000,-73.7098770142
48417.2304687500,-73.7112045288
48528.8359375000,-73.7200698853
48640.6992187500,-73.7312622070
48752.8710937500,-73.7452774048
48865.2500000000,-73.7492675781
48977.8867187500,-73.7720794678
49090.7851562500,-73.7973632813
49203.9453125000,-73.8237380981
49317.3632812500,-73.8533706665
49431.0429687500,-73.8636703491
49545.0390625000,-73.8705291748
49659.2421875000,-73.8785552979
49773.7109375000,-73.8827285767
49888.4453125000,-73.8896331787
50003.4414062500,-73.9031524658
50118.7031250000,-73.9117431641
50234.2851562500,-73.9330673218
50350.0781250000,-73.9335403442
50466.1367187500,-73.9454040527
50582.4648437500,-73.9692382813
50699.0625000000,-73.9723281860
50815.9257812500,-73.9898986816
50933.0625000000,-74.0705642700
51050.5234375000,-74.1355590820
51168.1953125000,-74.2451095581
51286.1445312500,-74.3681030273
51404.3593750000,-74.4981079102
51522.8515625000,-74.6174850464
51641.6171875000,-74.6809082031
51760.7109375000,-74.7177200317
51880.0234375000,-74.7203598022
51999.6093750000,-74.7417984009
52119.4726562500,-74.7419128418
52239.6093750000,-74.7627487183
52360.0273437500,-74.7630004883
52480.7187500000,-74.8249282837
52601.7500000000,-74.8723754883
52723.0000000000,-74.8982467651
52844.5312500000,-74.9219894409
52966.3398437500,-74.9536285400
53088.4335937500,-74.9727859497
53210.8046875000,-74.9901351929
53333.5195312500,-74.9916000366
53456.4570312500,-75.0337219238
53579.6757812500,-75.0768280029
53703.1835937500,-75.0849533081
53826.9726562500,-75.1080780029
53951.0468750000,-75.1230316162
54075.4062500000,-75.1420669556
54200.1132812500,-75.1520919800
54325.0507812500,-75.1594161987
54450.2734375000,-75.2101974487
54575.7851562500,-75.2224426270
54701.5859375000,-75.2250061035
54827.6757812500,-75.2265167236
54954.0585937500,-75.2345199585
55080.7929687500,-75.2380981445
55207.7578125000,-75.2386093140
55335.0156250000,-75.2456207275
55462.5664062500,-75.2528610229
55590.4101562500,-75.2608566284
55718.5507812500,-75.2656860352
55847.0468750000,-75.2914047241
55975.7773437500,-75.3297500610
56104.8085937500,-75.3594589233
56234.1328125000,-75.3623962402
56363.7578125000,-75.3905029297
56493.6796875000,-75.4134521484
56623.9023437500,-75.5214462280
56754.4843750000,-75.6020126343
56885.3085937500,-75.6358871460
57016.4335937500,-75.6540222168
57147.8593750000,-75.6926574707
57279.5898437500,-75.7249145508
57411.6210937500,-75.7958374023
57544.0234375000,-75.8319778442
57676.6679687500,-75.8459701538
57809.6171875000,-75.8972702026
57942.8710937500,-75.9169235229
58076.4335937500,-75.9177322388
58210.3046875000,-75.9694137573
58344.4843750000,-76.0204086304
58479.0351562500,-76.0578079224
58613.8320312500,-76.0974349976
58748.9414062500,-76.1415252686
58884.3632812500,-76.1718978882
59020.0937500000,-76.1784515381
59156.1406250000,-76.1873779297
59292.5000000000,-76.1985855103
59429.2382812500,-76.2165756226
59566.2265625000,-76.2437210083
59703.5312500000,-76.2677230835
59841.1523437500,-76.2701873779
59979.0898437500,-76.3384399414
60117.3476562500,-76.3696136475
60255.9882812500,-76.3848876953
60394.8828125000,-76.4173583984
60534.0976562500,-76.4556198120
60673.6328125000,-76.4910812378
60813.4882812500,-76.5041351318
60953.6679687500,-76.5167694092
61094.1718750000,-76.5936660767
61235.0625000000,-76.8331222534
61376.2148437500,-76.8389816284
61517.6914062500,-76.8715744019
61659.4960937500,-76.8743743896
61801.6250000000,-76.8981246948
61944.0820312500,-76.9103393555
62086.9335937500,-76.9313964844
62230.0507812500,-76.9324493408
62373.4960937500,-76.9648666382
62517.2695312500,-76.9813156128
62661.3750000000,-76.9899673462
62805.8164062500,-76.9968948364
62950.5859375000,-77.0115203857
63095.7617187500,-77.0482101440
63241.2031250000,-77.0814285278
63386.9765625000,-77.0842514038
63533.0898437500,-77.0964431763
63679.5390625000,-77.1182250977
63826.3242187500,-77.1286773682
63973.5195312500,-77.1322479248
64120.9804687500,-77.1355285645
64268.7851562500,-77.1876678467
64416.9296875000,-77.2215881348
64565.4140625000,-77.2306900024
64714.2421875000,-77.2440185547
64863.4140625000,-77.2523803711
65013.0000000000,-77.2874984741
65162.8593750000,-77.2954940796
65313.0625000000,-77.3092193604
65463.6132812500,-77.4299468994
65614.5156250000,-77.5191116333
65765.7578125000,-77.6044082642
65917.3515625000,-77.6252365112
66069.3671875000,-77.6499176025
66221.6640625000,-77.6522293091
66374.3125000000,-77.7175521851
66527.3125000000,-77.7356185913
66680.6562500000,-77.7401885986
66834.3593750000,-77.8589935303
66988.4921875000,-77.8603897095
67142.9062500000,-77.8780364990
67297.6796875000,-77.9025726318
67452.8046875000,-77.9360198975
67608.2890625000,-77.9548721313
67764.1250000000,-77.9578857422
67920.3281250000,-77.9616165161
68076.9609375000,-78.0414047241
68233.8906250000,-78.0599822998
68391.1718750000,-78.0714950562
68548.8203125000,-78.1546020508
68706.8281250000,-78.1716079712
68865.2031250000,-78.1819534302
69024.0156250000,-78.3157501221
69183.1250000000,-78.3334808350
69342.5937500000,-78.3823013306
69502.4296875000,-78.4185791016
69662.6406250000,-78.4773635864
69823.2187500000,-78.5124053955
69984.1640625000,-78.5584640503
70145.5625000000,-78.5800018311
70307.2500000000,-78.6126785278
70469.3125000000,-78.6282958984
70631.7500000000,-78.6585540771
70794.5625000000,-78.6638946533
70957.7500000000,-78.6812515259
71121.3906250000,-78.7112121582
71285.3281250000,-78.7177581787
71449.6484375000,-78.7251281738
71614.3437500000,-78.7426452637
71779.4218750000,-78.7658843994
71944.8750000000,-78.7753906250
72110.7187500000,-78.7799911499
72277.0156250000,-78.7826232910
72443.6171875000,-78.8134994507
72610.6093750000,-78.8530578613
72777.9765625000,-78.9214782715
72945.7343750000,-78.9855575562
73113.8828125000,-78.9950027466
73282.4140625000,-79.0548553467
73451.4140625000,-79.0757751465
73620.7265625000,-79.1040191650
73790.4296875000,-79.1058197021
73960.5234375000,-79.1219940186
74131.0078125000,-79.1606063843
74301.8828125000,-79.1645355225
74473.2343750000,-79.1954803467
74644.8984375000,-79.2936630249
74816.9609375000,-79.2989120483
74989.4218750000,-79.3187789917
75162.2734375000,-79.3417434692
75335.5312500000,-79.3507843018
75509.1875000000,-79.4175033569
75683.3203125000,-79.4270401001
75857.7812500000,-79.4647216797
76032.6328125000,-79.4827957153
76207.8984375000,-79.4957580566
76383.5625000000,-79.5032958984
76559.6328125000,-79.5262832642
76736.1875000000,-79.5399017334
76913.0703125000,-79.5399398804
77090.3593750000,-79.5465164185
77268.0625000000,-79.5510025024
77446.1718750000,-79.5700759888
77624.6875000000,-79.5871810913
77803.6171875000,-79.5920715332
77983.0468750000,-79.6178741455
78162.8046875000,-79.6521759033
78342.9765625000,-79.6922302246
78523.5625000000,-79.7025527954
78704.5625000000,-79.7323455811
78885.9843750000,-79.7353744507
79067.8203125000,-79.7700271606
79250.1640625000,-79.8890762329
79432.8437500000,-79.9020843506
79615.9375000000,-79.9099121094
79799.4609375000,-79.9616470337
79983.4062500000,-80.0249786377
80167.7734375000,-80.0440979004
80352.6484375000,-80.0462646484
80537.8671875000,-80.0814132690
80723.5156250000,-80.1154708862
80909.5859375000,-80.1316299438
81096.0937500000,-80.1485748291
81283.0234375000,-80.1805267334
81470.3828125000,-80.1968688965
81658.2734375000,-80.1987762451
81846.5000000000,-80.2025146484
82035.1640625000,-80.2259979248
82224.2578125000,-80.2580871582
82413.7890625000,-80.2764511108
82603.7578125000,-80.3133773804
82794.2578125000,-80.3593826294
82985.1015625000,-80.4067382813
83176.3906250000,-80.4145812988
83368.1171875000,-80.4254913330
83560.2890625000,-80.4887924194
83752.8984375000,-80.5500030518
83945.9609375000,-80.5668334961
84139.5546875000,-80.5726394653
84333.5000000000,-80.5874099731
84527.8906250000,-80.6189575195
84722.7343750000,-80.6192703247
84918.0312500000,-80.6529159546
85113.7734375000,-80.6724395752
85310.0546875000,-80.6737670898
85506.7031250000,-80.6772613525
85703.8046875000,-80.7287445068
85901.3515625000,-80.8110733032
86099.3671875000,-80.9276351929
86297.8281250000,-80.9423751831
86496.7500000000,-80.9503631592
86696.2265625000,-81.0247192383
86896.0703125000,-81.0667266846
87096.3671875000,-81.0675964355
87297.1328125000,-81.0679244995
87498.3593750000,-81.0732879639
87700.0468750000,-81.1329116821
87902.2031250000,-81.1463928223
88104.9218750000,-81.1748886108
88308.0078125000,-81.2162475586
88511.5703125000,-81.2630691528
88715.5937500000,-81.2889175415
88920.0859375000,-81.3089828491
89125.0546875000,-81.3208236694
89330.5937500000,-81.4236145020
89536.5078125000,-81.5542297363
89742.8906250000,-81.5623931885
89949.7578125000,-81.5918045044
90157.1015625000,-81.5975952148
90364.9140625000,-81.6264801025
90573.2109375000,-81.6511230469
90782.0937500000,-81.6760559082
90991.3515625000,-81.7566604614
91201.0937500000,-81.7576599121
91411.3203125000,-81.7586517334
91622.0234375000,-81.8263320923
91833.2187500000,-81.8283309937
92045.0078125000,-81.8491439819
92257.1718750000,-81.8621673584
92469.8359375000,-81.8678207397
92682.9843750000,-81.8740081787
92896.6250000000,-81.8822631836
93110.7578125000,-81.8929901123
93325.3828125000,-81.8998489380
93540.6093750000,-81.9204483032
93756.2265625000,-81.9246597290
93972.3437500000,-81.9302062988
94188.9531250000,-82.0648345947
94406.0703125000,-82.2253799438
94623.6796875000,-82.3184814453
94841.8984375000,-82.3241271973
95060.5156250000,-82.3490066528
95279.6328125000,-82.3578567505
95499.2656250000,-82.4005050659
95719.3984375000,-82.4479141235
95940.0390625000,-82.4510650635
96161.1875000000,-82.4556121826
96382.9453125000,-82.4978256226
96605.1171875000,-82.5027770996
96827.7968750000,-82.5028915405
97050.9921875000,-82.5306472778
97274.7031250000,-82.5363082886
97498.9296875000,-82.5557022095
97723.6718750000,-82.5572204590
97949.0390625000,-82.5617065430
98174.8203125000,-82.5841598511
98401.1171875000,-82.5870742798
98627.9375000000,-82.6362304688
98855.2812500000,-82.6606292725
99083.1484375000,-82.7388153076
99311.6562500000,-82.7616806030
99540.5781250000,-82.7886886597
99770.0234375000,-82.8168869019
100000.0000000000,-82.8438873291
100230.5078125000,-82.8623352051
100461.5468750000,-82.8668441772
100693.1171875000,-82.8839111328
100925.3359375000,-82.8946838379
101157.9687500000,-82.8956680298
101391.1484375000,-82.9004135132
101624.8593750000,-82.9036865234
101859.1171875000,-82.9076004028
102093.9062500000,-82.9149246216
102329.3515625000,-82.9276275635
102565.2265625000,-82.9468231201
102801.6484375000,-82.9468231201
103038.6171875000,-82.9730148315
103276.1250000000,-83.0062637329
103514.1875000000,-83.0460052490
103752.7890625000,-83.0905532837
103992.0625000000,-83.1363906860
104231.7734375000,-83.1792907715
104472.0312500000,-83.2159957886
104712.8515625000,-83.2451782227
104954.2187500000,-83.2678604126
105196.1484375000,-83.2868957520
105438.6328125000,-83.3057937622
105681.7890625000,-83.3277206421
105925.3984375000,-83.3549041748
106169.5625000000,-83.3887634277
106414.2890625000,-83.4299774170
106659.5859375000,-83.4785385132
106905.4375000000,-83.5334320068
107151.9843750000,-83.5925292969
107398.9765625000,-83.6525878906
107646.5390625000,-83.7101287842
107894.6718750000,-83.7620620728
108143.3750000000,-83.8061599731
108392.6562500000,-83.8410644531
108642.5078125000,-83.8659896851
108893.0546875000,-83.8809280396
109144.0625000000,-83.8871383667
109395.6484375000,-83.8876647949
109647.8125000000,-83.8878021240
109900.5546875000,-83.8917007446
110153.8828125000,-83.9031448364
110407.9218750000,-83.9223785400
110662.4140625000,-83.9433517456
110917.5000000000,-83.9709777832
111173.1718750000,-84.0004501343
111429.4375000000,-84.0329208374
111686.2890625000,-84.0709686279
111943.7343750000,-84.1161575317
112201.8984375000,-84.1669921875
112460.5312500000,-84.2187881470
112719.7578125000,-84.2657775879
112979.5859375000,-84.3041915894
113240.0078125000,-84.3093948364
113501.0390625000,-84.3218536377
113762.7890625000,-84.3302078247
114025.0234375000,-84.3343963623
114287.8593750000,-84.3605346680
114551.2968750000,-84.3705825806
114815.3437500000,-84.3732299805
115080.0078125000,-84.3877182007
115345.2734375000,-84.4182662964
115611.2812500000,-84.4415130615
115877.7734375000,-84.4491729736
116144.8750000000,-84.4502944946
116412.6015625000,-84.4723968506
116680.9375000000,-84.4782867432
116949.8984375000,-84.5494918823
117219.4765625000,-84.6541595459
117489.8046875000,-84.7519149780
117760.6250000000,-84.8350296021
118032.0703125000,-84.9011077881
118304.1406250000,-84.9515380859
118576.8437500000,-84.9889907837
118850.1718750000,-85.0157012939
119124.2578125000,-85.0333251953
119398.8515625000,-85.0464782715
119674.0703125000,-85.0531158447
119949.9296875000,-85.0577926636
120226.4218750000,-85.0650100708
120503.5546875000,-85.0756530762
120781.3203125000,-85.0905303955
121059.8671875000,-85.1108169556
121338.9140625000,-85.1377944946
121618.6093750000,-85.1717605591
121898.9531250000,-85.2110137939
122179.9375000000,-85.2515563965
122461.5703125000,-85.3022537231
122743.9843750000,-85.3345260620
123026.9218750000,-85.3445434570
123310.5078125000,-85.3512344360
123594.7421875000,-85.3604049683
123879.6406250000,-85.3767623901
124165.1953125000,-85.4024047852
124451.3984375000,-85.4361038208
124738.4062500000,-85.4914245605
125025.9375000000,-85.5373840332
125314.1328125000,-85.5556640625
125602.9921875000,-85.5662841797
125892.5156250000,-85.5760650635
126182.7031250000,-85.5942993164
126473.7031250000,-85.6293563843
126765.2343750000,-85.7224960327
127057.4375000000,-85.8446960449
127350.3125000000,-85.9267272949
127643.8671875000,-85.9930038452
127938.0937500000,-86.0069351196
128233.0000000000,-86.0162277222
128528.7265625000,-86.0253295898
128824.9921875000,-86.0344161987
129121.9453125000,-86.0416336060
129419.5781250000,-86.0488128662
129717.8984375000,-86.0636596680
130016.9140625000,-86.0705184937
130316.6093750000,-86.0921173096
130617.1406250000,-86.1010360718
130918.2265625000,-86.1152267456
131220.0000000000,-86.1399917603
131522.4687500000,-86.1444473267
131825.6406250000,-86.1890792847
132129.5000000000,-86.1890869141
132434.2187500000,-86.2035293579
132739.4843750000,-86.2207183838
133045.4687500000,-86.2288208008
133352.1406250000,-86.2718734741
133659.5312500000,-86.3609619141
133967.6250000000,-86.4252700806
134276.4218750000,-86.4514770508
134586.0937500000,-86.4579467773
134896.3281250000,-86.4681015015
135207.2656250000,-86.4685516357
135518.9375000000,-86.4702224731
135831.3125000000,-86.4784011841
136144.4062500000,-86.4825515747
136458.3906250000,-86.4855270386
136772.9375000000,-86.4879150391
137088.2031250000,-86.5037078857
137404.2031250000,-86.5588760376
137720.9218750000,-86.6730270386
138038.3906250000,-86.7964019775
138356.5781250000,-86.8679428101
138675.6406250000,-86.9228286743
138995.2968750000,-86.9683380127
139315.7031250000,-86.9779968262
139636.8281250000,-86.9782409668
139958.7031250000,-86.9818878174
140281.3125000000,-86.9836425781
140604.6718750000,-86.9890899658
140928.9375000000,-87.0021438599
141253.7812500000,-87.0235595703
141579.3906250000,-87.0433578491
141905.7343750000,-87.0569381714
142232.8437500000,-87.0742187500
142560.7031250000,-87.1131744385
142889.4687500000,-87.1646804810
143218.8281250000,-87.2024917603
143548.9687500000,-87.2523803711
143879.8593750000,-87.2883758545
144211.5156250000,-87.2975387573
144543.9218750000,-87.3001022339
144877.1093750000,-87.3011703491
145211.2187500000,-87.3022384644
145545.9375000000,-87.3052444458
145881.4375000000,-87.3330459595
146217.7031250000,-87.3883056641
146554.7500000000,-87.4363479614
146892.5625000000,-87.5132827759
147231.3281250000,-87.5908508301
147570.7031250000,-87.6439971924
147910.8593750000,-87.7301406860
148251.8125000000,-87.8220138550
148593.5468750000,-87.8640289307
148936.0625000000,-87.8651046753
149279.3750000000,-87.8789443970
149623.6250000000,-87.8818359375
149968.5312500000,-87.8970336914
150314.2187500000,-87.9027099609
150660.7031250000,-87.9090652466
151007.9843750000,-87.9124679565
151356.0625000000,-87.9140243530
151705.1250000000,-87.9173049927
152054.8125000000,-87.9323272705
152405.3125000000,-87.9512481689
152756.6093750000,-87.9530944824
153108.7187500000,-87.9773406982
153461.6562500000,-87.9911727905
153815.3906250000,-88.0066909790
154170.1093750000,-88.0537719727
154525.4843750000,-88.1242294312
154881.6875000000,-88.1803207397
155238.7031250000,-88.2096099854
155596.5312500000,-88.2264709473
155955.1875000000,-88.2392883301
156314.6875000000,-88.2723541260
156675.1718750000,-88.3185043335
157036.3125000000,-88.3707885742
157398.2968750000,-88.4205322266
157761.1093750000,-88.4631500244
158124.7656250000,-88.4999847412
158489.2500000000,-88.5210647583
158854.7500000000,-88.5473022461
159220.9218750000,-88.5666961670
159587.9375000000,-88.5757217407
159955.7968750000,-88.5782928467
160324.5156250000,-88.5802917480
160694.0625000000,-88.5882568359
161064.4843750000,-88.6090545654
161435.9218750000,-88.6435775757
161808.0468750000,-88.6776351929
162181.0312500000,-88.7461547852
162554.8593750000,-88.8281478882
162929.5625000000,-88.9117813110
163305.1250000000,-88.9499511719
163681.7343750000,-88.9534606934
164059.0312500000,-88.9669952393
164437.2031250000,-88.9807891846
164816.2343750000,-88.9811630249
165196.1562500000,-88.9951324463
165576.9375000000,-89.0105819702
165958.6093750000,-89.0129013062
166341.3437500000,-89.0239181519
166724.7656250000,-89.0574951172
167109.0781250000,-89.1011352539
167494.2812500000,-89.1560363770
167880.3593750000,-89.2130050659
168267.3437500000,-89.2643737793
168655.3906250000,-89.3091812134
169044.1562500000,-89.3469009399
169433.8125000000,-89.3907089233
169824.3750000000,-89.4192428589
170215.8281250000,-89.4412231445
170608.1875000000,-89.4532928467
171001.4531250000,-89.4555816650
171395.8125000000,-89.4569778442
171790.8906250000,-89.4578094482
172186.8750000000,-89.4595031738
172583.7812500000,-89.4851226807
172981.6093750000,-89.5340881348
173380.3437500000,-89.5961608887
173779.9843750000,-89.6129531860
174180.7500000000,-89.6346740723
174582.2500000000,-89.6391296387
174984.6875000000,-89.6602249146
175388.0312500000,-89.6719741821
175792.3125000000,-89.6816635132
176197.5312500000,-89.6872863770
176603.8750000000,-89.6938552856
177010.9531250000,-89.6988143921
177418.9843750000,-89.7034225464
177827.9375000000,-89.7474594116
178237.8437500000,-89.8608932495
178648.7031250000,-89.9608840942
179060.5000000000,-90.0296096802
179473.4375000000,-90.0664291382
179887.1406250000,-90.1119766235
180301.7968750000,-90.1570129395
180717.4062500000,-90.2027053833
181133.9687500000,-90.2070159912
181551.5000000000,-90.2084655762
181970.1875000000,-90.2228393555
182389.6406250000,-90.2233200073
182810.0625000000,-90.2415695190
183231.4531250000,-90.2433090210
183653.8125000000,-90.2501144409
184077.1406250000,-90.2589416504
184501.4531250000,-90.3225784302
184926.9531250000,-90.3743362427
185353.2187500000,-90.4233779907
185780.4687500000,-90.4784927368
186208.7031250000,-90.5197982788
186637.9375000000,-90.5499114990
187068.1406250000,-90.5962677002
187499.3437500000,-90.6900558472
187931.7500000000,-90.7174224854
188364.9531250000,-90.7341461182
188799.1406250000,-90.7512664795
189234.3437500000,-90.7655105591
189670.5312500000,-90.7773971558
190107.7500000000,-90.8021316528
190546.1562500000,-90.8177642822
190985.3906250000,-90.8621597290
191425.6250000000,-90.8736419678
191866.8750000000,-90.8758010864
192309.1406250000,-90.8866043091
192752.4218750000,-90.8886489868
193196.7343750000,-90.8947143555
193642.2812500000,-90.8981781006
194088.6406250000,-90.9622039795
194536.0312500000,-91.0486679077
194984.4375000000,-91.1582336426
195433.8906250000,-91.2860870361
195884.3906250000,-91.2941741943
196336.1250000000,-91.2942886353
196788.7031250000,-91.3170700073
197242.3125000000,-91.3566436768
197696.9687500000,-91.3657379150
198152.6718750000,-91.3809661865
198609.4218750000,-91.4158020020
199067.2343750000,-91.4221267700
199526.3125000000,-91.4252014160
199986.2343750000,-91.4351882935
200447.2187500000,-91.4448013306
200909.2656250000,-91.4563140869
201372.3750000000,-91.4722747803
201836.5625000000,-91.4958038330
202302.0312500000,-91.5195846558
202768.3437500000,-91.5268096924
203235.7343750000,-91.5332260132
203704.2187500000,-91.5548934937
204173.7656250000,-91.5593185425
204644.4062500000,-91.5721893311
205116.1250000000,-91.5833358765
205589.1562500000,-91.5931472778
206063.0468750000,-91.6132965088
206538.0468750000,-91.6385726929
207014.1250000000,-91.6457595825
207491.3125000000,-91.6474456787
207969.5937500000,-91.7570648193
208448.9843750000,-91.7575454712
208929.7031250000,-91.7709121704
209411.2968750000,-91.8220825195
209894.0000000000,-91.8409118652
210377.8281250000,-91.8895568848
210862.7500000000,-91.9032974243
211348.8125000000,-91.9397811890
211836.2187500000,-91.9456329346
212324.5156250000,-92.0600662231
212813.9375000000,-92.0848770142
213304.4843750000,-92.1020660400
213796.1718750000,-92.1344451904
214288.9843750000,-92.1773071289
214782.9375000000,-92.1883468628
215278.2656250000,-92.2240829468
215774.5000000000,-92.2683029175
216271.8750000000,-92.2832717896
216770.3906250000,-92.3070907593
217270.0625000000,-92.4649200439
217770.8906250000,-92.4707412720
218273.1093750000,-92.4777145386
218776.2343750000,-92.4892501831
219280.5312500000,-92.5218124390
219785.9843750000,-92.5305252075
220292.6093750000,-92.5733871460
220800.4062500000,-92.5785675049
221309.3593750000,-92.5962219238
221819.7343750000,-92.6714859009
222331.0468750000,-92.7350311279
222843.5468750000,-92.7777023315
223357.2031250000,-92.8009567261
223872.0625000000,-92.8098068237
224388.1093750000,-92.8122024536
224905.5781250000,-92.8133239746
225424.0000000000,-92.8171997070
225943.6250000000,-92.8174819946
226464.4375000000,-92.8203582764
226986.4531250000,-92.8546905518
227509.6718750000,-92.9026412964
228034.1093750000,-92.9206466675
228559.9843750000,-92.9211120605
229086.8281250000,-92.9242172241
229614.8906250000,-92.9409255981
230144.1718750000,-92.9419250488
230674.6718750000,-92.9441604614
231206.3906250000,-92.9723510742
231739.3437500000,-92.9752883911
232273.7812500000,-92.9847793579
232809.1875000000,-92.9979476929
233345.8281250000,-93.0927963257
233883.7031250000,-93.1949005127
234422.8125000000,-93.2852096558
234963.1875000000,-93.3617172241
235505.0468750000,-93.4204254150
236047.9062500000,-93.4210586548
236592.0156250000,-93.4254302979
237137.3750000000,-93.4636535645
237683.9843750000,-93.5195693970
238231.8750000000,-93.5239868164
238781.0156250000,-93.5429153442
239331.6718750000,-93.5430374146
239883.3593750000,-93.5482788086
240436.2968750000,-93.5529251099
240990.5312500000,-93.5608139038
241546.0312500000,-93.5754394531
242102.8125000000,-93.5878295898
242661.1406250000,-93.5903549194
243220.4843750000,-93.6190948486
243781.1250000000,-93.6270599365
244343.0625000000,-93.6315841675
244906.2968750000,-93.6324081421
245470.8125000000,-93.6449737549
246036.6406250000,-93.7215042114
246604.0468750000,-93.8427276611
247172.4843750000,-93.8946609497
247742.2343750000,-93.9328308105
248313.2968750000,-93.9393157959
248885.6718750000,-93.9410171509
249459.3750000000,-93.9475326538
250034.4062500000,-93.9490356445
250611.0156250000,-93.9590682983
251188.7031250000,-94.0365905762
251767.7031250000,-94.0431365967
252348.0468750000,-94.0907974243
252929.7343750000,-94.1151885986
253512.7500000000,-94.1248397827
254097.3906250000,-94.1370010376
254683.1093750000,-94.1436614990
255270.1718750000,-94.1629638672
255858.5781250000,-94.1922912598
256448.3593750000,-94.1962280273
257039.4843750000,-94.2035369873
257631.9843750000,-94.3463897705
258226.1250000000,-94.4259185791
258821.3593750000,-94.4408340454
259417.9531250000,-94.5077285767
260015.9375000000,-94.5454864502
260615.2812500000,-94.5604400635
261216.0312500000,-94.6146011353
261818.4375000000,-94.6166687012
262421.9375000000,-94.6383972168
263026.8437500000,-94.6912231445
263633.1562500000,-94.7319793701
264240.8437500000,-94.7370452881
264849.9375000000,-94.7529220581
265460.4375000000,-94.7611541748
266072.6250000000,-94.7852325439
266685.9375000000,-94.7905197144
267300.6562500000,-94.8064346313
267916.8125000000,-94.8105392456
268534.3750000000,-94.8684844971
269153.3750000000,-94.9543075562
269774.0937500000,-95.0329284668
270395.9375000000,-95.0414581299
271019.2187500000,-95.0479202271
271643.9375000000,-95.0522766113
272270.0937500000,-95.0641708374
272897.6875000000,-95.0646438599
273526.7500000000,-95.0673675537
274157.5312500000,-95.0744705200
274789.5000000000,-95.1076507568
275422.9062500000,-95.1196441650
276057.7812500000,-95.1198120117
276694.0937500000,-95.1503219604
277331.9062500000,-95.1532440186
277971.1875000000,-95.1667098999
278612.2187500000,-95.1780471802
279254.4375000000,-95.2056121826
279898.1562500000,-95.2464370728
280543.3437500000,-95.2746963501
281190.0000000000,-95.3010025024
281838.1562500000,-95.3336639404
282488.1250000000,-95.3589096069
283139.2812500000,-95.3886947632
283791.9375000000,-95.4730606079
284446.0937500000,-95.5004501343
285101.7812500000,-95.5109863281
285758.9687500000,-95.5379257202
286417.6562500000,-95.6003417969
287078.1875000000,-95.7558898926
287739.9062500000,-95.8012542725
288403.1875000000,-95.8116836548
289067.9687500000,-95.8547515869
289734.2812500000,-95.8882446289
290402.1562500000,-95.9246673584
291071.8750000000,-95.9434585571
291742.8125000000,-95.9981918335
292415.2812500000,-96.0105972290
293089.3437500000,-96.0123519897
293764.9062500000,-96.0524215698
294442.0625000000,-96.0575714111
295120.7812500000,-96.0708312988
295801.3750000000,-96.1313323975
296483.2187500000,-96.1479721069
297166.6250000000,-96.1485977173
297851.6250000000,-96.1807098389
298538.1875000000,-96.1913528442
299226.3437500000,-96.1964111328
299916.4062500000,-96.2714462280
300607.7500000000,-96.2739257813
301300.6562500000,-96.2830505371
301995.1875000000,-96.2947921753
302691.3125000000,-96.3119888306
303389.0312500000,-96.3370056152
304088.3750000000,-96.3706512451
304789.6562500000,-96.4113540649
305492.2187500000,-96.4549789429
306196.3750000000,-96.4957962036
306902.1875000000,-96.5279846191
307609.6250000000,-96.5298538208
308318.6875000000,-96.5309906006
309029.3750000000,-96.5378341675
309742.0625000000,-96.5455932617
310456.0312500000,-96.5474624634
311171.6562500000,-96.5482482910
311888.9375000000,-96.5533294678
312607.8437500000,-96.5750198364
313328.4375000000,-96.6174468994
314051.0312500000,-96.6685333252
314774.9375000000,-96.7227401733
315500.5000000000,-96.7752227783
316227.7812500000,-96.8228759766
316956.6875000000,-96.8644561768
317687.3125000000,-96.8997879028
318419.5937500000,-96.9287567139
319153.9375000000,-96.9495239258
319889.5937500000,-96.9509811401
320626.9687500000,-96.9537048340
321366.0312500000,-96.9616775513
322106.8125000000,-96.9662322998
322849.2812500000,-96.9669418335
323593.8125000000,-96.9753723145
324339.7187500000,-96.9805297852
325087.3750000000,-96.9814376831
325836.7187500000,-96.9843826294
326587.7812500000,-96.9886398315
327340.5937500000,-96.9914550781
328095.1250000000,-96.9929428101
328851.7812500000,-96.9944229126
329609.8125000000,-96.9948577881
330369.5937500000,-97.0476684570
331131.0937500000,-97.1170730591
331894.3750000000,-97.1940612793
332659.4375000000,-97.2747726440
333426.2187500000,-97.3527603149
334195.1562500000,-97.4263153076
334965.5000000000,-97.4961624146
335737.6250000000,-97.5635528564
336511.5312500000,-97.6285018921
337287.2187500000,-97.6890792847
338064.6875000000,-97.7420043945
338844.3125000000,-97.7840347290
339625.3750000000,-97.7941894531
340408.2500000000,-97.8002014160
341192.9062500000,-97.8011856079
341979.3750000000,-97.8129119873
342767.6562500000,-97.8131027222
343557.7812500000,-97.8245773315
344350.0625000000,-97.8254470825
345143.8125000000,-97.8287658691
345939.4062500000,-97.8320617676
346736.8125000000,-97.8628387451
347536.0625000000,-97.9308547974
348337.1562500000,-97.9776763916
349140.5000000000,-97.9830017090
349945.2812500000,-97.9837646484
350751.9375000000,-97.9881210327
351560.4375000000,-97.9933853149
352370.8125000000,-97.9966278076
353183.0625000000,-98.0199966431
353997.1562500000,-98.0727767944
354813.5312500000,-98.1410446167
355631.4062500000,-98.2172393799
356451.1562500000,-98.2945175171
357272.8125000000,-98.3684005737
358096.3437500000,-98.4367752075
358921.7812500000,-98.4987869263
359749.5312500000,-98.5164108276
360578.7812500000,-98.5200271606
361409.9375000000,-98.5253067017
362243.0000000000,-98.5315399170
363078.0000000000,-98.5496368408
363914.9375000000,-98.5559768677
364753.7812500000,-98.5767974854
365594.9687500000,-98.5846786499
366437.6875000000,-98.5883712769
367282.3437500000,-98.6064682007
368128.9687500000,-98.6291732788
368977.5312500000,-98.6360549927
369828.0312500000,-98.6364059448
370680.5312500000,-98.6503829956
371535.3750000000,-98.6613464355
372391.7812500000,-98.6669158936
373250.1875000000,-98.6743087769
374110.5625000000,-98.6756896973
374972.9062500000,-98.7064666748
375837.2500000000,-98.7641372681
376703.9687500000,-98.7962875366
377572.3125000000,-98.8314056396
378442.6562500000,-98.8752593994
379314.9687500000,-98.9288482666
380189.3437500000,-98.9869842529
381065.6875000000,-99.0593185425
381944.0625000000,-99.0684585571
382824.9062500000,-99.0737075806
383707.3437500000,-99.0839385986
384591.8125000000,-99.0860137939
385478.3125000000,-99.0970458984
386366.8750000000,-99.0970535278
387257.5000000000,-99.1212615967
388150.5625000000,-99.1562500000
389045.2812500000,-99.1960296631
389942.0625000000,-99.2402954102
390840.9062500000,-99.2903366089
391741.8125000000,-99.3810806274
392644.8125000000,-99.4367675781
393549.8750000000,-99.4480285645
394457.4687500000,-99.4522628784
395366.7187500000,-99.4712753296
396278.0937500000,-99.4878234863
397191.5312500000,-99.5034637451
398107.0937500000,-99.5044021606
399024.7500000000,-99.5595169067
399944.9687500000,-99.5633621216
400866.8750000000,-99.5657577515
401790.9062500000,-99.6199111938
402717.0625000000,-99.6325073242
403645.3437500000,-99.6417312622
404575.7812500000,-99.6731338501
405508.3437500000,-99.6848754883
406443.5312500000,-99.7012329102
407380.4062500000,-99.7088088989
408319.4375000000,-99.7651290894
409260.6562500000,-99.8566055298
410204.0312500000,-99.9270935059
411149.5625000000,-99.9318771362
412097.3125000000,-99.9351119995
413047.6562500000,-99.9352951050
413999.7812500000,-99.9491195679
414954.0625000000,-99.9504470825
415910.5625000000,-99.9515991211
416869.2812500000,-99.9589843750
417830.1875000000,-99.9709014893
418793.7812500000,-99.9844818115
419759.1250000000,-99.9962081909
420726.6875000000,-100.0087051392
421696.5000000000,-100.0161285400
422668.5312500000,-100.0182495117
423642.8125000000,-100.0191955566
424619.3437500000,-100.0227890015
425598.5937500000,-100.0356216431
426579.6250000000,-100.0554580688
427562.9375000000,-100.1069412231
428548.5000000000,-100.1778945923
429536.3125000000,-100.2328491211
430526.4375000000,-100.2879180908
431519.3125000000,-100.3588409424
432514.0000000000,-100.4065322876
433510.9687500000,-100.4091033936
434510.2500000000,-100.4091262817
435511.8125000000,-100.4185409546
436515.6875000000,-100.4252700806
437521.9062500000,-100.4260253906
438530.9062500000,-100.4293899536
439541.7500000000,-100.4537963867
440554.9062500000,-100.5108032227
441570.4375000000,-100.5665359497
442588.2812500000,-100.5930938721
443608.4687500000,-100.6113662720
444631.0312500000,-100.6153182983
445656.4062500000,-100.6172561646
446683.6875000000,-100.6339035034
447713.3125000000,-100.6705627441
448745.3437500000,-100.7086334229
449779.7187500000,-100.7817535400
450816.5000000000,-100.8657455444
451856.1562500000,-100.9245529175
452897.7187500000,-101.0065002441
453941.6875000000,-101.0313568115
454988.0625000000,-101.0363845825
456036.8437500000,-101.0500030518
457088.0312500000,-101.0658035278
458141.6562500000,-101.0708236694
459198.1875000000,-101.0875091553
460256.6875000000,-101.0964584351
461317.6250000000,-101.0982666016
462380.9687500000,-101.1449203491
463446.8125000000,-101.1658096313
464515.0937500000,-101.1684646606
465586.3437500000,-101.1703796387
466659.5312500000,-101.1987915039
467735.2187500000,-101.2032699585
468813.3750000000,-101.2173385620
469894.0312500000,-101.2368850708
470977.1875000000,-101.2634582520
472062.8125000000,-101.2772827148
473151.4687500000,-101.3002929688
474242.1250000000,-101.3467407227
475335.2812500000,-101.3626098633
476430.9687500000,-101.3874664307
477529.1562500000,-101.4617919922
478629.9062500000,-101.4733505249
479733.7187500000,-101.4749832153
480839.5312500000,-101.5121612549
481947.9062500000,-101.5160217285
483058.8125000000,-101.6011276245
484172.3125000000,-101.6931152344
485288.3437500000,-101.7542190552
486406.9687500000,-101.7938766479
487528.7187500000,-101.8307952881
488652.5000000000,-101.8725280762
489778.8750000000,-101.9209365845
490907.8437500000,-101.9782180786
492039.4375000000,-102.0382919312
493173.6250000000,-102.0876693726
494310.4375000000,-102.1183547974
495450.3750000000,-102.1276473999
496592.4375000000,-102.1337432861
497737.1250000000,-102.1582870483
498884.4375000000,-102.1604843140
500034.4062500000,-102.1612167358
501187.0000000000,-102.2018814087
502342.8437500000,-102.2066116333
503500.7812500000,-102.2094497681
504661.3750000000,-102.2665252686
505824.6562500000,-102.2705764771
506990.6250000000,-102.2760772705
508159.2812500000,-102.3201293945
509330.6250000000,-102.3203506470
510505.2187500000,-102.3242645264
511681.9687500000,-102.3550796509
512861.4375000000,-102.3697052002
514043.6250000000,-102.3889846802
515228.5312500000,-102.4436645508
516416.1562500000,-102.4844665527
517607.0937500000,-102.4894180298
518800.2187500000,-102.4944076538
519996.0937500000,-102.5033645630
521194.7187500000,-102.5238113403
522396.1250000000,-102.5248794556
523600.2812500000,-102.5331954956
524807.1875000000,-102.5817947388
526017.5000000000,-102.6264724731
527230.0000000000,-102.6592102051
528445.3125000000,-102.6748428345
529663.4375000000,-102.6798934937
530884.3125000000,-102.6819458008
532108.0625000000,-102.6960220337
533335.1875000000,-102.7243499756
534564.5625000000,-102.7670135498
535796.7500000000,-102.8353729248
537031.8125000000,-102.8943786621
538269.6875000000,-102.9600219727
539510.4375000000,-103.0259094238
540754.0625000000,-103.0808792114
542001.1250000000,-103.0887069702
543250.5000000000,-103.0949478149
544502.7500000000,-103.1016082764
545757.8750000000,-103.1260223389
547015.8750000000,-103.1261215210
548276.7500000000,-103.1329879761
549540.5625000000,-103.1360397339
550807.9375000000,-103.1789779663
552077.5625000000,-103.2371749878
553350.1250000000,-103.3286743164
554625.6875000000,-103.3619918823
555904.1250000000,-103.3642501831
557185.5000000000,-103.3987197876
558470.5000000000,-103.4018783569
559757.8125000000,-103.4037399292
561048.0625000000,-103.4411315918
562341.3125000000,-103.4435729980
563637.5625000000,-103.4763793945
564936.8125000000,-103.5310058594
566239.0000000000,-103.5334396362
567544.8750000000,-103.5659561157
568853.0625000000,-103.5773162842
570164.3125000000,-103.5832672119
571478.6250000000,-103.6018829346
572795.8750000000,-103.6280822754
574116.2500000000,-103.6563568115
575440.2500000000,-103.6634826660
576766.6875000000,-103.6869125366
578096.1875000000,-103.6911926270
579428.6875000000,-103.7064285278
580764.3125000000,-103.8544616699
582103.0625000000,-103.8819198608
583444.8125000000,-103.8875579834
584790.3750000000,-103.9185485840
586138.3125000000,-103.9228057861
587489.4375000000,-103.9254837036
588843.6250000000,-103.9698104858
590200.9375000000,-103.9914627075
591561.4375000000,-103.9983291626
592925.0000000000,-104.0025558472
594292.3750000000,-104.0084533691
595662.2500000000,-104.0218658447
597035.3125000000,-104.0693511963
598411.5000000000,-104.1288146973
599790.9375000000,-104.1401290894
601173.4375000000,-104.1565017700
602559.8750000000,-104.1699447632
603948.8125000000,-104.1821441650
605340.9375000000,-104.1915054321
606736.3125000000,-104.2017745972
608134.8750000000,-104.2327270508
609536.6875000000,-104.2853012085
610941.6875000000,-104.3327178955
612350.6250000000,-104.3857803345
613762.1250000000,-104.4060058594
615176.9375000000,-104.4304962158
616594.9375000000,-104.4311065674
618016.2500000000,-104.4417953491
619440.8125000000,-104.4629821777
620869.3750000000,-104.4667205811
622300.5000000000,-104.4786071777
623734.9375000000,-104.5321502686
625172.6875000000,-104.5439376831
626613.7500000000,-104.5544509888
628058.1250000000,-104.5762481689
629505.8750000000,-104.6056365967
630957.6250000000,-104.6190795898
632412.0000000000,-104.6451034546
633869.7500000000,-104.6650466919
635330.8750000000,-104.7754135132
636795.3750000000,-104.8610076904
638263.2500000000,-104.8943710327
639735.1875000000,-104.9019088745
641209.8125000000,-104.9226303101
642687.8750000000,-104.9333190918
644169.3125000000,-104.9347686768
645654.1250000000,-104.9838333130
647142.4375000000,-105.0009231567
648634.1250000000,-105.0135726929
650130.0000000000,-105.0806732178
651628.5625000000,-105.0873336792
653130.6250000000,-105.1076202393
654636.1250000000,-105.1430664063
656145.1250000000,-105.1582107544
657657.6250000000,-105.1736068726
659173.5625000000,-105.2543334961
660693.6875000000,-105.2664413452
662216.6250000000,-105.2932586670
663743.1250000000,-105.3087615967
665273.0625000000,-105.3218917847
666806.5625000000,-105.3279495239
668343.6250000000,-105.3343353271
669884.9375000000,-105.3475112915
671429.0625000000,-105.3515853882
672976.7500000000,-105.3786468506
674528.0000000000,-105.3853683472
676082.8750000000,-105.4321823120
677641.2500000000,-105.5246276855
679203.3125000000,-105.5888977051
680769.6250000000,-105.6017150879
682338.8750000000,-105.6089172363
683911.6875000000,-105.6213302612
685488.1875000000,-105.6266174316
687068.2500000000,-105.6501846313
688652.0000000000,-105.6610946655
690240.1875000000,-105.6617584229
691831.1875000000,-105.6885986328
693425.9375000000,-105.6955718994
695024.3125000000,-105.7174301147
696626.4375000000,-105.7183303833
698232.1875000000,-105.7191085815
699841.6875000000,-105.7731094360
701455.6250000000,-105.8228607178
703072.5000000000,-105.8656158447
704693.1250000000,-105.8921585083
706317.5000000000,-105.9079132080
707945.6250000000,-105.9280700684
709577.5000000000,-105.9590301514
711213.8750000000,-105.9822998047
712853.3125000000,-105.9957122803
714496.5000000000,-106.0169754028
716143.4375000000,-106.0592803955
717794.1875000000,-106.1141891479
719448.7500000000,-106.1153411865
721107.1250000000,-106.1254196167
722770.1250000000,-106.1323242188
724436.1875000000,-106.1412353516
726106.0625000000,-106.1455535889
727779.8125000000,-106.1479873657
729457.3750000000,-106.1636276245
731138.8125000000,-106.1815643311
732824.1250000000,-106.1886062622
734514.1875000000,-106.2207870483
736207.2500000000,-106.2899169922
737904.3125000000,-106.3288040161
739605.1875000000,-106.3516387939
741310.0625000000,-106.3523712158
743018.8125000000,-106.3746566772
744732.3750000000,-106.4040374756
746449.0000000000,-106.5200653076
748169.6250000000,-106.6021881104
749894.1875000000,-106.6266098022
751622.7500000000,-106.6689834595
753355.3125000000,-106.7195129395
755091.8750000000,-106.7569198608
756833.2500000000,-106.7699356079
758577.7500000000,-106.7967376709
760326.3750000000,-106.8591156006
762078.9375000000,-106.8684082031
763835.6250000000,-106.8963851929
765596.3125000000,-106.9012832642
767361.8750000000,-106.9269104004
769130.6875000000,-106.9438247681
770903.6250000000,-106.9509353638
772680.6250000000,-106.9771499634
774461.6875000000,-106.9939041138
776246.8750000000,-107.0091934204
778036.1875000000,-107.0582122803
779830.4375000000,-107.0601119995
781628.0000000000,-107.0833053589
783429.7500000000,-107.1348648071
785235.6250000000,-107.1688613892
787045.6250000000,-107.1882324219
788859.8125000000,-107.1911849976
790678.1875000000,-107.2053146362
792501.6250000000,-107.2269210815
794328.4375000000,-107.2379684448
796159.3750000000,-107.2689819336
797994.6250000000,-107.2726058960
799834.0000000000,-107.2814636230
801677.6875000000,-107.2950439453
803526.5000000000,-107.3375778198
805378.6875000000,-107.4057388306
807235.1250000000,-107.4135742188
809095.8750000000,-107.4177246094
810960.9375000000,-107.4398803711
812830.2500000000,-107.4725723267
814703.8750000000,-107.4752044678
816582.6875000000,-107.5334472656
818465.0000000000,-107.5646209717
820351.6250000000,-107.5693283081
822242.5625000000,-107.5989608765
824137.8750000000,-107.6425857544
826037.6250000000,-107.7127685547
827942.5625000000,-107.7785568237
829851.0625000000,-107.7825012207
831763.9375000000,-107.8270874023
833681.1875000000,-107.8413085938
835602.8750000000,-107.8423538208
837529.0000000000,-107.8620376587
839459.5625000000,-107.8628921509
841395.5000000000,-107.8712921143
843335.0000000000,-107.9282150269
845278.9375000000,-107.9500350952
847227.3750000000,-107.9690628052
849180.2500000000,-108.0007171631
851137.6875000000,-108.0129241943
853100.5625000000,-108.0586776733
855067.0000000000,-108.0857543945
857038.0000000000,-108.0943908691
859013.5625000000,-108.1334075928
860993.6250000000,-108.1350250244
862978.3125000000,-108.1895141602
864967.5000000000,-108.2454452515
866962.2500000000,-108.2473297119
868960.6875000000,-108.2480010986
870963.6875000000,-108.2724151611
872971.3125000000,-108.2783889771
874983.6250000000,-108.2931900024
877000.5000000000,-108.2961578369
879022.0625000000,-108.3251571655
881049.2500000000,-108.3306961060
883080.1250000000,-108.3320236206
885115.6875000000,-108.3437881470
887155.9375000000,-108.4391555786
889200.8750000000,-108.5939712524
891250.5625000000,-108.6020812988
893305.9375000000,-108.6059646606
895365.0625000000,-108.6188125610
897428.9375000000,-108.6369476318
899497.5625000000,-108.6384201050
901571.0000000000,-108.6679306030
903649.1875000000,-108.6881103516
905732.1250000000,-108.7349700928
907820.9375000000,-108.7399597168
909913.5000000000,-108.7704010010
912010.9375000000,-108.7927398682
914113.1875000000,-108.8231964111
916220.2500000000,-108.8344421387
918332.1875000000,-108.8423004150
920450.0625000000,-108.8674316406
922571.7500000000,-108.8794631958
924698.3750000000,-108.8807525635
926829.8125000000,-108.8807754517
928966.2500000000,-108.9929580688
931107.5625000000,-109.0362701416
933253.8750000000,-109.0691604614
935406.0625000000,-109.1036834717
937562.2500000000,-109.1343841553
939723.4375000000,-109.1577835083
941889.5625000000,-109.1833419800
944060.6875000000,-109.1902618408
946236.8125000000,-109.1908111572
948419.0000000000,-109.2043991089
950605.1250000000,-109.2115707397
952796.3750000000,-109.2172927856
954992.6250000000,-109.2193222046
957193.9375000000,-109.2274246216
959400.3750000000,-109.2383956909
961611.8125000000,-109.2954406738
963829.5000000000,-109.3080291748
966051.1875000000,-109.3583831787
968278.0000000000,-109.3653717041
970509.9375000000,-109.3910522461
972747.0625000000,-109.3984909058
974989.3125000000,-109.4194183350
977236.6875000000,-109.4843139648
979490.3750000000,-109.5329818726
981748.1875000000,-109.5388259888
984011.1875000000,-109.5410842896
986279.3750000000,-109.5709533691
988552.8125000000,-109.6183776855
990831.5000000000,-109.6646270752
993116.5625000000,-109.6812438965
995405.7500000000,-109.7097320557
997700.2500000000,-109.7117996216
1000000.0000000000,-109.7514190674
1002305.0625000000,-109.7671585083
1004615.4375000000,-109.7955856323
1006931.1875000000,-109.8042984009
1009253.3125000000,-109.8067932129
1011579.7500000000,-109.8678131104
1013911.5000000000,-109.9311294556
1016248.6250000000,-109.9931259155
1018591.1250000000,-110.0439376831
1020939.0625000000,-110.0825271606
1023293.5625000000,-110.1089019775
1025652.3125000000,-110.1236953735
1028016.5000000000,-110.1287994385
1030386.1250000000,-110.1334228516
1032761.2500000000,-110.1424713135
1035141.8750000000,-110.1584014893
1037527.9375000000,-110.1831359863
1039920.6250000000,-110.2154769897
1042317.7500000000,-110.2476730347
1044720.3750000000,-110.2763214111
1047128.5000000000,-110.2987976074
1049542.2500000000,-110.3127975464
1051961.5000000000,-110.3217468262
1054386.3750000000,-110.3316802979
1056817.8750000000,-110.3465194702
1059254.0000000000,-110.3697357178
1061695.6250000000,-110.4059906006
1064142.8750000000,-110.4539642334
1066595.8750000000,-110.5079879761
1069054.3750000000,-110.5637664795
1071519.8750000000,-110.6168441772
1073989.7500000000,-110.6313629150
1076465.3750000000,-110.6378097534
1078946.7500000000,-110.6394805908
1081433.7500000000,-110.6571044922
1083926.5000000000,-110.6614913940
1086425.0000000000,-110.6625061035
1088930.5000000000,-110.6796188354
1091440.6250000000,-110.6938781738
1093956.5000000000,-110.7015686035
1096478.1250000000,-110.7022781372
1099005.5000000000,-110.7156677246
1101538.8750000000,-110.7206573486
1104079.1250000000,-110.7271423340
1106624.1250000000,-110.7286834717
1109175.0000000000,-110.7529144287
1111731.7500000000,-110.8141021729
1114294.3750000000,-110.8824691772
1116862.8750000000,-110.9554290771
1119437.3750000000,-111.0290603638
1122019.0000000000,-111.0983886719
1124605.2500000000,-111.1584243774
1127197.6250000000,-111.2045822144
1129795.8750000000,-111.2200012207
1132400.1250000000,-111.2209777832
1135010.3750000000,-111.2281341553
1137627.8750000000,-111.2335510254
1140250.2500000000,-111.2344436646
1142878.6250000000,-111.2393493652
1145513.0000000000,-111.2444458008
1148153.5000000000,-111.2607574463
1150800.0000000000,-111.2972030640
1153452.7500000000,-111.3382873535
1156112.7500000000,-111.3756256104
1158777.7500000000,-111.4043350220
1161448.7500000000,-111.4235534668
1164126.0000000000,-111.4353408813
1166809.3750000000,-111.4378128052
1169499.0000000000,-111.4434127808
1172194.7500000000,-111.4445266724
1174898.0000000000,-111.4468383789
1177606.2500000000,-111.4513015747
1180320.7500000000,-111.4579162598
1183041.3750000000,-111.4606323242
1185768.3750000000,-111.4694900513
1188501.7500000000,-111.4699020386
1191242.6250000000,-111.4738311768
1193988.5000000000,-111.4782638550
1196740.7500000000,-111.5338668823
1199499.2500000000,-111.6094207764
1202264.2500000000,-111.6954269409
1205035.5000000000,-111.7786254883
1207813.2500000000,-111.8497085571
1210598.6250000000,-111.9035644531
1213389.1250000000,-111.9307250977
1216186.1250000000,-111.9333801270
1218989.5000000000,-111.9381179810
1221799.3750000000,-111.9444427490
1224615.7500000000,-111.9454269409
1227439.8750000000,-111.9539489746
1230269.2500000000,-111.9541091919
1233105.0000000000,-111.9829330444
1235947.5000000000,-112.0433349609
1238796.3750000000,-112.1204833984
1241651.8750000000,-112.2013397217
1244514.0000000000,-112.2746887207
1247384.1250000000,-112.3333206177
1250259.3750000000,-112.3756332397
1253141.3750000000,-112.3760147095
1256029.8750000000,-112.3818588257
1258925.1250000000,-112.3863983154
1261827.0000000000,-112.4043197632
1264737.0000000000,-112.4050750732
1267652.3750000000,-112.4070281982
1270574.3750000000,-112.4227905273
1273503.1250000000,-112.4228286743
1276438.6250000000,-112.4325714111
1279380.8750000000,-112.4327774048
1282330.0000000000,-112.4485397339
1285287.2500000000,-112.4990768433
1288250.0000000000,-112.5505599976
1291219.5000000000,-112.5976791382
1294195.7500000000,-112.6392593384
1297179.0000000000,-112.6773147583
1300169.1250000000,-112.7149505615
1303166.1250000000,-112.7547607422
1306171.3750000000,-112.7983245850
1309182.2500000000,-112.8464965820
1312200.0000000000,-112.8998413086
1315224.7500000000,-112.9583740234
1318256.3750000000,-113.0205459595
1321295.1250000000,-113.0820693970
1324342.2500000000,-113.1338882446
1327394.8750000000,-113.1340637207
1330454.6250000000,-113.1361999512
1333521.3750000000,-113.1461868286
1336595.2500000000,-113.1469345093
1339676.2500000000,-113.1661148071
1342764.2500000000,-113.1679306030
1345860.8750000000,-113.1773605347
1348963.2500000000,-113.1862869263
1352072.7500000000,-113.1901016235
1355189.3750000000,-113.1974258423
1358313.1250000000,-113.1989517212
1361444.1250000000,-113.2075729370
1364583.8750000000,-113.2112960815
1367729.3750000000,-113.2113800049
1370882.0000000000,-113.2150573730
1374042.0000000000,-113.2177276611
1377209.2500000000,-113.2187728882
1380383.8750000000,-113.2192535400
1383565.7500000000,-113.2209701538
1386756.5000000000,-113.2360153198
1389953.0000000000,-113.2638473511
1393157.0000000000,-113.3227386475
1396368.2500000000,-113.3915863037
1399587.0000000000,-113.4402770996
1402813.1250000000,-113.4913253784
1406046.7500000000,-113.5468521118
1409289.3750000000,-113.6079711914
1412537.8750000000,-113.6726760864
1415793.8750000000,-113.7362289429
1419057.3750000000,-113.7937850952
1422328.3750000000,-113.8425903320
1425607.0000000000,-113.8814086914
1428894.6250000000,-113.9052200317
1432188.3750000000,-113.9067764282
1435489.6250000000,-113.9084854126
1438798.5000000000,-113.9190444946
1442115.1250000000,-113.9201660156
1445439.2500000000,-113.9213714600
1448771.1250000000,-113.9391784668
1452112.2500000000,-113.9592895508
1455459.5000000000,-113.9772415161
1458814.3750000000,-113.9955062866
1462177.0000000000,-114.0170059204
1465547.5000000000,-114.0411987305
1468925.6250000000,-114.0641326904
1472313.2500000000,-114.0873718262
1475707.0000000000,-114.1003417969
1479108.6250000000,-114.1074752808
1482518.1250000000,-114.1171798706
1485935.3750000000,-114.1305847168
1489360.6250000000,-114.1479873657
1492793.6250000000,-114.1702575684
1496236.3750000000,-114.1994171143
1499685.2500000000,-114.2376632690
1503142.1250000000,-114.3126068115
1506607.0000000000,-114.3958206177
1510079.7500000000,-114.4469223022
1513560.6250000000,-114.4887542725
1517051.1250000000,-114.5191116333
1520548.1250000000,-114.5374145508
1524053.0000000000,-114.5417251587
1527566.1250000000,-114.5431900024
1531087.2500000000,-114.5444869995
1534616.5000000000,-114.5600433350
1538153.8750000000,-114.5939102173
1541701.1250000000,-114.6421508789
1545254.8750000000,-114.6971969604
1548816.8750000000,-114.7688903809
1552387.0000000000,-114.7760086060
1555965.3750000000,-114.7824249268
1559551.8750000000,-114.7970123291
1563146.7500000000,-114.7979583740
1566751.7500000000,-114.8095245361
1570363.1250000000,-114.8106994629
1573983.0000000000,-114.8285522461
1577611.1250000000,-114.8285675049
1581247.6250000000,-114.8360671997
1584892.5000000000,-114.8382797241
1588547.5000000000,-114.8411331177
1592209.2500000000,-114.8565597534
1595879.3750000000,-114.8583908081
1599558.0000000000,-114.8610610962
1603245.1250000000,-114.8636627197
1606940.7500000000,-114.9223327637
1610644.8750000000,-114.9972305298
1614359.2500000000,-115.0414276123
1618080.5000000000,-115.0746154785
1621810.2500000000,-115.1102294922
1625548.6250000000,-115.1479110718
1629295.6250000000,-115.1818237305
1633051.2500000000,-115.2231979370
1636817.3750000000,-115.2707366943
1640590.3750000000,-115.3517303467
1644372.0000000000,-115.4079513550
1648162.3750000000,-115.4189758301
1651961.5000000000,-115.4394607544
1655769.5000000000,-115.4448013306
1659586.1250000000,-115.4495162964
1663413.3750000000,-115.4919204712
1667247.6250000000,-115.4943771362
1671090.7500000000,-115.4960327148
1674942.7500000000,-115.5001983643
1678803.6250000000,-115.5095214844
1682673.3750000000,-115.5096282959
1686554.0000000000,-115.5146408081
1690441.6250000000,-115.5376205444
1694338.1250000000,-115.5418701172
1698243.7500000000,-115.5659561157
1702158.2500000000,-115.5667114258
1706081.8750000000,-115.6372680664
1710014.5000000000,-115.7254257202
1713958.1250000000,-115.8608932495
1717908.8750000000,-115.9064254761
1721868.8750000000,-115.9146270752
1725837.8750000000,-115.9157714844
1729816.0000000000,-115.9363098145
1733803.3750000000,-115.9535446167
1737799.8750000000,-115.9688034058
1741807.6250000000,-115.9714355469
1745822.6250000000,-115.9906158447
1749846.7500000000,-116.0090484619
1753880.3750000000,-116.0147018433
1757923.1250000000,-116.0254364014
1761975.2500000000,-116.0965881348
1766038.7500000000,-116.1846237183
1770109.5000000000,-116.2242202759
1774189.7500000000,-116.2561569214
1778279.3750000000,-116.2896881104
1782378.5000000000,-116.3303680420
1786487.0000000000,-116.4167633057
1790605.0000000000,-116.4332809448
1794734.3750000000,-116.4399108887
1798871.3750000000,-116.4596023560
1803017.8750000000,-116.4832839966
1807174.0000000000,-116.5031890869
1811339.6250000000,-116.5199890137
1815514.8750000000,-116.5287017822
1819701.8750000000,-116.5414886475
1823896.3750000000,-116.5519943237
1828100.6250000000,-116.5932998657
1832314.5000000000,-116.5999526978
1836538.1250000000,-116.6070480347
1840771.3750000000,-116.6098327637
1845014.5000000000,-116.6362915039
1849269.5000000000,-116.6403579712
1853532.1250000000,-116.6421279907
1857804.6250000000,-116.6482391357
1862087.0000000000,-116.6724548340
1866379.2500000000,-116.7221374512
1870681.3750000000,-116.7766265869
1874993.5000000000,-116.7966766357
1879317.5000000000,-116.7988967896
1883649.5000000000,-116.8107376099
1887991.5000000000,-116.8137664795
1892343.3750000000,-116.8142852783
1896705.3750000000,-116.8145904541
1901077.3750000000,-116.8167037964
1905461.6250000000,-116.8299484253
1909853.8750000000,-116.8307800293
1914256.2500000000,-116.8443832397
1918668.7500000000,-116.8624877930
1923091.3750000000,-116.8660354614
1927524.2500000000,-116.8690338135
1931967.3750000000,-116.8759078979
1936422.7500000000,-116.8803253174
1940886.3750000000,-116.8809127808
1945360.2500000000,-116.9166870117
1949844.3750000000,-116.9890747070
1954339.0000000000,-117.0711975098
1958843.8750000000,-117.1447296143
1963361.2500000000,-117.1914062500
1967887.0000000000,-117.2141494751
1972423.1250000000,-117.2255477905
1976969.6250000000,-117.2552719116
1981526.7500000000,-117.3256225586
1986094.2500000000,-117.4140472412
1990672.3750000000,-117.4965896606
1995263.2500000000,-117.5734252930
1999862.3750000000,-117.6124114990
2004472.2500000000,-117.6172866821
2009092.7500000000,-117.6502227783
2013723.7500000000,-117.6537628174
2018365.6250000000,-117.6628189087
2023020.2500000000,-117.7057571411
2027683.5000000000,-117.7089767456
2032357.3750000000,-117.7095413208
2037042.1250000000,-117.7459182739
2041737.6250000000,-117.7541656494
2046444.0000000000,-117.7630233765
2051161.2500000000,-117.7637405396
2055891.5000000000,-117.7667922974
2060630.5000000000,-117.7939987183
2065380.3750000000,-117.7945861816
2070141.2500000000,-117.7953262329
2074913.1250000000,-117.8044815063
2079695.8750000000,-117.8264923096
2084489.7500000000,-117.8713378906
2089297.0000000000,-117.8766632080
2094112.8750000000,-117.8854827881
2098940.0000000000,-117.8966140747
2103778.2500000000,-117.9054336548
2108627.5000000000,-117.9314270020
2113488.0000000000,-117.9673385620
2118362.2500000000,-117.9830932617
2123245.2500000000,-118.0074615479
2128139.5000000000,-118.0826339722
2133045.0000000000,-118.0901489258
2137961.7500000000,-118.1055831909
2142889.7500000000,-118.1302642822
2147829.5000000000,-118.1381835938
2152782.7500000000,-118.1791610718
2157745.0000000000,-118.1991653442
2162718.7500000000,-118.2192382813
2167704.0000000000,-118.2282943726
2172700.7500000000,-118.2781448364
2177708.7500000000,-118.2784957886
2182731.0000000000,-118.3119735718
2187762.5000000000,-118.3214797974
2192805.2500000000,-118.3518676758
2197860.0000000000,-118.3595733643
2202926.2500000000,-118.3765945435
2208004.0000000000,-118.4146194458
2213093.7500000000,-118.4578552246
2218197.5000000000,-118.4710388184
2223310.5000000000,-118.4964294434
2228435.5000000000,-118.5710906982
2233572.0000000000,-118.5902633667
2238720.7500000000,-118.5985031128
2243881.0000000000,-118.6160812378
2249055.7500000000,-118.6301956177
2254240.0000000000,-118.6398773193
2259436.2500000000,-118.6644363403
2264644.5000000000,-118.6790542603
2269864.5000000000,-118.6821823120
2275096.7500000000,-118.6882476807
2280341.0000000000,-118.7094955444
2285600.0000000000,-118.7277145386
2290868.2500000000,-118.7376403809
2296149.0000000000,-118.7446060181
2301441.7500000000,-118.7699890137
2306746.7500000000,-118.7983856201
2312064.0000000000,-118.8133697510
2317393.5000000000,-118.8205337524
2322737.7500000000,-118.8293151855
2328091.7500000000,-118.8582534790
2333458.2500000000,-118.8663024902
2338837.0000000000,-118.8870162964
2344228.2500000000,-118.9077529907
2349631.7500000000,-119.0270233154
2355050.5000000000,-119.1577606201
2360479.0000000000,-119.2354660034
2365920.0000000000,-119.2494583130
2371373.7500000000,-119.2722015381
2376840.0000000000,-119.3071975708
2382318.7500000000,-119.3096313477
2387810.0000000000,-119.3273696899
2393316.7500000000,-119.3280792236
2398833.5000000000,-119.3973541260
2404363.0000000000,-119.4852142334
2409905.2500000000,-119.4927749634
2415460.2500000000,-119.5335464478
2421028.0000000000,-119.5335617065
2426611.2500000000,-119.5336837769
2432205.0000000000,-119.5354843140
2437811.2500000000,-119.5585708618
2443430.5000000000,-119.5645446777
2449063.0000000000,-119.5741882324
2454708.2500000000,-119.5803604126
2460366.5000000000,-119.6058654785
2466040.5000000000,-119.6085433960
2471724.7500000000,-119.6268768311
2477422.2500000000,-119.6368637085
2483133.0000000000,-119.6544418335
2488856.7500000000,-119.6766357422
2494593.7500000000,-119.7243652344
2500344.0000000000,-119.7419815063
2506110.2500000000,-119.7829437256
2511887.0000000000,-119.7856216431
2517677.0000000000,-119.8113021851
2523480.5000000000,-119.8554382324
2529297.2500000000,-119.8845443726
2535127.5000000000,-119.8906021118
2540974.0000000000,-119.8921356201
2546831.0000000000,-119.9114456177
2552701.7500000000,-119.9129409790
2558585.7500000000,-119.9161911011
2564483.5000000000,-119.9409027100
2570395.0000000000,-119.9423751831
2576319.7500000000,-119.9455261230
2582261.2500000000,-120.0256958008
2588213.5000000000,-120.1524963379
2594179.5000000000,-120.1675415039
2600159.2500000000,-120.1702575684
2606153.0000000000,-120.1707382202
2612160.2500000000,-120.1709976196
2618184.2500000000,-120.1882247925
2624219.5000000000,-120.2239379883
2630268.5000000000,-120.2288970947
2636331.5000000000,-120.2537994385
2642408.2500000000,-120.2608566284
2648499.2500000000,-120.2619857788
2654604.2500000000,-120.2671051025
2660726.2500000000,-120.2901229858
2666859.5000000000,-120.3270874023
2673006.7500000000,-120.4000625610
2679168.2500000000,-120.5559692383
2685343.7500000000,-120.6082153320
2691533.7500000000,-120.6270217896
2697741.0000000000,-120.6467437744
2703959.2500000000,-120.6500167847
2710192.2500000000,-120.6617431641
2716439.2500000000,-120.6671829224
2722701.0000000000,-120.6770019531
2728977.0000000000,-120.6824493408
2735267.5000000000,-120.6938705444
2741575.5000000000,-120.7202148438
2747895.0000000000,-120.7275390625
2754229.0000000000,-120.7371292114
2760577.7500000000,-120.7723922729
2766941.0000000000,-120.7911911011
2773319.0000000000,-120.8200073242
2779711.7500000000,-120.8579940796
2786122.2500000000,-120.8730163574
2792544.5000000000,-120.9113922119
2798981.5000000000,-120.9818115234
2805433.2500000000,-120.9959869385
2811900.0000000000,-121.0025787354
2818381.7500000000,-121.0036392212
2824881.2500000000,-121.0121917725
2831393.0000000000,-121.0372924805
2837919.5000000000,-121.0408935547
2844461.0000000000,-121.0523300171
2851017.7500000000,-121.0741271973
2857589.5000000000,-121.1689529419
2864176.5000000000,-121.2361679077
2870781.7500000000,-121.2428207397
2877399.2500000000,-121.2529373169
2884031.7500000000,-121.2536926270
2890679.7500000000,-121.2541427612
2897343.0000000000,-121.2576599121
2904021.5000000000,-121.2983932495
2910718.7500000000,-121.3065109253
2917428.0000000000,-121.3125534058
2924153.0000000000,-121.3329696655
2930893.2500000000,-121.3381576538
2937649.2500000000,-121.3387832642
2944420.7500000000,-121.3399581909
2951207.7500000000,-121.3416213989
2958013.7500000000,-121.3982315063
2964832.2500000000,-121.4636993408
2971666.2500000000,-121.4711074829
2978516.2500000000,-121.4763336182
2985382.0000000000,-121.5403518677
2992263.5000000000,-121.6364746094
2999164.2500000000,-121.6500015259
3006077.5000000000,-121.6648635864
3013006.7500000000,-121.6653823853
3019951.7500000000,-121.6669311523
3026913.0000000000,-121.6700744629
3033890.2500000000,-121.6713867188
3040883.7500000000,-121.6734161377
3047896.5000000000,-121.6752777100
3054922.0000000000,-121.6865234375
3061963.7500000000,-121.7021560669
3069022.0000000000,-121.7141418457
3076096.2500000000,-121.7466964722
3083186.7500000000,-121.7878570557
3090293.7500000000,-121.8276138306
3097420.5000000000,-121.8633117676
3104560.2500000000,-121.8904495239
3111716.5000000000,-121.9107742310
3118889.2500000000,-121.9203872681
3126078.5000000000,-121.9281692505
3133284.5000000000,-121.9363327026
3140510.2500000000,-121.9502105713
3147749.2500000000,-121.9708786011
3155005.2500000000,-122.0025558472
3162277.7500000000,-122.0380935669
3169567.0000000000,-122.0795974731
3176873.0000000000,-122.1200103760
3184196.0000000000,-122.1588897705
3191539.2500000000,-122.1927490234
3198896.0000000000,-122.2244720459
3206269.7500000000,-122.2518157959
3213660.2500000000,-122.2795257568
3221068.0000000000,-122.3077087402
3228492.7500000000,-122.3412704468
3235938.2500000000,-122.3776016235
3243397.2500000000,-122.4215850830
3250873.5000000000,-122.4677276611
3258367.0000000000,-122.5159454346
3265877.7500000000,-122.5596313477
3273406.0000000000,-122.5996017456
3280951.2500000000,-122.6305541992
3288517.7500000000,-122.6545410156
3296098.0000000000,-122.6744613647
3303695.7500000000,-122.6910858154
3311311.0000000000,-122.7092666626
3318944.0000000000,-122.7296066284
3326594.2500000000,-122.7539062500
3334262.2500000000,-122.7789535522
3341951.7500000000,-122.8035736084
3349655.2500000000,-122.8233261108
3357376.2500000000,-122.8398437500
3365115.2500000000,-122.8481140137
3372872.2500000000,-122.8558197021
3380646.7500000000,-122.8629074097
3388443.2500000000,-122.8776779175
3396253.7500000000,-122.8968505859
3404082.5000000000,-122.9229660034
3411929.0000000000,-122.9524383545
3419793.7500000000,-122.9822998047
3427676.7500000000,-123.0104446411
3435577.7500000000,-123.0370025635
3443500.7500000000,-123.0630493164
3451438.2500000000,-123.0903396606
3459394.0000000000,-123.1195831299
3467368.2500000000,-123.1502761841
3475360.7500000000,-123.1829757690
3483371.7500000000,-123.2164764404
3491405.0000000000,-123.2507476807
3499452.7500000000,-123.2876281738
3507519.2500000000,-123.3262405396
3515604.5000000000,-123.3665313721
3523708.2500000000,-123.4069976807
3531830.5000000000,-123.4438095093
3539971.7500000000,-123.4768676758
3548135.5000000000,-123.4792709351
3556314.2500000000,-123.4824371338
3564511.7500000000,-123.4876251221
3572728.2500000000,-123.4950485229
3580963.5000000000,-123.4966964722
3589218.0000000000,-123.4967651367
3597495.2500000000,-123.5047760010
3605787.7500000000,-123.5060043335
3614099.2500000000,-123.5214309692
3622430.0000000000,-123.5632324219
3630780.0000000000,-123.6109008789
3639149.2500000000,-123.6613540649
3647537.7500000000,-123.7088699341
3655949.5000000000,-123.7488098145
3664376.7500000000,-123.7833328247
3672823.5000000000,-123.8112487793
3681289.5000000000,-123.8351516724
3689775.2500000000,-123.8562011719
3698280.5000000000,-123.8740463257
3706805.2500000000,-123.8830184937
3715353.7500000000,-123.8868255615
3723918.0000000000,-123.8869400024
3732501.7500000000,-123.8889770508
3741105.5000000000,-123.9030838013
3749729.0000000000,-123.9288787842
3758372.5000000000,-123.9718093872
3767039.7500000000,-124.0234985352
3775723.2500000000,-124.0717926025
3784426.5000000000,-124.0990600586
3793149.7500000000,-124.1018676758
3801893.2500000000,-124.1088485718
3810657.0000000000,-124.1127014160
3819440.7500000000,-124.1166458130
3828249.0000000000,-124.1271438599
3837073.5000000000,-124.1274566650
3845918.2500000000,-124.1322326660
3854783.2500000000,-124.1716690063
3863668.7500000000,-124.2150115967
3872574.7500000000,-124.2583465576
3881505.7500000000,-124.2983474731
3890452.7500000000,-124.3284072876
3899420.5000000000,-124.3516845703
3908409.0000000000,-124.3686676025
3917418.2500000000,-124.3792648315
3926448.0000000000,-124.3855819702
3935498.7500000000,-124.3918380737
3944574.7500000000,-124.4002380371
3953667.2500000000,-124.4160995483
3962780.7500000000,-124.4453353882
3971915.2500000000,-124.4842071533
3981070.7500000000,-124.5303802490
3990247.5000000000,-124.5780105591
3999449.7500000000,-124.6134262085
4008668.7500000000,-124.6340942383
4017909.0000000000,-124.6349868774
4027170.5000000000,-124.6354217529
4036453.5000000000,-124.6384277344
4045757.7500000000,-124.6428070068
4055083.5000000000,-124.6437149048
4064435.2500000000,-124.6596145630
4073804.0000000000,-124.6813583374
4083194.5000000000,-124.7058258057
4092606.5000000000,-124.7320938110
4102040.2500000000,-124.7591247559
4111495.7500000000,-124.7836685181
4120973.0000000000,-124.8050079346
4130476.7500000000,-124.8255996704
4139997.7500000000,-124.8479843140
4149540.7500000000,-124.8768310547
4159105.7500000000,-124.9144821167
4168692.7500000000,-124.9536972046
4178301.7500000000,-124.9887695313
4187937.7500000000,-125.0142059326
4197591.0000000000,-125.0234909058
4207267.0000000000,-125.0275192261
4216965.0000000000,-125.0382995605
4226685.5000000000,-125.0620727539
4236428.0000000000,-125.1020965576
4246193.5000000000,-125.1522293091
4255986.0000000000,-125.1934204102
4265796.5000000000,-125.2199401855
4275629.5000000000,-125.2277145386
4285485.0000000000,-125.2287826538
4295363.0000000000,-125.2296752930
4305264.5000000000,-125.2315979004
4315193.0000000000,-125.2320404053
4325140.0000000000,-125.2353363037
4335109.5000000000,-125.2453308105
4345102.5000000000,-125.2608718872
4355118.0000000000,-125.2840957642
4365157.0000000000,-125.3157119751
4375219.0000000000,-125.3568344116
4385309.0000000000,-125.4066848755
4395417.5000000000,-125.4619064331
4405549.0000000000,-125.5133514404
4415704.5000000000,-125.5498046875
4425883.0000000000,-125.5707092285
4436085.0000000000,-125.5807952881
4446310.5000000000,-125.5882568359
4456564.0000000000,-125.6029129028
4466837.0000000000,-125.6341705322
4477133.5000000000,-125.6790847778
4487453.5000000000,-125.7263031006
4497797.5000000000,-125.7692871094
4508165.0000000000,-125.8063278198
4518561.5000000000,-125.8399581909
4528977.0000000000,-125.8631057739
4539417.0000000000,-125.8710174561
4549880.5000000000,-125.8742523193
4560368.5000000000,-125.8743667603
4570880.5000000000,-125.8936691284
4581416.5000000000,-125.8959960938
4591982.0000000000,-125.9068298340
4602567.0000000000,-125.9181671143
4613176.0000000000,-125.9214096069
4623810.0000000000,-125.9274215698
4634468.0000000000,-125.9308242798
4645151.0000000000,-125.9477233887
4655863.5000000000,-125.9715576172
4666595.5000000000,-125.9968032837
4677352.0000000000,-126.0291366577
4688134.0000000000,-126.0712432861
4698940.5000000000,-126.1205291748
4709771.5000000000,-126.1706314087
4720628.0000000000,-126.2166137695
4731514.5000000000,-126.2534103394
4742421.0000000000,-126.2609710693
4753353.0000000000,-126.2631072998
4764309.5000000000,-126.2688751221
4775291.5000000000,-126.2754058838
4786299.0000000000,-126.2765121460
4797337.0000000000,-126.2771987915
4808395.5000000000,-126.2794647217
4819479.0000000000,-126.2837600708
4830588.0000000000,-126.2851867676
4841723.0000000000,-126.2870559692
4852883.5000000000,-126.3371276855
4864070.0000000000,-126.4071044922
4875287.0000000000,-126.4825820923
4886525.0000000000,-126.5465087891
4897789.0000000000,-126.5814895630
4909078.5000000000,-126.5859069824
4920394.5000000000,-126.5898513794
4931736.0000000000,-126.5908279419
4943104.0000000000,-126.5973587036
4954504.0000000000,-126.6212463379
4965924.5000000000,-126.6646041870
4977371.0000000000,-126.7098922729
4988844.5000000000,-126.7501602173
5000344.0000000000,-126.7845382690
5011870.0000000000,-126.8151702881
5023428.5000000000,-126.8432159424
5035007.5000000000,-126.8676986694
5046614.0000000000,-126.8871841431
5058246.5000000000,-126.8979492188
5069906.0000000000,-126.9012451172
5081592.5000000000,-126.9023666382
5093306.0000000000,-126.9062652588
5105052.0000000000,-126.9097824097
5116819.5000000000,-126.9100189209
5128614.5000000000,-126.9130477905
5140436.0000000000,-126.9325408936
5152285.0000000000,-126.9734497070
5164161.5000000000,-127.0226669312
5176071.0000000000,-127.0794525146
5188002.0000000000,-127.1462631226
5199961.0000000000,-127.2172622681
5211947.0000000000,-127.2755889893
5223961.0000000000,-127.3045349121
5236002.5000000000,-127.3078613281
5248072.0000000000,-127.3080520630
5260175.0000000000,-127.3099670410
5272300.0000000000,-127.3153152466
5284453.0000000000,-127.3253250122
5296634.0000000000,-127.3551025391
5308843.5000000000,-127.3946380615
5321080.5000000000,-127.4319458008
5333352.0000000000,-127.4460296631
5345645.5000000000,-127.4469223022
5357967.5000000000,-127.4717712402
5370318.0000000000,-127.4800338745
5382697.0000000000,-127.4813156128
5395104.5000000000,-127.5141067505
5407541.0000000000,-127.5269546509
5420011.5000000000,-127.5323028564
5432505.0000000000,-127.5476760864
5445027.5000000000,-127.5543212891
5457578.5000000000,-127.5827484131
5470158.5000000000,-127.6210861206
5482767.5000000000,-127.6478881836
5495406.0000000000,-127.6542434692
5508079.0000000000,-127.6613845825
5520775.5000000000,-127.6643447876
5533501.5000000000,-127.6654281616
5546256.5000000000,-127.6713790894
5559041.0000000000,-127.7006378174
5571855.0000000000,-127.7666931152
5584704.5000000000,-127.8601608276
5597578.0000000000,-127.9002838135
5610480.5000000000,-127.9021606445
5623413.5000000000,-127.9030914307
5636375.5000000000,-127.9125061035
5649368.0000000000,-127.9432296753
5662390.0000000000,-127.9856872559
5675448.5000000000,-128.0261230469
5688531.0000000000,-128.0515441895
5701643.5000000000,-128.0582580566
5714786.0000000000,-128.0587921143
5727959.0000000000,-128.0657653809
5741162.5000000000,-128.0883789063
5754402.5000000000,-128.1077575684
5767666.5000000000,-128.1144256592
5780961.5000000000,-128.1179504395
5794287.0000000000,-128.1179809570
5807643.5000000000,-128.1298370361
5821030.5000000000,-128.1404266357
5834448.5000000000,-128.1457672119
5847903.5000000000,-128.1809539795
5861383.5000000000,-128.2012481689
5874894.0000000000,-128.2057037354
5888436.5000000000,-128.2094268799
5902009.5000000000,-128.2095947266
5915614.0000000000,-128.2503509521
5929250.0000000000,-128.2838439941
5942924.0000000000,-128.3157348633
5956622.5000000000,-128.3556213379
5970353.0000000000,-128.4115600586
5984115.5000000000,-128.4733734131
5997909.0000000000,-128.4818115234
6011734.5000000000,-128.4881439209
6025599.0000000000,-128.4893341064
6039488.0000000000,-128.5036010742
6053409.5000000000,-128.5164642334
6067363.0000000000,-128.5170593262
6081349.0000000000,-128.5208129883
6095367.0000000000,-128.5306701660
6109417.0000000000,-128.5331268311
6123506.5000000000,-128.5659027100
6137621.5000000000,-128.6301879883
6151769.0000000000,-128.7122650146
6165949.5000000000,-128.7872619629
6180162.5000000000,-128.8421630859
6194408.0000000000,-128.8523864746
6208693.5000000000,-128.8646087646
6223005.0000000000,-128.8709259033
6237349.5000000000,-128.8932037354
6251727.0000000000,-128.9137725830
6266137.5000000000,-128.9264068604
6280581.5000000000,-128.9293975830
6295058.5000000000,-128.9414520264
6309576.0000000000,-128.9579925537
6324120.0000000000,-128.9775238037
6338698.0000000000,-128.9790039063
6353309.0000000000,-128.9960479736
6367954.0000000000,-129.0094299316
6382632.5000000000,-129.0500793457
6397352.0000000000,-129.0722808838
6412098.0000000000,-129.0808715820
6426878.5000000000,-129.0968627930
6441693.0000000000,-129.1412811279
6456541.5000000000,-129.1925811768
6471424.0000000000,-129.2505035400
6486341.5000000000,-129.3030395508
6501300.0000000000,-129.3251495361
6516286.0000000000,-129.3289489746
6531306.5000000000,-129.3543853760
6546361.5000000000,-129.3654785156
6561451.5000000000,-129.3731384277
6576576.0000000000,-129.3817138672
6591735.5000000000,-129.3937683105
6606937.0000000000,-129.4086456299
6622166.5000000000,-129.4127044678
6637431.0000000000,-129.4151153564
6652731.0000000000,-129.4346466064
6668066.0000000000,-129.4405059814
6683436.0000000000,-129.4773406982
6698849.5000000000,-129.5257873535
6714290.5000000000,-129.5470428467
6729767.5000000000,-129.5607147217
6745280.0000000000,-129.5829010010
6760828.5000000000,-129.6363677979
6776413.0000000000,-129.6943664551
6792033.0000000000,-129.7073822021
6807696.5000000000,-129.7096862793
6823388.5000000000,-129.7279205322
6839117.0000000000,-129.7310028076
6854881.5000000000,-129.7516937256
6870682.5000000000,-129.7535705566
6886520.0000000000,-129.7633056641
6902401.5000000000,-129.8303985596
6918312.0000000000,-129.9197540283
6934259.5000000000,-129.9202270508
6950243.5000000000,-129.9426269531
6966264.0000000000,-129.9431304932
6982322.0000000000,-129.9829864502
6998416.5000000000,-129.9851531982
7014556.0000000000,-129.9914093018
7030725.0000000000,-130.0325012207
7046931.5000000000,-130.0442504883
7063175.0000000000,-130.0532836914
7079456.5000000000,-130.0845642090
7095775.0000000000,-130.1067047119
7112139.0000000000,-130.1552886963
7128533.0000000000,-130.1785430908
7144965.0000000000,-130.1929931641
7161434.5000000000,-130.2015533447
7177942.0000000000,-130.2136230469
7194487.5000000000,-130.2568969727
7211071.5000000000,-130.2590179443
7227701.5000000000,-130.2657775879
7244362.0000000000,-130.3273620605
7261060.5000000000,-130.3363189697
7277798.0000000000,-130.3366699219
7294573.5000000000,-130.3845977783
7311388.0000000000,-130.3918609619
7328241.5000000000,-130.4348297119
7345141.5000000000,-130.4374694824
7362072.5000000000,-130.4507904053
7379043.0000000000,-130.4585113525
7396052.0000000000,-130.4863891602
7413100.5000000000,-130.4971466064
7430188.0000000000,-130.4989166260
7447323.5000000000,-130.5111083984
7464490.0000000000,-130.5179595947
7481696.5000000000,-130.5257415771
7498942.0000000000,-130.5478820801
7516227.5000000000,-130.5770416260
7533553.0000000000,-130.6019439697
7550918.5000000000,-130.6632385254
7568332.0000000000,-130.6859588623
7585777.5000000000,-130.7107543945
7603263.5000000000,-130.7254943848
7620789.5000000000,-130.7360229492
7638356.0000000000,-130.7525329590
7655963.0000000000,-130.7760925293
7673619.0000000000,-130.7872467041
7691307.0000000000,-130.7938232422
7709036.0000000000,-130.8112335205
7726806.0000000000,-130.8115386963
7744617.0000000000,-130.8135986328
7762469.0000000000,-130.8156585693
7780362.0000000000,-130.8293151855
7798304.5000000000,-130.8776855469
7816280.5000000000,-130.9811248779
7834297.5000000000,-131.0530090332
7852356.0000000000,-131.0679168701
7870456.0000000000,-131.0725860596
7888598.0000000000,-131.0842437744
7906782.0000000000,-131.1127166748
7925016.5000000000,-131.1142730713
7943284.0000000000,-131.1247253418
7961594.0000000000,-131.1570892334
7979946.0000000000,-131.1605834961
7998340.5000000000,-131.1729736328
8016777.0000000000,-131.1773223877
8035265.0000000000,-131.2767486572
8053787.0000000000,-131.2877807617
8072351.5000000000,-131.2953491211
8090959.0000000000,-131.3152465820
8109609.0000000000,-131.3232574463
8128302.5000000000,-131.3318786621
8147038.5000000000,-131.3675537109
8165827.0000000000,-131.4212951660
8184650.0000000000,-131.4574279785
8203516.0000000000,-131.4708709717
8222426.0000000000,-131.4833221436
8241379.0000000000,-131.4997558594
8260376.0000000000,-131.5049591064
8279426.0000000000,-131.5302124023
8298510.5000000000,-131.5633239746
8317639.0000000000,-131.5659790039
8336812.0000000000,-131.6314239502
8356029.0000000000,-131.6328735352
8375290.0000000000,-131.6463165283
8394596.0000000000,-131.6486206055
8413955.0000000000,-131.6497650146
8433350.0000000000,-131.6534729004
8452789.0000000000,-131.6959838867
8472274.0000000000,-131.6995391846
8491803.0000000000,-131.7458038330
8511377.0000000000,-131.8348083496
8531006.0000000000,-131.8992767334
8550670.0000000000,-131.9078216553
8570380.0000000000,-131.9153900146
8590136.0000000000,-131.9161071777
8609936.0000000000,-131.9201507568
8629783.0000000000,-131.9430084229
8649675.0000000000,-131.9787597656
8669623.0000000000,-131.9825592041
8689607.0000000000,-132.0004272461
8709637.0000000000,-132.0271606445
8729713.0000000000,-132.0393218994
8749836.0000000000,-132.0561828613
8770005.0000000000,-132.0660552979
8790220.0000000000,-132.0734252930
8810492.0000000000,-132.0828247070
8830801.0000000000,-132.1253662109
8851157.0000000000,-132.2319793701
8871559.0000000000,-132.2333068848
8892009.0000000000,-132.2367553711
8912505.0000000000,-132.2722930908
8933059.0000000000,-132.2825012207
8953651.0000000000,-132.2843627930
8974289.0000000000,-132.2863006592
8994976.0000000000,-132.2961730957
9015710.0000000000,-132.3101501465
9036492.0000000000,-132.3360443115
9057321.0000000000,-132.3824310303
9078209.0000000000,-132.4358062744
9099135.0000000000,-132.4534149170
9120109.0000000000,-132.4611358643
9141132.0000000000,-132.4645843506
9162203.0000000000,-132.4669647217
9183322.0000000000,-132.4693908691
9204500.0000000000,-132.4699554443
9225718.0000000000,-132.4751892090
9246983.0000000000,-132.4937438965
9268298.0000000000,-132.5091552734
9289662.0000000000,-132.5143890381
9311076.0000000000,-132.5207519531
9332538.0000000000,-132.5630950928
9354061.0000000000,-132.5859832764
9375623.0000000000,-132.5876464844
9397234.0000000000,-132.6330718994
9418895.0000000000,-132.7405548096
9440607.0000000000,-132.7992706299
9462368.0000000000,-132.8059539795
9484190.0000000000,-132.8168029785
9506052.0000000000,-132.8188781738
9527964.0000000000,-132.8549499512
9549926.0000000000,-132.9188385010
9571940.0000000000,-132.9254302979
9594004.0000000000,-132.9271240234
9616118.0000000000,-132.9401550293
9638295.0000000000,-132.9501800537
9660512.0000000000,-132.9514770508
9682780.0000000000,-132.9532012939
9705099.0000000000,-132.9658813477
9727470.0000000000,-132.9784393311
9749893.0000000000,-133.0194702148
9772367.0000000000,-133.0812835693
9794904.0000000000,-133.1189422607
9817482.0000000000,-133.1259460449
9840112.0000000000,-133.1379394531
9862794.0000000000,-133.1743774414
9885528.0000000000,-133.2151641846
9908315.0000000000,-133.2486114502
9931165.0000000000,-133.2610321045
9954057.0000000000,-133.2634582520
9977002.0000000000,-133.2638854980
10000000.0000000000,-133.2650604248
10023051.0000000000,-133.2681121826
10046155.0000000000,-133.2716522217
10069312.0000000000,-133.2814941406
10092533.0000000000,-133.3040008545
10115797.0000000000,-133.3401031494
10139115.0000000000,-133.3848266602
10162486.0000000000,-133.4403228760
10185911.0000000000,-133.5058746338
10209391.0000000000,-133.5802917480
10232935.0000000000,-133.6663818359
10256523.0000000000,-133.7530670166
10280165.0000000000,-133.8408660889
10303861.0000000000,-133.8864288330
10327613.0000000000,-133.8879394531
10351418.0000000000,-133.8885498047
10375279.0000000000,-133.9119415283
10399206.0000000000,-133.9180145264
10423177.0000000000,-133.9181213379
10447203.0000000000,-133.9394073486
10471285.0000000000,-133.9488830566
10495422.0000000000,-133.9700927734
10519615.0000000000,-133.9700927734
10543863.0000000000,-133.9912109375
10568179.0000000000,-134.0013732910
10592540.0000000000,-134.0083160400
10616956.0000000000,-134.0093383789
10641429.0000000000,-134.0314788818
10665958.0000000000,-134.0446777344
10690544.0000000000,-134.0460968018
10715198.0000000000,-134.0505981445
10739898.0000000000,-134.0542907715
10764654.0000000000,-134.0555114746
10789467.0000000000,-134.0662231445
10814338.0000000000,-134.0666198730
10839265.0000000000,-134.0716705322
10864251.0000000000,-134.0760192871
10889305.0000000000,-134.0849761963
10914406.0000000000,-134.1099700928
10939565.0000000000,-134.1375885010
10964781.0000000000,-134.1708984375
10990056.0000000000,-134.2056121826
11015388.0000000000,-134.2426147461
11040792.0000000000,-134.2743377686
11066242.0000000000,-134.2996520996
11091750.0000000000,-134.3119812012
11117317.0000000000,-134.3135375977
11142944.0000000000,-134.3162384033
11168629.0000000000,-134.3174133301
11194373.0000000000,-134.3200531006
11220189.0000000000,-134.3328704834
11246053.0000000000,-134.3653411865
11271976.0000000000,-134.4018707275
11297958.0000000000,-134.4406127930
11324001.0000000000,-134.4784393311
11350104.0000000000,-134.5014801025
11376279.0000000000,-134.5232238770
11402502.0000000000,-134.5396575928
11428786.0000000000,-134.5577850342
11455130.0000000000,-134.5792388916
11481535.0000000000,-134.5973205566
11508000.0000000000,-134.6118316650
11534527.0000000000,-134.6118927002
11561128.0000000000,-134.6119232178
11587777.0000000000,-134.6125183105
11614488.0000000000,-134.6152954102
11641260.0000000000,-134.6425933838
11668094.0000000000,-134.6794128418
11694990.0000000000,-134.7458190918
11721947.0000000000,-134.8148498535
11748980.0000000000,-134.8890991211
11776062.0000000000,-134.9344635010
11803207.0000000000,-134.9363250732
11830414.0000000000,-134.9396667480
11857684.0000000000,-134.9427947998
11885017.0000000000,-134.9481811523
11912426.0000000000,-134.9514312744
11939885.0000000000,-134.9533233643
11967407.0000000000,-134.9590148926
11994993.0000000000,-134.9600067139
12022642.0000000000,-134.9607391357
12050355.0000000000,-134.9627838135
12078132.0000000000,-134.9636993408
12105986.0000000000,-134.9652862549
12133892.0000000000,-134.9662170410
12161861.0000000000,-134.9721069336
12189895.0000000000,-134.9765472412
12217994.0000000000,-134.9925537109
12246157.0000000000,-134.9938201904
12274399.0000000000,-134.9977722168
12302692.0000000000,-135.0085449219
12331051.0000000000,-135.0118103027
12359475.0000000000,-135.0186614990
12387964.0000000000,-135.0330200195
12416519.0000000000,-135.0371856689
12445140.0000000000,-135.0390930176
12473841.0000000000,-135.0443115234
12502594.0000000000,-135.0462341309
12531413.0000000000,-135.0477142334
12560299.0000000000,-135.0800476074
12589251.0000000000,-135.1320800781
12618270.0000000000,-135.2066802979
12647370.0000000000,-135.2827758789
12676523.0000000000,-135.3564605713
12705744.0000000000,-135.4182586670
12735031.0000000000,-135.4705963135
12764387.0000000000,-135.4999847412
12793809.0000000000,-135.5231933594
12823300.0000000000,-135.5350799561
12852873.0000000000,-135.5452423096
12882499.0000000000,-135.5541076660
12912195.0000000000,-135.5580291748
12941958.0000000000,-135.5604400635
12971790.0000000000,-135.5605163574
13001691.0000000000,-135.5714569092
13031661.0000000000,-135.5890045166
13061714.0000000000,-135.6367950439
13091822.0000000000,-135.6888885498
13122000.0000000000,-135.7291259766
13152247.0000000000,-135.7390289307
13182564.0000000000,-135.7415924072
13212951.0000000000,-135.7477569580
13243422.0000000000,-135.7667236328
13273949.0000000000,-135.7882232666
13304546.0000000000,-135.7885742188
13335214.0000000000,-135.7955780029
13365953.0000000000,-135.8132476807
13396762.0000000000,-135.8170318604
13427643.0000000000,-135.8569946289
13458609.0000000000,-135.9559631348
13489632.0000000000,-136.0527648926
13520727.0000000000,-136.1467742920
13551893.0000000000,-136.2049255371
13583131.0000000000,-136.2454223633
13614441.0000000000,-136.2662200928
13645839.0000000000,-136.2753906250
13677293.0000000000,-136.2901000977
13708820.0000000000,-136.3167877197
13740420.0000000000,-136.3728485107
13772093.0000000000,-136.4384155273
13803838.0000000000,-136.4576263428
13835657.0000000000,-136.4795684814
13867565.0000000000,-136.5023803711
13899530.0000000000,-136.5023803711
13931570.0000000000,-136.5023803711
13963683.0000000000,-136.5023803711
13995870.0000000000,-136.5023803711
14028132.0000000000,-136.5023803711
14060468.0000000000,-136.5023803711
14092893.0000000000,-136.5023803711
14125379.0000000000,-136.5023803711
14157939.0000000000,-136.5070800781
14190574.0000000000,-136.5110931396
14223284.0000000000,-136.5212707520
14256070.0000000000,-136.5215911865
14288946.0000000000,-136.5344696045
14321884.0000000000,-136.5387725830
14354896.0000000000,-136.5430908203
14387986.0000000000,-136.5443115234
14421151.0000000000,-136.5514984131
14454393.0000000000,-136.5659179688
14487711.0000000000,-136.5693969727
14521122.0000000000,-136.5700073242
14554594.0000000000,-136.5703582764
14588144.0000000000,-136.5827789307
14621770.0000000000,-136.5928039551
14655475.0000000000,-136.5936584473
14689257.0000000000,-136.5961456299
14723133.0000000000,-136.6585235596
14757070.0000000000,-136.6585235596
14791086.0000000000,-136.6585235596
14825181.0000000000,-136.6585235596
14859354.0000000000,-136.6585235596
14893606.0000000000,-136.7925872803
14927937.0000000000,-136.9690704346
14962363.0000000000,-137.0868835449
14996852.0000000000,-137.0868835449
15031421.0000000000,-137.0868835449
15066070.0000000000,-137.0868835449
15100798.0000000000,-137.0868835449
15135607.0000000000,-137.1055603027
15170512.0000000000,-137.1327972412
15205481.0000000000,-137.1624450684
15240531.0000000000,-137.1666107178
15275661.0000000000,-137.1871185303
15310873.0000000000,-137.1998443604
15346165.0000000000,-137.2034912109
15381539.0000000000,-137.2538146973
15417012.0000000000,-137.2575988770
15452549.0000000000,-137.2972412109
15488168.0000000000,-137.3033599854
15523870.0000000000,-137.3535156250
15559653.0000000000,-137.3585357666
15595519.0000000000,-137.3928527832
15631468.0000000000,-137.3976287842
15667517.0000000000,-137.3986206055
15703632.0000000000,-137.4430084229
15739830.0000000000,-137.4193878174
15776111.0000000000,-137.3986206055
15812476.0000000000,-137.3976287842
15848925.0000000000,-137.3928527832
15885475.0000000000,-137.3928527832
15922092.0000000000,-137.3928527832
15958794.0000000000,-137.3976287842
15995580.0000000000,-137.3986206055
16032451.0000000000,-137.4077453613
16069407.0000000000,-137.4193878174
16106448.0000000000,-137.5080108643
16143592.0000000000,-137.6084594727
16180804.0000000000,-137.6088256836
16218102.0000000000,-137.6115722656
16255486.0000000000,-137.7303314209
16292956.0000000000,-137.7992401123
16330513.0000000000,-137.8503875732
16368174.0000000000,-137.8576202393
16405903.0000000000,-137.9066467285
16443720.0000000000,-137.9373321533
16481624.0000000000,-137.9414978027
16519616.0000000000,-137.9487457275
16557694.0000000000,-137.9556884766
16595861.0000000000,-137.9567413330
16634134.0000000000,-137.9628448486
16672477.0000000000,-137.9817810059
16710908.0000000000,-137.9981079102
16749428.0000000000,-138.1002197266
16788036.0000000000,-138.1286315918
16826734.0000000000,-138.1491699219
16865540.0000000000,-138.1576080322
16904416.0000000000,-138.1642303467
16943382.0000000000,-138.1685028076
16982438.0000000000,-138.1727905273
17021582.0000000000,-138.1843414307
17060818.0000000000,-138.1904296875
17100146.0000000000,-138.2105712891
17139582.0000000000,-138.2126312256
17179090.0000000000,-138.2126312256
17218688.0000000000,-138.2126312256
17258378.0000000000,-138.2126312256
17298160.0000000000,-138.2209777832
17338034.0000000000,-138.2237854004
17378000.0000000000,-138.2270050049
17418076.0000000000,-138.2310333252
17458226.0000000000,-138.2337036133
17498468.0000000000,-138.2415618896
17538804.0000000000,-138.2509613037
17579232.0000000000,-138.2509613037
17619752.0000000000,-138.2415618896
17660388.0000000000,-138.2415618896
17701096.0000000000,-138.2415618896
17741898.0000000000,-138.2384948730
17782794.0000000000,-138.2384948730
17823784.0000000000,-138.2384948730
17864870.0000000000,-138.2415618896
17906050.0000000000,-138.2470550537
17947344.0000000000,-138.2509613037
17988714.0000000000,-138.2550354004
18030180.0000000000,-138.2555389404
18071740.0000000000,-138.2555389404
18113396.0000000000,-138.2555389404
18155150.0000000000,-138.2586822510
18197018.0000000000,-138.2591400146
18238964.0000000000,-138.2616424561
18281006.0000000000,-138.2804718018
18323144.0000000000,-138.2905120850
18365380.0000000000,-138.2933044434
18407714.0000000000,-138.2986755371
18450146.0000000000,-138.3039398193
18492694.0000000000,-138.3067169189
18535322.0000000000,-138.3805694580
18578046.0000000000,-138.3859405518
18620870.0000000000,-138.3989562988
18663792.0000000000,-138.4636383057
18706814.0000000000,-138.4673919678
18749934.0000000000,-138.4696960449
18793176.0000000000,-138.5665588379
18836496.0000000000,-138.7021331787
18879914.0000000000,-138.8165435791
18923434.0000000000,-138.8248443604
18967054.0000000000,-138.8631286621
19010774.0000000000,-138.8804473877
19054616.0000000000,-138.8966369629
19098538.0000000000,-138.9632720947
19142562.0000000000,-138.9761962891
19186688.0000000000,-138.9762268066
19230914.0000000000,-138.9814910889
19275242.0000000000,-138.9849243164
19319674.0000000000,-138.9921112061
19364228.0000000000,-138.9943695068
19408864.0000000000,-139.0036621094
19453602.0000000000,-139.0312347412
19498444.0000000000,-139.0375823975
19543390.0000000000,-139.0488586426
19588438.0000000000,-139.0519714355
19633612.0000000000,-139.0947113037
19678870.0000000000,-139.1230621338
19724230.0000000000,-139.1705627441
19769696.0000000000,-139.1920166016
19815268.0000000000,-139.2244110107
19860942.0000000000,-139.2276611328
19906724.0000000000,-139.2389221191
19952632.0000000000,-139.3319549561
19998624.0000000000,-139.3330230713
20044722.0000000000,-139.3507690430
20090926.0000000000,-139.3731689453
20137238.0000000000,-139.3868560791
20183656.0000000000,-139.3882446289
20230202.0000000000,-139.3900146484
20276834.0000000000,-139.5121765137
20323574.0000000000,-139.5460052490
20370422.0000000000,-139.5629272461
20417376.0000000000,-139.5881805420
20464440.0000000000,-139.5912170410
20511612.0000000000,-139.6446990967
20558916.0000000000,-139.6446990967
20606306.0000000000,-139.6584625244
20653804.0000000000,-139.6720581055
20701412.0000000000,-139.7211914063
20749130.0000000000,-139.7261810303
20796960.0000000000,-139.7443847656
20844898.0000000000,-139.8015289307
20892970.0000000000,-139.8347473145
20941130.0000000000,-139.8680114746
20989400.0000000000,-139.9020233154
21037782.0000000000,-139.9036712646
21086276.0000000000,-139.9036712646
21134882.0000000000,-139.9036712646
21183622.0000000000,-139.9036712646
21232452.0000000000,-139.9236145020
21281394.0000000000,-139.9237976074
21330448.0000000000,-139.9279785156
21379618.0000000000,-139.9237976074
21428898.0000000000,-139.9143066406
21478294.0000000000,-139.9036712646
21527826.0000000000,-139.9036712646
21577450.0000000000,-139.9036712646
21627188.0000000000,-139.9143066406
21677040.0000000000,-139.9187774658
21727006.0000000000,-139.9237976074
21777088.0000000000,-140.0076446533
21827310.0000000000,-140.0076446533
21877624.0000000000,-140.0076446533
21928054.0000000000,-139.9845581055
21978600.0000000000,-139.9237976074
22029262.0000000000,-139.9237976074
22080040.0000000000,-139.9237976074
22130936.0000000000,-139.9845581055
22181974.0000000000,-139.9969940186
22233106.0000000000,-140.0076446533
22284354.0000000000,-140.0229644775
22335722.0000000000,-140.0994262695
22387206.0000000000,-140.1011047363
22438810.0000000000,-140.1116790771
22490558.0000000000,-140.1207733154
22542400.0000000000,-140.1580047607
22594362.0000000000,-140.2159576416
22646444.0000000000,-140.2658691406
22698646.0000000000,-140.2159576416
22750968.0000000000,-140.1580047607
22803410.0000000000,-140.1207733154
22855998.0000000000,-140.1116790771
22908684.0000000000,-140.1011047363
22961490.0000000000,-140.1011047363
23014418.0000000000,-140.1011047363
23067468.0000000000,-140.1011047363
23120640.0000000000,-140.1011047363
23173934.0000000000,-140.1074829102
23227378.0000000000,-140.1116790771
23280918.0000000000,-140.1116790771
23334582.0000000000,-140.1116790771
23388370.0000000000,-140.1116790771
23442282.0000000000,-140.1580047607
23496318.0000000000,-140.2253875732
23550504.0000000000,-140.2317504883
23604790.0000000000,-140.2528228760
23659200.0000000000,-140.2647705078
23713738.0000000000,-140.2932891846
23768398.0000000000,-140.2647705078
23823186.0000000000,-140.2528228760
23878100.0000000000,-140.2528228760
23933168.0000000000,-140.2528228760
23988336.0000000000,-140.2647705078
24043630.0000000000,-140.2832794189
24099052.0000000000,-140.2932891846
24154602.0000000000,-140.3083953857
24210280.0000000000,-140.3386383057
24266114.0000000000,-140.3593292236
24322048.0000000000,-140.3817138672
24378112.0000000000,-140.4178466797
24434306.0000000000,-140.4178466797
24490628.0000000000,-140.3817138672
24547082.0000000000,-140.3593292236
24603664.0000000000,-140.3386383057
24660404.0000000000,-140.2932891846
24717248.0000000000,-140.2932891846
24774224.0000000000,-140.2932891846
24831330.0000000000,-140.2932891846
24888568.0000000000,-140.2932891846
24945938.0000000000,-140.3386383057
25003440.0000000000,-140.3460998535
25061102.0000000000,-140.3593292236
25118870.0000000000,-140.3643341064
25176770.0000000000,-140.3652038574
25234804.0000000000,-140.3828735352
25292972.0000000000,-140.3828735352
25351274.0000000000,-140.3828735352
25409740.0000000000,-140.3828735352
25468310.0000000000,-140.3828735352
25527016.0000000000,-140.3901519775
25585858.0000000000,-140.4178466797
25644836.0000000000,-140.4485931396
25703948.0000000000,-140.4668579102
25763198.0000000000,-140.4830780029
25822612.0000000000,-140.5089569092
25882136.0000000000,-140.5152893066
25941796.0000000000,-140.5300445557
26001594.0000000000,-140.5444488525
26061528.0000000000,-140.5601348877
26121602.0000000000,-140.5701751709
26181844.0000000000,-140.5945739746
26242194.0000000000,-140.6082916260
26302684.0000000000,-140.6171264648
26363314.0000000000,-140.6171264648
26424084.0000000000,-140.6171264648
26484992.0000000000,-140.6171264648
26546042.0000000000,-140.6171264648
26607262.0000000000,-140.6171264648
26668594.0000000000,-140.6171264648
26730066.0000000000,-140.6171264648
26791682.0000000000,-140.6375885010
26853438.0000000000,-140.6878509521
26915338.0000000000,-140.7015838623
26977408.0000000000,-140.7019195557
27039594.0000000000,-140.7836608887
27101922.0000000000,-140.9117126465
27164394.0000000000,-140.9412231445
27227010.0000000000,-140.9840545654
27289770.0000000000,-141.0487670898
27352674.0000000000,-141.0853118896
27415754.0000000000,-141.1471252441
27478950.0000000000,-141.1503448486
27542290.0000000000,-141.2899627686
27605778.0000000000,-141.3245239258
27669410.0000000000,-141.3556823730
27733190.0000000000,-141.3556823730
27797118.0000000000,-141.3556823730
27861222.0000000000,-141.3556823730
27925444.0000000000,-141.3556823730
27989814.0000000000,-141.3556823730
28054334.0000000000,-141.3556823730
28119000.0000000000,-141.3556823730
28183816.0000000000,-141.3556823730
28248814.0000000000,-141.3831939697
28313930.0000000000,-141.3831939697
28379194.0000000000,-141.3831939697
28444610.0000000000,-141.4043579102
28510178.0000000000,-141.4057617188
28575896.0000000000,-141.4075012207
28641766.0000000000,-141.4113311768
28707818.0000000000,-141.4113311768
28773992.0000000000,-141.4113311768
28840318.0000000000,-141.4113311768
28906796.0000000000,-141.4075012207
28973428.0000000000,-141.4057617188
29040214.0000000000,-141.4043579102
29107186.0000000000,-141.3831939697
29174280.0000000000,-141.3556823730
29241530.0000000000,-141.2487487793
29308932.0000000000,-141.2475128174
29376492.0000000000,-141.2430877686
29444208.0000000000,-141.2406921387
29512078.0000000000,-141.2406921387
29580138.0000000000,-141.2406921387
29648322.0000000000,-141.2406921387
29716664.0000000000,-141.2406921387
29785162.0000000000,-141.2385711670
29853820.0000000000,-141.2229766846
29922634.0000000000,-141.2114868164
29991642.0000000000,-141.2077789307
30060774.0000000000,-141.1975250244
30130066.0000000000,-141.1911163330
30199518.0000000000,-141.1618041992
30269130.0000000000,-141.1571350098
30338904.0000000000,-141.1138305664
30408836.0000000000,-141.0924072266
30478964.0000000000,-141.0924072266
30549220.0000000000,-141.0924072266
30619638.0000000000,-141.0924072266
30690220.0000000000,-141.1138305664
30760962.0000000000,-141.1571350098
30831868.0000000000,-141.1618041992
30902938.0000000000,-141.1871185303
30974206.0000000000,-141.1975250244
31045604.0000000000,-141.1975250244
31117166.0000000000,-141.1975250244
31188892.0000000000,-141.1975250244
31260786.0000000000,-141.1975250244
31332844.0000000000,-141.1975250244
31405102.0000000000,-141.1975250244
31477494.0000000000,-141.1975250244
31550052.0000000000,-141.2077789307
31622776.0000000000,-141.2229766846
31695670.0000000000,-141.2385711670
31768730.0000000000,-141.2406921387
31841960.0000000000,-141.2475128174
31915392.0000000000,-141.2487487793
31988960.0000000000,-141.3404388428
32062696.0000000000,-141.4842376709
32136604.0000000000,-141.5430145264
32210680.0000000000,-141.5677490234
32284928.0000000000,-141.5729980469
32359382.0000000000,-141.6043853760
32433974.0000000000,-141.6229553223
32508736.0000000000,-141.6503753662
32583670.0000000000,-141.6730957031
32658778.0000000000,-141.6873931885
32734060.0000000000,-141.7012176514
32809514.0000000000,-141.7670745850
32885178.0000000000,-141.8956756592
32960980.0000000000,-141.9064025879
33036958.0000000000,-141.9101562500
33113110.0000000000,-141.9169006348
33189438.0000000000,-141.9626159668
33265942.0000000000,-141.9678192139
33342624.0000000000,-142.0164031982
33419516.0000000000,-142.0372619629
33496552.0000000000,-142.0746307373
33573764.0000000000,-142.0755615234
33651152.0000000000,-142.0811614990
33728720.0000000000,-142.2463378906
33806468.0000000000,-142.4747161865
33884432.0000000000,-142.4747161865
33962536.0000000000,-142.4747161865
34040824.0000000000,-142.4747161865
34119292.0000000000,-142.4747161865
34197936.0000000000,-142.4747161865
34276768.0000000000,-142.4747161865
34355776.0000000000,-142.4779663086
34435008.0000000000,-142.5151672363
34514384.0000000000,-142.5190124512
34593940.0000000000,-142.5227355957
34673680.0000000000,-142.5937957764
34753608.0000000000,-142.6159973145
34833716.0000000000,-142.7083435059
34914048.0000000000,-142.7486877441
34994528.0000000000,-142.7575531006
35075192.0000000000,-142.7827911377
35156044.0000000000,-142.7935333252
35237080.0000000000,-142.9076232910
35318304.0000000000,-142.9515380859
35399716.0000000000,-142.9609222412
35481356.0000000000,-143.0287475586
35563140.0000000000,-143.0287475586
35645116.0000000000,-142.9609222412
35727280.0000000000,-142.9515380859
35809636.0000000000,-142.9076232910
35892180.0000000000,-142.8897399902
35974952.0000000000,-142.7935333252
36057876.0000000000,-142.7827911377
36140992.0000000000,-142.7827911377
36224300.0000000000,-142.7827911377
36307800.0000000000,-142.7827911377
36391492.0000000000,-142.7827911377
36475376.0000000000,-142.7827911377
36559496.0000000000,-142.7338104248
36643768.0000000000,-142.7083435059
36728236.0000000000,-142.5610351563
36812896.0000000000,-142.5512695313
36897752.0000000000,-142.5512695313
36982804.0000000000,-142.5512695313
37068052.0000000000,-142.5512695313
37153536.0000000000,-142.5610351563
37239180.0000000000,-142.6389617920
37325020.0000000000,-142.7338104248
37411056.0000000000,-142.7935333252
37497292.0000000000,-142.8897399902
37583724.0000000000,-142.9548034668
37670400.0000000000,-143.0287475586
37757232.0000000000,-143.0819396973
37844264.0000000000,-143.1636505127
37931500.0000000000,-143.3028259277
38018932.0000000000,-143.3028259277
38106568.0000000000,-143.3028259277
38194408.0000000000,-143.3028259277
38282492.0000000000,-143.3028259277
38370736.0000000000,-143.3028259277
38459180.0000000000,-143.3028259277
38547832.0000000000,-143.3028259277
38636688.0000000000,-143.3028259277
38725748.0000000000,-143.3028259277
38815056.0000000000,-143.2155609131
38904528.0000000000,-143.2155609131
38994204.0000000000,-143.2155609131
39084092.0000000000,-143.2155609131
39174180.0000000000,-143.2155609131
39264480.0000000000,-143.2155609131
39354988.0000000000,-143.2155609131
39445748.0000000000,-143.2155609131
39536672.0000000000,-143.2155609131
39627808.0000000000,-143.2155609131
39719152.0000000000,-143.2155609131
39810708.0000000000,-143.3806762695
39902476.0000000000,-143.3833465576
39994496.0000000000,-143.4017028809
40086688.0000000000,-143.4186096191
40179088.0000000000,-143.4388427734
40271704.0000000000,-143.4532775879
40364536.0000000000,-143.5119476318
40457576.0000000000,-143.5119476318
40550836.0000000000,-143.5119476318
40644352.0000000000,-143.5119476318
40738040.0000000000,-143.5119476318
40831944.0000000000,-143.4929504395
40926064.0000000000,-143.4929504395
41020404.0000000000,-143.4929504395
41114956.0000000000,-143.4929504395
41209732.0000000000,-143.4929504395
41304768.0000000000,-143.4929504395
41399976.0000000000,-143.4929504395
41495408.0000000000,-143.5119476318
41591056.0000000000,-143.5606842041
41686928.0000000000,-143.5844116211
41783020.0000000000,-143.6071166992
41879376.0000000000,-143.6071166992
41975912.0000000000,-143.6071166992
42072668.0000000000,-143.6071166992
42169652.0000000000,-143.6071166992
42266856.0000000000,-143.6071166992
42364284.0000000000,-143.6071166992
42461936.0000000000,-143.6071166992
42559860.0000000000,-143.6071166992
42657964.0000000000,-143.6071166992
42756292.0000000000,-143.6071166992
42854848.0000000000,-143.7149810791
42953632.0000000000,-143.7365417480
43052644.0000000000,-143.7714385986
43151932.0000000000,-143.7714385986
43251400.0000000000,-143.7714385986
43351096.0000000000,-143.7714385986
43451024.0000000000,-143.7714385986
43551180.0000000000,-143.7714385986
43651568.0000000000,-143.7714385986
43752188.0000000000,-143.7714385986
43853088.0000000000,-143.8162689209
43954176.0000000000,-143.8655853271
44055492.0000000000,-143.8655853271
44157044.0000000000,-143.8655853271
44258828.0000000000,-143.8946685791
44360848.0000000000,-143.9693298340
44463104.0000000000,-143.9776763916
44565644.0000000000,-144.0830383301
44668368.0000000000,-144.1513671875
44771332.0000000000,-144.1991729736
44874532.0000000000,-144.2211151123
44977972.0000000000,-144.3240356445
45081652.0000000000,-144.3497314453
45185616.0000000000,-144.3623657227
45289772.0000000000,-144.3844299316
45394168.0000000000,-144.3844299316
45498804.0000000000,-144.3844299316
45603684.0000000000,-144.3844299316
45708804.0000000000,-144.6836395264
45814164.0000000000,-144.6846008301
45919820.0000000000,-144.6846008301
46025668.0000000000,-144.6846008301
46131760.0000000000,-144.6846008301
46238100.0000000000,-144.6836395264
46344680.0000000000,-144.3755035400
46451508.0000000000,-144.3619689941
46558632.0000000000,-144.3619689941
46665956.0000000000,-144.3755035400
46773524.0000000000,-144.3755035400
46881340.0000000000,-144.3755035400
46989404.0000000000,-144.3755035400
47097716.0000000000,-144.3755035400
47206280.0000000000,-144.3755035400
47315148.0000000000,-144.3755035400
47424212.0000000000,-144.4719543457
47533528.0000000000,-144.4951477051
47643096.0000000000,-144.4951477051
47752916.0000000000,-144.4951477051
47862992.0000000000,-144.4951477051
47973372.0000000000,-144.5540008545
48083952.0000000000,-144.5590515137
48194788.0000000000,-144.5593261719
48305880.0000000000,-144.7311401367
48417232.0000000000,-144.7311401367
48528836.0000000000,-144.7311401367
48640696.0000000000,-144.7311401367
48752872.0000000000,-144.7311401367
48865252.0000000000,-144.7311401367
48977888.0000000000,-144.7311401367
49090784.0000000000,-144.7311401367
49203944.0000000000,-144.7311401367
49317364.0000000000,-144.5593261719
49431044.0000000000,-144.5590515137
49545040.0000000000,-144.5540008545
49659244.0000000000,-144.5044708252
49773712.0000000000,-144.4951477051
49888444.0000000000,-144.4719543457
50003440.0000000000,-144.3918609619
50118700.0000000000,-144.3918609619
50234284.0000000000,-144.3918609619
50350076.0000000000,-144.3918609619
50466136.0000000000,-144.4719543457
50582464.0000000000,-144.4951477051
50699060.0000000000,-144.5044708252
50815928.0000000000,-144.5540008545
50933060.0000000000,-144.5590515137
51050520.0000000000,-144.5593261719
51168196.0000000000,-144.5593261719
51286144.0000000000,-144.5593261719
51404360.0000000000,-144.5593261719
51522852.0000000000,-144.5593261719
51641616.0000000000,-144.5593261719
51760712.0000000000,-144.5593261719
51880024.0000000000,-144.5593261719
51999608.0000000000,-144.5593261719
52119472.0000000000,-144.5590515137
52239612.0000000000,-144.5540008545
52360028.0000000000,-144.5540008545
52480720.0000000000,-144.5540008545
52601752.0000000000,-144.5540008545
52723000.0000000000,-144.5044708252
52844532.0000000000,-144.3172760010
52966340.0000000000,-144.1994781494
53088432.0000000000,-144.0300750732
53210804.0000000000,-143.7800292969
53333520.0000000000,-143.7749328613
53456456.0000000000,-143.7115631104
53579676.0000000000,-143.7115631104
53703180.0000000000,-143.7115631104
53826972.0000000000,-143.7115631104
53951048.0000000000,-143.7115631104
54075408.0000000000,-143.7115631104
54200116.0000000000,-143.7115631104
54325048.0000000000,-143.7115631104
54450272.0000000000,-143.7749328613
54575784.0000000000,-143.7800292969
54701584.0000000000,-143.7800292969
54827676.0000000000,-143.7800292969
54954060.0000000000,-143.7372283936
55080792.0000000000,-143.7115631104
55207756.0000000000,-143.5229949951
55335016.0000000000,-143.4615325928
55462564.0000000000,-143.4470825195
55590412.0000000000,-143.4470825195
55718552.0000000000,-143.4470825195
55847048.0000000000,-143.4470825195
55975780.0000000000,-143.4470825195
56104808.0000000000,-143.4470825195
56234132.0000000000,-143.4470825195
56363756.0000000000,-143.4470825195
56493680.0000000000,-143.4615325928
56623900.0000000000,-143.5229949951
56754484.0000000000,-143.7115631104
56885308.0000000000,-143.7115631104
57016432.0000000000,-143.7372283936
57147860.0000000000,-143.8497314453
57279588.0000000000,-143.8549194336
57411624.0000000000,-144.0628204346
57544024.0000000000,-144.1689453125
57676668.0000000000,-144.2021942139
57809616.0000000000,-144.2831878662
57942872.0000000000,-144.5263214111
58076432.0000000000,-144.6268310547
58210304.0000000000,-144.7014923096
58344484.0000000000,-144.9685668945
58479036.0000000000,-144.9896697998
58613832.0000000000,-144.9896697998
58748944.0000000000,-144.9896697998
58884364.0000000000,-144.9896697998
59020096.0000000000,-144.9896697998
59156140.0000000000,-144.9896697998
59292500.0000000000,-144.9896697998
59429240.0000000000,-144.9896697998
59566228.0000000000,-145.0245819092
59703532.0000000000,-145.1716003418
59841152.0000000000,-145.1755828857
59979092.0000000000,-145.2459869385
60117348.0000000000,-145.3065490723
60255988.0000000000,-145.5834655762
60394884.0000000000,-145.5932769775
60534096.0000000000,-145.5932769775
60673632.0000000000,-145.5932769775
60813488.0000000000,-145.5932769775
60953668.0000000000,-145.5932769775
61094172.0000000000,-145.5932769775
61235064.0000000000,-145.6255645752
61376216.0000000000,-145.6255645752
61517692.0000000000,-145.6255645752
61659496.0000000000,-145.6255645752
61801624.0000000000,-145.6255645752
61944080.0000000000,-145.6255645752
62086936.0000000000,-145.6255645752
62230048.0000000000,-145.6255645752
62373496.0000000000,-145.6255645752
62517268.0000000000,-145.6255645752
62661376.0000000000,-145.6255645752
62805816.0000000000,-145.6255645752
62950588.0000000000,-145.8610992432
63095764.0000000000,-145.8610992432
63241204.0000000000,-145.8610992432
63386976.0000000000,-145.8610992432
63533088.0000000000,-145.8610992432
63679536.0000000000,-145.8610992432
63826324.0000000000,-145.8610992432
63973516.0000000000,-145.8610992432
64120980.0000000000,-145.9290313721
64268784.0000000000,-145.9528503418
64416928.0000000000,-146.3259887695
64565416.0000000000,-146.3370513916
64714244.0000000000,-146.3736877441
64863412.0000000000,-146.6089477539
65013000.0000000000,-146.6902770996
65162860.0000000000,-146.7085723877
65313064.0000000000,-146.7419891357
65463616.0000000000,-146.7419891357
65614512.0000000000,-146.7085723877
65765760.0000000000,-146.7085723877
65917356.0000000000,-146.7000122070
66069372.0000000000,-146.6902770996
66221664.0000000000,-146.6863098145
66374312.0000000000,-146.6863098145
66527308.0000000000,-146.6863098145
66680660.0000000000,-146.6863098145
66834364.0000000000,-146.6902770996
66988492.0000000000,-146.7000122070
67142904.0000000000,-146.7085723877
67297680.0000000000,-146.7085723877
67452800.0000000000,-146.7085723877
67608288.0000000000,-146.7085723877
67764128.0000000000,-146.7085723877
67920328.0000000000,-146.7000122070
68076968.0000000000,-146.7000122070
68233888.0000000000,-146.7000122070
68391168.0000000000,-146.7000122070
68548816.0000000000,-146.7000122070
68706824.0000000000,-146.7000122070
68865200.0000000000,-146.7000122070
69024016.0000000000,-146.7000122070
69183120.0000000000,-146.7000122070
69342592.0000000000,-146.6863098145
69502432.0000000000,-146.6558074951
69662640.0000000000,-146.4320678711
69823216.0000000000,-146.4193572998
69984168.0000000000,-146.3548126221
70145560.0000000000,-146.3548126221
70307248.0000000000,-146.3548126221
70469312.0000000000,-146.3548126221
70631752.0000000000,-146.3548126221
70794560.0000000000,-146.3548126221
70957752.0000000000,-146.3548126221
71121392.0000000000,-146.3548126221
71285328.0000000000,-146.3548126221
71449648.0000000000,-146.3548126221
71614344.0000000000,-146.3548126221
71779424.0000000000,-146.3548126221
71944880.0000000000,-146.4193572998
72110712.0000000000,-146.3548126221
72277016.0000000000,-146.3534698486
72443616.0000000000,-146.3499755859
72610608.0000000000,-146.3363494873
72777976.0000000000,-146.3363494873
72945736.0000000000,-146.3363494873
73113880.0000000000,-146.3499755859
73282416.0000000000,-146.3534698486
73451416.0000000000,-146.3534698486
73620728.0000000000,-146.3534698486
73790432.0000000000,-146.3534698486
73960520.0000000000,-146.3534698486
74131008.0000000000,-146.3548126221
74301880.0000000000,-146.3901977539
74473232.0000000000,-146.4320678711
74644904.0000000000,-146.5240325928
74816960.0000000000,-146.7029571533
74989424.0000000000,-146.7236175537
75162280.0000000000,-146.9526672363
75335528.0000000000,-146.9740447998
75509184.0000000000,-147.0010375977
75683320.0000000000,-147.0010375977
75857776.0000000000,-147.0010375977
76032632.0000000000,-147.1379547119
76207896.0000000000,-147.1474456787
76383560.0000000000,-147.1474456787
76559632.0000000000,-147.1474456787
76736192.0000000000,-147.1474456787
76913072.0000000000,-147.1474456787
77090360.0000000000,-147.1474456787
77268064.0000000000,-147.0010375977
77446168.0000000000,-146.9740447998
77624688.0000000000,-146.9740447998
77803616.0000000000,-146.7236175537
77983048.0000000000,-146.7029571533
78162800.0000000000,-146.7029571533
78342976.0000000000,-146.7029571533
78523560.0000000000,-146.6909179688
78704560.0000000000,-146.5926818848
78885984.0000000000,-146.5926818848
79067816.0000000000,-146.6909179688
79250160.0000000000,-146.7236175537
79432840.0000000000,-146.7415313721
79615936.0000000000,-146.8994903564
79799456.0000000000,-147.0010375977
79983400.0000000000,-147.1474456787
80167768.0000000000,-147.1499633789
80352648.0000000000,-147.2265472412
80537872.0000000000,-147.2265472412
80723512.0000000000,-147.1499633789
80909592.0000000000,-147.1474456787
81096088.0000000000,-147.0010375977
81283024.0000000000,-146.8994903564
81470384.0000000000,-146.8172454834
81658272.0000000000,-146.8172454834
81846496.0000000000,-146.8172454834
82035160.0000000000,-146.8172454834
82224256.0000000000,-146.8172454834
82413792.0000000000,-146.8172454834
82603760.0000000000,-146.8172454834
82794256.0000000000,-146.8172454834
82985104.0000000000,-146.7415313721
83176392.0000000000,-146.7415313721
83368120.0000000000,-146.8172454834
83560288.0000000000,-146.8172454834
83752904.0000000000,-146.8172454834
83945960.0000000000,-146.8994903564
84139552.0000000000,-146.9152526855
84333496.0000000000,-146.9152526855
84527896.0000000000,-146.9152526855
84722736.0000000000,-146.9152526855
84918032.0000000000,-146.9152526855
85113768.0000000000,-146.9199676514
85310056.0000000000,-146.9284210205
85506704.0000000000,-146.9284210205
85703800.0000000000,-146.9284210205
85901352.0000000000,-146.9284210205
86099360.0000000000,-146.9365692139
86297832.0000000000,-146.9903411865
86496752.0000000000,-147.0453186035
86696224.0000000000,-147.0453186035
86896072.0000000000,-147.0453186035
87096368.0000000000,-147.0453186035
87297136.0000000000,-147.0453186035
87498360.0000000000,-147.0453186035
87700048.0000000000,-147.0453186035
87902208.0000000000,-146.9903411865
88104920.0000000000,-146.9365692139
88308008.0000000000,-146.9284210205
88511568.0000000000,-146.9284210205
88715592.0000000000,-146.9284210205
88920088.0000000000,-146.9365692139
89125056.0000000000,-146.9903411865
89330592.0000000000,-147.0453186035
89536504.0000000000,-147.1095275879
89742896.0000000000,-147.1095275879
89949760.0000000000,-147.1463928223
90157096.0000000000,-147.1497802734
90364920.0000000000,-147.1497802734
90573216.0000000000,-147.1497802734
90782088.0000000000,-147.1497802734
90991352.0000000000,-147.2070312500
91201088.0000000000,-147.2070312500
91411320.0000000000,-147.2070312500
91622024.0000000000,-147.1463928223
91833224.0000000000,-147.1463928223
92045008.0000000000,-147.1463928223
92257176.0000000000,-147.1463928223
92469832.0000000000,-147.2070312500
92682984.0000000000,-147.5841522217
92896624.0000000000,-147.8216247559
93110760.0000000000,-147.8718414307
93325384.0000000000,-147.9422607422
93540608.0000000000,-147.9422607422
93756224.0000000000,-147.9422607422
93972344.0000000000,-147.9422607422
94188952.0000000000,-147.9422607422
94406064.0000000000,-147.9422607422
94623680.0000000000,-147.9422607422
94841896.0000000000,-147.8718414307
95060512.0000000000,-147.8718414307
95279640.0000000000,-147.8216247559
95499264.0000000000,-147.8020019531
95719392.0000000000,-147.8020019531
95940032.0000000000,-147.8020019531
96161184.0000000000,-147.8020019531
96382952.0000000000,-147.8020019531
96605120.0000000000,-147.8382110596
96827800.0000000000,-147.9897460938
97050992.0000000000,-148.0361328125
97274704.0000000000,-148.0661621094
97498928.0000000000,-148.1663970947
97723672.0000000000,-148.1663970947
97949040.0000000000,-148.1663970947
98174816.0000000000,-148.1663970947
98401120.0000000000,-148.2766113281
98627936.0000000000,-148.2766113281
98855280.0000000000,-148.2766113281
99083152.0000000000,-148.1663970947
99311656.0000000000,-148.0661621094
99540576.0000000000,-148.0361328125
99770024.0000000000,-148.0361328125
100000000.0000000000,-148.0361328125
