Type,FSWP-50
Version,3.02SP1
Date,03.Jul 2026
VSupply,ON
Mode,Voltage
Voltage Set,0.6000000000,V
Voltage Min,0.0000000000,V
Voltage Max,0.6500000000,V
Voltage Meas,0.6019318050,V
Current Max,20.0000000000,mA
Current Meas,17.2941176471,mA
VTune,OFF
Voltage Set,0.0000000000,V
Voltage Min,0.0000000000,V
Voltage Max,0.0100000000,V
Voltage Meas,-0.0245509388,V
Current Max,20.0000000000,mA
Current Meas,0.1508020791,mA
VAux,OFF
Voltage Set,0.0000000000,V
Voltage Min,-10.0000000000,V
Voltage Max,10.0000000000,V
Voltage Meas,-0.0063841026,V
Current Max,100.0000000000,mA
Current Meas,-0.0770887445,mA
Mode,Phase Noise
Measurement,Phase Noise
Input,RF
RF Att,0.0000000000,dB
Coupling,AC
RBW,2.0000000000,%
XCORR Factor,1000
XCORR Optimize,ON
Estimated Meas Time,3.7457527981,s
Sweep Count,5
Signal Frequency,24222081062.9754562378,Hz
Signal Level,-17.1535000000,dBm
Start,10000.0000000000,Hz
Stop,100000000.0000000000,Hz
SubSweep,1
Start,10000.0000000000,Hz
Stop,30000.0000000000,Hz
RBW,600.0000000000,Hz
XCORR Count,1000
SubSweep,2
Start,30000.0000000000,Hz
Stop,100000.0000000000,Hz
RBW,600.0000000000,Hz
XCORR Count,1000
SubSweep,3
Start,100000.0000000000,Hz
Stop,300000.0000000000,Hz
RBW,2000.0000000000,Hz
XCORR Count,3300
SubSweep,4
Start,300000.0000000000,Hz
Stop,1000000.0000000000,Hz
RBW,6000.0000000000,Hz
XCORR Count,10000
SubSweep,5
Start,1000000.0000000000,Hz
Stop,3000000.0000000000,Hz
RBW,20000.0000000000,Hz
XCORR Count,10000
SubSweep,6
Start,3000000.0000000000,Hz
Stop,10000000.0000000000,Hz
RBW,60000.0000000000,Hz
XCORR Count,10000
SubSweep,7
Start,10000000.0000000000,Hz
Stop,30000000.0000000000,Hz
RBW,200000.0000000000,Hz
XCORR Count,10000
SubSweep,8
Start,30000000.0000000000,Hz
Stop,100000000.0000000000,Hz
RBW,600000.0000000000,Hz
XCORR Count,10000
Integrated Measurements Range,1
Start,10000.0000000000,Hz
Stop,100000000.0000000000,Hz
Weighting,OFF
Integrated Measurements Range,2
Start,10000.0000000000,Hz
Stop,100000000.0000000000,Hz
Weighting,OFF
Integrated Measurements Range,3
Start,10000.0000000000,Hz
Stop,100000000.0000000000,Hz
Weighting,OFF
Integrated Measurements Range,4
Start,10000.0000000000,Hz
Stop,100000000.0000000000,Hz
Weighting,OFF
Integrated Measurements Range,5
Start,10000.0000000000,Hz
Stop,100000000.0000000000,Hz
Weighting,OFF
Integrated Measurements Range,6
Start,10000.0000000000,Hz
Stop,100000000.0000000000,Hz
Weighting,OFF
Integrated Measurements Range,7
Start,10000.0000000000,Hz
Stop,100000000.0000000000,Hz
Weighting,OFF
Integrated Measurements Range,8
Start,10000.0000000000,Hz
Stop,100000000.0000000000,Hz
Weighting,OFF
Integrated Measurements Range,9
Start,10000.0000000000,Hz
Stop,100000000.0000000000,Hz
Weighting,OFF
Integrated Measurements Range,10
Start,10000.0000000000,Hz
Stop,100000000.0000000000,Hz
Weighting,OFF
Spot Noise Decade Edges,OFF
Spot Noise User Defined,ON
Spot Noise User Defined Offset,1
State,OFF
Offset,1000.0000000000,Hz
Spot Noise User Defined Offset,2
State,OFF
Offset,10000.0000000000,Hz
Spot Noise User Defined Offset,3
State,ON
Offset,100000.0000000000,Hz
Spot Noise User Defined Offset,4
State,ON
Offset,1000000.0000000000,Hz
Spot Noise User Defined Offset,5
State,ON
Offset,10000000.0000000000,Hz
Spot Noise User Defined Offset,6
State,OFF
Offset,100000000.0000000000,Hz
Window,1,Noise Spectrum
Trace,1
Trace Mode,CLR/WRITE
Trace Result,PN
Smoothing,ON
Smoothing Value,1.0000000000,%
Spurious Removal,ON
Spurious Removal Threshold,6.0000000000,dB
Trace Offset,OFF
Trace Offset,0.0000000000,dB
Trace Label,OFF
Trace Label,Trace 1
x-Unit,Hz
y-Unit,dBc/Hz
Values,4001
10000.0000000000,-53.0901527405
10023.0507812500,-53.1186599731
10046.1542968750,-53.1471672058
10069.3115234375,-53.1756744385
10092.5332031250,-53.2038307190
10115.7968750000,-53.2319488525
10139.1152343750,-53.2600669861
10162.4863281250,-53.2881851196
10185.9111328125,-53.3147125244
10209.3906250000,-53.3400421143
10232.9355468750,-53.3653869629
10256.5234375000,-53.3907165527
10280.1650390625,-53.4153976440
10303.8613281250,-53.4381217957
10327.6123046875,-53.4608497620
10351.4189453125,-53.4835815430
10375.2792968750,-53.5063095093
10399.2060546875,-53.5301170349
10423.1777343750,-53.5539436340
10447.2031250000,-53.5777740479
10471.2851562500,-53.6016006470
10495.4218750000,-53.6295013428
10519.6152343750,-53.6588821411
10543.8632812500,-53.6882553101
10568.1787109375,-53.7176475525
10592.5400390625,-53.7506713867
10616.9560546875,-53.7868309021
10641.4287109375,-53.8229904175
10665.9580078125,-53.8591499329
10690.5439453125,-53.8967514038
10715.1982421875,-53.9367179871
10739.8974609375,-53.9766616821
10764.6533203125,-54.0166091919
10789.4667968750,-54.0564498901
10814.3378906250,-54.0959968567
10839.2656250000,-54.1355438232
10864.2509765625,-54.1750907898
10889.3056640625,-54.2142982483
10914.4062500000,-54.2519416809
10939.5644531250,-54.2895889282
10964.7812500000,-54.3272361755
10990.0556640625,-54.3648338318
11015.3886718750,-54.4021606445
11040.7919921875,-54.4395065308
11066.2412109375,-54.4768333435
11091.7500000000,-54.5143127441
11117.3173828125,-54.5526580811
11142.9433593750,-54.5910034180
11168.6289062500,-54.6293487549
11194.3730468750,-54.6675453186
11220.1894531250,-54.7050781250
11246.0527343750,-54.7425956726
11271.9755859375,-54.7801094055
11297.9580078125,-54.8164100647
11324.0009765625,-54.8490447998
11350.1035156250,-54.8816757202
11376.2792968750,-54.9143218994
11402.5019531250,-54.9444236755
11428.7861328125,-54.9698905945
11455.1298828125,-54.9953613281
11481.5351562500,-55.0208282471
11508.0000000000,-55.0438461304
11534.5273437500,-55.0643386841
11561.1279296875,-55.0848426819
11587.7773437500,-55.1053390503
11614.4873046875,-55.1260070801
11641.2597656250,-55.1467628479
11668.0937500000,-55.1675148010
11694.9892578125,-55.1882705688
11721.9472656250,-55.2131385803
11748.9804687500,-55.2386131287
11776.0625000000,-55.2640762329
11803.2070312500,-55.2902107239
11830.4140625000,-55.3216133118
11857.6845703125,-55.3530197144
11885.0166015625,-55.3844223022
11912.4257812500,-55.4176254272
11939.8847656250,-55.4536552429
11967.4072265625,-55.4896888733
11994.9931640625,-55.5257186890
12022.6425781250,-55.5638618469
12050.3554687500,-55.6029586792
12078.1318359375,-55.6420516968
12105.9863281250,-55.6812248230
12133.8916015625,-55.7228355408
12161.8613281250,-55.7644424438
12189.8955078125,-55.8060531616
12217.9931640625,-55.8484916687
12246.1572265625,-55.8922309875
12274.3984375000,-55.9359893799
12302.6923828125,-55.9797325134
12331.0507812500,-56.0237426758
12359.4746093750,-56.0678291321
12387.9638671875,-56.1119155884
12416.5195312500,-56.1553573608
12445.1396484375,-56.1964035034
12473.8408203125,-56.2374687195
12502.5937500000,-56.2785148621
12531.4130859375,-56.3152847290
12560.2988281250,-56.3499107361
12589.2509765625,-56.3845367432
12618.2705078125,-56.4179954529
12647.3701171875,-56.4448127747
12676.5234375000,-56.4716224670
12705.7441406250,-56.4984283447
12735.0312500000,-56.5209770203
12764.3867187500,-56.5413436890
12793.8095703125,-56.5617103577
12823.2998046875,-56.5814743042
12852.8730468750,-56.5988502502
12882.4990234375,-56.6162185669
12912.1943359375,-56.6335868835
12941.9580078125,-56.6516761780
12971.7900390625,-56.6699867249
13001.6914062500,-56.6882934570
13031.6611328125,-56.7079010010
13061.7138671875,-56.7298164368
13091.8222656250,-56.7517204285
13122.0000000000,-56.7736244202
13152.2470703125,-56.7990875244
13182.5634765625,-56.8246154785
13212.9501953125,-56.8501434326
13243.4218750000,-56.8762626648
13273.9492187500,-56.9027061462
13304.5468750000,-56.9291534424
13335.2138671875,-56.9547080994
13365.9531250000,-56.9781990051
13396.7626953125,-57.0016860962
13427.6425781250,-57.0251770020
13458.6093750000,-57.0431709290
13489.6328125000,-57.0611457825
13520.7265625000,-57.0791168213
13551.8935546875,-57.0934486389
13583.1308593750,-57.1063537598
13614.4414062500,-57.1192626953
13645.8388671875,-57.1314125061
13677.2929687500,-57.1426773071
13708.8203125000,-57.1539421082
13740.4199218750,-57.1660346985
13772.0927734375,-57.1807937622
13803.8388671875,-57.1955490112
13835.6572265625,-57.2105903625
13867.5644531250,-57.2341270447
13899.5302734375,-57.2576522827
13931.5693359375,-57.2811775208
13963.6826171875,-57.3153190613
13995.8701171875,-57.3513221741
14028.1318359375,-57.3873214722
14060.4677734375,-57.4322128296
14092.8935546875,-57.4810829163
14125.3789062500,-57.5299339294
14157.9384765625,-57.5836601257
14190.5732421875,-57.6412773132
14223.2841796875,-57.6988983154
14256.0693359375,-57.7569389343
14288.9462890625,-57.8155441284
14321.8837890625,-57.8741226196
14354.8964843750,-57.9299888611
14387.9853515625,-57.9808769226
14421.1503906250,-58.0317611694
14454.3925781250,-58.0788154602
14487.7109375000,-58.1161499023
14521.1220703125,-58.1534996033
14554.5947265625,-58.1873168945
14588.1435546875,-58.2097129822
14621.7705078125,-58.2321090698
14655.4746093750,-58.2405776978
14689.2568359375,-58.2433967590
14723.1328125000,-58.2438278198
14757.0703125000,-58.2462158203
14791.0869140625,-58.2498016357
14825.1806640625,-58.2517852783
14859.3544921875,-58.2555389404
14893.6054687500,-58.2557754517
14927.9365234375,-58.2611312866
14962.3632812500,-58.2620582581
14996.8525390625,-58.2684440613
15031.4208984375,-58.2704811096
15066.0693359375,-58.2748260498
15100.7978515625,-58.2752304077
15135.6064453125,-58.2766685486
15170.5117187500,-58.2772407532
15205.4804687500,-58.2778091431
15240.5302734375,-58.2949218750
15275.6611328125,-58.3247184753
15310.8730468750,-58.3654632568
15346.1650390625,-58.4062042236
15381.5390625000,-58.4582290649
15417.0117187500,-58.5179824829
15452.5488281250,-58.5777091980
15488.1679687500,-58.6454010010
15523.8691406250,-58.7160682678
15559.6533203125,-58.7867393494
15595.5195312500,-58.8571052551
15631.4677734375,-58.9274291992
15667.5166015625,-58.9972381592
15703.6318359375,-59.0566101074
15739.8300781250,-59.1159858704
15776.1113281250,-59.1712074280
15812.4765625000,-59.2132415771
15848.9248046875,-59.2552719116
15885.4755859375,-59.2893905640
15922.0927734375,-59.3136634827
15958.7939453125,-59.3379364014
15995.5800781250,-59.3534431458
16032.4511718750,-59.3646659851
16069.4072265625,-59.3758926392
16106.4482421875,-59.3814201355
16143.5927734375,-59.3864173889
16180.8046875000,-59.3913421631
16218.1025390625,-59.3959350586
16255.4863281250,-59.4005279541
16292.9560546875,-59.4067382813
16330.5126953125,-59.4149131775
16368.1738281250,-59.4230918884
16405.9042968750,-59.4365806580
16443.7207031250,-59.4518775940
16481.6250000000,-59.4678115845
16519.6152343750,-59.4943809509
16557.6953125000,-59.5209503174
16595.8613281250,-59.5530319214
16634.1347656250,-59.5939865112
16672.4765625000,-59.6349258423
16710.9082031250,-59.6852607727
16749.4277343750,-59.7391204834
16788.0371093750,-59.7934188843
16826.7343750000,-59.8523330688
16865.5390625000,-59.9112777710
16904.4160156250,-59.9670829773
16943.3808593750,-60.0192756653
16982.4375000000,-60.0714721680
17021.5820312500,-60.1097831726
17060.8183593750,-60.1457366943
17100.1445312500,-60.1769866943
17139.5820312500,-60.1949844360
17179.0898437500,-60.2129745483
17218.6875000000,-60.2231979370
17258.3789062500,-60.2298393250
17298.1601562500,-60.2363624573
17338.0332031250,-60.2420196533
17378.0000000000,-60.2476806641
17418.0761718750,-60.2573776245
17458.2265625000,-60.2700614929
17498.4687500000,-60.2831077576
17538.8027343750,-60.3043403625
17579.2324218750,-60.3255767822
17619.7519531250,-60.3484153748
17660.3867187500,-60.3727188110
17701.0957031250,-60.3968772888
17741.8984375000,-60.4151725769
17782.7949218750,-60.4334678650
17823.7851562500,-60.4402503967
17864.8691406250,-60.4420890808
17906.0488281250,-60.4452819824
17947.3437500000,-60.4456901550
17988.7148437500,-60.4483108521
18030.1796875000,-60.4493751526
18071.7402343750,-60.4514274597
18113.3964843750,-60.4531822205
18155.1484375000,-60.4563751221
18197.0175781250,-60.4569892883
18238.9628906250,-60.4764137268
18281.0058593750,-60.5011444092
18323.1445312500,-60.5294723511
18365.3808593750,-60.5662536621
18407.7148437500,-60.6030311584
18450.1445312500,-60.6408691406
18492.6953125000,-60.6788558960
18535.3222656250,-60.7125854492
18578.0468750000,-60.7420806885
18620.8710937500,-60.7702598572
18663.7929687500,-60.7888221741
18706.8144531250,-60.8073844910
18749.9355468750,-60.8216209412
18793.1757812500,-60.8344421387
18836.4941406250,-60.8484115601
18879.9140625000,-60.8641166687
18923.4335937500,-60.8803977966
18967.0546875000,-60.9060020447
19010.7734375000,-60.9316024780
19054.6171875000,-60.9658088684
19098.5390625000,-61.0031852722
19142.5625000000,-61.0437126160
19186.6875000000,-61.0887145996
19230.9140625000,-61.1336860657
19275.2421875000,-61.1784553528
19319.6738281250,-61.2232246399
19364.2285156250,-61.2622604370
19408.8632812500,-61.2999877930
19453.6015625000,-61.3329200745
19498.4433593750,-61.3617324829
19543.3886718750,-61.3889732361
19588.4375000000,-61.4119491577
19633.6132812500,-61.4349250793
19678.8691406250,-61.4570236206
19724.2304687500,-61.4791221619
19769.6972656250,-61.5035705566
19815.2675781250,-61.5287208557
19860.9433593750,-61.5563507080
19906.7226562500,-61.5861244202
19952.6328125000,-61.6169395447
19998.6250000000,-61.6499595642
20044.7226562500,-61.6828804016
20090.9277343750,-61.7149734497
20137.2382812500,-61.7470626831
20183.6562500000,-61.7742462158
20230.2031250000,-61.8009338379
20276.8339843750,-61.8236122131
20323.5742187500,-61.8447265625
20370.4218750000,-61.8664894104
20417.3769531250,-61.8887977600
20464.4394531250,-61.9152450562
20511.6113281250,-61.9485855103
20558.9160156250,-61.9853324890
20606.3046875000,-62.0340538025
20653.8046875000,-62.0833587646
20701.4121093750,-62.1397895813
20749.1308593750,-62.1962165833
20796.9589843750,-62.2434539795
20844.8984375000,-62.2901153564
20892.9687500000,-62.3164520264
20941.1289062500,-62.3264999390
20989.4003906250,-62.3268470764
21037.7812500000,-62.3347702026
21086.2753906250,-62.3355560303
21134.8808593750,-62.3382263184
21183.6210937500,-62.3406791687
21232.4511718750,-62.3430213928
21281.3945312500,-62.3568878174
21330.4492187500,-62.3952941895
21379.6171875000,-62.4428787231
21428.8984375000,-62.5073623657
21478.2929687500,-62.5748519897
21527.8261718750,-62.6497840881
21577.4492187500,-62.7230453491
21627.1875000000,-62.7909889221
21677.0390625000,-62.8556747437
21727.0058593750,-62.9066314697
21777.0878906250,-62.9548301697
21827.3105468750,-62.9882545471
21877.6230468750,-63.0199432373
21928.0527343750,-63.0404319763
21978.5996093750,-63.0599708557
22029.2617187500,-63.0723915100
22080.0410156250,-63.0843009949
22130.9355468750,-63.0921478271
22181.9746093750,-63.0998916626
22233.1054687500,-63.1068115234
22284.3535156250,-63.1142730713
22335.7207031250,-63.1254539490
22387.2070312500,-63.1380882263
22438.8105468750,-63.1590728760
22490.5585937500,-63.1823081970
22542.4003906250,-63.2158126831
22594.3632812500,-63.2514915466
22646.4433593750,-63.2949485779
22698.6464843750,-63.3390693665
22750.9667968750,-63.3850212097
22803.4101562500,-63.4288253784
22855.9980468750,-63.4681510925
22908.6835937500,-63.5022964478
22961.4902343750,-63.5283241272
23014.4179687500,-63.5476722717
23067.4667968750,-63.5592651367
23120.6386718750,-63.5655822754
23173.9335937500,-63.5674972534
23227.3769531250,-63.5688209534
23280.9179687500,-63.5697975159
23334.5820312500,-63.5769538879
23388.3710937500,-63.5863304138
23442.2812500000,-63.6080551147
23496.3183593750,-63.6320800781
23550.5039062500,-63.6704788208
23604.7910156250,-63.7102279663
23659.2011718750,-63.7582092285
23713.7363281250,-63.8062438965
23768.3984375000,-63.8544692993
23823.1875000000,-63.9008369446
23878.1015625000,-63.9438247681
23933.1679687500,-63.9846305847
23988.3359375000,-64.0232391357
24043.6308593750,-64.0611495972
24099.0527343750,-64.0761032104
24154.6035156250,-64.0764389038
24210.2812500000,-64.0869369507
24266.1132812500,-64.0926055908
24322.0488281250,-64.0987014771
24378.1132812500,-64.1125717163
24434.3066406250,-64.1141738892
24490.6289062500,-64.1343994141
24547.0820312500,-64.1407241821
24603.6640625000,-64.1600265503
24660.4042968750,-64.1682128906
24717.2480468750,-64.1697006226
24774.2226562500,-64.1936035156
24831.3300781250,-64.1952133179
24888.5683593750,-64.2130966187
24945.9375000000,-64.2164916992
25003.4394531250,-64.2175292969
25061.1015625000,-64.2249298096
25118.8691406250,-64.2252807617
25176.7714843750,-64.2921218872
25234.8046875000,-64.3714752197
25292.9726562500,-64.4580612183
25351.2753906250,-64.5427322388
25409.7402343750,-64.6242141724
25468.3105468750,-64.6981430054
25527.0175781250,-64.7676773071
25585.8593750000,-64.8272247314
25644.8359375000,-64.8843307495
25703.9492187500,-64.9351348877
25763.1972656250,-64.9459533691
25822.6132812500,-64.9490890503
25882.1347656250,-64.9650802612
25941.7949218750,-64.9744415283
26001.5937500000,-64.9824218750
26061.5292968750,-64.9929504395
26121.6015625000,-65.0147476196
26181.8437500000,-65.0254440308
26242.1953125000,-65.0297241211
26302.6835937500,-65.0575637817
26363.3144531250,-65.0614089966
26424.0839843750,-65.0792160034
26484.9921875000,-65.0840835571
26546.0429687500,-65.0850601196
26607.2617187500,-65.0889739990
26668.5937500000,-65.1465530396
26730.0664062500,-65.2168502808
26791.6816406250,-65.2775039673
26853.4375000000,-65.3321151733
26915.3378906250,-65.3641281128
26977.4082031250,-65.3895492554
27039.5937500000,-65.4028549194
27101.9218750000,-65.4123611450
27164.3945312500,-65.4205474854
27227.0097656250,-65.4348220825
27289.7695312500,-65.4548416138
27352.6738281250,-65.4822921753
27415.7539062500,-65.5208358765
27478.9492187500,-65.5637893677
27542.2910156250,-65.6143264771
27605.7773437500,-65.6678619385
27669.4101562500,-65.7233963013
27733.1914062500,-65.7813491821
27797.1171875000,-65.8399658203
27861.2226562500,-65.8995742798
27925.4453125000,-65.9587860107
27989.8144531250,-66.0163040161
28054.3339843750,-66.0383834839
28119.0000000000,-66.0429306030
28183.8164062500,-66.0458679199
28248.8144531250,-66.0552062988
28313.9296875000,-66.0645828247
28379.1953125000,-66.0686645508
28444.6113281250,-66.0803527832
28510.1777343750,-66.0891647339
28575.8964843750,-66.1072616577
28641.7656250000,-66.1097946167
28707.8183593750,-66.1219558716
28773.9921875000,-66.1349716187
28840.3183593750,-66.1428833008
28906.7968750000,-66.1498107910
28973.4296875000,-66.1528930664
29040.2148437500,-66.1630477905
29107.1855468750,-66.2099227905
29174.2812500000,-66.2670059204
29241.5292968750,-66.3306121826
29308.9335937500,-66.3970565796
29376.4921875000,-66.4630432129
29444.2070312500,-66.5215148926
29512.0781250000,-66.5739746094
29580.1386718750,-66.6151962280
29648.3222656250,-66.6524200439
29716.6640625000,-66.6626510620
29785.1621093750,-66.6725006104
29853.8203125000,-66.6794357300
29922.6347656250,-66.6885452271
29991.6406250000,-66.7045822144
30060.7734375000,-66.7233581543
30130.0664062500,-66.7280044556
30199.5175781250,-66.7512359619
30269.1308593750,-66.7713851929
30338.9023437500,-66.7913589478
30408.8359375000,-66.8010635376
30478.9648437500,-66.8152236938
30549.2207031250,-66.8380661011
30619.6386718750,-66.8544158936
30690.2187500000,-66.8549423218
30760.9628906250,-66.8563232422
30831.8691406250,-66.8665542603
30902.9375000000,-66.9371643066
30974.2050781250,-66.9952774048
31045.6035156250,-67.0366058350
31117.1660156250,-67.0613555908
31188.8925781250,-67.0743026733
31260.7851562500,-67.0864105225
31332.8437500000,-67.1047668457
31405.1035156250,-67.1325073242
31477.4941406250,-67.1700973511
31550.0507812500,-67.2158432007
31622.7773437500,-67.2666625977
31695.6699218750,-67.3189773560
31768.7304687500,-67.3698501587
31841.9589843750,-67.4178390503
31915.3925781250,-67.4615783691
31988.9589843750,-67.4996185303
32062.6972656250,-67.5309982300
32136.6035156250,-67.5559082031
32210.6796875000,-67.5765991211
32284.9277343750,-67.5989456177
32359.3828125000,-67.6279678345
32433.9726562500,-67.6650772095
32508.7363281250,-67.7080688477
32583.6718750000,-67.7517318726
32658.7792968750,-67.7896499634
32734.0585937500,-67.7954788208
32809.5156250000,-67.7991180420
32885.1796875000,-67.8006439209
32960.9804687500,-67.8106613159
33036.9570312500,-67.8150787354
33113.1093750000,-67.8163833618
33189.4375000000,-67.8215866089
33265.9414062500,-67.8294754028
33342.6250000000,-67.8294830322
33419.5156250000,-67.8455123901
33496.5507812500,-67.8901214600
33573.7617187500,-67.9456481934
33651.1523437500,-68.0060958862
33728.7226562500,-68.0633773804
33806.4687500000,-68.1115722656
33884.4335937500,-68.1475143433
33962.5390625000,-68.1706695557
34040.8242187500,-68.1829833984
34119.2890625000,-68.1881713867
34197.9375000000,-68.1908035278
34276.7656250000,-68.1953811646
34355.7773437500,-68.2056350708
34435.0078125000,-68.2243041992
34514.3828125000,-68.2532577515
34593.9414062500,-68.2937164307
34673.6835937500,-68.3459701538
34753.6054687500,-68.4085311890
34833.7187500000,-68.4303512573
34914.0507812500,-68.4325103760
34994.5273437500,-68.4542846680
35075.1953125000,-68.4646987915
35156.0429687500,-68.4758071899
35237.0820312500,-68.4961166382
35318.3046875000,-68.5254364014
35399.7148437500,-68.5389480591
35481.3554687500,-68.5446395874
35563.1406250000,-68.5874481201
35645.1171875000,-68.5878448486
35727.2812500000,-68.6074218750
35809.6367187500,-68.6131362915
35892.1796875000,-68.6139450073
35974.9531250000,-68.6990814209
36057.8789062500,-68.7881088257
36140.9921875000,-68.8665161133
36224.3007812500,-68.9333343506
36307.8007812500,-68.9931869507
36391.4921875000,-69.0511474609
36475.3789062500,-69.1076965332
36559.4960937500,-69.1578826904
36643.7695312500,-69.1955413818
36728.2343750000,-69.2196121216
36812.8945312500,-69.2320556641
36897.7539062500,-69.2516784668
36982.8046875000,-69.2872619629
37068.0507812500,-69.3454895020
37153.5390625000,-69.4223556519
37239.1796875000,-69.5038528442
37325.0195312500,-69.5683364868
37411.0546875000,-69.5714797974
37497.2890625000,-69.5733489990
37583.7226562500,-69.5805969238
37670.3984375000,-69.5943374634
37757.2304687500,-69.6022415161
37844.2656250000,-69.6106109619
37931.5000000000,-69.6177825928
38018.9335937500,-69.6380538940
38106.5703125000,-69.6752624512
38194.4062500000,-69.6923675537
38282.4921875000,-69.7093734741
38370.7343750000,-69.7338485718
38459.1796875000,-69.7712020874
38547.8320312500,-69.8214721680
38636.6875000000,-69.8788452148
38725.7500000000,-69.8956451416
38815.0585937500,-69.9109497070
38904.5273437500,-69.9307785034
38994.2070312500,-69.9341125488
39084.0898437500,-69.9427490234
39174.1835937500,-69.9773635864
39264.4804687500,-69.9787673950
39354.9882812500,-70.0046844482
39445.7460937500,-70.0080871582
39536.6718750000,-70.0198822021
39627.8085937500,-70.0213928223
39719.1523437500,-70.0219879150
39810.7070312500,-70.0988693237
39902.4765625000,-70.1658096313
39994.4960937500,-70.2108230591
40086.6875000000,-70.2321014404
40179.0898437500,-70.2354736328
40271.7070312500,-70.2367553711
40364.5351562500,-70.2370681763
40457.5781250000,-70.2452774048
40550.8359375000,-70.2588653564
40644.3515625000,-70.2814331055
40738.0390625000,-70.3032836914
40831.9453125000,-70.3223876953
40926.0664062500,-70.3508682251
41020.4023437500,-70.3899307251
41114.9570312500,-70.4345321655
41209.7304687500,-70.4721832275
41304.7656250000,-70.4732284546
41399.9765625000,-70.4748916626
41495.4062500000,-70.4816131592
41591.0585937500,-70.4907379150
41686.9257812500,-70.4972305298
41783.0195312500,-70.5006103516
41879.3789062500,-70.5017395020
41975.9140625000,-70.5067520142
42072.6679687500,-70.5119857788
42169.6484375000,-70.6170654297
42266.8554687500,-70.7900772095
42364.2812500000,-70.9025039673
42461.9335937500,-70.9330444336
42559.8593750000,-70.9352340698
42657.9648437500,-70.9424438477
42756.2929687500,-70.9481201172
42854.8476562500,-70.9526062012
42953.6328125000,-70.9662551880
43052.6445312500,-70.9801940918
43151.9296875000,-70.9829177856
43251.3984375000,-71.0007858276
43351.0976562500,-71.0073928833
43451.0234375000,-71.0125808716
43551.1796875000,-71.0552139282
43651.5703125000,-71.1029586792
43752.1914062500,-71.1535568237
43853.0898437500,-71.2018890381
43954.1757812500,-71.2648391724
44055.4921875000,-71.3207397461
44157.0429687500,-71.3283920288
44258.8281250000,-71.3373870850
44360.8476562500,-71.3551330566
44463.1015625000,-71.3556518555
44565.6406250000,-71.3685073853
44668.3671875000,-71.3876953125
44771.3320312500,-71.3887786865
44874.5351562500,-71.4143447876
44977.9726562500,-71.4179687500
45081.6484375000,-71.4197311401
45185.6171875000,-71.4418640137
45289.7734375000,-71.4439926147
45394.1679687500,-71.4927749634
45498.8046875000,-71.5075759888
45603.6835937500,-71.5131301880
45708.8046875000,-71.5181427002
45814.1640625000,-71.5226974487
45919.8203125000,-71.5261764526
46025.6679687500,-71.5304336548
46131.7617187500,-71.5463714600
46238.0976562500,-71.5472717285
46344.6796875000,-71.5549850464
46451.5078125000,-71.5686950684
46558.6328125000,-71.5715332031
46665.9531250000,-71.6230697632
46773.5234375000,-71.7229690552
46881.3398437500,-71.7960891724
46989.4023437500,-71.8706970215
47097.7187500000,-71.9842834473
47206.2812500000,-72.0939407349
47315.1484375000,-72.1538772583
47424.2109375000,-72.2072067261
47533.5273437500,-72.2286148071
47643.0976562500,-72.2363281250
47752.9179687500,-72.2518310547
47862.9921875000,-72.2998657227
47973.3710937500,-72.3520965576
48083.9531250000,-72.3641510010
48194.7890625000,-72.3647079468
48305.8828125000,-72.3712921143
48417.2304687500,-72.4051971436
48528.8359375000,-72.4078979492
48640.6992187500,-72.4151077271
48752.8710937500,-72.4420471191
48865.2500000000,-72.4440078735
48977.8867187500,-72.4452362061
49090.7851562500,-72.4476089478
49203.9453125000,-72.4477081299
49317.3632812500,-72.4483718872
49431.0429687500,-72.4539718628
49545.0390625000,-72.4579696655
49659.2421875000,-72.4585800171
49773.7109375000,-72.4603424072
49888.4453125000,-72.4998168945
50003.4414062500,-72.5734481812
50118.7031250000,-72.6445999146
50234.2851562500,-72.7663116455
50350.0781250000,-72.8725891113
50466.1367187500,-72.9384460449
50582.4648437500,-72.9899826050
50699.0625000000,-73.0317611694
50815.9257812500,-73.0906829834
50933.0625000000,-73.1038742065
51050.5234375000,-73.1172409058
51168.1953125000,-73.1351699829
51286.1445312500,-73.1530838013
51404.3593750000,-73.2000885010
51522.8515625000,-73.2139587402
51641.6171875000,-73.2147903442
51760.7109375000,-73.2716751099
51880.0234375000,-73.2745437622
51999.6093750000,-73.2836990356
52119.4726562500,-73.3349456787
52239.6093750000,-73.3362121582
52360.0273437500,-73.3610458374
52480.7187500000,-73.3782196045
52601.7500000000,-73.4683227539
52723.0000000000,-73.5228500366
52844.5312500000,-73.5258102417
52966.3398437500,-73.5314178467
53088.4335937500,-73.5366210938
53210.8046875000,-73.5417709351
53333.5195312500,-73.5469360352
53456.4570312500,-73.5910263062
53579.6757812500,-73.6595764160
53703.1835937500,-73.6968231201
53826.9726562500,-73.7248229980
53951.0468750000,-73.7305450439
54075.4062500000,-73.7387084961
54200.1132812500,-73.7733230591
54325.0507812500,-73.8154830933
54450.2734375000,-73.8228988647
54575.7851562500,-73.8258285522
54701.5859375000,-73.8791656494
54827.6757812500,-73.8805923462
54954.0585937500,-73.9289321899
55080.7929687500,-73.9310836792
55207.7578125000,-73.9512176514
55335.0156250000,-73.9575805664
55462.5664062500,-73.9622039795
55590.4101562500,-74.0658569336
55718.5507812500,-74.1109848022
55847.0468750000,-74.1136245728
55975.7773437500,-74.1332015991
56104.8085937500,-74.1340179443
56234.1328125000,-74.1572799683
56363.7578125000,-74.1628723145
56493.6796875000,-74.1724777222
56623.9023437500,-74.2718811035
56754.4843750000,-74.3759918213
56885.3085937500,-74.4446868896
57016.4335937500,-74.4622344971
57147.8593750000,-74.4639663696
57279.5898437500,-74.4750595093
57411.6210937500,-74.5031814575
57544.0234375000,-74.5219879150
57676.6679687500,-74.5395889282
57809.6171875000,-74.5705413818
57942.8710937500,-74.6304244995
58076.4335937500,-74.7028350830
58210.3046875000,-74.7279739380
58344.4843750000,-74.7321548462
58479.0351562500,-74.7527389526
58613.8320312500,-74.7546310425
58748.9414062500,-74.7555313110
58884.3632812500,-74.7561569214
59020.0937500000,-74.7873992920
59156.1406250000,-74.7996673584
59292.5000000000,-74.8024368286
59429.2382812500,-74.8539962769
59566.2265625000,-74.8813247681
59703.5312500000,-74.8930816650
59841.1523437500,-74.9022750854
59979.0898437500,-74.9186401367
60117.3476562500,-74.9625625610
60255.9882812500,-74.9721221924
60394.8828125000,-75.0815582275
60534.0976562500,-75.0816879272
60673.6328125000,-75.0869903564
60813.4882812500,-75.1275482178
60953.6679687500,-75.1369628906
61094.1718750000,-75.1473388672
61235.0625000000,-75.1622467041
61376.2148437500,-75.1706008911
61517.6914062500,-75.1855545044
61659.4960937500,-75.2530822754
61801.6250000000,-75.3314056396
61944.0820312500,-75.3705444336
62086.9335937500,-75.3806533813
62230.0507812500,-75.3938827515
62373.4960937500,-75.4039001465
62517.2695312500,-75.4109268188
62661.3750000000,-75.4298171997
62805.8164062500,-75.4663467407
62950.5859375000,-75.4786834717
63095.7617187500,-75.4812164307
63241.2031250000,-75.4970016479
63386.9765625000,-75.5299301147
63533.0898437500,-75.5383377075
63679.5390625000,-75.5672378540
63826.3242187500,-75.5707778931
63973.5195312500,-75.5908966064
64120.9804687500,-75.7663345337
64268.7851562500,-75.8805236816
64416.9296875000,-75.8815612793
64565.4140625000,-75.9107284546
64714.2421875000,-75.9188537598
64863.4140625000,-75.9192810059
65013.0000000000,-75.9613876343
65162.8593750000,-75.9636230469
65313.0625000000,-75.9878692627
65463.6132812500,-76.0475463867
65614.5156250000,-76.0580215454
65765.7578125000,-76.0800704956
65917.3515625000,-76.0890197754
66069.3671875000,-76.1088027954
66221.6640625000,-76.1441726685
66374.3125000000,-76.1510543823
66527.3125000000,-76.2212219238
66680.6562500000,-76.2501678467
66834.3593750000,-76.2513504028
66988.4921875000,-76.3557052612
67142.9062500000,-76.3952407837
67297.6796875000,-76.3972854614
67452.8046875000,-76.3979263306
67608.2890625000,-76.4010848999
67764.1250000000,-76.4019546509
67920.3281250000,-76.4030151367
68076.9609375000,-76.4271087646
68233.8906250000,-76.4789428711
68391.1718750000,-76.5340957642
68548.8203125000,-76.5380249023
68706.8281250000,-76.5547637939
68865.2031250000,-76.5996093750
69024.0156250000,-76.6164779663
69183.1250000000,-76.6257171631
69342.5937500000,-76.6320953369
69502.4296875000,-76.6571121216
69662.6406250000,-76.6686859131
69823.2187500000,-76.7815322876
69984.1640625000,-76.7828369141
70145.5625000000,-76.7882766724
70307.2500000000,-76.8289337158
70469.3125000000,-76.8486480713
70631.7500000000,-76.8666000366
70794.5625000000,-76.9777450562
70957.7500000000,-77.0082168579
71121.3906250000,-77.0183944702
71285.3281250000,-77.0286026001
71449.6484375000,-77.0661239624
71614.3437500000,-77.0762023926
71779.4218750000,-77.0921783447
71944.8750000000,-77.0961761475
72110.7187500000,-77.1368865967
72277.0156250000,-77.1430053711
72443.6171875000,-77.1824569702
72610.6093750000,-77.1841278076
72777.9765625000,-77.2045135498
72945.7343750000,-77.2198944092
73113.8828125000,-77.2610244751
73282.4140625000,-77.2820281982
73451.4140625000,-77.3093948364
73620.7265625000,-77.3189620972
73790.4296875000,-77.3486175537
73960.5234375000,-77.4091186523
74131.0078125000,-77.4727096558
74301.8828125000,-77.5161437988
74473.2343750000,-77.5684967041
74644.8984375000,-77.5687484741
74816.9609375000,-77.6192016602
74989.4218750000,-77.6192779541
75162.2734375000,-77.6735153198
75335.5312500000,-77.6806182861
75509.1875000000,-77.6838607788
75683.3203125000,-77.7022933960
75857.7812500000,-77.7674255371
76032.6328125000,-77.7726135254
76207.8984375000,-77.8041763306
76383.5625000000,-77.8334732056
76559.6328125000,-77.8337326050
76736.1875000000,-77.8503799438
76913.0703125000,-77.8532257080
77090.3593750000,-77.8877182007
77268.0625000000,-77.9132766724
77446.1718750000,-77.9361572266
77624.6875000000,-77.9557113647
77803.6171875000,-78.0811004639
77983.0468750000,-78.1155242920
78162.8046875000,-78.1297836304
78342.9765625000,-78.1331329346
78523.5625000000,-78.1867218018
78704.5625000000,-78.2197036743
78885.9843750000,-78.2465896606
79067.8203125000,-78.2951354980
79250.1640625000,-78.3323059082
79432.8437500000,-78.3725891113
79615.9375000000,-78.3958282471
79799.4609375000,-78.4069213867
79983.4062500000,-78.4199829102
80167.7734375000,-78.4502334595
80352.6484375000,-78.4646377563
80537.8671875000,-78.4744338989
80723.5156250000,-78.4762802124
80909.5859375000,-78.5441970825
81096.0937500000,-78.5570602417
81283.0234375000,-78.6652984619
81470.3828125000,-78.6732482910
81658.2734375000,-78.7127075195
81846.5000000000,-78.7385025024
82035.1640625000,-78.8037185669
82224.2578125000,-78.8542175293
82413.7890625000,-78.8832473755
82603.7578125000,-78.8886032104
82794.2578125000,-78.9232788086
82985.1015625000,-78.9452972412
83176.3906250000,-78.9669342041
83368.1171875000,-78.9963302612
83560.2890625000,-79.0328903198
83752.8984375000,-79.0347824097
83945.9609375000,-79.0696029663
84139.5546875000,-79.0907058716
84333.5000000000,-79.1074142456
84527.8906250000,-79.1569213867
84722.7343750000,-79.1614151001
84918.0312500000,-79.1932678223
85113.7734375000,-79.2492523193
85310.0546875000,-79.2672729492
85506.7031250000,-79.2736968994
85703.8046875000,-79.3296127319
85901.3515625000,-79.3297348022
86099.3671875000,-79.3497924805
86297.8281250000,-79.3688888550
86496.7500000000,-79.3705902100
86696.2265625000,-79.3710174561
86896.0703125000,-79.3766555786
87096.3671875000,-79.3796920776
87297.1328125000,-79.4407119751
87498.3593750000,-79.4550476074
87700.0468750000,-79.4913635254
87902.2031250000,-79.4917755127
88104.9218750000,-79.4972457886
88308.0078125000,-79.5569381714
88511.5703125000,-79.5846481323
88715.5937500000,-79.5906982422
88920.0859375000,-79.5933303833
89125.0546875000,-79.6228790283
89330.5937500000,-79.6260986328
89536.5078125000,-79.6483993530
89742.8906250000,-79.8027648926
89949.7578125000,-79.8221206665
90157.1015625000,-79.8262023926
90364.9140625000,-79.8524246216
90573.2109375000,-79.8559265137
90782.0937500000,-79.9034957886
90991.3515625000,-79.9118881226
91201.0937500000,-79.9314270020
91411.3203125000,-79.9889678955
91622.0234375000,-79.9967498779
91833.2187500000,-80.1152496338
92045.0078125000,-80.1233978271
92257.1718750000,-80.1524658203
92469.8359375000,-80.1532516479
92682.9843750000,-80.2140655518
92896.6250000000,-80.2159957886
93110.7578125000,-80.2290420532
93325.3828125000,-80.2766952515
93540.6093750000,-80.2836685181
93756.2265625000,-80.3404388428
93972.3437500000,-80.4549484253
94188.9531250000,-80.4787750244
94406.0703125000,-80.4954986572
94623.6796875000,-80.5135879517
94841.8984375000,-80.5266265869
95060.5156250000,-80.5957489014
95279.6328125000,-80.6040649414
95499.2656250000,-80.6149368286
95719.3984375000,-80.6415634155
95940.0390625000,-80.6484832764
96161.1875000000,-80.6530380249
96382.9453125000,-80.6873703003
96605.1171875000,-80.7218017578
96827.7968750000,-80.7536849976
97050.9921875000,-80.7886428833
97274.7031250000,-80.8074645996
97498.9296875000,-80.8168792725
97723.6718750000,-80.8386840820
97949.0390625000,-80.8762817383
98174.8203125000,-80.8864212036
98401.1171875000,-80.9296569824
98627.9375000000,-81.0494384766
98855.2812500000,-81.1489028931
99083.1484375000,-81.1602401733
99311.6562500000,-81.1792831421
99540.5781250000,-81.2217864990
99770.0234375000,-81.2343826294
100000.0000000000,-81.2518157959
100230.5078125000,-81.2747192383
100461.5468750000,-81.3101654053
100693.1171875000,-81.3398818970
100925.3359375000,-81.3494338989
101157.9687500000,-81.3522491455
101391.1484375000,-81.3572082520
101624.8593750000,-81.3618392944
101859.1171875000,-81.3628692627
102093.9062500000,-81.3733520508
102329.3515625000,-81.3776397705
102565.2265625000,-81.3779602051
102801.6484375000,-81.3820495605
103038.6171875000,-81.3842544556
103276.1250000000,-81.4108428955
103514.1875000000,-81.4553604126
103752.7890625000,-81.5089721680
103992.0625000000,-81.5688705444
104231.7734375000,-81.6322555542
104472.0312500000,-81.6970062256
104712.8515625000,-81.7609710693
104954.2187500000,-81.8215713501
105196.1484375000,-81.8383407593
105438.6328125000,-81.8401718140
105681.7890625000,-81.8551101685
105925.3984375000,-81.8615798950
106169.5625000000,-81.8754425049
106414.2890625000,-81.8846893311
106659.5859375000,-81.8995590210
106905.4375000000,-81.9176330566
107151.9843750000,-81.9183502197
107398.9765625000,-81.9435653687
107646.5390625000,-81.9457702637
107894.6718750000,-81.9491729736
108143.3750000000,-81.9542846680
108392.6562500000,-82.0056762695
108642.5078125000,-82.0653533936
108893.0546875000,-82.1249160767
109144.0625000000,-82.1802215576
109395.6484375000,-82.2259979248
109647.8125000000,-82.2571868896
109900.5546875000,-82.2661743164
110153.8828125000,-82.2676925659
110407.9218750000,-82.2716751099
110662.4140625000,-82.2724761963
110917.5000000000,-82.2772674561
111173.1718750000,-82.3059005737
111429.4375000000,-82.3510284424
111686.2890625000,-82.4069671631
111943.7343750000,-82.4658050537
112201.8984375000,-82.4668807983
112460.5312500000,-82.4697647095
112719.7578125000,-82.4851989746
112979.5859375000,-82.4901275635
113240.0078125000,-82.5196075439
113501.0390625000,-82.5213775635
113762.7890625000,-82.5548324585
114025.0234375000,-82.5557785034
114287.8593750000,-82.5616836548
114551.2968750000,-82.5813751221
114815.3437500000,-82.5871810913
115080.0078125000,-82.5935592651
115345.2734375000,-82.6622085571
115611.2812500000,-82.7463150024
115877.7734375000,-82.8291320801
116144.8750000000,-82.9014358521
116412.6015625000,-82.9569702148
116680.9375000000,-82.9949874878
116949.8984375000,-83.0206909180
117219.4765625000,-83.0430221558
117489.8046875000,-83.0706100464
117760.6250000000,-83.1078109741
118032.0703125000,-83.1528244019
118304.1406250000,-83.1987838745
118576.8437500000,-83.2374649048
118850.1718750000,-83.2636947632
119124.2578125000,-83.2781829834
119398.8515625000,-83.2925109863
119674.0703125000,-83.3172988892
119949.9296875000,-83.3455429077
120226.4218750000,-83.3786849976
120503.5546875000,-83.4101791382
120781.3203125000,-83.4348144531
121059.8671875000,-83.4517135620
121338.9140625000,-83.4647064209
121618.6093750000,-83.4799652100
121898.9531250000,-83.5023193359
122179.9375000000,-83.5326156616
122461.5703125000,-83.5846328735
122743.9843750000,-83.6320037842
123026.9218750000,-83.6581497192
123310.5078125000,-83.6675338745
123594.7421875000,-83.6783676147
123879.6406250000,-83.6815185547
124165.1953125000,-83.6835250854
124451.3984375000,-83.7076263428
124738.4062500000,-83.7115402222
125025.9375000000,-83.7209548950
125314.1328125000,-83.7423858643
125602.9921875000,-83.7444458008
125892.5156250000,-83.7714538574
126182.7031250000,-83.7848587036
126473.7031250000,-83.7908630371
126765.2343750000,-83.8163528442
127057.4375000000,-83.9239196777
127350.3125000000,-83.9867172241
127643.8671875000,-84.0346298218
127938.0937500000,-84.0661849976
128233.0000000000,-84.0834732056
128528.7265625000,-84.0868072510
128824.9921875000,-84.0889053345
129121.9453125000,-84.0896453857
129419.5781250000,-84.0903167725
129717.8984375000,-84.0977249146
130016.9140625000,-84.1152038574
130316.6093750000,-84.1576538086
130617.1406250000,-84.2081451416
130918.2265625000,-84.2386093140
131220.0000000000,-84.2615127563
131522.4687500000,-84.2768020630
131825.6406250000,-84.2888031006
132129.5000000000,-84.3173065186
132434.2187500000,-84.3678512573
132739.4843750000,-84.4141693115
133045.4687500000,-84.4613952637
133352.1406250000,-84.5010910034
133659.5312500000,-84.5350646973
133967.6250000000,-84.5484848022
134276.4218750000,-84.5540542603
134586.0937500000,-84.5653152466
134896.3281250000,-84.6023788452
135207.2656250000,-84.6613616943
135518.9375000000,-84.7129821777
135831.3125000000,-84.7701416016
136144.4062500000,-84.8282089233
136458.3906250000,-84.9034729004
136772.9375000000,-84.9574203491
137088.2031250000,-84.9792633057
137404.2031250000,-84.9956130981
137720.9218750000,-85.0199127197
138038.3906250000,-85.0450286865
138356.5781250000,-85.0510330200
138675.6406250000,-85.0527343750
138995.2968750000,-85.0565185547
139315.7031250000,-85.0596542358
139636.8281250000,-85.0645370483
139958.7031250000,-85.0909042358
140281.3125000000,-85.1416931152
140604.6718750000,-85.1850280762
140928.9375000000,-85.2022933960
141253.7812500000,-85.2180175781
141579.3906250000,-85.2366333008
141905.7343750000,-85.2566833496
142232.8437500000,-85.2831344604
142560.7031250000,-85.3333053589
142889.4687500000,-85.3931732178
143218.8281250000,-85.4395523071
143548.9687500000,-85.5158920288
143879.8593750000,-85.5400314331
144211.5156250000,-85.5488586426
144543.9218750000,-85.5858230591
144877.1093750000,-85.5932540894
145211.2187500000,-85.5960388184
145545.9375000000,-85.6379470825
145881.4375000000,-85.6411285400
146217.7031250000,-85.7020416260
146554.7500000000,-85.7119216919
146892.5625000000,-85.7152557373
147231.3281250000,-85.7472229004
147570.7031250000,-85.7571182251
147910.8593750000,-85.7610168457
148251.8125000000,-85.8589477539
148593.5468750000,-85.9511795044
148936.0625000000,-86.0556106567
149279.3750000000,-86.1161880493
149623.6250000000,-86.1295623779
149968.5312500000,-86.1296005249
150314.2187500000,-86.1309890747
150660.7031250000,-86.1429901123
151007.9843750000,-86.1705703735
151356.0625000000,-86.1959686279
151705.1250000000,-86.2397842407
152054.8125000000,-86.2875213623
152405.3125000000,-86.3215408325
152756.6093750000,-86.3699035645
153108.7187500000,-86.3744735718
153461.6562500000,-86.3849639893
153815.3906250000,-86.3861618042
154170.1093750000,-86.4249038696
154525.4843750000,-86.4259262085
154881.6875000000,-86.4481735229
155238.7031250000,-86.4661865234
155596.5312500000,-86.4663925171
155955.1875000000,-86.4897232056
156314.6875000000,-86.4899978638
156675.1718750000,-86.5281906128
157036.3125000000,-86.5895919800
157398.2968750000,-86.6080322266
157761.1093750000,-86.6090927124
158124.7656250000,-86.6154403687
158489.2500000000,-86.6291503906
158854.7500000000,-86.7074508667
159220.9218750000,-86.8027343750
159587.9375000000,-86.8028106689
159955.7968750000,-86.8149642944
160324.5156250000,-86.8215332031
160694.0625000000,-86.8241806030
161064.4843750000,-86.8356781006
161435.9218750000,-86.8593521118
161808.0468750000,-86.8849716187
162181.0312500000,-86.9132537842
162554.8593750000,-86.9360275269
162929.5625000000,-86.9750289917
163305.1250000000,-86.9762802124
163681.7343750000,-87.0122375488
164059.0312500000,-87.0175476074
164437.2031250000,-87.0782241821
164816.2343750000,-87.1678543091
165196.1562500000,-87.1979751587
165576.9375000000,-87.2100143433
165958.6093750000,-87.2163696289
166341.3437500000,-87.2250213623
166724.7656250000,-87.2272186279
167109.0781250000,-87.2950515747
167494.2812500000,-87.4056472778
167880.3593750000,-87.4635009766
168267.3437500000,-87.4783020020
168655.3906250000,-87.5040664673
169044.1562500000,-87.5239334106
169433.8125000000,-87.5435028076
169824.3750000000,-87.5940551758
170215.8281250000,-87.6129837036
170608.1875000000,-87.6313171387
171001.4531250000,-87.6552200317
171395.8125000000,-87.6884841919
171790.8906250000,-87.7469482422
172186.8750000000,-87.7685852051
172583.7812500000,-87.7730712891
172981.6093750000,-87.7957534790
173380.3437500000,-87.8577041626
173779.9843750000,-87.9583892822
174180.7500000000,-87.9835433960
174582.2500000000,-87.9875411987
174984.6875000000,-88.0064086914
175388.0312500000,-88.0064849854
175792.3125000000,-88.0193862915
176197.5312500000,-88.0579757690
176603.8750000000,-88.0591735840
177010.9531250000,-88.0672683716
177418.9843750000,-88.0719223022
177827.9375000000,-88.0761337280
178237.8437500000,-88.0979003906
178648.7031250000,-88.1378326416
179060.5000000000,-88.1507263184
179473.4375000000,-88.1583251953
179887.1406250000,-88.1722717285
180301.7968750000,-88.1726303101
180717.4062500000,-88.1914520264
181133.9687500000,-88.1915588379
181551.5000000000,-88.2106628418
181970.1875000000,-88.3016357422
182389.6406250000,-88.4255905151
182810.0625000000,-88.4900283813
183231.4531250000,-88.5192489624
183653.8125000000,-88.5370025635
184077.1406250000,-88.5667724609
184501.4531250000,-88.6053085327
184926.9531250000,-88.6190795898
185353.2187500000,-88.6352767944
185780.4687500000,-88.6533508301
186208.7031250000,-88.6811065674
186637.9375000000,-88.6906051636
187068.1406250000,-88.7138214111
187499.3437500000,-88.7650527954
187931.7500000000,-88.7703704834
188364.9531250000,-88.7791137695
188799.1406250000,-88.7963409424
189234.3437500000,-88.8461990356
189670.5312500000,-88.8488159180
190107.7500000000,-88.8515014648
190546.1562500000,-88.8801498413
190985.3906250000,-88.9130477905
191425.6250000000,-88.9682617188
191866.8750000000,-89.0193252563
192309.1406250000,-89.0463180542
192752.4218750000,-89.0568313599
193196.7343750000,-89.0638732910
193642.2812500000,-89.0772247314
194088.6406250000,-89.0839920044
194536.0312500000,-89.0849456787
194984.4375000000,-89.0960845947
195433.8906250000,-89.1005325317
195884.3906250000,-89.1036224365
196336.1250000000,-89.1050949097
196788.7031250000,-89.1413650513
197242.3125000000,-89.2010421753
197696.9687500000,-89.2545089722
198152.6718750000,-89.2832489014
198609.4218750000,-89.2866821289
199067.2343750000,-89.2890319824
199526.3125000000,-89.2969894409
199986.2343750000,-89.2996520996
200447.2187500000,-89.3005371094
200909.2656250000,-89.3334121704
201372.3750000000,-89.3892974854
201836.5625000000,-89.4866409302
202302.0312500000,-89.5944290161
202768.3437500000,-89.6998367310
203235.7343750000,-89.7974090576
203704.2187500000,-89.8630676270
204173.7656250000,-89.8866806030
204644.4062500000,-89.9043807983
205116.1250000000,-89.9067230225
205589.1562500000,-89.9154281616
206063.0468750000,-89.9413833618
206538.0468750000,-89.9429244995
207014.1250000000,-89.9532394409
207491.3125000000,-90.0000000000
207969.5937500000,-90.0961227417
208448.9843750000,-90.1083145142
208929.7031250000,-90.1316757202
209411.2968750000,-90.1549148560
209894.0000000000,-90.1726455688
210377.8281250000,-90.1792144775
210862.7500000000,-90.2356338501
211348.8125000000,-90.2710494995
211836.2187500000,-90.2716140747
212324.5156250000,-90.2840347290
212813.9375000000,-90.2857284546
213304.4843750000,-90.3123397827
213796.1718750000,-90.3652038574
214288.9843750000,-90.3742294312
214782.9375000000,-90.3792572021
215278.2656250000,-90.3903579712
215774.5000000000,-90.4088745117
216271.8750000000,-90.4137268066
216770.3906250000,-90.4449005127
217270.0625000000,-90.4942932129
217770.8906250000,-90.4960174561
218273.1093750000,-90.5057830811
218776.2343750000,-90.5080108643
219280.5312500000,-90.5647735596
219785.9843750000,-90.6457748413
220292.6093750000,-90.7098693848
220800.4062500000,-90.7479934692
221309.3593750000,-90.7518615723
221819.7343750000,-90.7596664429
222331.0468750000,-90.7688674927
222843.5468750000,-90.7748336792
223357.2031250000,-90.8264617920
223872.0625000000,-90.8944931030
224388.1093750000,-90.9010543823
224905.5781250000,-90.9113159180
225424.0000000000,-90.9276657104
225943.6250000000,-90.9430541992
226464.4375000000,-90.9702529907
226986.4531250000,-91.0040054321
227509.6718750000,-91.0046386719
228034.1093750000,-91.0080490112
228559.9843750000,-91.0402603149
229086.8281250000,-91.0456771851
229614.8906250000,-91.0981445313
230144.1718750000,-91.1225204468
230674.6718750000,-91.1255950928
231206.3906250000,-91.1270141602
231739.3437500000,-91.1336059570
232273.7812500000,-91.1362991333
232809.1875000000,-91.1534652710
233345.8281250000,-91.1593551636
233883.7031250000,-91.1597747803
234422.8125000000,-91.2467041016
234963.1875000000,-91.3999710083
235505.0468750000,-91.5229415894
236047.9062500000,-91.5326004028
236592.0156250000,-91.5606460571
237137.3750000000,-91.5757980347
237683.9843750000,-91.6097183228
238231.8750000000,-91.6377868652
238781.0156250000,-91.6454238892
239331.6718750000,-91.7920761108
239883.3593750000,-91.7941207886
240436.2968750000,-91.8104248047
240990.5312500000,-91.8367614746
241546.0312500000,-91.8411178589
242102.8125000000,-91.9340209961
242661.1406250000,-91.9851455688
243220.4843750000,-92.0002136230
243781.1250000000,-92.0114440918
244343.0625000000,-92.0120468140
244906.2968750000,-92.0228271484
245470.8125000000,-92.0981750488
246036.6406250000,-92.1966400146
246604.0468750000,-92.2719116211
247172.4843750000,-92.3028793335
247742.2343750000,-92.3054351807
248313.2968750000,-92.3058853149
248885.6718750000,-92.3068923950
249459.3750000000,-92.3212509155
250034.4062500000,-92.3889465332
250611.0156250000,-92.4172210693
251188.7031250000,-92.4221649170
251767.7031250000,-92.4682159424
252348.0468750000,-92.4773178101
252929.7343750000,-92.4915161133
253512.7500000000,-92.5081024170
254097.3906250000,-92.5438537598
254683.1093750000,-92.5592956543
255270.1718750000,-92.5694122314
255858.5781250000,-92.6004791260
256448.3593750000,-92.6048507690
257039.4843750000,-92.6661529541
257631.9843750000,-92.7216262817
258226.1250000000,-92.7329101563
258821.3593750000,-92.7350082397
259417.9531250000,-92.7451934814
260015.9375000000,-92.7623062134
260615.2812500000,-92.7667541504
261216.0312500000,-92.7678070068
261818.4375000000,-92.7885208130
262421.9375000000,-92.8400421143
263026.8437500000,-92.8853988647
263633.1562500000,-92.9197998047
264240.8437500000,-92.9597015381
264849.9375000000,-92.9779281616
265460.4375000000,-93.0065460205
266072.6250000000,-93.0234985352
266685.9375000000,-93.0309600830
267300.6562500000,-93.0313262939
267916.8125000000,-93.0369415283
268534.3750000000,-93.0643692017
269153.3750000000,-93.1177062988
269774.0937500000,-93.1197052002
270395.9375000000,-93.1316757202
271019.2187500000,-93.1585464478
271643.9375000000,-93.2137680054
272270.0937500000,-93.2971496582
272897.6875000000,-93.3638458252
273526.7500000000,-93.4007263184
274157.5312500000,-93.4045867920
274789.5000000000,-93.4370956421
275422.9062500000,-93.4405822754
276057.7812500000,-93.4494552612
276694.0937500000,-93.4714126587
277331.9062500000,-93.5727767944
277971.1875000000,-93.7373199463
278612.2187500000,-93.7443008423
279254.4375000000,-93.7867507935
279898.1562500000,-93.8006057739
280543.3437500000,-93.8022613525
281190.0000000000,-93.8062820435
281838.1562500000,-93.8085861206
282488.1250000000,-93.8213043213
283139.2812500000,-93.8223342896
283791.9375000000,-93.8730392456
284446.0937500000,-93.8828735352
285101.7812500000,-93.8836593628
285758.9687500000,-93.8938827515
286417.6562500000,-93.9009475708
287078.1875000000,-94.0012435913
287739.9062500000,-94.0050888062
288403.1875000000,-94.0213088989
289067.9687500000,-94.0511093140
289734.2812500000,-94.0527267456
290402.1562500000,-94.1012954712
291071.8750000000,-94.1335983276
291742.8125000000,-94.1567306519
292415.2812500000,-94.1964797974
293089.3437500000,-94.2416076660
293764.9062500000,-94.2529983521
294442.0625000000,-94.2670974731
295120.7812500000,-94.2712020874
295801.3750000000,-94.2907104492
296483.2187500000,-94.2968215942
297166.6250000000,-94.3008575439
297851.6250000000,-94.3289260864
298538.1875000000,-94.3386459351
299226.3437500000,-94.3414382935
299916.4062500000,-94.3651046753
300607.7500000000,-94.3781356812
301300.6562500000,-94.3814849854
301995.1875000000,-94.3920593262
302691.3125000000,-94.4226226807
303389.0312500000,-94.4269027710
304088.3750000000,-94.4319992065
304789.6562500000,-94.4732742310
305492.2187500000,-94.5194320679
306196.3750000000,-94.5643692017
306902.1875000000,-94.6068267822
307609.6250000000,-94.6452484131
308318.6875000000,-94.6779479980
309029.3750000000,-94.7036285400
309742.0625000000,-94.7218246460
310456.0312500000,-94.7337570190
311171.6562500000,-94.7430648804
311888.9375000000,-94.7540817261
312607.8437500000,-94.7711639404
313328.4375000000,-94.7976760864
314051.0312500000,-94.8353500366
314774.9375000000,-94.8842315674
315500.5000000000,-94.9434204102
316227.7812500000,-95.0116043091
316956.6875000000,-95.0872344971
317687.3125000000,-95.1680374146
318419.5937500000,-95.2502288818
319153.9375000000,-95.3283157349
319889.5937500000,-95.3957748413
320626.9687500000,-95.4473495483
321366.0312500000,-95.4811172485
322106.8125000000,-95.4997406006
322849.2812500000,-95.5096969604
323593.8125000000,-95.5189056396
324339.7187500000,-95.5338439941
325087.3750000000,-95.5575485229
325836.7187500000,-95.5891189575
326587.7812500000,-95.6248245239
327340.5937500000,-95.6600189209
328095.1250000000,-95.6911468506
328851.7812500000,-95.7168960571
329609.8125000000,-95.7381591797
330369.5937500000,-95.7571563721
331131.0937500000,-95.7763671875
331894.3750000000,-95.7973785400
332659.4375000000,-95.8226623535
333426.2187500000,-95.8528747559
334195.1562500000,-95.8882751465
334965.5000000000,-95.9278030396
335737.6250000000,-95.9688491821
336511.5312500000,-96.0078353882
337287.2187500000,-96.0416107178
338064.6875000000,-96.0688247681
338844.3125000000,-96.0903396606
339625.3750000000,-96.1083831787
340408.2500000000,-96.1250991821
341192.9062500000,-96.1415481567
341979.3750000000,-96.1577453613
342767.6562500000,-96.1736526489
343557.7812500000,-96.1900253296
344350.0625000000,-96.2085876465
345143.8125000000,-96.2310791016
345939.4062500000,-96.2580871582
346736.8125000000,-96.2883834839
347536.0625000000,-96.3345184326
348337.1562500000,-96.3785705566
349140.5000000000,-96.4095306396
349945.2812500000,-96.4469146729
350751.9375000000,-96.4942932129
351560.4375000000,-96.5517501831
352370.8125000000,-96.6147308350
353183.0625000000,-96.6750259399
353997.1562500000,-96.6917190552
354813.5312500000,-96.6923294067
355631.4062500000,-96.6972503662
356451.1562500000,-96.7022323608
357272.8125000000,-96.7051162720
358096.3437500000,-96.7175369263
358921.7812500000,-96.7181243896
359749.5312500000,-96.7234878540
360578.7812500000,-96.7367248535
361409.9375000000,-96.7378768921
362243.0000000000,-96.7534027100
363078.0000000000,-96.7554168701
363914.9375000000,-96.7629165649
364753.7812500000,-96.7642517090
365594.9687500000,-96.8004455566
366437.6875000000,-96.8445205688
367282.3437500000,-96.8949050903
368128.9687500000,-96.9764099121
368977.5312500000,-97.0536880493
369828.0312500000,-97.0938186646
370680.5312500000,-97.1209869385
371535.3750000000,-97.1357345581
372391.7812500000,-97.1423034668
373250.1875000000,-97.1463775635
374110.5625000000,-97.1519775391
374972.9062500000,-97.1608734131
375837.2500000000,-97.1615066528
376703.9687500000,-97.1626358032
377572.3125000000,-97.1651916504
378442.6562500000,-97.1679992676
379314.9687500000,-97.1737976074
380189.3437500000,-97.2019348145
381065.6875000000,-97.2740325928
381944.0625000000,-97.3639526367
382824.9062500000,-97.4238891602
383707.3437500000,-97.4758453369
384591.8125000000,-97.5164108276
385478.3125000000,-97.5456695557
386366.8750000000,-97.5750274658
387257.5000000000,-97.5998611450
388150.5625000000,-97.6175918579
389045.2812500000,-97.6368637085
389942.0625000000,-97.6575317383
390840.9062500000,-97.6802215576
391741.8125000000,-97.7221679688
392644.8125000000,-97.7742080688
393549.8750000000,-97.8130493164
394457.4687500000,-97.8500442505
395366.7187500000,-97.8804702759
396278.0937500000,-97.8850402832
397191.5312500000,-97.8883514404
398107.0937500000,-97.8945999146
399024.7500000000,-97.8960952759
399944.9687500000,-97.9047241211
400866.8750000000,-97.9057693481
401790.9062500000,-97.9107894897
402717.0625000000,-97.9119873047
403645.3437500000,-97.9392700195
404575.7812500000,-97.9773178101
405508.3437500000,-98.0543365479
406443.5312500000,-98.1446838379
407380.4062500000,-98.2054672241
408319.4375000000,-98.2592391968
409260.6562500000,-98.3120727539
410204.0312500000,-98.3132781982
411149.5625000000,-98.3211669922
412097.3125000000,-98.3254699707
413047.6562500000,-98.3315582275
413999.7812500000,-98.3352890015
414954.0625000000,-98.3532562256
415910.5625000000,-98.3920669556
416869.2812500000,-98.4578704834
417830.1875000000,-98.5183792114
418793.7812500000,-98.5504531860
419759.1250000000,-98.5760345459
420726.6875000000,-98.6048049927
421696.5000000000,-98.6286773682
422668.5312500000,-98.6446151733
423642.8125000000,-98.6530075073
424619.3437500000,-98.6586380005
425598.5937500000,-98.6625061035
426579.6250000000,-98.6783523560
427562.9375000000,-98.6865463257
428548.5000000000,-98.6940231323
429536.3125000000,-98.7085571289
430526.4375000000,-98.7282562256
431519.3125000000,-98.7506484985
432514.0000000000,-98.7556228638
433510.9687500000,-98.7611846924
434510.2500000000,-98.7791671753
435511.8125000000,-98.7902603149
436515.6875000000,-98.7977752686
437521.9062500000,-98.7994155884
438530.9062500000,-98.8575439453
439541.7500000000,-98.9252853394
440554.9062500000,-99.0166778564
441570.4375000000,-99.0972061157
442588.2812500000,-99.1494216919
443608.4687500000,-99.2348098755
444631.0312500000,-99.3213424683
445656.4062500000,-99.3319549561
446683.6875000000,-99.3407287598
447713.3125000000,-99.3555679321
448745.3437500000,-99.3669433594
449779.7187500000,-99.3671875000
450816.5000000000,-99.3801116943
451856.1562500000,-99.3876876831
452897.7187500000,-99.3935623169
453941.6875000000,-99.3944778442
454988.0625000000,-99.4009857178
456036.8437500000,-99.4119415283
457088.0312500000,-99.4267807007
458141.6562500000,-99.4310913086
459198.1875000000,-99.4374313354
460256.6875000000,-99.4742965698
461317.6250000000,-99.5508956909
462380.9687500000,-99.6250381470
463446.8125000000,-99.6840286255
464515.0937500000,-99.7325363159
465586.3437500000,-99.7616424561
466659.5312500000,-99.8026885986
467735.2187500000,-99.8212051392
468813.3750000000,-99.8262939453
469894.0312500000,-99.8360671997
470977.1875000000,-99.8365554810
472062.8125000000,-99.8427200317
473151.4687500000,-99.8488693237
474242.1250000000,-99.8966979980
475335.2812500000,-99.9860916138
476430.9687500000,-100.0614166260
477529.1562500000,-100.0766754150
478629.9062500000,-100.0773086548
479733.7187500000,-100.0800476074
480839.5312500000,-100.1074066162
481947.9062500000,-100.1241683960
483058.8125000000,-100.1376037598
484172.3125000000,-100.1399078369
485288.3437500000,-100.1768188477
486406.9687500000,-100.2150192261
487528.7187500000,-100.2386398315
488652.5000000000,-100.2573699951
489778.8750000000,-100.2888488770
490907.8437500000,-100.3541259766
492039.4375000000,-100.4473953247
493173.6250000000,-100.4843597412
494310.4375000000,-100.4910964966
495450.3750000000,-100.5289459229
496592.4375000000,-100.5380401611
497737.1250000000,-100.5438232422
498884.4375000000,-100.5911178589
500034.4062500000,-100.5913543701
501187.0000000000,-100.6037445068
502342.8437500000,-100.6427154541
503500.7812500000,-100.6739959717
504661.3750000000,-100.6895523071
505824.6562500000,-100.7058715820
506990.6250000000,-100.7317276001
508159.2812500000,-100.7530288696
509330.6250000000,-100.7600326538
510505.2187500000,-100.7624435425
511681.9687500000,-100.7638092041
512861.4375000000,-100.7854385376
514043.6250000000,-100.7860488892
515228.5312500000,-100.7882537842
516416.1562500000,-100.7989120483
517607.0937500000,-100.8035430908
518800.2187500000,-100.8052673340
519996.0937500000,-100.8327026367
521194.7187500000,-100.8896331787
522396.1250000000,-100.9520339966
523600.2812500000,-101.0371704102
524807.1875000000,-101.1014328003
526017.5000000000,-101.1656417847
527230.0000000000,-101.2289276123
528445.3125000000,-101.2816467285
529663.4375000000,-101.2846374512
530884.3125000000,-101.2891006470
532108.0625000000,-101.3075866699
533335.1875000000,-101.3138198853
534564.5625000000,-101.3307418823
535796.7500000000,-101.3347473145
537031.8125000000,-101.3443298340
538269.6875000000,-101.3795700073
539510.4375000000,-101.4096145630
540754.0625000000,-101.4439239502
542001.1250000000,-101.5058898926
543250.5000000000,-101.5518341064
544502.7500000000,-101.5756225586
545757.8750000000,-101.5877227783
547015.8750000000,-101.6097717285
548276.7500000000,-101.6636428833
549540.5625000000,-101.7519226074
550807.9375000000,-101.7853698730
552077.5625000000,-101.7966079712
553350.1250000000,-101.7979354858
554625.6875000000,-101.8002243042
555904.1250000000,-101.8127593994
557185.5000000000,-101.8614959717
558470.5000000000,-101.9179306030
559757.8125000000,-101.9235687256
561048.0625000000,-101.9334564209
562341.3125000000,-101.9427795410
563637.5625000000,-101.9716644287
564936.8125000000,-101.9737930298
566239.0000000000,-102.0233459473
567544.8750000000,-102.0285491943
568853.0625000000,-102.0508804321
570164.3125000000,-102.0944671631
571478.6250000000,-102.0979080200
572795.8750000000,-102.0986862183
574116.2500000000,-102.1946258545
575440.2500000000,-102.2607574463
576766.6875000000,-102.2808685303
578096.1875000000,-102.2864532471
579428.6875000000,-102.2972488403
580764.3125000000,-102.3216781616
582103.0625000000,-102.3483047485
583444.8125000000,-102.3828964233
584790.3750000000,-102.4401016235
586138.3125000000,-102.4434127808
587489.4375000000,-102.4514694214
588843.6250000000,-102.4592437744
590200.9375000000,-102.4820632935
591561.4375000000,-102.4839401245
592925.0000000000,-102.4863281250
594292.3750000000,-102.4883499146
595662.2500000000,-102.4912643433
597035.3125000000,-102.5022201538
598411.5000000000,-102.5110092163
599790.9375000000,-102.5398712158
601173.4375000000,-102.5450592041
602559.8750000000,-102.5560913086
603948.8125000000,-102.5896835327
605340.9375000000,-102.6560516357
606736.3125000000,-102.6585845947
608134.8750000000,-102.6764678955
609536.6875000000,-102.6989669800
610941.6875000000,-102.7190093994
612350.6250000000,-102.7285690308
613762.1250000000,-102.7728500366
615176.9375000000,-102.8154449463
616594.9375000000,-102.8329238892
618016.2500000000,-102.8491134644
619440.8125000000,-102.8981781006
620869.3750000000,-102.8995590210
622300.5000000000,-102.9133758545
623734.9375000000,-102.9349822998
625172.6875000000,-103.0516738892
626613.7500000000,-103.0945053101
628058.1250000000,-103.1011199951
629505.8750000000,-103.1169204712
630957.6250000000,-103.1175537109
632412.0000000000,-103.1621856689
633869.7500000000,-103.2215881348
635330.8750000000,-103.2469863892
636795.3750000000,-103.2649993896
638263.2500000000,-103.3099746704
639735.1875000000,-103.3252792358
641209.8125000000,-103.3673553467
642687.8750000000,-103.4195709229
644169.3125000000,-103.4658432007
645654.1250000000,-103.4823150635
647142.4375000000,-103.4877548218
648634.1250000000,-103.4911346436
650130.0000000000,-103.4980163574
651628.5625000000,-103.5093841553
653130.6250000000,-103.5203933716
654636.1250000000,-103.5331649780
656145.1250000000,-103.5797729492
657657.6250000000,-103.6212463379
659173.5625000000,-103.6401367188
660693.6875000000,-103.6454467773
662216.6250000000,-103.6778717041
663743.1250000000,-103.7833251953
665273.0625000000,-103.9469528198
666806.5625000000,-103.9672393799
668343.6250000000,-103.9687423706
669884.9375000000,-104.0186309814
671429.0625000000,-104.0428695679
672976.7500000000,-104.0790710449
674528.0000000000,-104.0989151001
676082.8750000000,-104.0995483398
677641.2500000000,-104.1227188110
679203.3125000000,-104.1284637451
680769.6250000000,-104.1523056030
682338.8750000000,-104.1535568237
683911.6875000000,-104.1639251709
685488.1875000000,-104.1725006104
687068.2500000000,-104.1849136353
688652.0000000000,-104.2015380859
690240.1875000000,-104.2183151245
691831.1875000000,-104.2344207764
693425.9375000000,-104.2490158081
695024.3125000000,-104.2609939575
696626.4375000000,-104.2653656006
698232.1875000000,-104.2666397095
699841.6875000000,-104.2798233032
701455.6250000000,-104.3795928955
703072.5000000000,-104.4292755127
704693.1250000000,-104.4517135620
706317.5000000000,-104.4617462158
707945.6250000000,-104.4712982178
709577.5000000000,-104.5024948120
711213.8750000000,-104.5249404907
712853.3125000000,-104.5343627930
714496.5000000000,-104.5447006226
716143.4375000000,-104.5541839600
717794.1875000000,-104.5716705322
719448.7500000000,-104.5755462646
721107.1250000000,-104.5762557983
722770.1250000000,-104.6728286743
724436.1875000000,-104.7614669800
726106.0625000000,-104.8419036865
727779.8125000000,-104.9025115967
729457.3750000000,-104.9235458374
731138.8125000000,-104.9268722534
732824.1250000000,-104.9295043945
734514.1875000000,-104.9578018188
736207.2500000000,-105.0241088867
737904.3125000000,-105.1045532227
739605.1875000000,-105.1218338013
741310.0625000000,-105.1439666748
743018.8125000000,-105.1643371582
744732.3750000000,-105.1810760498
746449.0000000000,-105.2074890137
748169.6250000000,-105.2221450806
749894.1875000000,-105.2360153198
751622.7500000000,-105.2365570068
753355.3125000000,-105.2490386963
755091.8750000000,-105.2496032715
756833.2500000000,-105.2663269043
758577.7500000000,-105.2683792114
760326.3750000000,-105.2907791138
762078.9375000000,-105.3148117065
763835.6250000000,-105.3215866089
765596.3125000000,-105.3289184570
767361.8750000000,-105.3807220459
769130.6875000000,-105.4258193970
770903.6250000000,-105.4471359253
772680.6250000000,-105.4655380249
774461.6875000000,-105.4834899902
776246.8750000000,-105.5136032104
778036.1875000000,-105.5444717407
779830.4375000000,-105.5644989014
781628.0000000000,-105.5924148560
783429.7500000000,-105.6561813354
785235.6250000000,-105.6733932495
787045.6250000000,-105.6772994995
788859.8125000000,-105.7005996704
790678.1875000000,-105.7404251099
792501.6250000000,-105.7521514893
794328.4375000000,-105.8243026733
796159.3750000000,-105.8284149170
797994.6250000000,-105.8822097778
799834.0000000000,-105.8828582764
801677.6875000000,-105.8835067749
803526.5000000000,-105.9016418457
805378.6875000000,-105.9051055908
807235.1250000000,-105.9598312378
809095.8750000000,-106.0413970947
810960.9375000000,-106.1034851074
812830.2500000000,-106.1046905518
814703.8750000000,-106.1088104248
816582.6875000000,-106.1196594238
818465.0000000000,-106.1197814941
820351.6250000000,-106.1207733154
822242.5625000000,-106.1265029907
824137.8750000000,-106.1427841187
826037.6250000000,-106.1615982056
827942.5625000000,-106.1662902832
829851.0625000000,-106.1763992310
831763.9375000000,-106.1771545410
833681.1875000000,-106.2671051025
835602.8750000000,-106.3475341797
837529.0000000000,-106.4011306763
839459.5625000000,-106.4211578369
841395.5000000000,-106.4653778076
843335.0000000000,-106.4912490845
845278.9375000000,-106.4967575073
847227.3750000000,-106.5317611694
849180.2500000000,-106.5391464233
851137.6875000000,-106.5824737549
853100.5625000000,-106.6384429932
855067.0000000000,-106.6461791992
857038.0000000000,-106.6729354858
859013.5625000000,-106.7190399170
860993.6250000000,-106.7246398926
862978.3125000000,-106.7315444946
864967.5000000000,-106.7426986694
866962.2500000000,-106.7595901489
868960.6875000000,-106.7674713135
870963.6875000000,-106.7878112793
872971.3125000000,-106.7904891968
874983.6250000000,-106.8345565796
877000.5000000000,-106.8399276733
879022.0625000000,-106.8445968628
881049.2500000000,-106.8557662964
883080.1250000000,-106.8562164307
885115.6875000000,-106.9507904053
887155.9375000000,-107.0513687134
889200.8750000000,-107.1097183228
891250.5625000000,-107.1948776245
893305.9375000000,-107.2055130005
895365.0625000000,-107.2349166870
897428.9375000000,-107.3110580444
899497.5625000000,-107.3203964233
901571.0000000000,-107.3269500732
903649.1875000000,-107.3938140869
905732.1250000000,-107.3973770142
907820.9375000000,-107.4096450806
909913.5000000000,-107.4120025635
912010.9375000000,-107.4300613403
914113.1875000000,-107.4378280640
916220.2500000000,-107.4400482178
918332.1875000000,-107.4413604736
920450.0625000000,-107.4528503418
922571.7500000000,-107.4675827026
924698.3750000000,-107.5816726685
926829.8125000000,-107.6245880127
928966.2500000000,-107.6320953369
931107.5625000000,-107.6490631104
933253.8750000000,-107.6669540405
935406.0625000000,-107.6795349121
937562.2500000000,-107.6834182739
939723.4375000000,-107.6988143921
941889.5625000000,-107.7020034790
944060.6875000000,-107.7184906006
946236.8125000000,-107.7312164307
948419.0000000000,-107.7451858521
950605.1250000000,-107.7534103394
952796.3750000000,-107.7864227295
954992.6250000000,-107.7964248657
957193.9375000000,-107.8156585693
959400.3750000000,-107.8165054321
961611.8125000000,-107.8795394897
963829.5000000000,-107.9077835083
966051.1875000000,-107.9349594116
968278.0000000000,-107.9430923462
970509.9375000000,-108.0030517578
972747.0625000000,-108.0377502441
974989.3125000000,-108.0408325195
977236.6875000000,-108.1246414185
979490.3750000000,-108.3050613403
981748.1875000000,-108.3678741455
984011.1875000000,-108.3826141357
986279.3750000000,-108.3971481323
988552.8125000000,-108.4126892090
990831.5000000000,-108.4130630493
993116.5625000000,-108.4460983276
995405.7500000000,-108.4613342285
997700.2500000000,-108.5050354004
1000000.0000000000,-108.5192184448
1002305.0625000000,-108.5418090820
1004615.4375000000,-108.5632400513
1006931.1875000000,-108.5699996948
1009253.3125000000,-108.5720214844
1011579.7500000000,-108.5753631592
1013911.5000000000,-108.5799407959
1016248.6250000000,-108.5826721191
1018591.1250000000,-108.5858535767
1020939.0625000000,-108.5926208496
1023293.5625000000,-108.6001739502
1025652.3125000000,-108.6068878174
1028016.5000000000,-108.6100311279
1030386.1250000000,-108.6143112183
1032761.2500000000,-108.6225585938
1035141.8750000000,-108.6238708496
1037527.9375000000,-108.6281585693
1039920.6250000000,-108.6285705566
1042317.7500000000,-108.6472091675
1044720.3750000000,-108.6980514526
1047128.5000000000,-108.7558822632
1049542.2500000000,-108.8154449463
1051961.5000000000,-108.8694458008
1054386.3750000000,-108.9162292480
1056817.8750000000,-108.9554748535
1059254.0000000000,-108.9876785278
1061695.6250000000,-109.0141830444
1064142.8750000000,-109.0390930176
1066595.8750000000,-109.0652160645
1069054.3750000000,-109.0855712891
1071519.8750000000,-109.0925140381
1073989.7500000000,-109.0938873291
1076465.3750000000,-109.1039199829
1078946.7500000000,-109.1169738770
1081433.7500000000,-109.1257476807
1083926.5000000000,-109.1516189575
1086425.0000000000,-109.1519699097
1088930.5000000000,-109.1602554321
1091440.6250000000,-109.1885757446
1093956.5000000000,-109.1928863525
1096478.1250000000,-109.2186965942
1099005.5000000000,-109.2200851440
1101538.8750000000,-109.2203826904
1104079.1250000000,-109.2336883545
1106624.1250000000,-109.2347564697
1109175.0000000000,-109.3020782471
1111731.7500000000,-109.3890075684
1114294.3750000000,-109.4732513428
1116862.8750000000,-109.5478668213
1119437.3750000000,-109.6077880859
1122019.0000000000,-109.6562423706
1124605.2500000000,-109.6947479248
1127197.6250000000,-109.7247543335
1129795.8750000000,-109.7474517822
1132400.1250000000,-109.7540588379
1135010.3750000000,-109.7587203979
1137627.8750000000,-109.7598495483
1140250.2500000000,-109.7638015747
1142878.6250000000,-109.7689132690
1145513.0000000000,-109.7742767334
1148153.5000000000,-109.7766876221
1150800.0000000000,-109.7797775269
1153452.7500000000,-109.7806091309
1156112.7500000000,-109.7826232910
1158777.7500000000,-109.8265991211
1161448.7500000000,-109.8884506226
1164126.0000000000,-109.9621353149
1166809.3750000000,-110.0392608643
1169499.0000000000,-110.1113586426
1172194.7500000000,-110.1725616455
1174898.0000000000,-110.2217407227
1177606.2500000000,-110.2633056641
1180320.7500000000,-110.3047866821
1183041.3750000000,-110.3485870361
1185768.3750000000,-110.3926162720
1188501.7500000000,-110.4313201904
1191242.6250000000,-110.4340667725
1193988.5000000000,-110.4349899292
1196740.7500000000,-110.4471435547
1199499.2500000000,-110.4483337402
1202264.2500000000,-110.4581375122
1205035.5000000000,-110.4632568359
1207813.2500000000,-110.4686355591
1210598.6250000000,-110.4688262939
1213389.1250000000,-110.4903182983
1216186.1250000000,-110.5050964355
1218989.5000000000,-110.5131225586
1221799.3750000000,-110.5212478638
1224615.7500000000,-110.5395126343
1227439.8750000000,-110.5752716064
1230269.2500000000,-110.6285171509
1233105.0000000000,-110.6913909912
1235947.5000000000,-110.7516937256
1238796.3750000000,-110.7978134155
1241651.8750000000,-110.8275299072
1244514.0000000000,-110.8442535400
1247384.1250000000,-110.8536453247
1250259.3750000000,-110.8601608276
1253141.3750000000,-110.8656692505
1256029.8750000000,-110.8682174683
1258925.1250000000,-110.8684082031
1261827.0000000000,-110.8699645996
1264737.0000000000,-110.8703536987
1267652.3750000000,-110.8721771240
1270574.3750000000,-110.8722305298
1273503.1250000000,-110.8749465942
1276438.6250000000,-110.8928070068
1279380.8750000000,-110.9262084961
1282330.0000000000,-110.9765014648
1285287.2500000000,-111.0407943726
1288250.0000000000,-111.1120376587
1291219.5000000000,-111.1810073853
1294195.7500000000,-111.2386627197
1297179.0000000000,-111.2787017822
1300169.1250000000,-111.2995071411
1303166.1250000000,-111.3022918701
1306171.3750000000,-111.3025360107
1309182.2500000000,-111.3047943115
1312200.0000000000,-111.3119277954
1315224.7500000000,-111.3353271484
1318256.3750000000,-111.3720703125
1321295.1250000000,-111.4179916382
1324342.2500000000,-111.4662551880
1327394.8750000000,-111.5108718872
1330454.6250000000,-111.5425109863
1333521.3750000000,-111.5628051758
1336595.2500000000,-111.5770568848
1339676.2500000000,-111.5936126709
1342764.2500000000,-111.6198120117
1345860.8750000000,-111.6587677002
1348963.2500000000,-111.7084579468
1352072.7500000000,-111.7627944946
1355189.3750000000,-111.8136444092
1358313.1250000000,-111.8533020020
1361444.1250000000,-111.8770904541
1364583.8750000000,-111.8855590820
1367729.3750000000,-111.8856506348
1370882.0000000000,-111.8879241943
1374042.0000000000,-111.9052429199
1377209.2500000000,-111.9476242065
1380383.8750000000,-111.9713897705
1383565.7500000000,-111.9781417847
1386756.5000000000,-111.9946212769
1389953.0000000000,-112.0107345581
1393157.0000000000,-112.0184936523
1396368.2500000000,-112.0457611084
1399587.0000000000,-112.0619201660
1402813.1250000000,-112.1108322144
1406046.7500000000,-112.1161651611
1409289.3750000000,-112.1247558594
1412537.8750000000,-112.1929321289
1415793.8750000000,-112.1932220459
1419057.3750000000,-112.2063751221
1422328.3750000000,-112.2554092407
1425607.0000000000,-112.2574462891
1428894.6250000000,-112.2639007568
1432188.3750000000,-112.2677841187
1435489.6250000000,-112.2709579468
1438798.5000000000,-112.2809143066
1442115.1250000000,-112.3020248413
1445439.2500000000,-112.3094100952
1448771.1250000000,-112.3143692017
1452112.2500000000,-112.3175964355
1455459.5000000000,-112.3335037231
1458814.3750000000,-112.3496398926
1462177.0000000000,-112.3938598633
1465547.5000000000,-112.4979095459
1468925.6250000000,-112.6128540039
1472313.2500000000,-112.7318191528
1475707.0000000000,-112.7322540283
1479108.6250000000,-112.7546463013
1482518.1250000000,-112.7580261230
1485935.3750000000,-112.7629089355
1489360.6250000000,-112.7632598877
1492793.6250000000,-112.7647399902
1496236.3750000000,-112.7831420898
1499685.2500000000,-112.7893142700
1503142.1250000000,-112.8005676270
1506607.0000000000,-112.8023757935
1510079.7500000000,-112.8093109131
1513560.6250000000,-112.8239212036
1517051.1250000000,-112.8435287476
1520548.1250000000,-112.8581771851
1524053.0000000000,-112.8646621704
1527566.1250000000,-112.8678741455
1531087.2500000000,-112.9522171021
1534616.5000000000,-113.0090332031
1538153.8750000000,-113.0649719238
1541701.1250000000,-113.1216354370
1545254.8750000000,-113.1771621704
1548816.8750000000,-113.1822204590
1552387.0000000000,-113.1973114014
1555965.3750000000,-113.2014389038
1559551.8750000000,-113.2255020142
1563146.7500000000,-113.2410812378
1566751.7500000000,-113.2531356812
1570363.1250000000,-113.2560729980
1573983.0000000000,-113.2663726807
1577611.1250000000,-113.3035812378
1581247.6250000000,-113.3502273560
1584892.5000000000,-113.3914718628
1588547.5000000000,-113.4405441284
1592209.2500000000,-113.4864959717
1595879.3750000000,-113.5277709961
1599558.0000000000,-113.5851745605
1603245.1250000000,-113.6573410034
1606940.7500000000,-113.7375488281
1610644.8750000000,-113.7492370605
1614359.2500000000,-113.7500457764
1618080.5000000000,-113.7681579590
1621810.2500000000,-113.7789840698
1625548.6250000000,-113.8100662231
1629295.6250000000,-113.8323364258
1633051.2500000000,-113.8492279053
1636817.3750000000,-113.8693008423
1640590.3750000000,-113.8710174561
1644372.0000000000,-113.8721771240
1648162.3750000000,-113.8836059570
1651961.5000000000,-113.8884048462
1655769.5000000000,-113.8967514038
1659586.1250000000,-113.9120330811
1663413.3750000000,-113.9290161133
1667247.6250000000,-113.9354934692
1671090.7500000000,-113.9607543945
1674942.7500000000,-113.9659042358
1678803.6250000000,-113.9692077637
1682673.3750000000,-113.9834365845
1686554.0000000000,-114.0158462524
1690441.6250000000,-114.0406188965
1694338.1250000000,-114.0568313599
1698243.7500000000,-114.0663681030
1702158.2500000000,-114.0769119263
1706081.8750000000,-114.1036682129
1710014.5000000000,-114.1583328247
1713958.1250000000,-114.2939376831
1717908.8750000000,-114.4528808594
1721868.8750000000,-114.5434875488
1725837.8750000000,-114.5540924072
1729816.0000000000,-114.5567016602
1733803.3750000000,-114.5772705078
1737799.8750000000,-114.5827178955
1741807.6250000000,-114.6131210327
1745822.6250000000,-114.6140594482
1749846.7500000000,-114.6186447144
1753880.3750000000,-114.6280746460
1757923.1250000000,-114.6324386597
1761975.2500000000,-114.6512680054
1766038.7500000000,-114.6620635986
1770109.5000000000,-114.6776580811
1774189.7500000000,-114.6852722168
1778279.3750000000,-114.6890945435
1782378.5000000000,-114.7229766846
1786487.0000000000,-114.7257080078
1790605.0000000000,-114.7345962524
1794734.3750000000,-114.7492828369
1798871.3750000000,-114.7537536621
1803017.8750000000,-114.7547836304
1807174.0000000000,-114.7584686279
1811339.6250000000,-114.7892837524
1815514.8750000000,-114.7938690186
1819701.8750000000,-114.8231048584
1823896.3750000000,-114.8395233154
1828100.6250000000,-114.8490753174
1832314.5000000000,-114.9177780151
1836538.1250000000,-115.0315856934
1840771.3750000000,-115.0756607056
1845014.5000000000,-115.1126098633
1849269.5000000000,-115.1593246460
1853532.1250000000,-115.1602172852
1857804.6250000000,-115.1648330688
1862087.0000000000,-115.1994171143
1866379.2500000000,-115.2045440674
1870681.3750000000,-115.2343978882
1874993.5000000000,-115.2606124878
1879317.5000000000,-115.2937393188
1883649.5000000000,-115.3003921509
1887991.5000000000,-115.3021392822
1892343.3750000000,-115.3092422485
1896705.3750000000,-115.3191909790
1901077.3750000000,-115.3543167114
1905461.6250000000,-115.3708953857
1909853.8750000000,-115.4092330933
1914256.2500000000,-115.4205780029
1918668.7500000000,-115.4244155884
1923091.3750000000,-115.4855041504
1927524.2500000000,-115.4856185913
1931967.3750000000,-115.4896087646
1936422.7500000000,-115.5044174194
1940886.3750000000,-115.5094375610
1945360.2500000000,-115.5162582397
1949844.3750000000,-115.5208358765
1954339.0000000000,-115.5270233154
1958843.8750000000,-115.5312652588
1963361.2500000000,-115.5391235352
1967887.0000000000,-115.5456085205
1972423.1250000000,-115.5685501099
1976969.6250000000,-115.5870437622
1981526.7500000000,-115.5997238159
1986094.2500000000,-115.6090240479
1990672.3750000000,-115.6240997314
1995263.2500000000,-115.6584625244
1999862.3750000000,-115.7320175171
2004472.2500000000,-115.8312454224
2009092.7500000000,-115.9253005981
2013723.7500000000,-115.9925994873
2018365.6250000000,-116.0421905518
2023020.2500000000,-116.1047973633
2027683.5000000000,-116.1193389893
2032357.3750000000,-116.1614379883
2037042.1250000000,-116.1625823975
2041737.6250000000,-116.1867446899
2046444.0000000000,-116.2293472290
2051161.2500000000,-116.2494201660
2055891.5000000000,-116.2514114380
2060630.5000000000,-116.2604598999
2065380.3750000000,-116.2745513916
2070141.2500000000,-116.2806701660
2074913.1250000000,-116.2814636230
2079695.8750000000,-116.2918472290
2084489.7500000000,-116.3022460938
2089297.0000000000,-116.3331222534
2094112.8750000000,-116.4124450684
2098940.0000000000,-116.4306030273
2103778.2500000000,-116.4408111572
2108627.5000000000,-116.5220565796
2113488.0000000000,-116.5272674561
2118362.2500000000,-116.5427398682
2123245.2500000000,-116.5777130127
2128139.5000000000,-116.5820083618
2133045.0000000000,-116.5909652710
2137961.7500000000,-116.5939712524
2142889.7500000000,-116.5992507935
2147829.5000000000,-116.6343307495
2152782.7500000000,-116.6355743408
2157745.0000000000,-116.6411590576
2162718.7500000000,-116.6587524414
2167704.0000000000,-116.6614761353
2172700.7500000000,-116.6671447754
2177708.7500000000,-116.6975250244
2182731.0000000000,-116.7003555298
2187762.5000000000,-116.7243499756
2192805.2500000000,-116.7994155884
2197860.0000000000,-116.8015899658
2202926.2500000000,-116.8232192993
2208004.0000000000,-116.8255767822
2213093.7500000000,-116.8382720947
2218197.5000000000,-116.8834381104
2223310.5000000000,-116.8995437622
2228435.5000000000,-116.9213714600
2233572.0000000000,-116.9272613525
2238720.7500000000,-116.9628219604
2243881.0000000000,-116.9919738770
2249055.7500000000,-116.9955215454
2254240.0000000000,-116.9993515015
2259436.2500000000,-117.0400466919
2264644.5000000000,-117.0663681030
2269864.5000000000,-117.0709686279
2275096.7500000000,-117.1191711426
2280341.0000000000,-117.1723556519
2285600.0000000000,-117.1828689575
2290868.2500000000,-117.2458648682
2296149.0000000000,-117.2592849731
2301441.7500000000,-117.3022232056
2306746.7500000000,-117.3057250977
2312064.0000000000,-117.3744659424
2317393.5000000000,-117.3776016235
2322737.7500000000,-117.4401550293
2328091.7500000000,-117.5001831055
2333458.2500000000,-117.5751724243
2338837.0000000000,-117.6503677368
2344228.2500000000,-117.6646575928
2349631.7500000000,-117.6790695190
2355050.5000000000,-117.6798171997
2360479.0000000000,-117.6810684204
2365920.0000000000,-117.6885910034
2371373.7500000000,-117.7060852051
2376840.0000000000,-117.7069778442
2382318.7500000000,-117.7174987793
2387810.0000000000,-117.7201232910
2393316.7500000000,-117.7280731201
2398833.5000000000,-117.7626266479
2404363.0000000000,-117.7651824951
2409905.2500000000,-117.7773132324
2415460.2500000000,-117.9476470947
2421028.0000000000,-118.0337142944
2426611.2500000000,-118.0414962769
2432205.0000000000,-118.0514907837
2437811.2500000000,-118.0561904907
2443430.5000000000,-118.0673065186
2449063.0000000000,-118.0821914673
2454708.2500000000,-118.0876388550
2460366.5000000000,-118.0901489258
2466040.5000000000,-118.0977172852
2471724.7500000000,-118.1230850220
2477422.2500000000,-118.1236877441
2483133.0000000000,-118.1428756714
2488856.7500000000,-118.1451187134
2494593.7500000000,-118.1494827271
2500344.0000000000,-118.1540679932
2506110.2500000000,-118.1550521851
2511887.0000000000,-118.1561126709
2517677.0000000000,-118.1851348877
2523480.5000000000,-118.1865234375
2529297.2500000000,-118.1883392334
2535127.5000000000,-118.1956558228
2540974.0000000000,-118.2165298462
2546831.0000000000,-118.2895126343
2552701.7500000000,-118.4302673340
2558585.7500000000,-118.4823455811
2564483.5000000000,-118.4826507568
2570395.0000000000,-118.5052108765
2576319.7500000000,-118.5453262329
2582261.2500000000,-118.5631027222
2588213.5000000000,-118.5637435913
2594179.5000000000,-118.5657806396
2600159.2500000000,-118.5876693726
2606153.0000000000,-118.6129608154
2612160.2500000000,-118.6420135498
2618184.2500000000,-118.6469421387
2624219.5000000000,-118.6561431885
2630268.5000000000,-118.6646118164
2636331.5000000000,-118.8137435913
2642408.2500000000,-118.8705062866
2648499.2500000000,-118.8835296631
2654604.2500000000,-118.8928909302
2660726.2500000000,-118.9053421021
2666859.5000000000,-118.9222717285
2673006.7500000000,-118.9598083496
2679168.2500000000,-118.9790344238
2685343.7500000000,-119.0293960571
2691533.7500000000,-119.0472259521
2697741.0000000000,-119.0715332031
2703959.2500000000,-119.0833663940
2710192.2500000000,-119.0953979492
2716439.2500000000,-119.1052093506
2722701.0000000000,-119.1097183228
2728977.0000000000,-119.1265563965
2735267.5000000000,-119.1756210327
2741575.5000000000,-119.1974411011
2747895.0000000000,-119.2373046875
2754229.0000000000,-119.2373733521
2760577.7500000000,-119.2487030029
2766941.0000000000,-119.2893676758
2773319.0000000000,-119.2971954346
2779711.7500000000,-119.2983093262
2786122.2500000000,-119.3055343628
2792544.5000000000,-119.3474121094
2798981.5000000000,-119.3480834961
2805433.2500000000,-119.4474945068
2811900.0000000000,-119.4856185913
2818381.7500000000,-119.4995269775
2824881.2500000000,-119.5562667847
2831393.0000000000,-119.5739364624
2837919.5000000000,-119.5849227905
2844461.0000000000,-119.6046905518
2851017.7500000000,-119.6517410278
2857589.5000000000,-119.6826629639
2864176.5000000000,-119.6881256104
2870781.7500000000,-119.7573013306
2877399.2500000000,-119.7821197510
2884031.7500000000,-119.7825851440
2890679.7500000000,-119.8307723999
2897343.0000000000,-119.8318786621
2904021.5000000000,-119.8398056030
2910718.7500000000,-119.8762817383
2917428.0000000000,-119.8811492920
2924153.0000000000,-119.8965454102
2930893.2500000000,-119.8997802734
2937649.2500000000,-119.9037780762
2944420.7500000000,-119.9109954834
2951207.7500000000,-119.9454650879
2958013.7500000000,-119.9643020630
2964832.2500000000,-120.0357055664
2971666.2500000000,-120.0474548340
2978516.2500000000,-120.0980987549
2985382.0000000000,-120.1179046631
2992263.5000000000,-120.1375503540
2999164.2500000000,-120.1456375122
3006077.5000000000,-120.1521530151
3013006.7500000000,-120.1610183716
3019951.7500000000,-120.1861877441
3026913.0000000000,-120.1884384155
3033890.2500000000,-120.2136611938
3040883.7500000000,-120.2408447266
3047896.5000000000,-120.2661514282
3054922.0000000000,-120.2893142700
3061963.7500000000,-120.3098831177
3069022.0000000000,-120.3285827637
3076096.2500000000,-120.3465270996
3083186.7500000000,-120.3675308228
3090293.7500000000,-120.3908157349
3097420.5000000000,-120.4202270508
3104560.2500000000,-120.4544677734
3111716.5000000000,-120.4925842285
3118889.2500000000,-120.5337753296
3126078.5000000000,-120.5749740601
3133284.5000000000,-120.6131668091
3140510.2500000000,-120.6472320557
3147749.2500000000,-120.6763381958
3155005.2500000000,-120.6972656250
3162277.7500000000,-120.7151641846
3169567.0000000000,-120.7271881104
3176873.0000000000,-120.7401504517
3184196.0000000000,-120.7544250488
3191539.2500000000,-120.7762298584
3198896.0000000000,-120.8014984131
3206269.7500000000,-120.8366775513
3213660.2500000000,-120.8732986450
3221068.0000000000,-120.9118118286
3228492.7500000000,-120.9442291260
3235938.2500000000,-120.9729919434
3243397.2500000000,-120.9898910522
3250873.5000000000,-121.0018768311
3258367.0000000000,-121.0091171265
3265877.7500000000,-121.0169067383
3273406.0000000000,-121.0265426636
3280951.2500000000,-121.0413742065
3288517.7500000000,-121.0590057373
3296098.0000000000,-121.0781555176
3303695.7500000000,-121.0948867798
3311311.0000000000,-121.1093673706
3318944.0000000000,-121.1207580566
3326594.2500000000,-121.1316986084
3334262.2500000000,-121.1443939209
3341951.7500000000,-121.1634445190
3349655.2500000000,-121.1912918091
3357376.2500000000,-121.2247390747
3365115.2500000000,-121.2686691284
3372872.2500000000,-121.3130264282
3380646.7500000000,-121.3578491211
3388443.2500000000,-121.3928298950
3396253.7500000000,-121.4209442139
3404082.5000000000,-121.4325332642
3411929.0000000000,-121.4347381592
3419793.7500000000,-121.4374771118
3427676.7500000000,-121.4379272461
3435577.7500000000,-121.4386291504
3443500.7500000000,-121.4432067871
3451438.2500000000,-121.4436569214
3459394.0000000000,-121.4495925903
3467368.2500000000,-121.4672470093
3475360.7500000000,-121.4958801270
3483371.7500000000,-121.5287780762
3491405.0000000000,-121.5652770996
3499452.7500000000,-121.6031265259
3507519.2500000000,-121.6389083862
3515604.5000000000,-121.6726760864
3523708.2500000000,-121.6997528076
3531830.5000000000,-121.7234649658
3539971.7500000000,-121.7437210083
3548135.5000000000,-121.7598342896
3556314.2500000000,-121.7768096924
3564511.7500000000,-121.7947387695
3572728.2500000000,-121.8205337524
3580963.5000000000,-121.8503646851
3589218.0000000000,-121.8839187622
3597495.2500000000,-121.9175720215
3605787.7500000000,-121.9472427368
3614099.2500000000,-121.9733428955
3622430.0000000000,-121.9944458008
3630780.0000000000,-122.0167770386
3639149.2500000000,-122.0409851074
3647537.7500000000,-122.0708007813
3655949.5000000000,-122.1050033569
3664376.7500000000,-122.1419982910
3672823.5000000000,-122.1819534302
3681289.5000000000,-122.2254486084
3689775.2500000000,-122.2713928223
3698280.5000000000,-122.3200683594
3706805.2500000000,-122.3681411743
3715353.7500000000,-122.4104232788
3723918.0000000000,-122.4299926758
3732501.7500000000,-122.4309844971
3741105.5000000000,-122.4378585815
3749729.0000000000,-122.4418106079
3758372.5000000000,-122.4454803467
3767039.7500000000,-122.4491424561
3775723.2500000000,-122.4609451294
3784426.5000000000,-122.4615325928
3793149.7500000000,-122.4624099731
3801893.2500000000,-122.4664230347
3810657.0000000000,-122.4861145020
3819440.7500000000,-122.5168685913
3828249.0000000000,-122.5502319336
3837073.5000000000,-122.5835800171
3845918.2500000000,-122.6159515381
3854783.2500000000,-122.6433563232
3863668.7500000000,-122.6661300659
3872574.7500000000,-122.6864471436
3881505.7500000000,-122.7057647705
3890452.7500000000,-122.7295303345
3899420.5000000000,-122.7554779053
3908409.0000000000,-122.7819595337
3917418.2500000000,-122.8058471680
3926448.0000000000,-122.8260803223
3935498.7500000000,-122.8487319946
3944574.7500000000,-122.8766555786
3953667.2500000000,-122.9164428711
3962780.7500000000,-122.9658050537
3971915.2500000000,-123.0150451660
3981070.7500000000,-123.0591888428
3990247.5000000000,-123.0767517090
3999449.7500000000,-123.0767745972
4008668.7500000000,-123.0841217041
4017909.0000000000,-123.0855865479
4027170.5000000000,-123.0876846313
4036453.5000000000,-123.0945968628
4045757.7500000000,-123.0966873169
4055083.5000000000,-123.0981216431
4064435.2500000000,-123.1178741455
4073804.0000000000,-123.1451568604
4083194.5000000000,-123.1797027588
4092606.5000000000,-123.2208786011
4102040.2500000000,-123.2674026489
4111495.7500000000,-123.3129348755
4120973.0000000000,-123.3510971069
4130476.7500000000,-123.3822326660
4139997.7500000000,-123.4073028564
4149540.7500000000,-123.4290084839
4159105.7500000000,-123.4498291016
4168692.7500000000,-123.4682388306
4178301.7500000000,-123.4827651978
4187937.7500000000,-123.4923095703
4197591.0000000000,-123.4969024658
4207267.0000000000,-123.5021514893
4216965.0000000000,-123.5115737915
4226685.5000000000,-123.5265731812
4236428.0000000000,-123.5473937988
4246193.5000000000,-123.5714340210
4255986.0000000000,-123.5946807861
4265796.5000000000,-123.6185379028
4275629.5000000000,-123.6454772949
4285485.0000000000,-123.6782379150
4295363.0000000000,-123.7180938721
4305264.5000000000,-123.7569580078
4315193.0000000000,-123.7891082764
4325140.0000000000,-123.8125152588
4335109.5000000000,-123.8275451660
4345102.5000000000,-123.8373413086
4355118.0000000000,-123.8470001221
4365157.0000000000,-123.8585281372
4375219.0000000000,-123.8725204468
4385309.0000000000,-123.8897628784
4395417.5000000000,-123.9113159180
4405549.0000000000,-123.9398956299
4415704.5000000000,-123.9745178223
4425883.0000000000,-124.0090103149
4436085.0000000000,-124.0333862305
4446310.5000000000,-124.0362625122
4456564.0000000000,-124.0382919312
4466837.0000000000,-124.0428085327
4477133.5000000000,-124.0493621826
4487453.5000000000,-124.0504684448
4497797.5000000000,-124.0671844482
4508165.0000000000,-124.1029891968
4518561.5000000000,-124.1447677612
4528977.0000000000,-124.1878738403
4539417.0000000000,-124.2314987183
4549880.5000000000,-124.2764434814
4560368.5000000000,-124.3212203979
4570880.5000000000,-124.3628387451
4581416.5000000000,-124.3985137939
4591982.0000000000,-124.4273986816
4602567.0000000000,-124.4519958496
4613176.0000000000,-124.4793777466
4623810.0000000000,-124.5156707764
4634468.0000000000,-124.5590591431
4645151.0000000000,-124.6022644043
4655863.5000000000,-124.6361694336
4666595.5000000000,-124.6545791626
4677352.0000000000,-124.6555175781
4688134.0000000000,-124.6581878662
4698940.5000000000,-124.6601867676
4709771.5000000000,-124.6802139282
4720628.0000000000,-124.7119140625
4731514.5000000000,-124.7467727661
4742421.0000000000,-124.7748413086
4753353.0000000000,-124.7757568359
4764309.5000000000,-124.7794494629
4775291.5000000000,-124.7882232666
4786299.0000000000,-124.7889709473
4797337.0000000000,-124.7911529541
4808395.5000000000,-124.8326950073
4819479.0000000000,-124.8846664429
4830588.0000000000,-124.9282379150
4841723.0000000000,-124.9531402588
4852883.5000000000,-124.9641113281
4864070.0000000000,-124.9762344360
4875287.0000000000,-125.0046463013
4886525.0000000000,-125.0557098389
4897789.0000000000,-125.1241149902
4909078.5000000000,-125.1958541870
4920394.5000000000,-125.2245254517
4931736.0000000000,-125.2346496582
4943104.0000000000,-125.2418746948
4954504.0000000000,-125.2553405762
4965924.5000000000,-125.2691726685
4977371.0000000000,-125.2750320435
4988844.5000000000,-125.2946395874
5000344.0000000000,-125.3062973022
5011870.0000000000,-125.3111801147
5023428.5000000000,-125.3182373047
5035007.5000000000,-125.3239898682
5046614.0000000000,-125.3299026489
5058246.5000000000,-125.3364105225
5069906.0000000000,-125.3367462158
5081592.5000000000,-125.3405456543
5093306.0000000000,-125.3473052979
5105052.0000000000,-125.3581314087
5116819.5000000000,-125.3988342285
5128614.5000000000,-125.4521560669
5140436.0000000000,-125.5048828125
5152285.0000000000,-125.5452651978
5164161.5000000000,-125.5680541992
5176071.0000000000,-125.5739669800
5188002.0000000000,-125.5750122070
5199961.0000000000,-125.5775375366
5211947.0000000000,-125.5955047607
5223961.0000000000,-125.6250915527
5236002.5000000000,-125.6514282227
5248072.0000000000,-125.6624984741
5260175.0000000000,-125.6627197266
5272300.0000000000,-125.6674346924
5284453.0000000000,-125.6860504150
5296634.0000000000,-125.7162704468
5308843.5000000000,-125.7571182251
5321080.5000000000,-125.8005218506
5333352.0000000000,-125.8442535400
5345645.5000000000,-125.8638153076
5357967.5000000000,-125.8659667969
5370318.0000000000,-125.8729400635
5382697.0000000000,-125.8756103516
5395104.5000000000,-125.9006500244
5407541.0000000000,-125.9584884644
5420011.5000000000,-126.0107269287
5432505.0000000000,-126.0358734131
5445027.5000000000,-126.0363159180
5457578.5000000000,-126.0374832153
5470158.5000000000,-126.0497207642
5482767.5000000000,-126.0808944702
5495406.0000000000,-126.1230316162
5508079.0000000000,-126.1682357788
5520775.5000000000,-126.2127075195
5533501.5000000000,-126.2554702759
5546256.5000000000,-126.2935028076
5559041.0000000000,-126.3052444458
5571855.0000000000,-126.3113937378
5584704.5000000000,-126.3174667358
5597578.0000000000,-126.3200073242
5610480.5000000000,-126.3285140991
5623413.5000000000,-126.3293685913
5636375.5000000000,-126.3480682373
5649368.0000000000,-126.3613128662
5662390.0000000000,-126.3666152954
5675448.5000000000,-126.3700637817
5688531.0000000000,-126.3788146973
5701643.5000000000,-126.3941497803
5714786.0000000000,-126.4104156494
5727959.0000000000,-126.4189682007
5741162.5000000000,-126.4204177856
5754402.5000000000,-126.4218673706
5767666.5000000000,-126.4256134033
5780961.5000000000,-126.4561920166
5794287.0000000000,-126.4845199585
5807643.5000000000,-126.5024795532
5821030.5000000000,-126.5062942505
5834448.5000000000,-126.5092697144
5847903.5000000000,-126.5284423828
5861383.5000000000,-126.5671005249
5874894.0000000000,-126.6155319214
5888436.5000000000,-126.6668014526
5902009.5000000000,-126.7549362183
5915614.0000000000,-126.8393249512
5929250.0000000000,-126.8528137207
5942924.0000000000,-126.8579101563
5956622.5000000000,-126.8609542847
5970353.0000000000,-126.8638076782
5984115.5000000000,-126.8750228882
5997909.0000000000,-126.8917922974
6011734.5000000000,-126.9078140259
6025599.0000000000,-126.9382705688
6039488.0000000000,-126.9862976074
6053409.5000000000,-127.0595245361
6067363.0000000000,-127.1546783447
6081349.0000000000,-127.2631072998
6095367.0000000000,-127.3231506348
6109417.0000000000,-127.3308944702
6123506.5000000000,-127.3319549561
6137621.5000000000,-127.3363723755
6151769.0000000000,-127.3366775513
6165949.5000000000,-127.3370056152
6180162.5000000000,-127.3446655273
6194408.0000000000,-127.3577041626
6208693.5000000000,-127.3668212891
6223005.0000000000,-127.3773803711
6237349.5000000000,-127.3920974731
6251727.0000000000,-127.4293441772
6266137.5000000000,-127.4461441040
6280581.5000000000,-127.4492416382
6295058.5000000000,-127.4750823975
6309576.0000000000,-127.4820175171
6324120.0000000000,-127.4843673706
6338698.0000000000,-127.4856185913
6353309.0000000000,-127.5119857788
6367954.0000000000,-127.5318222046
6382632.5000000000,-127.5449371338
6397352.0000000000,-127.5722122192
6412098.0000000000,-127.6127319336
6426878.5000000000,-127.6468124390
6441693.0000000000,-127.6938323975
6456541.5000000000,-127.7161407471
6471424.0000000000,-127.7437896729
6486341.5000000000,-127.7640838623
6501300.0000000000,-127.7724304199
6516286.0000000000,-127.7777481079
6531306.5000000000,-127.7946853638
6546361.5000000000,-127.8055725098
6561451.5000000000,-127.8368148804
6576576.0000000000,-127.8368835449
6591735.5000000000,-127.8733291626
6606937.0000000000,-127.8752670288
6622166.5000000000,-127.9096069336
6637431.0000000000,-127.9137649536
6652731.0000000000,-127.9369125366
6668066.0000000000,-127.9550857544
6683436.0000000000,-127.9687881470
6698849.5000000000,-127.9823303223
6714290.5000000000,-127.9830245972
6729767.5000000000,-127.9964981079
6745280.0000000000,-128.0040588379
6760828.5000000000,-128.0251922607
6776413.0000000000,-128.0561523438
6792033.0000000000,-128.0656585693
6807696.5000000000,-128.0697631836
6823388.5000000000,-128.1371765137
6839117.0000000000,-128.1811218262
6854881.5000000000,-128.1904907227
6870682.5000000000,-128.2047729492
6886520.0000000000,-128.2211608887
6902401.5000000000,-128.2245788574
6918312.0000000000,-128.2470703125
6934259.5000000000,-128.2484741211
6950243.5000000000,-128.2559204102
6966264.0000000000,-128.2597961426
6982322.0000000000,-128.2597961426
6998416.5000000000,-128.2603454590
7014556.0000000000,-128.2633819580
7030725.0000000000,-128.2682495117
7046931.5000000000,-128.2735137939
7063175.0000000000,-128.3253479004
7079456.5000000000,-128.4695281982
7095775.0000000000,-128.5569458008
7112139.0000000000,-128.6206359863
7128533.0000000000,-128.6328277588
7144965.0000000000,-128.6430664063
7161434.5000000000,-128.6436157227
7177942.0000000000,-128.6493377686
7194487.5000000000,-128.6961517334
7211071.5000000000,-128.7398529053
7227701.5000000000,-128.7883300781
7244362.0000000000,-128.8237152100
7261060.5000000000,-128.8480529785
7277798.0000000000,-128.9204254150
7294573.5000000000,-128.9239959717
7311388.0000000000,-128.9527893066
7328241.5000000000,-128.9804382324
7345141.5000000000,-128.9978485107
7362072.5000000000,-129.0065460205
7379043.0000000000,-129.0196685791
7396052.0000000000,-129.0239715576
7413100.5000000000,-129.0325469971
7430188.0000000000,-129.0328979492
7447323.5000000000,-129.0344543457
7464490.0000000000,-129.0371398926
7481696.5000000000,-129.0385589600
7498942.0000000000,-129.0793457031
7516227.5000000000,-129.0941925049
7533553.0000000000,-129.1043395996
7550918.5000000000,-129.1206970215
7568332.0000000000,-129.1520690918
7585777.5000000000,-129.1895904541
7603263.5000000000,-129.2530517578
7620789.5000000000,-129.2630920410
7638356.0000000000,-129.3006591797
7655963.0000000000,-129.3218536377
7673619.0000000000,-129.3223419189
7691307.0000000000,-129.3249969482
7709036.0000000000,-129.3557128906
7726806.0000000000,-129.3646850586
7744617.0000000000,-129.3976745605
7762469.0000000000,-129.4821014404
7780362.0000000000,-129.4994506836
7798304.5000000000,-129.5119476318
7816280.5000000000,-129.5207519531
7834297.5000000000,-129.5471496582
7852356.0000000000,-129.5644378662
7870456.0000000000,-129.5661315918
7888598.0000000000,-129.5819854736
7906782.0000000000,-129.5936126709
7925016.5000000000,-129.5982818604
7943284.0000000000,-129.6026916504
7961594.0000000000,-129.6117858887
7979946.0000000000,-129.6140136719
7998340.5000000000,-129.6509552002
8016777.0000000000,-129.6519317627
8035265.0000000000,-129.6635589600
8053787.0000000000,-129.6787567139
8072351.5000000000,-129.6818237305
8090959.0000000000,-129.7021942139
8109609.0000000000,-129.7075653076
8128302.5000000000,-129.7079925537
8147038.5000000000,-129.7196655273
8165827.0000000000,-129.7204284668
8184650.0000000000,-129.7428588867
8203516.0000000000,-129.7484130859
8222426.0000000000,-129.7682037354
8241379.0000000000,-129.7698211670
8260376.0000000000,-129.7861938477
8279426.0000000000,-129.8141174316
8298510.5000000000,-129.8313751221
8317639.0000000000,-129.8908386230
8336812.0000000000,-129.9200744629
8356029.0000000000,-129.9608917236
8375290.0000000000,-130.0561828613
8394596.0000000000,-130.0879058838
8413955.0000000000,-130.1102905273
8433350.0000000000,-130.1226196289
8452789.0000000000,-130.1252746582
8472274.0000000000,-130.1294860840
8491803.0000000000,-130.1353607178
8511377.0000000000,-130.1361694336
8531006.0000000000,-130.1576538086
8550670.0000000000,-130.2343750000
8570380.0000000000,-130.2356414795
8590136.0000000000,-130.2703857422
8609936.0000000000,-130.3141937256
8629783.0000000000,-130.3321838379
8649675.0000000000,-130.3489837646
8669623.0000000000,-130.3568115234
8689607.0000000000,-130.3661499023
8709637.0000000000,-130.4339599609
8729713.0000000000,-130.4385833740
8749836.0000000000,-130.5135192871
8770005.0000000000,-130.5217590332
8790220.0000000000,-130.5492553711
8810492.0000000000,-130.5503082275
8830801.0000000000,-130.5555725098
8851157.0000000000,-130.5782470703
8871559.0000000000,-130.5874023438
8892009.0000000000,-130.6019134521
8912505.0000000000,-130.6314086914
8933059.0000000000,-130.6465454102
8953651.0000000000,-130.6577911377
8974289.0000000000,-130.7758483887
8994976.0000000000,-130.8022766113
9015710.0000000000,-130.8340759277
9036492.0000000000,-130.8581085205
9057321.0000000000,-130.8839721680
9078209.0000000000,-130.9012756348
9099135.0000000000,-130.9209289551
9120109.0000000000,-130.9319305420
9141132.0000000000,-130.9332885742
9162203.0000000000,-130.9367065430
9183322.0000000000,-130.9438476563
9204500.0000000000,-130.9669036865
9225718.0000000000,-130.9694976807
9246983.0000000000,-130.9770355225
9268298.0000000000,-130.9776916504
9289662.0000000000,-130.9789581299
9311076.0000000000,-131.0504760742
9332538.0000000000,-131.0605926514
9354061.0000000000,-131.0636138916
9375623.0000000000,-131.0935821533
9397234.0000000000,-131.1293945313
9418895.0000000000,-131.1633148193
9440607.0000000000,-131.1855773926
9462368.0000000000,-131.2715759277
9484190.0000000000,-131.3450622559
9506052.0000000000,-131.3784790039
9527964.0000000000,-131.3916320801
9549926.0000000000,-131.4475097656
9571940.0000000000,-131.5547637939
9594004.0000000000,-131.6320495605
9616118.0000000000,-131.6869049072
9638295.0000000000,-131.7549133301
9660512.0000000000,-131.8232879639
9682780.0000000000,-131.8791656494
9705099.0000000000,-131.9389190674
9727470.0000000000,-132.0272827148
9749893.0000000000,-132.1103820801
9772367.0000000000,-132.1642456055
9794904.0000000000,-132.2369842529
9817482.0000000000,-132.3327331543
9840112.0000000000,-132.3761291504
9862794.0000000000,-132.3806610107
9885528.0000000000,-132.3914184570
9908315.0000000000,-132.4113922119
9931165.0000000000,-132.4326324463
9954057.0000000000,-132.4329833984
9977002.0000000000,-132.4355773926
10000000.0000000000,-132.4397735596
10023051.0000000000,-132.4397735596
10046155.0000000000,-132.4397735596
10069312.0000000000,-132.4397735596
10092533.0000000000,-132.4397735596
10115797.0000000000,-132.4397735596
10139115.0000000000,-132.4397735596
10162486.0000000000,-132.4397735596
10185911.0000000000,-132.4397735596
10209391.0000000000,-132.4397735596
10232935.0000000000,-132.4397735596
10256523.0000000000,-132.4397735596
10280165.0000000000,-132.4397735596
10303861.0000000000,-132.4399108887
10327613.0000000000,-132.4670410156
10351418.0000000000,-132.4670410156
10375279.0000000000,-132.4670410156
10399206.0000000000,-132.4670410156
10423177.0000000000,-132.4670410156
10447203.0000000000,-132.4670410156
10471285.0000000000,-132.4710540771
10495422.0000000000,-132.4734954834
10519615.0000000000,-132.4859619141
10543863.0000000000,-132.4893188477
10568179.0000000000,-132.5128631592
10592540.0000000000,-132.5308685303
10616956.0000000000,-132.5308685303
10641429.0000000000,-132.5308685303
10665958.0000000000,-132.5308685303
10690544.0000000000,-132.5002288818
10715198.0000000000,-132.5002288818
10739898.0000000000,-132.5002288818
10764654.0000000000,-132.5067596436
10789467.0000000000,-132.5413055420
10814338.0000000000,-132.5435791016
10839265.0000000000,-132.5486145020
10864251.0000000000,-132.5509643555
10889305.0000000000,-132.5593719482
10914406.0000000000,-132.5593719482
10939565.0000000000,-132.5593719482
10964781.0000000000,-132.6127929688
10990056.0000000000,-132.6417846680
11015388.0000000000,-132.6551666260
11040792.0000000000,-132.6941375732
11066242.0000000000,-132.7192077637
11091750.0000000000,-132.7334136963
11117317.0000000000,-132.7422943115
11142944.0000000000,-132.7468109131
11168629.0000000000,-132.7503051758
11194373.0000000000,-132.7615203857
11220189.0000000000,-132.7686920166
11246053.0000000000,-132.7706756592
11271976.0000000000,-132.7801971436
11297958.0000000000,-132.7975463867
11324001.0000000000,-132.7983093262
11350104.0000000000,-132.8111877441
11376279.0000000000,-132.8111877441
11402502.0000000000,-132.8111877441
11428786.0000000000,-132.8111877441
11455130.0000000000,-132.8111877441
11481535.0000000000,-132.8111877441
11508000.0000000000,-132.8111877441
11534527.0000000000,-132.8111877441
11561128.0000000000,-132.8111877441
11587777.0000000000,-132.8111877441
11614488.0000000000,-132.8111877441
11641260.0000000000,-132.8111877441
11668094.0000000000,-132.8117218018
11694990.0000000000,-132.8176116943
11721947.0000000000,-132.8211059570
11748980.0000000000,-132.9269866943
11776062.0000000000,-133.0630187988
11803207.0000000000,-133.2227783203
11830414.0000000000,-133.3454589844
11857684.0000000000,-133.4482879639
11885017.0000000000,-133.4503021240
11912426.0000000000,-133.4535064697
11939885.0000000000,-133.4544219971
11967407.0000000000,-133.4635162354
11994993.0000000000,-133.4724731445
12022642.0000000000,-133.4791107178
12050355.0000000000,-133.4809417725
12078132.0000000000,-133.4933013916
12105986.0000000000,-133.4961395264
12133892.0000000000,-133.5072937012
12161861.0000000000,-133.5093383789
12189895.0000000000,-133.5122833252
12217994.0000000000,-133.5147094727
12246157.0000000000,-133.5207977295
12274399.0000000000,-133.5845031738
12302692.0000000000,-133.6657257080
12331051.0000000000,-133.6978302002
12359475.0000000000,-133.7000579834
12387964.0000000000,-133.7415313721
12416519.0000000000,-133.7700653076
12445140.0000000000,-133.8030853271
12473841.0000000000,-133.8217315674
12502594.0000000000,-133.8463439941
12531413.0000000000,-133.8645324707
12560299.0000000000,-133.8645324707
12589251.0000000000,-133.8645324707
12618270.0000000000,-133.8645324707
12647370.0000000000,-133.8645324707
12676523.0000000000,-133.8645324707
12705744.0000000000,-133.8645324707
12735031.0000000000,-133.8665008545
12764387.0000000000,-133.8809204102
12793809.0000000000,-133.9096069336
12823300.0000000000,-133.9141235352
12852873.0000000000,-133.9345092773
12882499.0000000000,-133.9424438477
12912195.0000000000,-133.9485778809
12941958.0000000000,-133.9719543457
12971790.0000000000,-133.9740295410
13001691.0000000000,-133.9740295410
13031661.0000000000,-133.9740295410
13061714.0000000000,-133.9740295410
13091822.0000000000,-133.9740295410
13122000.0000000000,-133.9740295410
13152247.0000000000,-133.9740295410
13182564.0000000000,-133.9740295410
13212951.0000000000,-133.9895477295
13243422.0000000000,-134.0022277832
13273949.0000000000,-134.0339965820
13304546.0000000000,-134.0726165771
13335214.0000000000,-134.0818634033
13365953.0000000000,-134.3008117676
13396762.0000000000,-134.3157348633
13427643.0000000000,-134.3349151611
13458609.0000000000,-134.3507995605
13489632.0000000000,-134.4003906250
13520727.0000000000,-134.4328613281
13551893.0000000000,-134.5036010742
13583131.0000000000,-134.6262969971
13614441.0000000000,-134.6319427490
13645839.0000000000,-134.6776580811
13677293.0000000000,-134.9033050537
13708820.0000000000,-134.9094238281
13740420.0000000000,-134.9094848633
13772093.0000000000,-135.0612335205
13803838.0000000000,-135.1158905029
13835657.0000000000,-135.1501922607
13867565.0000000000,-135.1509552002
13899530.0000000000,-135.1610260010
13931570.0000000000,-135.1623077393
13963683.0000000000,-135.1997222900
13995870.0000000000,-135.2165374756
14028132.0000000000,-135.2620239258
14060468.0000000000,-135.2620239258
14092893.0000000000,-135.2620239258
14125379.0000000000,-135.2620239258
14157939.0000000000,-135.2620239258
14190574.0000000000,-135.2620239258
14223284.0000000000,-135.2190704346
14256070.0000000000,-135.2190704346
14288946.0000000000,-135.2190704346
14321884.0000000000,-135.2190704346
14354896.0000000000,-135.2190704346
14387986.0000000000,-135.2620239258
14421151.0000000000,-135.3095397949
14454393.0000000000,-135.3209533691
14487711.0000000000,-135.3229675293
14521122.0000000000,-135.3513336182
14554594.0000000000,-135.4024047852
14588144.0000000000,-135.4677886963
14621770.0000000000,-135.5250701904
14655475.0000000000,-135.5349731445
14689257.0000000000,-135.5444641113
14723133.0000000000,-135.5800781250
14757070.0000000000,-135.6243896484
14791086.0000000000,-135.6347961426
14825181.0000000000,-135.6347961426
14859354.0000000000,-135.6347961426
14893606.0000000000,-135.6347961426
14927937.0000000000,-135.6348876953
14962363.0000000000,-135.7085418701
14996852.0000000000,-135.7256927490
15031421.0000000000,-135.7983703613
15066070.0000000000,-135.8224334717
15100798.0000000000,-135.8272247314
15135607.0000000000,-135.8476562500
15170512.0000000000,-135.8580780029
15205481.0000000000,-135.8580780029
15240531.0000000000,-135.8476562500
15275661.0000000000,-135.8476562500
15310873.0000000000,-135.8954315186
15346165.0000000000,-135.9731903076
15381539.0000000000,-136.0028686523
15417012.0000000000,-136.0348358154
15452549.0000000000,-136.0401000977
15488168.0000000000,-136.1219635010
15523870.0000000000,-136.2441864014
15559653.0000000000,-136.2903900146
15595519.0000000000,-136.4465789795
15631468.0000000000,-136.4898681641
15667517.0000000000,-136.6448822021
15703632.0000000000,-136.6448822021
15739830.0000000000,-136.6448822021
15776111.0000000000,-136.6448822021
15812476.0000000000,-136.6448822021
15848925.0000000000,-136.6448822021
15885475.0000000000,-136.6448822021
15922092.0000000000,-136.6448822021
15958794.0000000000,-136.6448822021
15995580.0000000000,-136.6448822021
16032451.0000000000,-136.6448822021
16069407.0000000000,-136.6448822021
16106448.0000000000,-136.6448822021
16143592.0000000000,-136.6448822021
16180804.0000000000,-136.4465789795
16218102.0000000000,-136.4465789795
16255486.0000000000,-136.4465789795
16292956.0000000000,-136.4465789795
16330513.0000000000,-136.4465789795
16368174.0000000000,-136.3659362793
16405903.0000000000,-136.2903900146
16443720.0000000000,-136.2903900146
16481624.0000000000,-136.2903900146
16519616.0000000000,-136.2903900146
16557694.0000000000,-136.2903900146
16595861.0000000000,-136.2903900146
16634134.0000000000,-136.2903900146
16672477.0000000000,-136.3659362793
16710908.0000000000,-136.4216308594
16749428.0000000000,-136.5097351074
16788036.0000000000,-136.5703735352
16826734.0000000000,-136.7322692871
16865540.0000000000,-136.9248199463
16904416.0000000000,-136.9248199463
16943382.0000000000,-136.9248199463
16982438.0000000000,-136.9248199463
17021582.0000000000,-136.9248199463
17060818.0000000000,-136.9248199463
17100146.0000000000,-136.9248199463
17139582.0000000000,-136.9248199463
17179090.0000000000,-136.9248199463
17218688.0000000000,-136.9255676270
17258378.0000000000,-136.9378051758
17298160.0000000000,-136.9378051758
17338034.0000000000,-136.9378051758
17378000.0000000000,-136.9378051758
17418076.0000000000,-136.9378051758
17458226.0000000000,-136.9378051758
17498468.0000000000,-136.9378051758
17538804.0000000000,-136.9378051758
17579232.0000000000,-136.9378051758
17619752.0000000000,-136.9378051758
17660388.0000000000,-136.9378051758
17701096.0000000000,-136.9378051758
17741898.0000000000,-136.9378051758
17782794.0000000000,-136.9378051758
17823784.0000000000,-136.9378051758
17864870.0000000000,-136.9378051758
17906050.0000000000,-136.9378051758
17947344.0000000000,-136.9571685791
17988714.0000000000,-137.0454406738
18030180.0000000000,-137.0475158691
18071740.0000000000,-137.0734710693
18113396.0000000000,-137.0966339111
18155150.0000000000,-137.0966339111
18197018.0000000000,-137.0966339111
18238964.0000000000,-137.1285400391
18281006.0000000000,-137.2593536377
18323144.0000000000,-137.2593536377
18365380.0000000000,-137.2593536377
18407714.0000000000,-137.2593536377
18450146.0000000000,-137.2593536377
18492694.0000000000,-137.3873138428
18535322.0000000000,-137.4394226074
18578046.0000000000,-137.5562286377
18620870.0000000000,-137.5670776367
18663792.0000000000,-137.5862731934
18706814.0000000000,-137.5862731934
18749934.0000000000,-137.5862731934
18793176.0000000000,-137.5862731934
18836496.0000000000,-137.5862731934
18879914.0000000000,-137.7465057373
18923434.0000000000,-137.9619750977
18967054.0000000000,-137.9619750977
19010774.0000000000,-137.9619750977
19054616.0000000000,-137.9619750977
19098538.0000000000,-137.9986877441
19142562.0000000000,-138.0428466797
19186688.0000000000,-138.0607910156
19230914.0000000000,-138.2071075439
19275242.0000000000,-138.2390136719
19319674.0000000000,-138.3666534424
19364228.0000000000,-138.4999694824
19408864.0000000000,-138.5045471191
19453602.0000000000,-138.5320587158
19498444.0000000000,-138.5320587158
19543390.0000000000,-138.5320587158
19588438.0000000000,-138.5320587158
19633612.0000000000,-138.5320587158
19678870.0000000000,-138.5320587158
19724230.0000000000,-138.5320587158
19769696.0000000000,-138.5045471191
19815268.0000000000,-138.4999694824
19860942.0000000000,-138.3666534424
19906724.0000000000,-138.2390136719
19952632.0000000000,-138.2390136719
19998624.0000000000,-138.2390136719
20044722.0000000000,-138.2390136719
20090926.0000000000,-138.2390136719
20137238.0000000000,-138.2390136719
20183656.0000000000,-138.2071075439
20230202.0000000000,-138.1810302734
20276834.0000000000,-138.0428466797
20323574.0000000000,-137.8050231934
20370422.0000000000,-137.8050231934
20417376.0000000000,-137.8050231934
20464440.0000000000,-137.8050231934
20511612.0000000000,-137.8050231934
20558916.0000000000,-137.8050231934
20606306.0000000000,-137.8050231934
20653804.0000000000,-137.8050231934
20701412.0000000000,-137.8050231934
20749130.0000000000,-137.8050231934
20796960.0000000000,-137.8050231934
20844898.0000000000,-137.9904479980
20892970.0000000000,-138.1810302734
20941130.0000000000,-138.2071075439
20989400.0000000000,-138.4999694824
21037782.0000000000,-138.4999694824
21086276.0000000000,-138.4999694824
21134882.0000000000,-138.5045471191
21183622.0000000000,-138.4178619385
21232452.0000000000,-138.2755584717
21281394.0000000000,-138.2261810303
21330448.0000000000,-138.2261810303
21379618.0000000000,-138.2261810303
21428898.0000000000,-138.2623901367
21478294.0000000000,-138.2755584717
21527826.0000000000,-138.3177337646
21577450.0000000000,-138.4178619385
21627188.0000000000,-138.4329833984
21677040.0000000000,-138.5963745117
21727006.0000000000,-138.6820831299
21777088.0000000000,-138.6933135986
21827310.0000000000,-138.7174072266
21877624.0000000000,-138.7407989502
21928054.0000000000,-138.9836273193
21978600.0000000000,-138.9836273193
22029262.0000000000,-138.9836273193
22080040.0000000000,-138.9836273193
22130936.0000000000,-138.9836273193
22181974.0000000000,-138.9836273193
22233106.0000000000,-138.9836273193
22284354.0000000000,-138.9852294922
22335722.0000000000,-139.1184387207
22387206.0000000000,-139.1194763184
22438810.0000000000,-139.1215820313
22490558.0000000000,-139.1215820313
22542400.0000000000,-139.1215820313
22594362.0000000000,-139.1215820313
22646444.0000000000,-139.1215820313
22698646.0000000000,-139.1194763184
22750968.0000000000,-139.1184387207
22803410.0000000000,-138.9852294922
22855998.0000000000,-138.9836273193
22908684.0000000000,-138.9836273193
22961490.0000000000,-138.9852294922
23014418.0000000000,-139.1194763184
23067468.0000000000,-139.1194763184
23120640.0000000000,-139.1194763184
23173934.0000000000,-139.1215820313
23227378.0000000000,-139.2355499268
23280918.0000000000,-139.2355499268
23334582.0000000000,-139.2355499268
23388370.0000000000,-139.2355499268
23442282.0000000000,-139.2355499268
23496318.0000000000,-139.4343872070
23550504.0000000000,-139.4343872070
23604790.0000000000,-139.4343872070
23659200.0000000000,-139.4343872070
23713738.0000000000,-139.1601104736
23768398.0000000000,-139.1601104736
23823186.0000000000,-139.1601104736
23878100.0000000000,-139.1601104736
23933168.0000000000,-139.1601104736
23988336.0000000000,-139.1601104736
24043630.0000000000,-139.1601104736
24099052.0000000000,-139.4343872070
24154602.0000000000,-139.4388122559
24210280.0000000000,-139.4388122559
24266114.0000000000,-139.4388122559
24322048.0000000000,-139.4388122559
24378112.0000000000,-139.4388122559
24434306.0000000000,-139.4388122559
24490628.0000000000,-139.4388122559
24547082.0000000000,-139.4343872070
24603664.0000000000,-139.3408203125
24660404.0000000000,-139.3408203125
24717248.0000000000,-139.3408203125
24774224.0000000000,-139.1601104736
24831330.0000000000,-139.0288085938
24888568.0000000000,-139.0025482178
24945938.0000000000,-139.0025482178
25003440.0000000000,-139.0025482178
25061102.0000000000,-139.0025482178
25118870.0000000000,-139.0025482178
25176770.0000000000,-139.0288085938
25234804.0000000000,-139.0288085938
25292972.0000000000,-139.0288085938
25351274.0000000000,-139.0288085938
25409740.0000000000,-139.0288085938
25468310.0000000000,-139.0288085938
25527016.0000000000,-139.0288085938
25585858.0000000000,-139.0288085938
25644836.0000000000,-139.0288085938
25703948.0000000000,-139.0288085938
25763198.0000000000,-139.0288085938
25822612.0000000000,-139.0288085938
25882136.0000000000,-139.0288085938
25941796.0000000000,-139.3408203125
26001594.0000000000,-139.4338684082
26061528.0000000000,-139.4358825684
26121602.0000000000,-139.4358825684
26181844.0000000000,-139.4358825684
26242194.0000000000,-139.4338684082
26302684.0000000000,-139.3408203125
26363314.0000000000,-139.3408203125
26424084.0000000000,-139.3408203125
26484992.0000000000,-139.3408203125
26546042.0000000000,-139.1365814209
26607262.0000000000,-139.1365814209
26668594.0000000000,-139.3408203125
26730066.0000000000,-139.3408203125
26791682.0000000000,-139.3408203125
26853438.0000000000,-139.4317321777
26915338.0000000000,-139.4338684082
26977408.0000000000,-139.4358825684
27039594.0000000000,-139.5056762695
27101922.0000000000,-139.4358825684
27164394.0000000000,-139.4338684082
27227010.0000000000,-139.4338684082
27289770.0000000000,-139.4626922607
27352674.0000000000,-139.5056762695
27415754.0000000000,-139.5316925049
27478950.0000000000,-139.6070404053
27542290.0000000000,-139.6979980469
27605778.0000000000,-139.7690124512
27669410.0000000000,-139.8917236328
27733190.0000000000,-139.8917236328
27797118.0000000000,-139.8917236328
27861222.0000000000,-139.8917236328
27925444.0000000000,-139.8917236328
27989814.0000000000,-139.8917236328
28054334.0000000000,-139.7690124512
28119000.0000000000,-139.7690124512
28183816.0000000000,-139.7690124512
28248814.0000000000,-139.8917236328
28313930.0000000000,-140.0094451904
28379194.0000000000,-140.0512084961
28444610.0000000000,-140.0722045898
28510178.0000000000,-140.0722045898
28575896.0000000000,-140.0722045898
28641766.0000000000,-140.0722045898
28707818.0000000000,-140.0722045898
28773992.0000000000,-140.1667633057
28840318.0000000000,-140.2256317139
28906796.0000000000,-140.2256317139
28973428.0000000000,-140.2256317139
29040214.0000000000,-140.2256317139
29107186.0000000000,-140.2256317139
29174280.0000000000,-140.2256317139
29241530.0000000000,-140.2256317139
29308932.0000000000,-140.2256317139
29376492.0000000000,-140.2256317139
29444208.0000000000,-140.2256317139
29512078.0000000000,-140.2256317139
29580138.0000000000,-140.1667633057
29648322.0000000000,-140.1667633057
29716664.0000000000,-140.2256317139
29785162.0000000000,-140.4583435059
29853820.0000000000,-140.6166229248
29922634.0000000000,-140.6930999756
29991642.0000000000,-140.8144683838
30060774.0000000000,-140.8144683838
30130066.0000000000,-140.8144683838
30199518.0000000000,-140.8144683838
30269130.0000000000,-140.8144683838
30338904.0000000000,-140.8448944092
30408836.0000000000,-140.8448944092
30478964.0000000000,-140.8144683838
30549220.0000000000,-140.7886352539
30619638.0000000000,-140.6930999756
30690220.0000000000,-140.6166229248
30760962.0000000000,-140.5400848389
30831868.0000000000,-140.5400848389
30902938.0000000000,-140.5400848389
30974206.0000000000,-140.5400848389
31045604.0000000000,-140.5400848389
31117166.0000000000,-140.4583435059
31188892.0000000000,-140.3917999268
31260786.0000000000,-140.3917999268
31332844.0000000000,-140.3917999268
31405102.0000000000,-140.3917999268
31477494.0000000000,-140.3917999268
31550052.0000000000,-140.3917999268
31622776.0000000000,-140.3917999268
31695670.0000000000,-140.3917999268
31768730.0000000000,-140.3917999268
31841960.0000000000,-140.3917999268
31915392.0000000000,-140.3917999268
31988960.0000000000,-140.3917999268
32062696.0000000000,-140.3917999268
32136604.0000000000,-140.3917999268
32210680.0000000000,-140.3917999268
32284928.0000000000,-140.3917999268
32359382.0000000000,-140.3917999268
32433974.0000000000,-140.5400848389
32508736.0000000000,-140.6568908691
32583670.0000000000,-140.6568908691
32658778.0000000000,-140.6568908691
32734060.0000000000,-140.6568908691
32809514.0000000000,-140.5400848389
32885178.0000000000,-140.3917999268
32960980.0000000000,-140.3157653809
33036958.0000000000,-140.3157653809
33113110.0000000000,-140.3157653809
33189438.0000000000,-140.3157653809
33265942.0000000000,-140.3157653809
33342624.0000000000,-140.3157653809
33419516.0000000000,-140.3157653809
33496552.0000000000,-140.3157653809
33573764.0000000000,-140.3157653809
33651152.0000000000,-140.5471954346
33728720.0000000000,-140.6568908691
33806468.0000000000,-140.7086334229
33884432.0000000000,-140.7474212646
33962536.0000000000,-140.9355468750
34040824.0000000000,-141.1117706299
34119292.0000000000,-141.3566284180
34197936.0000000000,-141.3641204834
34276768.0000000000,-141.4259490967
34355776.0000000000,-141.5041961670
34435008.0000000000,-141.5513763428
34514384.0000000000,-141.7269134521
34593940.0000000000,-141.7269134521
34673680.0000000000,-141.7398376465
34753608.0000000000,-142.2397308350
34833716.0000000000,-142.2857055664
34914048.0000000000,-142.4829254150
34994528.0000000000,-143.0118713379
35075192.0000000000,-143.2103729248
35156044.0000000000,-143.7116699219
35237080.0000000000,-143.7116699219
35318304.0000000000,-143.7116699219
35399716.0000000000,-143.7116699219
35481356.0000000000,-143.7116699219
35563140.0000000000,-143.7116699219
35645116.0000000000,-143.7116699219
35727280.0000000000,-143.7116699219
35809636.0000000000,-143.7116699219
35892180.0000000000,-143.7253723145
35974952.0000000000,-143.7759246826
36057876.0000000000,-144.0080566406
36140992.0000000000,-144.1959228516
36224300.0000000000,-144.2582397461
36307800.0000000000,-144.3431854248
36391492.0000000000,-144.7707061768
36475376.0000000000,-144.7707061768
36559496.0000000000,-144.7707061768
36643768.0000000000,-144.7675018311
36728236.0000000000,-144.3431854248
36812896.0000000000,-144.2582397461
36897752.0000000000,-144.2471923828
36982804.0000000000,-144.1959228516
37068052.0000000000,-144.1959228516
37153536.0000000000,-144.1959228516
37239180.0000000000,-143.7637786865
37325020.0000000000,-143.7253723145
37411056.0000000000,-143.5599975586
37497292.0000000000,-143.2103729248
37583724.0000000000,-143.0877838135
37670400.0000000000,-143.0251464844
37757232.0000000000,-143.0118713379
37844264.0000000000,-142.7203063965
37931500.0000000000,-142.6095581055
38018932.0000000000,-142.6095581055
38106568.0000000000,-142.6095581055
38194408.0000000000,-142.3195953369
38282492.0000000000,-142.2794036865
38370736.0000000000,-142.2794036865
38459180.0000000000,-142.2794036865
38547832.0000000000,-142.2794036865
38636688.0000000000,-142.2794036865
38725748.0000000000,-142.2794036865
38815056.0000000000,-142.2162475586
38904528.0000000000,-142.2162475586
38994204.0000000000,-142.2162475586
39084092.0000000000,-142.1605987549
39174180.0000000000,-142.1289367676
39264480.0000000000,-142.1289367676
39354988.0000000000,-142.1289367676
39445748.0000000000,-142.1289367676
39536672.0000000000,-142.1289367676
39627808.0000000000,-141.9937896729
39719152.0000000000,-141.6602325439
39810708.0000000000,-141.4585571289
39902476.0000000000,-141.4534759521
39994496.0000000000,-141.2116241455
40086688.0000000000,-141.0950012207
40179088.0000000000,-141.0764617920
40271704.0000000000,-141.0023498535
40364536.0000000000,-141.0023498535
40457576.0000000000,-141.0023498535
40550836.0000000000,-141.0023498535
40644352.0000000000,-141.0950012207
40738040.0000000000,-141.1384124756
40831944.0000000000,-141.2116241455
40926064.0000000000,-141.4534759521
41020404.0000000000,-141.4585571289
41114956.0000000000,-141.6602325439
41209732.0000000000,-141.7117462158
41304768.0000000000,-141.9937896729
41399976.0000000000,-142.1605987549
41495408.0000000000,-142.1605987549
41591056.0000000000,-142.1605987549
41686928.0000000000,-142.1605987549
41783020.0000000000,-142.1605987549
41879376.0000000000,-142.1605987549
41975912.0000000000,-142.1605987549
42072668.0000000000,-142.0429687500
42169652.0000000000,-141.9937896729
42266856.0000000000,-141.7117462158
42364284.0000000000,-141.6602325439
42461936.0000000000,-141.5338745117
42559860.0000000000,-141.4534759521
42657964.0000000000,-141.4515075684
42756292.0000000000,-141.2116241455
42854848.0000000000,-141.1384124756
42953632.0000000000,-141.1384124756
43052644.0000000000,-141.1384124756
43151932.0000000000,-141.1384124756
43251400.0000000000,-141.1384124756
43351096.0000000000,-141.1384124756
43451024.0000000000,-141.0155792236
43551180.0000000000,-141.0023498535
43651568.0000000000,-140.9517822266
43752188.0000000000,-140.9517822266
43853088.0000000000,-141.0155792236
43954176.0000000000,-141.1384124756
44055492.0000000000,-141.3857421875
44157044.0000000000,-141.4515075684
44258828.0000000000,-141.5338745117
44360848.0000000000,-141.7117462158
44463104.0000000000,-141.8840026855
44565644.0000000000,-141.8840026855
44668368.0000000000,-141.8840026855
44771332.0000000000,-141.8840026855
44874532.0000000000,-141.8411254883
44977972.0000000000,-141.5338745117
45081652.0000000000,-141.4515075684
45185616.0000000000,-141.3857421875
45289772.0000000000,-141.3857421875
45394168.0000000000,-141.3857421875
45498804.0000000000,-141.3857421875
45603684.0000000000,-141.3857421875
45708804.0000000000,-141.4515075684
45814164.0000000000,-141.5338745117
45919820.0000000000,-141.8411254883
46025668.0000000000,-141.8840026855
46131760.0000000000,-142.1251373291
46238100.0000000000,-142.3175048828
46344680.0000000000,-142.3175048828
46451508.0000000000,-142.3175048828
46558632.0000000000,-142.3175048828
46665956.0000000000,-142.3241271973
46773524.0000000000,-142.3461456299
46881340.0000000000,-142.3908691406
46989404.0000000000,-142.3980865479
47097716.0000000000,-142.4822082520
47206280.0000000000,-142.6320953369
47315148.0000000000,-142.6320953369
47424212.0000000000,-142.4822082520
47533528.0000000000,-142.3980865479
47643096.0000000000,-142.3980865479
47752916.0000000000,-142.3980865479
47862992.0000000000,-142.4822082520
47973372.0000000000,-142.6320953369
48083952.0000000000,-142.7539978027
48194788.0000000000,-142.8873138428
48305880.0000000000,-142.8873138428
48417232.0000000000,-142.8873138428
48528836.0000000000,-142.8873138428
48640696.0000000000,-142.8873138428
48752872.0000000000,-142.9929809570
48865252.0000000000,-142.9929809570
48977888.0000000000,-142.9929809570
49090784.0000000000,-142.9929809570
49203944.0000000000,-142.9929809570
49317364.0000000000,-142.9929809570
49431044.0000000000,-142.9929809570
49545040.0000000000,-142.9929809570
49659244.0000000000,-143.0375213623
49773712.0000000000,-143.3118591309
49888444.0000000000,-143.2070922852
50003440.0000000000,-143.0375213623
50118700.0000000000,-142.9929809570
50234284.0000000000,-142.8885650635
50350076.0000000000,-142.8873138428
50466136.0000000000,-142.6390991211
50582464.0000000000,-142.6390991211
50699060.0000000000,-142.8873138428
50815928.0000000000,-142.8885650635
50933060.0000000000,-143.0375213623
51050520.0000000000,-143.0375213623
51168196.0000000000,-143.1486206055
51286144.0000000000,-143.2070922852
51404360.0000000000,-143.1486206055
51522852.0000000000,-143.0375213623
51641616.0000000000,-142.8885650635
51760712.0000000000,-142.6390991211
51880024.0000000000,-142.6250000000
51999608.0000000000,-142.6250000000
52119472.0000000000,-142.6250000000
52239612.0000000000,-142.6250000000
52360028.0000000000,-142.6390991211
52480720.0000000000,-142.8885650635
52601752.0000000000,-142.8885650635
52723000.0000000000,-142.6390991211
52844532.0000000000,-142.6250000000
52966340.0000000000,-142.3019714355
53088432.0000000000,-142.3019714355
53210804.0000000000,-142.3019714355
53333520.0000000000,-142.3019714355
53456456.0000000000,-142.3019714355
53579676.0000000000,-142.3019714355
53703180.0000000000,-142.6250000000
53826972.0000000000,-142.6390991211
53951048.0000000000,-142.8616485596
54075408.0000000000,-142.8616485596
54200116.0000000000,-142.8616485596
54325048.0000000000,-142.8616485596
54450272.0000000000,-142.8616485596
54575784.0000000000,-142.6390991211
54701584.0000000000,-142.6250000000
54827676.0000000000,-142.5060729980
54954060.0000000000,-142.5060729980
55080792.0000000000,-142.6250000000
55207756.0000000000,-142.6250000000
55335016.0000000000,-142.6250000000
55462564.0000000000,-142.5060729980
55590412.0000000000,-142.0420837402
55718552.0000000000,-142.0420837402
55847048.0000000000,-142.0420837402
55975780.0000000000,-142.0420837402
56104808.0000000000,-142.0420837402
56234132.0000000000,-142.0420837402
56363756.0000000000,-142.0047912598
56493680.0000000000,-142.0047912598
56623900.0000000000,-142.0047912598
56754484.0000000000,-142.0047912598
56885308.0000000000,-142.0047912598
57016432.0000000000,-142.0047912598
57147860.0000000000,-142.0420837402
57279588.0000000000,-142.3539123535
57411624.0000000000,-142.5060729980
57544024.0000000000,-142.5060729980
57676668.0000000000,-142.5060729980
57809616.0000000000,-142.5060729980
57942872.0000000000,-142.6972808838
58076432.0000000000,-142.6972808838
58210304.0000000000,-142.6972808838
58344484.0000000000,-142.5060729980
58479036.0000000000,-142.5060729980
58613832.0000000000,-142.5060729980
58748944.0000000000,-142.5060729980
58884364.0000000000,-142.3539123535
59020096.0000000000,-142.1305999756
59156140.0000000000,-142.0420837402
59292500.0000000000,-141.8994598389
59429240.0000000000,-141.7614746094
59566228.0000000000,-141.6459045410
59703532.0000000000,-141.5857238770
59841152.0000000000,-141.3455505371
59979092.0000000000,-141.6459045410
60117348.0000000000,-141.7614746094
60255988.0000000000,-142.1305999756
60394884.0000000000,-141.7614746094
60534096.0000000000,-141.7614746094
60673632.0000000000,-141.9907379150
60813488.0000000000,-142.1305999756
60953668.0000000000,-142.3539123535
61094172.0000000000,-142.5819702148
61235064.0000000000,-142.5819702148
61376216.0000000000,-142.5819702148
61517692.0000000000,-142.5819702148
61659496.0000000000,-142.5819702148
61801624.0000000000,-142.5819702148
61944080.0000000000,-142.5819702148
62086936.0000000000,-142.5819702148
62230048.0000000000,-142.6972808838
62373496.0000000000,-142.8215026855
62517268.0000000000,-142.8215026855
62661376.0000000000,-142.8215026855
62805816.0000000000,-142.6972808838
62950588.0000000000,-142.6972808838
63095764.0000000000,-142.6972808838
63241204.0000000000,-142.8215026855
63386976.0000000000,-142.8215026855
63533088.0000000000,-142.8215026855
63679536.0000000000,-142.8215026855
63826324.0000000000,-142.9042205811
63973516.0000000000,-143.0113220215
64120980.0000000000,-143.0501556396
64268784.0000000000,-143.1348419189
64416928.0000000000,-143.3869628906
64565416.0000000000,-143.4865417480
64714244.0000000000,-143.5328979492
64863412.0000000000,-143.5354766846
65013000.0000000000,-143.6285552979
65162860.0000000000,-143.6859588623
65313064.0000000000,-143.6931152344
65463616.0000000000,-143.7767333984
65614512.0000000000,-143.9969635010
65765760.0000000000,-144.0600128174
65917356.0000000000,-144.0687255859
66069372.0000000000,-144.0687255859
66221664.0000000000,-144.5359954834
66374312.0000000000,-144.6790008545
66527308.0000000000,-144.7983856201
66680660.0000000000,-144.7983856201
66834364.0000000000,-144.6790008545
66988492.0000000000,-144.6790008545
67142904.0000000000,-144.6790008545
67297680.0000000000,-144.6790008545
67452800.0000000000,-144.5359954834
67608288.0000000000,-144.5359954834
67764128.0000000000,-144.7983856201
67920328.0000000000,-144.8493957520
68076968.0000000000,-144.9298400879
68233888.0000000000,-144.9298400879
68391168.0000000000,-144.9298400879
68548816.0000000000,-144.9298400879
68706824.0000000000,-144.9298400879
68865200.0000000000,-144.9298400879
69024016.0000000000,-144.9298400879
69183120.0000000000,-144.9298400879
69342592.0000000000,-144.8493957520
69502432.0000000000,-144.9298400879
69662640.0000000000,-144.9438781738
69823216.0000000000,-144.9438781738
69984168.0000000000,-144.9438781738
70145560.0000000000,-144.9298400879
70307248.0000000000,-144.8493957520
70469312.0000000000,-144.8493957520
70631752.0000000000,-144.8493957520
70794560.0000000000,-144.8493957520
70957752.0000000000,-144.8303222656
71121392.0000000000,-144.7983856201
71285328.0000000000,-144.4862976074
71449648.0000000000,-144.7983856201
71614344.0000000000,-144.8303222656
71779424.0000000000,-144.8493957520
71944880.0000000000,-144.8493957520
72110712.0000000000,-144.8493957520
72277016.0000000000,-144.8303222656
72443616.0000000000,-144.4862976074
72610608.0000000000,-143.7901000977
72777976.0000000000,-143.7622528076
72945736.0000000000,-143.6504516602
73113880.0000000000,-143.4231414795
73282416.0000000000,-143.4231414795
73451416.0000000000,-143.4231414795
73620728.0000000000,-143.3227081299
73790432.0000000000,-142.9942016602
73960520.0000000000,-142.9942016602
74131008.0000000000,-142.9591369629
74301880.0000000000,-142.8775939941
74473232.0000000000,-142.8656768799
74644904.0000000000,-142.8656768799
74816960.0000000000,-142.8656768799
74989424.0000000000,-142.7526092529
75162280.0000000000,-142.8234100342
75335528.0000000000,-142.8656768799
75509184.0000000000,-142.8656768799
75683320.0000000000,-142.8656768799
75857776.0000000000,-142.8656768799
76032632.0000000000,-142.8656768799
76207896.0000000000,-142.8234100342
76383560.0000000000,-142.8234100342
76559632.0000000000,-142.8234100342
76736192.0000000000,-142.8234100342
76913072.0000000000,-142.8656768799
77090360.0000000000,-142.8656768799
77268064.0000000000,-142.8656768799
77446168.0000000000,-142.8656768799
77624688.0000000000,-142.8656768799
77803616.0000000000,-142.8234100342
77983048.0000000000,-142.8234100342
78162800.0000000000,-142.8234100342
78342976.0000000000,-142.8234100342
78523560.0000000000,-142.7466735840
78704560.0000000000,-142.7466735840
78885984.0000000000,-142.7466735840
79067816.0000000000,-142.5017242432
79250160.0000000000,-142.4884033203
79432840.0000000000,-142.3736114502
79615936.0000000000,-142.3736114502
79799456.0000000000,-142.3736114502
79983400.0000000000,-142.3736114502
80167768.0000000000,-142.3736114502
80352648.0000000000,-142.3736114502
80537872.0000000000,-142.3736114502
80723512.0000000000,-142.3736114502
80909592.0000000000,-142.2663116455
81096088.0000000000,-142.1962738037
81283024.0000000000,-142.1051483154
81470384.0000000000,-142.1051483154
81658272.0000000000,-142.1051483154
81846496.0000000000,-141.9612274170
82035160.0000000000,-141.9423370361
82224256.0000000000,-141.2962646484
82413792.0000000000,-141.2717132568
82603760.0000000000,-141.2717132568
82794256.0000000000,-141.2717132568
82985104.0000000000,-141.2717132568
83176392.0000000000,-141.2962646484
83368120.0000000000,-141.9423370361
83560288.0000000000,-141.9612274170
83752904.0000000000,-142.1051483154
83945960.0000000000,-142.1051483154
84139552.0000000000,-142.1051483154
84333496.0000000000,-141.9612274170
84527896.0000000000,-141.9423370361
84722736.0000000000,-141.4862518311
84918032.0000000000,-141.4862518311
85113768.0000000000,-141.4862518311
85310056.0000000000,-141.4862518311
85506704.0000000000,-141.9423370361
85703800.0000000000,-141.9612274170
85901352.0000000000,-142.1051483154
86099360.0000000000,-142.1962738037
86297832.0000000000,-142.3868713379
86496752.0000000000,-142.3868713379
86696224.0000000000,-142.3868713379
86896072.0000000000,-142.4286499023
87096368.0000000000,-142.4286499023
87297136.0000000000,-142.4286499023
87498360.0000000000,-142.5224304199
87700048.0000000000,-142.5719451904
87902208.0000000000,-142.7561798096
88104920.0000000000,-142.7561798096
88308008.0000000000,-142.7561798096
88511568.0000000000,-142.7561798096
88715592.0000000000,-143.1650238037
88920088.0000000000,-143.2443237305
89125056.0000000000,-143.2443237305
89330592.0000000000,-143.2443237305
89536504.0000000000,-143.2443237305
89742896.0000000000,-143.2443237305
89949760.0000000000,-143.2443237305
90157096.0000000000,-143.2443237305
90364920.0000000000,-143.3981781006
90573216.0000000000,-143.5481719971
90782088.0000000000,-143.5561065674
90991352.0000000000,-143.3981781006
91201088.0000000000,-143.3981781006
91411320.0000000000,-143.3981781006
91622024.0000000000,-143.2443237305
91833224.0000000000,-143.1650238037
92045008.0000000000,-143.1650238037
92257176.0000000000,-143.1650238037
92469832.0000000000,-143.0744171143
92682984.0000000000,-143.0744171143
92896624.0000000000,-143.0744171143
93110760.0000000000,-143.1650238037
93325384.0000000000,-143.1650238037
93540608.0000000000,-143.0744171143
93756224.0000000000,-143.0268554688
93972344.0000000000,-143.0268554688
94188952.0000000000,-143.0744171143
94406064.0000000000,-143.0744171143
94623680.0000000000,-143.0744171143
94841896.0000000000,-143.0744171143
95060512.0000000000,-143.0744171143
95279640.0000000000,-143.0744171143
95499264.0000000000,-143.2443237305
95719392.0000000000,-143.2545166016
95940032.0000000000,-143.2545166016
96161184.0000000000,-143.5716705322
96382952.0000000000,-143.5716705322
96605120.0000000000,-143.5716705322
96827800.0000000000,-143.5716705322
97050992.0000000000,-143.5716705322
97274704.0000000000,-143.5716705322
97498928.0000000000,-143.2545166016
97723672.0000000000,-143.2116699219
97949040.0000000000,-143.2116699219
98174816.0000000000,-143.2545166016
98401120.0000000000,-143.2545166016
98627936.0000000000,-143.2545166016
98855280.0000000000,-143.6704101563
99083152.0000000000,-143.8083190918
99311656.0000000000,-143.8083190918
99540576.0000000000,-143.8083190918
99770024.0000000000,-143.6704101563
100000000.0000000000,-143.6704101563
