Type,FSWP-50
Version,3.02SP1
Date,03.Jul 2026
VSupply,ON
Mode,Voltage
Voltage Set,0.6000000000,V
Voltage Min,0.0000000000,V
Voltage Max,0.6500000000,V
Voltage Meas,0.6060562090,V
Current Max,20.0000000000,mA
Current Meas,18.4331916360,mA
VTune,OFF
Voltage Set,0.0000000000,V
Voltage Min,0.0000000000,V
Voltage Max,0.0100000000,V
Voltage Meas,-0.0266095463,V
Current Max,20.0000000000,mA
Current Meas,0.1466772799,mA
VAux,OFF
Voltage Set,0.0000000000,V
Voltage Min,-10.0000000000,V
Voltage Max,10.0000000000,V
Voltage Meas,-0.0082729808,V
Current Max,100.0000000000,mA
Current Meas,-0.0818683391,mA
Mode,Phase Noise
Measurement,Phase Noise
Input,RF
RF Att,0.0000000000,dB
Coupling,AC
RBW,2.0000000000,%
XCORR Factor,1000
XCORR Optimize,ON
Estimated Meas Time,3.7457527981,s
Sweep Count,5
Signal Frequency,21651965818.4366989136,Hz
Signal Level,-17.3208000000,dBm
Start,10000.0000000000,Hz
Stop,100000000.0000000000,Hz
SubSweep,1
Start,10000.0000000000,Hz
Stop,30000.0000000000,Hz
RBW,600.0000000000,Hz
XCORR Count,1000
SubSweep,2
Start,30000.0000000000,Hz
Stop,100000.0000000000,Hz
RBW,600.0000000000,Hz
XCORR Count,1000
SubSweep,3
Start,100000.0000000000,Hz
Stop,300000.0000000000,Hz
RBW,2000.0000000000,Hz
XCORR Count,3300
SubSweep,4
Start,300000.0000000000,Hz
Stop,1000000.0000000000,Hz
RBW,6000.0000000000,Hz
XCORR Count,10000
SubSweep,5
Start,1000000.0000000000,Hz
Stop,3000000.0000000000,Hz
RBW,20000.0000000000,Hz
XCORR Count,10000
SubSweep,6
Start,3000000.0000000000,Hz
Stop,10000000.0000000000,Hz
RBW,60000.0000000000,Hz
XCORR Count,10000
SubSweep,7
Start,10000000.0000000000,Hz
Stop,30000000.0000000000,Hz
RBW,200000.0000000000,Hz
XCORR Count,10000
SubSweep,8
Start,30000000.0000000000,Hz
Stop,100000000.0000000000,Hz
RBW,600000.0000000000,Hz
XCORR Count,10000
Integrated Measurements Range,1
Start,10000.0000000000,Hz
Stop,100000000.0000000000,Hz
Weighting,OFF
Integrated Measurements Range,2
Start,10000.0000000000,Hz
Stop,100000000.0000000000,Hz
Weighting,OFF
Integrated Measurements Range,3
Start,10000.0000000000,Hz
Stop,100000000.0000000000,Hz
Weighting,OFF
Integrated Measurements Range,4
Start,10000.0000000000,Hz
Stop,100000000.0000000000,Hz
Weighting,OFF
Integrated Measurements Range,5
Start,10000.0000000000,Hz
Stop,100000000.0000000000,Hz
Weighting,OFF
Integrated Measurements Range,6
Start,10000.0000000000,Hz
Stop,100000000.0000000000,Hz
Weighting,OFF
Integrated Measurements Range,7
Start,10000.0000000000,Hz
Stop,100000000.0000000000,Hz
Weighting,OFF
Integrated Measurements Range,8
Start,10000.0000000000,Hz
Stop,100000000.0000000000,Hz
Weighting,OFF
Integrated Measurements Range,9
Start,10000.0000000000,Hz
Stop,100000000.0000000000,Hz
Weighting,OFF
Integrated Measurements Range,10
Start,10000.0000000000,Hz
Stop,100000000.0000000000,Hz
Weighting,OFF
Spot Noise Decade Edges,OFF
Spot Noise User Defined,ON
Spot Noise User Defined Offset,1
State,OFF
Offset,1000.0000000000,Hz
Spot Noise User Defined Offset,2
State,OFF
Offset,10000.0000000000,Hz
Spot Noise User Defined Offset,3
State,ON
Offset,100000.0000000000,Hz
Spot Noise User Defined Offset,4
State,ON
Offset,1000000.0000000000,Hz
Spot Noise User Defined Offset,5
State,ON
Offset,10000000.0000000000,Hz
Spot Noise User Defined Offset,6
State,OFF
Offset,100000000.0000000000,Hz
Window,1,Noise Spectrum
Trace,1
Trace Mode,CLR/WRITE
Trace Result,PN
Smoothing,ON
Smoothing Value,1.0000000000,%
Spurious Removal,ON
Spurious Removal Threshold,6.0000000000,dB
Trace Offset,OFF
Trace Offset,0.0000000000,dB
Trace Label,OFF
Trace Label,Trace 1
x-Unit,Hz
y-Unit,dBc/Hz
Values,4001
10000.0000000000,-53.8452758789
10023.0507812500,-53.8836174011
10046.1542968750,-53.9219589233
10069.3115234375,-53.9603004456
10092.5332031250,-54.0024261475
10115.7968750000,-54.0447845459
10139.1152343750,-54.0871505737
10162.4863281250,-54.1295089722
10185.9111328125,-54.1725730896
10209.3906250000,-54.2161598206
10232.9355468750,-54.2597656250
10256.5234375000,-54.3033561707
10280.1650390625,-54.3460807800
10303.8613281250,-54.3862380981
10327.6123046875,-54.4263954163
10351.4189453125,-54.4665527344
10375.2792968750,-54.5067100525
10399.2060546875,-54.5394210815
10423.1777343750,-54.5718955994
10447.2031250000,-54.6043663025
10471.2851562500,-54.6368370056
10495.4218750000,-54.6629447937
10519.6152343750,-54.6867408752
10543.8632812500,-54.7105369568
10568.1787109375,-54.7343444824
10592.5400390625,-54.7549629211
10616.9560546875,-54.7728576660
10641.4287109375,-54.7907485962
10665.9580078125,-54.8086395264
10690.5439453125,-54.8258514404
10715.1982421875,-54.8419685364
10739.8974609375,-54.8580780029
10764.6533203125,-54.8741836548
10789.4667968750,-54.8905906677
10814.3378906250,-54.9078178406
10839.2656250000,-54.9250450134
10864.2509765625,-54.9422721863
10889.3056640625,-54.9599647522
10914.4062500000,-54.9796142578
10939.5644531250,-54.9992675781
10964.7812500000,-55.0189208984
10990.0556640625,-55.0390396118
11015.3886718750,-55.0618705750
11040.7919921875,-55.0847129822
11066.2412109375,-55.1075401306
11091.7500000000,-55.1308937073
11117.3173828125,-55.1573371887
11142.9433593750,-55.1837768555
11168.6289062500,-55.2102203369
11194.3730468750,-55.2371559143
11220.1894531250,-55.2663803101
11246.0527343750,-55.2955932617
11271.9755859375,-55.3248062134
11297.9580078125,-55.3541183472
11324.0009765625,-55.3837203979
11350.1035156250,-55.4133262634
11376.2792968750,-55.4429435730
11402.5019531250,-55.4719314575
11428.7861328125,-55.4997901917
11455.1298828125,-55.5276489258
11481.5351562500,-55.5555076599
11508.0000000000,-55.5827636719
11534.5273437500,-55.6094055176
11561.1279296875,-55.6360588074
11587.7773437500,-55.6627006531
11614.4873046875,-55.6907997131
11641.2597656250,-55.7196311951
11668.0937500000,-55.7484626770
11694.9892578125,-55.7772903442
11721.9472656250,-55.8111686707
11748.9804687500,-55.8457946777
11776.0625000000,-55.8804016113
11803.2070312500,-55.9157218933
11830.4140625000,-55.9566001892
11857.6845703125,-55.9974822998
11885.0166015625,-56.0383605957
11912.4257812500,-56.0802917480
11939.8847656250,-56.1238479614
11967.4072265625,-56.1674041748
11994.9931640625,-56.2109603882
12022.6425781250,-56.2525024414
12050.3554687500,-56.2931289673
12078.1318359375,-56.3337593079
12105.9863281250,-56.3742332458
12133.8916015625,-56.4078063965
12161.8613281250,-56.4413795471
12189.8955078125,-56.4749488831
12217.9931640625,-56.5055770874
12246.1572265625,-56.5315971375
12274.3984375000,-56.5576286316
12302.6923828125,-56.5836448669
12331.0507812500,-56.6057090759
12359.4746093750,-56.6266937256
12387.9638671875,-56.6476821899
12416.5195312500,-56.6682853699
12445.1396484375,-56.6874694824
12473.8408203125,-56.7066650391
12502.5937500000,-56.7258529663
12531.4130859375,-56.7453193665
12560.2988281250,-56.7649269104
12589.2509765625,-56.7845306396
12618.2705078125,-56.8043785095
12647.3701171875,-56.8255805969
12676.5234375000,-56.8467788696
12705.7441406250,-56.8679733276
12735.0312500000,-56.8908691406
12764.3867187500,-56.9146347046
12793.8095703125,-56.9384002686
12823.2998046875,-56.9629058838
12852.8730468750,-56.9903755188
12882.4990234375,-57.0178298950
12912.1943359375,-57.0452842712
12941.9580078125,-57.0759735107
12971.7900390625,-57.1076393127
13001.6914062500,-57.1393089294
13031.6611328125,-57.1721878052
13061.7138671875,-57.2072296143
13091.8222656250,-57.2422561646
13122.0000000000,-57.2772789001
13152.2470703125,-57.3135795593
13182.5634765625,-57.3499031067
13212.9501953125,-57.3862266541
13243.4218750000,-57.4218750000
13273.9492187500,-57.4570922852
13304.5468750000,-57.4923133850
13335.2138671875,-57.5265808105
13365.9531250000,-57.5586395264
13396.7626953125,-57.5906944275
13427.6425781250,-57.6227493286
13458.6093750000,-57.6503944397
13489.6328125000,-57.6780128479
13520.7265625000,-57.7056274414
13551.8935546875,-57.7301712036
13583.1308593750,-57.7535095215
13614.4414062500,-57.7768516541
13645.8388671875,-57.7991333008
13677.2929687500,-57.8201789856
13708.8203125000,-57.8412246704
13740.4199218750,-57.8624267578
13772.0927734375,-57.8841438293
13803.8388671875,-57.9058609009
13835.6572265625,-57.9276695251
13867.5644531250,-57.9523277283
13899.5302734375,-57.9769744873
13931.5693359375,-58.0016174316
13963.6826171875,-58.0292701721
13995.8701171875,-58.0574531555
14028.1318359375,-58.0856361389
14060.4677734375,-58.1158638000
14092.8935546875,-58.1470184326
14125.3789062500,-58.1781578064
14157.9384765625,-58.2104721069
14190.5732421875,-58.2437171936
14223.2841796875,-58.2769622803
14256.0693359375,-58.3108444214
14288.9462890625,-58.3455429077
14321.8837890625,-58.3802261353
14354.8964843750,-58.4153594971
14387.9853515625,-58.4513320923
14421.1503906250,-58.4873046875
14454.3925781250,-58.5238609314
14487.7109375000,-58.5619049072
14521.1220703125,-58.5999679565
14554.5947265625,-58.6387481689
14588.1435546875,-58.6799087524
14621.7705078125,-58.7210731506
14655.4746093750,-58.7626686096
14689.2568359375,-58.8058967590
14723.1328125000,-58.8491477966
14757.0703125000,-58.8917274475
14791.0869140625,-58.9317665100
14825.1806640625,-58.9718017578
14859.3544921875,-59.0093803406
14893.6054687500,-59.0381698608
14927.9365234375,-59.0669593811
14962.3632812500,-59.0880088806
14996.8525390625,-59.0903396606
15031.4208984375,-59.0915145874
15066.0693359375,-59.0926704407
15100.7978515625,-59.0929870605
15135.6064453125,-59.0978775024
15170.5117187500,-59.1029624939
15205.4804687500,-59.1035881042
15240.5302734375,-59.1057357788
15275.6611328125,-59.1129302979
15310.8730468750,-59.1135978699
15346.1650390625,-59.1156616211
15381.5390625000,-59.1181755066
15417.0117187500,-59.1206970215
15452.5488281250,-59.1232185364
15488.1679687500,-59.1320648193
15523.8691406250,-59.1546211243
15559.6533203125,-59.1771812439
15595.5195312500,-59.2063026428
15631.4677734375,-59.2363243103
15667.5166015625,-59.2663612366
15703.6318359375,-59.2964668274
15739.8300781250,-59.3265762329
15776.1113281250,-59.3553123474
15812.4765625000,-59.3796997070
15848.9248046875,-59.4040908813
15885.4755859375,-59.4252128601
15922.0927734375,-59.4422607422
15958.7939453125,-59.4593124390
15995.5800781250,-59.4730567932
16032.4511718750,-59.4851875305
16069.4072265625,-59.4973144531
16106.4482421875,-59.5085449219
16143.5927734375,-59.5196952820
16180.8046875000,-59.5312042236
16218.1025390625,-59.5444259644
16255.4863281250,-59.5576477051
16292.9560546875,-59.5725402832
16330.5126953125,-59.5894584656
16368.1738281250,-59.6063880920
16405.9042968750,-59.6266975403
16443.7207031250,-59.6481590271
16481.6250000000,-59.6699066162
16519.6152343750,-59.6964035034
16557.6953125000,-59.7228965759
16595.8613281250,-59.7514610291
16634.1347656250,-59.7833747864
16672.4765625000,-59.8152694702
16710.9082031250,-59.8518791199
16749.4277343750,-59.8902511597
16788.0371093750,-59.9293746948
16826.7343750000,-59.9763221741
16865.5390625000,-60.0232925415
16904.4160156250,-60.0745811462
16943.3808593750,-60.1308937073
16982.4375000000,-60.1872100830
17021.5820312500,-60.2476043701
17060.8183593750,-60.3086891174
17100.1445312500,-60.3681716919
17139.5820312500,-60.4231605530
17179.0898437500,-60.4781188965
17218.6875000000,-60.5213584900
17258.3789062500,-60.5592041016
17298.1601562500,-60.5947647095
17338.0332031250,-60.6139259338
17378.0000000000,-60.6330833435
17418.0761718750,-60.6476402283
17458.2265625000,-60.6587829590
17498.4687500000,-60.6702423096
17538.8027343750,-60.6887321472
17579.2324218750,-60.7072219849
17619.7519531250,-60.7346649170
17660.3867187500,-60.7702331543
17701.0957031250,-60.8061447144
17741.8984375000,-60.8580474854
17782.7949218750,-60.9099540710
17823.7851562500,-60.9657554626
17864.8691406250,-61.0249671936
17906.0488281250,-61.0839233398
17947.3437500000,-61.1387176514
17988.7148437500,-61.1934890747
18030.1796875000,-61.2400779724
18071.7402343750,-61.2811775208
18113.3964843750,-61.3196334839
18155.1484375000,-61.3432579041
18197.0175781250,-61.3668937683
18238.9628906250,-61.3796081543
18281.0058593750,-61.3880462646
18323.1445312500,-61.3942031860
18365.3808593750,-61.3950119019
18407.7148437500,-61.3958206177
18450.1445312500,-61.3990821838
18492.6953125000,-61.4026374817
18535.3222656250,-61.4120941162
18578.0468750000,-61.4274520874
18620.8710937500,-61.4446334839
18663.7929687500,-61.4751853943
18706.8144531250,-61.5057411194
18749.9355468750,-61.5443954468
18793.1757812500,-61.5857238770
18836.4941406250,-61.6271667480
18879.9140625000,-61.6688156128
18923.4335937500,-61.7098579407
18967.0546875000,-61.7412185669
19010.7734375000,-61.7725753784
19054.6171875000,-61.7934989929
19098.5390625000,-61.8105392456
19142.5625000000,-61.8239593506
19186.6875000000,-61.8322410583
19230.9140625000,-61.8408432007
19275.2421875000,-61.8520545959
19319.6738281250,-61.8632621765
19364.2285156250,-61.8853607178
19408.8632812500,-61.9098777771
19453.6015625000,-61.9430732727
19498.4433593750,-61.9837303162
19543.3886718750,-62.0270957947
19588.4375000000,-62.0777816772
19633.6132812500,-62.1284790039
19678.8691406250,-62.1780891418
19724.2304687500,-62.2277030945
19769.6972656250,-62.2693061829
19815.2675781250,-62.3085060120
19860.9433593750,-62.3407325745
19906.7226562500,-62.3669242859
19952.6328125000,-62.3902359009
19998.6250000000,-62.4072380066
20044.7226562500,-62.4238700867
20090.9277343750,-62.4373474121
20137.2382812500,-62.4508285522
20183.6562500000,-62.4641571045
20230.2031250000,-62.4774818420
20276.8339843750,-62.4912223816
20323.5742187500,-62.5051345825
20370.4218750000,-62.5200004578
20417.3769531250,-62.5356674194
20464.4394531250,-62.5535545349
20511.6113281250,-62.5751342773
20558.9160156250,-62.5994224548
20606.3046875000,-62.6332511902
20653.8046875000,-62.6683616638
20701.4121093750,-62.7191848755
20749.1308593750,-62.7700119019
20796.9589843750,-62.8362350464
20844.8984375000,-62.9034271240
20892.9687500000,-62.9780006409
20941.1289062500,-63.0541877747
20989.4003906250,-63.1279487610
21037.7812500000,-63.2006912231
21086.2753906250,-63.2632789612
21134.8808593750,-63.3180122375
21183.6210937500,-63.3191223145
21232.4511718750,-63.3239135742
21281.3945312500,-63.3255271912
21330.4492187500,-63.3323783875
21379.6171875000,-63.3362236023
21428.8984375000,-63.3541412354
21478.2929687500,-63.3545913696
21527.8261718750,-63.3616485596
21577.4492187500,-63.3742866516
21627.1875000000,-63.3782730103
21677.0390625000,-63.3912315369
21727.0058593750,-63.3915367126
21777.0878906250,-63.4076156616
21827.3105468750,-63.4092750549
21877.6230468750,-63.4115791321
21928.0527343750,-63.4117012024
21978.5996093750,-63.4453849792
22029.2617187500,-63.4829788208
22080.0410156250,-63.5203285217
22130.9355468750,-63.5557632446
22181.9746093750,-63.5903968811
22233.1054687500,-63.6187095642
22284.3535156250,-63.6458663940
22335.7207031250,-63.6651229858
22387.2070312500,-63.6834259033
22438.8105468750,-63.6962661743
22490.5585937500,-63.7091331482
22542.4003906250,-63.7220840454
22594.3632812500,-63.7365684509
22646.4433593750,-63.7565269470
22698.6464843750,-63.7792434692
22750.9667968750,-63.8095474243
22803.4101562500,-63.8427047729
22855.9980468750,-63.8818550110
22908.6835937500,-63.9225349426
22961.4902343750,-63.9656486511
23014.4179687500,-64.0076904297
23067.4667968750,-64.0484848022
23120.6386718750,-64.0843505859
23173.9335937500,-64.1161041260
23227.3769531250,-64.1387405396
23280.9179687500,-64.1561508179
23334.5820312500,-64.1562194824
23388.3710937500,-64.1566314697
23442.2812500000,-64.1580123901
23496.3183593750,-64.1624908447
23550.5039062500,-64.1628952026
23604.7910156250,-64.1649551392
23659.2011718750,-64.1658096313
23713.7363281250,-64.1755676270
23768.3984375000,-64.1930084229
23823.1875000000,-64.2112884521
23878.1015625000,-64.2310943604
23933.1679687500,-64.2498855591
23988.3359375000,-64.2676620483
24043.6308593750,-64.2852478027
24099.0527343750,-64.3027496338
24154.6035156250,-64.3249435425
24210.2812500000,-64.3481597900
24266.1132812500,-64.3822250366
24322.0488281250,-64.4184265137
24378.1132812500,-64.4645233154
24434.3066406250,-64.5137863159
24490.6289062500,-64.5686721802
24547.0820312500,-64.6251907349
24603.6640625000,-64.6830215454
24660.4042968750,-64.7383193970
24717.2480468750,-64.7927627563
24774.2226562500,-64.8395538330
24831.3300781250,-64.8843994141
24888.5683593750,-64.9217300415
24945.9375000000,-64.9557800293
25003.4394531250,-64.9850234985
25061.1015625000,-65.0095977783
25118.8691406250,-65.0314865112
25176.7714843750,-65.0461578369
25234.8046875000,-65.0587844849
25292.9726562500,-65.0640563965
25351.2753906250,-65.0678176880
25409.7402343750,-65.0690307617
25468.3105468750,-65.0731430054
25527.0175781250,-65.0789413452
25585.8593750000,-65.0962295532
25644.8359375000,-65.1174926758
25703.9492187500,-65.1517410278
25763.1972656250,-65.1917648315
25822.6132812500,-65.2388610840
25882.1347656250,-65.2918243408
25941.7949218750,-65.3470077515
26001.5937500000,-65.4063262939
26061.5292968750,-65.4660568237
26121.6015625000,-65.5266189575
26181.8437500000,-65.5854873657
26242.1953125000,-65.6433410645
26302.6835937500,-65.6946868896
26363.3144531250,-65.7434616089
26424.0839843750,-65.7862014771
26484.9921875000,-65.8251571655
26546.0429687500,-65.8615646362
26607.2617187500,-65.8946456909
26668.5937500000,-65.9269409180
26730.0664062500,-65.9578094482
26791.6816406250,-65.9888763428
26853.4375000000,-66.0200653076
26915.3378906250,-66.0567245483
26977.4082031250,-66.0976181030
27039.5937500000,-66.1468353271
27101.9218750000,-66.2063674927
27164.3945312500,-66.2711105347
27227.0097656250,-66.3446578979
27289.7695312500,-66.4169082642
27352.6738281250,-66.4874801636
27415.7539062500,-66.5448455811
27478.9492187500,-66.5542907715
27542.2910156250,-66.5583572388
27605.7773437500,-66.5612030029
27669.4101562500,-66.5696105957
27733.1914062500,-66.5768280029
27797.1171875000,-66.5942230225
27861.2226562500,-66.5956497192
27925.4453125000,-66.5966796875
27989.8144531250,-66.6166000366
28054.3339843750,-66.6244125366
28119.0000000000,-66.6313400269
28183.8164062500,-66.6326675415
28248.8144531250,-66.6398086548
28313.9296875000,-66.6453781128
28379.1953125000,-66.6728591919
28444.6113281250,-66.7235870361
28510.1777343750,-66.7765731812
28575.8964843750,-66.8322982788
28641.7656250000,-66.8700256348
28707.8183593750,-66.8705368042
28773.9921875000,-66.8826675415
28840.3183593750,-66.8855209351
28906.7968750000,-66.8888244629
28973.4296875000,-66.9072799683
29040.2148437500,-66.9198074341
29107.1855468750,-66.9316711426
29174.2812500000,-66.9446334839
29241.5292968750,-66.9550018311
29308.9335937500,-66.9583358765
29376.4921875000,-66.9886398315
29444.2070312500,-66.9985809326
29512.0781250000,-67.0209808350
29580.1386718750,-67.0247268677
29648.3222656250,-67.0459823608
29716.6640625000,-67.0559234619
29785.1621093750,-67.0874862671
29853.8203125000,-67.0880126953
29922.6347656250,-67.1026153564
29991.6406250000,-67.1148376465
30060.7734375000,-67.1168518066
30130.0664062500,-67.1296005249
30199.5175781250,-67.1313629150
30269.1308593750,-67.1793746948
30338.9023437500,-67.2421264648
30408.8359375000,-67.2855529785
30478.9648437500,-67.3140563965
30549.2207031250,-67.3329696655
30619.6386718750,-67.3486557007
30690.2187500000,-67.3673019409
30760.9628906250,-67.3943405151
30831.8691406250,-67.4281768799
30902.9375000000,-67.4662246704
30974.2050781250,-67.5070037842
31045.6035156250,-67.5499649048
31117.1660156250,-67.5956878662
31188.8925781250,-67.6457595825
31260.7851562500,-67.6991500854
31332.8437500000,-67.7518310547
31405.1035156250,-67.7817382813
31477.4941406250,-67.7909088135
31550.0507812500,-67.7985992432
31622.7773437500,-67.7994918823
31695.6699218750,-67.8236618042
31768.7304687500,-67.8384475708
31841.9589843750,-67.8397293091
31915.3925781250,-67.8669281006
31988.9589843750,-67.8723602295
32062.6972656250,-67.8859863281
32136.6035156250,-67.9002532959
32210.6796875000,-67.9013366699
32284.9277343750,-67.9168167114
32359.3828125000,-67.9246597290
32433.9726562500,-67.9375534058
32508.7363281250,-67.9596710205
32583.6718750000,-67.9635314941
32658.7792968750,-67.9766159058
32734.0585937500,-67.9800415039
32809.5156250000,-67.9801788330
32885.1796875000,-68.0757751465
32960.9804687500,-68.1869812012
33036.9570312500,-68.3099822998
33113.1093750000,-68.4379425049
33189.4375000000,-68.5608291626
33265.9414062500,-68.6674652100
33342.6250000000,-68.7037200928
33419.5156250000,-68.7037200928
33496.5507812500,-68.7037200928
33573.7617187500,-68.7167739868
33651.1523437500,-68.7439575195
33728.7226562500,-68.7483978271
33806.4687500000,-68.7627487183
33884.4335937500,-68.7646179199
33962.5390625000,-68.7701568604
34040.8242187500,-68.7754745483
34119.2890625000,-68.7947998047
34197.9375000000,-68.7956237793
34276.7656250000,-68.7962646484
34355.7773437500,-68.7985229492
34435.0078125000,-68.8142471313
34514.3828125000,-68.8178100586
34593.9414062500,-68.8184432983
34673.6835937500,-68.8358078003
34753.6054687500,-68.8517761230
34833.7187500000,-68.8741607666
34914.0507812500,-68.8853454590
34994.5273437500,-68.9029693604
35075.1953125000,-68.9271469116
35156.0429687500,-68.9324645996
35237.0820312500,-68.9446945190
35318.3046875000,-68.9664535522
35399.7148437500,-68.9720535278
35481.3554687500,-68.9759140015
35563.1406250000,-68.9802398682
35645.1171875000,-69.0228424072
35727.2812500000,-69.0718307495
35809.6367187500,-69.1267242432
35892.1796875000,-69.1899185181
35974.9531250000,-69.2616958618
36057.8789062500,-69.3401641846
36140.9921875000,-69.4223480225
36224.3007812500,-69.5054931641
36307.8007812500,-69.5879745483
36391.4921875000,-69.6689147949
36475.3789062500,-69.7463531494
36559.4960937500,-69.8050155640
36643.7695312500,-69.8137512207
36728.2343750000,-69.8152923584
36812.8945312500,-69.8199310303
36897.7539062500,-69.8424224854
36982.8046875000,-69.8504257202
37068.0507812500,-69.8674163818
37153.5390625000,-69.8765869141
37239.1796875000,-69.8820877075
37325.0195312500,-69.8942413330
37411.0546875000,-69.8979263306
37497.2890625000,-69.9032211304
37583.7226562500,-69.9117660522
37670.3984375000,-69.9154739380
37757.2304687500,-69.9257507324
37844.2656250000,-69.9501647949
37931.5000000000,-69.9883651733
38018.9335937500,-70.0291442871
38106.5703125000,-70.0398559570
38194.4062500000,-70.0465316772
38282.4921875000,-70.0527877808
38370.7343750000,-70.0656356812
38459.1796875000,-70.0913543701
38547.8320312500,-70.0978469849
38636.6875000000,-70.0985717773
38725.7500000000,-70.1046142578
38815.0585937500,-70.1783447266
38904.5273437500,-70.2729110718
38994.2070312500,-70.3606872559
39084.0898437500,-70.3834304810
39174.1835937500,-70.3965682983
39264.4804687500,-70.4123764038
39354.9882812500,-70.4222259521
39445.7460937500,-70.4228210449
39536.6718750000,-70.4455261230
39627.8085937500,-70.4500198364
39719.1523437500,-70.4960403442
39810.7070312500,-70.5781631470
39902.4765625000,-70.6631546021
39994.4960937500,-70.7354736328
40086.6875000000,-70.7851104736
40179.0898437500,-70.7879943848
40271.7070312500,-70.7940292358
40364.5351562500,-70.7954864502
40457.5781250000,-70.8114089966
40550.8359375000,-70.8129882813
40644.3515625000,-70.8202209473
40738.0390625000,-70.8213424683
40831.9453125000,-70.8232269287
40926.0664062500,-70.8238372803
41020.4023437500,-70.8243408203
41114.9570312500,-70.8682098389
41209.7304687500,-70.9333648682
41304.7656250000,-71.0059204102
41399.9765625000,-71.0743331909
41495.4062500000,-71.1493530273
41591.0585937500,-71.1958847046
41686.9257812500,-71.2174148560
41783.0195312500,-71.2411422729
41879.3789062500,-71.2715301514
41975.9140625000,-71.3086242676
42072.6679687500,-71.3484115601
42169.6484375000,-71.3973617554
42266.8554687500,-71.4018554688
42364.2812500000,-71.4061126709
42461.9335937500,-71.4100265503
42559.8593750000,-71.4199752808
42657.9648437500,-71.4219818115
42756.2929687500,-71.4307479858
42854.8476562500,-71.5121231079
42953.6328125000,-71.6263351440
43052.6445312500,-71.7095336914
43151.9296875000,-71.7855987549
43251.3984375000,-71.8454895020
43351.0976562500,-71.8654327393
43451.0234375000,-71.8727493286
43551.1796875000,-71.8752365112
43651.5703125000,-71.8828811646
43752.1914062500,-71.8931121826
43853.0898437500,-71.9031600952
43954.1757812500,-71.9851455688
44055.4921875000,-72.0763702393
44157.0429687500,-72.1234054565
44258.8281250000,-72.1291427612
44360.8476562500,-72.1324539185
44463.1015625000,-72.1347198486
44565.6406250000,-72.1456375122
44668.3671875000,-72.1514358521
44771.3320312500,-72.1515960693
44874.5351562500,-72.1612167358
44977.9726562500,-72.1819076538
45081.6484375000,-72.2265167236
45185.6171875000,-72.2533569336
45289.7734375000,-72.2674179077
45394.1679687500,-72.2677383423
45498.8046875000,-72.2712173462
45603.6835937500,-72.2755584717
45708.8046875000,-72.2835769653
45814.1640625000,-72.3493881226
45919.8203125000,-72.4528427124
46025.6679687500,-72.5322265625
46131.7617187500,-72.5949859619
46238.0976562500,-72.5991058350
46344.6796875000,-72.6022338867
46451.5078125000,-72.6220016479
46558.6328125000,-72.6512603760
46665.9531250000,-72.6566696167
46773.5234375000,-72.6649627686
46881.3398437500,-72.7414169312
46989.4023437500,-72.8235702515
47097.7187500000,-72.9165649414
47206.2812500000,-72.9613037109
47315.1484375000,-72.9693298340
47424.2109375000,-72.9913711548
47533.5273437500,-73.0430374146
47643.0976562500,-73.0897216797
47752.9179687500,-73.1149826050
47862.9921875000,-73.1162338257
47973.3710937500,-73.1192016602
48083.9531250000,-73.1195602417
48194.7890625000,-73.1295166016
48305.8828125000,-73.1297683716
48417.2304687500,-73.1426544189
48528.8359375000,-73.1430282593
48640.6992187500,-73.1525955200
48752.8710937500,-73.1716461182
48865.2500000000,-73.1880569458
48977.8867187500,-73.1996536255
49090.7851562500,-73.2102203369
49203.9453125000,-73.2120666504
49317.3632812500,-73.2242736816
49431.0429687500,-73.2385940552
49545.0390625000,-73.3072357178
49659.2421875000,-73.3178863525
49773.7109375000,-73.3222961426
49888.4453125000,-73.3260803223
50003.4414062500,-73.3690185547
50118.7031250000,-73.3807296753
50234.2851562500,-73.3827667236
50350.0781250000,-73.3934249878
50466.1367187500,-73.4751815796
50582.4648437500,-73.5397644043
50699.0625000000,-73.5528182983
50815.9257812500,-73.5666580200
50933.0625000000,-73.5806732178
51050.5234375000,-73.5988235474
51168.1953125000,-73.6135711670
51286.1445312500,-73.6307830811
51404.3593750000,-73.6446685791
51522.8515625000,-73.6474533081
51641.6171875000,-73.6964340210
51760.7109375000,-73.7687988281
51880.0234375000,-73.8404159546
51999.6093750000,-73.9037170410
52119.4726562500,-73.9553070068
52239.6093750000,-73.9854965210
52360.0273437500,-74.0335845947
52480.7187500000,-74.0425796509
52601.7500000000,-74.0537338257
52723.0000000000,-74.0582046509
52844.5312500000,-74.0787429810
52966.3398437500,-74.0821228027
53088.4335937500,-74.0958175659
53210.8046875000,-74.1230621338
53333.5195312500,-74.2268676758
53456.4570312500,-74.3622512817
53579.6757812500,-74.4969863892
53703.1835937500,-74.4991073608
53826.9726562500,-74.5198516846
53951.0468750000,-74.5227203369
54075.4062500000,-74.5754394531
54200.1132812500,-74.5842285156
54325.0507812500,-74.5851058960
54450.2734375000,-74.6123275757
54575.7851562500,-74.6548385620
54701.5859375000,-74.6984176636
54827.6757812500,-74.7143249512
54954.0585937500,-74.7211608887
55080.7929687500,-74.7448196411
55207.7578125000,-74.7955245972
55335.0156250000,-74.8573226929
55462.5664062500,-74.9206848145
55590.4101562500,-74.9324188232
55718.5507812500,-74.9433898926
55847.0468750000,-74.9491882324
55975.7773437500,-74.9812393188
56104.8085937500,-74.9836120605
56234.1328125000,-74.9905776978
56363.7578125000,-75.0190200806
56493.6796875000,-75.0276336670
56623.9023437500,-75.0440139771
56754.4843750000,-75.0507736206
56885.3085937500,-75.0513992310
57016.4335937500,-75.0974426270
57147.8593750000,-75.1230392456
57279.5898437500,-75.1388549805
57411.6210937500,-75.1844406128
57544.0234375000,-75.2086944580
57676.6679687500,-75.2238159180
57809.6171875000,-75.2392654419
57942.8710937500,-75.2426147461
58076.4335937500,-75.2796630859
58210.3046875000,-75.2812576294
58344.4843750000,-75.3207702637
58479.0351562500,-75.3285675049
58613.8320312500,-75.3414840698
58748.9414062500,-75.3980026245
58884.3632812500,-75.4000167847
59020.0937500000,-75.4331283569
59156.1406250000,-75.4540786743
59292.5000000000,-75.4970397949
59429.2382812500,-75.5299758911
59566.2265625000,-75.5406112671
59703.5312500000,-75.5598373413
59841.1523437500,-75.5784225464
59979.0898437500,-75.6331253052
60117.3476562500,-75.6821212769
60255.9882812500,-75.6898880005
60394.8828125000,-75.7230300903
60534.0976562500,-75.7682113647
60673.6328125000,-75.7784881592
60813.4882812500,-75.8748092651
60953.6679687500,-75.9354324341
61094.1718750000,-75.9445495605
61235.0625000000,-75.9778137207
61376.2148437500,-75.9879150391
61517.6914062500,-75.9888763428
61659.4960937500,-76.0438461304
61801.6250000000,-76.0541152954
61944.0820312500,-76.0662307739
62086.9335937500,-76.1057357788
62230.0507812500,-76.1059265137
62373.4960937500,-76.1376571655
62517.2695312500,-76.1383895874
62661.3750000000,-76.1489181519
62805.8164062500,-76.1684417725
62950.5859375000,-76.1727066040
63095.7617187500,-76.1985015869
63241.2031250000,-76.2007751465
63386.9765625000,-76.2019958496
63533.0898437500,-76.2109069824
63679.5390625000,-76.2729034424
63826.3242187500,-76.3645095825
63973.5195312500,-76.3709335327
64120.9804687500,-76.3785018921
64268.7851562500,-76.3935394287
64416.9296875000,-76.3974380493
64565.4140625000,-76.3978042603
64714.2421875000,-76.4007644653
64863.4140625000,-76.4141006470
65013.0000000000,-76.4663467407
65162.8593750000,-76.4752655029
65313.0625000000,-76.4754028320
65463.6132812500,-76.5744247437
65614.5156250000,-76.6477890015
65765.7578125000,-76.6932983398
65917.3515625000,-76.7259216309
66069.3671875000,-76.7599105835
66221.6640625000,-76.7676544189
66374.3125000000,-76.7778244019
66527.3125000000,-76.7837829590
66680.6562500000,-76.8018722534
66834.3593750000,-76.8643417358
66988.4921875000,-76.8968353271
67142.9062500000,-76.9089965820
67297.6796875000,-77.0186691284
67452.8046875000,-77.0233917236
67608.2890625000,-77.0468902588
67764.1250000000,-77.1343536377
67920.3281250000,-77.1457519531
68076.9609375000,-77.2141799927
68233.8906250000,-77.2365112305
68391.1718750000,-77.2984542847
68548.8203125000,-77.3425674438
68706.8281250000,-77.3463592529
68865.2031250000,-77.3921508789
69024.0156250000,-77.4120178223
69183.1250000000,-77.5435028076
69342.5937500000,-77.5480957031
69502.4296875000,-77.5920333862
69662.6406250000,-77.6277236938
69823.2187500000,-77.6599044800
69984.1640625000,-77.6696395874
70145.5625000000,-77.6743774414
70307.2500000000,-77.6790466309
70469.3125000000,-77.7059020996
70631.7500000000,-77.7086791992
70794.5625000000,-77.7422180176
70957.7500000000,-77.7533874512
71121.3906250000,-77.7561569214
71285.3281250000,-77.7836227417
71449.6484375000,-77.8021240234
71614.3437500000,-77.8062744141
71779.4218750000,-77.8085556030
71944.8750000000,-77.8375320435
72110.7187500000,-77.9688873291
72277.0156250000,-78.1320114136
72443.6171875000,-78.1417007446
72610.6093750000,-78.1706085205
72777.9765625000,-78.1848754883
72945.7343750000,-78.2005920410
73113.8828125000,-78.2153701782
73282.4140625000,-78.2419052124
73451.4140625000,-78.2699203491
73620.7265625000,-78.2814407349
73790.4296875000,-78.3152694702
73960.5234375000,-78.3365783691
74131.0078125000,-78.3900299072
74301.8828125000,-78.4133987427
74473.2343750000,-78.4152526855
74644.8984375000,-78.4675140381
74816.9609375000,-78.4687881470
74989.4218750000,-78.4879455566
75162.2734375000,-78.4929122925
75335.5312500000,-78.4985046387
75509.1875000000,-78.5109863281
75683.3203125000,-78.5177459717
75857.7812500000,-78.5184402466
76032.6328125000,-78.5401229858
76207.8984375000,-78.5415878296
76383.5625000000,-78.5484466553
76559.6328125000,-78.5574417114
76736.1875000000,-78.5946807861
76913.0703125000,-78.6573715210
77090.3593750000,-78.6842346191
77268.0625000000,-78.8514785767
77446.1718750000,-78.8661270142
77624.6875000000,-78.8913497925
77803.6171875000,-78.8987503052
77983.0468750000,-78.9620895386
78162.8046875000,-78.9764938354
78342.9765625000,-78.9960479736
78523.5625000000,-79.0055007935
78704.5625000000,-79.0213088989
78885.9843750000,-79.0246124268
79067.8203125000,-79.0469894409
79250.1640625000,-79.0503997803
79432.8437500000,-79.0904922485
79615.9375000000,-79.1133270264
79799.4609375000,-79.1166458130
79983.4062500000,-79.1240386963
80167.7734375000,-79.1283874512
80352.6484375000,-79.1984786987
80537.8671875000,-79.2729797363
80723.5156250000,-79.3316650391
80909.5859375000,-79.3754425049
81096.0937500000,-79.4160842896
81283.0234375000,-79.4251403809
81470.3828125000,-79.4373855591
81658.2734375000,-79.4574432373
81846.5000000000,-79.5001373291
82035.1640625000,-79.5562286377
82224.2578125000,-79.5573654175
82413.7890625000,-79.5895996094
82603.7578125000,-79.6154174805
82794.2578125000,-79.6158065796
82985.1015625000,-79.6888427734
83176.3906250000,-79.6981506348
83368.1171875000,-79.7103271484
83560.2890625000,-79.7270431519
83752.8984375000,-79.7719726563
83945.9609375000,-79.7943115234
84139.5546875000,-79.8022232056
84333.5000000000,-79.8141174316
84527.8906250000,-79.8260650635
84722.7343750000,-79.8389739990
84918.0312500000,-79.8497695923
85113.7734375000,-79.8686218262
85310.0546875000,-79.9181823730
85506.7031250000,-79.9646759033
85703.8046875000,-79.9908370972
85901.3515625000,-80.0237503052
86099.3671875000,-80.1030883789
86297.8281250000,-80.1996078491
86496.7500000000,-80.2340545654
86696.2265625000,-80.2355651855
86896.0703125000,-80.2463378906
87096.3671875000,-80.3795089722
87297.1328125000,-80.4621353149
87498.3593750000,-80.4970397949
87700.0468750000,-80.5173492432
87902.2031250000,-80.5395202637
88104.9218750000,-80.5801544189
88308.0078125000,-80.5915374756
88511.5703125000,-80.6179809570
88715.5937500000,-80.6183776855
88920.0859375000,-80.6193771362
89125.0546875000,-80.6811828613
89330.5937500000,-80.6853485107
89536.5078125000,-80.7582092285
89742.8906250000,-80.7874984741
89949.7578125000,-80.8147735596
90157.1015625000,-80.8573150635
90364.9140625000,-80.8840560913
90573.2109375000,-80.8884124756
90782.0937500000,-80.8967895508
90991.3515625000,-80.9743118286
91201.0937500000,-80.9812622070
91411.3203125000,-81.0175933838
91622.0234375000,-81.0435943604
91833.2187500000,-81.0448074341
92045.0078125000,-81.0688705444
92257.1718750000,-81.0797805786
92469.8359375000,-81.0918197632
92682.9843750000,-81.1007766724
92896.6250000000,-81.1210556030
93110.7578125000,-81.1296005249
93325.3828125000,-81.1564025879
93540.6093750000,-81.1853713989
93756.2265625000,-81.2912750244
93972.3437500000,-81.3507919312
94188.9531250000,-81.4907760620
94406.0703125000,-81.5082092285
94623.6796875000,-81.5132141113
94841.8984375000,-81.5219345093
95060.5156250000,-81.5461120605
95279.6328125000,-81.5686874390
95499.2656250000,-81.5865554810
95719.3984375000,-81.5904083252
95940.0390625000,-81.6013870239
96161.1875000000,-81.6110610962
96382.9453125000,-81.6210632324
96605.1171875000,-81.6637039185
96827.7968750000,-81.6880569458
97050.9921875000,-81.6983337402
97274.7031250000,-81.7814788818
97498.9296875000,-81.7825012207
97723.6718750000,-81.8008422852
97949.0390625000,-81.8127212524
98174.8203125000,-81.8426666260
98401.1171875000,-81.8573226929
98627.9375000000,-81.8837890625
98855.2812500000,-81.8969955444
99083.1484375000,-81.9005432129
99311.6562500000,-81.9133834839
99540.5781250000,-81.9236373901
99770.0234375000,-81.9249191284
100000.0000000000,-81.9369812012
100230.5078125000,-81.9492721558
100461.5468750000,-81.9720611572
100693.1171875000,-82.0210723877
100925.3359375000,-82.0841751099
101157.9687500000,-82.0894317627
101391.1484375000,-82.1148223877
101624.8593750000,-82.1582412720
101859.1171875000,-82.2372055054
102093.9062500000,-82.3135833740
102329.3515625000,-82.3806076050
102565.2265625000,-82.4341430664
102801.6484375000,-82.4739837646
103038.6171875000,-82.5034408569
103276.1250000000,-82.5277709961
103514.1875000000,-82.5521621704
103752.7890625000,-82.5801696777
103992.0625000000,-82.6126556396
104231.7734375000,-82.6480178833
104472.0312500000,-82.6839675903
104712.8515625000,-82.7183914185
104954.2187500000,-82.7500762939
105196.1484375000,-82.7790451050
105438.6328125000,-82.8061904907
105681.7890625000,-82.8326339722
105925.3984375000,-82.8588790894
106169.5625000000,-82.8844528198
106414.2890625000,-82.9081420898
106659.5859375000,-82.9288558960
106905.4375000000,-82.9466857910
107151.9843750000,-82.9634399414
107398.9765625000,-82.9821472168
107646.5390625000,-83.0058212280
107894.6718750000,-83.0358276367
108143.3750000000,-83.0708236694
108392.6562500000,-83.1067886353
108642.5078125000,-83.1380996704
108893.0546875000,-83.1428833008
109144.0625000000,-83.1457824707
109395.6484375000,-83.1502609253
109647.8125000000,-83.1554260254
109900.5546875000,-83.1595230103
110153.8828125000,-83.1640701294
110407.9218750000,-83.1652603149
110662.4140625000,-83.1682357788
110917.5000000000,-83.1864242554
111173.1718750000,-83.2099990845
111429.4375000000,-83.2315444946
111686.2890625000,-83.2514953613
111943.7343750000,-83.2738189697
112201.8984375000,-83.3040161133
112460.5312500000,-83.3464508057
112719.7578125000,-83.4021453857
112979.5859375000,-83.4677734375
113240.0078125000,-83.5361022949
113501.0390625000,-83.5979309082
113762.7890625000,-83.6450881958
114025.0234375000,-83.6734466553
114287.8593750000,-83.6840133667
114551.2968750000,-83.6846160889
114815.3437500000,-83.6852264404
115080.0078125000,-83.6943283081
115345.2734375000,-83.7196502686
115611.2812500000,-83.7410888672
115877.7734375000,-83.7607040405
116144.8750000000,-83.7771224976
116412.6015625000,-83.7924575806
116680.9375000000,-83.8110809326
116949.8984375000,-83.8373260498
117219.4765625000,-83.8733367920
117489.8046875000,-83.9180221558
117760.6250000000,-83.9674224854
118032.0703125000,-84.0162506104
118304.1406250000,-84.0600051880
118576.8437500000,-84.0966415405
118850.1718750000,-84.1269073486
119124.2578125000,-84.1528701782
119398.8515625000,-84.1641998291
119674.0703125000,-84.1680526733
119949.9296875000,-84.1754531860
120226.4218750000,-84.1847534180
120503.5546875000,-84.1916427612
120781.3203125000,-84.1938934326
121059.8671875000,-84.2030868530
121338.9140625000,-84.2040252686
121618.6093750000,-84.2430191040
121898.9531250000,-84.3109359741
122179.9375000000,-84.3890533447
122461.5703125000,-84.5016555786
122743.9843750000,-84.5901947021
123026.9218750000,-84.6261901855
123310.5078125000,-84.6454620361
123594.7421875000,-84.6476821899
123879.6406250000,-84.6487579346
124165.1953125000,-84.6513748169
124451.3984375000,-84.6518630981
124738.4062500000,-84.6520233154
125025.9375000000,-84.6621322632
125314.1328125000,-84.6752014160
125602.9921875000,-84.6972198486
125892.5156250000,-84.7325973511
126182.7031250000,-84.7844161987
126473.7031250000,-84.8528060913
126765.2343750000,-84.9779205322
127057.4375000000,-85.1073226929
127350.3125000000,-85.1810073853
127643.8671875000,-85.2357101440
127938.0937500000,-85.2432022095
128233.0000000000,-85.2500991821
128528.7265625000,-85.2534255981
128824.9921875000,-85.2676925659
129121.9453125000,-85.2677230835
129419.5781250000,-85.2725830078
129717.8984375000,-85.2781448364
130016.9140625000,-85.2924804688
130316.6093750000,-85.3236923218
130617.1406250000,-85.3299636841
130918.2265625000,-85.3304138184
131220.0000000000,-85.3378067017
131522.4687500000,-85.3421173096
131825.6406250000,-85.3538131714
132129.5000000000,-85.3560104370
132434.2187500000,-85.3596954346
132739.4843750000,-85.3627624512
133045.4687500000,-85.3986740112
133352.1406250000,-85.4435958862
133659.5312500000,-85.5204162598
133967.6250000000,-85.5948562622
134276.4218750000,-85.6342544556
134586.0937500000,-85.6617507935
134896.3281250000,-85.6799468994
135207.2656250000,-85.6808853149
135518.9375000000,-85.6813430786
135831.3125000000,-85.6826095581
136144.4062500000,-85.6867523193
136458.3906250000,-85.7084960938
136772.9375000000,-85.7447586060
137088.2031250000,-85.7781219482
137404.2031250000,-85.8180999756
137720.9218750000,-85.8914871216
138038.3906250000,-85.9773483276
138356.5781250000,-86.0392379761
138675.6406250000,-86.0993881226
138995.2968750000,-86.1716766357
139315.7031250000,-86.1749114990
139636.8281250000,-86.1837921143
139958.7031250000,-86.1876907349
140281.3125000000,-86.2072219849
140604.6718750000,-86.2134475708
140928.9375000000,-86.2174606323
141253.7812500000,-86.2282257080
141579.3906250000,-86.2705307007
141905.7343750000,-86.2878112793
142232.8437500000,-86.2946548462
142560.7031250000,-86.2984008789
142889.4687500000,-86.3169784546
143218.8281250000,-86.3506469727
143548.9687500000,-86.4361953735
143879.8593750000,-86.5444488525
144211.5156250000,-86.6177749634
144543.9218750000,-86.7063827515
144877.1093750000,-86.7647628784
145211.2187500000,-86.7849960327
145545.9375000000,-86.7968063354
145881.4375000000,-86.8125076294
146217.7031250000,-86.8389739990
146554.7500000000,-86.8685226440
146892.5625000000,-86.8897018433
147231.3281250000,-86.9094314575
147570.7031250000,-86.9217987061
147910.8593750000,-86.9273147583
148251.8125000000,-86.9595336914
148593.5468750000,-86.9826965332
148936.0625000000,-86.9877853394
149279.3750000000,-86.9963150024
149623.6250000000,-87.0170364380
149968.5312500000,-87.0257644653
150314.2187500000,-87.0270767212
150660.7031250000,-87.0756225586
151007.9843750000,-87.0998153687
151356.0625000000,-87.1036834717
151705.1250000000,-87.1077575684
152054.8125000000,-87.1236419678
152405.3125000000,-87.1475601196
152756.6093750000,-87.2038803101
153108.7187500000,-87.2747573853
153461.6562500000,-87.3480987549
153815.3906250000,-87.3952713013
154170.1093750000,-87.3970031738
154525.4843750000,-87.4082412720
154881.6875000000,-87.4157104492
155238.7031250000,-87.4189300537
155596.5312500000,-87.4313507080
155955.1875000000,-87.4350280762
156314.6875000000,-87.4743194580
156675.1718750000,-87.4924850464
157036.3125000000,-87.5007629395
157398.2968750000,-87.5042648315
157761.1093750000,-87.5312118530
158124.7656250000,-87.5314712524
158489.2500000000,-87.5327453613
158854.7500000000,-87.5600662231
159220.9218750000,-87.5623397827
159587.9375000000,-87.5642395020
159955.7968750000,-87.5888900757
160324.5156250000,-87.6366500854
160694.0625000000,-87.7169799805
161064.4843750000,-87.8404159546
161435.9218750000,-87.9828796387
161808.0468750000,-88.0569381714
162181.0312500000,-88.0679397583
162554.8593750000,-88.0742492676
162929.5625000000,-88.1088867188
163305.1250000000,-88.1377792358
163681.7343750000,-88.1783447266
164059.0312500000,-88.1793060303
164437.2031250000,-88.2281723022
164816.2343750000,-88.2352523804
165196.1562500000,-88.2438964844
165576.9375000000,-88.3318786621
165958.6093750000,-88.3465347290
166341.3437500000,-88.3488082886
166724.7656250000,-88.3556747437
167109.0781250000,-88.3558044434
167494.2812500000,-88.3574981689
167880.3593750000,-88.3606262207
168267.3437500000,-88.3618469238
168655.3906250000,-88.3738784790
169044.1562500000,-88.3777847290
169433.8125000000,-88.3778305054
169824.3750000000,-88.3809127808
170215.8281250000,-88.3897094727
170608.1875000000,-88.3921585083
171001.4531250000,-88.4318542480
171395.8125000000,-88.5036773682
171790.8906250000,-88.5973739624
172186.8750000000,-88.6797943115
172583.7812500000,-88.7217178345
172981.6093750000,-88.7352218628
173380.3437500000,-88.7434005737
173779.9843750000,-88.7795410156
174180.7500000000,-88.8192825317
174582.2500000000,-88.8483810425
174984.6875000000,-88.8626480103
175388.0312500000,-88.8708114624
175792.3125000000,-88.8918457031
176197.5312500000,-88.8984375000
176603.8750000000,-88.9030761719
177010.9531250000,-88.9095230103
177418.9843750000,-88.9124526978
177827.9375000000,-88.9303970337
178237.8437500000,-88.9849853516
178648.7031250000,-89.0511398315
179060.5000000000,-89.1123580933
179473.4375000000,-89.1631698608
179887.1406250000,-89.2279281616
180301.7968750000,-89.2787094116
180717.4062500000,-89.3235855103
181133.9687500000,-89.3600158691
181551.5000000000,-89.3725585938
181970.1875000000,-89.3908233643
182389.6406250000,-89.4487838745
182810.0625000000,-89.5202255249
183231.4531250000,-89.6085281372
183653.8125000000,-89.6869735718
184077.1406250000,-89.6880187988
184501.4531250000,-89.7002944946
184926.9531250000,-89.7324752808
185353.2187500000,-89.7401580811
185780.4687500000,-89.7839813232
186208.7031250000,-89.7919387817
186637.9375000000,-89.8286972046
187068.1406250000,-89.8599700928
187499.3437500000,-89.8670654297
187931.7500000000,-89.8972091675
188364.9531250000,-89.8985900879
188799.1406250000,-89.9390029907
189234.3437500000,-89.9592208862
189670.5312500000,-89.9610366821
190107.7500000000,-89.9750213623
190546.1562500000,-89.9834213257
190985.3906250000,-89.9863662720
191425.6250000000,-89.9929733276
191866.8750000000,-90.0473022461
192309.1406250000,-90.1482620239
192752.4218750000,-90.2352294922
193196.7343750000,-90.2354125977
193642.2812500000,-90.2644653320
194088.6406250000,-90.2657241821
194536.0312500000,-90.3156051636
194984.4375000000,-90.3350524902
195433.8906250000,-90.3414230347
195884.3906250000,-90.3916320801
196336.1250000000,-90.3923110962
196788.7031250000,-90.4134368896
197242.3125000000,-90.4322357178
197696.9687500000,-90.4879226685
198152.6718750000,-90.5131683350
198609.4218750000,-90.5367355347
199067.2343750000,-90.5767440796
199526.3125000000,-90.6324081421
199986.2343750000,-90.6345520020
200447.2187500000,-90.6418685913
200909.2656250000,-90.6628265381
201372.3750000000,-90.6879119873
201836.5625000000,-90.6911392212
202302.0312500000,-90.6921463013
202768.3437500000,-90.7439575195
203235.7343750000,-90.7817840576
203704.2187500000,-90.8145523071
204173.7656250000,-90.8663101196
204644.4062500000,-90.9544525146
205116.1250000000,-90.9671707153
205589.1562500000,-90.9755325317
206063.0468750000,-90.9901809692
206538.0468750000,-91.0115737915
207014.1250000000,-91.0317764282
207491.3125000000,-91.0392456055
207969.5937500000,-91.0676651001
208448.9843750000,-91.0770263672
208929.7031250000,-91.0845184326
209411.2968750000,-91.1245346069
209894.0000000000,-91.1607284546
210377.8281250000,-91.1681289673
210862.7500000000,-91.1684570313
211348.8125000000,-91.2068023682
211836.2187500000,-91.2632217407
212324.5156250000,-91.2916412354
212813.9375000000,-91.3119049072
213304.4843750000,-91.3143157959
213796.1718750000,-91.3225173950
214288.9843750000,-91.3548049927
214782.9375000000,-91.3730468750
215278.2656250000,-91.3733215332
215774.5000000000,-91.3807449341
216271.8750000000,-91.4565048218
216770.3906250000,-91.5397720337
217270.0625000000,-91.6119689941
217770.8906250000,-91.6814880371
218273.1093750000,-91.6870269775
218776.2343750000,-91.6936340332
219280.5312500000,-91.7525024414
219785.9843750000,-91.7577438354
220292.6093750000,-91.7696151733
220800.4062500000,-91.7902374268
221309.3593750000,-91.8278198242
221819.7343750000,-91.8406982422
222331.0468750000,-91.8489837646
222843.5468750000,-91.8734359741
223357.2031250000,-91.8777618408
223872.0625000000,-91.8990249634
224388.1093750000,-91.9262771606
224905.5781250000,-91.9346160889
225424.0000000000,-91.9387207031
225943.6250000000,-91.9874801636
226464.4375000000,-91.9977798462
226986.4531250000,-92.0234375000
227509.6718750000,-92.0794677734
228034.1093750000,-92.0897598267
228559.9843750000,-92.0919342041
229086.8281250000,-92.0990295410
229614.8906250000,-92.1093368530
230144.1718750000,-92.1209335327
230674.6718750000,-92.1642761230
231206.3906250000,-92.3215408325
231739.3437500000,-92.3939743042
232273.7812500000,-92.3943176270
232809.1875000000,-92.3968048096
233345.8281250000,-92.4344253540
233883.7031250000,-92.4446868896
234422.8125000000,-92.4496536255
234963.1875000000,-92.4773712158
235505.0468750000,-92.4777603149
236047.9062500000,-92.5544204712
236592.0156250000,-92.6619949341
237137.3750000000,-92.7226181030
237683.9843750000,-92.7347183228
238231.8750000000,-92.7356338501
238781.0156250000,-92.7680664063
239331.6718750000,-92.8736038208
239883.3593750000,-92.9183502197
240436.2968750000,-92.9348983765
240990.5312500000,-92.9698486328
241546.0312500000,-92.9919128418
242102.8125000000,-92.9950180054
242661.1406250000,-93.0104293823
243220.4843750000,-93.0110702515
243781.1250000000,-93.0179824829
244343.0625000000,-93.0220489502
244906.2968750000,-93.0474166870
245470.8125000000,-93.0632553101
246036.6406250000,-93.0818634033
246604.0468750000,-93.0859298706
247172.4843750000,-93.0964736938
247742.2343750000,-93.1006164551
248313.2968750000,-93.1427307129
248885.6718750000,-93.2379226685
249459.3750000000,-93.3146820068
250034.4062500000,-93.3220214844
250611.0156250000,-93.3393173218
251188.7031250000,-93.3430709839
251767.7031250000,-93.3521575928
252348.0468750000,-93.3757781982
252929.7343750000,-93.3787918091
253512.7500000000,-93.3994445801
254097.3906250000,-93.4209060669
254683.1093750000,-93.4259796143
255270.1718750000,-93.4829177856
255858.5781250000,-93.4981689453
256448.3593750000,-93.5244827271
257039.4843750000,-93.5251007080
257631.9843750000,-93.5405120850
258226.1250000000,-93.6748580933
258821.3593750000,-93.7651290894
259417.9531250000,-93.7767944336
260015.9375000000,-93.7928390503
260615.2812500000,-93.8061447144
261216.0312500000,-93.8179168701
261818.4375000000,-93.8280487061
262421.9375000000,-93.8284835815
263026.8437500000,-93.8423233032
263633.1562500000,-93.8501434326
264240.8437500000,-93.8566284180
264849.9375000000,-93.8586425781
265460.4375000000,-93.8691787720
266072.6250000000,-94.0276947021
266685.9375000000,-94.0909194946
267300.6562500000,-94.0945205688
267916.8125000000,-94.1301574707
268534.3750000000,-94.1382293701
269153.3750000000,-94.1489028931
269774.0937500000,-94.2067871094
270395.9375000000,-94.2790603638
271019.2187500000,-94.3667297363
271643.9375000000,-94.3733673096
272270.0937500000,-94.3806991577
272897.6875000000,-94.4506683350
273526.7500000000,-94.4535217285
274157.5312500000,-94.4706573486
274789.5000000000,-94.4738464355
275422.9062500000,-94.4914016724
276057.7812500000,-94.4916229248
276694.0937500000,-94.5225143433
277331.9062500000,-94.5265197754
277971.1875000000,-94.5364456177
278612.2187500000,-94.6079711914
279254.4375000000,-94.6647567749
279898.1562500000,-94.6823577881
280543.3437500000,-94.6883850098
281190.0000000000,-94.7367935181
281838.1562500000,-94.7474365234
282488.1250000000,-94.7636566162
283139.2812500000,-94.8157958984
283791.9375000000,-94.8311462402
284446.0937500000,-94.8316955566
285101.7812500000,-94.9483261108
285758.9687500000,-95.0354919434
286417.6562500000,-95.0459976196
287078.1875000000,-95.0710144043
287739.9062500000,-95.0712280273
288403.1875000000,-95.0718612671
289067.9687500000,-95.0747680664
289734.2812500000,-95.0986328125
290402.1562500000,-95.1431198120
291071.8750000000,-95.1465148926
291742.8125000000,-95.1589050293
292415.2812500000,-95.2002410889
293089.3437500000,-95.2050933838
293764.9062500000,-95.2098312378
294442.0625000000,-95.2108230591
295120.7812500000,-95.2146072388
295801.3750000000,-95.2307052612
296483.2187500000,-95.2464370728
297166.6250000000,-95.2488021851
297851.6250000000,-95.2491989136
298538.1875000000,-95.2886657715
299226.3437500000,-95.3351287842
299916.4062500000,-95.3684997559
300607.7500000000,-95.4964218140
301300.6562500000,-95.5251541138
301995.1875000000,-95.5438919067
302691.3125000000,-95.5547332764
303389.0312500000,-95.5609130859
304088.3750000000,-95.5659942627
304789.6562500000,-95.5730743408
305492.2187500000,-95.5844268799
306196.3750000000,-95.6014022827
306902.1875000000,-95.6245803833
307609.6250000000,-95.6537704468
308318.6875000000,-95.6880798340
309029.3750000000,-95.7258529663
309742.0625000000,-95.7649459839
310456.0312500000,-95.8033218384
311171.6562500000,-95.8406524658
311888.9375000000,-95.8787307739
312607.8437500000,-95.9212341309
313328.4375000000,-95.9727020264
314051.0312500000,-96.0369110107
314774.9375000000,-96.1151351929
315500.5000000000,-96.2050781250
316227.7812500000,-96.3005371094
316956.6875000000,-96.3813400269
317687.3125000000,-96.3866729736
318419.5937500000,-96.3923568726
319153.9375000000,-96.3985061646
319889.5937500000,-96.4116821289
320626.9687500000,-96.4372940063
321366.0312500000,-96.4501419067
322106.8125000000,-96.4703826904
322849.2812500000,-96.4933700562
323593.8125000000,-96.4934082031
324339.7187500000,-96.5259170532
325087.3750000000,-96.5313568115
325836.7187500000,-96.5539321899
326587.7812500000,-96.5542297363
327340.5937500000,-96.5602645874
328095.1250000000,-96.6304779053
328851.7812500000,-96.6974639893
329609.8125000000,-96.7560577393
330369.5937500000,-96.8027343750
331131.0937500000,-96.8060760498
331894.3750000000,-96.8111114502
332659.4375000000,-96.8190536499
333426.2187500000,-96.8264770508
334195.1562500000,-96.8351058960
334965.5000000000,-96.8433609009
335737.6250000000,-96.8518524170
336511.5312500000,-96.8537445068
337287.2187500000,-96.8549346924
338064.6875000000,-96.9145812988
338844.3125000000,-96.9944152832
339625.3750000000,-97.0869445801
340408.2500000000,-97.1824569702
341192.9062500000,-97.2081069946
341979.3750000000,-97.2096710205
342767.6562500000,-97.2243576050
343557.7812500000,-97.2256546021
344350.0625000000,-97.2513351440
345143.8125000000,-97.2587203979
345939.4062500000,-97.2714538574
346736.8125000000,-97.2826461792
347536.0625000000,-97.3074874878
348337.1562500000,-97.3174896240
349140.5000000000,-97.3470840454
349945.2812500000,-97.3560028076
350751.9375000000,-97.3633956909
351560.4375000000,-97.3995361328
352370.8125000000,-97.4064636230
353183.0625000000,-97.4392852783
353997.1562500000,-97.4489364624
354813.5312500000,-97.4501419067
355631.4062500000,-97.4800643921
356451.1562500000,-97.4897003174
357272.8125000000,-97.4973678589
358096.3437500000,-97.5012741089
358921.7812500000,-97.5031967163
359749.5312500000,-97.5856781006
360578.7812500000,-97.6595687866
361409.9375000000,-97.6997451782
362243.0000000000,-97.7349624634
363078.0000000000,-97.7690048218
363914.9375000000,-97.8052291870
364753.7812500000,-97.8446578979
365594.9687500000,-97.8854522705
366437.6875000000,-97.9239959717
367282.3437500000,-97.9570465088
368128.9687500000,-97.9950027466
368977.5312500000,-98.0287246704
369828.0312500000,-98.0548324585
370680.5312500000,-98.0858154297
371535.3750000000,-98.1193695068
372391.7812500000,-98.1457214355
373250.1875000000,-98.1502838135
374110.5625000000,-98.1516113281
374972.9062500000,-98.1547012329
375837.2500000000,-98.1716461182
376703.9687500000,-98.1725158691
377572.3125000000,-98.1818161011
378442.6562500000,-98.1818389893
379314.9687500000,-98.2256774902
380189.3437500000,-98.2808761597
381065.6875000000,-98.3678207397
381944.0625000000,-98.4446563721
382824.9062500000,-98.4859466553
383707.3437500000,-98.5223388672
384591.8125000000,-98.5567321777
385478.3125000000,-98.5782928467
386366.8750000000,-98.5850601196
387257.5000000000,-98.5898742676
388150.5625000000,-98.5928573608
389045.2812500000,-98.6081008911
389942.0625000000,-98.6112823486
390840.9062500000,-98.6298522949
391741.8125000000,-98.6306152344
392644.8125000000,-98.6450958252
393549.8750000000,-98.6466674805
394457.4687500000,-98.6493301392
395366.7187500000,-98.6992950439
396278.0937500000,-98.7937927246
397191.5312500000,-98.8871459961
398107.0937500000,-98.9388961792
399024.7500000000,-98.9784088135
399944.9687500000,-98.9796447754
400866.8750000000,-98.9799499512
401790.9062500000,-98.9808273315
402717.0625000000,-98.9910659790
403645.3437500000,-98.9923706055
404575.7812500000,-99.0104370117
405508.3437500000,-99.0110549927
406443.5312500000,-99.0158081055
407380.4062500000,-99.0300827026
408319.4375000000,-99.0335922241
409260.6562500000,-99.0404281616
410204.0312500000,-99.0469818115
411149.5625000000,-99.0520858765
412097.3125000000,-99.0524902344
413047.6562500000,-99.0838470459
413999.7812500000,-99.1107025146
414954.0625000000,-99.1306381226
415910.5625000000,-99.1592483521
416869.2812500000,-99.2295532227
417830.1875000000,-99.3254470825
418793.7812500000,-99.3966979980
419759.1250000000,-99.4636688232
420726.6875000000,-99.5426864624
421696.5000000000,-99.5990905762
422668.5312500000,-99.6222915649
423642.8125000000,-99.6253051758
424619.3437500000,-99.6259613037
425598.5937500000,-99.6288146973
426579.6250000000,-99.6406860352
427562.9375000000,-99.6409606934
428548.5000000000,-99.6482925415
429536.3125000000,-99.6586456299
430526.4375000000,-99.6630630493
431519.3125000000,-99.6729278564
432514.0000000000,-99.6810607910
433510.9687500000,-99.6844253540
434510.2500000000,-99.6915969849
435511.8125000000,-99.7259063721
436515.6875000000,-99.7468948364
437521.9062500000,-99.7756118774
438530.9062500000,-99.8060913086
439541.7500000000,-99.8312225342
440554.9062500000,-99.8796768188
441570.4375000000,-99.9392776489
442588.2812500000,-99.9868927002
443608.4687500000,-100.0736389160
444631.0312500000,-100.1772842407
445656.4062500000,-100.2527542114
446683.6875000000,-100.2955856323
447713.3125000000,-100.2974166870
448745.3437500000,-100.3126754761
449779.7187500000,-100.3200607300
450816.5000000000,-100.3411788940
451856.1562500000,-100.3521804810
452897.7187500000,-100.3614273071
453941.6875000000,-100.3637695313
454988.0625000000,-100.3648986816
456036.8437500000,-100.3667907715
457088.0312500000,-100.3717956543
458141.6562500000,-100.3722915649
459198.1875000000,-100.4024276733
460256.6875000000,-100.4148254395
461317.6250000000,-100.4239501953
462380.9687500000,-100.4455032349
463446.8125000000,-100.5418014526
464515.0937500000,-100.6375503540
465586.3437500000,-100.6911849976
466659.5312500000,-100.7246170044
467735.2187500000,-100.7246704102
468813.3750000000,-100.7321395874
469894.0312500000,-100.7359619141
470977.1875000000,-100.7429351807
472062.8125000000,-100.7532501221
473151.4687500000,-100.7535781860
474242.1250000000,-100.7629699707
475335.2812500000,-100.7834854126
476430.9687500000,-100.8239364624
477529.1562500000,-100.8704910278
478629.9062500000,-100.9210586548
479733.7187500000,-100.9733276367
480839.5312500000,-101.0090484619
481947.9062500000,-101.0623703003
483058.8125000000,-101.1114578247
484172.3125000000,-101.1468276978
485288.3437500000,-101.1544418335
486406.9687500000,-101.1572494507
487528.7187500000,-101.1642456055
488652.5000000000,-101.1644363403
489778.8750000000,-101.1669082642
490907.8437500000,-101.1697692871
492039.4375000000,-101.1913375854
493173.6250000000,-101.2500534058
494310.4375000000,-101.3373870850
495450.3750000000,-101.4456863403
496592.4375000000,-101.5267105103
497737.1250000000,-101.5301818848
498884.4375000000,-101.5317001343
500034.4062500000,-101.5377502441
501187.0000000000,-101.5458602905
502342.8437500000,-101.5465927124
503500.7812500000,-101.5482940674
504661.3750000000,-101.5603103638
505824.6562500000,-101.5781250000
506990.6250000000,-101.5821075439
508159.2812500000,-101.5951080322
509330.6250000000,-101.6014938354
510505.2187500000,-101.6103820801
511681.9687500000,-101.6110839844
512861.4375000000,-101.6292953491
514043.6250000000,-101.6609573364
515228.5312500000,-101.7257919312
516416.1562500000,-101.7499160767
517607.0937500000,-101.7597732544
518800.2187500000,-101.7909164429
519996.0937500000,-101.8100891113
521194.7187500000,-101.8372116089
522396.1250000000,-101.8674774170
523600.2812500000,-101.9234390259
524807.1875000000,-101.9422225952
526017.5000000000,-101.9801712036
527230.0000000000,-101.9851531982
528445.3125000000,-101.9867324829
529663.4375000000,-102.1849822998
530884.3125000000,-102.2636947632
532108.0625000000,-102.2649230957
533335.1875000000,-102.2837905884
534564.5625000000,-102.2916641235
535796.7500000000,-102.2944869995
537031.8125000000,-102.3220672607
538269.6875000000,-102.3303298950
539510.4375000000,-102.3314132690
540754.0625000000,-102.3328933716
542001.1250000000,-102.3339080811
543250.5000000000,-102.3489074707
544502.7500000000,-102.3522567749
545757.8750000000,-102.3681945801
547015.8750000000,-102.3695449829
548276.7500000000,-102.3775405884
549540.5625000000,-102.4332885742
550807.9375000000,-102.4684295654
552077.5625000000,-102.4880218506
553350.1250000000,-102.4954986572
554625.6875000000,-102.5006713867
555904.1250000000,-102.5100326538
557185.5000000000,-102.5112762451
558470.5000000000,-102.5707778931
559757.8125000000,-102.6441421509
561048.0625000000,-102.7000274658
562341.3125000000,-102.7001037598
563637.5625000000,-102.7017059326
564936.8125000000,-102.7475814819
566239.0000000000,-102.8513107300
567544.8750000000,-102.9221954346
568853.0625000000,-102.9306640625
570164.3125000000,-102.9335784912
571478.6250000000,-102.9379501343
572795.8750000000,-102.9551315308
574116.2500000000,-102.9638671875
575440.2500000000,-102.9774627686
576766.6875000000,-102.9858169556
578096.1875000000,-102.9877395630
579428.6875000000,-103.0416412354
580764.3125000000,-103.0898590088
582103.0625000000,-103.1114578247
583444.8125000000,-103.1249465942
584790.3750000000,-103.1635742188
586138.3125000000,-103.2451324463
587489.4375000000,-103.3162765503
588843.6250000000,-103.3328323364
590200.9375000000,-103.3372268677
591561.4375000000,-103.3692932129
592925.0000000000,-103.3828964233
594292.3750000000,-103.3902435303
595662.2500000000,-103.4151000977
597035.3125000000,-103.4473876953
598411.5000000000,-103.4577255249
599790.9375000000,-103.4618453979
601173.4375000000,-103.4933395386
602559.8750000000,-103.4950332642
603948.8125000000,-103.5212173462
605340.9375000000,-103.5643539429
606736.3125000000,-103.5902175903
608134.8750000000,-103.5995864868
609536.6875000000,-103.6038894653
610941.6875000000,-103.6246566772
612350.6250000000,-103.6259460449
613762.1250000000,-103.6310195923
615176.9375000000,-103.6651840210
616594.9375000000,-103.6742706299
618016.2500000000,-103.6952896118
619440.8125000000,-103.7144165039
620869.3750000000,-103.7435607910
622300.5000000000,-103.7574234009
623734.9375000000,-103.7631988525
625172.6875000000,-103.8314514160
626613.7500000000,-103.9081344604
628058.1250000000,-103.9619827271
629505.8750000000,-104.0129547119
630957.6250000000,-104.0602035522
632412.0000000000,-104.0737380981
633869.7500000000,-104.0837783813
635330.8750000000,-104.1045684814
636795.3750000000,-104.1098861694
638263.2500000000,-104.1239471436
639735.1875000000,-104.1457824707
641209.8125000000,-104.1525421143
642687.8750000000,-104.1703033447
644169.3125000000,-104.2303009033
645654.1250000000,-104.3326339722
647142.4375000000,-104.3960418701
648634.1250000000,-104.4170989990
650130.0000000000,-104.4507598877
651628.5625000000,-104.4698944092
653130.6250000000,-104.4739227295
654636.1250000000,-104.5305175781
656145.1250000000,-104.5510940552
657657.6250000000,-104.5846939087
659173.5625000000,-104.5940170288
660693.6875000000,-104.5985870361
662216.6250000000,-104.6090621948
663743.1250000000,-104.6216049194
665273.0625000000,-104.6571502686
666806.5625000000,-104.7463684082
668343.6250000000,-104.7568511963
669884.9375000000,-104.7569427490
671429.0625000000,-104.7763442993
672976.7500000000,-104.7896728516
674528.0000000000,-104.7921905518
676082.8750000000,-104.8178634644
677641.2500000000,-104.9197921753
679203.3125000000,-104.9397430420
680769.6250000000,-104.9455337524
682338.8750000000,-104.9687576294
683911.6875000000,-104.9808044434
685488.1875000000,-104.9889907837
687068.2500000000,-105.0586700439
688652.0000000000,-105.1247482300
690240.1875000000,-105.1315689087
691831.1875000000,-105.1392974854
693425.9375000000,-105.1496429443
695024.3125000000,-105.1838226318
696626.4375000000,-105.1893310547
698232.1875000000,-105.2038574219
699841.6875000000,-105.2140808105
701455.6250000000,-105.2320251465
703072.5000000000,-105.2328414917
704693.1250000000,-105.3042068481
706317.5000000000,-105.4413070679
707945.6250000000,-105.5311660767
709577.5000000000,-105.5324707031
711213.8750000000,-105.5399627686
712853.3125000000,-105.5535049438
714496.5000000000,-105.5622024536
716143.4375000000,-105.5654373169
717794.1875000000,-105.5890121460
719448.7500000000,-105.5904312134
721107.1250000000,-105.5924835205
722770.1250000000,-105.6386337280
724436.1875000000,-105.6408157349
726106.0625000000,-105.6438217163
727779.8125000000,-105.6864929199
729457.3750000000,-105.6871795654
731138.8125000000,-105.7369003296
732824.1250000000,-105.8780593872
734514.1875000000,-105.9334487915
736207.2500000000,-105.9366302490
737904.3125000000,-105.9669494629
739605.1875000000,-105.9735031128
741310.0625000000,-105.9860000610
743018.8125000000,-105.9926071167
744732.3750000000,-105.9980087280
746449.0000000000,-105.9996719360
748169.6250000000,-106.0347976685
749894.1875000000,-106.0470581055
751622.7500000000,-106.0802001953
753355.3125000000,-106.0819549561
755091.8750000000,-106.0879440308
756833.2500000000,-106.1084060669
758577.7500000000,-106.1088104248
760326.3750000000,-106.1860885620
762078.9375000000,-106.1862716675
763835.6250000000,-106.1889724731
765596.3125000000,-106.2599411011
767361.8750000000,-106.3132476807
769130.6875000000,-106.3414077759
770903.6250000000,-106.3619308472
772680.6250000000,-106.4062652588
774461.6875000000,-106.4983749390
776246.8750000000,-106.4993286133
778036.1875000000,-106.5002593994
779830.4375000000,-106.5259399414
781628.0000000000,-106.5302352905
783429.7500000000,-106.5678253174
785235.6250000000,-106.5689010620
787045.6250000000,-106.5767669678
788859.8125000000,-106.6795806885
790678.1875000000,-106.7378311157
792501.6250000000,-106.7652893066
794328.4375000000,-106.7827453613
796159.3750000000,-106.7864151001
797994.6250000000,-106.8086853027
799834.0000000000,-106.8452758789
801677.6875000000,-106.8746948242
803526.5000000000,-106.9110336304
805378.6875000000,-106.9249496460
807235.1250000000,-106.9473953247
809095.8750000000,-106.9689865112
810960.9375000000,-107.0089569092
812830.2500000000,-107.0423278809
814703.8750000000,-107.0631942749
816582.6875000000,-107.1008529663
818465.0000000000,-107.1213989258
820351.6250000000,-107.1217956543
822242.5625000000,-107.1288299561
824137.8750000000,-107.1412429810
826037.6250000000,-107.1426086426
827942.5625000000,-107.1439437866
829851.0625000000,-107.1481323242
831763.9375000000,-107.1503601074
833681.1875000000,-107.1614532471
835602.8750000000,-107.1700973511
837529.0000000000,-107.2063598633
839459.5625000000,-107.2769622803
841395.5000000000,-107.2774276733
843335.0000000000,-107.2796554565
845278.9375000000,-107.3272933960
847227.3750000000,-107.3430252075
849180.2500000000,-107.3556060791
851137.6875000000,-107.4093475342
853100.5625000000,-107.4232101440
855067.0000000000,-107.4289398193
857038.0000000000,-107.4981536865
859013.5625000000,-107.5753860474
860993.6250000000,-107.6185760498
862978.3125000000,-107.6401214600
864967.5000000000,-107.6817474365
866962.2500000000,-107.7368011475
868960.6875000000,-107.7491989136
870963.6875000000,-107.7605285645
872971.3125000000,-107.7619476318
874983.6250000000,-107.7729492188
877000.5000000000,-107.7799453735
879022.0625000000,-107.7853012085
881049.2500000000,-107.7884063721
883080.1250000000,-107.7965011597
885115.6875000000,-107.8049850464
887155.9375000000,-107.8221206665
889200.8750000000,-107.8504562378
891250.5625000000,-107.8596343994
893305.9375000000,-107.8613510132
895365.0625000000,-107.8692398071
897428.9375000000,-107.9463958740
899497.5625000000,-108.0470123291
901571.0000000000,-108.0687332153
903649.1875000000,-108.0913314819
905732.1250000000,-108.1237716675
907820.9375000000,-108.1554718018
909913.5000000000,-108.2200469971
912010.9375000000,-108.2661285400
914113.1875000000,-108.2732009888
916220.2500000000,-108.2819290161
918332.1875000000,-108.3033981323
920450.0625000000,-108.3068466187
922571.7500000000,-108.3108139038
924698.3750000000,-108.3235168457
926829.8125000000,-108.3832168579
928966.2500000000,-108.4352569580
931107.5625000000,-108.4469299316
933253.8750000000,-108.4510803223
935406.0625000000,-108.4578323364
937562.2500000000,-108.4615936279
939723.4375000000,-108.4938201904
941889.5625000000,-108.5232467651
944060.6875000000,-108.5657272339
946236.8125000000,-108.5884933472
948419.0000000000,-108.6457519531
950605.1250000000,-108.7072677612
952796.3750000000,-108.7570800781
954992.6250000000,-108.7914962769
957193.9375000000,-108.8084106445
959400.3750000000,-108.8416442871
961611.8125000000,-108.9034118652
963829.5000000000,-108.9816970825
966051.1875000000,-108.9846496582
968278.0000000000,-108.9895019531
970509.9375000000,-108.9976577759
972747.0625000000,-108.9978866577
974989.3125000000,-109.0037841797
977236.6875000000,-109.0164642334
979490.3750000000,-109.0178375244
981748.1875000000,-109.0262374878
984011.1875000000,-109.0448989868
986279.3750000000,-109.0516967773
988552.8125000000,-109.0818939209
990831.5000000000,-109.1104583740
993116.5625000000,-109.1114807129
995405.7500000000,-109.1303176880
997700.2500000000,-109.1706542969
1000000.0000000000,-109.1953964233
1002305.0625000000,-109.2048034668
1004615.4375000000,-109.2073974609
1006931.1875000000,-109.2300491333
1009253.3125000000,-109.2478408813
1011579.7500000000,-109.2659683228
1013911.5000000000,-109.2879409790
1016248.6250000000,-109.3173446655
1018591.1250000000,-109.3602981567
1020939.0625000000,-109.4081802368
1023293.5625000000,-109.4557113647
1025652.3125000000,-109.4976882935
1028016.5000000000,-109.5242309570
1030386.1250000000,-109.5347061157
1032761.2500000000,-109.5350418091
1035141.8750000000,-109.5350570679
1037527.9375000000,-109.5368881226
1039920.6250000000,-109.5496368408
1042317.7500000000,-109.5780334473
1044720.3750000000,-109.6191940308
1047128.5000000000,-109.6710052490
1049542.2500000000,-109.7294845581
1051961.5000000000,-109.7853088379
1054386.3750000000,-109.8329010010
1056817.8750000000,-109.8694686890
1059254.0000000000,-109.8934173584
1061695.6250000000,-109.9039077759
1064142.8750000000,-109.9071121216
1066595.8750000000,-109.9091186523
1069054.3750000000,-109.9131469727
1071519.8750000000,-109.9215621948
1073989.7500000000,-109.9360122681
1076465.3750000000,-109.9558105469
1078946.7500000000,-109.9793243408
1081433.7500000000,-110.0066833496
1083926.5000000000,-110.0384521484
1086425.0000000000,-110.0755615234
1088930.5000000000,-110.1200866699
1091440.6250000000,-110.1685791016
1093956.5000000000,-110.2184371948
1096478.1250000000,-110.2669601440
1099005.5000000000,-110.3116073608
1101538.8750000000,-110.3500747681
1104079.1250000000,-110.3809585571
1106624.1250000000,-110.4056777954
1109175.0000000000,-110.4246749878
1111731.7500000000,-110.4386367798
1114294.3750000000,-110.4486694336
1116862.8750000000,-110.4564132690
1119437.3750000000,-110.4650878906
1122019.0000000000,-110.4774780273
1124605.2500000000,-110.4956436157
1127197.6250000000,-110.5215072632
1129795.8750000000,-110.5568542480
1132400.1250000000,-110.6033401489
1135010.3750000000,-110.6636352539
1137627.8750000000,-110.7366485596
1140250.2500000000,-110.8173828125
1142878.6250000000,-110.8998489380
1145513.0000000000,-110.9766540527
1148153.5000000000,-111.0328369141
1150800.0000000000,-111.0351715088
1153452.7500000000,-111.0397567749
1156112.7500000000,-111.0403976440
1158777.7500000000,-111.0452270508
1161448.7500000000,-111.0571670532
1164126.0000000000,-111.0609436035
1166809.3750000000,-111.0794906616
1169499.0000000000,-111.0819549561
1172194.7500000000,-111.0851211548
1174898.0000000000,-111.0969390869
1177606.2500000000,-111.1071624756
1180320.7500000000,-111.1081771851
1183041.3750000000,-111.1112899780
1185768.3750000000,-111.1424102783
1188501.7500000000,-111.1734771729
1191242.6250000000,-111.2039184570
1193988.5000000000,-111.2340545654
1196740.7500000000,-111.2643051147
1199499.2500000000,-111.2940139771
1202264.2500000000,-111.3201522827
1205035.5000000000,-111.3351211548
1207813.2500000000,-111.3376617432
1210598.6250000000,-111.3384170532
1213389.1250000000,-111.3406295776
1216186.1250000000,-111.3439178467
1218989.5000000000,-111.3608703613
1221799.3750000000,-111.4074554443
1224615.7500000000,-111.4747543335
1227439.8750000000,-111.5515060425
1230269.2500000000,-111.6227111816
1233105.0000000000,-111.6762008667
1235947.5000000000,-111.7076873779
1238796.3750000000,-111.7219543457
1241651.8750000000,-111.7312316895
1244514.0000000000,-111.7444381714
1247384.1250000000,-111.7652893066
1250259.3750000000,-111.7915039063
1253141.3750000000,-111.8167343140
1256029.8750000000,-111.8342056274
1258925.1250000000,-111.8376770020
1261827.0000000000,-111.8391342163
1264737.0000000000,-111.8407440186
1267652.3750000000,-111.8470458984
1270574.3750000000,-111.8757629395
1273503.1250000000,-111.9264984131
1276438.6250000000,-111.9946060181
1279380.8750000000,-112.0697021484
1282330.0000000000,-112.1394424438
1285287.2500000000,-112.1612930298
1288250.0000000000,-112.1620635986
1291219.5000000000,-112.1762542725
1294195.7500000000,-112.1777877808
1297179.0000000000,-112.1939163208
1300169.1250000000,-112.1997985840
1303166.1250000000,-112.2014694214
1306171.3750000000,-112.2027587891
1309182.2500000000,-112.2081909180
1312200.0000000000,-112.2144241333
1315224.7500000000,-112.2201232910
1318256.3750000000,-112.2210693359
1321295.1250000000,-112.2245864868
1324342.2500000000,-112.2276077271
1327394.8750000000,-112.2282562256
1330454.6250000000,-112.2400283813
1333521.3750000000,-112.2426223755
1336595.2500000000,-112.2469558716
1339676.2500000000,-112.2987976074
1342764.2500000000,-112.3657379150
1345860.8750000000,-112.4431076050
1348963.2500000000,-112.5266799927
1352072.7500000000,-112.6128997803
1355189.3750000000,-112.6986312866
1358313.1250000000,-112.7802429199
1361444.1250000000,-112.8522338867
1364583.8750000000,-112.9071960449
1367729.3750000000,-112.9292831421
1370882.0000000000,-112.9349517822
1374042.0000000000,-112.9379119873
1377209.2500000000,-112.9386825562
1380383.8750000000,-112.9461135864
1383565.7500000000,-112.9549942017
1386756.5000000000,-112.9610519409
1389953.0000000000,-112.9740371704
1393157.0000000000,-112.9786987305
1396368.2500000000,-113.0013351440
1399587.0000000000,-113.0168151855
1402813.1250000000,-113.0196380615
1406046.7500000000,-113.0241317749
1409289.3750000000,-113.0344543457
1412537.8750000000,-113.0387954712
1415793.8750000000,-113.0401535034
1419057.3750000000,-113.0406951904
1422328.3750000000,-113.0598907471
1425607.0000000000,-113.0611190796
1428894.6250000000,-113.0633239746
1432188.3750000000,-113.0761032104
1435489.6250000000,-113.1429595947
1438798.5000000000,-113.2961578369
1442115.1250000000,-113.3090744019
1445439.2500000000,-113.3113250732
1448771.1250000000,-113.3216018677
1452112.2500000000,-113.3559265137
1455459.5000000000,-113.3856201172
1458814.3750000000,-113.4099960327
1462177.0000000000,-113.4321365356
1465547.5000000000,-113.4514236450
1468925.6250000000,-113.4621734619
1472313.2500000000,-113.5166168213
1475707.0000000000,-113.6266708374
1479108.6250000000,-113.6327362061
1482518.1250000000,-113.6395797729
1485935.3750000000,-113.6454391479
1489360.6250000000,-113.6591949463
1492793.6250000000,-113.6606903076
1496236.3750000000,-113.6753234863
1499685.2500000000,-113.7394790649
1503142.1250000000,-113.8669357300
1506607.0000000000,-113.8944702148
1510079.7500000000,-113.9076614380
1513560.6250000000,-113.9272689819
1517051.1250000000,-113.9733886719
1520548.1250000000,-113.9786758423
1524053.0000000000,-113.9902343750
1527566.1250000000,-114.0267486572
1531087.2500000000,-114.0296707153
1534616.5000000000,-114.0467529297
1538153.8750000000,-114.0555267334
1541701.1250000000,-114.0584487915
1545254.8750000000,-114.0636596680
1548816.8750000000,-114.0641174316
1552387.0000000000,-114.0649185181
1555965.3750000000,-114.0715866089
1559551.8750000000,-114.0723648071
1563146.7500000000,-114.0853424072
1566751.7500000000,-114.1118621826
1570363.1250000000,-114.1507797241
1573983.0000000000,-114.1813278198
1577611.1250000000,-114.1964035034
1581247.6250000000,-114.2114028931
1584892.5000000000,-114.2307510376
1588547.5000000000,-114.2770080566
1592209.2500000000,-114.3439865112
1595879.3750000000,-114.4008026123
1599558.0000000000,-114.4632034302
1603245.1250000000,-114.5276412964
1606940.7500000000,-114.6241531372
1610644.8750000000,-114.6254348755
1614359.2500000000,-114.6266708374
1618080.5000000000,-114.6438522339
1621810.2500000000,-114.6599044800
1625548.6250000000,-114.6599426270
1629295.6250000000,-114.6637115479
1633051.2500000000,-114.6638336182
1636817.3750000000,-114.6685180664
1640590.3750000000,-114.6707916260
1644372.0000000000,-114.6994400024
1648162.3750000000,-114.7228393555
1651961.5000000000,-114.7324829102
1655769.5000000000,-114.7701416016
1659586.1250000000,-114.7895126343
1663413.3750000000,-114.8033142090
1667247.6250000000,-114.8340225220
1671090.7500000000,-114.8490676880
1674942.7500000000,-114.8634262085
1678803.6250000000,-114.8914718628
1682673.3750000000,-114.9255447388
1686554.0000000000,-114.9913482666
1690441.6250000000,-115.0149765015
1694338.1250000000,-115.0298614502
1698243.7500000000,-115.0541076660
1702158.2500000000,-115.0975112915
1706081.8750000000,-115.1483306885
1710014.5000000000,-115.2186889648
1713958.1250000000,-115.3486938477
1717908.8750000000,-115.4575119019
1721868.8750000000,-115.4576797485
1725837.8750000000,-115.4689025879
1729816.0000000000,-115.4816589355
1733803.3750000000,-115.4899291992
1737799.8750000000,-115.4960479736
1741807.6250000000,-115.5003433228
1745822.6250000000,-115.5154037476
1749846.7500000000,-115.5165176392
1753880.3750000000,-115.5188446045
1757923.1250000000,-115.5334777832
1761975.2500000000,-115.5414505005
1766038.7500000000,-115.5672760010
1770109.5000000000,-115.5701370239
1774189.7500000000,-115.5993423462
1778279.3750000000,-115.6968841553
1782378.5000000000,-115.7237014771
1786487.0000000000,-115.7271499634
1790605.0000000000,-115.7277679443
1794734.3750000000,-115.7302398682
1798871.3750000000,-115.7314147949
1803017.8750000000,-115.7317886353
1807174.0000000000,-115.7424011230
1811339.6250000000,-115.7435226440
1815514.8750000000,-115.7490692139
1819701.8750000000,-115.7579650879
1823896.3750000000,-115.7588653564
1828100.6250000000,-115.7747802734
1832314.5000000000,-115.7870407104
1836538.1250000000,-115.7873535156
1840771.3750000000,-115.7931365967
1845014.5000000000,-115.8054046631
1849269.5000000000,-115.8741149902
1853532.1250000000,-115.9523239136
1857804.6250000000,-116.0223922729
1862087.0000000000,-116.0633697510
1866379.2500000000,-116.1281814575
1870681.3750000000,-116.2000656128
1874993.5000000000,-116.2658233643
1879317.5000000000,-116.3148727417
1883649.5000000000,-116.3402328491
1887991.5000000000,-116.3890380859
1892343.3750000000,-116.4569015503
1896705.3750000000,-116.4647216797
1901077.3750000000,-116.4688796997
1905461.6250000000,-116.4749526978
1909853.8750000000,-116.4751663208
1914256.2500000000,-116.5106353760
1918668.7500000000,-116.5109252930
1923091.3750000000,-116.5147094727
1927524.2500000000,-116.5156478882
1931967.3750000000,-116.5205459595
1936422.7500000000,-116.5395736694
1940886.3750000000,-116.5435943604
1945360.2500000000,-116.6034774780
1949844.3750000000,-116.6868057251
1954339.0000000000,-116.6913833618
1958843.8750000000,-116.7030029297
1963361.2500000000,-116.7150650024
1967887.0000000000,-116.7352142334
1972423.1250000000,-116.7389373779
1976969.6250000000,-116.7432327271
1981526.7500000000,-116.7905044556
1986094.2500000000,-116.8559722900
1990672.3750000000,-116.9083862305
1995263.2500000000,-116.9214782715
1999862.3750000000,-116.9310073853
2004472.2500000000,-116.9445953369
2009092.7500000000,-116.9663162231
2013723.7500000000,-116.9812545776
2018365.6250000000,-117.0012054443
2023020.2500000000,-117.0324249268
2027683.5000000000,-117.0324325562
2032357.3750000000,-117.0387191772
2037042.1250000000,-117.0750961304
2041737.6250000000,-117.1249313354
2046444.0000000000,-117.1742630005
2051161.2500000000,-117.2255630493
2055891.5000000000,-117.2780380249
2060630.5000000000,-117.3186798096
2065380.3750000000,-117.3188781738
2070141.2500000000,-117.3209991455
2074913.1250000000,-117.3227996826
2079695.8750000000,-117.3274154663
2084489.7500000000,-117.3310165405
2089297.0000000000,-117.3404846191
2094112.8750000000,-117.3481369019
2098940.0000000000,-117.3501205444
2103778.2500000000,-117.3690414429
2108627.5000000000,-117.3719177246
2113488.0000000000,-117.3795318604
2118362.2500000000,-117.3903808594
2123245.2500000000,-117.3964157104
2128139.5000000000,-117.4008026123
2133045.0000000000,-117.4397430420
2137961.7500000000,-117.4909820557
2142889.7500000000,-117.5412063599
2147829.5000000000,-117.5829696655
2152782.7500000000,-117.6486358643
2157745.0000000000,-117.7278747559
2162718.7500000000,-117.8346252441
2167704.0000000000,-117.9546127319
2172700.7500000000,-117.9788055420
2177708.7500000000,-117.9797821045
2182731.0000000000,-117.9856643677
2187762.5000000000,-117.9912643433
2192805.2500000000,-117.9938659668
2197860.0000000000,-118.0195083618
2202926.2500000000,-118.0713958740
2208004.0000000000,-118.0873184204
2213093.7500000000,-118.1097869873
2218197.5000000000,-118.1248397827
2223310.5000000000,-118.1257934570
2228435.5000000000,-118.1569290161
2233572.0000000000,-118.1573104858
2238720.7500000000,-118.1583251953
2243881.0000000000,-118.1647796631
2249055.7500000000,-118.1803665161
2254240.0000000000,-118.1808319092
2259436.2500000000,-118.2500839233
2264644.5000000000,-118.3423385620
2269864.5000000000,-118.3505325317
2275096.7500000000,-118.3538284302
2280341.0000000000,-118.3706130981
2285600.0000000000,-118.3839797974
2290868.2500000000,-118.3934402466
2296149.0000000000,-118.4024276733
2301441.7500000000,-118.4080810547
2306746.7500000000,-118.4707107544
2312064.0000000000,-118.5410614014
2317393.5000000000,-118.5569763184
2322737.7500000000,-118.5618667603
2328091.7500000000,-118.6112289429
2333458.2500000000,-118.6248550415
2338837.0000000000,-118.6314926147
2344228.2500000000,-118.6911087036
2349631.7500000000,-118.7283401489
2355050.5000000000,-118.7415313721
2360479.0000000000,-118.7451324463
2365920.0000000000,-118.8143234253
2371373.7500000000,-118.8357543945
2376840.0000000000,-118.8389587402
2382318.7500000000,-118.9115982056
2387810.0000000000,-118.9253921509
2393316.7500000000,-118.9271316528
2398833.5000000000,-118.9842987061
2404363.0000000000,-118.9962539673
2409905.2500000000,-118.9984817505
2415460.2500000000,-119.0128860474
2421028.0000000000,-119.0299148560
2426611.2500000000,-119.0399856567
2432205.0000000000,-119.0561904907
2437811.2500000000,-119.0602951050
2443430.5000000000,-119.0609970093
2449063.0000000000,-119.0756149292
2454708.2500000000,-119.0810623169
2460366.5000000000,-119.1168060303
2466040.5000000000,-119.1175231934
2471724.7500000000,-119.1189498901
2477422.2500000000,-119.1455917358
2483133.0000000000,-119.1535491943
2488856.7500000000,-119.1755599976
2494593.7500000000,-119.1778717041
2500344.0000000000,-119.2288131714
2506110.2500000000,-119.2302246094
2511887.0000000000,-119.2588577271
2517677.0000000000,-119.3025436401
2523480.5000000000,-119.3667526245
2529297.2500000000,-119.3782958984
2535127.5000000000,-119.3884201050
2540974.0000000000,-119.4175033569
2546831.0000000000,-119.4218215942
2552701.7500000000,-119.4238128662
2558585.7500000000,-119.4342269897
2564483.5000000000,-119.4516372681
2570395.0000000000,-119.4919662476
2576319.7500000000,-119.4955673218
2582261.2500000000,-119.5439682007
2588213.5000000000,-119.5597686768
2594179.5000000000,-119.5881805420
2600159.2500000000,-119.6201934814
2606153.0000000000,-119.6329269409
2612160.2500000000,-119.7108993530
2618184.2500000000,-119.7129211426
2624219.5000000000,-119.7167663574
2630268.5000000000,-119.7627792358
2636331.5000000000,-119.7658538818
2642408.2500000000,-119.7855224609
2648499.2500000000,-119.8137130737
2654604.2500000000,-119.8186187744
2660726.2500000000,-119.8279876709
2666859.5000000000,-119.8402786255
2673006.7500000000,-119.8404998779
2679168.2500000000,-119.9013671875
2685343.7500000000,-119.9883041382
2691533.7500000000,-120.0048217773
2697741.0000000000,-120.0173110962
2703959.2500000000,-120.0317916870
2710192.2500000000,-120.0690231323
2716439.2500000000,-120.2190017700
2722701.0000000000,-120.3846588135
2728977.0000000000,-120.3942718506
2735267.5000000000,-120.4129638672
2741575.5000000000,-120.4381027222
2747895.0000000000,-120.4448242188
2754229.0000000000,-120.4467773438
2760577.7500000000,-120.4536132813
2766941.0000000000,-120.4577713013
2773319.0000000000,-120.4599685669
2779711.7500000000,-120.4717178345
2786122.2500000000,-120.4760055542
2792544.5000000000,-120.5031967163
2798981.5000000000,-120.5324249268
2805433.2500000000,-120.5327377319
2811900.0000000000,-120.5370941162
2818381.7500000000,-120.5798492432
2824881.2500000000,-120.6072540283
2831393.0000000000,-120.6334381104
2837919.5000000000,-120.6461944580
2844461.0000000000,-120.6893615723
2851017.7500000000,-120.7070083618
2857589.5000000000,-120.7088165283
2864176.5000000000,-120.7733764648
2870781.7500000000,-120.7749710083
2877399.2500000000,-120.7969818115
2884031.7500000000,-120.8070526123
2890679.7500000000,-120.8314819336
2897343.0000000000,-120.8456115723
2904021.5000000000,-120.8456344604
2910718.7500000000,-120.8738250732
2917428.0000000000,-120.8749542236
2924153.0000000000,-120.8760299683
2930893.2500000000,-120.8763504028
2937649.2500000000,-120.9052200317
2944420.7500000000,-120.9342803955
2951207.7500000000,-120.9985809326
2958013.7500000000,-121.0160522461
2964832.2500000000,-121.0327148438
2971666.2500000000,-121.0365753174
2978516.2500000000,-121.0404205322
2985382.0000000000,-121.0475769043
2992263.5000000000,-121.0487060547
2999164.2500000000,-121.0755081177
3006077.5000000000,-121.1489791870
3013006.7500000000,-121.1870040894
3019951.7500000000,-121.2265243530
3026913.0000000000,-121.2667160034
3033890.2500000000,-121.2982940674
3040883.7500000000,-121.3264923096
3047896.5000000000,-121.3427047729
3054922.0000000000,-121.3551635742
3061963.7500000000,-121.3630523682
3069022.0000000000,-121.3757400513
3076096.2500000000,-121.3903274536
3083186.7500000000,-121.4229354858
3090293.7500000000,-121.4600982666
3097420.5000000000,-121.5091323853
3104560.2500000000,-121.5593948364
3111716.5000000000,-121.6106567383
3118889.2500000000,-121.6519165039
3126078.5000000000,-121.6890563965
3133284.5000000000,-121.7128143311
3140510.2500000000,-121.7315216064
3147749.2500000000,-121.7441940308
3155005.2500000000,-121.7524948120
3162277.7500000000,-121.7592086792
3169567.0000000000,-121.7630157471
3176873.0000000000,-121.7662582397
3184196.0000000000,-121.7687225342
3191539.2500000000,-121.7735824585
3198896.0000000000,-121.7801284790
3206269.7500000000,-121.7959213257
3213660.2500000000,-121.8180007935
3221068.0000000000,-121.8482742310
3228492.7500000000,-121.8865509033
3235938.2500000000,-121.9267196655
3243397.2500000000,-121.9649353027
3250873.5000000000,-121.9964599609
3258367.0000000000,-122.0214920044
3265877.7500000000,-122.0356597900
3273406.0000000000,-122.0483016968
3280951.2500000000,-122.0608444214
3288517.7500000000,-122.0816192627
3296098.0000000000,-122.1074752808
3303695.7500000000,-122.1489944458
3311311.0000000000,-122.1936492920
3318944.0000000000,-122.2426376343
3326594.2500000000,-122.2869567871
3334262.2500000000,-122.3271713257
3341951.7500000000,-122.3568420410
3349655.2500000000,-122.3780059814
3357376.2500000000,-122.3938980103
3365115.2500000000,-122.4017333984
3372872.2500000000,-122.4081115723
3380646.7500000000,-122.4129028320
3388443.2500000000,-122.4207992554
3396253.7500000000,-122.4327621460
3404082.5000000000,-122.4518737793
3411929.0000000000,-122.4835586548
3419793.7500000000,-122.5219116211
3427676.7500000000,-122.5709991455
3435577.7500000000,-122.6229400635
3443500.7500000000,-122.6750869751
3451438.2500000000,-122.7202224731
3459394.0000000000,-122.7559356689
3467368.2500000000,-122.7843933105
3475360.7500000000,-122.7989578247
3483371.7500000000,-122.8089752197
3491405.0000000000,-122.8151626587
3499452.7500000000,-122.8206634521
3507519.2500000000,-122.8281173706
3515604.5000000000,-122.8374633789
3523708.2500000000,-122.8509750366
3531830.5000000000,-122.8657455444
3539971.7500000000,-122.8818054199
3548135.5000000000,-122.8997573853
3556314.2500000000,-122.9191741943
3564511.7500000000,-122.9400787354
3572728.2500000000,-122.9652481079
3580963.5000000000,-122.9924621582
3589218.0000000000,-123.0215835571
3597495.2500000000,-123.0512084961
3605787.7500000000,-123.0786743164
3614099.2500000000,-123.1041259766
3622430.0000000000,-123.1259765625
3630780.0000000000,-123.1482925415
3639149.2500000000,-123.1716918945
3647537.7500000000,-123.1989746094
3655949.5000000000,-123.2289810181
3664376.7500000000,-123.2604370117
3672823.5000000000,-123.2929306030
3681289.5000000000,-123.3269653320
3689775.2500000000,-123.3621139526
3698280.5000000000,-123.3985366821
3706805.2500000000,-123.4323043823
3715353.7500000000,-123.4608535767
3723918.0000000000,-123.4835739136
3732501.7500000000,-123.4957656860
3741105.5000000000,-123.5032501221
3749729.0000000000,-123.5078887939
3758372.5000000000,-123.5110015869
3767039.7500000000,-123.5145187378
3775723.2500000000,-123.5192794800
3784426.5000000000,-123.5257186890
3793149.7500000000,-123.5372085571
3801893.2500000000,-123.5517120361
3810657.0000000000,-123.5682449341
3819440.7500000000,-123.5855789185
3828249.0000000000,-123.6015625000
3837073.5000000000,-123.6176376343
3845918.2500000000,-123.6346282959
3854783.2500000000,-123.6577758789
3863668.7500000000,-123.6897048950
3872574.7500000000,-123.7304687500
3881505.7500000000,-123.7816162109
3890452.7500000000,-123.8463439941
3899420.5000000000,-123.9157562256
3908409.0000000000,-123.9864883423
3917418.2500000000,-124.0526046753
3926448.0000000000,-124.1006698608
3935498.7500000000,-124.1305999756
3944574.7500000000,-124.1309509277
3953667.2500000000,-124.1318740845
3962780.7500000000,-124.1364669800
3971915.2500000000,-124.1404037476
3981070.7500000000,-124.1441421509
3990247.5000000000,-124.1464996338
3999449.7500000000,-124.1630325317
4008668.7500000000,-124.1965713501
4017909.0000000000,-124.2402114868
4027170.5000000000,-124.2926940918
4036453.5000000000,-124.3418807983
4045757.7500000000,-124.3799133301
4055083.5000000000,-124.3852386475
4064435.2500000000,-124.3878021240
4073804.0000000000,-124.3937988281
4083194.5000000000,-124.3952789307
4092606.5000000000,-124.4038848877
4102040.2500000000,-124.4041748047
4111495.7500000000,-124.4107894897
4120973.0000000000,-124.4115066528
4130476.7500000000,-124.4349517822
4139997.7500000000,-124.4609527588
4149540.7500000000,-124.4844207764
4159105.7500000000,-124.5001602173
4168692.7500000000,-124.5109252930
4178301.7500000000,-124.5195236206
4187937.7500000000,-124.5295028687
4197591.0000000000,-124.5484771729
4207267.0000000000,-124.5813369751
4216965.0000000000,-124.6252899170
4226685.5000000000,-124.6756210327
4236428.0000000000,-124.7252807617
4246193.5000000000,-124.7586288452
4255986.0000000000,-124.7586669922
4265796.5000000000,-124.7637176514
4275629.5000000000,-124.7677001953
4285485.0000000000,-124.7710113525
4295363.0000000000,-124.7717437744
4305264.5000000000,-124.7926025391
4315193.0000000000,-124.8278427124
4325140.0000000000,-124.8681106567
4335109.5000000000,-124.9077835083
4345102.5000000000,-124.9411926270
4355118.0000000000,-124.9660339355
4365157.0000000000,-124.9866714478
4375219.0000000000,-125.0060348511
4385309.0000000000,-125.0264205933
4395417.5000000000,-125.0490417480
4405549.0000000000,-125.0730361938
4415704.5000000000,-125.0943450928
4425883.0000000000,-125.1104965210
4436085.0000000000,-125.1213378906
4446310.5000000000,-125.1291198730
4456564.0000000000,-125.1385498047
4466837.0000000000,-125.1581497192
4477133.5000000000,-125.1945190430
4487453.5000000000,-125.2434234619
4497797.5000000000,-125.2960052490
4508165.0000000000,-125.3410644531
4518561.5000000000,-125.3689727783
4528977.0000000000,-125.3730163574
4539417.0000000000,-125.3764343262
4549880.5000000000,-125.3779983521
4560368.5000000000,-125.3989486694
4570880.5000000000,-125.4356689453
4581416.5000000000,-125.4824447632
4591982.0000000000,-125.5307312012
4602567.0000000000,-125.5628509521
4613176.0000000000,-125.5642318726
4623810.0000000000,-125.5723571777
4634468.0000000000,-125.5753402710
4645151.0000000000,-125.5858001709
4655863.5000000000,-125.5936126709
4666595.5000000000,-125.6007156372
4677352.0000000000,-125.6097869873
4688134.0000000000,-125.6155090332
4698940.5000000000,-125.6181182861
4709771.5000000000,-125.6253433228
4720628.0000000000,-125.6750259399
4731514.5000000000,-125.7266235352
4742421.0000000000,-125.7729415894
4753353.0000000000,-125.8113327026
4764309.5000000000,-125.8453369141
4775291.5000000000,-125.8831634521
4786299.0000000000,-125.9323272705
4797337.0000000000,-125.9928359985
4808395.5000000000,-126.0529708862
4819479.0000000000,-126.0999755859
4830588.0000000000,-126.1315231323
4841723.0000000000,-126.1395187378
4852883.5000000000,-126.1446075439
4864070.0000000000,-126.1532516479
4875287.0000000000,-126.1541824341
4886525.0000000000,-126.1679916382
4897789.0000000000,-126.1716918945
4909078.5000000000,-126.1774291992
4920394.5000000000,-126.1881866455
4931736.0000000000,-126.1941452026
4943104.0000000000,-126.1947555542
4954504.0000000000,-126.1979827881
4965924.5000000000,-126.2132873535
4977371.0000000000,-126.2277832031
4988844.5000000000,-126.2471237183
5000344.0000000000,-126.2776641846
5011870.0000000000,-126.3167877197
5023428.5000000000,-126.3553848267
5035007.5000000000,-126.3855056763
5046614.0000000000,-126.4064407349
5058246.5000000000,-126.4240264893
5069906.0000000000,-126.4450225830
5081592.5000000000,-126.4718780518
5093306.0000000000,-126.5019760132
5105052.0000000000,-126.5306549072
5116819.5000000000,-126.5552902222
5128614.5000000000,-126.5783767700
5140436.0000000000,-126.6062011719
5152285.0000000000,-126.6416091919
5164161.5000000000,-126.6773376465
5176071.0000000000,-126.7004699707
5188002.0000000000,-126.7067031860
5199961.0000000000,-126.7072067261
5211947.0000000000,-126.7175750732
5223961.0000000000,-126.7444152832
5236002.5000000000,-126.7862625122
5248072.0000000000,-126.8377609253
5260175.0000000000,-126.8875503540
5272300.0000000000,-126.9055252075
5284453.0000000000,-126.9098205566
5296634.0000000000,-126.9179992676
5308843.5000000000,-126.9191894531
5321080.5000000000,-126.9554290771
5333352.0000000000,-127.0250473022
5345645.5000000000,-127.0598449707
5357967.5000000000,-127.0641784668
5370318.0000000000,-127.0697021484
5382697.0000000000,-127.0771789551
5395104.5000000000,-127.0819702148
5407541.0000000000,-127.0898361206
5420011.5000000000,-127.0936355591
5432505.0000000000,-127.1017150879
5445027.5000000000,-127.1142654419
5457578.5000000000,-127.1463623047
5470158.5000000000,-127.1999588013
5482767.5000000000,-127.2783737183
5495406.0000000000,-127.3676681519
5508079.0000000000,-127.3957901001
5520775.5000000000,-127.4034576416
5533501.5000000000,-127.4056167603
5546256.5000000000,-127.4145812988
5559041.0000000000,-127.4159088135
5571855.0000000000,-127.4200820923
5584704.5000000000,-127.4372253418
5597578.0000000000,-127.4378128052
5610480.5000000000,-127.4400253296
5623413.5000000000,-127.4455032349
5636375.5000000000,-127.4629745483
5649368.0000000000,-127.4860153198
5662390.0000000000,-127.5196914673
5675448.5000000000,-127.5375061035
5688531.0000000000,-127.5545043945
5701643.5000000000,-127.5872573853
5714786.0000000000,-127.6382522583
5727959.0000000000,-127.6948165894
5741162.5000000000,-127.7419891357
5754402.5000000000,-127.7629623413
5767666.5000000000,-127.7764434814
5780961.5000000000,-127.7889785767
5794287.0000000000,-127.7901840210
5807643.5000000000,-127.8217926025
5821030.5000000000,-127.8305892944
5834448.5000000000,-127.8676147461
5847903.5000000000,-127.8686065674
5861383.5000000000,-127.8767852783
5874894.0000000000,-127.8897323608
5888436.5000000000,-127.8925628662
5902009.5000000000,-127.9010314941
5915614.0000000000,-127.9022674561
5929250.0000000000,-127.9490814209
5942924.0000000000,-128.0144653320
5956622.5000000000,-128.0645751953
5970353.0000000000,-128.0957336426
5984115.5000000000,-128.1123809814
5997909.0000000000,-128.1267700195
6011734.5000000000,-128.1587982178
6025599.0000000000,-128.1639099121
6039488.0000000000,-128.1733551025
6053409.5000000000,-128.1733551025
6067363.0000000000,-128.1799163818
6081349.0000000000,-128.2136840820
6095367.0000000000,-128.2775573730
6109417.0000000000,-128.3685302734
6123506.5000000000,-128.4059906006
6137621.5000000000,-128.4082641602
6151769.0000000000,-128.4135742188
6165949.5000000000,-128.4174499512
6180162.5000000000,-128.4209594727
6194408.0000000000,-128.4408416748
6208693.5000000000,-128.4798126221
6223005.0000000000,-128.4865264893
6237349.5000000000,-128.4884033203
6251727.0000000000,-128.4889526367
6266137.5000000000,-128.5023345947
6280581.5000000000,-128.5234375000
6295058.5000000000,-128.5258026123
6309576.0000000000,-128.5267028809
6324120.0000000000,-128.5457611084
6338698.0000000000,-128.5833587646
6353309.0000000000,-128.6429901123
6367954.0000000000,-128.6954650879
6382632.5000000000,-128.7362518311
6397352.0000000000,-128.7763977051
6412098.0000000000,-128.7861938477
6426878.5000000000,-128.7935028076
6441693.0000000000,-128.7992858887
6456541.5000000000,-128.8017883301
6471424.0000000000,-128.8313293457
6486341.5000000000,-128.8651580811
6501300.0000000000,-128.9015960693
6516286.0000000000,-128.9212188721
6531306.5000000000,-128.9401855469
6546361.5000000000,-128.9765625000
6561451.5000000000,-129.0472106934
6576576.0000000000,-129.0985412598
6591735.5000000000,-129.1167602539
6606937.0000000000,-129.1390380859
6622166.5000000000,-129.1987457275
6637431.0000000000,-129.2021789551
6652731.0000000000,-129.2060394287
6668066.0000000000,-129.2146453857
6683436.0000000000,-129.2289886475
6698849.5000000000,-129.2373046875
6714290.5000000000,-129.2538452148
6729767.5000000000,-129.2597961426
6745280.0000000000,-129.2779083252
6760828.5000000000,-129.2919311523
6776413.0000000000,-129.3107299805
6792033.0000000000,-129.3186035156
6807696.5000000000,-129.3252410889
6823388.5000000000,-129.3534240723
6839117.0000000000,-129.3751373291
6854881.5000000000,-129.4177093506
6870682.5000000000,-129.4180450439
6886520.0000000000,-129.4387359619
6902401.5000000000,-129.4474639893
6918312.0000000000,-129.4484863281
6934259.5000000000,-129.4517059326
6950243.5000000000,-129.4677581787
6966264.0000000000,-129.4859619141
6982322.0000000000,-129.5352935791
6998416.5000000000,-129.5587463379
7014556.0000000000,-129.5821075439
7030725.0000000000,-129.5854492188
7046931.5000000000,-129.6231842041
7063175.0000000000,-129.6352539063
7079456.5000000000,-129.6529693604
7095775.0000000000,-129.6656341553
7112139.0000000000,-129.7098999023
7128533.0000000000,-129.7124786377
7144965.0000000000,-129.7407379150
7161434.5000000000,-129.7444915771
7177942.0000000000,-129.8301544189
7194487.5000000000,-129.9361419678
7211071.5000000000,-129.9841918945
7227701.5000000000,-129.9939270020
7244362.0000000000,-129.9945068359
7261060.5000000000,-129.9973602295
7277798.0000000000,-130.0272979736
7294573.5000000000,-130.0515289307
7311388.0000000000,-130.0554809570
7328241.5000000000,-130.0639343262
7345141.5000000000,-130.0727539063
7362072.5000000000,-130.0748291016
7379043.0000000000,-130.0794982910
7396052.0000000000,-130.1471862793
7413100.5000000000,-130.2018585205
7430188.0000000000,-130.2423095703
7447323.5000000000,-130.2704620361
7464490.0000000000,-130.3353576660
7481696.5000000000,-130.3542633057
7498942.0000000000,-130.3720245361
7516227.5000000000,-130.3737792969
7533553.0000000000,-130.3880920410
7550918.5000000000,-130.3976135254
7568332.0000000000,-130.4036102295
7585777.5000000000,-130.4086456299
7603263.5000000000,-130.4296417236
7620789.5000000000,-130.4344177246
7638356.0000000000,-130.4354248047
7655963.0000000000,-130.4447784424
7673619.0000000000,-130.4866943359
7691307.0000000000,-130.4935150146
7709036.0000000000,-130.5223999023
7726806.0000000000,-130.5296173096
7744617.0000000000,-130.5650634766
7762469.0000000000,-130.5775604248
7780362.0000000000,-130.6199188232
7798304.5000000000,-130.7346191406
7816280.5000000000,-130.7751922607
7834297.5000000000,-130.7941436768
7852356.0000000000,-130.7977600098
7870456.0000000000,-130.7990264893
7888598.0000000000,-130.8389129639
7906782.0000000000,-130.8754577637
7925016.5000000000,-130.8943023682
7943284.0000000000,-130.9019470215
7961594.0000000000,-130.9065856934
7979946.0000000000,-130.9120483398
7998340.5000000000,-130.9196929932
8016777.0000000000,-130.9310302734
8035265.0000000000,-130.9501647949
8053787.0000000000,-130.9517974854
8072351.5000000000,-131.0075073242
8090959.0000000000,-131.0092773438
8109609.0000000000,-131.0108947754
8128302.5000000000,-131.0436248779
8147038.5000000000,-131.0442962646
8165827.0000000000,-131.0520324707
8184650.0000000000,-131.0695190430
8203516.0000000000,-131.1134643555
8222426.0000000000,-131.1736297607
8241379.0000000000,-131.2186584473
8260376.0000000000,-131.2192840576
8279426.0000000000,-131.2243804932
8298510.5000000000,-131.2375335693
8317639.0000000000,-131.2393646240
8336812.0000000000,-131.2413177490
8356029.0000000000,-131.2671508789
8375290.0000000000,-131.2719421387
8394596.0000000000,-131.2866821289
8413955.0000000000,-131.3883972168
8433350.0000000000,-131.4066162109
8452789.0000000000,-131.4221496582
8472274.0000000000,-131.4395751953
8491803.0000000000,-131.4706878662
8511377.0000000000,-131.5128631592
8531006.0000000000,-131.5163421631
8550670.0000000000,-131.5276794434
8570380.0000000000,-131.5279083252
8590136.0000000000,-131.5335998535
8609936.0000000000,-131.5456237793
8629783.0000000000,-131.5617675781
8649675.0000000000,-131.5661468506
8669623.0000000000,-131.5928649902
8689607.0000000000,-131.5979919434
8709637.0000000000,-131.6035461426
8729713.0000000000,-131.6393127441
8749836.0000000000,-131.6627197266
8770005.0000000000,-131.6737213135
8790220.0000000000,-131.6760711670
8810492.0000000000,-131.7035217285
8830801.0000000000,-131.7104339600
8851157.0000000000,-131.7405548096
8871559.0000000000,-131.7515106201
8892009.0000000000,-131.7878112793
8912505.0000000000,-131.7926635742
8933059.0000000000,-131.7966613770
8953651.0000000000,-131.7974548340
8974289.0000000000,-131.8245086670
8994976.0000000000,-131.9007568359
9015710.0000000000,-131.9741668701
9036492.0000000000,-132.0756835938
9057321.0000000000,-132.1446533203
9078209.0000000000,-132.1569671631
9099135.0000000000,-132.1758422852
9120109.0000000000,-132.1800384521
9141132.0000000000,-132.1946563721
9162203.0000000000,-132.3397064209
9183322.0000000000,-132.4098815918
9204500.0000000000,-132.4205017090
9225718.0000000000,-132.4205322266
9246983.0000000000,-132.4205932617
9268298.0000000000,-132.4217529297
9289662.0000000000,-132.4329223633
9311076.0000000000,-132.4365081787
9332538.0000000000,-132.4542388916
9354061.0000000000,-132.4551696777
9375623.0000000000,-132.5030059814
9397234.0000000000,-132.5115509033
9418895.0000000000,-132.5276794434
9440607.0000000000,-132.6062011719
9462368.0000000000,-132.6484680176
9484190.0000000000,-132.6497955322
9506052.0000000000,-132.6509552002
9527964.0000000000,-132.6590270996
9549926.0000000000,-132.6601562500
9571940.0000000000,-132.6623382568
9594004.0000000000,-132.6725616455
9616118.0000000000,-132.6903228760
9638295.0000000000,-132.7304077148
9660512.0000000000,-132.7633514404
9682780.0000000000,-132.8070068359
9705099.0000000000,-132.8512420654
9727470.0000000000,-132.8990631104
9749893.0000000000,-132.9461975098
9772367.0000000000,-132.9932861328
9794904.0000000000,-133.0315856934
9817482.0000000000,-133.0660858154
9840112.0000000000,-133.1199798584
9862794.0000000000,-133.1782989502
9885528.0000000000,-133.2168426514
9908315.0000000000,-133.2249145508
9931165.0000000000,-133.2257690430
9954057.0000000000,-133.2335357666
9977002.0000000000,-133.2353210449
10000000.0000000000,-133.2387084961
10023051.0000000000,-133.2581634521
10046155.0000000000,-133.2636413574
10069312.0000000000,-133.2668151855
10092533.0000000000,-133.2759857178
10115797.0000000000,-133.2817993164
10139115.0000000000,-133.2944641113
10162486.0000000000,-133.3021697998
10185911.0000000000,-133.3228149414
10209391.0000000000,-133.3449554443
10232935.0000000000,-133.3450622559
10256523.0000000000,-133.3664550781
10280165.0000000000,-133.3946685791
10303861.0000000000,-133.4035491943
10327613.0000000000,-133.4238891602
10351418.0000000000,-133.4414367676
10375279.0000000000,-133.4527893066
10399206.0000000000,-133.4801483154
10423177.0000000000,-133.4865875244
10447203.0000000000,-133.4961853027
10471285.0000000000,-133.5091094971
10495422.0000000000,-133.5144042969
10519615.0000000000,-133.5287322998
10543863.0000000000,-133.5743255615
10568179.0000000000,-133.5974731445
10592540.0000000000,-133.6174621582
10616956.0000000000,-133.6183319092
10641429.0000000000,-133.6185607910
10665958.0000000000,-133.6199493408
10690544.0000000000,-133.6204986572
10715198.0000000000,-133.6209564209
10739898.0000000000,-133.6229553223
10764654.0000000000,-133.6275482178
10789467.0000000000,-133.6349639893
10814338.0000000000,-133.6442260742
10839265.0000000000,-133.6525115967
10864251.0000000000,-133.6571655273
10889305.0000000000,-133.6619262695
10914406.0000000000,-133.6670684814
10939565.0000000000,-133.6788787842
10964781.0000000000,-133.7052459717
10990056.0000000000,-133.7418060303
11015388.0000000000,-133.7951049805
11040792.0000000000,-133.8477630615
11066242.0000000000,-133.8996124268
11091750.0000000000,-133.9355010986
11117317.0000000000,-133.9574737549
11142944.0000000000,-133.9673461914
11168629.0000000000,-133.9699249268
11194373.0000000000,-133.9791107178
11220189.0000000000,-133.9791107178
11246053.0000000000,-133.9791107178
11271976.0000000000,-133.9908294678
11297958.0000000000,-133.9948425293
11324001.0000000000,-134.0196533203
11350104.0000000000,-134.0520019531
11376279.0000000000,-134.0763854980
11402502.0000000000,-134.0980529785
11428786.0000000000,-134.1448211670
11455130.0000000000,-134.1565093994
11481535.0000000000,-134.1904296875
11508000.0000000000,-134.2348022461
11534527.0000000000,-134.2657775879
11561128.0000000000,-134.2741699219
11587777.0000000000,-134.3190612793
11614488.0000000000,-134.3481597900
11641260.0000000000,-134.3748474121
11668094.0000000000,-134.4451293945
11694990.0000000000,-134.4709320068
11721947.0000000000,-134.4805450439
11748980.0000000000,-134.5308532715
11776062.0000000000,-134.5788116455
11803207.0000000000,-134.6097259521
11830414.0000000000,-134.6123962402
11857684.0000000000,-134.6294708252
11885017.0000000000,-134.6739959717
11912426.0000000000,-134.6916351318
11939885.0000000000,-134.7084045410
11967407.0000000000,-134.7131652832
11994993.0000000000,-134.7204132080
12022642.0000000000,-134.7377929688
12050355.0000000000,-134.7639465332
12078132.0000000000,-134.7934722900
12105986.0000000000,-134.8241424561
12133892.0000000000,-134.8597412109
12161861.0000000000,-134.8907775879
12189895.0000000000,-134.9129028320
12217994.0000000000,-134.9363861084
12246157.0000000000,-134.9608001709
12274399.0000000000,-135.0226898193
12302692.0000000000,-135.0954437256
12331051.0000000000,-135.1997528076
12359475.0000000000,-135.2914886475
12387964.0000000000,-135.2984313965
12416519.0000000000,-135.3000946045
12445140.0000000000,-135.3211669922
12473841.0000000000,-135.3327331543
12502594.0000000000,-135.3853607178
12531413.0000000000,-135.3948516846
12560299.0000000000,-135.4139709473
12589251.0000000000,-135.4624633789
12618270.0000000000,-135.4720611572
12647370.0000000000,-135.4965057373
12676523.0000000000,-135.5023345947
12705744.0000000000,-135.5228881836
12735031.0000000000,-135.5418090820
12764387.0000000000,-135.5538635254
12793809.0000000000,-135.5609283447
12823300.0000000000,-135.5613098145
12852873.0000000000,-135.5724487305
12882499.0000000000,-135.6039733887
12912195.0000000000,-135.6101684570
12941958.0000000000,-135.6134033203
12971790.0000000000,-135.6380462646
13001691.0000000000,-135.6591186523
13031661.0000000000,-135.6868591309
13061714.0000000000,-135.7556152344
13091822.0000000000,-135.7556152344
13122000.0000000000,-135.7556152344
13152247.0000000000,-135.6622314453
13182564.0000000000,-135.6622314453
13212951.0000000000,-135.6622314453
13243422.0000000000,-135.6622314453
13273949.0000000000,-135.6622314453
13304546.0000000000,-135.7498931885
13335214.0000000000,-135.7558135986
13365953.0000000000,-135.7819976807
13396762.0000000000,-135.8551940918
13427643.0000000000,-135.8824157715
13458609.0000000000,-135.9189758301
13489632.0000000000,-135.9399566650
13520727.0000000000,-135.9399566650
13551893.0000000000,-135.9423370361
13583131.0000000000,-135.9657440186
13614441.0000000000,-136.0175323486
13645839.0000000000,-136.0193023682
13677293.0000000000,-136.0502471924
13708820.0000000000,-136.0659484863
13740420.0000000000,-136.0702972412
13772093.0000000000,-136.1027374268
13803838.0000000000,-136.1165771484
13835657.0000000000,-136.1278991699
13867565.0000000000,-136.1571044922
13899530.0000000000,-136.1576385498
13931570.0000000000,-136.1637268066
13963683.0000000000,-136.1822967529
13995870.0000000000,-136.1838378906
14028132.0000000000,-136.1943511963
14060468.0000000000,-136.1950225830
14092893.0000000000,-136.1950225830
14125379.0000000000,-136.1950225830
14157939.0000000000,-136.2025451660
14190574.0000000000,-136.2270050049
14223284.0000000000,-136.2408294678
14256070.0000000000,-136.2413635254
14288946.0000000000,-136.4566650391
14321884.0000000000,-136.4923858643
14354896.0000000000,-136.5182342529
14387986.0000000000,-136.5678710938
14421151.0000000000,-136.6205291748
14454393.0000000000,-136.6227111816
14487711.0000000000,-136.6622772217
14521122.0000000000,-136.7322235107
14554594.0000000000,-136.7378387451
14588144.0000000000,-136.8275146484
14621770.0000000000,-136.9041290283
14655475.0000000000,-136.9067535400
14689257.0000000000,-136.9347839355
14723133.0000000000,-136.9747161865
14757070.0000000000,-136.9765319824
14791086.0000000000,-137.0195770264
14825181.0000000000,-137.0642700195
14859354.0000000000,-137.0704040527
14893606.0000000000,-137.0887145996
14927937.0000000000,-137.1125335693
14962363.0000000000,-137.1399536133
14996852.0000000000,-137.1404571533
15031421.0000000000,-137.1770935059
15066070.0000000000,-137.1776123047
15100798.0000000000,-137.2329101563
15135607.0000000000,-137.2353057861
15170512.0000000000,-137.2632598877
15205481.0000000000,-137.2672119141
15240531.0000000000,-137.2802734375
15275661.0000000000,-137.3059539795
15310873.0000000000,-137.3136596680
15346165.0000000000,-137.3289642334
15381539.0000000000,-137.3295135498
15417012.0000000000,-137.3295135498
15452549.0000000000,-137.3295135498
15488168.0000000000,-137.3295135498
15523870.0000000000,-137.3306274414
15559653.0000000000,-137.3401794434
15595519.0000000000,-137.3502655029
15631468.0000000000,-137.3636627197
15667517.0000000000,-137.3701629639
15703632.0000000000,-137.3711700439
15739830.0000000000,-137.3794555664
15776111.0000000000,-137.3967895508
15812476.0000000000,-137.4032897949
15848925.0000000000,-137.4304809570
15885475.0000000000,-137.4345855713
15922092.0000000000,-137.4835205078
15958794.0000000000,-137.4874114990
15995580.0000000000,-137.4995422363
16032451.0000000000,-137.7465667725
16069407.0000000000,-137.8661804199
16106448.0000000000,-137.8780212402
16143592.0000000000,-138.0089721680
16180804.0000000000,-138.0273742676
16218102.0000000000,-138.0835113525
16255486.0000000000,-138.1493682861
16292956.0000000000,-138.1733703613
16330513.0000000000,-138.1996612549
16368174.0000000000,-138.2291107178
16405903.0000000000,-138.2586517334
16443720.0000000000,-138.2732391357
16481624.0000000000,-138.3610687256
16519616.0000000000,-138.3710021973
16557694.0000000000,-138.3715515137
16595861.0000000000,-138.3735809326
16634134.0000000000,-138.4183959961
16672477.0000000000,-138.4336700439
16710908.0000000000,-138.4586486816
16749428.0000000000,-138.4716796875
16788036.0000000000,-138.4757995605
16826734.0000000000,-138.4757995605
16865540.0000000000,-138.4757995605
16904416.0000000000,-138.4940490723
16943382.0000000000,-138.4940490723
16982438.0000000000,-138.4940490723
17021582.0000000000,-138.5073852539
17060818.0000000000,-138.5299377441
17100146.0000000000,-138.5299377441
17139582.0000000000,-138.5299377441
17179090.0000000000,-138.5299377441
17218688.0000000000,-138.5299377441
17258378.0000000000,-138.5299377441
17298160.0000000000,-138.5299377441
17338034.0000000000,-138.4940490723
17378000.0000000000,-138.4757995605
17418076.0000000000,-138.4716796875
17458226.0000000000,-138.4632720947
17498468.0000000000,-138.4632720947
17538804.0000000000,-138.4632720947
17579232.0000000000,-138.4632720947
17619752.0000000000,-138.4632720947
17660388.0000000000,-138.4716796875
17701096.0000000000,-138.4757995605
17741898.0000000000,-138.5299377441
17782794.0000000000,-138.5299377441
17823784.0000000000,-138.5299377441
17864870.0000000000,-138.5299377441
17906050.0000000000,-138.5935516357
17947344.0000000000,-138.6180877686
17988714.0000000000,-138.6497955322
18030180.0000000000,-138.6577758789
18071740.0000000000,-138.6708984375
18113396.0000000000,-138.6708984375
18155150.0000000000,-138.6708984375
18197018.0000000000,-138.6708984375
18238964.0000000000,-138.6708984375
18281006.0000000000,-138.6708984375
18323144.0000000000,-138.6708984375
18365380.0000000000,-138.6708984375
18407714.0000000000,-138.6708984375
18450146.0000000000,-138.7259368896
18492694.0000000000,-138.7578887939
18535322.0000000000,-138.8447265625
18578046.0000000000,-139.1275482178
18620870.0000000000,-139.4578247070
18663792.0000000000,-139.6516418457
18706814.0000000000,-139.7270507813
18749934.0000000000,-139.7656860352
18793176.0000000000,-139.7763366699
18836496.0000000000,-139.7763366699
18879914.0000000000,-139.7763366699
18923434.0000000000,-139.7763366699
18967054.0000000000,-139.7763366699
19010774.0000000000,-139.7763366699
19054616.0000000000,-139.7763366699
19098538.0000000000,-139.7763366699
19142562.0000000000,-139.7763366699
19186688.0000000000,-139.7763366699
19230914.0000000000,-139.7763366699
19275242.0000000000,-139.7763366699
19319674.0000000000,-139.7763366699
19364228.0000000000,-139.7763366699
19408864.0000000000,-139.7763366699
19453602.0000000000,-139.7763366699
19498444.0000000000,-139.7763366699
19543390.0000000000,-139.7763366699
19588438.0000000000,-139.7656860352
19633612.0000000000,-139.7270507813
19678870.0000000000,-139.6516418457
19724230.0000000000,-139.5031280518
19769696.0000000000,-139.4736480713
19815268.0000000000,-139.4407958984
19860942.0000000000,-139.3479614258
19906724.0000000000,-139.2803344727
19952632.0000000000,-139.2579650879
19998624.0000000000,-139.2422180176
20044722.0000000000,-139.2422180176
20090926.0000000000,-139.2422180176
20137238.0000000000,-139.2422180176
20183656.0000000000,-139.2422180176
20230202.0000000000,-139.2422180176
20276834.0000000000,-139.2422180176
20323574.0000000000,-139.2422180176
20370422.0000000000,-139.2422180176
20417376.0000000000,-139.2422180176
20464440.0000000000,-139.2422180176
20511612.0000000000,-139.2422180176
20558916.0000000000,-139.2422180176
20606306.0000000000,-139.2422180176
20653804.0000000000,-139.2422180176
20701412.0000000000,-139.2422180176
20749130.0000000000,-139.2579650879
20796960.0000000000,-139.3479614258
20844898.0000000000,-139.4407958984
20892970.0000000000,-139.4736480713
20941130.0000000000,-139.5031280518
20989400.0000000000,-139.5221557617
21037782.0000000000,-139.9173889160
21086276.0000000000,-139.9640197754
21134882.0000000000,-140.0021667480
21183622.0000000000,-140.0155029297
21232452.0000000000,-140.0333709717
21281394.0000000000,-140.0622711182
21330448.0000000000,-140.0751037598
21379618.0000000000,-140.2212677002
21428898.0000000000,-140.2435607910
21478294.0000000000,-140.2435607910
21527826.0000000000,-140.2435607910
21577450.0000000000,-140.2435607910
21627188.0000000000,-140.2435607910
21677040.0000000000,-140.2435607910
21727006.0000000000,-140.2435607910
21777088.0000000000,-140.2435607910
21827310.0000000000,-140.3120880127
21877624.0000000000,-140.3132781982
21928054.0000000000,-140.4987945557
21978600.0000000000,-140.5161132813
22029262.0000000000,-140.5220184326
22080040.0000000000,-140.5349426270
22130936.0000000000,-140.5442504883
22181974.0000000000,-140.5897064209
22233106.0000000000,-140.5897064209
22284354.0000000000,-140.6451568604
22335722.0000000000,-140.6583709717
22387206.0000000000,-140.6583709717
22438810.0000000000,-140.6583709717
22490558.0000000000,-140.6583709717
22542400.0000000000,-140.6583709717
22594362.0000000000,-140.6636962891
22646444.0000000000,-140.7363586426
22698646.0000000000,-140.7363586426
22750968.0000000000,-140.7363586426
22803410.0000000000,-140.7470703125
22855998.0000000000,-140.7492065430
22908684.0000000000,-140.7492065430
22961490.0000000000,-140.7492065430
23014418.0000000000,-140.7492065430
23067468.0000000000,-140.7492065430
23120640.0000000000,-140.7470703125
23173934.0000000000,-140.6636962891
23227378.0000000000,-140.6583709717
23280918.0000000000,-140.6451568604
23334582.0000000000,-140.5897064209
23388370.0000000000,-140.5768890381
23442282.0000000000,-140.5768890381
23496318.0000000000,-140.5768890381
23550504.0000000000,-140.5897064209
23604790.0000000000,-140.6451568604
23659200.0000000000,-140.6583709717
23713738.0000000000,-140.7470703125
23768398.0000000000,-140.7492065430
23823186.0000000000,-140.8111724854
23878100.0000000000,-140.8242797852
23933168.0000000000,-140.8527069092
23988336.0000000000,-140.8527832031
24043630.0000000000,-140.9017639160
24099052.0000000000,-141.1576995850
24154602.0000000000,-141.1776733398
24210280.0000000000,-141.3315887451
24266114.0000000000,-141.5867462158
24322048.0000000000,-141.3315887451
24378112.0000000000,-141.1576995850
24434306.0000000000,-141.0807189941
24490628.0000000000,-140.9017639160
24547082.0000000000,-140.8527832031
24603664.0000000000,-140.8527069092
24660404.0000000000,-140.8334197998
24717248.0000000000,-140.8242797852
24774224.0000000000,-140.8111724854
24831330.0000000000,-140.7492065430
24888568.0000000000,-140.5768890381
24945938.0000000000,-140.5768890381
25003440.0000000000,-140.7492065430
25061102.0000000000,-140.7883148193
25118870.0000000000,-140.7883148193
25176770.0000000000,-140.8242797852
25234804.0000000000,-140.8334197998
25292972.0000000000,-140.8527832031
25351274.0000000000,-140.9017639160
25409740.0000000000,-141.0807189941
25468310.0000000000,-141.3315887451
25527016.0000000000,-141.3490295410
25585858.0000000000,-141.3490295410
25644836.0000000000,-141.3490295410
25703948.0000000000,-141.3490295410
25763198.0000000000,-141.3490295410
25822612.0000000000,-141.3490295410
25882136.0000000000,-141.3490295410
25941796.0000000000,-141.3315887451
26001594.0000000000,-141.3315887451
26061528.0000000000,-141.3315887451
26121602.0000000000,-141.1670684814
26181844.0000000000,-141.1670684814
26242194.0000000000,-141.1670684814
26302684.0000000000,-141.1670684814
26363314.0000000000,-141.1670684814
26424084.0000000000,-141.1670684814
26484992.0000000000,-141.1670684814
26546042.0000000000,-141.0807189941
26607262.0000000000,-140.9869689941
26668594.0000000000,-140.8824768066
26730066.0000000000,-140.8686828613
26791682.0000000000,-140.8824768066
26853438.0000000000,-140.9869689941
26915338.0000000000,-140.9869689941
26977408.0000000000,-140.9869689941
27039594.0000000000,-141.0636444092
27101922.0000000000,-141.1436462402
27164394.0000000000,-141.1534271240
27227010.0000000000,-141.1670684814
27289770.0000000000,-141.2300567627
27352674.0000000000,-141.2857971191
27415754.0000000000,-141.3490295410
27478950.0000000000,-141.3490295410
27542290.0000000000,-141.2857971191
27605778.0000000000,-141.2300567627
27669410.0000000000,-141.2300567627
27733190.0000000000,-141.2300567627
27797118.0000000000,-141.2300567627
27861222.0000000000,-141.2300567627
27925444.0000000000,-141.2300567627
27989814.0000000000,-141.2300567627
28054334.0000000000,-141.2300567627
28119000.0000000000,-141.2857971191
28183816.0000000000,-141.3831634521
28248814.0000000000,-141.4471130371
28313930.0000000000,-141.6352081299
28379194.0000000000,-141.4471130371
28444610.0000000000,-141.3831634521
28510178.0000000000,-141.3924865723
28575896.0000000000,-141.6396331787
28641766.0000000000,-141.7584686279
28707818.0000000000,-141.7879028320
28773992.0000000000,-141.8405914307
28840318.0000000000,-142.2237396240
28906796.0000000000,-142.3276367188
28973428.0000000000,-142.3276367188
29040214.0000000000,-142.3276367188
29107186.0000000000,-142.3276367188
29174280.0000000000,-142.3597259521
29241530.0000000000,-142.4584960938
29308932.0000000000,-142.4584960938
29376492.0000000000,-142.4584960938
29444208.0000000000,-142.4584960938
29512078.0000000000,-142.4584960938
29580138.0000000000,-142.4584960938
29648322.0000000000,-142.4584960938
29716664.0000000000,-142.4584960938
29785162.0000000000,-142.4584960938
29853820.0000000000,-142.4584960938
29922634.0000000000,-142.3597259521
29991642.0000000000,-142.3276367188
30060774.0000000000,-142.2757720947
30130066.0000000000,-142.3597259521
30199518.0000000000,-142.4584960938
30269130.0000000000,-142.5258026123
30338904.0000000000,-142.7270507813
30408836.0000000000,-142.7275085449
30478964.0000000000,-142.7275085449
30549220.0000000000,-142.7270507813
30619638.0000000000,-142.5258026123
30690220.0000000000,-142.4584960938
30760962.0000000000,-142.3597259521
30831868.0000000000,-142.3197937012
30902938.0000000000,-142.2757720947
30974206.0000000000,-141.8756561279
31045604.0000000000,-141.8756561279
31117166.0000000000,-141.8756561279
31188892.0000000000,-141.9658050537
31260786.0000000000,-142.0151214600
31332844.0000000000,-142.0151214600
31405102.0000000000,-141.9658050537
31477494.0000000000,-141.8974456787
31550052.0000000000,-141.8756561279
31622776.0000000000,-141.8535156250
31695670.0000000000,-141.8470153809
31768730.0000000000,-141.7891540527
31841960.0000000000,-141.7825622559
31915392.0000000000,-141.7825622559
31988960.0000000000,-141.7825622559
32062696.0000000000,-141.7825622559
32136604.0000000000,-141.7825622559
32210680.0000000000,-141.7825622559
32284928.0000000000,-141.7825622559
32359382.0000000000,-141.7891540527
32433974.0000000000,-141.7916564941
32508736.0000000000,-141.8470153809
32583670.0000000000,-141.8535156250
32658778.0000000000,-141.8974456787
32734060.0000000000,-141.9528656006
32809514.0000000000,-141.9658050537
32885178.0000000000,-142.0151214600
32960980.0000000000,-142.0864257813
33036958.0000000000,-142.0888824463
33113110.0000000000,-142.0888824463
33189438.0000000000,-142.0888824463
33265942.0000000000,-142.0888824463
33342624.0000000000,-142.0888824463
33419516.0000000000,-142.0888824463
33496552.0000000000,-142.0888824463
33573764.0000000000,-142.2014465332
33651152.0000000000,-142.5845336914
33728720.0000000000,-142.5921325684
33806468.0000000000,-142.6313781738
33884432.0000000000,-142.6942443848
33962536.0000000000,-142.8159332275
34040824.0000000000,-142.9786682129
34119292.0000000000,-143.1062774658
34197936.0000000000,-143.1182403564
34276768.0000000000,-143.2499237061
34355776.0000000000,-143.2499237061
34435008.0000000000,-143.2499237061
34514384.0000000000,-143.2499237061
34593940.0000000000,-143.2499237061
34673680.0000000000,-143.2499237061
34753608.0000000000,-143.5155487061
34833716.0000000000,-143.5269012451
34914048.0000000000,-143.5453948975
34994528.0000000000,-143.7118682861
35075192.0000000000,-143.7410888672
35156044.0000000000,-143.7410888672
35237080.0000000000,-143.7410888672
35318304.0000000000,-143.7410888672
35399716.0000000000,-143.7410888672
35481356.0000000000,-143.7118682861
35563140.0000000000,-143.5453948975
35645116.0000000000,-143.5289306641
35727280.0000000000,-143.5269012451
35809636.0000000000,-143.5155487061
35892180.0000000000,-143.2499237061
35974952.0000000000,-143.1792297363
36057876.0000000000,-143.1792297363
36140992.0000000000,-143.2300567627
36224300.0000000000,-143.2499237061
36307800.0000000000,-143.4292907715
36391492.0000000000,-143.5269012451
36475376.0000000000,-143.5289306641
36559496.0000000000,-143.5453948975
36643768.0000000000,-143.5453948975
36728236.0000000000,-143.5453948975
36812896.0000000000,-143.5289306641
36897752.0000000000,-143.4679565430
36982804.0000000000,-143.4292907715
37068052.0000000000,-143.2499237061
37153536.0000000000,-143.2300567627
37239180.0000000000,-143.1792297363
37325020.0000000000,-143.1792297363
37411056.0000000000,-143.1792297363
37497292.0000000000,-143.1792297363
37583724.0000000000,-143.1792297363
37670400.0000000000,-143.1792297363
37757232.0000000000,-143.2300567627
37844264.0000000000,-143.2942199707
37931500.0000000000,-143.2942199707
38018932.0000000000,-143.2942199707
38106568.0000000000,-143.2942199707
38194408.0000000000,-143.2300567627
38282492.0000000000,-143.1792297363
38370736.0000000000,-143.0260925293
38459180.0000000000,-143.0260925293
38547832.0000000000,-143.0260925293
38636688.0000000000,-143.0260925293
38725748.0000000000,-143.0260925293
38815056.0000000000,-143.2300567627
38904528.0000000000,-143.2942199707
38994204.0000000000,-143.4292907715
39084092.0000000000,-143.4679565430
39174180.0000000000,-143.5443267822
39264480.0000000000,-143.6051483154
39354988.0000000000,-143.7623901367
39445748.0000000000,-143.7672424316
39536672.0000000000,-143.9140777588
39627808.0000000000,-143.9201049805
39719152.0000000000,-143.9388885498
39810708.0000000000,-143.9420928955
39902476.0000000000,-143.9910736084
39994496.0000000000,-144.0693054199
40086688.0000000000,-144.1182708740
40179088.0000000000,-144.1331024170
40271704.0000000000,-144.1410064697
40364536.0000000000,-144.2957611084
40457576.0000000000,-144.4032745361
40550836.0000000000,-144.4615173340
40644352.0000000000,-144.4615173340
40738040.0000000000,-144.4615173340
40831944.0000000000,-144.4615173340
40926064.0000000000,-144.4615173340
41020404.0000000000,-144.4615173340
41114956.0000000000,-144.4615173340
41209732.0000000000,-144.4032745361
41304768.0000000000,-144.2957611084
41399976.0000000000,-144.1410064697
41495408.0000000000,-144.1331024170
41591056.0000000000,-144.1331024170
41686928.0000000000,-144.1331024170
41783020.0000000000,-144.1331024170
41879376.0000000000,-144.1331024170
41975912.0000000000,-144.1331024170
42072668.0000000000,-144.1331024170
42169652.0000000000,-144.1331024170
42266856.0000000000,-144.1331024170
42364284.0000000000,-144.0944671631
42461936.0000000000,-143.9420928955
42559860.0000000000,-143.9388885498
42657964.0000000000,-143.7020111084
42756292.0000000000,-143.6839599609
42854848.0000000000,-143.6556091309
42953632.0000000000,-143.5008239746
43052644.0000000000,-143.4085235596
43151932.0000000000,-143.4085235596
43251400.0000000000,-143.4085235596
43351096.0000000000,-143.4085235596
43451024.0000000000,-143.4085235596
43551180.0000000000,-143.4085235596
43651568.0000000000,-143.4085235596
43752188.0000000000,-143.4085235596
43853088.0000000000,-143.4085235596
43954176.0000000000,-143.4085235596
44055492.0000000000,-143.4085235596
44157044.0000000000,-143.4085235596
44258828.0000000000,-143.4085235596
44360848.0000000000,-143.4085235596
44463104.0000000000,-143.4085235596
44565644.0000000000,-143.4085235596
44668368.0000000000,-143.4085235596
44771332.0000000000,-143.4085235596
44874532.0000000000,-143.5008239746
44977972.0000000000,-143.5097045898
45081652.0000000000,-143.6556091309
45185616.0000000000,-143.7020111084
45289772.0000000000,-143.7449951172
45394168.0000000000,-143.9026641846
45498804.0000000000,-143.9555358887
45603684.0000000000,-143.9803466797
45708804.0000000000,-143.9809112549
45814164.0000000000,-144.0406799316
45919820.0000000000,-144.3095550537
46025668.0000000000,-144.3514862061
46131760.0000000000,-144.3514862061
46238100.0000000000,-144.3514862061
46344680.0000000000,-144.3514862061
46451508.0000000000,-144.3514862061
46558632.0000000000,-144.3514862061
46665956.0000000000,-144.4353637695
46773524.0000000000,-144.6281433105
46881340.0000000000,-144.7750854492
46989404.0000000000,-144.8173675537
47097716.0000000000,-144.9475097656
47206280.0000000000,-144.9599456787
47315148.0000000000,-145.2188110352
47424212.0000000000,-145.2676696777
47533528.0000000000,-145.2676696777
47643096.0000000000,-145.2676696777
47752916.0000000000,-145.2676696777
47862992.0000000000,-145.3310699463
47973372.0000000000,-146.0234680176
48083952.0000000000,-146.0509033203
48194788.0000000000,-146.3345031738
48305880.0000000000,-146.6499938965
48417232.0000000000,-146.8322143555
48528836.0000000000,-146.8322143555
48640696.0000000000,-146.8322143555
48752872.0000000000,-146.6499938965
48865252.0000000000,-146.0509033203
48977888.0000000000,-146.0234680176
49090784.0000000000,-145.3823852539
49203944.0000000000,-145.3310699463
49317364.0000000000,-145.3310699463
49431044.0000000000,-145.3310699463
49545040.0000000000,-145.3310699463
49659244.0000000000,-145.3310699463
49773712.0000000000,-145.3310699463
49888444.0000000000,-145.3823852539
50003440.0000000000,-145.3823852539
50118700.0000000000,-145.3823852539
50234284.0000000000,-145.3823852539
50350076.0000000000,-145.3823852539
50466136.0000000000,-145.3823852539
50582464.0000000000,-145.3823852539
50699060.0000000000,-145.3823852539
50815928.0000000000,-145.3823852539
50933060.0000000000,-145.7440643311
51050520.0000000000,-146.0234680176
51168196.0000000000,-146.0234680176
51286144.0000000000,-146.0234680176
51404360.0000000000,-145.7440643311
51522852.0000000000,-145.3823852539
51641616.0000000000,-145.3216705322
51760712.0000000000,-145.2676696777
51880024.0000000000,-145.0161132813
51999608.0000000000,-145.0161132813
52119472.0000000000,-145.0161132813
52239612.0000000000,-145.0254821777
52360028.0000000000,-145.3216705322
52480720.0000000000,-145.3823852539
52601752.0000000000,-145.3823852539
52723000.0000000000,-145.3216705322
52844532.0000000000,-145.0254821777
52966340.0000000000,-145.0161132813
53088432.0000000000,-144.7011718750
53210804.0000000000,-144.6090393066
53333520.0000000000,-144.2945709229
53456456.0000000000,-144.0653076172
53579676.0000000000,-143.9533996582
53703180.0000000000,-143.9533996582
53826972.0000000000,-144.0653076172
53951048.0000000000,-144.5820617676
54075408.0000000000,-144.5820617676
54200116.0000000000,-144.5820617676
54325048.0000000000,-144.5820617676
54450272.0000000000,-144.5080108643
54575784.0000000000,-144.0653076172
54701584.0000000000,-143.9533996582
54827676.0000000000,-143.9533996582
54954060.0000000000,-143.9533996582
55080792.0000000000,-144.0653076172
55207756.0000000000,-144.1455688477
55335016.0000000000,-144.5080108643
55462564.0000000000,-144.5820617676
55590412.0000000000,-144.6090393066
55718552.0000000000,-144.7091827393
55847048.0000000000,-144.6090393066
55975780.0000000000,-144.5820617676
56104808.0000000000,-144.5080108643
56234132.0000000000,-144.5820617676
56363756.0000000000,-144.6090393066
56493680.0000000000,-144.6090393066
56623900.0000000000,-144.6090393066
56754484.0000000000,-144.6090393066
56885308.0000000000,-144.6218872070
57016432.0000000000,-144.7091827393
57147860.0000000000,-144.7091827393
57279588.0000000000,-144.7091827393
57411624.0000000000,-144.6218872070
57544024.0000000000,-144.6090393066
57676668.0000000000,-144.5820617676
57809616.0000000000,-144.5080108643
57942872.0000000000,-144.5080108643
58076432.0000000000,-144.5820617676
58210304.0000000000,-144.6218872070
58344484.0000000000,-144.6218872070
58479036.0000000000,-144.6218872070
58613832.0000000000,-144.7091827393
58748944.0000000000,-144.7951507568
58884364.0000000000,-144.8916015625
59020096.0000000000,-144.9869384766
59156140.0000000000,-144.9869384766
59292500.0000000000,-144.9869384766
59429240.0000000000,-144.9869384766
59566228.0000000000,-144.9869384766
59703532.0000000000,-144.9869384766
59841152.0000000000,-145.2939300537
59979092.0000000000,-145.5136871338
60117348.0000000000,-145.5288391113
60255988.0000000000,-145.5666351318
60394884.0000000000,-145.6804046631
60534096.0000000000,-145.7248687744
60673632.0000000000,-145.7248687744
60813488.0000000000,-145.7248687744
60953668.0000000000,-145.7248687744
61094172.0000000000,-145.7248687744
61235064.0000000000,-145.7248687744
61376216.0000000000,-145.7248687744
61517692.0000000000,-145.9925384521
61659496.0000000000,-146.0679321289
61801624.0000000000,-146.0679321289
61944080.0000000000,-146.0679321289
62086936.0000000000,-146.0791320801
62230048.0000000000,-146.1387023926
62373496.0000000000,-146.1773223877
62517268.0000000000,-146.3069000244
62661376.0000000000,-146.4877014160
62805816.0000000000,-146.4877014160
62950588.0000000000,-146.5230407715
63095764.0000000000,-146.6454925537
63241204.0000000000,-146.8957519531
63386976.0000000000,-146.9774475098
63533088.0000000000,-146.9774475098
63679536.0000000000,-147.2288970947
63826324.0000000000,-147.2288970947
63973516.0000000000,-147.2288970947
64120980.0000000000,-147.2288970947
64268784.0000000000,-147.2288970947
64416928.0000000000,-147.2288970947
64565416.0000000000,-147.2288970947
64714244.0000000000,-146.9774475098
64863412.0000000000,-146.8957519531
65013000.0000000000,-147.0869293213
65162860.0000000000,-147.2288970947
65313064.0000000000,-147.2288970947
65463616.0000000000,-147.2288970947
65614512.0000000000,-147.0869293213
65765760.0000000000,-146.8785400391
65917356.0000000000,-146.8785400391
66069372.0000000000,-147.0869293213
66221664.0000000000,-147.0869293213
66374312.0000000000,-146.8785400391
66527308.0000000000,-146.7939605713
66680660.0000000000,-146.7939605713
66834364.0000000000,-146.7083892822
66988492.0000000000,-146.5230407715
67142904.0000000000,-146.5230407715
67297680.0000000000,-146.7083892822
67452800.0000000000,-146.7939605713
67608288.0000000000,-146.7939605713
67764128.0000000000,-146.7939605713
67920328.0000000000,-146.8785400391
68076968.0000000000,-147.0869293213
68233888.0000000000,-147.2831878662
68391168.0000000000,-147.2831878662
68548816.0000000000,-147.2831878662
68706824.0000000000,-147.2831878662
68865200.0000000000,-147.2831878662
69024016.0000000000,-147.0869293213
69183120.0000000000,-146.8785400391
69342592.0000000000,-146.8591003418
69502432.0000000000,-146.7939605713
69662640.0000000000,-146.7083892822
69823216.0000000000,-146.4978179932
69984168.0000000000,-146.4978179932
70145560.0000000000,-146.4978179932
70307248.0000000000,-146.4308624268
70469312.0000000000,-146.4978179932
70631752.0000000000,-146.4308624268
70794560.0000000000,-146.4308624268
70957752.0000000000,-146.4308624268
71121392.0000000000,-146.4308624268
71285328.0000000000,-146.3593750000
71449648.0000000000,-146.3593750000
71614344.0000000000,-146.3593750000
71779424.0000000000,-146.4308624268
71944880.0000000000,-146.4308624268
72110712.0000000000,-146.4308624268
72277016.0000000000,-146.4308624268
72443616.0000000000,-146.4308624268
72610608.0000000000,-146.3593750000
72777976.0000000000,-146.3593750000
72945736.0000000000,-146.4180145264
73113880.0000000000,-146.4308624268
73282416.0000000000,-146.8591003418
73451416.0000000000,-147.2459869385
73620728.0000000000,-147.2831878662
73790432.0000000000,-147.3777160645
73960520.0000000000,-147.5701293945
74131008.0000000000,-147.5701293945
74301880.0000000000,-147.3777160645
74473232.0000000000,-147.3777160645
74644904.0000000000,-147.3777160645
74816960.0000000000,-147.2459869385
74989424.0000000000,-147.1221618652
75162280.0000000000,-146.8591003418
75335528.0000000000,-146.4180145264
75509184.0000000000,-146.4180145264
75683320.0000000000,-146.4180145264
75857776.0000000000,-146.3593750000
76032632.0000000000,-146.3593750000
76207896.0000000000,-146.4180145264
76383560.0000000000,-146.7649230957
76559632.0000000000,-146.7649230957
76736192.0000000000,-146.7649230957
76913072.0000000000,-146.4180145264
77090360.0000000000,-146.2021484375
77268064.0000000000,-146.2021484375
77446168.0000000000,-146.1787719727
77624688.0000000000,-146.1222076416
77803616.0000000000,-146.1222076416
77983048.0000000000,-146.1222076416
78162800.0000000000,-145.8331909180
78342976.0000000000,-145.6883850098
78523560.0000000000,-145.5108032227
78704560.0000000000,-145.5108032227
78885984.0000000000,-145.5108032227
79067816.0000000000,-145.6883850098
79250160.0000000000,-145.8331909180
79432840.0000000000,-146.4180145264
79615936.0000000000,-146.4180145264
79799456.0000000000,-146.4180145264
79983400.0000000000,-145.8331909180
80167768.0000000000,-145.6883850098
80352648.0000000000,-145.5108032227
80537872.0000000000,-145.3896789551
80723512.0000000000,-145.3896789551
80909592.0000000000,-145.3432922363
81096088.0000000000,-145.2636566162
81283024.0000000000,-145.2636566162
81470384.0000000000,-145.2636566162
81658272.0000000000,-145.2397308350
81846496.0000000000,-145.2397308350
82035160.0000000000,-145.2397308350
82224256.0000000000,-145.1621246338
82413792.0000000000,-145.1576690674
82603760.0000000000,-145.1562042236
82794256.0000000000,-145.1011962891
82985104.0000000000,-145.1011962891
83176392.0000000000,-145.1011962891
83368120.0000000000,-145.1011962891
83560288.0000000000,-145.1011962891
83752904.0000000000,-145.1011962891
83945960.0000000000,-145.1011962891
84139552.0000000000,-145.1011962891
84333496.0000000000,-145.1011962891
84527896.0000000000,-145.1011962891
84722736.0000000000,-145.1011962891
84918032.0000000000,-145.1011962891
85113768.0000000000,-145.1562042236
85310056.0000000000,-145.1621246338
85506704.0000000000,-145.2660217285
85703800.0000000000,-145.5108032227
85901352.0000000000,-145.6005706787
86099360.0000000000,-145.6116333008
86297832.0000000000,-145.6569366455
86496752.0000000000,-145.6569366455
86696224.0000000000,-145.6116333008
86896072.0000000000,-145.6116333008
87096368.0000000000,-145.6116333008
87297136.0000000000,-145.6116333008
87498360.0000000000,-145.6138610840
87700048.0000000000,-145.6138610840
87902208.0000000000,-145.6138610840
88104920.0000000000,-145.6138610840
88308008.0000000000,-145.6138610840
88511568.0000000000,-145.6569366455
88715592.0000000000,-145.7271575928
88920088.0000000000,-145.7411499023
89125056.0000000000,-145.8122406006
89330592.0000000000,-145.7411499023
89536504.0000000000,-145.7271575928
89742896.0000000000,-145.7411499023
89949760.0000000000,-145.8122406006
90157096.0000000000,-145.8122406006
90364920.0000000000,-145.9846649170
90573216.0000000000,-146.3635559082
90782088.0000000000,-146.3983459473
90991352.0000000000,-146.4615936279
91201088.0000000000,-146.5605468750
91411320.0000000000,-146.5890502930
91622024.0000000000,-146.8460540771
91833224.0000000000,-147.0245056152
92045008.0000000000,-147.0782928467
92257176.0000000000,-147.0245056152
92469832.0000000000,-146.6259307861
92682984.0000000000,-146.6259307861
92896624.0000000000,-146.6259307861
93110760.0000000000,-147.0245056152
93325384.0000000000,-147.0245056152
93540608.0000000000,-147.0245056152
93756224.0000000000,-147.0245056152
93972344.0000000000,-147.0724945068
94188952.0000000000,-147.0724945068
94406064.0000000000,-147.0724945068
94623680.0000000000,-147.0245056152
94841896.0000000000,-147.0007171631
95060512.0000000000,-147.0007171631
95279640.0000000000,-147.0007171631
95499264.0000000000,-147.0245056152
95719392.0000000000,-147.0612945557
95940032.0000000000,-147.0612945557
96161184.0000000000,-147.0612945557
96382952.0000000000,-147.0724945068
96605120.0000000000,-147.0782928467
96827800.0000000000,-147.5534210205
97050992.0000000000,-147.5534210205
97274704.0000000000,-147.5534210205
97498928.0000000000,-147.5534210205
97723672.0000000000,-147.3014221191
97949040.0000000000,-147.0782928467
98174816.0000000000,-147.0782928467
98401120.0000000000,-147.3014221191
98627936.0000000000,-147.3629150391
98855280.0000000000,-147.3629150391
99083152.0000000000,-147.3629150391
99311656.0000000000,-147.3014221191
99540576.0000000000,-147.3014221191
99770024.0000000000,-147.3014221191
100000000.0000000000,-147.1650085449
