Type,FSWP-50
Version,3.02SP1
Date,03.Jul 2026
VSupply,ON
Mode,Voltage
Voltage Set,0.6000000000,V
Voltage Min,0.0000000000,V
Voltage Max,0.6500000000,V
Voltage Meas,0.6054399802,V
Current Max,20.0000000000,mA
Current Meas,17.5257352941,mA
VTune,OFF
Voltage Set,0.0000000000,V
Voltage Min,0.0000000000,V
Voltage Max,0.0100000000,V
Voltage Meas,-0.0227076117,V
Current Max,20.0000000000,mA
Current Meas,0.1508827305,mA
VAux,OFF
Voltage Set,0.0000000000,V
Voltage Min,-10.0000000000,V
Voltage Max,10.0000000000,V
Voltage Meas,-0.0060444997,V
Current Max,100.0000000000,mA
Current Meas,-0.0901838303,mA
Mode,Phase Noise
Measurement,Phase Noise
Input,RF
RF Att,0.0000000000,dB
Coupling,AC
RBW,2.0000000000,%
XCORR Factor,1000
XCORR Optimize,ON
Estimated Meas Time,3.7457527981,s
Sweep Count,5
Signal Frequency,23422765030.0147094727,Hz
Signal Level,-14.2728000000,dBm
Start,10000.0000000000,Hz
Stop,100000000.0000000000,Hz
SubSweep,1
Start,10000.0000000000,Hz
Stop,30000.0000000000,Hz
RBW,600.0000000000,Hz
XCORR Count,1000
SubSweep,2
Start,30000.0000000000,Hz
Stop,100000.0000000000,Hz
RBW,600.0000000000,Hz
XCORR Count,1000
SubSweep,3
Start,100000.0000000000,Hz
Stop,300000.0000000000,Hz
RBW,2000.0000000000,Hz
XCORR Count,3300
SubSweep,4
Start,300000.0000000000,Hz
Stop,1000000.0000000000,Hz
RBW,6000.0000000000,Hz
XCORR Count,10000
SubSweep,5
Start,1000000.0000000000,Hz
Stop,3000000.0000000000,Hz
RBW,20000.0000000000,Hz
XCORR Count,10000
SubSweep,6
Start,3000000.0000000000,Hz
Stop,10000000.0000000000,Hz
RBW,60000.0000000000,Hz
XCORR Count,10000
SubSweep,7
Start,10000000.0000000000,Hz
Stop,30000000.0000000000,Hz
RBW,200000.0000000000,Hz
XCORR Count,10000
SubSweep,8
Start,30000000.0000000000,Hz
Stop,100000000.0000000000,Hz
RBW,600000.0000000000,Hz
XCORR Count,10000
Integrated Measurements Range,1
Start,10000.0000000000,Hz
Stop,100000000.0000000000,Hz
Weighting,OFF
Integrated Measurements Range,2
Start,10000.0000000000,Hz
Stop,100000000.0000000000,Hz
Weighting,OFF
Integrated Measurements Range,3
Start,10000.0000000000,Hz
Stop,100000000.0000000000,Hz
Weighting,OFF
Integrated Measurements Range,4
Start,10000.0000000000,Hz
Stop,100000000.0000000000,Hz
Weighting,OFF
Integrated Measurements Range,5
Start,10000.0000000000,Hz
Stop,100000000.0000000000,Hz
Weighting,OFF
Integrated Measurements Range,6
Start,10000.0000000000,Hz
Stop,100000000.0000000000,Hz
Weighting,OFF
Integrated Measurements Range,7
Start,10000.0000000000,Hz
Stop,100000000.0000000000,Hz
Weighting,OFF
Integrated Measurements Range,8
Start,10000.0000000000,Hz
Stop,100000000.0000000000,Hz
Weighting,OFF
Integrated Measurements Range,9
Start,10000.0000000000,Hz
Stop,100000000.0000000000,Hz
Weighting,OFF
Integrated Measurements Range,10
Start,10000.0000000000,Hz
Stop,100000000.0000000000,Hz
Weighting,OFF
Spot Noise Decade Edges,OFF
Spot Noise User Defined,ON
Spot Noise User Defined Offset,1
State,OFF
Offset,1000.0000000000,Hz
Spot Noise User Defined Offset,2
State,OFF
Offset,10000.0000000000,Hz
Spot Noise User Defined Offset,3
State,ON
Offset,100000.0000000000,Hz
Spot Noise User Defined Offset,4
State,ON
Offset,1000000.0000000000,Hz
Spot Noise User Defined Offset,5
State,ON
Offset,10000000.0000000000,Hz
Spot Noise User Defined Offset,6
State,OFF
Offset,100000000.0000000000,Hz
Window,1,Noise Spectrum
Trace,1
Trace Mode,CLR/WRITE
Trace Result,PN
Smoothing,ON
Smoothing Value,1.0000000000,%
Spurious Removal,ON
Spurious Removal Threshold,6.0000000000,dB
Trace Offset,OFF
Trace Offset,0.0000000000,dB
Trace Label,OFF
Trace Label,Trace 1
x-Unit,Hz
y-Unit,dBc/Hz
Values,4001
10000.0000000000,-53.6269073486
10023.0507812500,-53.6482162476
10046.1542968750,-53.6695251465
10069.3115234375,-53.6908340454
10092.5332031250,-53.7076568604
10115.7968750000,-53.7241630554
10139.1152343750,-53.7406692505
10162.4863281250,-53.7571792603
10185.9111328125,-53.7719955444
10209.3906250000,-53.7855415344
10232.9355468750,-53.7990951538
10256.5234375000,-53.8126411438
10280.1650390625,-53.8267517090
10303.8613281250,-53.8425674438
10327.6123046875,-53.8583831787
10351.4189453125,-53.8741989136
10375.2792968750,-53.8900146484
10399.2060546875,-53.9119453430
10423.1777343750,-53.9340553284
10447.2031250000,-53.9561614990
10471.2851562500,-53.9782676697
10495.4218750000,-54.0045700073
10519.6152343750,-54.0323982239
10543.8632812500,-54.0602226257
10568.1787109375,-54.0880622864
10592.5400390625,-54.1166343689
10616.9560546875,-54.1458473206
10641.4287109375,-54.1750602722
10665.9580078125,-54.2042732239
10690.5439453125,-54.2324752808
10715.1982421875,-54.2590522766
10739.8974609375,-54.2856178284
10764.6533203125,-54.3121833801
10789.4667968750,-54.3379707336
10814.3378906250,-54.3616180420
10839.2656250000,-54.3852615356
10864.2509765625,-54.4089050293
10889.3056640625,-54.4326362610
10914.4062500000,-54.4566802979
10939.5644531250,-54.4807243347
10964.7812500000,-54.5047683716
10990.0556640625,-54.5294265747
11015.3886718750,-54.5576362610
11040.7919921875,-54.5858573914
11066.2412109375,-54.6140670776
11091.7500000000,-54.6430664063
11117.3173828125,-54.6767158508
11142.9433593750,-54.7103652954
11168.6289062500,-54.7440147400
11194.3730468750,-54.7783164978
11220.1894531250,-54.8156471252
11246.0527343750,-54.8529586792
11271.9755859375,-54.8902702332
11297.9580078125,-54.9276618958
11324.0009765625,-54.9653091431
11350.1035156250,-55.0029525757
11376.2792968750,-55.0406188965
11402.5019531250,-55.0772895813
11428.7861328125,-55.1121826172
11455.1298828125,-55.1470718384
11481.5351562500,-55.1819648743
11508.0000000000,-55.2144317627
11534.5273437500,-55.2444076538
11561.1279296875,-55.2743988037
11587.7773437500,-55.3043746948
11614.4873046875,-55.3301696777
11641.2597656250,-55.3538703918
11668.0937500000,-55.3775711060
11694.9892578125,-55.4012718201
11721.9472656250,-55.4193191528
11748.9804687500,-55.4365577698
11776.0625000000,-55.4537849426
11803.2070312500,-55.4705123901
11830.4140625000,-55.4833183289
11857.6845703125,-55.4961242676
11885.0166015625,-55.5089302063
11912.4257812500,-55.5218925476
11939.8847656250,-55.5350799561
11967.4072265625,-55.5482673645
11994.9931640625,-55.5614547729
12022.6425781250,-55.5791854858
12050.3554687500,-55.5989608765
12078.1318359375,-55.6187362671
12105.9863281250,-55.6387977600
12133.8916015625,-55.6699371338
12161.8613281250,-55.7010803223
12189.8955078125,-55.7322235107
12217.9931640625,-55.7680091858
12246.1572265625,-55.8110733032
12274.3984375000,-55.8541564941
12302.6923828125,-55.8972206116
12331.0507812500,-55.9458465576
12359.4746093750,-55.9959869385
12387.9638671875,-56.0461235046
12416.5195312500,-56.0959281921
12445.1396484375,-56.1444702148
12473.8408203125,-56.1930389404
12502.5937500000,-56.2415847778
12531.4130859375,-56.2837066650
12560.2988281250,-56.3226127625
12589.2509765625,-56.3615188599
12618.2705078125,-56.3986396790
12647.3701171875,-56.4255828857
12676.5234375000,-56.4525108337
12705.7441406250,-56.4794425964
12735.0312500000,-56.5017967224
12764.3867187500,-56.5218086243
12793.8095703125,-56.5418205261
12823.2998046875,-56.5622215271
12852.8730468750,-56.5841789246
12882.4990234375,-56.6061286926
12912.1943359375,-56.6280784607
12941.9580078125,-56.6564521790
12971.7900390625,-56.6867713928
13001.6914062500,-56.7170906067
13031.6611328125,-56.7503051758
13061.7138671875,-56.7886657715
13091.8222656250,-56.8270111084
13122.0000000000,-56.8653526306
13152.2470703125,-56.9049415588
13182.5634765625,-56.9445571899
13212.9501953125,-56.9841690063
13243.4218750000,-57.0194778442
13273.9492187500,-57.0522117615
13304.5468750000,-57.0849418640
13335.2138671875,-57.1146202087
13365.9531250000,-57.1371765137
13396.7626953125,-57.1597328186
13427.6425781250,-57.1822891235
13458.6093750000,-57.1986160278
13489.6328125000,-57.2149162292
13520.7265625000,-57.2312164307
13551.8935546875,-57.2485618591
13583.1308593750,-57.2663078308
13614.4414062500,-57.2840576172
13645.8388671875,-57.3051605225
13677.2929687500,-57.3300857544
13708.8203125000,-57.3550071716
13740.4199218750,-57.3816642761
13772.0927734375,-57.4138832092
13803.8388671875,-57.4461021423
13835.6572265625,-57.4783821106
13867.5644531250,-57.5125770569
13899.5302734375,-57.5467567444
13931.5693359375,-57.5809326172
13963.6826171875,-57.6104202271
13995.8701171875,-57.6390838623
14028.1318359375,-57.6677474976
14060.4677734375,-57.6891441345
14092.8935546875,-57.7073173523
14125.3789062500,-57.7254791260
14157.9384765625,-57.7382011414
14190.5732421875,-57.7465896606
14223.2841796875,-57.7549781799
14256.0693359375,-57.7617073059
14288.9462890625,-57.7663536072
14321.8837890625,-57.7709960938
14354.8964843750,-57.7770309448
14387.9853515625,-57.7856216431
14421.1503906250,-57.7942123413
14454.3925781250,-57.8053779602
14487.7109375000,-57.8230667114
14521.1220703125,-57.8407669067
14554.5947265625,-57.8606872559
14588.1435546875,-57.8878555298
14621.7705078125,-57.9150238037
14655.4746093750,-57.9434432983
14689.2568359375,-57.9766120911
14723.1328125000,-58.0097961426
14757.0703125000,-58.0434303284
14791.0869140625,-58.0788993835
14825.1806640625,-58.1143684387
14859.3544921875,-58.1503334045
14893.6054687500,-58.1880645752
14927.9365234375,-58.2257995605
14962.3632812500,-58.2651062012
14996.8525390625,-58.3089599609
15031.4208984375,-58.3528137207
15066.0693359375,-58.3995056152
15100.7978515625,-58.4525260925
15135.6064453125,-58.5055465698
15170.5117187500,-58.5607261658
15205.4804687500,-58.6192855835
15240.5302734375,-58.6778450012
15275.6611328125,-58.7337455750
15310.8730468750,-58.7867660522
15346.1650390625,-58.8397827148
15381.5390625000,-58.8826522827
15417.0117187500,-58.9186058044
15452.5488281250,-58.9545440674
15488.1679687500,-58.9761924744
15523.8691406250,-58.9924964905
15559.6533203125,-59.0088005066
15595.5195312500,-59.0152931213
15631.4677734375,-59.0204429626
15667.5166015625,-59.0256347656
15703.6318359375,-59.0315437317
15739.8300781250,-59.0374488831
15776.1113281250,-59.0450744629
15812.4765625000,-59.0581588745
15848.9248046875,-59.0712394714
15885.4755859375,-59.0868492126
15922.0927734375,-59.1055717468
15958.7939453125,-59.1242942810
15995.5800781250,-59.1433525085
16032.4511718750,-59.1625785828
16069.4072265625,-59.1818008423
16106.4482421875,-59.1993827820
16143.5927734375,-59.2168159485
16180.8046875000,-59.2345924377
16218.1025390625,-59.2540206909
16255.4863281250,-59.2734489441
16292.9560546875,-59.2973403931
16330.5126953125,-59.3266601563
16368.1738281250,-59.3559951782
16405.9042968750,-59.3976860046
16443.7207031250,-59.4435997009
16481.6250000000,-59.4904785156
16519.6152343750,-59.5535697937
16557.6953125000,-59.6166648865
16595.8613281250,-59.6834220886
16634.1347656250,-59.7560997009
16672.4765625000,-59.8287391663
16710.9082031250,-59.8981208801
16749.4277343750,-59.9662780762
16788.0371093750,-60.0327644348
16826.7343750000,-60.0817909241
16865.5390625000,-60.1308403015
16904.4160156250,-60.1675148010
16943.3808593750,-60.1898803711
16982.4375000000,-60.1947326660
17021.5820312500,-60.1952209473
17060.8183593750,-60.1961746216
17100.1445312500,-60.1980476379
17139.5820312500,-60.2059478760
17179.0898437500,-60.2114677429
17218.6875000000,-60.2122459412
17258.3789062500,-60.2138557434
17298.1601562500,-60.2156372070
17338.0332031250,-60.2158012390
17378.0000000000,-60.2267646790
17418.0761718750,-60.2499580383
17458.2265625000,-60.2789726257
17498.4687500000,-60.3081893921
17538.8027343750,-60.3418617249
17579.2324218750,-60.3755378723
17619.7519531250,-60.4072952271
17660.3867187500,-60.4373359680
17701.0957031250,-60.4672431946
17741.8984375000,-60.4921112061
17782.7949218750,-60.5169754028
17823.7851562500,-60.5414543152
17864.8691406250,-60.5656013489
17906.0488281250,-60.5899505615
17947.3437500000,-60.6175918579
17988.7148437500,-60.6452217102
18030.1796875000,-60.6744766235
18071.7402343750,-60.7048263550
18113.3964843750,-60.7349205017
18155.1484375000,-60.7635841370
18197.0175781250,-60.7922630310
18238.9628906250,-60.8177986145
18281.0058593750,-60.8421096802
18323.1445312500,-60.8658142090
18365.3808593750,-60.8881034851
18407.7148437500,-60.9103965759
18450.1445312500,-60.9353141785
18492.6953125000,-60.9605636597
18535.3222656250,-60.9885253906
18578.0468750000,-61.0192070007
18620.8710937500,-61.0502586365
18663.7929687500,-61.0840187073
18706.8144531250,-61.1177787781
18749.9355468750,-61.1501197815
18793.1757812500,-61.1820106506
18836.4941406250,-61.2118415833
18879.9140625000,-61.2385978699
18923.4335937500,-61.2650985718
18967.0546875000,-61.2874870300
19010.7734375000,-61.3098754883
19054.6171875000,-61.3316497803
19098.5390625000,-61.3531799316
19142.5625000000,-61.3757781982
19186.6875000000,-61.3998908997
19230.9140625000,-61.4244232178
19275.2421875000,-61.4523811340
19319.6738281250,-61.4803390503
19364.2285156250,-61.5101394653
19408.8632812500,-61.5403289795
19453.6015625000,-61.5696220398
19498.4433593750,-61.5981407166
19543.3886718750,-61.6251411438
19588.4375000000,-61.6480293274
19633.6132812500,-61.6708488464
19678.8691406250,-61.6878089905
19724.2304687500,-61.7047691345
19769.6972656250,-61.7218399048
19815.2675781250,-61.7389411926
19860.9433593750,-61.7619972229
19906.7226562500,-61.7901878357
19952.6328125000,-61.8250312805
19998.6250000000,-61.8742561340
20044.7226562500,-61.9259223938
20090.9277343750,-61.9983787537
20137.2382812500,-62.0708312988
20183.6562500000,-62.1564674377
20230.2031250000,-62.2435150146
20276.8339843750,-62.3292732239
20323.5742187500,-62.4145507813
20370.4218750000,-62.4908332825
20417.3769531250,-62.5594978333
20464.4394531250,-62.6201477051
20511.6113281250,-62.6674537659
20558.9160156250,-62.6969451904
20606.3046875000,-62.6984481812
20653.8046875000,-62.7002067566
20701.4121093750,-62.7108955383
20749.1308593750,-62.7113685608
20796.9589843750,-62.7152290344
20844.8984375000,-62.7292861938
20892.9687500000,-62.7328147888
20941.1289062500,-62.7431449890
20989.4003906250,-62.7533073425
21037.7812500000,-62.7587547302
21086.2753906250,-62.7743453979
21134.8808593750,-62.7814788818
21183.6210937500,-62.7855834961
21232.4511718750,-62.7984619141
21281.3945312500,-62.8083457947
21330.4492187500,-62.8161582947
21379.6171875000,-62.8225822449
21428.8984375000,-62.8338317871
21478.2929687500,-62.8406791687
21527.8261718750,-62.8469657898
21577.4492187500,-62.8537597656
21627.1875000000,-62.8583984375
21677.0390625000,-62.8653144836
21727.0058593750,-62.8662109375
21777.0878906250,-62.8717994690
21827.3105468750,-62.8790206909
21877.6230468750,-62.9112815857
21928.0527343750,-62.9450035095
21978.5996093750,-62.9789695740
22029.2617187500,-63.0147628784
22080.0410156250,-63.0505142212
22130.9355468750,-63.0859451294
22181.9746093750,-63.1208801270
22233.1054687500,-63.1518249512
22284.3535156250,-63.1819801331
22335.7207031250,-63.2067337036
22387.2070312500,-63.2309761047
22438.8105468750,-63.2522773743
22490.5585937500,-63.2737655640
22542.4003906250,-63.2960281372
22594.3632812500,-63.3189773560
22646.4433593750,-63.3443756104
22698.6464843750,-63.3705749512
22750.9667968750,-63.3989677429
22803.4101562500,-63.4285850525
22855.9980468750,-63.4607696533
22908.6835937500,-63.4956665039
22961.4902343750,-63.5348396301
23014.4179687500,-63.5786056519
23067.4667968750,-63.6277046204
23120.6386718750,-63.6816940308
23173.9335937500,-63.7397651672
23227.3769531250,-63.8004150391
23280.9179687500,-63.8624992371
23334.5820312500,-63.9231567383
23388.3710937500,-63.9833030701
23442.2812500000,-64.0378265381
23496.3183593750,-64.0913162231
23550.5039062500,-64.1351394653
23604.7910156250,-64.1775283813
23659.2011718750,-64.2089691162
23713.7363281250,-64.2381820679
23768.3984375000,-64.2592773438
23823.1875000000,-64.2788085938
23878.1015625000,-64.2955245972
23933.1679687500,-64.3139572144
23988.3359375000,-64.3340759277
24043.6308593750,-64.3599929810
24099.0527343750,-64.3889007568
24154.6035156250,-64.4254302979
24210.2812500000,-64.4636001587
24266.1132812500,-64.5067214966
24322.0488281250,-64.5494461060
24378.1132812500,-64.5902328491
24434.3066406250,-64.6273422241
24490.6289062500,-64.6579360962
24547.0820312500,-64.6644210815
24603.6640625000,-64.6670074463
24660.4042968750,-64.6699981689
24717.2480468750,-64.6736450195
24774.2226562500,-64.6800842285
24831.3300781250,-64.6802444458
24888.5683593750,-64.6830444336
24945.9375000000,-64.6917572021
25003.4394531250,-64.6954116821
25061.1015625000,-64.6995239258
25118.8691406250,-64.7000122070
25176.7714843750,-64.7049179077
25234.8046875000,-64.7335281372
25292.9726562500,-64.7758712769
25351.2753906250,-64.8211898804
25409.7402343750,-64.8715667725
25468.3105468750,-64.9193954468
25527.0175781250,-64.9657516479
25585.8593750000,-65.0002365112
25644.8359375000,-65.0311050415
25703.9492187500,-65.0510177612
25763.1972656250,-65.0688171387
25822.6132812500,-65.0840530396
25882.1347656250,-65.1031494141
25941.7949218750,-65.1239242554
26001.5937500000,-65.1542053223
26061.5292968750,-65.1867904663
26121.6015625000,-65.2240524292
26181.8437500000,-65.2607955933
26242.1953125000,-65.2972259521
26302.6835937500,-65.3249359131
26363.3144531250,-65.3486022949
26424.0839843750,-65.3626098633
26484.9921875000,-65.3703918457
26546.0429687500,-65.3739776611
26607.2617187500,-65.3753662109
26668.5937500000,-65.3780288696
26730.0664062500,-65.3845977783
26791.6816406250,-65.3960571289
26853.4375000000,-65.4105682373
26915.3378906250,-65.4307403564
26977.4082031250,-65.4523239136
27039.5937500000,-65.4764175415
27101.9218750000,-65.5042114258
27164.3945312500,-65.5342330933
27227.0097656250,-65.5731658936
27289.7695312500,-65.6170272827
27352.6738281250,-65.6672744751
27415.7539062500,-65.7235336304
27478.9492187500,-65.7807312012
27542.2910156250,-65.8365249634
27605.7773437500,-65.8856353760
27669.4101562500,-65.9302902222
27733.1914062500,-65.9600372314
27797.1171875000,-65.9852294922
27861.2226562500,-66.0038299561
27925.4453125000,-66.0197067261
27989.8144531250,-66.0355453491
28054.3339843750,-66.0531692505
28119.0000000000,-66.0723419189
28183.8164062500,-66.0922088623
28248.8144531250,-66.1110916138
28313.9296875000,-66.1285476685
28379.1953125000,-66.1447296143
28444.6113281250,-66.1613998413
28510.1777343750,-66.1808319092
28575.8964843750,-66.2041778564
28641.7656250000,-66.2375488281
28707.8183593750,-66.2767944336
28773.9921875000,-66.3250503540
28840.3183593750,-66.3833770752
28906.7968750000,-66.4473953247
28973.4296875000,-66.5200500488
29040.2148437500,-66.5989227295
29107.1855468750,-66.6805496216
29174.2812500000,-66.7635345459
29241.5292968750,-66.8407669067
29308.9335937500,-66.9123535156
29376.4921875000,-66.9698867798
29444.2070312500,-66.9839019775
29512.0781250000,-66.9853820801
29580.1386718750,-66.9877548218
29648.3222656250,-66.9933853149
29716.6640625000,-66.9963531494
29785.1621093750,-67.0074234009
29853.8203125000,-67.0095672607
29922.6347656250,-67.0141983032
29991.6406250000,-67.0245285034
30060.7734375000,-67.0279769897
30130.0664062500,-67.0426025391
30199.5175781250,-67.0493698120
30269.1308593750,-67.0553970337
30338.9023437500,-67.0715179443
30408.8359375000,-67.0814437866
30478.9648437500,-67.0866851807
30549.2207031250,-67.0935516357
30619.6386718750,-67.0937881470
30690.2187500000,-67.0970993042
30760.9628906250,-67.0996704102
30831.8691406250,-67.1012649536
30902.9375000000,-67.1417465210
30974.2050781250,-67.1970443726
31045.6035156250,-67.2539520264
31117.1660156250,-67.3051071167
31188.8925781250,-67.3402481079
31260.7851562500,-67.3522872925
31332.8437500000,-67.3527221680
31405.1035156250,-67.3553695679
31477.4941406250,-67.3567962646
31550.0507812500,-67.3633041382
31622.7773437500,-67.3901138306
31695.6699218750,-67.4328231812
31768.7304687500,-67.4817428589
31841.9589843750,-67.4863433838
31915.3925781250,-67.4945602417
31988.9589843750,-67.5052566528
32062.6972656250,-67.5279312134
32136.6035156250,-67.5383224487
32210.6796875000,-67.5383682251
32284.9277343750,-67.5641021729
32359.3828125000,-67.5695800781
32433.9726562500,-67.5846176147
32508.7363281250,-67.5863952637
32583.6718750000,-67.6194152832
32658.7792968750,-67.7321395874
32734.0585937500,-67.8641281128
32809.5156250000,-67.9988784790
32885.1796875000,-68.1175613403
32960.9804687500,-68.2090225220
33036.9570312500,-68.2727966309
33113.1093750000,-68.3124542236
33189.4375000000,-68.3336486816
33265.9414062500,-68.3357620239
33342.6250000000,-68.3364257813
33419.5156250000,-68.3392181396
33496.5507812500,-68.3421020508
33573.7617187500,-68.3426284790
33651.1523437500,-68.3459091187
33728.7226562500,-68.3675155640
33806.4687500000,-68.4005737305
33884.4335937500,-68.4427185059
33962.5390625000,-68.4902267456
34040.8242187500,-68.5390777588
34119.2890625000,-68.5854263306
34197.9375000000,-68.6257781982
34276.7656250000,-68.6571655273
34355.7773437500,-68.6776733398
34435.0078125000,-68.6822128296
34514.3828125000,-68.6822128296
34593.9414062500,-68.6833877563
34673.6835937500,-68.6850357056
34753.6054687500,-68.6872711182
34833.7187500000,-68.6882934570
34914.0507812500,-68.6898880005
34994.5273437500,-68.6960983276
35075.1953125000,-68.7016601563
35156.0429687500,-68.7017288208
35237.0820312500,-68.7193984985
35318.3046875000,-68.7414321899
35399.7148437500,-68.7451782227
35481.3554687500,-68.7520523071
35563.1406250000,-68.7814865112
35645.1171875000,-68.8089904785
35727.2812500000,-68.8288574219
35809.6367187500,-68.8288726807
35892.1796875000,-68.8824844360
35974.9531250000,-68.8832092285
36057.8789062500,-68.9272918701
36140.9921875000,-68.9345169067
36224.3007812500,-68.9424667358
36307.8007812500,-68.9688186646
36391.4921875000,-68.9732360840
36475.3789062500,-69.0413284302
36559.4960937500,-69.1624832153
36643.7695312500,-69.2796630859
36728.2343750000,-69.3815155029
36812.8945312500,-69.4305191040
36897.7539062500,-69.4371185303
36982.8046875000,-69.4396591187
37068.0507812500,-69.4442367554
37153.5390625000,-69.4557266235
37239.1796875000,-69.4663619995
37325.0195312500,-69.4721069336
37411.0546875000,-69.4866714478
37497.2890625000,-69.5007095337
37583.7226562500,-69.5011825562
37670.3984375000,-69.5155639648
37757.2304687500,-69.5295867920
37844.2656250000,-69.5304031372
37931.5000000000,-69.5372161865
38018.9335937500,-69.5548934937
38106.5703125000,-69.6681900024
38194.4062500000,-69.7392272949
38282.4921875000,-69.7944335938
38370.7343750000,-69.8315963745
38459.1796875000,-69.8545227051
38547.8320312500,-69.8686904907
38636.6875000000,-69.8771209717
38725.7500000000,-69.8782882690
38815.0585937500,-69.8788986206
38904.5273437500,-69.8801727295
38994.2070312500,-69.8866348267
39084.0898437500,-69.9107742310
39174.1835937500,-69.9508743286
39264.4804687500,-69.9990081787
39354.9882812500,-70.0430374146
39445.7460937500,-70.0736389160
39536.6718750000,-70.0894699097
39627.8085937500,-70.1015701294
39719.1523437500,-70.1227111816
39810.7070312500,-70.1468811035
39902.4765625000,-70.1725921631
39994.4960937500,-70.1927032471
40086.6875000000,-70.2045669556
40179.0898437500,-70.2133255005
40271.7070312500,-70.2301254272
40364.5351562500,-70.2658081055
40457.5781250000,-70.3236465454
40550.8359375000,-70.3951797485
40644.3515625000,-70.4839172363
40738.0390625000,-70.4879302979
40831.9453125000,-70.4964599609
40926.0664062500,-70.5031280518
41020.4023437500,-70.5165405273
41114.9570312500,-70.5447921753
41209.7304687500,-70.6320343018
41304.7656250000,-70.7403335571
41399.9765625000,-70.8424224854
41495.4062500000,-70.8526000977
41591.0585937500,-70.8603591919
41686.9257812500,-70.8610153198
41783.0195312500,-70.8818206787
41879.3789062500,-70.8831024170
41975.9140625000,-70.8854751587
42072.6679687500,-70.9044265747
42169.6484375000,-70.9052047729
42266.8554687500,-70.9128036499
42364.2812500000,-70.9169616699
42461.9335937500,-70.9289932251
42559.8593750000,-70.9385910034
42657.9648437500,-70.9710617065
42756.2929687500,-70.9734420776
42854.8476562500,-70.9789505005
42953.6328125000,-71.0387573242
43052.6445312500,-71.0576171875
43151.9296875000,-71.0665969849
43251.3984375000,-71.0952606201
43351.0976562500,-71.1135635376
43451.0234375000,-71.1369247437
43551.1796875000,-71.1395187378
43651.5703125000,-71.1534729004
43752.1914062500,-71.1657485962
43853.0898437500,-71.2139892578
43954.1757812500,-71.2813110352
44055.4921875000,-71.3445816040
44157.0429687500,-71.3801803589
44258.8281250000,-71.4058761597
44360.8476562500,-71.4199295044
44463.1015625000,-71.4280929565
44565.6406250000,-71.4428482056
44668.3671875000,-71.4667968750
44771.3320312500,-71.5016326904
44874.5351562500,-71.5439376831
44977.9726562500,-71.6200790405
45081.6484375000,-71.7179336548
45185.6171875000,-71.7359161377
45289.7734375000,-71.7435989380
45394.1679687500,-71.7514114380
45498.8046875000,-71.7712097168
45603.6835937500,-71.7722702026
45708.8046875000,-71.7971115112
45814.1640625000,-71.8035659790
45919.8203125000,-71.8208694458
46025.6679687500,-71.8346099854
46131.7617187500,-71.8732528687
46238.0976562500,-71.9008712769
46344.6796875000,-71.9076843262
46451.5078125000,-71.9327239990
46558.6328125000,-71.9548110962
46665.9531250000,-72.0344619751
46773.5234375000,-72.0436172485
46881.3398437500,-72.0511703491
46989.4023437500,-72.1018905640
47097.7187500000,-72.1104660034
47206.2812500000,-72.1261978149
47315.1484375000,-72.1613006592
47424.2109375000,-72.1865844727
47533.5273437500,-72.2080001831
47643.0976562500,-72.2328262329
47752.9179687500,-72.2670288086
47862.9921875000,-72.3300323486
47973.3710937500,-72.4071426392
48083.9531250000,-72.4775848389
48194.7890625000,-72.6201858521
48305.8828125000,-72.7749023438
48417.2304687500,-72.8001403809
48528.8359375000,-72.8117828369
48640.6992187500,-72.8343887329
48752.8710937500,-72.8507843018
48865.2500000000,-72.8773956299
48977.8867187500,-72.9005126953
49090.7851562500,-72.9896469116
49203.9453125000,-73.0085449219
49317.3632812500,-73.0157012939
49431.0429687500,-73.0160217285
49545.0390625000,-73.0366363525
49659.2421875000,-73.0453796387
49773.7109375000,-73.0519027710
49888.4453125000,-73.0547637939
50003.4414062500,-73.0559921265
50118.7031250000,-73.0584335327
50234.2851562500,-73.0623245239
50350.0781250000,-73.0675506592
50466.1367187500,-73.0957336426
50582.4648437500,-73.1004104614
50699.0625000000,-73.1033325195
50815.9257812500,-73.1419219971
50933.0625000000,-73.1441879272
51050.5234375000,-73.1500778198
51168.1953125000,-73.2347183228
51286.1445312500,-73.3333358765
51404.3593750000,-73.4227676392
51522.8515625000,-73.4916152954
51641.6171875000,-73.5180282593
51760.7109375000,-73.5191574097
51880.0234375000,-73.5303039551
51999.6093750000,-73.5368270874
52119.4726562500,-73.5450515747
52239.6093750000,-73.5526733398
52360.0273437500,-73.5668029785
52480.7187500000,-73.5967407227
52601.7500000000,-73.6095352173
52723.0000000000,-73.6215362549
52844.5312500000,-73.6476593018
52966.3398437500,-73.6866378784
53088.4335937500,-73.6905288696
53210.8046875000,-73.6970901489
53333.5195312500,-73.7179260254
53456.4570312500,-73.7849960327
53579.6757812500,-73.8532028198
53703.1835937500,-73.8600158691
53826.9726562500,-73.8664703369
53951.0468750000,-73.8665008545
54075.4062500000,-73.8902206421
54200.1132812500,-73.8929290771
54325.0507812500,-73.8930358887
54450.2734375000,-73.9255065918
54575.7851562500,-73.9654693604
54701.5859375000,-74.0138854980
54827.6757812500,-74.0428161621
54954.0585937500,-74.0585479736
55080.7929687500,-74.0733489990
55207.7578125000,-74.0775451660
55335.0156250000,-74.0941696167
55462.5664062500,-74.1320114136
55590.4101562500,-74.1375579834
55718.5507812500,-74.1690979004
55847.0468750000,-74.1801986694
55975.7773437500,-74.2016067505
56104.8085937500,-74.3502807617
56234.1328125000,-74.3591232300
56363.7578125000,-74.3730087280
56493.6796875000,-74.4274139404
56623.9023437500,-74.4646530151
56754.4843750000,-74.5318374634
56885.3085937500,-74.5374221802
57016.4335937500,-74.5578155518
57147.8593750000,-74.5633087158
57279.5898437500,-74.5647354126
57411.6210937500,-74.6134185791
57544.0234375000,-74.6166992188
57676.6679687500,-74.6228713989
57809.6171875000,-74.6258316040
57942.8710937500,-74.6912231445
58076.4335937500,-74.6925582886
58210.3046875000,-74.7579193115
58344.4843750000,-74.7579193115
58479.0351562500,-74.7783432007
58613.8320312500,-74.7849121094
58748.9414062500,-74.7941131592
58884.3632812500,-74.8028182983
59020.0937500000,-74.8028564453
59156.1406250000,-74.8066635132
59292.5000000000,-74.8241577148
59429.2382812500,-74.8417816162
59566.2265625000,-74.8875503540
59703.5312500000,-74.8895721436
59841.1523437500,-74.9197006226
59979.0898437500,-74.9249114990
60117.3476562500,-74.9330978394
60255.9882812500,-74.9406814575
60394.8828125000,-74.9449234009
60534.0976562500,-74.9783172607
60673.6328125000,-74.9977874756
60813.4882812500,-74.9979705811
60953.6679687500,-74.9999389648
61094.1718750000,-75.0026931763
61235.0625000000,-75.0107345581
61376.2148437500,-75.0343856812
61517.6914062500,-75.1249237061
61659.4960937500,-75.3296051025
61801.6250000000,-75.4440002441
61944.0820312500,-75.4886550903
62086.9335937500,-75.5039367676
62230.0507812500,-75.5407638550
62373.4960937500,-75.5408554077
62517.2695312500,-75.5907592773
62661.3750000000,-75.6472396851
62805.8164062500,-75.6540145874
62950.5859375000,-75.6733779907
63095.7617187500,-75.6886367798
63241.2031250000,-75.7015457153
63386.9765625000,-75.7142715454
63533.0898437500,-75.7166519165
63679.5390625000,-75.7227935791
63826.3242187500,-75.7397537231
63973.5195312500,-75.7481307983
64120.9804687500,-75.8152236938
64268.7851562500,-75.8917846680
64416.9296875000,-75.9444808960
64565.4140625000,-75.9960403442
64714.2421875000,-76.0526504517
64863.4140625000,-76.0568237305
65013.0000000000,-76.0582580566
65162.8593750000,-76.0699844360
65313.0625000000,-76.1448974609
65463.6132812500,-76.2964782715
65614.5156250000,-76.3644256592
65765.7578125000,-76.3783950806
65917.3515625000,-76.4021606445
66069.3671875000,-76.4181518555
66221.6640625000,-76.4290924072
66374.3125000000,-76.4397888184
66527.3125000000,-76.4515075684
66680.6562500000,-76.4601974487
66834.3593750000,-76.4620819092
66988.4921875000,-76.4638748169
67142.9062500000,-76.4714889526
67297.6796875000,-76.4765777588
67452.8046875000,-76.4869155884
67608.2890625000,-76.5220184326
67764.1250000000,-76.5363998413
67920.3281250000,-76.5613403320
68076.9609375000,-76.6141204834
68233.8906250000,-76.6659545898
68391.1718750000,-76.6768493652
68548.8203125000,-76.6938476563
68706.8281250000,-76.7506027222
68865.2031250000,-76.7804489136
69024.0156250000,-76.7968597412
69183.1250000000,-76.8092651367
69342.5937500000,-76.8226623535
69502.4296875000,-76.8246078491
69662.6406250000,-76.8422470093
69823.2187500000,-76.8632812500
69984.1640625000,-76.8651428223
70145.5625000000,-76.8692932129
70307.2500000000,-76.8736724854
70469.3125000000,-76.8739395142
70631.7500000000,-76.9265747070
70794.5625000000,-76.9367370605
70957.7500000000,-77.0096893311
71121.3906250000,-77.0273895264
71285.3281250000,-77.0931472778
71449.6484375000,-77.0986175537
71614.3437500000,-77.1066436768
71779.4218750000,-77.2282180786
71944.8750000000,-77.2378845215
72110.7187500000,-77.2446823120
72277.0156250000,-77.2492294312
72443.6171875000,-77.2494125366
72610.6093750000,-77.2591934204
72777.9765625000,-77.2643432617
72945.7343750000,-77.2776489258
73113.8828125000,-77.3770599365
73282.4140625000,-77.3920364380
73451.4140625000,-77.4093627930
73620.7265625000,-77.4975891113
73790.4296875000,-77.5142974854
73960.5234375000,-77.5882644653
74131.0078125000,-77.6070709229
74301.8828125000,-77.6235275269
74473.2343750000,-77.6349716187
74644.8984375000,-77.6824417114
74816.9609375000,-77.7083663940
74989.4218750000,-77.7486953735
75162.2734375000,-77.7566146851
75335.5312500000,-77.8098754883
75509.1875000000,-77.9284591675
75683.3203125000,-77.9917602539
75857.7812500000,-78.0321502686
76032.6328125000,-78.0754623413
76207.8984375000,-78.0868453979
76383.5625000000,-78.1131591797
76559.6328125000,-78.1692581177
76736.1875000000,-78.1815643311
76913.0703125000,-78.1927566528
77090.3593750000,-78.2062149048
77268.0625000000,-78.2175827026
77446.1718750000,-78.2210617065
77624.6875000000,-78.2262954712
77803.6171875000,-78.2836685181
77983.0468750000,-78.3201828003
78162.8046875000,-78.3244247437
78342.9765625000,-78.3381881714
78523.5625000000,-78.4195938110
78704.5625000000,-78.4418716431
78885.9843750000,-78.4619216919
79067.8203125000,-78.5332565308
79250.1640625000,-78.5410232544
79432.8437500000,-78.5426406860
79615.9375000000,-78.6115570068
79799.4609375000,-78.6462783813
79983.4062500000,-78.6585845947
80167.7734375000,-78.7094879150
80352.6484375000,-78.7125244141
80537.8671875000,-78.7237167358
80723.5156250000,-78.7825317383
80909.5859375000,-78.7841262817
81096.0937500000,-78.8093948364
81283.0234375000,-78.8171005249
81470.3828125000,-78.8476715088
81658.2734375000,-78.8489913940
81846.5000000000,-78.8627395630
82035.1640625000,-79.0074844360
82224.2578125000,-79.0485382080
82413.7890625000,-79.1093597412
82603.7578125000,-79.1146163940
82794.2578125000,-79.2306213379
82985.1015625000,-79.2447891235
83176.3906250000,-79.2480010986
83368.1171875000,-79.3022537231
83560.2890625000,-79.3161773682
83752.8984375000,-79.3178253174
83945.9609375000,-79.3345184326
84139.5546875000,-79.3823165894
84333.5000000000,-79.3912811279
84527.8906250000,-79.3973999023
84722.7343750000,-79.3990631104
84918.0312500000,-79.4441986084
85113.7734375000,-79.4880065918
85310.0546875000,-79.5090103149
85506.7031250000,-79.5143203735
85703.8046875000,-79.5289611816
85901.3515625000,-79.5737533569
86099.3671875000,-79.6140747070
86297.8281250000,-79.7284469604
86496.7500000000,-79.8281097412
86696.2265625000,-79.8301620483
86896.0703125000,-79.8815841675
87096.3671875000,-79.9094161987
87297.1328125000,-79.9403305054
87498.3593750000,-79.9675369263
87700.0468750000,-79.9926147461
87902.2031250000,-80.0084762573
88104.9218750000,-80.0084762573
88308.0078125000,-80.0084762573
88511.5703125000,-80.0376052856
88715.5937500000,-80.0397796631
88920.0859375000,-80.0604934692
89125.0546875000,-80.0956954956
89330.5937500000,-80.1229858398
89536.5078125000,-80.1263809204
89742.8906250000,-80.1464462280
89949.7578125000,-80.1491775513
90157.1015625000,-80.1766815186
90364.9140625000,-80.2110290527
90573.2109375000,-80.2141799927
90782.0937500000,-80.2170257568
90991.3515625000,-80.2177505493
91201.0937500000,-80.2405090332
91411.3203125000,-80.2583618164
91622.0234375000,-80.2640533447
91833.2187500000,-80.2661056519
92045.0078125000,-80.2734832764
92257.1718750000,-80.2971801758
92469.8359375000,-80.2984313965
92682.9843750000,-80.3318405151
92896.6250000000,-80.3388748169
93110.7578125000,-80.4610290527
93325.3828125000,-80.5065536499
93540.6093750000,-80.5498733521
93756.2265625000,-80.5568237305
93972.3437500000,-80.5874176025
94188.9531250000,-80.6015090942
94406.0703125000,-80.6284027100
94623.6796875000,-80.6300811768
94841.8984375000,-80.6370315552
95060.5156250000,-80.6559982300
95279.6328125000,-80.6722869873
95499.2656250000,-80.6986923218
95719.3984375000,-80.7170257568
95940.0390625000,-80.7198944092
96161.1875000000,-80.7220230103
96382.9453125000,-80.7259979248
96605.1171875000,-80.7862701416
96827.7968750000,-80.8104171753
97050.9921875000,-80.8483657837
97274.7031250000,-80.8493652344
97498.9296875000,-80.8556442261
97723.6718750000,-80.9175338745
97949.0390625000,-81.1748352051
98174.8203125000,-81.2171630859
98401.1171875000,-81.2668991089
98627.9375000000,-81.2689361572
98855.2812500000,-81.3059234619
99083.1484375000,-81.3074417114
99311.6562500000,-81.3174362183
99540.5781250000,-81.3408737183
99770.0234375000,-81.3595581055
100000.0000000000,-81.3656997681
100230.5078125000,-81.3679428101
100461.5468750000,-81.4016265869
100693.1171875000,-81.4178314209
100925.3359375000,-81.4427566528
101157.9687500000,-81.4892272949
101391.1484375000,-81.5368270874
101624.8593750000,-81.5798416138
101859.1171875000,-81.6059951782
102093.9062500000,-81.6092758179
102329.3515625000,-81.6127548218
102565.2265625000,-81.6129760742
102801.6484375000,-81.6194610596
103038.6171875000,-81.6308975220
103276.1250000000,-81.6312179565
103514.1875000000,-81.6319274902
103752.7890625000,-81.6369552612
103992.0625000000,-81.6593170166
104231.7734375000,-81.6949462891
104472.0312500000,-81.7368316650
104712.8515625000,-81.7844772339
104954.2187500000,-81.8376312256
105196.1484375000,-81.8955154419
105438.6328125000,-81.9561996460
105681.7890625000,-82.0166244507
105925.3984375000,-82.0730743408
106169.5625000000,-82.0774078369
106414.2890625000,-82.0846252441
106659.5859375000,-82.0917663574
106905.4375000000,-82.1044692993
107151.9843750000,-82.1224746704
107398.9765625000,-82.1272430420
107646.5390625000,-82.1398620605
107894.6718750000,-82.1633834839
108143.3750000000,-82.1783447266
108392.6562500000,-82.1813278198
108642.5078125000,-82.1965255737
108893.0546875000,-82.2245330811
109144.0625000000,-82.2248764038
109395.6484375000,-82.2355575562
109647.8125000000,-82.2507095337
109900.5546875000,-82.2696838379
110153.8828125000,-82.2773361206
110407.9218750000,-82.2878570557
110662.4140625000,-82.3042907715
110917.5000000000,-82.3174514771
111173.1718750000,-82.3258895874
111429.4375000000,-82.3283615112
111686.2890625000,-82.3438720703
111943.7343750000,-82.3445053101
112201.8984375000,-82.3708724976
112460.5312500000,-82.4319000244
112719.7578125000,-82.5006637573
112979.5859375000,-82.5753097534
113240.0078125000,-82.6525497437
113501.0390625000,-82.7285690308
113762.7890625000,-82.7997207642
114025.0234375000,-82.8629531860
114287.8593750000,-82.9158477783
114551.2968750000,-82.9567031860
114815.3437500000,-82.9848327637
115080.0078125000,-83.0048675537
115345.2734375000,-83.0122299194
115611.2812500000,-83.0181427002
115877.7734375000,-83.0320739746
116144.8750000000,-83.0577011108
116412.6015625000,-83.0956115723
116680.9375000000,-83.1434173584
116949.8984375000,-83.1969375610
117219.4765625000,-83.2520980835
117489.8046875000,-83.3062973022
117760.6250000000,-83.3584823608
118032.0703125000,-83.4079666138
118304.1406250000,-83.4529647827
118576.8437500000,-83.4863052368
118850.1718750000,-83.4901504517
119124.2578125000,-83.4902725220
119398.8515625000,-83.4931793213
119674.0703125000,-83.5044631958
119949.9296875000,-83.5124664307
120226.4218750000,-83.5163803101
120503.5546875000,-83.5165328979
120781.3203125000,-83.5294952393
121059.8671875000,-83.5301589966
121338.9140625000,-83.5590667725
121618.6093750000,-83.6299896240
121898.9531250000,-83.7173233032
122179.9375000000,-83.8065185547
122461.5703125000,-83.8694000244
122743.9843750000,-83.8710174561
123026.9218750000,-83.8786315918
123310.5078125000,-83.8937759399
123594.7421875000,-83.8970794678
123879.6406250000,-83.9050369263
124165.1953125000,-83.9203720093
124451.3984375000,-83.9310913086
124738.4062500000,-83.9406204224
125025.9375000000,-83.9470520020
125314.1328125000,-83.9594497681
125602.9921875000,-83.9855270386
125892.5156250000,-84.0070724487
126182.7031250000,-84.0242996216
126473.7031250000,-84.0397338867
126765.2343750000,-84.0687942505
127057.4375000000,-84.1113204956
127350.3125000000,-84.1493225098
127643.8671875000,-84.1907882690
127938.0937500000,-84.2298965454
128233.0000000000,-84.2604522705
128528.7265625000,-84.2783813477
128824.9921875000,-84.2796325684
129121.9453125000,-84.2826004028
129419.5781250000,-84.2875442505
129717.8984375000,-84.3125076294
130016.9140625000,-84.3579559326
130316.6093750000,-84.4608230591
130617.1406250000,-84.5798034668
130918.2265625000,-84.6521301270
131220.0000000000,-84.7073669434
131522.4687500000,-84.7376937866
131825.6406250000,-84.7406997681
132129.5000000000,-84.7421264648
132434.2187500000,-84.7467575073
132739.4843750000,-84.7531280518
133045.4687500000,-84.7591094971
133352.1406250000,-84.7888336182
133659.5312500000,-84.8541717529
133967.6250000000,-84.9331130981
134276.4218750000,-84.9883270264
134586.0937500000,-85.0397644043
134896.3281250000,-85.0980224609
135207.2656250000,-85.0984115601
135518.9375000000,-85.0993270874
135831.3125000000,-85.1077117920
136144.4062500000,-85.1123199463
136458.3906250000,-85.1282730103
136772.9375000000,-85.1323623657
137088.2031250000,-85.1363830566
137404.2031250000,-85.1388626099
137720.9218750000,-85.1562500000
138038.3906250000,-85.2463607788
138356.5781250000,-85.3320999146
138675.6406250000,-85.4291152954
138995.2968750000,-85.5679092407
139315.7031250000,-85.5698852539
139636.8281250000,-85.5711746216
139958.7031250000,-85.5821380615
140281.3125000000,-85.5850830078
140604.6718750000,-85.6071243286
140928.9375000000,-85.6211776733
141253.7812500000,-85.6215667725
141579.3906250000,-85.6242141724
141905.7343750000,-85.6285705566
142232.8437500000,-85.6298141479
142560.7031250000,-85.6398086548
142889.4687500000,-85.6432952881
143218.8281250000,-85.6531219482
143548.9687500000,-85.6548614502
143879.8593750000,-85.6576690674
144211.5156250000,-85.6637039185
144543.9218750000,-85.6653671265
144877.1093750000,-85.6798553467
145211.2187500000,-85.6941299438
145545.9375000000,-85.7007217407
145881.4375000000,-85.7212371826
146217.7031250000,-85.7270660400
146554.7500000000,-85.7382049561
146892.5625000000,-85.7663650513
147231.3281250000,-85.8347167969
147570.7031250000,-85.8804473877
147910.8593750000,-85.9500350952
148251.8125000000,-86.0190200806
148593.5468750000,-86.0610504150
148936.0625000000,-86.1129608154
149279.3750000000,-86.1559143066
149623.6250000000,-86.2000350952
149968.5312500000,-86.2539062500
150314.2187500000,-86.2953109741
150660.7031250000,-86.3535079956
151007.9843750000,-86.3970565796
151356.0625000000,-86.4135589600
151705.1250000000,-86.4257736206
152054.8125000000,-86.4347229004
152405.3125000000,-86.4431915283
152756.6093750000,-86.4607849121
153108.7187500000,-86.4788513184
153461.6562500000,-86.4896469116
153815.3906250000,-86.4931488037
154170.1093750000,-86.4941787720
154525.4843750000,-86.5057220459
154881.6875000000,-86.5362396240
155238.7031250000,-86.5910263062
155596.5312500000,-86.6519775391
155955.1875000000,-86.6845855713
156314.6875000000,-86.7081451416
156675.1718750000,-86.7118835449
157036.3125000000,-86.7162399292
157398.2968750000,-86.7367401123
157761.1093750000,-86.7716751099
158124.7656250000,-86.8023452759
158489.2500000000,-86.8138580322
158854.7500000000,-86.8221206665
159220.9218750000,-86.8330688477
159587.9375000000,-86.8598632813
159955.7968750000,-86.8985443115
160324.5156250000,-86.9413833618
160694.0625000000,-86.9833908081
161064.4843750000,-87.0327682495
161435.9218750000,-87.0981826782
161808.0468750000,-87.1535720825
162181.0312500000,-87.2425308228
162554.8593750000,-87.2932434082
162929.5625000000,-87.3005523682
163305.1250000000,-87.3134384155
163681.7343750000,-87.3201065063
164059.0312500000,-87.3322753906
164437.2031250000,-87.3554382324
164816.2343750000,-87.3596191406
165196.1562500000,-87.3618698120
165576.9375000000,-87.3988418579
165958.6093750000,-87.4334716797
166341.3437500000,-87.4631347656
166724.7656250000,-87.4916000366
167109.0781250000,-87.5172729492
167494.2812500000,-87.5346527100
167880.3593750000,-87.5491561890
168267.3437500000,-87.5752029419
168655.3906250000,-87.6189498901
169044.1562500000,-87.6775665283
169433.8125000000,-87.7496261597
169824.3750000000,-87.7911453247
170215.8281250000,-87.8287734985
170608.1875000000,-87.8700714111
171001.4531250000,-87.9080657959
171395.8125000000,-87.9138946533
171790.8906250000,-87.9180603027
172186.8750000000,-87.9255981445
172583.7812500000,-87.9297103882
172981.6093750000,-87.9435043335
173380.3437500000,-87.9829101563
173779.9843750000,-88.0316772461
174180.7500000000,-88.0691757202
174582.2500000000,-88.1258392334
174984.6875000000,-88.2028274536
175388.0312500000,-88.2912292480
175792.3125000000,-88.3241271973
176197.5312500000,-88.3403244019
176603.8750000000,-88.3598709106
177010.9531250000,-88.3908004761
177418.9843750000,-88.4009323120
177827.9375000000,-88.4057540894
178237.8437500000,-88.4337158203
178648.7031250000,-88.4347839355
179060.5000000000,-88.4808731079
179473.4375000000,-88.5596771240
179887.1406250000,-88.5945205688
180301.7968750000,-88.6033706665
180717.4062500000,-88.6162796021
181133.9687500000,-88.6316528320
181551.5000000000,-88.6382980347
181970.1875000000,-88.6519088745
182389.6406250000,-88.6658477783
182810.0625000000,-88.6685867310
183231.4531250000,-88.6993484497
183653.8125000000,-88.7550125122
184077.1406250000,-88.7665557861
184501.4531250000,-88.7774963379
184926.9531250000,-88.7861404419
185353.2187500000,-88.8105773926
185780.4687500000,-88.8181381226
186208.7031250000,-88.8335342407
186637.9375000000,-88.8461914063
187068.1406250000,-88.8546600342
187499.3437500000,-88.8924102783
187931.7500000000,-88.9038391113
188364.9531250000,-88.9054870605
188799.1406250000,-88.9200286865
189234.3437500000,-88.9667816162
189670.5312500000,-89.0465698242
190107.7500000000,-89.1418380737
190546.1562500000,-89.1950683594
190985.3906250000,-89.2107543945
191425.6250000000,-89.2184906006
191866.8750000000,-89.2308349609
192309.1406250000,-89.2408828735
192752.4218750000,-89.2440032959
193196.7343750000,-89.2514419556
193642.2812500000,-89.2883224487
194088.6406250000,-89.3639984131
194536.0312500000,-89.4276199341
194984.4375000000,-89.4286804199
195433.8906250000,-89.4388351440
195884.3906250000,-89.4487609863
196336.1250000000,-89.4668121338
196788.7031250000,-89.4682846069
197242.3125000000,-89.5139541626
197696.9687500000,-89.6138229370
198152.6718750000,-89.7394256592
198609.4218750000,-89.7659988403
199067.2343750000,-89.7821502686
199526.3125000000,-89.7993621826
199986.2343750000,-89.8384323120
200447.2187500000,-89.8627471924
200909.2656250000,-89.8807067871
201372.3750000000,-89.9130172729
201836.5625000000,-89.9397659302
202302.0312500000,-89.9756546021
202768.3437500000,-90.0727233887
203235.7343750000,-90.0731353760
203704.2187500000,-90.0744094849
204173.7656250000,-90.0854492188
204644.4062500000,-90.0936889648
205116.1250000000,-90.0951538086
205589.1562500000,-90.1065292358
206063.0468750000,-90.1232070923
206538.0468750000,-90.1256256104
207014.1250000000,-90.1260223389
207491.3125000000,-90.1360244751
207969.5937500000,-90.1496887207
208448.9843750000,-90.1544647217
208929.7031250000,-90.1553421021
209411.2968750000,-90.1587905884
209894.0000000000,-90.1592636108
210377.8281250000,-90.1807708740
210862.7500000000,-90.2633743286
211348.8125000000,-90.3939895630
211836.2187500000,-90.4933700562
212324.5156250000,-90.5382995605
212813.9375000000,-90.5424118042
213304.4843750000,-90.5499114990
213796.1718750000,-90.5591430664
214288.9843750000,-90.5699462891
214782.9375000000,-90.5829696655
215278.2656250000,-90.5865402222
215774.5000000000,-90.6570816040
216271.8750000000,-90.7236022949
216770.3906250000,-90.7523193359
217270.0625000000,-90.7573013306
217770.8906250000,-90.7623748779
218273.1093750000,-90.7708663940
218776.2343750000,-90.7880172729
219280.5312500000,-90.8339614868
219785.9843750000,-90.9177627563
220292.6093750000,-91.0266799927
220800.4062500000,-91.0313568115
221309.3593750000,-91.0367050171
221819.7343750000,-91.0798950195
222331.0468750000,-91.1110992432
222843.5468750000,-91.1330108643
223357.2031250000,-91.1336975098
223872.0625000000,-91.1483993530
224388.1093750000,-91.1514129639
224905.5781250000,-91.1641693115
225424.0000000000,-91.1977386475
225943.6250000000,-91.1984329224
226464.4375000000,-91.2276763916
226986.4531250000,-91.3360519409
227509.6718750000,-91.3980484009
228034.1093750000,-91.4250335693
228559.9843750000,-91.4656753540
229086.8281250000,-91.5373611450
229614.8906250000,-91.6023254395
230144.1718750000,-91.6341323853
230674.6718750000,-91.6508026123
231206.3906250000,-91.6842422485
231739.3437500000,-91.7278671265
232273.7812500000,-91.7423629761
232809.1875000000,-91.7438049316
233345.8281250000,-91.7723236084
233883.7031250000,-91.8046112061
234422.8125000000,-91.8050689697
234963.1875000000,-91.8179473877
235505.0468750000,-91.8443984985
236047.9062500000,-91.8568267822
236592.0156250000,-91.8623657227
237137.3750000000,-91.8629913330
237683.9843750000,-91.9168167114
238231.8750000000,-91.9806747437
238781.0156250000,-91.9933013916
239331.6718750000,-92.0025558472
239883.3593750000,-92.0150070190
240436.2968750000,-92.0311737061
240990.5312500000,-92.0361022949
241546.0312500000,-92.0372467041
242102.8125000000,-92.0376892090
242661.1406250000,-92.0928955078
243220.4843750000,-92.1206054688
243781.1250000000,-92.1310577393
244343.0625000000,-92.1332015991
244906.2968750000,-92.1495208740
245470.8125000000,-92.2190628052
246036.6406250000,-92.2986602783
246604.0468750000,-92.3861923218
247172.4843750000,-92.4064178467
247742.2343750000,-92.4122161865
248313.2968750000,-92.4262008667
248885.6718750000,-92.4471511841
249459.3750000000,-92.4612731934
250034.4062500000,-92.4658050537
250611.0156250000,-92.4728622437
251188.7031250000,-92.4809341431
251767.7031250000,-92.4935913086
252348.0468750000,-92.5549926758
252929.7343750000,-92.5666580200
253512.7500000000,-92.5739212036
254097.3906250000,-92.6031417847
254683.1093750000,-92.6241302490
255270.1718750000,-92.6382446289
255858.5781250000,-92.6515197754
256448.3593750000,-92.6516265869
257039.4843750000,-92.7354583740
257631.9843750000,-92.8103332520
258226.1250000000,-92.9134521484
258821.3593750000,-92.9535751343
259417.9531250000,-92.9958114624
260015.9375000000,-92.9976119995
260615.2812500000,-93.0023345947
261216.0312500000,-93.0175170898
261818.4375000000,-93.0278701782
262421.9375000000,-93.0283203125
263026.8437500000,-93.0392761230
263633.1562500000,-93.0626678467
264240.8437500000,-93.0662689209
264849.9375000000,-93.0866317749
265460.4375000000,-93.0971908569
266072.6250000000,-93.1200866699
266685.9375000000,-93.1207351685
267300.6562500000,-93.1852188110
267916.8125000000,-93.2067642212
268534.3750000000,-93.2396240234
269153.3750000000,-93.3188171387
269774.0937500000,-93.3329772949
270395.9375000000,-93.3383483887
271019.2187500000,-93.3619461060
271643.9375000000,-93.3623199463
272270.0937500000,-93.3825302124
272897.6875000000,-93.3979644775
273526.7500000000,-93.4008026123
274157.5312500000,-93.4074707031
274789.5000000000,-93.4387664795
275422.9062500000,-93.4439773560
276057.7812500000,-93.4567108154
276694.0937500000,-93.4803314209
277331.9062500000,-93.5115203857
277971.1875000000,-93.6346435547
278612.2187500000,-93.7688064575
279254.4375000000,-93.9135437012
279898.1562500000,-93.9991760254
280543.3437500000,-94.0194931030
281190.0000000000,-94.0377197266
281838.1562500000,-94.0543060303
282488.1250000000,-94.0780639648
283139.2812500000,-94.1205825806
283791.9375000000,-94.1286010742
284446.0937500000,-94.1675415039
285101.7812500000,-94.1716918945
285758.9687500000,-94.2072601318
286417.6562500000,-94.2137298584
287078.1875000000,-94.2481994629
287739.9062500000,-94.2631301880
288403.1875000000,-94.2771835327
289067.9687500000,-94.3100814819
289734.2812500000,-94.3715286255
290402.1562500000,-94.3903198242
291071.8750000000,-94.3908691406
291742.8125000000,-94.4160537720
292415.2812500000,-94.4518890381
293089.3437500000,-94.4580307007
293764.9062500000,-94.4641571045
294442.0625000000,-94.4929504395
295120.7812500000,-94.5701828003
295801.3750000000,-94.5786895752
296483.2187500000,-94.5807189941
297166.6250000000,-94.6109008789
297851.6250000000,-94.6790237427
298538.1875000000,-94.6933746338
299226.3437500000,-94.7500228882
299916.4062500000,-94.7566909790
300607.7500000000,-94.8022689819
301300.6562500000,-94.8039321899
301995.1875000000,-94.8203125000
302691.3125000000,-94.8245391846
303389.0312500000,-94.8299636841
304088.3750000000,-94.8637847900
304789.6562500000,-94.8775787354
305492.2187500000,-94.8779678345
306196.3750000000,-94.9118347168
306902.1875000000,-94.9335479736
307609.6250000000,-94.9402923584
308318.6875000000,-94.9605484009
309029.3750000000,-94.9822158813
309742.0625000000,-95.0026168823
310456.0312500000,-95.0096282959
311171.6562500000,-95.0193862915
311888.9375000000,-95.0322799683
312607.8437500000,-95.0413131714
313328.4375000000,-95.0457458496
314051.0312500000,-95.0775146484
314774.9375000000,-95.1384887695
315500.5000000000,-95.1912612915
316227.7812500000,-95.2382583618
316956.6875000000,-95.2839355469
317687.3125000000,-95.3323059082
318419.5937500000,-95.3847503662
319153.9375000000,-95.4391632080
319889.5937500000,-95.4905242920
320626.9687500000,-95.5332412720
321366.0312500000,-95.5636138916
322106.8125000000,-95.5817260742
322849.2812500000,-95.5914764404
323593.8125000000,-95.5986785889
324339.7187500000,-95.6082839966
325087.3750000000,-95.6221923828
325836.7187500000,-95.6387023926
326587.7812500000,-95.6537094116
327340.5937500000,-95.6605758667
328095.1250000000,-95.6624298096
328851.7812500000,-95.6631240845
329609.8125000000,-95.6652908325
330369.5937500000,-95.6680221558
331131.0937500000,-95.6929473877
331894.3750000000,-95.7393264771
332659.4375000000,-95.8101654053
333426.2187500000,-95.8996200562
334195.1562500000,-95.9980087280
334965.5000000000,-96.0932235718
335737.6250000000,-96.1740417480
336511.5312500000,-96.2333297729
337287.2187500000,-96.2698745728
338064.6875000000,-96.2882156372
338844.3125000000,-96.2969131470
339625.3750000000,-96.3060379028
340408.2500000000,-96.3246688843
341192.9062500000,-96.3587570190
341979.3750000000,-96.4096984863
342767.6562500000,-96.4738006592
343557.7812500000,-96.5431671143
344350.0625000000,-96.6078796387
345143.8125000000,-96.6589660645
345939.4062500000,-96.6631393433
346736.8125000000,-96.6647338867
347536.0625000000,-96.6708984375
348337.1562500000,-96.6744766235
349140.5000000000,-96.6867218018
349945.2812500000,-96.6910476685
350751.9375000000,-96.6945114136
351560.4375000000,-96.7036285400
352370.8125000000,-96.7076034546
353183.0625000000,-96.7300872803
353997.1562500000,-96.7516098022
354813.5312500000,-96.7713775635
355631.4062500000,-96.7904052734
356451.1562500000,-96.8107299805
357272.8125000000,-96.8342285156
358096.3437500000,-96.8615570068
358921.7812500000,-96.8915710449
359749.5312500000,-96.9342956543
360578.7812500000,-96.9649200439
361409.9375000000,-96.9653091431
362243.0000000000,-96.9681243896
363078.0000000000,-96.9706497192
363914.9375000000,-96.9732360840
364753.7812500000,-96.9736785889
365594.9687500000,-96.9905395508
366437.6875000000,-97.0262069702
367282.3437500000,-97.0750808716
368128.9687500000,-97.1594390869
368977.5312500000,-97.2383575439
369828.0312500000,-97.2796325684
370680.5312500000,-97.3112106323
371535.3750000000,-97.3352050781
372391.7812500000,-97.3553161621
373250.1875000000,-97.3758010864
374110.5625000000,-97.4006729126
374972.9062500000,-97.4530029297
375837.2500000000,-97.5209045410
376703.9687500000,-97.5724029541
377572.3125000000,-97.6229934692
378442.6562500000,-97.6673812866
379314.9687500000,-97.7010803223
380189.3437500000,-97.7218856812
381065.6875000000,-97.7318115234
381944.0625000000,-97.7338714600
382824.9062500000,-97.7408981323
383707.3437500000,-97.7579650879
384591.8125000000,-97.7859191895
385478.3125000000,-97.8229217529
386366.8750000000,-97.8899459839
387257.5000000000,-97.9657897949
388150.5625000000,-98.0229415894
389045.2812500000,-98.0642547607
389942.0625000000,-98.0792999268
390840.9062500000,-98.0795898438
391741.8125000000,-98.0853576660
392644.8125000000,-98.1129913330
393549.8750000000,-98.1236114502
394457.4687500000,-98.1506347656
395366.7187500000,-98.1590194702
396278.0937500000,-98.1627197266
397191.5312500000,-98.2012939453
398107.0937500000,-98.2135772705
399024.7500000000,-98.2337036133
399944.9687500000,-98.2347717285
400866.8750000000,-98.2706069946
401790.9062500000,-98.2874298096
402717.0625000000,-98.2958450317
403645.3437500000,-98.2964706421
404575.7812500000,-98.3121490479
405508.3437500000,-98.3226928711
406443.5312500000,-98.3295745850
407380.4062500000,-98.3336639404
408319.4375000000,-98.3342742920
409260.6562500000,-98.3810806274
410204.0312500000,-98.4384994507
411149.5625000000,-98.4741058350
412097.3125000000,-98.4783935547
413047.6562500000,-98.4854354858
413999.7812500000,-98.4916763306
414954.0625000000,-98.4982376099
415910.5625000000,-98.4996414185
416869.2812500000,-98.5102539063
417830.1875000000,-98.5310211182
418793.7812500000,-98.5699386597
419759.1250000000,-98.6122970581
420726.6875000000,-98.6709899902
421696.5000000000,-98.7172164917
422668.5312500000,-98.7381057739
423642.8125000000,-98.7533111572
424619.3437500000,-98.7730712891
425598.5937500000,-98.7976837158
426579.6250000000,-98.8191452026
427562.9375000000,-98.8529129028
428548.5000000000,-98.8803634644
429536.3125000000,-98.8918991089
430526.4375000000,-98.8999023438
431519.3125000000,-98.9122467041
432514.0000000000,-98.9303894043
433510.9687500000,-98.9472198486
434510.2500000000,-98.9790420532
435511.8125000000,-99.0197982788
436515.6875000000,-99.0558319092
437521.9062500000,-99.1234817505
438530.9062500000,-99.1310729980
439541.7500000000,-99.1376724243
440554.9062500000,-99.1574935913
441570.4375000000,-99.1858520508
442588.2812500000,-99.1949539185
443608.4687500000,-99.2057418823
444631.0312500000,-99.2330093384
445656.4062500000,-99.2369842529
446683.6875000000,-99.2549285889
447713.3125000000,-99.2641220093
448745.3437500000,-99.3278656006
449779.7187500000,-99.4239578247
450816.5000000000,-99.5069198608
451856.1562500000,-99.5453567505
452897.7187500000,-99.5734176636
453941.6875000000,-99.5812683105
454988.0625000000,-99.5924148560
456036.8437500000,-99.6277313232
457088.0312500000,-99.6718521118
458141.6562500000,-99.7609100342
459198.1875000000,-99.8593521118
460256.6875000000,-99.9219665527
461317.6250000000,-100.0007019043
462380.9687500000,-100.0501098633
463446.8125000000,-100.0502166748
464515.0937500000,-100.0578689575
465586.3437500000,-100.0610961914
466659.5312500000,-100.0617904663
467735.2187500000,-100.0732269287
468813.3750000000,-100.0862884521
469894.0312500000,-100.0973587036
470977.1875000000,-100.1004943848
472062.8125000000,-100.1185150146
473151.4687500000,-100.1227874756
474242.1250000000,-100.1282348633
475335.2812500000,-100.1381759644
476430.9687500000,-100.1407623291
477529.1562500000,-100.1410446167
478629.9062500000,-100.1419143677
479733.7187500000,-100.1439590454
480839.5312500000,-100.1484298706
481947.9062500000,-100.1499481201
483058.8125000000,-100.1763839722
484172.3125000000,-100.2326049805
485288.3437500000,-100.3018798828
486406.9687500000,-100.3677520752
487528.7187500000,-100.4208374023
488652.5000000000,-100.4589691162
489778.8750000000,-100.4911422729
490907.8437500000,-100.5198287964
492039.4375000000,-100.5456848145
493173.6250000000,-100.5698165894
494310.4375000000,-100.5979080200
495450.3750000000,-100.6379165649
496592.4375000000,-100.6877670288
497737.1250000000,-100.7288665771
498884.4375000000,-100.7344055176
500034.4062500000,-100.7378005981
501187.0000000000,-100.7503585815
502342.8437500000,-100.7722167969
503500.7812500000,-100.7726593018
504661.3750000000,-100.7882766724
505824.6562500000,-100.8757171631
506990.6250000000,-100.9859161377
508159.2812500000,-101.1006546021
509330.6250000000,-101.2067642212
510505.2187500000,-101.2962493896
511681.9687500000,-101.3100128174
512861.4375000000,-101.3148956299
514043.6250000000,-101.3160400391
515228.5312500000,-101.3257217407
516416.1562500000,-101.3347320557
517607.0937500000,-101.3363723755
518800.2187500000,-101.3508682251
519996.0937500000,-101.3528976440
521194.7187500000,-101.3696365356
522396.1250000000,-101.3784408569
523600.2812500000,-101.4023208618
524807.1875000000,-101.4674606323
526017.5000000000,-101.5410461426
527230.0000000000,-101.5914230347
528445.3125000000,-101.5968246460
529663.4375000000,-101.5996551514
530884.3125000000,-101.6062164307
532108.0625000000,-101.6137847900
533335.1875000000,-101.6224746704
534564.5625000000,-101.6489257813
535796.7500000000,-101.6842498779
537031.8125000000,-101.6899032593
538269.6875000000,-101.6919708252
539510.4375000000,-101.6983947754
540754.0625000000,-101.7190170288
542001.1250000000,-101.7198715210
543250.5000000000,-101.7202301025
544502.7500000000,-101.7433013916
545757.8750000000,-101.7582092285
547015.8750000000,-101.7616043091
548276.7500000000,-101.7685394287
549540.5625000000,-101.8382720947
550807.9375000000,-101.8802337646
552077.5625000000,-101.9064331055
553350.1250000000,-101.9244384766
554625.6875000000,-101.9305038452
555904.1250000000,-101.9369735718
557185.5000000000,-101.9528884888
558470.5000000000,-101.9699401855
559757.8125000000,-101.9894714355
561048.0625000000,-102.0164489746
562341.3125000000,-102.0348510742
563637.5625000000,-102.0462417603
564936.8125000000,-102.0467071533
566239.0000000000,-102.0481262207
567544.8750000000,-102.0636520386
568853.0625000000,-102.1169052124
570164.3125000000,-102.2201690674
571478.6250000000,-102.2871627808
572795.8750000000,-102.3140106201
574116.2500000000,-102.3180313110
575440.2500000000,-102.3306884766
576766.6875000000,-102.3470382690
578096.1875000000,-102.3534088135
579428.6875000000,-102.3583755493
580764.3125000000,-102.3932800293
582103.0625000000,-102.4362335205
583444.8125000000,-102.4613571167
584790.3750000000,-102.4656143188
586138.3125000000,-102.4679260254
587489.4375000000,-102.4768066406
588843.6250000000,-102.5094604492
590200.9375000000,-102.5458679199
591561.4375000000,-102.5528106689
592925.0000000000,-102.5616226196
594292.3750000000,-102.5628814697
595662.2500000000,-102.5771865845
597035.3125000000,-102.5819549561
598411.5000000000,-102.5940170288
599790.9375000000,-102.6014404297
601173.4375000000,-102.6104812622
602559.8750000000,-102.6356201172
603948.8125000000,-102.7436828613
605340.9375000000,-102.8545379639
606736.3125000000,-102.9044570923
608134.8750000000,-102.9143218994
609536.6875000000,-102.9246749878
610941.6875000000,-102.9294357300
612350.6250000000,-102.9444656372
613762.1250000000,-102.9620437622
615176.9375000000,-103.0079956055
616594.9375000000,-103.0416946411
618016.2500000000,-103.0699691772
619440.8125000000,-103.1097335815
620869.3750000000,-103.1855773926
622300.5000000000,-103.2920684814
623734.9375000000,-103.3997573853
625172.6875000000,-103.4509963989
626613.7500000000,-103.4533767700
628058.1250000000,-103.4585647583
629505.8750000000,-103.4677810669
630957.6250000000,-103.4687652588
632412.0000000000,-103.4699859619
633869.7500000000,-103.4752197266
635330.8750000000,-103.4855194092
636795.3750000000,-103.4966659546
638263.2500000000,-103.5132675171
639735.1875000000,-103.5240554810
641209.8125000000,-103.5443878174
642687.8750000000,-103.5522537231
644169.3125000000,-103.5659866333
645654.1250000000,-103.5725936890
647142.4375000000,-103.6007919312
648634.1250000000,-103.6241226196
650130.0000000000,-103.6280441284
651628.5625000000,-103.6330795288
653130.6250000000,-103.6840362549
654636.1250000000,-103.6962738037
656145.1250000000,-103.7013015747
657657.6250000000,-103.7049331665
659173.5625000000,-103.7518081665
660693.6875000000,-103.8616714478
662216.6250000000,-103.9674835205
663743.1250000000,-103.9738235474
665273.0625000000,-103.9744873047
666806.5625000000,-103.9975280762
668343.6250000000,-104.0219497681
669884.9375000000,-104.0526046753
671429.0625000000,-104.0532073975
672976.7500000000,-104.0689773560
674528.0000000000,-104.0784759521
676082.8750000000,-104.2309570313
677641.2500000000,-104.3512268066
679203.3125000000,-104.3548660278
680769.6250000000,-104.3683471680
682338.8750000000,-104.3830413818
683911.6875000000,-104.3911895752
685488.1875000000,-104.3980865479
687068.2500000000,-104.4001922607
688652.0000000000,-104.4124984741
690240.1875000000,-104.4216156006
691831.1875000000,-104.4244308472
693425.9375000000,-104.4505157471
695024.3125000000,-104.5316162109
696626.4375000000,-104.5829391479
698232.1875000000,-104.5882797241
699841.6875000000,-104.5914916992
701455.6250000000,-104.5968399048
703072.5000000000,-104.5971755981
704693.1250000000,-104.6012191772
706317.5000000000,-104.6047744751
707945.6250000000,-104.6074905396
709577.5000000000,-104.6264190674
711213.8750000000,-104.6863403320
712853.3125000000,-104.7762527466
714496.5000000000,-104.8888626099
716143.4375000000,-104.8958740234
717794.1875000000,-104.8985366821
719448.7500000000,-104.9128570557
721107.1250000000,-104.9607543945
722770.1250000000,-104.9644622803
724436.1875000000,-104.9973526001
726106.0625000000,-105.0257720947
727779.8125000000,-105.0388259888
729457.3750000000,-105.1058425903
731138.8125000000,-105.1439743042
732824.1250000000,-105.1465682983
734514.1875000000,-105.1468887329
736207.2500000000,-105.1666488647
737904.3125000000,-105.1681594849
739605.1875000000,-105.1856231689
741310.0625000000,-105.2035522461
743018.8125000000,-105.2065887451
744732.3750000000,-105.2291030884
746449.0000000000,-105.2417373657
748169.6250000000,-105.2696990967
749894.1875000000,-105.3277587891
751622.7500000000,-105.3480682373
753355.3125000000,-105.3678131104
755091.8750000000,-105.3845977783
756833.2500000000,-105.4073715210
758577.7500000000,-105.4517211914
760326.3750000000,-105.4657974243
762078.9375000000,-105.4809112549
763835.6250000000,-105.5126800537
765596.3125000000,-105.6022033691
767361.8750000000,-105.6335449219
769130.6875000000,-105.6338806152
770903.6250000000,-105.6370162964
772680.6250000000,-105.6402206421
774461.6875000000,-105.6439971924
776246.8750000000,-105.6677627563
778036.1875000000,-105.6695785522
779830.4375000000,-105.6719360352
781628.0000000000,-105.6961364746
783429.7500000000,-105.7204513550
785235.6250000000,-105.8128814697
787045.6250000000,-105.9103622437
788859.8125000000,-105.9251556396
790678.1875000000,-105.9327392578
792501.6250000000,-105.9442138672
794328.4375000000,-105.9776611328
796159.3750000000,-106.0153274536
797994.6250000000,-106.1143722534
799834.0000000000,-106.1278228760
801677.6875000000,-106.1615905762
803526.5000000000,-106.2137680054
805378.6875000000,-106.2294464111
807235.1250000000,-106.2377853394
809095.8750000000,-106.3255767822
810960.9375000000,-106.3415832520
812830.2500000000,-106.3598175049
814703.8750000000,-106.3646774292
816582.6875000000,-106.3698348999
818465.0000000000,-106.3772811890
820351.6250000000,-106.3800659180
822242.5625000000,-106.3934478760
824137.8750000000,-106.3980255127
826037.6250000000,-106.4330902100
827942.5625000000,-106.4431610107
829851.0625000000,-106.4814910889
831763.9375000000,-106.4849929810
833681.1875000000,-106.5035705566
835602.8750000000,-106.5088729858
837529.0000000000,-106.5450515747
839459.5625000000,-106.6305465698
841395.5000000000,-106.7201766968
843335.0000000000,-106.7705841064
845278.9375000000,-106.7939300537
847227.3750000000,-106.8328552246
849180.2500000000,-106.8798904419
851137.6875000000,-106.9151077271
853100.5625000000,-106.9495391846
855067.0000000000,-106.9779205322
857038.0000000000,-106.9909210205
859013.5625000000,-107.0206604004
860993.6250000000,-107.0840606689
862978.3125000000,-107.0901184082
864967.5000000000,-107.1095581055
866962.2500000000,-107.1144714355
868960.6875000000,-107.1191558838
870963.6875000000,-107.1296463013
872971.3125000000,-107.1533737183
874983.6250000000,-107.1601638794
877000.5000000000,-107.1774063110
879022.0625000000,-107.1961746216
881049.2500000000,-107.2073364258
883080.1250000000,-107.2443923950
885115.6875000000,-107.2552642822
887155.9375000000,-107.2698364258
889200.8750000000,-107.2708358765
891250.5625000000,-107.2891998291
893305.9375000000,-107.3014450073
895365.0625000000,-107.3024215698
897428.9375000000,-107.3136978149
899497.5625000000,-107.3149642944
901571.0000000000,-107.3332519531
903649.1875000000,-107.3443450928
905732.1250000000,-107.3698654175
907820.9375000000,-107.3748245239
909913.5000000000,-107.5588531494
912010.9375000000,-107.5724411011
914113.1875000000,-107.5990905762
916220.2500000000,-107.6083221436
918332.1875000000,-107.6790313721
920450.0625000000,-107.6955184937
922571.7500000000,-107.7179107666
924698.3750000000,-107.8286285400
926829.8125000000,-107.8749008179
928966.2500000000,-107.8779067993
931107.5625000000,-107.8932418823
933253.8750000000,-107.8958587646
935406.0625000000,-107.8972015381
937562.2500000000,-107.9009017944
939723.4375000000,-107.9167022705
941889.5625000000,-107.9227447510
944060.6875000000,-107.9285659790
946236.8125000000,-107.9351501465
948419.0000000000,-107.9450607300
950605.1250000000,-107.9535446167
952796.3750000000,-107.9751510620
954992.6250000000,-107.9771881104
957193.9375000000,-107.9787521362
959400.3750000000,-107.9939117432
961611.8125000000,-108.0025100708
963829.5000000000,-108.0145950317
966051.1875000000,-108.0932235718
968278.0000000000,-108.1886215210
970509.9375000000,-108.2109069824
972747.0625000000,-108.2290267944
974989.3125000000,-108.2540283203
977236.6875000000,-108.2905807495
979490.3750000000,-108.3003768921
981748.1875000000,-108.3334960938
984011.1875000000,-108.3343658447
986279.3750000000,-108.3437805176
988552.8125000000,-108.4771041870
990831.5000000000,-108.5549850464
993116.5625000000,-108.6053695679
995405.7500000000,-108.6131439209
997700.2500000000,-108.6304092407
1000000.0000000000,-108.6600875854
1002305.0625000000,-108.6657257080
1004615.4375000000,-108.6658554077
1006931.1875000000,-108.7030487061
1009253.3125000000,-108.7503967285
1011579.7500000000,-108.7561645508
1013911.5000000000,-108.7985916138
1016248.6250000000,-108.8439025879
1018591.1250000000,-108.8797531128
1020939.0625000000,-108.9102172852
1023293.5625000000,-108.9383544922
1025652.3125000000,-108.9672470093
1028016.5000000000,-109.0030822754
1030386.1250000000,-109.0476837158
1032761.2500000000,-109.0976028442
1035141.8750000000,-109.1498184204
1037527.9375000000,-109.2000656128
1039920.6250000000,-109.2398147583
1042317.7500000000,-109.2695999146
1044720.3750000000,-109.2904129028
1047128.5000000000,-109.3038330078
1049542.2500000000,-109.3123321533
1051961.5000000000,-109.3202590942
1054386.3750000000,-109.3299407959
1056817.8750000000,-109.3424682617
1059254.0000000000,-109.3585739136
1061695.6250000000,-109.3793487549
1064142.8750000000,-109.4048004150
1066595.8750000000,-109.4344940186
1069054.3750000000,-109.4686813354
1071519.8750000000,-109.5074844360
1073989.7500000000,-109.5508728027
1076465.3750000000,-109.5953445435
1078946.7500000000,-109.6003341675
1081433.7500000000,-109.6066589355
1083926.5000000000,-109.6093978882
1086425.0000000000,-109.6282958984
1088930.5000000000,-109.6322860718
1091440.6250000000,-109.6354522705
1093956.5000000000,-109.6516647339
1096478.1250000000,-109.6666488647
1099005.5000000000,-109.6721572876
1101538.8750000000,-109.6736297607
1104079.1250000000,-109.6850891113
1106624.1250000000,-109.6881561279
1109175.0000000000,-109.7222671509
1111731.7500000000,-109.7778091431
1114294.3750000000,-109.8339157104
1116862.8750000000,-109.8864135742
1119437.3750000000,-109.9326324463
1122019.0000000000,-109.9736709595
1124605.2500000000,-110.0091247559
1127197.6250000000,-110.0379714966
1129795.8750000000,-110.0588912964
1132400.1250000000,-110.0709457397
1135010.3750000000,-110.0712814331
1137627.8750000000,-110.0726852417
1140250.2500000000,-110.0728836060
1142878.6250000000,-110.0741195679
1145513.0000000000,-110.0789871216
1148153.5000000000,-110.0895233154
1150800.0000000000,-110.1030883789
1153452.7500000000,-110.1177749634
1156112.7500000000,-110.1330261230
1158777.7500000000,-110.1508789063
1161448.7500000000,-110.1742630005
1164126.0000000000,-110.2052459717
1166809.3750000000,-110.2438659668
1169499.0000000000,-110.2877807617
1172194.7500000000,-110.3327636719
1174898.0000000000,-110.3741912842
1177606.2500000000,-110.4082031250
1180320.7500000000,-110.4359054565
1183041.3750000000,-110.4592666626
1185768.3750000000,-110.4807662964
1188501.7500000000,-110.5030899048
1191242.6250000000,-110.5290908813
1193988.5000000000,-110.5617980957
1196740.7500000000,-110.6042404175
1199499.2500000000,-110.6585006714
1202264.2500000000,-110.7244110107
1205035.5000000000,-110.7953262329
1207813.2500000000,-110.8600845337
1210598.6250000000,-110.9080123901
1213389.1250000000,-110.9173431396
1216186.1250000000,-110.9179534912
1218989.5000000000,-110.9269714355
1221799.3750000000,-110.9328918457
1224615.7500000000,-110.9333724976
1227439.8750000000,-110.9362716675
1230269.2500000000,-110.9608001709
1233105.0000000000,-110.9921112061
1235947.5000000000,-111.0178909302
1238796.3750000000,-111.0229187012
1241651.8750000000,-111.0234146118
1244514.0000000000,-111.0283889771
1247384.1250000000,-111.0295028687
1250259.3750000000,-111.0311508179
1253141.3750000000,-111.0330123901
1256029.8750000000,-111.0442428589
1258925.1250000000,-111.0676803589
1261827.0000000000,-111.0998535156
1264737.0000000000,-111.1394271851
1267652.3750000000,-111.1828689575
1270574.3750000000,-111.2252349854
1273503.1250000000,-111.2622146606
1276438.6250000000,-111.2922744751
1279380.8750000000,-111.3170623779
1282330.0000000000,-111.3399887085
1285287.2500000000,-111.3640975952
1288250.0000000000,-111.3905944824
1291219.5000000000,-111.4187088013
1294195.7500000000,-111.4463272095
1297179.0000000000,-111.4714889526
1300169.1250000000,-111.4945144653
1303166.1250000000,-111.5195617676
1306171.3750000000,-111.5533447266
1309182.2500000000,-111.6001358032
1312200.0000000000,-111.6460494995
1315224.7500000000,-111.6553878784
1318256.3750000000,-111.6571502686
1321295.1250000000,-111.6702957153
1324342.2500000000,-111.6919403076
1327394.8750000000,-111.7045364380
1330454.6250000000,-111.7231063843
1333521.3750000000,-111.7270126343
1336595.2500000000,-111.7300186157
1339676.2500000000,-111.8001022339
1342764.2500000000,-111.8230438232
1345860.8750000000,-111.8279647827
1348963.2500000000,-111.8399124146
1352072.7500000000,-111.8550720215
1355189.3750000000,-111.8676834106
1358313.1250000000,-111.8714370728
1361444.1250000000,-111.8995742798
1364583.8750000000,-111.9042053223
1367729.3750000000,-111.9110717773
1370882.0000000000,-111.9218826294
1374042.0000000000,-111.9541549683
1377209.2500000000,-112.0119781494
1380383.8750000000,-112.0687637329
1383565.7500000000,-112.1232528687
1386756.5000000000,-112.1756439209
1389953.0000000000,-112.2249069214
1393157.0000000000,-112.2814636230
1396368.2500000000,-112.3005752563
1399587.0000000000,-112.3042068481
1402813.1250000000,-112.3060531616
1406046.7500000000,-112.3079528809
1409289.3750000000,-112.3250732422
1412537.8750000000,-112.3628311157
1415793.8750000000,-112.4099426270
1419057.3750000000,-112.4562301636
1422328.3750000000,-112.4933624268
1425607.0000000000,-112.5175018311
1428894.6250000000,-112.5303421021
1432188.3750000000,-112.5386962891
1435489.6250000000,-112.5521621704
1438798.5000000000,-112.5995864868
1442115.1250000000,-112.6712646484
1445439.2500000000,-112.7199478149
1448771.1250000000,-112.7561187744
1452112.2500000000,-112.7662429810
1455459.5000000000,-112.7690277100
1458814.3750000000,-112.7728042603
1462177.0000000000,-112.7734756470
1465547.5000000000,-112.7754440308
1468925.6250000000,-112.7782363892
1472313.2500000000,-112.7807006836
1475707.0000000000,-112.8016357422
1479108.6250000000,-112.8409423828
1482518.1250000000,-112.8937454224
1485935.3750000000,-112.9542694092
1489360.6250000000,-113.0157165527
1492793.6250000000,-113.0736160278
1496236.3750000000,-113.1278457642
1499685.2500000000,-113.1814117432
1503142.1250000000,-113.2617797852
1506607.0000000000,-113.2705078125
1510079.7500000000,-113.2784423828
1513560.6250000000,-113.3035354614
1517051.1250000000,-113.3053359985
1520548.1250000000,-113.3261337280
1524053.0000000000,-113.3302001953
1527566.1250000000,-113.3410415649
1531087.2500000000,-113.3747787476
1534616.5000000000,-113.4291458130
1538153.8750000000,-113.4796447754
1541701.1250000000,-113.5215377808
1545254.8750000000,-113.5533294678
1548816.8750000000,-113.5866851807
1552387.0000000000,-113.6179656982
1555965.3750000000,-113.6453933716
1559551.8750000000,-113.6798934937
1563146.7500000000,-113.7183609009
1566751.7500000000,-113.7542037964
1570363.1250000000,-113.7860870361
1573983.0000000000,-113.7872085571
1577611.1250000000,-113.7877655029
1581247.6250000000,-113.7918624878
1584892.5000000000,-113.8005676270
1588547.5000000000,-113.8447036743
1592209.2500000000,-113.8534164429
1595879.3750000000,-113.8592376709
1599558.0000000000,-113.8720092773
1603245.1250000000,-113.8733825684
1606940.7500000000,-113.8890304565
1610644.8750000000,-113.9002304077
1614359.2500000000,-113.9006958008
1618080.5000000000,-113.9017486572
1621810.2500000000,-113.9115447998
1625548.6250000000,-113.9196548462
1629295.6250000000,-113.9330215454
1633051.2500000000,-113.9332885742
1636817.3750000000,-113.9350128174
1640590.3750000000,-113.9578704834
1644372.0000000000,-113.9611892700
1648162.3750000000,-113.9686050415
1651961.5000000000,-113.9759368896
1655769.5000000000,-114.0113449097
1659586.1250000000,-114.0681915283
1663413.3750000000,-114.1013336182
1667247.6250000000,-114.1314849854
1671090.7500000000,-114.1846694946
1674942.7500000000,-114.2618255615
1678803.6250000000,-114.3344497681
1682673.3750000000,-114.4644851685
1686554.0000000000,-114.5917968750
1690441.6250000000,-114.6270904541
1694338.1250000000,-114.6315841675
1698243.7500000000,-114.6316375732
1702158.2500000000,-114.6419448853
1706081.8750000000,-114.6438674927
1710014.5000000000,-114.6547851563
1713958.1250000000,-114.6638031006
1717908.8750000000,-114.6768264771
1721868.8750000000,-114.6905975342
1725837.8750000000,-114.6920928955
1729816.0000000000,-114.7338256836
1733803.3750000000,-114.7836532593
1737799.8750000000,-114.8200454712
1741807.6250000000,-114.8349609375
1745822.6250000000,-114.8469009399
1749846.7500000000,-114.8624725342
1753880.3750000000,-114.8691024780
1757923.1250000000,-114.8804321289
1761975.2500000000,-114.9184417725
1766038.7500000000,-114.9220809937
1770109.5000000000,-114.9263076782
1774189.7500000000,-114.9293823242
1778279.3750000000,-114.9303359985
1782378.5000000000,-114.9438934326
1786487.0000000000,-114.9469451904
1790605.0000000000,-114.9961242676
1794734.3750000000,-115.0278778076
1798871.3750000000,-115.0323791504
1803017.8750000000,-115.0365753174
1807174.0000000000,-115.0410766602
1811339.6250000000,-115.0419692993
1815514.8750000000,-115.0649642944
1819701.8750000000,-115.0709838867
1823896.3750000000,-115.0950012207
1828100.6250000000,-115.0963058472
1832314.5000000000,-115.1103210449
1836538.1250000000,-115.1250839233
1840771.3750000000,-115.1692733765
1845014.5000000000,-115.2374954224
1849269.5000000000,-115.3004074097
1853532.1250000000,-115.3505172729
1857804.6250000000,-115.3932189941
1862087.0000000000,-115.4215011597
1866379.2500000000,-115.4706802368
1870681.3750000000,-115.5279083252
1874993.5000000000,-115.5862045288
1879317.5000000000,-115.5888442993
1883649.5000000000,-115.5917434692
1887991.5000000000,-115.6023559570
1892343.3750000000,-115.6119842529
1896705.3750000000,-115.6191253662
1901077.3750000000,-115.6559829712
1905461.6250000000,-115.6603775024
1909853.8750000000,-115.6683273315
1914256.2500000000,-115.6949539185
1918668.7500000000,-115.7270050049
1923091.3750000000,-115.7381668091
1927524.2500000000,-115.7414321899
1931967.3750000000,-115.7555313110
1936422.7500000000,-115.8704376221
1940886.3750000000,-116.0162353516
1945360.2500000000,-116.0186080933
1949844.3750000000,-116.0310592651
1954339.0000000000,-116.0802230835
1958843.8750000000,-116.1127700806
1963361.2500000000,-116.1415786743
1967887.0000000000,-116.1935882568
1972423.1250000000,-116.2003097534
1976969.6250000000,-116.2250595093
1981526.7500000000,-116.2405548096
1986094.2500000000,-116.2567291260
1990672.3750000000,-116.2701492310
1995263.2500000000,-116.2721862793
1999862.3750000000,-116.2953109741
2004472.2500000000,-116.3064346313
2009092.7500000000,-116.3189468384
2013723.7500000000,-116.3382873535
2018365.6250000000,-116.3397064209
2023020.2500000000,-116.3736190796
2027683.5000000000,-116.3996963501
2032357.3750000000,-116.4027099609
2037042.1250000000,-116.4153823853
2041737.6250000000,-116.4529876709
2046444.0000000000,-116.5008087158
2051161.2500000000,-116.5445175171
2055891.5000000000,-116.6053085327
2060630.5000000000,-116.7197265625
2065380.3750000000,-116.7518005371
2070141.2500000000,-116.7566070557
2074913.1250000000,-116.7568511963
2079695.8750000000,-116.7597122192
2084489.7500000000,-116.7636871338
2089297.0000000000,-116.7640609741
2094112.8750000000,-116.7656707764
2098940.0000000000,-116.7705993652
2103778.2500000000,-116.7712402344
2108627.5000000000,-116.7737197876
2113488.0000000000,-116.7749557495
2118362.2500000000,-116.7779159546
2123245.2500000000,-116.7805328369
2128139.5000000000,-116.7815856934
2133045.0000000000,-116.7872848511
2137961.7500000000,-116.7877960205
2142889.7500000000,-116.7962722778
2147829.5000000000,-116.8039855957
2152782.7500000000,-116.8122100830
2157745.0000000000,-116.8173675537
2162718.7500000000,-116.8206634521
2167704.0000000000,-116.9338302612
2172700.7500000000,-116.9869155884
2177708.7500000000,-116.9909286499
2182731.0000000000,-117.0116348267
2187762.5000000000,-117.0194015503
2192805.2500000000,-117.0213623047
2197860.0000000000,-117.0496902466
2202926.2500000000,-117.0585479736
2208004.0000000000,-117.1426544189
2213093.7500000000,-117.2654418945
2218197.5000000000,-117.3257064819
2223310.5000000000,-117.3464965820
2228435.5000000000,-117.3646545410
2233572.0000000000,-117.3902435303
2238720.7500000000,-117.4214401245
2243881.0000000000,-117.4514694214
2249055.7500000000,-117.4728088379
2254240.0000000000,-117.5139389038
2259436.2500000000,-117.5806121826
2264644.5000000000,-117.6141433716
2269864.5000000000,-117.6391143799
2275096.7500000000,-117.6395721436
2280341.0000000000,-117.6472015381
2285600.0000000000,-117.6515426636
2290868.2500000000,-117.6567687988
2296149.0000000000,-117.6576766968
2301441.7500000000,-117.6744613647
2306746.7500000000,-117.6898727417
2312064.0000000000,-117.7158203125
2317393.5000000000,-117.7295684814
2322737.7500000000,-117.7696380615
2328091.7500000000,-117.8331069946
2333458.2500000000,-117.8385238647
2338837.0000000000,-117.8503341675
2344228.2500000000,-117.9199905396
2349631.7500000000,-117.9560394287
2355050.5000000000,-117.9729080200
2360479.0000000000,-118.0155715942
2365920.0000000000,-118.0220718384
2371373.7500000000,-118.0869216919
2376840.0000000000,-118.1212387085
2382318.7500000000,-118.1304855347
2387810.0000000000,-118.1382827759
2393316.7500000000,-118.1682815552
2398833.5000000000,-118.1696548462
2404363.0000000000,-118.2027359009
2409905.2500000000,-118.2027969360
2415460.2500000000,-118.2998352051
2421028.0000000000,-118.3850555420
2426611.2500000000,-118.4336395264
2432205.0000000000,-118.4360885620
2437811.2500000000,-118.4444122314
2443430.5000000000,-118.4475479126
2449063.0000000000,-118.5498580933
2454708.2500000000,-118.5723419189
2460366.5000000000,-118.5880966187
2466040.5000000000,-118.6165542603
2471724.7500000000,-118.6465682983
2477422.2500000000,-118.6481323242
2483133.0000000000,-118.6529235840
2488856.7500000000,-118.6648635864
2494593.7500000000,-118.6699371338
2500344.0000000000,-118.6727981567
2506110.2500000000,-118.6806259155
2511887.0000000000,-118.6878509521
2517677.0000000000,-118.7017898560
2523480.5000000000,-118.7184829712
2529297.2500000000,-118.7528991699
2535127.5000000000,-118.8213195801
2540974.0000000000,-118.8953170776
2546831.0000000000,-118.8962936401
2552701.7500000000,-118.9025115967
2558585.7500000000,-118.9121246338
2564483.5000000000,-118.9344177246
2570395.0000000000,-118.9369506836
2576319.7500000000,-118.9470062256
2582261.2500000000,-118.9500274658
2588213.5000000000,-118.9579696655
2594179.5000000000,-118.9829483032
2600159.2500000000,-118.9981002808
2606153.0000000000,-119.0258712769
2612160.2500000000,-119.0415344238
2618184.2500000000,-119.0480651855
2624219.5000000000,-119.0533370972
2630268.5000000000,-119.0533981323
2636331.5000000000,-119.0561904907
2642408.2500000000,-119.0642089844
2648499.2500000000,-119.1187515259
2654604.2500000000,-119.1257858276
2660726.2500000000,-119.1264114380
2666859.5000000000,-119.1498336792
2673006.7500000000,-119.1593399048
2679168.2500000000,-119.1948852539
2685343.7500000000,-119.2149276733
2691533.7500000000,-119.2547912598
2697741.0000000000,-119.2688827515
2703959.2500000000,-119.2882308960
2710192.2500000000,-119.2999496460
2716439.2500000000,-119.3109130859
2722701.0000000000,-119.3154907227
2728977.0000000000,-119.3819503784
2735267.5000000000,-119.3879089355
2741575.5000000000,-119.4091262817
2747895.0000000000,-119.4320602417
2754229.0000000000,-119.4356155396
2760577.7500000000,-119.4853820801
2766941.0000000000,-119.4861373901
2773319.0000000000,-119.4905624390
2779711.7500000000,-119.5200042725
2786122.2500000000,-119.6351776123
2792544.5000000000,-119.6628723145
2798981.5000000000,-119.7061309814
2805433.2500000000,-119.7132797241
2811900.0000000000,-119.7792816162
2818381.7500000000,-119.7831039429
2824881.2500000000,-119.8009109497
2831393.0000000000,-119.8020172119
2837919.5000000000,-119.8193588257
2844461.0000000000,-119.8197250366
2851017.7500000000,-119.8454437256
2857589.5000000000,-119.8551483154
2864176.5000000000,-119.8601455688
2870781.7500000000,-119.8646240234
2877399.2500000000,-119.8839111328
2884031.7500000000,-119.8898162842
2890679.7500000000,-119.8931198120
2897343.0000000000,-119.9514236450
2904021.5000000000,-119.9556045532
2910718.7500000000,-120.0985870361
2917428.0000000000,-120.1112670898
2924153.0000000000,-120.1468048096
2930893.2500000000,-120.1516571045
2937649.2500000000,-120.2236480713
2944420.7500000000,-120.2354888916
2951207.7500000000,-120.2360534668
2958013.7500000000,-120.2589797974
2964832.2500000000,-120.3223876953
2971666.2500000000,-120.3321151733
2978516.2500000000,-120.4100646973
2985382.0000000000,-120.4594573975
2992263.5000000000,-120.4637451172
2999164.2500000000,-120.4801406860
3006077.5000000000,-120.4940490723
3013006.7500000000,-120.4998245239
3019951.7500000000,-120.5207672119
3026913.0000000000,-120.5440139771
3033890.2500000000,-120.5592575073
3040883.7500000000,-120.5738677979
3047896.5000000000,-120.5879898071
3054922.0000000000,-120.6043395996
3061963.7500000000,-120.6234283447
3069022.0000000000,-120.6458740234
3076096.2500000000,-120.6696472168
3083186.7500000000,-120.6944198608
3090293.7500000000,-120.7188796997
3097420.5000000000,-120.7424621582
3104560.2500000000,-120.7657012939
3111716.5000000000,-120.7886657715
3118889.2500000000,-120.8112869263
3126078.5000000000,-120.8334655762
3133284.5000000000,-120.8535156250
3140510.2500000000,-120.8719635010
3147749.2500000000,-120.8884735107
3155005.2500000000,-120.9048843384
3162277.7500000000,-120.9217453003
3169567.0000000000,-120.9435119629
3176873.0000000000,-120.9687652588
3184196.0000000000,-120.9989242554
3191539.2500000000,-121.0351333618
3198896.0000000000,-121.0738296509
3206269.7500000000,-121.1174545288
3213660.2500000000,-121.1607513428
3221068.0000000000,-121.2036209106
3228492.7500000000,-121.2385864258
3235938.2500000000,-121.2692718506
3243397.2500000000,-121.2871780396
3250873.5000000000,-121.3012695313
3258367.0000000000,-121.3116531372
3265877.7500000000,-121.3288421631
3273406.0000000000,-121.3513183594
3280951.2500000000,-121.3865051270
3288517.7500000000,-121.4298553467
3296098.0000000000,-121.4778289795
3303695.7500000000,-121.5263061523
3311311.0000000000,-121.5711364746
3318944.0000000000,-121.6109466553
3326594.2500000000,-121.6425170898
3334262.2500000000,-121.6706542969
3341951.7500000000,-121.6932373047
3349655.2500000000,-121.7121810913
3357376.2500000000,-121.7287139893
3365115.2500000000,-121.7390441895
3372872.2500000000,-121.7463455200
3380646.7500000000,-121.7503662109
3388443.2500000000,-121.7538681030
3396253.7500000000,-121.7606582642
3404082.5000000000,-121.7737808228
3411929.0000000000,-121.8002929688
3419793.7500000000,-121.8336181641
3427676.7500000000,-121.8774337769
3435577.7500000000,-121.9212341309
3443500.7500000000,-121.9630432129
3451438.2500000000,-121.9927139282
3459394.0000000000,-122.0115509033
3467368.2500000000,-122.0225448608
3475360.7500000000,-122.0241012573
3483371.7500000000,-122.0265350342
3491405.0000000000,-122.0299301147
3499452.7500000000,-122.0423736572
3507519.2500000000,-122.0596847534
3515604.5000000000,-122.0817108154
3523708.2500000000,-122.1076049805
3531830.5000000000,-122.1315383911
3539971.7500000000,-122.1534423828
3548135.5000000000,-122.1666259766
3556314.2500000000,-122.1769714355
3564511.7500000000,-122.1845703125
3572728.2500000000,-122.1975097656
3580963.5000000000,-122.2184219360
3589218.0000000000,-122.2472000122
3597495.2500000000,-122.2889328003
3605787.7500000000,-122.3302459717
3614099.2500000000,-122.3698348999
3622430.0000000000,-122.3963394165
3630780.0000000000,-122.4141235352
3639149.2500000000,-122.4269714355
3647537.7500000000,-122.4402847290
3655949.5000000000,-122.4631042480
3664376.7500000000,-122.4929122925
3672823.5000000000,-122.5316619873
3681289.5000000000,-122.5701675415
3689775.2500000000,-122.6034851074
3698280.5000000000,-122.6285400391
3706805.2500000000,-122.6304397583
3715353.7500000000,-122.6336059570
3723918.0000000000,-122.6356277466
3732501.7500000000,-122.6366653442
3741105.5000000000,-122.6378784180
3749729.0000000000,-122.6489715576
3758372.5000000000,-122.6742477417
3767039.7500000000,-122.7090682983
3775723.2500000000,-122.7473297119
3784426.5000000000,-122.7876739502
3793149.7500000000,-122.8259735107
3801893.2500000000,-122.8612136841
3810657.0000000000,-122.8933868408
3819440.7500000000,-122.9214248657
3828249.0000000000,-122.9450759888
3837073.5000000000,-122.9656906128
3845918.2500000000,-122.9834594727
3854783.2500000000,-122.9984436035
3863668.7500000000,-123.0143203735
3872574.7500000000,-123.0324630737
3881505.7500000000,-123.0544586182
3890452.7500000000,-123.0822906494
3899420.5000000000,-123.1115188599
3908409.0000000000,-123.1413269043
3917418.2500000000,-123.1704711914
3926448.0000000000,-123.2014541626
3935498.7500000000,-123.2363586426
3944574.7500000000,-123.2756576538
3953667.2500000000,-123.3199844360
3962780.7500000000,-123.3637924194
3971915.2500000000,-123.4036254883
3981070.7500000000,-123.4378356934
3990247.5000000000,-123.4630813599
3999449.7500000000,-123.4800109863
4008668.7500000000,-123.4931793213
4017909.0000000000,-123.5052490234
4027170.5000000000,-123.5213241577
4036453.5000000000,-123.5474090576
4045757.7500000000,-123.5801239014
4055083.5000000000,-123.6171188354
4064435.2500000000,-123.6547775269
4073804.0000000000,-123.6868743896
4083194.5000000000,-123.7143783569
4092606.5000000000,-123.7379150391
4102040.2500000000,-123.7581863403
4111495.7500000000,-123.7740402222
4120973.0000000000,-123.7847518921
4130476.7500000000,-123.7899551392
4139997.7500000000,-123.7900390625
4149540.7500000000,-123.7904586792
4159105.7500000000,-123.7917175293
4168692.7500000000,-123.7940063477
4178301.7500000000,-123.8035430908
4187937.7500000000,-123.8195724487
4197591.0000000000,-123.8440322876
4207267.0000000000,-123.8751525879
4216965.0000000000,-123.9106063843
4226685.5000000000,-123.9490737915
4236428.0000000000,-123.9892807007
4246193.5000000000,-124.0304870605
4255986.0000000000,-124.0725326538
4265796.5000000000,-124.1152267456
4275629.5000000000,-124.1582412720
4285485.0000000000,-124.2010116577
4295363.0000000000,-124.2418518066
4305264.5000000000,-124.2773895264
4315193.0000000000,-124.2992706299
4325140.0000000000,-124.2994155884
4335109.5000000000,-124.3044509888
4345102.5000000000,-124.3063659668
4355118.0000000000,-124.3084182739
4365157.0000000000,-124.3173904419
4375219.0000000000,-124.3205337524
4385309.0000000000,-124.3245544434
4395417.5000000000,-124.3263320923
4405549.0000000000,-124.3528518677
4415704.5000000000,-124.3838272095
4425883.0000000000,-124.4133911133
4436085.0000000000,-124.4369277954
4446310.5000000000,-124.4521789551
4456564.0000000000,-124.4604949951
4466837.0000000000,-124.4690170288
4477133.5000000000,-124.4866714478
4487453.5000000000,-124.5131149292
4497797.5000000000,-124.5446777344
4508165.0000000000,-124.5768432617
4518561.5000000000,-124.6058425903
4528977.0000000000,-124.6300201416
4539417.0000000000,-124.6494827271
4549880.5000000000,-124.6664123535
4560368.5000000000,-124.6821365356
4570880.5000000000,-124.6982116699
4581416.5000000000,-124.7161636353
4591982.0000000000,-124.7370147705
4602567.0000000000,-124.7605361938
4613176.0000000000,-124.7845382690
4623810.0000000000,-124.8061447144
4634468.0000000000,-124.8260345459
4645151.0000000000,-124.8479919434
4655863.5000000000,-124.8762283325
4666595.5000000000,-124.9121017456
4677352.0000000000,-124.9524612427
4688134.0000000000,-124.9910430908
4698940.5000000000,-125.0248336792
4709771.5000000000,-125.0601348877
4720628.0000000000,-125.1010437012
4731514.5000000000,-125.1435089111
4742421.0000000000,-125.1794662476
4753353.0000000000,-125.1833267212
4764309.5000000000,-125.1853713989
4775291.5000000000,-125.1875839233
4786299.0000000000,-125.1930084229
4797337.0000000000,-125.2003402710
4808395.5000000000,-125.2031402588
4819479.0000000000,-125.2036743164
4830588.0000000000,-125.2121810913
4841723.0000000000,-125.2141189575
4852883.5000000000,-125.2160339355
4864070.0000000000,-125.2260360718
4875287.0000000000,-125.2677001953
4886525.0000000000,-125.3220291138
4897789.0000000000,-125.3786926270
4909078.5000000000,-125.4260330200
4920394.5000000000,-125.4596252441
4931736.0000000000,-125.4852523804
4943104.0000000000,-125.5119018555
4954504.0000000000,-125.5389862061
4965924.5000000000,-125.5402145386
4977371.0000000000,-125.5477600098
4988844.5000000000,-125.5515823364
5000344.0000000000,-125.5567474365
5011870.0000000000,-125.5581512451
5023428.5000000000,-125.5909805298
5035007.5000000000,-125.6557464600
5046614.0000000000,-125.7317123413
5058246.5000000000,-125.7995223999
5069906.0000000000,-125.8461303711
5081592.5000000000,-125.8695983887
5093306.0000000000,-125.8721084595
5105052.0000000000,-125.8780822754
5116819.5000000000,-125.8828735352
5128614.5000000000,-125.8862991333
5140436.0000000000,-125.8903274536
5152285.0000000000,-125.8932952881
5164161.5000000000,-125.9240264893
5176071.0000000000,-125.9799499512
5188002.0000000000,-126.0284271240
5199961.0000000000,-126.0555496216
5211947.0000000000,-126.0642013550
5223961.0000000000,-126.0645141602
5236002.5000000000,-126.0649414063
5248072.0000000000,-126.0702362061
5260175.0000000000,-126.0828704834
5272300.0000000000,-126.1029357910
5284453.0000000000,-126.1266555786
5296634.0000000000,-126.1477432251
5308843.5000000000,-126.1648788452
5321080.5000000000,-126.1797714233
5333352.0000000000,-126.2021942139
5345645.5000000000,-126.2339706421
5357967.5000000000,-126.2724838257
5370318.0000000000,-126.3177413940
5382697.0000000000,-126.3723983765
5395104.5000000000,-126.4346847534
5407541.0000000000,-126.4950790405
5420011.5000000000,-126.5414657593
5432505.0000000000,-126.5676803589
5445027.5000000000,-126.5783004761
5457578.5000000000,-126.5850296021
5470158.5000000000,-126.5889205933
5482767.5000000000,-126.5967788696
5495406.0000000000,-126.5969238281
5508079.0000000000,-126.6008377075
5520775.5000000000,-126.6122360229
5533501.5000000000,-126.6168670654
5546256.5000000000,-126.6217041016
5559041.0000000000,-126.6270751953
5571855.0000000000,-126.6662597656
5584704.5000000000,-126.7108917236
5597578.0000000000,-126.7466201782
5610480.5000000000,-126.7803115845
5623413.5000000000,-126.8215942383
5636375.5000000000,-126.8333435059
5649368.0000000000,-126.8366699219
5662390.0000000000,-126.8570175171
5675448.5000000000,-126.8583679199
5688531.0000000000,-126.8591156006
5701643.5000000000,-126.8812942505
5714786.0000000000,-126.8837738037
5727959.0000000000,-126.8940353394
5741162.5000000000,-126.8947296143
5754402.5000000000,-126.8984146118
5767666.5000000000,-126.9546432495
5780961.5000000000,-127.0029983521
5794287.0000000000,-127.0480041504
5807643.5000000000,-127.1003494263
5821030.5000000000,-127.1425933838
5834448.5000000000,-127.1644897461
5847903.5000000000,-127.1718597412
5861383.5000000000,-127.1767807007
5874894.0000000000,-127.1847381592
5888436.5000000000,-127.1933746338
5902009.5000000000,-127.2064971924
5915614.0000000000,-127.2337493896
5929250.0000000000,-127.2648544312
5942924.0000000000,-127.2946853638
5956622.5000000000,-127.3128509521
5970353.0000000000,-127.3204803467
5984115.5000000000,-127.3302612305
5997909.0000000000,-127.3549041748
6011734.5000000000,-127.4155960083
6025599.0000000000,-127.4663009644
6039488.0000000000,-127.4833068848
6053409.5000000000,-127.5007324219
6067363.0000000000,-127.5327224731
6081349.0000000000,-127.5813446045
6095367.0000000000,-127.6338806152
6109417.0000000000,-127.6780471802
6123506.5000000000,-127.6783370972
6137621.5000000000,-127.6785812378
6151769.0000000000,-127.6795730591
6165949.5000000000,-127.6846160889
6180162.5000000000,-127.6856155396
6194408.0000000000,-127.6870040894
6208693.5000000000,-127.7041397095
6223005.0000000000,-127.7132720947
6237349.5000000000,-127.7162094116
6251727.0000000000,-127.7263946533
6266137.5000000000,-127.7967071533
6280581.5000000000,-127.9212265015
6295058.5000000000,-127.9350280762
6309576.0000000000,-127.9414062500
6324120.0000000000,-127.9636230469
6338698.0000000000,-127.9667968750
6353309.0000000000,-127.9766159058
6367954.0000000000,-128.0036621094
6382632.5000000000,-128.0175323486
6397352.0000000000,-128.0366973877
6412098.0000000000,-128.0697326660
6426878.5000000000,-128.1020355225
6441693.0000000000,-128.1041564941
6456541.5000000000,-128.1133422852
6471424.0000000000,-128.1153869629
6486341.5000000000,-128.1311645508
6501300.0000000000,-128.1940155029
6516286.0000000000,-128.2395477295
6531306.5000000000,-128.2500152588
6546361.5000000000,-128.2512359619
6561451.5000000000,-128.2593231201
6576576.0000000000,-128.2630615234
6591735.5000000000,-128.2754211426
6606937.0000000000,-128.2784118652
6622166.5000000000,-128.2818603516
6637431.0000000000,-128.3598327637
6652731.0000000000,-128.4082336426
6668066.0000000000,-128.4351501465
6683436.0000000000,-128.4525756836
6698849.5000000000,-128.4871063232
6714290.5000000000,-128.4967651367
6729767.5000000000,-128.5113830566
6745280.0000000000,-128.5161132813
6760828.5000000000,-128.5281066895
6776413.0000000000,-128.5573730469
6792033.0000000000,-128.5617675781
6807696.5000000000,-128.5717468262
6823388.5000000000,-128.6375885010
6839117.0000000000,-128.6770935059
6854881.5000000000,-128.6915893555
6870682.5000000000,-128.7023620605
6886520.0000000000,-128.7087097168
6902401.5000000000,-128.7489166260
6918312.0000000000,-128.7544250488
6934259.5000000000,-128.7779846191
6950243.5000000000,-128.7838745117
6966264.0000000000,-128.8165435791
6982322.0000000000,-128.8560028076
6998416.5000000000,-128.8854522705
7014556.0000000000,-128.8997497559
7030725.0000000000,-128.9012603760
7046931.5000000000,-128.9104919434
7063175.0000000000,-128.9667358398
7079456.5000000000,-129.0309753418
7095775.0000000000,-129.0481414795
7112139.0000000000,-129.0498809814
7128533.0000000000,-129.0577239990
7144965.0000000000,-129.0855560303
7161434.5000000000,-129.1396026611
7177942.0000000000,-129.1645812988
7194487.5000000000,-129.1694793701
7211071.5000000000,-129.1836853027
7227701.5000000000,-129.1872100830
7244362.0000000000,-129.1989746094
7261060.5000000000,-129.2042083740
7277798.0000000000,-129.2317199707
7294573.5000000000,-129.2368621826
7311388.0000000000,-129.2545623779
7328241.5000000000,-129.2918853760
7345141.5000000000,-129.2981719971
7362072.5000000000,-129.3186187744
7379043.0000000000,-129.3366394043
7396052.0000000000,-129.3981475830
7413100.5000000000,-129.4503021240
7430188.0000000000,-129.4852447510
7447323.5000000000,-129.4978179932
7464490.0000000000,-129.5136566162
7481696.5000000000,-129.5313110352
7498942.0000000000,-129.5567932129
7516227.5000000000,-129.6097869873
7533553.0000000000,-129.6165313721
7550918.5000000000,-129.6248321533
7568332.0000000000,-129.6422119141
7585777.5000000000,-129.6622924805
7603263.5000000000,-129.6626434326
7620789.5000000000,-129.6852264404
7638356.0000000000,-129.7232666016
7655963.0000000000,-129.7254180908
7673619.0000000000,-129.7296752930
7691307.0000000000,-129.7613830566
7709036.0000000000,-129.7885589600
7726806.0000000000,-129.8230590820
7744617.0000000000,-129.8481445313
7762469.0000000000,-129.8731842041
7780362.0000000000,-129.9187774658
7798304.5000000000,-129.9505004883
7816280.5000000000,-129.9551391602
7834297.5000000000,-129.9662780762
7852356.0000000000,-129.9761352539
7870456.0000000000,-130.0034027100
7888598.0000000000,-130.0682678223
7906782.0000000000,-130.0945434570
7925016.5000000000,-130.1172637939
7943284.0000000000,-130.1204071045
7961594.0000000000,-130.1279296875
7979946.0000000000,-130.1715545654
7998340.5000000000,-130.2092895508
8016777.0000000000,-130.2600555420
8035265.0000000000,-130.3093414307
8053787.0000000000,-130.3095550537
8072351.5000000000,-130.3195037842
8090959.0000000000,-130.3221435547
8109609.0000000000,-130.3354187012
8128302.5000000000,-130.3432617188
8147038.5000000000,-130.3444213867
8165827.0000000000,-130.3521270752
8184650.0000000000,-130.3524932861
8203516.0000000000,-130.3578186035
8222426.0000000000,-130.3598022461
8241379.0000000000,-130.3602600098
8260376.0000000000,-130.3829193115
8279426.0000000000,-130.3930816650
8298510.5000000000,-130.4323577881
8317639.0000000000,-130.5352325439
8336812.0000000000,-130.5668029785
8356029.0000000000,-130.5839080811
8375290.0000000000,-130.6040954590
8394596.0000000000,-130.6142272949
8413955.0000000000,-130.6275177002
8433350.0000000000,-130.6594390869
8452789.0000000000,-130.6647644043
8472274.0000000000,-130.6870574951
8491803.0000000000,-130.7108917236
8511377.0000000000,-130.7360992432
8531006.0000000000,-130.7535400391
8550670.0000000000,-130.7833251953
8570380.0000000000,-130.8667755127
8590136.0000000000,-130.8721618652
8609936.0000000000,-130.8725128174
8629783.0000000000,-130.8756866455
8649675.0000000000,-130.8816986084
8669623.0000000000,-130.9016418457
8689607.0000000000,-130.9152832031
8709637.0000000000,-130.9643707275
8729713.0000000000,-130.9979858398
8749836.0000000000,-131.0363159180
8770005.0000000000,-131.0565795898
8790220.0000000000,-131.0597991943
8810492.0000000000,-131.0682678223
8830801.0000000000,-131.0821838379
8851157.0000000000,-131.1054229736
8871559.0000000000,-131.1297912598
8892009.0000000000,-131.1410980225
8912505.0000000000,-131.1615142822
8933059.0000000000,-131.1713714600
8953651.0000000000,-131.1758880615
8974289.0000000000,-131.1793823242
8994976.0000000000,-131.1935424805
9015710.0000000000,-131.2162322998
9036492.0000000000,-131.2586975098
9057321.0000000000,-131.3266754150
9078209.0000000000,-131.3557586670
9099135.0000000000,-131.3847198486
9120109.0000000000,-131.4353332520
9141132.0000000000,-131.4375762939
9162203.0000000000,-131.4453887939
9183322.0000000000,-131.4517517090
9204500.0000000000,-131.4689331055
9225718.0000000000,-131.4872436523
9246983.0000000000,-131.5276641846
9268298.0000000000,-131.5282287598
9289662.0000000000,-131.5496215820
9311076.0000000000,-131.5516967773
9332538.0000000000,-131.5742340088
9354061.0000000000,-131.6323242188
9375623.0000000000,-131.6681518555
9397234.0000000000,-131.7142333984
9418895.0000000000,-131.7922058105
9440607.0000000000,-131.8057708740
9462368.0000000000,-131.8169860840
9484190.0000000000,-131.8396606445
9506052.0000000000,-131.8510589600
9527964.0000000000,-131.9262237549
9549926.0000000000,-131.9572753906
9571940.0000000000,-131.9720764160
9594004.0000000000,-131.9785308838
9616118.0000000000,-131.9936981201
9638295.0000000000,-132.0487365723
9660512.0000000000,-132.0924377441
9682780.0000000000,-132.1374664307
9705099.0000000000,-132.1916809082
9727470.0000000000,-132.2568206787
9749893.0000000000,-132.2762298584
9772367.0000000000,-132.2891235352
9794904.0000000000,-132.2966766357
9817482.0000000000,-132.3006134033
9840112.0000000000,-132.3263092041
9862794.0000000000,-132.3276977539
9885528.0000000000,-132.3370056152
9908315.0000000000,-132.3599700928
9931165.0000000000,-132.3845977783
9954057.0000000000,-132.3907318115
9977002.0000000000,-132.3920288086
10000000.0000000000,-132.4234619141
10023051.0000000000,-132.4347381592
10046155.0000000000,-132.4428863525
10069312.0000000000,-132.4436340332
10092533.0000000000,-132.4566650391
10115797.0000000000,-132.4613037109
10139115.0000000000,-132.4643707275
10162486.0000000000,-132.4671020508
10185911.0000000000,-132.4742431641
10209391.0000000000,-132.4792175293
10232935.0000000000,-132.4871826172
10256523.0000000000,-132.5075683594
10280165.0000000000,-132.5412292480
10303861.0000000000,-132.5799255371
10327613.0000000000,-132.6306915283
10351418.0000000000,-132.6822662354
10375279.0000000000,-132.7364654541
10399206.0000000000,-132.7776489258
10423177.0000000000,-132.7872314453
10447203.0000000000,-132.7907867432
10471285.0000000000,-132.7989501953
10495422.0000000000,-132.8081970215
10519615.0000000000,-132.8237457275
10543863.0000000000,-132.8251800537
10568179.0000000000,-132.8315277100
10592540.0000000000,-132.8547821045
10616956.0000000000,-132.8556365967
10641429.0000000000,-132.8569641113
10665958.0000000000,-132.8903656006
10690544.0000000000,-132.9576568604
10715198.0000000000,-133.0400390625
10739898.0000000000,-133.1193084717
10764654.0000000000,-133.1487426758
10789467.0000000000,-133.1543273926
10814338.0000000000,-133.1585083008
10839265.0000000000,-133.1775512695
10864251.0000000000,-133.1776580811
10889305.0000000000,-133.1803436279
10914406.0000000000,-133.2025909424
10939565.0000000000,-133.2221527100
10964781.0000000000,-133.2301788330
10990056.0000000000,-133.2340850830
11015388.0000000000,-133.2489318848
11040792.0000000000,-133.2530059814
11066242.0000000000,-133.2646026611
11091750.0000000000,-133.2870178223
11117317.0000000000,-133.3695831299
11142944.0000000000,-133.4605407715
11168629.0000000000,-133.5565643311
11194373.0000000000,-133.6376953125
11220189.0000000000,-133.7131500244
11246053.0000000000,-133.7424316406
11271976.0000000000,-133.7463836670
11297958.0000000000,-133.7505035400
11324001.0000000000,-133.7581481934
11350104.0000000000,-133.7701568604
11376279.0000000000,-133.7702331543
11402502.0000000000,-133.7799987793
11428786.0000000000,-133.8091125488
11455130.0000000000,-133.8701477051
11481535.0000000000,-133.9276580811
11508000.0000000000,-133.9813995361
11534527.0000000000,-134.0154571533
11561128.0000000000,-134.0383758545
11587777.0000000000,-134.0406188965
11614488.0000000000,-134.0549316406
11641260.0000000000,-134.0654907227
11668094.0000000000,-134.0654907227
11694990.0000000000,-134.0654907227
11721947.0000000000,-134.0654907227
11748980.0000000000,-134.0654907227
11776062.0000000000,-134.0654907227
11803207.0000000000,-134.0654907227
11830414.0000000000,-134.0680084229
11857684.0000000000,-134.0699157715
11885017.0000000000,-134.0854492188
11912426.0000000000,-134.1062011719
11939885.0000000000,-134.1089019775
11967407.0000000000,-134.1112823486
11994993.0000000000,-134.1207885742
12022642.0000000000,-134.1336059570
12050355.0000000000,-134.1495361328
12078132.0000000000,-134.1862792969
12105986.0000000000,-134.1907348633
12133892.0000000000,-134.1955261230
12161861.0000000000,-134.1988220215
12189895.0000000000,-134.2154846191
12217994.0000000000,-134.2223052979
12246157.0000000000,-134.2251281738
12274399.0000000000,-134.2671966553
12302692.0000000000,-134.2885589600
12331051.0000000000,-134.3158111572
12359475.0000000000,-134.3223419189
12387964.0000000000,-134.3728179932
12416519.0000000000,-134.3739776611
12445140.0000000000,-134.4097442627
12473841.0000000000,-134.4125061035
12502594.0000000000,-134.4457550049
12531413.0000000000,-134.4463348389
12560299.0000000000,-134.4538574219
12589251.0000000000,-134.4963378906
12618270.0000000000,-134.5403594971
12647370.0000000000,-134.5803222656
12676523.0000000000,-134.5822906494
12705744.0000000000,-134.5831146240
12735031.0000000000,-134.5957183838
12764387.0000000000,-134.6030731201
12793809.0000000000,-134.6054382324
12823300.0000000000,-134.6062927246
12852873.0000000000,-134.6102142334
12882499.0000000000,-134.6152343750
12912195.0000000000,-134.6184539795
12941958.0000000000,-134.6196441650
12971790.0000000000,-134.6690216064
13001691.0000000000,-134.7821807861
13031661.0000000000,-134.9217224121
13061714.0000000000,-135.0822601318
13091822.0000000000,-135.2267761230
13122000.0000000000,-135.2472839355
13152247.0000000000,-135.2615661621
13182564.0000000000,-135.2619476318
13212951.0000000000,-135.3260498047
13243422.0000000000,-135.3374938965
13273949.0000000000,-135.3463287354
13304546.0000000000,-135.3943481445
13335214.0000000000,-135.4223480225
13365953.0000000000,-135.4386749268
13396762.0000000000,-135.4629669189
13427643.0000000000,-135.4784698486
13458609.0000000000,-135.4908752441
13489632.0000000000,-135.4977111816
13520727.0000000000,-135.4977111816
13551893.0000000000,-135.4977111816
13583131.0000000000,-135.4977111816
13614441.0000000000,-135.5247497559
13645839.0000000000,-135.5564880371
13677293.0000000000,-135.5687866211
13708820.0000000000,-135.5697326660
13740420.0000000000,-135.5836181641
13772093.0000000000,-135.6025543213
13803838.0000000000,-135.6117248535
13835657.0000000000,-135.6157531738
13867565.0000000000,-135.6546478271
13899530.0000000000,-135.6692810059
13931570.0000000000,-135.6828613281
13963683.0000000000,-135.6854095459
13995870.0000000000,-135.6865997314
14028132.0000000000,-135.6888885498
14060468.0000000000,-135.7231903076
14092893.0000000000,-135.8060455322
14125379.0000000000,-135.8146209717
14157939.0000000000,-135.8200531006
14190574.0000000000,-135.8218231201
14223284.0000000000,-135.8338165283
14256070.0000000000,-135.8614807129
14288946.0000000000,-135.8614807129
14321884.0000000000,-135.8614807129
14354896.0000000000,-135.8614807129
14387986.0000000000,-135.8614807129
14421151.0000000000,-135.8614807129
14454393.0000000000,-135.8659210205
14487711.0000000000,-135.8936309814
14521122.0000000000,-135.9416961670
14554594.0000000000,-135.9663085938
14588144.0000000000,-135.9769439697
14621770.0000000000,-135.9963684082
14655475.0000000000,-136.0171661377
14689257.0000000000,-136.0493469238
14723133.0000000000,-136.1485137939
14757070.0000000000,-136.1966552734
14791086.0000000000,-136.2167510986
14825181.0000000000,-136.2469787598
14859354.0000000000,-136.2490234375
14893606.0000000000,-136.2657775879
14927937.0000000000,-136.3200073242
14962363.0000000000,-136.3200073242
14996852.0000000000,-136.3200073242
15031421.0000000000,-136.3200073242
15066070.0000000000,-136.3200073242
15100798.0000000000,-136.3200073242
15135607.0000000000,-136.3200073242
15170512.0000000000,-136.3247985840
15205481.0000000000,-136.3256072998
15240531.0000000000,-136.3421173096
15275661.0000000000,-136.3470001221
15310873.0000000000,-136.3487548828
15346165.0000000000,-136.3498840332
15381539.0000000000,-136.3672180176
15417012.0000000000,-136.3676605225
15452549.0000000000,-136.3696289063
15488168.0000000000,-136.3759460449
15523870.0000000000,-136.3982696533
15559653.0000000000,-136.3982696533
15595519.0000000000,-136.3982696533
15631468.0000000000,-136.3982696533
15667517.0000000000,-136.4199523926
15703632.0000000000,-136.4564819336
15739830.0000000000,-136.4719238281
15776111.0000000000,-136.4994506836
15812476.0000000000,-136.4998626709
15848925.0000000000,-136.5289764404
15885475.0000000000,-136.5306243896
15922092.0000000000,-136.6976165771
15958794.0000000000,-136.8233184814
15995580.0000000000,-136.8685455322
16032451.0000000000,-136.8745727539
16069407.0000000000,-136.8981323242
16106448.0000000000,-136.9001159668
16143592.0000000000,-136.9084930420
16180804.0000000000,-136.9221801758
16218102.0000000000,-136.9732208252
16255486.0000000000,-136.9803161621
16292956.0000000000,-136.9812927246
16330513.0000000000,-137.0285949707
16368174.0000000000,-137.0581970215
16405903.0000000000,-137.0598449707
16443720.0000000000,-137.1075286865
16481624.0000000000,-137.1172485352
16519616.0000000000,-137.1193084717
16557694.0000000000,-137.2226257324
16595861.0000000000,-137.2386627197
16634134.0000000000,-137.3560180664
16672477.0000000000,-137.3916625977
16710908.0000000000,-137.4623870850
16749428.0000000000,-137.5646209717
16788036.0000000000,-137.5646209717
16826734.0000000000,-137.5646209717
16865540.0000000000,-137.5646209717
16904416.0000000000,-137.4623870850
16943382.0000000000,-137.3907012939
16982438.0000000000,-137.3907012939
17021582.0000000000,-137.3907012939
17060818.0000000000,-137.3907012939
17100146.0000000000,-137.3907012939
17139582.0000000000,-137.3907012939
17179090.0000000000,-137.5646209717
17218688.0000000000,-137.5717926025
17258378.0000000000,-137.5915527344
17298160.0000000000,-137.5921783447
17338034.0000000000,-137.6356811523
17378000.0000000000,-137.6563720703
17418076.0000000000,-137.6960449219
17458226.0000000000,-137.7641754150
17498468.0000000000,-137.7971496582
17538804.0000000000,-137.8424377441
17579232.0000000000,-137.8582916260
17619752.0000000000,-137.8938446045
17660388.0000000000,-137.9134674072
17701096.0000000000,-137.9935607910
17741898.0000000000,-137.9994964600
17782794.0000000000,-138.0126342773
17823784.0000000000,-138.0133209229
17864870.0000000000,-138.0133209229
17906050.0000000000,-138.0126342773
17947344.0000000000,-137.9994964600
17988714.0000000000,-137.9994964600
18030180.0000000000,-138.0216522217
18071740.0000000000,-138.0956573486
18113396.0000000000,-138.1220703125
18155150.0000000000,-138.2379760742
18197018.0000000000,-138.2496337891
18238964.0000000000,-138.2496337891
18281006.0000000000,-138.2496337891
18323144.0000000000,-138.2496337891
18365380.0000000000,-138.2496337891
18407714.0000000000,-138.2496337891
18450146.0000000000,-138.2496337891
18492694.0000000000,-138.2496337891
18535322.0000000000,-138.2557525635
18578046.0000000000,-138.2689971924
18620870.0000000000,-138.2945861816
18663792.0000000000,-138.2994384766
18706814.0000000000,-138.3161773682
18749934.0000000000,-138.4046630859
18793176.0000000000,-138.4147033691
18836496.0000000000,-138.4246520996
18879914.0000000000,-138.4246520996
18923434.0000000000,-138.4246520996
18967054.0000000000,-138.4046630859
19010774.0000000000,-138.3161773682
19054616.0000000000,-138.3084869385
19098538.0000000000,-138.3084869385
19142562.0000000000,-138.3084869385
19186688.0000000000,-138.3084869385
19230914.0000000000,-138.3084869385
19275242.0000000000,-138.3084869385
19319674.0000000000,-138.3084869385
19364228.0000000000,-138.3084869385
19408864.0000000000,-138.3084869385
19453602.0000000000,-138.3084869385
19498444.0000000000,-138.3084869385
19543390.0000000000,-138.3161773682
19588438.0000000000,-138.3694305420
19633612.0000000000,-138.4185791016
19678870.0000000000,-138.4317321777
19724230.0000000000,-138.4572753906
19769696.0000000000,-138.4616851807
19815268.0000000000,-138.4620208740
19860942.0000000000,-138.4834594727
19906724.0000000000,-138.5057067871
19952632.0000000000,-138.5068206787
19998624.0000000000,-138.5872650146
20044722.0000000000,-138.6054687500
20090926.0000000000,-138.6267852783
20137238.0000000000,-138.7049865723
20183656.0000000000,-138.7365722656
20230202.0000000000,-138.7641143799
20276834.0000000000,-138.7667694092
20323574.0000000000,-138.8081512451
20370422.0000000000,-138.8456726074
20417376.0000000000,-138.8495941162
20464440.0000000000,-138.9183044434
20511612.0000000000,-138.9908905029
20558916.0000000000,-139.1051788330
20606306.0000000000,-139.1089019775
20653804.0000000000,-139.1313781738
20701412.0000000000,-139.1828002930
20749130.0000000000,-139.2007751465
20796960.0000000000,-139.2007751465
20844898.0000000000,-139.2007751465
20892970.0000000000,-139.2007751465
20941130.0000000000,-139.2007751465
20989400.0000000000,-139.2007751465
21037782.0000000000,-139.2050476074
21086276.0000000000,-139.2050476074
21134882.0000000000,-139.2050476074
21183622.0000000000,-139.2050476074
21232452.0000000000,-139.2826385498
21281394.0000000000,-139.3033599854
21330448.0000000000,-139.3082885742
21379618.0000000000,-139.3243713379
21428898.0000000000,-139.3848419189
21478294.0000000000,-139.4168395996
21527826.0000000000,-139.4474334717
21577450.0000000000,-139.4911956787
21627188.0000000000,-139.4971313477
21677040.0000000000,-139.5543212891
21727006.0000000000,-139.5574951172
21777088.0000000000,-139.6267852783
21827310.0000000000,-139.6274261475
21877624.0000000000,-139.6320037842
21928054.0000000000,-139.7650146484
21978600.0000000000,-139.7771606445
22029262.0000000000,-139.8705444336
22080040.0000000000,-139.9053649902
22130936.0000000000,-139.9721069336
22181974.0000000000,-140.0665893555
22233106.0000000000,-140.1228027344
22284354.0000000000,-140.2815704346
22335722.0000000000,-140.2815704346
22387206.0000000000,-140.2815704346
22438810.0000000000,-140.2815704346
22490558.0000000000,-140.2815704346
22542400.0000000000,-140.2815704346
22594362.0000000000,-140.2815704346
22646444.0000000000,-140.2815704346
22698646.0000000000,-140.2815704346
22750968.0000000000,-140.2815704346
22803410.0000000000,-140.2815704346
22855998.0000000000,-140.2815704346
22908684.0000000000,-140.2815704346
22961490.0000000000,-140.3713989258
23014418.0000000000,-140.3713989258
23067468.0000000000,-140.3713989258
23120640.0000000000,-140.3713989258
23173934.0000000000,-140.3713989258
23227378.0000000000,-140.3713989258
23280918.0000000000,-140.3713989258
23334582.0000000000,-140.3713989258
23388370.0000000000,-140.3713989258
23442282.0000000000,-140.3103332520
23496318.0000000000,-139.9794921875
23550504.0000000000,-139.9794921875
23604790.0000000000,-139.9794921875
23659200.0000000000,-139.9794921875
23713738.0000000000,-139.9794921875
23768398.0000000000,-139.9794921875
23823186.0000000000,-139.8852081299
23878100.0000000000,-139.8547363281
23933168.0000000000,-139.8201141357
23988336.0000000000,-139.7555999756
24043630.0000000000,-139.7103729248
24099052.0000000000,-139.7084655762
24154602.0000000000,-139.7077178955
24210280.0000000000,-139.6968994141
24266114.0000000000,-139.6964416504
24322048.0000000000,-139.6660308838
24378112.0000000000,-139.6660308838
24434306.0000000000,-139.6660308838
24490628.0000000000,-139.6660308838
24547082.0000000000,-139.6660308838
24603664.0000000000,-139.6964416504
24660404.0000000000,-139.6964416504
24717248.0000000000,-139.6964416504
24774224.0000000000,-139.6660308838
24831330.0000000000,-139.6483306885
24888568.0000000000,-139.6483306885
24945938.0000000000,-139.6660308838
25003440.0000000000,-139.6964416504
25061102.0000000000,-139.6968994141
25118870.0000000000,-139.7103729248
25176770.0000000000,-139.7103729248
25234804.0000000000,-139.7103729248
25292972.0000000000,-139.7103729248
25351274.0000000000,-139.8201141357
25409740.0000000000,-139.8547363281
25468310.0000000000,-139.9765014648
25527016.0000000000,-139.9765014648
25585858.0000000000,-139.9765014648
25644836.0000000000,-139.9893493652
25703948.0000000000,-139.9910888672
25763198.0000000000,-140.0061645508
25822612.0000000000,-140.0462646484
25882136.0000000000,-140.0462646484
25941796.0000000000,-140.0462646484
26001594.0000000000,-140.0462646484
26061528.0000000000,-140.2093200684
26121602.0000000000,-140.2842712402
26181844.0000000000,-140.4107818604
26242194.0000000000,-140.4252929688
26302684.0000000000,-140.4586486816
26363314.0000000000,-140.5234527588
26424084.0000000000,-140.5877075195
26484992.0000000000,-140.6075744629
26546042.0000000000,-140.6259918213
26607262.0000000000,-140.6265716553
26668594.0000000000,-140.7545318604
26730066.0000000000,-140.7769927979
26791682.0000000000,-140.7848358154
26853438.0000000000,-140.8836059570
26915338.0000000000,-140.8836059570
26977408.0000000000,-140.8836059570
27039594.0000000000,-140.8836059570
27101922.0000000000,-140.8836059570
27164394.0000000000,-140.8945159912
27227010.0000000000,-140.9391632080
27289770.0000000000,-140.9485473633
27352674.0000000000,-141.0362243652
27415754.0000000000,-141.0382385254
27478950.0000000000,-141.0536651611
27542290.0000000000,-141.0679931641
27605778.0000000000,-141.1163177490
27669410.0000000000,-141.1478424072
27733190.0000000000,-141.1478424072
27797118.0000000000,-141.1478424072
27861222.0000000000,-141.1478424072
27925444.0000000000,-141.1587371826
27989814.0000000000,-141.1797332764
28054334.0000000000,-141.2181854248
28119000.0000000000,-141.2181854248
28183816.0000000000,-141.2181854248
28248814.0000000000,-141.2181854248
28313930.0000000000,-141.2181854248
28379194.0000000000,-141.2181854248
28444610.0000000000,-141.2181854248
28510178.0000000000,-141.2181854248
28575896.0000000000,-141.2575225830
28641766.0000000000,-141.3019714355
28707818.0000000000,-141.4227905273
28773992.0000000000,-141.4519500732
28840318.0000000000,-141.4519500732
28906796.0000000000,-141.4519500732
28973428.0000000000,-141.4519500732
29040214.0000000000,-141.4519500732
29107186.0000000000,-141.4527282715
29174280.0000000000,-141.4697875977
29241530.0000000000,-141.4786987305
29308932.0000000000,-141.7028656006
29376492.0000000000,-141.7284393311
29444208.0000000000,-141.8897399902
29512078.0000000000,-141.8897399902
29580138.0000000000,-141.8897399902
29648322.0000000000,-141.9081878662
29716664.0000000000,-142.0031127930
29785162.0000000000,-142.2377014160
29853820.0000000000,-142.4709014893
29922634.0000000000,-142.4709014893
29991642.0000000000,-142.4709014893
30060774.0000000000,-142.4709014893
30130066.0000000000,-142.5195770264
30199518.0000000000,-143.0849914551
30269130.0000000000,-143.1728515625
30338904.0000000000,-143.2300720215
30408836.0000000000,-143.4117431641
30478964.0000000000,-143.5815429688
30549220.0000000000,-143.8923187256
30619638.0000000000,-143.8923187256
30690220.0000000000,-143.8923187256
30760962.0000000000,-143.8923187256
30831868.0000000000,-143.8923187256
30902938.0000000000,-143.8923187256
30974206.0000000000,-143.8923187256
31045604.0000000000,-143.8923187256
31117166.0000000000,-143.8923187256
31188892.0000000000,-143.8923187256
31260786.0000000000,-143.6755828857
31332844.0000000000,-143.4588928223
31405102.0000000000,-143.4117431641
31477494.0000000000,-143.4117431641
31550052.0000000000,-143.4117431641
31622776.0000000000,-143.4117431641
31695670.0000000000,-143.2300720215
31768730.0000000000,-143.2091979980
31841960.0000000000,-142.8598937988
31915392.0000000000,-142.5195770264
31988960.0000000000,-142.4709014893
32062696.0000000000,-142.4709014893
32136604.0000000000,-142.4709014893
32210680.0000000000,-142.4709014893
32284928.0000000000,-142.5195770264
32359382.0000000000,-142.8598937988
32433974.0000000000,-142.8598937988
32508736.0000000000,-142.8598937988
32583670.0000000000,-142.8598937988
32658778.0000000000,-142.8598937988
32734060.0000000000,-142.6312408447
32809514.0000000000,-142.4608001709
32885178.0000000000,-142.3151245117
32960980.0000000000,-142.0681915283
33036958.0000000000,-142.0554656982
33113110.0000000000,-141.8049163818
33189438.0000000000,-141.6784820557
33265942.0000000000,-141.6773223877
33342624.0000000000,-141.6773223877
33419516.0000000000,-141.6773223877
33496552.0000000000,-141.6773223877
33573764.0000000000,-141.6773223877
33651152.0000000000,-141.6773223877
33728720.0000000000,-141.6773223877
33806468.0000000000,-141.6773223877
33884432.0000000000,-141.6773223877
33962536.0000000000,-141.6773223877
34040824.0000000000,-141.6773223877
34119292.0000000000,-141.6773223877
34197936.0000000000,-141.8049163818
34276768.0000000000,-141.8726959229
34355776.0000000000,-142.0681915283
34435008.0000000000,-142.0960998535
34514384.0000000000,-142.3151245117
34593940.0000000000,-142.3650512695
34673680.0000000000,-142.6312408447
34753608.0000000000,-142.6874389648
34833716.0000000000,-142.8828887939
34914048.0000000000,-143.0588378906
34994528.0000000000,-143.1927337646
35075192.0000000000,-143.3603363037
35156044.0000000000,-143.4790191650
35237080.0000000000,-143.5414733887
35318304.0000000000,-143.5486602783
35399716.0000000000,-143.5486602783
35481356.0000000000,-143.5582580566
35563140.0000000000,-143.8723602295
35645116.0000000000,-143.8898620605
35727280.0000000000,-143.9377136230
35809636.0000000000,-144.3772125244
35892180.0000000000,-144.4139099121
35974952.0000000000,-144.5557556152
36057876.0000000000,-144.8515014648
36140992.0000000000,-144.8515014648
36224300.0000000000,-144.8515014648
36307800.0000000000,-144.8515014648
36391492.0000000000,-144.8515014648
36475376.0000000000,-144.8515014648
36559496.0000000000,-144.8515014648
36643768.0000000000,-144.8515014648
36728236.0000000000,-144.8515014648
36812896.0000000000,-144.8515014648
36897752.0000000000,-144.8515014648
36982804.0000000000,-144.8515014648
37068052.0000000000,-144.8515014648
37153536.0000000000,-144.8515014648
37239180.0000000000,-144.8515014648
37325020.0000000000,-144.5557556152
37411056.0000000000,-144.4527130127
37497292.0000000000,-144.4117736816
37583724.0000000000,-144.3772125244
37670400.0000000000,-144.2071533203
37757232.0000000000,-144.2071533203
37844264.0000000000,-144.2071533203
37931500.0000000000,-144.2071533203
38018932.0000000000,-144.3690643311
38106568.0000000000,-144.3690643311
38194408.0000000000,-144.3690643311
38282492.0000000000,-144.3690643311
38370736.0000000000,-144.3690643311
38459180.0000000000,-144.2071533203
38547832.0000000000,-144.1331329346
38636688.0000000000,-144.1072998047
38725748.0000000000,-144.0937500000
38815056.0000000000,-143.9948730469
38904528.0000000000,-143.7649688721
38994204.0000000000,-143.6552886963
39084092.0000000000,-143.5774688721
39174180.0000000000,-143.5196075439
39264480.0000000000,-143.3357086182
39354988.0000000000,-143.2688140869
39445748.0000000000,-143.2019042969
39536672.0000000000,-143.0794372559
39627808.0000000000,-142.9387359619
39719152.0000000000,-142.8671112061
39810708.0000000000,-142.8576660156
39902476.0000000000,-142.8576660156
39994496.0000000000,-142.8576660156
40086688.0000000000,-142.8576660156
40179088.0000000000,-142.8576660156
40271704.0000000000,-142.8576660156
40364536.0000000000,-142.8671112061
40457576.0000000000,-142.8671112061
40550836.0000000000,-142.8671112061
40644352.0000000000,-142.8671112061
40738040.0000000000,-142.8671112061
40831944.0000000000,-142.8671112061
40926064.0000000000,-142.8671112061
41020404.0000000000,-142.8671112061
41114956.0000000000,-142.8671112061
41209732.0000000000,-142.9387359619
41304768.0000000000,-143.0794372559
41399976.0000000000,-143.2421569824
41495408.0000000000,-143.5196075439
41591056.0000000000,-143.2587127686
41686928.0000000000,-143.2421569824
41783020.0000000000,-142.9387359619
41879376.0000000000,-142.8576660156
41975912.0000000000,-142.8555755615
42072668.0000000000,-142.8555755615
42169652.0000000000,-142.8555755615
42266856.0000000000,-142.8555755615
42364284.0000000000,-142.8555755615
42461936.0000000000,-142.8555755615
42559860.0000000000,-142.8576660156
42657964.0000000000,-143.2379913330
42756292.0000000000,-143.2379913330
42854848.0000000000,-143.2379913330
42953632.0000000000,-143.2379913330
43052644.0000000000,-143.2379913330
43151932.0000000000,-143.2421569824
43251400.0000000000,-143.2587127686
43351096.0000000000,-143.2826232910
43451024.0000000000,-143.4324951172
43551180.0000000000,-143.4324951172
43651568.0000000000,-143.4324951172
43752188.0000000000,-143.4324951172
43853088.0000000000,-143.4324951172
43954176.0000000000,-143.4324951172
44055492.0000000000,-143.6742401123
44157044.0000000000,-143.7497253418
44258828.0000000000,-143.7520904541
44360848.0000000000,-143.8276062012
44463104.0000000000,-143.8419036865
44565644.0000000000,-143.8419036865
44668368.0000000000,-143.8419036865
44771332.0000000000,-143.8419036865
44874532.0000000000,-143.8419036865
44977972.0000000000,-143.8419036865
45081652.0000000000,-143.8419036865
45185616.0000000000,-143.8419036865
45289772.0000000000,-143.8276062012
45394168.0000000000,-143.8127288818
45498804.0000000000,-143.8127288818
45603684.0000000000,-143.8127288818
45708804.0000000000,-143.8276062012
45814164.0000000000,-143.8419036865
45919820.0000000000,-143.8710327148
46025668.0000000000,-143.9156036377
46131760.0000000000,-144.0634002686
46238100.0000000000,-144.1161346436
46344680.0000000000,-144.1894073486
46451508.0000000000,-144.1894073486
46558632.0000000000,-144.1894073486
46665956.0000000000,-144.1894073486
46773524.0000000000,-144.3837127686
46881340.0000000000,-144.6648712158
46989404.0000000000,-144.6952514648
47097716.0000000000,-144.8723754883
47206280.0000000000,-145.1149139404
47315148.0000000000,-145.1810302734
47424212.0000000000,-145.2220458984
47533528.0000000000,-145.2220458984
47643096.0000000000,-145.2220458984
47752916.0000000000,-145.3875427246
47862992.0000000000,-145.5186462402
47973372.0000000000,-145.6330718994
48083952.0000000000,-145.7379760742
48194788.0000000000,-145.9572143555
48305880.0000000000,-145.9811553955
48417232.0000000000,-146.0092620850
48528836.0000000000,-146.0092620850
48640696.0000000000,-146.0092620850
48752872.0000000000,-145.9572143555
48865252.0000000000,-145.7379760742
48977888.0000000000,-145.7379760742
49090784.0000000000,-145.7379760742
49203944.0000000000,-145.7379760742
49317364.0000000000,-145.7379760742
49431044.0000000000,-145.9572143555
49545040.0000000000,-146.0406036377
49659244.0000000000,-146.0986022949
49773712.0000000000,-146.2988891602
49888444.0000000000,-146.5566558838
50003440.0000000000,-146.5780181885
50118700.0000000000,-146.6259002686
50234284.0000000000,-146.6975250244
50350076.0000000000,-146.6975250244
50466136.0000000000,-146.5780181885
50582464.0000000000,-146.5566558838
50699060.0000000000,-146.2988891602
50815928.0000000000,-146.0986022949
50933060.0000000000,-146.0610351563
51050520.0000000000,-146.0406036377
51168196.0000000000,-146.0406036377
51286144.0000000000,-146.0406036377
51404360.0000000000,-146.0406036377
51522852.0000000000,-146.0406036377
51641616.0000000000,-146.0406036377
51760712.0000000000,-145.9572143555
51880024.0000000000,-145.7379760742
51999608.0000000000,-145.7379760742
52119472.0000000000,-145.7379760742
52239612.0000000000,-145.7379760742
52360028.0000000000,-145.7379760742
52480720.0000000000,-146.0406036377
52601752.0000000000,-146.0406036377
52723000.0000000000,-146.0406036377
52844532.0000000000,-146.0406036377
52966340.0000000000,-145.6903381348
53088432.0000000000,-145.5733947754
53210804.0000000000,-145.5733947754
53333520.0000000000,-145.6903381348
53456456.0000000000,-145.6903381348
53579676.0000000000,-145.6903381348
53703180.0000000000,-145.7395324707
53826972.0000000000,-145.7522735596
53951048.0000000000,-146.0406036377
54075408.0000000000,-146.0437622070
54200116.0000000000,-146.0610351563
54325048.0000000000,-146.2090454102
54450272.0000000000,-146.2090454102
54575784.0000000000,-146.2090454102
54701584.0000000000,-146.2090454102
54827676.0000000000,-146.2090454102
54954060.0000000000,-146.1534576416
55080792.0000000000,-146.0610351563
55207756.0000000000,-146.0437622070
55335016.0000000000,-145.7522735596
55462564.0000000000,-145.7522735596
55590412.0000000000,-145.7522735596
55718552.0000000000,-146.0437622070
55847048.0000000000,-146.1280822754
55975780.0000000000,-146.1534576416
56104808.0000000000,-146.2090454102
56234132.0000000000,-146.1534576416
56363756.0000000000,-146.1280822754
56493680.0000000000,-146.0437622070
56623900.0000000000,-145.7522735596
56754484.0000000000,-145.7395324707
56885308.0000000000,-145.7522735596
57016432.0000000000,-146.0099945068
57147860.0000000000,-146.0437622070
57279588.0000000000,-146.1280822754
57411624.0000000000,-146.1534576416
57544024.0000000000,-146.2090454102
57676668.0000000000,-146.2090454102
57809616.0000000000,-146.2090454102
57942872.0000000000,-146.2090454102
58076432.0000000000,-146.1534576416
58210304.0000000000,-146.1534576416
58344484.0000000000,-146.5053558350
58479036.0000000000,-146.5053558350
58613832.0000000000,-146.5053558350
58748944.0000000000,-146.5053558350
58884364.0000000000,-146.5053558350
59020096.0000000000,-146.5053558350
59156140.0000000000,-146.5030364990
59292500.0000000000,-146.1808166504
59429240.0000000000,-146.1534576416
59566228.0000000000,-146.1280822754
59703532.0000000000,-146.1237030029
59841152.0000000000,-146.0924835205
59979092.0000000000,-146.0099945068
60117348.0000000000,-145.8180541992
60255988.0000000000,-145.7330932617
60394884.0000000000,-145.6483306885
60534096.0000000000,-145.6483306885
60673632.0000000000,-145.6483306885
60813488.0000000000,-145.6483306885
60953668.0000000000,-145.6483306885
61094172.0000000000,-145.6483306885
61235064.0000000000,-145.4624786377
61376216.0000000000,-145.2705688477
61517692.0000000000,-145.1976776123
61659496.0000000000,-145.0656433105
61801624.0000000000,-145.0315093994
61944080.0000000000,-145.0656433105
62086936.0000000000,-145.1326599121
62230048.0000000000,-145.1976776123
62373496.0000000000,-145.1976776123
62517268.0000000000,-145.1976776123
62661376.0000000000,-145.1976776123
62805816.0000000000,-145.1976776123
62950588.0000000000,-145.1976776123
63095764.0000000000,-145.1976776123
63241204.0000000000,-145.1976776123
63386976.0000000000,-145.1976776123
63533088.0000000000,-145.1976776123
63679536.0000000000,-145.1976776123
63826324.0000000000,-145.1976776123
63973516.0000000000,-145.1976776123
64120980.0000000000,-145.1976776123
64268784.0000000000,-145.1976776123
64416928.0000000000,-145.1976776123
64565416.0000000000,-145.1976776123
64714244.0000000000,-145.4624786377
64863412.0000000000,-145.5673065186
65013000.0000000000,-145.6385650635
65162860.0000000000,-145.7004241943
65313064.0000000000,-145.8180541992
65463616.0000000000,-145.8703155518
65614512.0000000000,-146.0585784912
65765760.0000000000,-146.1340789795
65917356.0000000000,-146.1340789795
66069372.0000000000,-146.1340789795
66221664.0000000000,-146.1340789795
66374312.0000000000,-146.1340789795
66527308.0000000000,-146.1340789795
66680660.0000000000,-146.4180450439
66834364.0000000000,-146.4425201416
66988492.0000000000,-146.4927978516
67142904.0000000000,-146.5069427490
67297680.0000000000,-146.5137634277
67452800.0000000000,-146.5515899658
67608288.0000000000,-146.6656951904
67764128.0000000000,-146.7548980713
67920328.0000000000,-147.0784912109
68076968.0000000000,-147.1621398926
68233888.0000000000,-147.1913757324
68391168.0000000000,-147.3435974121
68548816.0000000000,-147.3435974121
68706824.0000000000,-147.3435974121
68865200.0000000000,-147.3435974121
69024016.0000000000,-147.3469696045
69183120.0000000000,-147.3522949219
69342592.0000000000,-147.3522949219
69502432.0000000000,-147.3522949219
69662640.0000000000,-147.3469696045
69823216.0000000000,-147.3435974121
69984168.0000000000,-147.1913757324
70145560.0000000000,-147.0784912109
70307248.0000000000,-146.9967193604
70469312.0000000000,-146.7548980713
70631752.0000000000,-146.7548980713
70794560.0000000000,-146.9967193604
70957752.0000000000,-146.9967193604
71121392.0000000000,-146.9967193604
71285328.0000000000,-147.3469696045
71449648.0000000000,-147.3522949219
71614344.0000000000,-147.3569793701
71779424.0000000000,-147.3569793701
71944880.0000000000,-147.3569793701
72110712.0000000000,-147.3569793701
72277016.0000000000,-147.3569793701
72443616.0000000000,-147.5385742188
72610608.0000000000,-147.5438079834
72777976.0000000000,-147.5585632324
72945736.0000000000,-147.7614440918
73113880.0000000000,-147.7614440918
73282416.0000000000,-147.7614440918
73451416.0000000000,-147.5585632324
73620728.0000000000,-147.5438079834
73790432.0000000000,-147.5385742188
73960520.0000000000,-147.3885955811
74131008.0000000000,-147.3569793701
74301880.0000000000,-147.3569793701
74473232.0000000000,-147.3569793701
74644904.0000000000,-147.3569793701
74816960.0000000000,-147.3569793701
74989424.0000000000,-147.3569793701
75162280.0000000000,-147.3885955811
75335528.0000000000,-147.3885955811
75509184.0000000000,-147.3885955811
75683320.0000000000,-147.3885955811
75857776.0000000000,-147.3885955811
76032632.0000000000,-147.1732025146
76207896.0000000000,-147.1732025146
76383560.0000000000,-147.1732025146
76559632.0000000000,-147.1732025146
76736192.0000000000,-147.1732025146
76913072.0000000000,-147.1732025146
77090360.0000000000,-147.1732025146
77268064.0000000000,-147.1732025146
77446168.0000000000,-147.1732025146
77624688.0000000000,-147.1732025146
77803616.0000000000,-147.0209808350
77983048.0000000000,-146.9973144531
78162800.0000000000,-146.5316772461
78342976.0000000000,-146.4998779297
78523560.0000000000,-145.7801208496
78704560.0000000000,-145.7801208496
78885984.0000000000,-145.7801208496
79067816.0000000000,-145.7801208496
79250160.0000000000,-145.7801208496
79432840.0000000000,-145.7801208496
79615936.0000000000,-145.7801208496
79799456.0000000000,-145.7801208496
79983400.0000000000,-145.5632019043
80167768.0000000000,-145.5550994873
80352648.0000000000,-145.3822479248
80537872.0000000000,-145.3396453857
80723512.0000000000,-145.3302612305
80909592.0000000000,-145.2527618408
81096088.0000000000,-145.1842956543
81283024.0000000000,-145.1842956543
81470384.0000000000,-145.1842956543
81658272.0000000000,-145.1842956543
81846496.0000000000,-145.1842956543
82035160.0000000000,-145.1842956543
82224256.0000000000,-145.1842956543
82413792.0000000000,-145.1202850342
82603760.0000000000,-144.9944458008
82794256.0000000000,-144.9206085205
82985104.0000000000,-144.9206085205
83176392.0000000000,-144.9944458008
83368120.0000000000,-145.1202850342
83560288.0000000000,-145.1842956543
83752904.0000000000,-145.2611999512
83945960.0000000000,-145.3302612305
84139552.0000000000,-145.3396453857
84333496.0000000000,-145.3822479248
84527896.0000000000,-145.5632019043
84722736.0000000000,-145.5632019043
84918032.0000000000,-145.7497863770
85113768.0000000000,-145.7620391846
85310056.0000000000,-145.7801208496
85506704.0000000000,-145.8876190186
85703800.0000000000,-146.0286712646
85901352.0000000000,-146.0286712646
86099360.0000000000,-146.0286712646
86297832.0000000000,-146.1014709473
86496752.0000000000,-146.1014709473
86696224.0000000000,-146.1014709473
86896072.0000000000,-146.1014709473
87096368.0000000000,-146.0286712646
87297136.0000000000,-145.9601593018
87498360.0000000000,-145.9080200195
87700048.0000000000,-145.9601593018
87902208.0000000000,-146.0286712646
88104920.0000000000,-146.1014709473
88308008.0000000000,-146.1014709473
88511568.0000000000,-146.1014709473
88715592.0000000000,-146.1014709473
88920088.0000000000,-146.1344757080
89125056.0000000000,-146.1375579834
89330592.0000000000,-146.3202819824
89536504.0000000000,-146.3517913818
89742896.0000000000,-146.3202819824
89949760.0000000000,-146.1375579834
90157096.0000000000,-146.1375579834
90364920.0000000000,-146.3202819824
90573216.0000000000,-146.3517913818
90782088.0000000000,-146.5487213135
90991352.0000000000,-146.6272277832
91201088.0000000000,-147.1651458740
91411320.0000000000,-147.1651458740
91622024.0000000000,-147.1651458740
91833224.0000000000,-146.6272277832
92045008.0000000000,-146.5487213135
92257176.0000000000,-146.5487213135
92469832.0000000000,-146.5487213135
92682984.0000000000,-146.5487213135
92896624.0000000000,-146.6272277832
93110760.0000000000,-147.1651458740
93325384.0000000000,-147.3332672119
93540608.0000000000,-147.3905029297
93756224.0000000000,-147.6398620605
93972344.0000000000,-147.6398620605
94188952.0000000000,-147.6398620605
94406064.0000000000,-147.6398620605
94623680.0000000000,-147.6398620605
94841896.0000000000,-147.4465026855
95060512.0000000000,-147.3905029297
95279640.0000000000,-147.3905029297
95499264.0000000000,-146.8970489502
95719392.0000000000,-146.8970489502
95940032.0000000000,-146.8970489502
96161184.0000000000,-147.1163635254
96382952.0000000000,-147.3688659668
96605120.0000000000,-147.3688659668
96827800.0000000000,-147.3905029297
97050992.0000000000,-147.4465026855
97274704.0000000000,-148.0867309570
97498928.0000000000,-148.0915985107
97723672.0000000000,-148.1435852051
97949040.0000000000,-148.0915985107
98174816.0000000000,-148.0867309570
98401120.0000000000,-147.4465026855
98627936.0000000000,-147.5953521729
98855280.0000000000,-147.7224731445
99083152.0000000000,-147.7224731445
99311656.0000000000,-147.7224731445
99540576.0000000000,-147.7224731445
99770024.0000000000,-147.5953521729
100000000.0000000000,-147.4465026855
