Type,FSWP-50
Version,3.02SP1
Date,03.Jul 2026
VSupply,ON
Mode,Voltage
Voltage Set,0.6000000000,V
Voltage Min,0.0000000000,V
Voltage Max,0.6500000000,V
Voltage Meas,0.6069066175,V
Current Max,20.0000000000,mA
Current Meas,19.0588235294,mA
VTune,OFF
Voltage Set,0.0000000000,V
Voltage Min,0.0000000000,V
Voltage Max,0.0100000000,V
Voltage Meas,-0.0165812687,V
Current Max,20.0000000000,mA
Current Meas,0.1502436069,mA
VAux,OFF
Voltage Set,0.0000000000,V
Voltage Min,-10.0000000000,V
Voltage Max,10.0000000000,V
Voltage Meas,-0.0071669565,V
Current Max,100.0000000000,mA
Current Meas,-0.0685531910,mA
Mode,Phase Noise
Measurement,Phase Noise
Input,RF
RF Att,0.0000000000,dB
Coupling,AC
RBW,2.0000000000,%
XCORR Factor,1000
XCORR Optimize,ON
Estimated Meas Time,3.7457527981,s
Sweep Count,5
Signal Frequency,21132691660.8958168030,Hz
Signal Level,-14.7742000000,dBm
Start,10000.0000000000,Hz
Stop,100000000.0000000000,Hz
SubSweep,1
Start,10000.0000000000,Hz
Stop,30000.0000000000,Hz
RBW,600.0000000000,Hz
XCORR Count,1000
SubSweep,2
Start,30000.0000000000,Hz
Stop,100000.0000000000,Hz
RBW,600.0000000000,Hz
XCORR Count,1000
SubSweep,3
Start,100000.0000000000,Hz
Stop,300000.0000000000,Hz
RBW,2000.0000000000,Hz
XCORR Count,3300
SubSweep,4
Start,300000.0000000000,Hz
Stop,1000000.0000000000,Hz
RBW,6000.0000000000,Hz
XCORR Count,10000
SubSweep,5
Start,1000000.0000000000,Hz
Stop,3000000.0000000000,Hz
RBW,20000.0000000000,Hz
XCORR Count,10000
SubSweep,6
Start,3000000.0000000000,Hz
Stop,10000000.0000000000,Hz
RBW,60000.0000000000,Hz
XCORR Count,10000
SubSweep,7
Start,10000000.0000000000,Hz
Stop,30000000.0000000000,Hz
RBW,200000.0000000000,Hz
XCORR Count,10000
SubSweep,8
Start,30000000.0000000000,Hz
Stop,100000000.0000000000,Hz
RBW,600000.0000000000,Hz
XCORR Count,10000
Integrated Measurements Range,1
Start,10000.0000000000,Hz
Stop,100000000.0000000000,Hz
Weighting,OFF
Integrated Measurements Range,2
Start,10000.0000000000,Hz
Stop,100000000.0000000000,Hz
Weighting,OFF
Integrated Measurements Range,3
Start,10000.0000000000,Hz
Stop,100000000.0000000000,Hz
Weighting,OFF
Integrated Measurements Range,4
Start,10000.0000000000,Hz
Stop,100000000.0000000000,Hz
Weighting,OFF
Integrated Measurements Range,5
Start,10000.0000000000,Hz
Stop,100000000.0000000000,Hz
Weighting,OFF
Integrated Measurements Range,6
Start,10000.0000000000,Hz
Stop,100000000.0000000000,Hz
Weighting,OFF
Integrated Measurements Range,7
Start,10000.0000000000,Hz
Stop,100000000.0000000000,Hz
Weighting,OFF
Integrated Measurements Range,8
Start,10000.0000000000,Hz
Stop,100000000.0000000000,Hz
Weighting,OFF
Integrated Measurements Range,9
Start,10000.0000000000,Hz
Stop,100000000.0000000000,Hz
Weighting,OFF
Integrated Measurements Range,10
Start,10000.0000000000,Hz
Stop,100000000.0000000000,Hz
Weighting,OFF
Spot Noise Decade Edges,OFF
Spot Noise User Defined,ON
Spot Noise User Defined Offset,1
State,OFF
Offset,1000.0000000000,Hz
Spot Noise User Defined Offset,2
State,OFF
Offset,10000.0000000000,Hz
Spot Noise User Defined Offset,3
State,ON
Offset,100000.0000000000,Hz
Spot Noise User Defined Offset,4
State,ON
Offset,1000000.0000000000,Hz
Spot Noise User Defined Offset,5
State,ON
Offset,10000000.0000000000,Hz
Spot Noise User Defined Offset,6
State,OFF
Offset,100000000.0000000000,Hz
Window,1,Noise Spectrum
Trace,1
Trace Mode,CLR/WRITE
Trace Result,PN
Smoothing,ON
Smoothing Value,1.0000000000,%
Spurious Removal,ON
Spurious Removal Threshold,6.0000000000,dB
Trace Offset,OFF
Trace Offset,0.0000000000,dB
Trace Label,OFF
Trace Label,Trace 1
x-Unit,Hz
y-Unit,dBc/Hz
Values,4001
10000.0000000000,-54.3025207520
10023.0507812500,-54.3025817871
10046.1542968750,-54.3047637939
10069.3115234375,-54.3069496155
10092.5332031250,-54.3091316223
10115.7968750000,-54.3113174438
10139.1152343750,-54.3115234375
10162.4863281250,-54.3150672913
10185.9111328125,-54.3164939880
10209.3906250000,-54.3207931519
10232.9355468750,-54.3226699829
10256.5234375000,-54.3276138306
10280.1650390625,-54.3288459778
10303.8613281250,-54.3300628662
10327.6123046875,-54.3350219727
10351.4189453125,-54.3387870789
10375.2792968750,-54.3393325806
10399.2060546875,-54.3393402100
10423.1777343750,-54.3398933411
10447.2031250000,-54.3401603699
10471.2851562500,-54.3404464722
10495.4218750000,-54.3587188721
10519.6152343750,-54.3817710876
10543.8632812500,-54.4048233032
10568.1787109375,-54.4278831482
10592.5400390625,-54.4563980103
10616.9560546875,-54.4895973206
10641.4287109375,-54.5227966309
10665.9580078125,-54.5559959412
10690.5439453125,-54.5900955200
10715.1982421875,-54.6256675720
10739.8974609375,-54.6612243652
10764.6533203125,-54.6967773438
10789.4667968750,-54.7309074402
10814.3378906250,-54.7610893250
10839.2656250000,-54.7912673950
10864.2509765625,-54.8214454651
10889.3056640625,-54.8500862122
10914.4062500000,-54.8719825745
10939.5644531250,-54.8938789368
10964.7812500000,-54.9157791138
10990.0556640625,-54.9370231628
11015.3886718750,-54.9545021057
11040.7919921875,-54.9719924927
11066.2412109375,-54.9894714355
11091.7500000000,-55.0074577332
11117.3173828125,-55.0284385681
11142.9433593750,-55.0494194031
11168.6289062500,-55.0704002380
11194.3730468750,-55.0931472778
11220.1894531250,-55.1240501404
11246.0527343750,-55.1549377441
11271.9755859375,-55.1858253479
11297.9580078125,-55.2192153931
11324.0009765625,-55.2601814270
11350.1035156250,-55.3011474609
11376.2792968750,-55.3421363831
11402.5019531250,-55.3841514587
11428.7861328125,-55.4280891418
11455.1298828125,-55.4720268250
11481.5351562500,-55.5159606934
11508.0000000000,-55.5561180115
11534.5273437500,-55.5923881531
11561.1279296875,-55.6286735535
11587.7773437500,-55.6649398804
11614.4873046875,-55.6912612915
11641.2597656250,-55.7126045227
11668.0937500000,-55.7339477539
11694.9892578125,-55.7552871704
11721.9472656250,-55.7646789551
11748.9804687500,-55.7723350525
11776.0625000000,-55.7799911499
11803.2070312500,-55.7870979309
11830.4140625000,-55.7899398804
11857.6845703125,-55.7927780151
11885.0166015625,-55.7956199646
11912.4257812500,-55.8009300232
11939.8847656250,-55.8101730347
11967.4072265625,-55.8194160461
11994.9931640625,-55.8286628723
12022.6425781250,-55.8480911255
12050.3554687500,-55.8721122742
12078.1318359375,-55.8961296082
12105.9863281250,-55.9205856323
12133.8916015625,-55.9619483948
12161.8613281250,-56.0033111572
12189.8955078125,-56.0446739197
12217.9931640625,-56.0910568237
12246.1572265625,-56.1453018188
12274.3984375000,-56.1995697021
12302.6923828125,-56.2538146973
12331.0507812500,-56.3097229004
12359.4746093750,-56.3660850525
12387.9638671875,-56.4224433899
12416.5195312500,-56.4765281677
12445.1396484375,-56.5221138000
12473.8408203125,-56.5677223206
12502.5937500000,-56.6133079529
12531.4130859375,-56.6466407776
12560.2988281250,-56.6738357544
12589.2509765625,-56.7010307312
12618.2705078125,-56.7259559631
12647.3701171875,-56.7379608154
12676.5234375000,-56.7499618530
12705.7441406250,-56.7619628906
12735.0312500000,-56.7718772888
12764.3867187500,-56.7807159424
12793.8095703125,-56.7895584106
12823.2998046875,-56.8003654480
12852.8730468750,-56.8190231323
12882.4990234375,-56.8376731873
12912.1943359375,-56.8563232422
12941.9580078125,-56.8877677917
12971.7900390625,-56.9230842590
13001.6914062500,-56.9584045410
13031.6611328125,-56.9992675781
13061.7138671875,-57.0499649048
13091.8222656250,-57.1006393433
13122.0000000000,-57.1513137817
13152.2470703125,-57.2101402283
13182.5634765625,-57.2691192627
13212.9501953125,-57.3280982971
13243.4218750000,-57.3871192932
13273.9492187500,-57.4461174011
13304.5468750000,-57.5051155090
13335.2138671875,-57.5623970032
13365.9531250000,-57.6156768799
13396.7626953125,-57.6689605713
13427.6425781250,-57.7222366333
13458.6093750000,-57.7679214478
13489.6328125000,-57.8135643005
13520.7265625000,-57.8591995239
13551.8935546875,-57.8999290466
13583.1308593750,-57.9387397766
13614.4414062500,-57.9775505066
13645.8388671875,-58.0140304565
13677.2929687500,-58.0478134155
13708.8203125000,-58.0815963745
13740.4199218750,-58.1145324707
13772.0927734375,-58.1447525024
13803.8388671875,-58.1749687195
13835.6572265625,-58.2050743103
13867.5644531250,-58.2317733765
13899.5302734375,-58.2584609985
13931.5693359375,-58.2851448059
13963.6826171875,-58.3069076538
13995.8701171875,-58.3278083801
14028.1318359375,-58.3441162109
14060.4677734375,-58.3476791382
14092.8935546875,-58.3487052917
14125.3789062500,-58.3488731384
14157.9384765625,-58.3536338806
14190.5732421875,-58.3545227051
14223.2841796875,-58.3613624573
14256.0693359375,-58.3621864319
14288.9462890625,-58.3629531860
14321.8837890625,-58.3691596985
14354.8964843750,-58.3742485046
14387.9853515625,-58.3774719238
14421.1503906250,-58.3830757141
14454.3925781250,-58.3855400085
14487.7109375000,-58.3857879639
14521.1220703125,-58.3896636963
14554.5947265625,-58.3900070190
14588.1435546875,-58.3903541565
14621.7705078125,-58.4039611816
14655.4746093750,-58.4274749756
14689.2568359375,-58.4609413147
14723.1328125000,-58.4944267273
14757.0703125000,-58.5287590027
14791.0869140625,-58.5664825439
14825.1806640625,-58.6042022705
14859.3544921875,-58.6414642334
14893.6054687500,-58.6770858765
14927.9365234375,-58.7127075195
14962.3632812500,-58.7478790283
14996.8525390625,-58.7816581726
15031.4208984375,-58.8154373169
15066.0693359375,-58.8501892090
15100.7978515625,-58.8871002197
15135.6064453125,-58.9240150452
15170.5117187500,-58.9632415771
15205.4804687500,-59.0061187744
15240.5302734375,-59.0489959717
15275.6611328125,-59.0923271179
15310.8730468750,-59.1361579895
15346.1650390625,-59.1799850464
15381.5390625000,-59.2173728943
15417.0117187500,-59.2503738403
15452.5488281250,-59.2763977051
15488.1679687500,-59.2785682678
15523.8691406250,-59.2807388306
15559.6533203125,-59.2833633423
15595.5195312500,-59.2845497131
15631.4677734375,-59.2939682007
15667.5166015625,-59.2959556580
15703.6318359375,-59.3012466431
15739.8300781250,-59.3073616028
15776.1113281250,-59.3134841919
15812.4765625000,-59.3144035339
15848.9248046875,-59.3208847046
15885.4755859375,-59.3212051392
15922.0927734375,-59.3257179260
15958.7939453125,-59.3477973938
15995.5800781250,-59.3906173706
16032.4511718750,-59.4412117004
16069.4072265625,-59.4918098450
16106.4482421875,-59.5534515381
16143.5927734375,-59.6161651611
16180.8046875000,-59.6782760620
16218.1025390625,-59.7376670837
16255.4863281250,-59.7970581055
16292.9560546875,-59.8500022888
16330.5126953125,-59.8950958252
16368.1738281250,-59.9402160645
16405.9042968750,-59.9732666016
16443.7207031250,-60.0022048950
16481.6250000000,-60.0305786133
16519.6152343750,-60.0494155884
16557.6953125000,-60.0682563782
16595.8613281250,-60.0866317749
16634.1347656250,-60.1042594910
16672.4765625000,-60.1218833923
16710.9082031250,-60.1435127258
16749.4277343750,-60.1666450500
16788.0371093750,-60.1903991699
16826.7343750000,-60.2207298279
16865.5390625000,-60.2510719299
16904.4160156250,-60.2830505371
16943.3808593750,-60.3169441223
16982.4375000000,-60.3508415222
17021.5820312500,-60.3826103210
17060.8183593750,-60.4140205383
17100.1445312500,-60.4440078735
17139.5820312500,-60.4699974060
17179.0898437500,-60.4959716797
17218.6875000000,-60.5210647583
17258.3789062500,-60.5457534790
17298.1601562500,-60.5713539124
17338.0332031250,-60.6035041809
17378.0000000000,-60.6356544495
17418.0761718750,-60.6751174927
17458.2265625000,-60.7199516296
17498.4687500000,-60.7651176453
17538.8027343750,-60.8177108765
17579.2324218750,-60.8703079224
17619.7519531250,-60.9199752808
17660.3867187500,-60.9670181274
17701.0957031250,-61.0136489868
17741.8984375000,-61.0432472229
17782.7949218750,-61.0728454590
17823.7851562500,-61.0927162170
17864.8691406250,-61.1040611267
17906.0488281250,-61.1149253845
17947.3437500000,-61.1179542542
17988.7148437500,-61.1209869385
18030.1796875000,-61.1262702942
18071.7402343750,-61.1330718994
18113.3964843750,-61.1414527893
18155.1484375000,-61.1587181091
18197.0175781250,-61.1759948730
18238.9628906250,-61.2010459900
18281.0058593750,-61.2291450500
18323.1445312500,-61.2597770691
18365.3808593750,-61.2963485718
18407.7148437500,-61.3329238892
18450.1445312500,-61.3752937317
18492.6953125000,-61.4183845520
18535.3222656250,-61.4637145996
18578.0468750000,-61.5113029480
18620.8710937500,-61.5589141846
18663.7929687500,-61.6067237854
18706.8144531250,-61.6545333862
18749.9355468750,-61.6974639893
18793.1757812500,-61.7388153076
18836.4941406250,-61.7755661011
18879.9140625000,-61.8054428101
18923.4335937500,-61.8347434998
18967.0546875000,-61.8548469543
19010.7734375000,-61.8749504089
19054.6171875000,-61.8941574097
19098.5390625000,-61.9130210876
19142.5625000000,-61.9354476929
19186.6875000000,-61.9629364014
19230.9140625000,-61.9919166565
19275.2421875000,-62.0330543518
19319.6738281250,-62.0741882324
19364.2285156250,-62.1249351501
19408.8632812500,-62.1777992249
19453.6015625000,-62.2332954407
19498.4433593750,-62.2694740295
19543.3886718750,-62.2769699097
19588.4375000000,-62.2803955078
19633.6132812500,-62.2910575867
19678.8691406250,-62.2991104126
19724.2304687500,-62.3000679016
19769.6972656250,-62.3328628540
19815.2675781250,-62.3377189636
19860.9433593750,-62.3477592468
19906.7226562500,-62.3772163391
19952.6328125000,-62.3818206787
19998.6250000000,-62.4015960693
20044.7226562500,-62.4254341125
20090.9277343750,-62.4325942993
20137.2382812500,-62.4552726746
20183.6562500000,-62.4736557007
20230.2031250000,-62.4896965027
20276.8339843750,-62.4956703186
20323.5742187500,-62.5116653442
20370.4218750000,-62.5360717773
20417.3769531250,-62.5461730957
20464.4394531250,-62.5484733582
20511.6113281250,-62.5589332581
20558.9160156250,-62.5676765442
20606.3046875000,-62.5765419006
20653.8046875000,-62.5787582397
20701.4121093750,-62.5948982239
20749.1308593750,-62.6436271667
20796.9589843750,-62.6787338257
20844.8984375000,-62.7129859924
20892.9687500000,-62.7392807007
20941.1289062500,-62.7637825012
20989.4003906250,-62.7871818542
21037.7812500000,-62.8101158142
21086.2753906250,-62.8350677490
21134.8808593750,-62.8613624573
21183.6210937500,-62.8898277283
21232.4511718750,-62.9203758240
21281.3945312500,-62.9528503418
21330.4492187500,-62.9879264832
21379.6171875000,-63.0254592896
21428.8984375000,-63.0675163269
21478.2929687500,-63.1127548218
21527.8261718750,-63.1658782959
21577.4492187500,-63.2221908569
21627.1875000000,-63.2889442444
21677.0390625000,-63.3578681946
21727.0058593750,-63.4359817505
21777.0878906250,-63.5144309998
21827.3105468750,-63.5947303772
21877.6230468750,-63.6732673645
21928.0527343750,-63.7041244507
21978.5996093750,-63.7064552307
22029.2617187500,-63.7146644592
22080.0410156250,-63.7228431702
22130.9355468750,-63.7390441895
22181.9746093750,-63.7405891418
22233.1054687500,-63.7493820190
22284.3535156250,-63.7669410706
22335.7207031250,-63.7974624634
22387.2070312500,-63.8006782532
22438.8105468750,-63.8046035767
22490.5585937500,-63.8354301453
22542.4003906250,-63.8437385559
22594.3632812500,-63.8535766602
22646.4433593750,-63.8605461121
22698.6464843750,-63.8789939880
22750.9667968750,-63.8832283020
22803.4101562500,-63.8842544556
22855.9980468750,-63.9265670776
22908.6835937500,-64.0035171509
22961.4902343750,-64.0867385864
23014.4179687500,-64.1644668579
23067.4667968750,-64.2358093262
23120.6386718750,-64.2909774780
23173.9335937500,-64.3326568604
23227.3769531250,-64.3551788330
23280.9179687500,-64.3667373657
23334.5820312500,-64.3674774170
23388.3710937500,-64.3688125610
23442.2812500000,-64.3733825684
23496.3183593750,-64.3806381226
23550.5039062500,-64.4074935913
23604.7910156250,-64.4367141724
23659.2011718750,-64.4828109741
23713.7363281250,-64.5305938721
23768.3984375000,-64.5845031738
23823.1875000000,-64.6373901367
23878.1015625000,-64.6884078979
23933.1679687500,-64.7351379395
23988.3359375000,-64.7775955200
24043.6308593750,-64.8135375977
24099.0527343750,-64.8461227417
24154.6035156250,-64.8706741333
24210.2812500000,-64.8935012817
24266.1132812500,-64.9071884155
24322.0488281250,-64.9196014404
24378.1132812500,-64.9262695313
24434.3066406250,-64.9319458008
24490.6289062500,-64.9358901978
24547.0820312500,-64.9409179688
24603.6640625000,-64.9468307495
24660.4042968750,-64.9568710327
24717.2480468750,-64.9682388306
24774.2226562500,-64.9868164063
24831.3300781250,-65.0071945190
24888.5683593750,-65.0344772339
24945.9375000000,-65.0650711060
25003.4394531250,-65.1005172729
25061.1015625000,-65.1397552490
25118.8691406250,-65.1811447144
25176.7714843750,-65.2236175537
25234.8046875000,-65.2655868530
25292.9726562500,-65.2866287231
25351.2753906250,-65.2901153564
25409.7402343750,-65.2964019775
25468.3105468750,-65.2995910645
25527.0175781250,-65.3026885986
25585.8593750000,-65.3086776733
25644.8359375000,-65.3211517334
25703.9492187500,-65.3267974854
25763.1972656250,-65.3350677490
25822.6132812500,-65.3448486328
25882.1347656250,-65.3560867310
25941.7949218750,-65.3594741821
26001.5937500000,-65.3628616333
26061.5292968750,-65.3730468750
26121.6015625000,-65.3731918335
26181.8437500000,-65.3803024292
26242.1953125000,-65.3985824585
26302.6835937500,-65.4595260620
26363.3144531250,-65.5241317749
26424.0839843750,-65.5960693359
26484.9921875000,-65.6644668579
26546.0429687500,-65.7304840088
26607.2617187500,-65.7779541016
26668.5937500000,-65.8181686401
26730.0664062500,-65.8425598145
26791.6816406250,-65.8607482910
26853.4375000000,-65.8750534058
26915.3378906250,-65.8924636841
26977.4082031250,-65.9117355347
27039.5937500000,-65.9305877686
27101.9218750000,-65.9323654175
27164.3945312500,-65.9346160889
27227.0097656250,-65.9417343140
27289.7695312500,-65.9514312744
27352.6738281250,-65.9541778564
27415.7539062500,-65.9560089111
27478.9492187500,-65.9690399170
27542.2910156250,-65.9712905884
27605.7773437500,-65.9734878540
27669.4101562500,-65.9819946289
27733.1914062500,-66.0440139771
27797.1171875000,-66.1161499023
27861.2226562500,-66.2029876709
27925.4453125000,-66.2985382080
27989.8144531250,-66.3943710327
28054.3339843750,-66.4849929810
28119.0000000000,-66.5608978271
28183.8164062500,-66.6265411377
28248.8144531250,-66.6648254395
28313.9296875000,-66.6887359619
28379.1953125000,-66.6958770752
28444.6113281250,-66.6971206665
28510.1777343750,-66.6971511841
28575.8964843750,-66.6997375488
28641.7656250000,-66.7144165039
28707.8183593750,-66.7408447266
28773.9921875000,-66.7811660767
28840.3183593750,-66.8284530640
28906.7968750000,-66.8755874634
28973.4296875000,-66.9166488647
29040.2148437500,-66.9442443848
29107.1855468750,-66.9517364502
29174.2812500000,-66.9541091919
29241.5292968750,-66.9545593262
29308.9335937500,-66.9582672119
29376.4921875000,-66.9632492065
29444.2070312500,-66.9638519287
29512.0781250000,-66.9654922485
29580.1386718750,-66.9678192139
29648.3222656250,-66.9686431885
29716.6640625000,-66.9833221436
29785.1621093750,-67.0143432617
29853.8203125000,-67.0563201904
29922.6347656250,-67.1049346924
29991.6406250000,-67.1605911255
30060.7734375000,-67.2168350220
30130.0664062500,-67.2738037109
30199.5175781250,-67.2743148804
30269.1308593750,-67.2769546509
30338.9023437500,-67.2845764160
30408.8359375000,-67.2903442383
30478.9648437500,-67.3091964722
30549.2207031250,-67.3107833862
30619.6386718750,-67.3201904297
30690.2187500000,-67.3325576782
30760.9628906250,-67.3483886719
30831.8691406250,-67.3517150879
30902.9375000000,-67.3524932861
30974.2050781250,-67.3642196655
31045.6035156250,-67.3662109375
31117.1660156250,-67.4009933472
31188.8925781250,-67.4652633667
31260.7851562500,-67.5369186401
31332.8437500000,-67.6132888794
31405.1035156250,-67.6940765381
31477.4941406250,-67.7795639038
31550.0507812500,-67.8701095581
31622.7773437500,-67.9651031494
31695.6699218750,-68.0610580444
31768.7304687500,-68.1505584717
31841.9589843750,-68.2271728516
31915.3925781250,-68.2861251831
31988.9589843750,-68.3252716064
32062.6972656250,-68.3457946777
32136.6035156250,-68.3510665894
32210.6796875000,-68.3520507813
32284.9277343750,-68.3527526855
32359.3828125000,-68.3639907837
32433.9726562500,-68.3877944946
32508.7363281250,-68.4237136841
32583.6718750000,-68.4681320190
32658.7792968750,-68.5151748657
32734.0585937500,-68.5174713135
32809.5156250000,-68.5181350708
32885.1796875000,-68.5307693481
32960.9804687500,-68.5368652344
33036.9570312500,-68.5464630127
33113.1093750000,-68.5548934937
33189.4375000000,-68.5561447144
33265.9414062500,-68.5581588745
33342.6250000000,-68.5582885742
33419.5156250000,-68.5601043701
33496.5507812500,-68.5605010986
33573.7617187500,-68.5625305176
33651.1523437500,-68.5711898804
33728.7226562500,-68.5810165405
33806.4687500000,-68.5855712891
33884.4335937500,-68.5920867920
33962.5390625000,-68.6001205444
34040.8242187500,-68.6124038696
34119.2890625000,-68.6130371094
34197.9375000000,-68.6209716797
34276.7656250000,-68.6229324341
34355.7773437500,-68.6248931885
34435.0078125000,-68.6495361328
34514.3828125000,-68.7364120483
34593.9414062500,-68.8315277100
34673.6835937500,-68.9235610962
34753.6054687500,-69.0034027100
34833.7187500000,-69.0688095093
34914.0507812500,-69.1244354248
34994.5273437500,-69.1770324707
35075.1953125000,-69.2319946289
35156.0429687500,-69.2906951904
35237.0820312500,-69.3504333496
35318.3046875000,-69.4062728882
35399.7148437500,-69.4536285400
35481.3554687500,-69.4899063110
35563.1406250000,-69.5146942139
35645.1171875000,-69.5293502808
35727.2812500000,-69.5323028564
35809.6367187500,-69.5365066528
35892.1796875000,-69.5401763916
35974.9531250000,-69.5458145142
36057.8789062500,-69.5479125977
36140.9921875000,-69.5594711304
36224.3007812500,-69.5615615845
36307.8007812500,-69.5858917236
36391.4921875000,-69.6085433960
36475.3789062500,-69.6230850220
36559.4960937500,-69.6263961792
36643.7695312500,-69.6767196655
36728.2343750000,-69.6773757935
36812.8945312500,-69.7021713257
36897.7539062500,-69.7302246094
36982.8046875000,-69.7414321899
37068.0507812500,-69.7730255127
37153.5390625000,-69.7833480835
37239.1796875000,-69.7935714722
37325.0195312500,-69.8098983765
37411.0546875000,-69.9142532349
37497.2890625000,-70.0064392090
37583.7226562500,-70.0877075195
37670.3984375000,-70.1640167236
37757.2304687500,-70.2380981445
37844.2656250000,-70.3047790527
37931.5000000000,-70.3115234375
38018.9335937500,-70.3201293945
38106.5703125000,-70.3219070435
38194.4062500000,-70.3449249268
38282.4921875000,-70.3453521729
38370.7343750000,-70.3532180786
38459.1796875000,-70.3712539673
38547.8320312500,-70.3770217896
38636.6875000000,-70.4059295654
38725.7500000000,-70.4239730835
38815.0585937500,-70.4257431030
38904.5273437500,-70.4268035889
38994.2070312500,-70.4293518066
39084.0898437500,-70.4365005493
39174.1835937500,-70.4662322998
39264.4804687500,-70.5157699585
39354.9882812500,-70.5785980225
39445.7460937500,-70.6422729492
39536.6718750000,-70.6925811768
39627.8085937500,-70.7167892456
39719.1523437500,-70.7177658081
39810.7070312500,-70.7217712402
39902.4765625000,-70.7447509766
39994.4960937500,-70.8058776855
40086.6875000000,-70.8947296143
40179.0898437500,-70.9506683350
40271.7070312500,-70.9507598877
40364.5351562500,-70.9705963135
40457.5781250000,-70.9736099243
40550.8359375000,-70.9920043945
40644.3515625000,-71.0000305176
40738.0390625000,-71.0139923096
40831.9453125000,-71.0287017822
40926.0664062500,-71.0523223877
41020.4023437500,-71.0735778809
41114.9570312500,-71.0835037231
41209.7304687500,-71.0851821899
41304.7656250000,-71.1204376221
41399.9765625000,-71.1218948364
41495.4062500000,-71.1339569092
41591.0585937500,-71.1441879272
41686.9257812500,-71.1759567261
41783.0195312500,-71.2015228271
41879.3789062500,-71.2199630737
41975.9140625000,-71.2312622070
42072.6679687500,-71.2389297485
42169.6484375000,-71.2575683594
42266.8554687500,-71.2896347046
42364.2812500000,-71.3154754639
42461.9335937500,-71.3406982422
42559.8593750000,-71.3675537109
42657.9648437500,-71.4025344849
42756.2929687500,-71.4509887695
42854.8476562500,-71.5437698364
42953.6328125000,-71.6315841675
43052.6445312500,-71.6697158813
43151.9296875000,-71.6899490356
43251.3984375000,-71.6992797852
43351.0976562500,-71.7069168091
43451.0234375000,-71.7265777588
43551.1796875000,-71.7512130737
43651.5703125000,-71.7653045654
43752.1914062500,-71.7761535645
43853.0898437500,-71.7853927612
43954.1757812500,-71.8000564575
44055.4921875000,-71.8159255981
44157.0429687500,-71.8266220093
44258.8281250000,-71.8376846313
44360.8476562500,-71.8494186401
44463.1015625000,-71.8649139404
44565.6406250000,-71.8728332520
44668.3671875000,-71.8747787476
44771.3320312500,-71.8843917847
44874.5351562500,-71.9156875610
44977.9726562500,-72.0318374634
45081.6484375000,-72.2125930786
45185.6171875000,-72.3466644287
45289.7734375000,-72.4440536499
45394.1679687500,-72.4540786743
45498.8046875000,-72.4600296021
45603.6835937500,-72.4627914429
45708.8046875000,-72.4985427856
45814.1640625000,-72.5317306519
45919.8203125000,-72.5371322632
46025.6679687500,-72.5381088257
46131.7617187500,-72.5418548584
46238.0976562500,-72.5463027954
46344.6796875000,-72.5509185791
46451.5078125000,-72.5527343750
46558.6328125000,-72.5538558960
46665.9531250000,-72.5677719116
46773.5234375000,-72.6931228638
46881.3398437500,-72.7970046997
46989.4023437500,-72.8721237183
47097.7187500000,-72.8815765381
47206.2812500000,-72.8897552490
47315.1484375000,-72.8904342651
47424.2109375000,-72.9437026978
47533.5273437500,-72.9555130005
47643.0976562500,-72.9808502197
47752.9179687500,-72.9956054688
47862.9921875000,-73.0109481812
47973.3710937500,-73.0643386841
48083.9531250000,-73.0823516846
48194.7890625000,-73.0828704834
48305.8828125000,-73.1149215698
48417.2304687500,-73.1259460449
48528.8359375000,-73.1384887695
48640.6992187500,-73.1508331299
48752.8710937500,-73.1943817139
48865.2500000000,-73.2586593628
48977.8867187500,-73.2894897461
49090.7851562500,-73.2970199585
49203.9453125000,-73.3158187866
49317.3632812500,-73.3513641357
49431.0429687500,-73.3835678101
49545.0390625000,-73.4337463379
49659.2421875000,-73.4779281616
49773.7109375000,-73.4990921021
49888.4453125000,-73.5180206299
50003.4414062500,-73.5365142822
50118.7031250000,-73.5632019043
50234.2851562500,-73.6446151733
50350.0781250000,-73.7249069214
50466.1367187500,-73.7384109497
50582.4648437500,-73.7609252930
50699.0625000000,-73.7741012573
50815.9257812500,-73.8088684082
50933.0625000000,-73.8769226074
51050.5234375000,-73.8814163208
51168.1953125000,-73.9052886963
51286.1445312500,-73.9620361328
51404.3593750000,-73.9877471924
51522.8515625000,-73.9975128174
51641.6171875000,-73.9980392456
51760.7109375000,-74.0022201538
51880.0234375000,-74.0065536499
51999.6093750000,-74.0399169922
52119.4726562500,-74.0408782959
52239.6093750000,-74.0625610352
52360.0273437500,-74.0657196045
52480.7187500000,-74.0696640015
52601.7500000000,-74.0746536255
52723.0000000000,-74.0915069580
52844.5312500000,-74.1713638306
52966.3398437500,-74.1861419678
53088.4335937500,-74.1990966797
53210.8046875000,-74.2121810913
53333.5195312500,-74.2427368164
53456.4570312500,-74.2904205322
53579.6757812500,-74.2981796265
53703.1835937500,-74.3136062622
53826.9726562500,-74.3569564819
53951.0468750000,-74.3829879761
54075.4062500000,-74.3945236206
54200.1132812500,-74.4076080322
54325.0507812500,-74.4225387573
54450.2734375000,-74.4953842163
54575.7851562500,-74.5740737915
54701.5859375000,-74.6228637695
54827.6757812500,-74.6558303833
54954.0585937500,-74.6767196655
55080.7929687500,-74.6912307739
55207.7578125000,-74.7103195190
55335.0156250000,-74.7504272461
55462.5664062500,-74.7543945313
55590.4101562500,-74.8005371094
55718.5507812500,-74.8127365112
55847.0468750000,-74.8251113892
55975.7773437500,-74.9129943848
56104.8085937500,-74.9395294189
56234.1328125000,-74.9426040649
56363.7578125000,-74.9889984131
56493.6796875000,-75.0432052612
56623.9023437500,-75.0458221436
56754.4843750000,-75.0692443848
56885.3085937500,-75.0865249634
57016.4335937500,-75.1261825562
57147.8593750000,-75.1515808105
57279.5898437500,-75.1529541016
57411.6210937500,-75.1596374512
57544.0234375000,-75.2539825439
57676.6679687500,-75.3698501587
57809.6171875000,-75.3826370239
57942.8710937500,-75.3830718994
58076.4335937500,-75.4029388428
58210.3046875000,-75.4059295654
58344.4843750000,-75.4116592407
58479.0351562500,-75.4138946533
58613.8320312500,-75.4483566284
58748.9414062500,-75.4493484497
58884.3632812500,-75.4581069946
59020.0937500000,-75.4581680298
59156.1406250000,-75.4783782959
59292.5000000000,-75.5116882324
59429.2382812500,-75.5323486328
59566.2265625000,-75.5538406372
59703.5312500000,-75.5847702026
59841.1523437500,-75.5908050537
59979.0898437500,-75.6111526489
60117.3476562500,-75.6550827026
60255.9882812500,-75.6758346558
60394.8828125000,-75.6882476807
60534.0976562500,-75.7160949707
60673.6328125000,-75.7695770264
60813.4882812500,-75.7700958252
60953.6679687500,-75.7741165161
61094.1718750000,-75.7947616577
61235.0625000000,-75.8980865479
61376.2148437500,-75.9791488647
61517.6914062500,-76.0528106689
61659.4960937500,-76.1397399902
61801.6250000000,-76.1895828247
61944.0820312500,-76.2389221191
62086.9335937500,-76.3474273682
62230.0507812500,-76.4580764771
62373.4960937500,-76.4811248779
62517.2695312500,-76.4881210327
62661.3750000000,-76.5051727295
62805.8164062500,-76.5221099854
62950.5859375000,-76.5431137085
63095.7617187500,-76.5441589355
63241.2031250000,-76.5697174072
63386.9765625000,-76.5973968506
63533.0898437500,-76.6796646118
63679.5390625000,-76.7010192871
63826.3242187500,-76.7043457031
63973.5195312500,-76.7165832520
64120.9804687500,-76.7166290283
64268.7851562500,-76.7363128662
64416.9296875000,-76.7525939941
64565.4140625000,-76.7566375732
64714.2421875000,-76.7777557373
64863.4140625000,-76.8013992310
65013.0000000000,-76.8063049316
65162.8593750000,-76.8244552612
65313.0625000000,-76.8336944580
65463.6132812500,-76.8346557617
65614.5156250000,-76.8385925293
65765.7578125000,-76.8700332642
65917.3515625000,-76.9691543579
66069.3671875000,-77.1007690430
66221.6640625000,-77.1276473999
66374.3125000000,-77.1514358521
66527.3125000000,-77.2126007080
66680.6562500000,-77.2285842896
66834.3593750000,-77.2696762085
66988.4921875000,-77.3068084717
67142.9062500000,-77.3243331909
67297.6796875000,-77.3338699341
67452.8046875000,-77.3458709717
67608.2890625000,-77.3535537720
67764.1250000000,-77.3676757813
67920.3281250000,-77.4141464233
68076.9609375000,-77.4335937500
68233.8906250000,-77.4338684082
68391.1718750000,-77.4466094971
68548.8203125000,-77.4498291016
68706.8281250000,-77.4501647949
68865.2031250000,-77.4800338745
69024.0156250000,-77.4828262329
69183.1250000000,-77.4833145142
69342.5937500000,-77.4997787476
69502.4296875000,-77.5420379639
69662.6406250000,-77.5728454590
69823.2187500000,-77.6246261597
69984.1640625000,-77.6247558594
70145.5625000000,-77.6436462402
70307.2500000000,-77.6758346558
70469.3125000000,-77.6856155396
70631.7500000000,-77.8220520020
70794.5625000000,-78.0074386597
70957.7500000000,-78.0102767944
71121.3906250000,-78.0262985229
71285.3281250000,-78.0714797974
71449.6484375000,-78.1063919067
71614.3437500000,-78.1469955444
71779.4218750000,-78.1626739502
71944.8750000000,-78.1742477417
72110.7187500000,-78.1911468506
72277.0156250000,-78.1960525513
72443.6171875000,-78.1984024048
72610.6093750000,-78.2357635498
72777.9765625000,-78.2695083618
72945.7343750000,-78.3059692383
73113.8828125000,-78.3163833618
73282.4140625000,-78.3175964355
73451.4140625000,-78.4706192017
73620.7265625000,-78.5251464844
73790.4296875000,-78.5674743652
73960.5234375000,-78.5983505249
74131.0078125000,-78.6030044556
74301.8828125000,-78.6805191040
74473.2343750000,-78.6859283447
74644.8984375000,-78.7138519287
74816.9609375000,-78.8223114014
74989.4218750000,-78.8284912109
75162.2734375000,-78.8377151489
75335.5312500000,-78.8724517822
75509.1875000000,-78.8944931030
75683.3203125000,-78.9095916748
75857.7812500000,-78.9747543335
76032.6328125000,-78.9924468994
76207.8984375000,-78.9927215576
76383.5625000000,-79.0617065430
76559.6328125000,-79.0713043213
76736.1875000000,-79.1063842773
76913.0703125000,-79.1210021973
77090.3593750000,-79.1282730103
77268.0625000000,-79.1327209473
77446.1718750000,-79.1359329224
77624.6875000000,-79.1420974731
77803.6171875000,-79.1705322266
77983.0468750000,-79.1781234741
78162.8046875000,-79.1782913208
78342.9765625000,-79.2067718506
78523.5625000000,-79.2088165283
78704.5625000000,-79.2260208130
78885.9843750000,-79.2273101807
79067.8203125000,-79.2534790039
79250.1640625000,-79.2819824219
79432.8437500000,-79.2829742432
79615.9375000000,-79.2957611084
79799.4609375000,-79.3508453369
79983.4062500000,-79.4452209473
80167.7734375000,-79.5363082886
80352.6484375000,-79.6002349854
80537.8671875000,-79.6577453613
80723.5156250000,-79.7229232788
80909.5859375000,-79.7254638672
81096.0937500000,-79.7407073975
81283.0234375000,-79.7554779053
81470.3828125000,-79.7563400269
81658.2734375000,-79.7733840942
81846.5000000000,-79.7783584595
82035.1640625000,-79.8195953369
82224.2578125000,-79.8419036865
82413.7890625000,-79.8962097168
82603.7578125000,-79.8992919922
82794.2578125000,-79.9241104126
82985.1015625000,-79.9334106445
83176.3906250000,-79.9628067017
83368.1171875000,-79.9664993286
83560.2890625000,-79.9880142212
83752.8984375000,-80.0053482056
83945.9609375000,-80.0248489380
84139.5546875000,-80.0258560181
84333.5000000000,-80.1463165283
84527.8906250000,-80.1533508301
84722.7343750000,-80.1575012207
84918.0312500000,-80.1608963013
85113.7734375000,-80.1757202148
85310.0546875000,-80.2216339111
85506.7031250000,-80.2767944336
85703.8046875000,-80.3120727539
85901.3515625000,-80.3445281982
86099.3671875000,-80.3482055664
86297.8281250000,-80.3722686768
86496.7500000000,-80.4003372192
86696.2265625000,-80.4756164551
86896.0703125000,-80.4897613525
87096.3671875000,-80.4919586182
87297.1328125000,-80.5194244385
87498.3593750000,-80.5509948730
87700.0468750000,-80.5526199341
87902.2031250000,-80.5632781982
88104.9218750000,-80.6060180664
88308.0078125000,-80.6130981445
88511.5703125000,-80.6288833618
88715.5937500000,-80.6392440796
88920.0859375000,-80.6405181885
89125.0546875000,-80.6424560547
89330.5937500000,-80.6441497803
89536.5078125000,-80.6887664795
89742.8906250000,-80.6939926147
89949.7578125000,-80.7048645020
90157.1015625000,-80.7983245850
90364.9140625000,-80.8179397583
90573.2109375000,-80.8364257813
90782.0937500000,-80.8550796509
90991.3515625000,-80.8635711670
91201.0937500000,-80.8743972778
91411.3203125000,-80.9369049072
91622.0234375000,-80.9956512451
91833.2187500000,-81.0944747925
92045.0078125000,-81.2630691528
92257.1718750000,-81.3417587280
92469.8359375000,-81.3445892334
92682.9843750000,-81.3607559204
92896.6250000000,-81.3609542847
93110.7578125000,-81.3738555908
93325.3828125000,-81.3740692139
93540.6093750000,-81.3969116211
93756.2265625000,-81.3972244263
93972.3437500000,-81.4044342041
94188.9531250000,-81.4062957764
94406.0703125000,-81.4720077515
94623.6796875000,-81.5819396973
94841.8984375000,-81.6613845825
95060.5156250000,-81.6802597046
95279.6328125000,-81.6913452148
95499.2656250000,-81.6941528320
95719.3984375000,-81.6967849731
95940.0390625000,-81.7523269653
96161.1875000000,-81.7592086792
96382.9453125000,-81.8011627197
96605.1171875000,-81.8049697876
96827.7968750000,-81.8372421265
97050.9921875000,-81.8377532959
97274.7031250000,-81.8593750000
97498.9296875000,-81.9565963745
97723.6718750000,-82.0449295044
97949.0390625000,-82.0456695557
98174.8203125000,-82.0720520020
98401.1171875000,-82.0970001221
98627.9375000000,-82.1140518188
98855.2812500000,-82.1244277954
99083.1484375000,-82.1585006714
99311.6562500000,-82.2306213379
99540.5781250000,-82.3115844727
99770.0234375000,-82.3700332642
100000.0000000000,-82.3737411499
100230.5078125000,-82.4062423706
100461.5468750000,-82.4357147217
100693.1171875000,-82.4582290649
100925.3359375000,-82.4759597778
101157.9687500000,-82.4911422729
101391.1484375000,-82.5051879883
101624.8593750000,-82.5187149048
101859.1171875000,-82.5318450928
102093.9062500000,-82.5448455811
102329.3515625000,-82.5586853027
102565.2265625000,-82.5752410889
102801.6484375000,-82.5971145630
103038.6171875000,-82.6267929077
103276.1250000000,-82.6656265259
103514.1875000000,-82.7129669189
103752.7890625000,-82.7657241821
103992.0625000000,-82.8184432983
104231.7734375000,-82.8657531738
104472.0312500000,-82.9040679932
104712.8515625000,-82.9322052002
104954.2187500000,-82.9511947632
105196.1484375000,-82.9634780884
105438.6328125000,-82.9718551636
105681.7890625000,-82.9789581299
105925.3984375000,-82.9871368408
106169.5625000000,-82.9987030029
106414.2890625000,-83.0158843994
106659.5859375000,-83.0403671265
106905.4375000000,-83.0725936890
107151.9843750000,-83.1113510132
107398.9765625000,-83.1538925171
107646.5390625000,-83.1970901489
107894.6718750000,-83.2386703491
108143.3750000000,-83.2781982422
108392.6562500000,-83.3169403076
108642.5078125000,-83.3566436768
108893.0546875000,-83.3977508545
109144.0625000000,-83.4381179810
109395.6484375000,-83.4696350098
109647.8125000000,-83.4701766968
109900.5546875000,-83.4718322754
110153.8828125000,-83.4733200073
110407.9218750000,-83.4757843018
110662.4140625000,-83.4760208130
110917.5000000000,-83.4828109741
111173.1718750000,-83.4891052246
111429.4375000000,-83.4925842285
111686.2890625000,-83.4984054565
111943.7343750000,-83.5020141602
112201.8984375000,-83.5102462769
112460.5312500000,-83.5104446411
112719.7578125000,-83.5114212036
112979.5859375000,-83.5419998169
113240.0078125000,-83.5788726807
113501.0390625000,-83.6205825806
113762.7890625000,-83.6675415039
114025.0234375000,-83.7219467163
114287.8593750000,-83.7861633301
114551.2968750000,-83.8605880737
114815.3437500000,-83.9421768188
115080.0078125000,-84.0112991333
115345.2734375000,-84.0246124268
115611.2812500000,-84.0282440186
115877.7734375000,-84.0610046387
116144.8750000000,-84.0676498413
116412.6015625000,-84.0692977905
116680.9375000000,-84.1166458130
116949.8984375000,-84.1398925781
117219.4765625000,-84.1538391113
117489.8046875000,-84.1603698730
117760.6250000000,-84.1842422485
118032.0703125000,-84.1856918335
118304.1406250000,-84.2261810303
118576.8437500000,-84.3160400391
118850.1718750000,-84.3985595703
119124.2578125000,-84.4662475586
119398.8515625000,-84.4853897095
119674.0703125000,-84.4916152954
119949.9296875000,-84.4967269897
120226.4218750000,-84.5180435181
120503.5546875000,-84.5189056396
120781.3203125000,-84.5307846069
121059.8671875000,-84.5403442383
121338.9140625000,-84.5557556152
121618.6093750000,-84.5587692261
121898.9531250000,-84.5649337769
122179.9375000000,-84.6216735840
122461.5703125000,-84.6999664307
122743.9843750000,-84.7493438721
123026.9218750000,-84.7595062256
123310.5078125000,-84.7595596313
123594.7421875000,-84.7597656250
123879.6406250000,-84.7673645020
124165.1953125000,-84.7883529663
124451.3984375000,-84.8232421875
124738.4062500000,-84.8952331543
125025.9375000000,-84.9740753174
125314.1328125000,-85.0223922729
125602.9921875000,-85.0632476807
125892.5156250000,-85.0958862305
126182.7031250000,-85.1214294434
126473.7031250000,-85.1415405273
126765.2343750000,-85.1623611450
127057.4375000000,-85.1728515625
127350.3125000000,-85.1737823486
127643.8671875000,-85.1741409302
127938.0937500000,-85.1792449951
128233.0000000000,-85.1937179565
128528.7265625000,-85.2192764282
128824.9921875000,-85.2743148804
129121.9453125000,-85.3371353149
129419.5781250000,-85.3806152344
129717.8984375000,-85.4257278442
130016.9140625000,-85.4733886719
130316.6093750000,-85.5463867188
130617.1406250000,-85.6110839844
130918.2265625000,-85.6412811279
131220.0000000000,-85.6597671509
131522.4687500000,-85.6691970825
131825.6406250000,-85.6748199463
132129.5000000000,-85.6887283325
132434.2187500000,-85.7140197754
132739.4843750000,-85.7358932495
133045.4687500000,-85.7563095093
133352.1406250000,-85.7711791992
133659.5312500000,-85.7760696411
133967.6250000000,-85.7773895264
134276.4218750000,-85.7791061401
134586.0937500000,-85.7793426514
134896.3281250000,-85.7994766235
135207.2656250000,-85.8375091553
135518.9375000000,-85.8746643066
135831.3125000000,-85.9194564819
136144.4062500000,-85.9702072144
136458.3906250000,-86.0526199341
136772.9375000000,-86.1054153442
137088.2031250000,-86.1157760620
137404.2031250000,-86.1340332031
137720.9218750000,-86.1349868774
138038.3906250000,-86.1526107788
138356.5781250000,-86.1698226929
138675.6406250000,-86.1803359985
138995.2968750000,-86.2033538818
139315.7031250000,-86.2085800171
139636.8281250000,-86.2139282227
139958.7031250000,-86.2276992798
140281.3125000000,-86.3166046143
140604.6718750000,-86.4351882935
140928.9375000000,-86.5139846802
141253.7812500000,-86.6247100830
141579.3906250000,-86.7241439819
141905.7343750000,-86.7788925171
142232.8437500000,-86.8214035034
142560.7031250000,-86.8431549072
142889.4687500000,-86.8519973755
143218.8281250000,-86.8527069092
143548.9687500000,-86.8551864624
143879.8593750000,-86.8603591919
144211.5156250000,-86.8743667603
144543.9218750000,-86.9207763672
144877.1093750000,-86.9511947632
145211.2187500000,-86.9568023682
145545.9375000000,-86.9568939209
145881.4375000000,-86.9649429321
146217.7031250000,-86.9683685303
146554.7500000000,-86.9723815918
146892.5625000000,-86.9812316895
147231.3281250000,-86.9935455322
147570.7031250000,-87.0000762939
147910.8593750000,-87.0106124878
148251.8125000000,-87.0114212036
148593.5468750000,-87.0176391602
148936.0625000000,-87.0186462402
149279.3750000000,-87.0824966431
149623.6250000000,-87.1605606079
149968.5312500000,-87.2366561890
150314.2187500000,-87.2772369385
150660.7031250000,-87.2805786133
151007.9843750000,-87.2885360718
151356.0625000000,-87.2962951660
151705.1250000000,-87.3091812134
152054.8125000000,-87.3097839355
152405.3125000000,-87.3147430420
152756.6093750000,-87.3771591187
153108.7187500000,-87.4482574463
153461.6562500000,-87.5093841553
153815.3906250000,-87.5520782471
154170.1093750000,-87.5667800903
154525.4843750000,-87.5750961304
154881.6875000000,-87.5810546875
155238.7031250000,-87.5992736816
155596.5312500000,-87.6319046021
155955.1875000000,-87.6614761353
156314.6875000000,-87.7115402222
156675.1718750000,-87.7635650635
157036.3125000000,-87.8163299561
157398.2968750000,-87.8714141846
157761.1093750000,-87.9297256470
158124.7656250000,-87.9852676392
158489.2500000000,-88.0147094727
158854.7500000000,-88.0349502563
159220.9218750000,-88.0429382324
159587.9375000000,-88.0486297607
159955.7968750000,-88.0557861328
160324.5156250000,-88.0624084473
160694.0625000000,-88.0783615112
161064.4843750000,-88.0895843506
161435.9218750000,-88.1056213379
161808.0468750000,-88.1284942627
162181.0312500000,-88.1316680908
162554.8593750000,-88.1599807739
162929.5625000000,-88.1622772217
163305.1250000000,-88.1684417725
163681.7343750000,-88.2004776001
164059.0312500000,-88.2258834839
164437.2031250000,-88.2451400757
164816.2343750000,-88.2740020752
165196.1562500000,-88.3225860596
165576.9375000000,-88.3815383911
165958.6093750000,-88.4378051758
166341.3437500000,-88.4822006226
166724.7656250000,-88.5089569092
167109.0781250000,-88.5263442993
167494.2812500000,-88.5463027954
167880.3593750000,-88.5826492310
168267.3437500000,-88.6508560181
168655.3906250000,-88.7419281006
169044.1562500000,-88.8397445679
169433.8125000000,-88.9415817261
169824.3750000000,-88.9857482910
170215.8281250000,-89.0068359375
170608.1875000000,-89.0216827393
171001.4531250000,-89.0375518799
171395.8125000000,-89.0551147461
171790.8906250000,-89.0709304810
172186.8750000000,-89.0814819336
172583.7812500000,-89.0838394165
172981.6093750000,-89.0844802856
173380.3437500000,-89.0964126587
173779.9843750000,-89.1384582520
174180.7500000000,-89.1801376343
174582.2500000000,-89.2096023560
174984.6875000000,-89.2144775391
175388.0312500000,-89.2159729004
175792.3125000000,-89.2202072144
176197.5312500000,-89.2441558838
176603.8750000000,-89.3072128296
177010.9531250000,-89.3867568970
177418.9843750000,-89.4225387573
177827.9375000000,-89.4321365356
178237.8437500000,-89.4548873901
178648.7031250000,-89.4600448608
179060.5000000000,-89.4652023315
179473.4375000000,-89.4870758057
179887.1406250000,-89.5476303101
180301.7968750000,-89.5940399170
180717.4062500000,-89.6077117920
181133.9687500000,-89.6087341309
181551.5000000000,-89.6230773926
181970.1875000000,-89.6373062134
182389.6406250000,-89.6483154297
182810.0625000000,-89.6558761597
183231.4531250000,-89.6631469727
183653.8125000000,-89.6726760864
184077.1406250000,-89.6831512451
184501.4531250000,-89.6860885620
184926.9531250000,-89.7592010498
185353.2187500000,-89.8100280762
185780.4687500000,-89.8370361328
186208.7031250000,-89.8595199585
186637.9375000000,-89.9094238281
187068.1406250000,-89.9989166260
187499.3437500000,-90.1094665527
187931.7500000000,-90.1225204468
188364.9531250000,-90.1288375854
188799.1406250000,-90.1305313110
189234.3437500000,-90.1712951660
189670.5312500000,-90.1759185791
190107.7500000000,-90.2130813599
190546.1562500000,-90.3356094360
190985.3906250000,-90.4290161133
191425.6250000000,-90.4831695557
191866.8750000000,-90.4874496460
192309.1406250000,-90.4887084961
192752.4218750000,-90.4986419678
193196.7343750000,-90.5017700195
193642.2812500000,-90.5055389404
194088.6406250000,-90.5187072754
194536.0312500000,-90.5225372314
194984.4375000000,-90.5282669067
195433.8906250000,-90.5449371338
195884.3906250000,-90.5496520996
196336.1250000000,-90.5510559082
196788.7031250000,-90.5513458252
197242.3125000000,-90.5539550781
197696.9687500000,-90.5562133789
198152.6718750000,-90.5613250732
198609.4218750000,-90.6535263062
199067.2343750000,-90.6558303833
199526.3125000000,-90.6609573364
199986.2343750000,-90.6898956299
200447.2187500000,-90.7176132202
200909.2656250000,-90.7339096069
201372.3750000000,-90.7493972778
201836.5625000000,-90.7959365845
202302.0312500000,-90.8162918091
202768.3437500000,-90.8501892090
203235.7343750000,-90.9941329956
203704.2187500000,-91.0689010620
204173.7656250000,-91.1016159058
204644.4062500000,-91.1129684448
205116.1250000000,-91.1131286621
205589.1562500000,-91.1137542725
206063.0468750000,-91.1256484985
206538.0468750000,-91.1557159424
207014.1250000000,-91.1885299683
207491.3125000000,-91.2318344116
207969.5937500000,-91.3019485474
208448.9843750000,-91.3353805542
208929.7031250000,-91.3367233276
209411.2968750000,-91.3583450317
209894.0000000000,-91.3637619019
210377.8281250000,-91.3715820313
210862.7500000000,-91.3905487061
211348.8125000000,-91.4138641357
211836.2187500000,-91.4160614014
212324.5156250000,-91.4260559082
212813.9375000000,-91.5520248413
213304.4843750000,-91.6948471069
213796.1718750000,-91.7425537109
214288.9843750000,-91.7648086548
214782.9375000000,-91.7748794556
215278.2656250000,-91.7956924438
215774.5000000000,-91.8095321655
216271.8750000000,-91.8120880127
216770.3906250000,-91.8151779175
217270.0625000000,-91.8283691406
217770.8906250000,-91.8484344482
218273.1093750000,-91.8541259766
218776.2343750000,-91.8827209473
219280.5312500000,-91.8877868652
219785.9843750000,-91.8977584839
220292.6093750000,-91.9087600708
220800.4062500000,-91.9089965820
221309.3593750000,-91.9134140015
221819.7343750000,-91.9207839966
222331.0468750000,-91.9323806763
222843.5468750000,-91.9457397461
223357.2031250000,-91.9824218750
223872.0625000000,-92.0494003296
224388.1093750000,-92.1087493896
224905.5781250000,-92.1087722778
225424.0000000000,-92.1196060181
225943.6250000000,-92.1418762207
226464.4375000000,-92.1549377441
226986.4531250000,-92.1751785278
227509.6718750000,-92.2173995972
228034.1093750000,-92.2601928711
228559.9843750000,-92.2900009155
229086.8281250000,-92.3233108521
229614.8906250000,-92.3612213135
230144.1718750000,-92.3930740356
230674.6718750000,-92.4225387573
231206.3906250000,-92.4686050415
231739.3437500000,-92.4693145752
232273.7812500000,-92.5065231323
232809.1875000000,-92.5098266602
233345.8281250000,-92.5662689209
233883.7031250000,-92.5670013428
234422.8125000000,-92.6109161377
234963.1875000000,-92.7173385620
235505.0468750000,-92.8275146484
236047.9062500000,-92.9323120117
236592.0156250000,-92.9911117554
237137.3750000000,-93.0172119141
237683.9843750000,-93.0474624634
238231.8750000000,-93.1059188843
238781.0156250000,-93.1837921143
239331.6718750000,-93.1895294189
239883.3593750000,-93.2048263550
240436.2968750000,-93.2109375000
240990.5312500000,-93.2377548218
241546.0312500000,-93.2491302490
242102.8125000000,-93.2538986206
242661.1406250000,-93.2674560547
243220.4843750000,-93.2837066650
243781.1250000000,-93.2861709595
244343.0625000000,-93.3019256592
244906.2968750000,-93.3735961914
245470.8125000000,-93.4201049805
246036.6406250000,-93.4313888550
246604.0468750000,-93.4337463379
247172.4843750000,-93.4346160889
247742.2343750000,-93.4360427856
248313.2968750000,-93.4371337891
248885.6718750000,-93.4756164551
249459.3750000000,-93.5731353760
250034.4062500000,-93.6022644043
250611.0156250000,-93.6098709106
251188.7031250000,-93.6503295898
251767.7031250000,-93.6517181396
252348.0468750000,-93.6530380249
252929.7343750000,-93.6991500854
253512.7500000000,-93.7072448730
254097.3906250000,-93.7247467041
254683.1093750000,-93.7358551025
255270.1718750000,-93.7387390137
255858.5781250000,-93.7463912964
256448.3593750000,-93.7590026855
257039.4843750000,-93.7632751465
257631.9843750000,-93.7716598511
258226.1250000000,-93.8070297241
258821.3593750000,-93.8873519897
259417.9531250000,-93.8922653198
260015.9375000000,-93.9006423950
260615.2812500000,-93.9067611694
261216.0312500000,-93.9189758301
261818.4375000000,-93.9389648438
262421.9375000000,-93.9442749023
263026.8437500000,-94.0183868408
263633.1562500000,-94.0295028687
264240.8437500000,-94.0393829346
264849.9375000000,-94.0475997925
265460.4375000000,-94.1569671631
266072.6250000000,-94.2913513184
266685.9375000000,-94.3425827026
267300.6562500000,-94.3633728027
267916.8125000000,-94.3719329834
268534.3750000000,-94.3818283081
269153.3750000000,-94.3836517334
269774.0937500000,-94.3872375488
270395.9375000000,-94.4490966797
271019.2187500000,-94.5267791748
271643.9375000000,-94.5539779663
272270.0937500000,-94.5615386963
272897.6875000000,-94.5772323608
273526.7500000000,-94.6109466553
274157.5312500000,-94.6123504639
274789.5000000000,-94.6394882202
275422.9062500000,-94.6406860352
276057.7812500000,-94.7287673950
276694.0937500000,-94.7329940796
277331.9062500000,-94.7366943359
277971.1875000000,-94.7630844116
278612.2187500000,-94.7644882202
279254.4375000000,-94.7835006714
279898.1562500000,-94.7889328003
280543.3437500000,-94.8270950317
281190.0000000000,-94.9632263184
281838.1562500000,-94.9936065674
282488.1250000000,-95.0329742432
283139.2812500000,-95.0643768311
283791.9375000000,-95.0834045410
284446.0937500000,-95.1274185181
285101.7812500000,-95.1534805298
285758.9687500000,-95.1579895020
286417.6562500000,-95.1702651978
287078.1875000000,-95.1827468872
287739.9062500000,-95.1945953369
288403.1875000000,-95.2048339844
289067.9687500000,-95.3625946045
289734.2812500000,-95.3674011230
290402.1562500000,-95.3735275269
291071.8750000000,-95.4053268433
291742.8125000000,-95.4210586548
292415.2812500000,-95.4299926758
293089.3437500000,-95.4445571899
293764.9062500000,-95.4749069214
294442.0625000000,-95.5123062134
295120.7812500000,-95.5255203247
295801.3750000000,-95.5429306030
296483.2187500000,-95.5611572266
297166.6250000000,-95.5800399780
297851.6250000000,-95.5979003906
298538.1875000000,-95.6006927490
299226.3437500000,-95.6064224243
299916.4062500000,-95.6084518433
300607.7500000000,-95.7053375244
301300.6562500000,-95.7202911377
301995.1875000000,-95.7369003296
302691.3125000000,-95.7546234131
303389.0312500000,-95.7737045288
304088.3750000000,-95.7951889038
304789.6562500000,-95.8206100464
305492.2187500000,-95.8513870239
306196.3750000000,-95.8882827759
306902.1875000000,-95.9308853149
307609.6250000000,-95.9775009155
308318.6875000000,-96.0254211426
309029.3750000000,-96.0716476440
309742.0625000000,-96.1137542725
310456.0312500000,-96.1505966187
311171.6562500000,-96.1832199097
311888.9375000000,-96.2129287720
312607.8437500000,-96.2404937744
313328.4375000000,-96.2654647827
314051.0312500000,-96.2863388062
314774.9375000000,-96.3015594482
315500.5000000000,-96.3109436035
316227.7812500000,-96.3165740967
316956.6875000000,-96.3225631714
317687.3125000000,-96.3336410522
318419.5937500000,-96.3532867432
319153.9375000000,-96.3822174072
319889.5937500000,-96.4180831909
320626.9687500000,-96.4567337036
321366.0312500000,-96.4941024780
322106.8125000000,-96.5281295776
322849.2812500000,-96.5595397949
323593.8125000000,-96.5912017822
324339.7187500000,-96.6263885498
325087.3750000000,-96.6670455933
325836.7187500000,-96.7127304077
326587.7812500000,-96.7607040405
327340.5937500000,-96.8069915771
328095.1250000000,-96.8475952148
328851.7812500000,-96.8622055054
329609.8125000000,-96.8634262085
330369.5937500000,-96.8675765991
331131.0937500000,-96.8721847534
331894.3750000000,-96.8780517578
332659.4375000000,-96.8794631958
333426.2187500000,-96.8893203735
334195.1562500000,-96.8911819458
334965.5000000000,-96.9007720947
335737.6250000000,-96.9035415649
336511.5312500000,-96.9110412598
337287.2187500000,-96.9111328125
338064.6875000000,-96.9155731201
338844.3125000000,-96.9510650635
339625.3750000000,-96.9948730469
340408.2500000000,-97.0449447632
341192.9062500000,-97.0987854004
341979.3750000000,-97.1543579102
342767.6562500000,-97.2106399536
343557.7812500000,-97.2674102783
344350.0625000000,-97.3242568970
345143.8125000000,-97.3796463013
345939.4062500000,-97.4306259155
346736.8125000000,-97.4735717773
347536.0625000000,-97.5108337402
348337.1562500000,-97.5141220093
349140.5000000000,-97.5149154663
349945.2812500000,-97.5158004761
350751.9375000000,-97.5218963623
351560.4375000000,-97.5293579102
352370.8125000000,-97.5310287476
353183.0625000000,-97.5316085815
353997.1562500000,-97.5564193726
354813.5312500000,-97.5900802612
355631.4062500000,-97.6291809082
356451.1562500000,-97.6710815430
357272.8125000000,-97.7142028809
358096.3437500000,-97.7580871582
358921.7812500000,-97.8026962280
359749.5312500000,-97.8685379028
360578.7812500000,-97.9277343750
361409.9375000000,-97.9519500732
362243.0000000000,-97.9544754028
363078.0000000000,-97.9585266113
363914.9375000000,-97.9599761963
364753.7812500000,-97.9668045044
365594.9687500000,-97.9764328003
366437.6875000000,-97.9816894531
367282.3437500000,-97.9854278564
368128.9687500000,-97.9975891113
368977.5312500000,-97.9985275269
369828.0312500000,-98.0112838745
370680.5312500000,-98.0134353638
371535.3750000000,-98.0215911865
372391.7812500000,-98.0295028687
373250.1875000000,-98.0312194824
374110.5625000000,-98.0315322876
374972.9062500000,-98.0334243774
375837.2500000000,-98.0676803589
376703.9687500000,-98.0973968506
377572.3125000000,-98.1348037720
378442.6562500000,-98.1804809570
379314.9687500000,-98.2323150635
380189.3437500000,-98.2860565186
381065.6875000000,-98.3579559326
381944.0625000000,-98.4118270874
382824.9062500000,-98.4340209961
383707.3437500000,-98.4494171143
384591.8125000000,-98.4639739990
385478.3125000000,-98.4842987061
386366.8750000000,-98.5355300903
387257.5000000000,-98.6033248901
388150.5625000000,-98.6482238770
389045.2812500000,-98.6827468872
389942.0625000000,-98.7022323608
390840.9062500000,-98.7032318115
391741.8125000000,-98.7072982788
392644.8125000000,-98.7075576782
393549.8750000000,-98.7261199951
394457.4687500000,-98.7595672607
395366.7187500000,-98.8050537109
396278.0937500000,-98.8832626343
397191.5312500000,-98.9565582275
398107.0937500000,-98.9953002930
399024.7500000000,-99.0256881714
399944.9687500000,-99.0498809814
400866.8750000000,-99.0804672241
401790.9062500000,-99.1090774536
402717.0625000000,-99.1267547607
403645.3437500000,-99.1427230835
404575.7812500000,-99.1573410034
405508.3437500000,-99.1813583374
406443.5312500000,-99.2143936157
407380.4062500000,-99.2462158203
408319.4375000000,-99.2861175537
409260.6562500000,-99.3568420410
410204.0312500000,-99.4287643433
411149.5625000000,-99.4694137573
412097.3125000000,-99.4996185303
413047.6562500000,-99.5216903687
413999.7812500000,-99.5269622803
414954.0625000000,-99.5277328491
415910.5625000000,-99.5327758789
416869.2812500000,-99.5525360107
417830.1875000000,-99.5743942261
418793.7812500000,-99.5776138306
419759.1250000000,-99.5822448730
420726.6875000000,-99.5823593140
421696.5000000000,-99.5892105103
422668.5312500000,-99.5919876099
423642.8125000000,-99.6048278809
424619.3437500000,-99.6611022949
425598.5937500000,-99.7234649658
426579.6250000000,-99.7589645386
427562.9375000000,-99.8004760742
428548.5000000000,-99.8401489258
429536.3125000000,-99.8725738525
430526.4375000000,-99.8940200806
431519.3125000000,-99.9072647095
432514.0000000000,-99.9077148438
433510.9687500000,-99.9111862183
434510.2500000000,-99.9498519897
435511.8125000000,-99.9582443237
436515.6875000000,-99.9733657837
437521.9062500000,-99.9997787476
438530.9062500000,-100.0160522461
439541.7500000000,-100.0267105103
440554.9062500000,-100.0287322998
441570.4375000000,-100.0481262207
442588.2812500000,-100.0519180298
443608.4687500000,-100.1295928955
444631.0312500000,-100.2606658936
445656.4062500000,-100.3525161743
446683.6875000000,-100.4846649170
447713.3125000000,-100.4850997925
448745.3437500000,-100.4865264893
449779.7187500000,-100.5045318604
450816.5000000000,-100.5189895630
451856.1562500000,-100.5539245605
452897.7187500000,-100.5578231812
453941.6875000000,-100.5989685059
454988.0625000000,-100.6033859253
456036.8437500000,-100.6038208008
457088.0312500000,-100.6085128784
458141.6562500000,-100.6103363037
459198.1875000000,-100.6244506836
460256.6875000000,-100.6302337646
461317.6250000000,-100.6338272095
462380.9687500000,-100.6562042236
463446.8125000000,-100.6660537720
464515.0937500000,-100.6893005371
465586.3437500000,-100.7262878418
466659.5312500000,-100.7365722656
467735.2187500000,-100.7475357056
468813.3750000000,-100.7479324341
469894.0312500000,-100.8561096191
470977.1875000000,-100.9022140503
472062.8125000000,-100.9127044678
473151.4687500000,-100.9127502441
474242.1250000000,-100.9474792480
475335.2812500000,-100.9514846802
476430.9687500000,-100.9564361572
477529.1562500000,-101.0039291382
478629.9062500000,-101.0082626343
479733.7187500000,-101.0340347290
480839.5312500000,-101.0533370972
481947.9062500000,-101.0671920776
483058.8125000000,-101.0862350464
484172.3125000000,-101.0879058838
485288.3437500000,-101.0896682739
486406.9687500000,-101.1860351563
487528.7187500000,-101.2903289795
488652.5000000000,-101.3354873657
489778.8750000000,-101.3402786255
490907.8437500000,-101.3452758789
492039.4375000000,-101.3618011475
493173.6250000000,-101.3645477295
494310.4375000000,-101.3824234009
495450.3750000000,-101.3996658325
496592.4375000000,-101.4028396606
497737.1250000000,-101.4463500977
498884.4375000000,-101.4477920532
500034.4062500000,-101.4528350830
501187.0000000000,-101.4654083252
502342.8437500000,-101.5325851440
503500.7812500000,-101.6304855347
504661.3750000000,-101.7298126221
505824.6562500000,-101.7513885498
506990.6250000000,-101.7586288452
508159.2812500000,-101.7761001587
509330.6250000000,-101.7920684814
510505.2187500000,-101.8054275513
511681.9687500000,-101.8119354248
512861.4375000000,-101.8283691406
514043.6250000000,-101.8432617188
515228.5312500000,-101.8529968262
516416.1562500000,-101.8636093140
517607.0937500000,-101.8652343750
518800.2187500000,-101.8904190063
519996.0937500000,-101.8985595703
521194.7187500000,-101.9015121460
522396.1250000000,-101.9098968506
523600.2812500000,-101.9682312012
524807.1875000000,-102.0286407471
526017.5000000000,-102.0987930298
527230.0000000000,-102.1715927124
528445.3125000000,-102.2321624756
529663.4375000000,-102.2807922363
530884.3125000000,-102.2993011475
532108.0625000000,-102.3168487549
533335.1875000000,-102.3208236694
534564.5625000000,-102.3301696777
535796.7500000000,-102.3476409912
537031.8125000000,-102.3566818237
538269.6875000000,-102.3663787842
539510.4375000000,-102.4005889893
540754.0625000000,-102.4118804932
542001.1250000000,-102.4130630493
543250.5000000000,-102.4216003418
544502.7500000000,-102.4251785278
545757.8750000000,-102.4380798340
547015.8750000000,-102.4894332886
548276.7500000000,-102.4953384399
549540.5625000000,-102.5095825195
550807.9375000000,-102.5484619141
552077.5625000000,-102.5582275391
553350.1250000000,-102.5611419678
554625.6875000000,-102.5716018677
555904.1250000000,-102.6559448242
557185.5000000000,-102.8094100952
558470.5000000000,-102.9178237915
559757.8125000000,-102.9358978271
561048.0625000000,-102.9462051392
562341.3125000000,-102.9475708008
563637.5625000000,-102.9592819214
564936.8125000000,-102.9652633667
566239.0000000000,-102.9745178223
567544.8750000000,-102.9761199951
568853.0625000000,-102.9866027832
570164.3125000000,-102.9965820313
571478.6250000000,-103.0007553101
572795.8750000000,-103.0083847046
574116.2500000000,-103.0139007568
575440.2500000000,-103.0156173706
576766.6875000000,-103.0242309570
578096.1875000000,-103.1306610107
579428.6875000000,-103.2910003662
580764.3125000000,-103.3348693848
582103.0625000000,-103.3540496826
583444.8125000000,-103.3553695679
584790.3750000000,-103.4043350220
586138.3125000000,-103.4160766602
587489.4375000000,-103.4231185913
588843.6250000000,-103.4755630493
590200.9375000000,-103.4869079590
591561.4375000000,-103.4962463379
592925.0000000000,-103.5067901611
594292.3750000000,-103.5533447266
595662.2500000000,-103.5931243896
597035.3125000000,-103.5987243652
598411.5000000000,-103.6010589600
599790.9375000000,-103.6120147705
601173.4375000000,-103.6234893799
602559.8750000000,-103.6793289185
603948.8125000000,-103.7400207520
605340.9375000000,-103.7414245605
606736.3125000000,-103.7571029663
608134.8750000000,-103.7647933960
609536.6875000000,-103.7724609375
610941.6875000000,-103.7934646606
612350.6250000000,-103.8153152466
613762.1250000000,-103.8396682739
615176.9375000000,-103.8410797119
616594.9375000000,-103.8953094482
618016.2500000000,-103.9669342041
619440.8125000000,-104.0112609863
620869.3750000000,-104.0215606689
622300.5000000000,-104.0402832031
623734.9375000000,-104.0727233887
625172.6875000000,-104.0928955078
626613.7500000000,-104.1321182251
628058.1250000000,-104.1686477661
629505.8750000000,-104.2075347900
630957.6250000000,-104.2207641602
632412.0000000000,-104.2365951538
633869.7500000000,-104.2486572266
635330.8750000000,-104.3011779785
636795.3750000000,-104.3020477295
638263.2500000000,-104.3087844849
639735.1875000000,-104.3210601807
641209.8125000000,-104.3252410889
642687.8750000000,-104.3460006714
644169.3125000000,-104.3639678955
645654.1250000000,-104.4000473022
647142.4375000000,-104.4587020874
648634.1250000000,-104.4960556030
650130.0000000000,-104.5110168457
651628.5625000000,-104.5127105713
653130.6250000000,-104.5252456665
654636.1250000000,-104.5295639038
656145.1250000000,-104.6058120728
657657.6250000000,-104.6833953857
659173.5625000000,-104.7559661865
660693.6875000000,-104.8216857910
662216.6250000000,-104.8236846924
663743.1250000000,-104.8280029297
665273.0625000000,-104.8432617188
666806.5625000000,-104.8684082031
668343.6250000000,-104.9389419556
669884.9375000000,-104.9651565552
671429.0625000000,-104.9752883911
672976.7500000000,-104.9865798950
674528.0000000000,-104.9925308228
676082.8750000000,-105.0073547363
677641.2500000000,-105.0077896118
679203.3125000000,-105.0272674561
680769.6250000000,-105.0381088257
682338.8750000000,-105.0491867065
683911.6875000000,-105.0797195435
685488.1875000000,-105.1160202026
687068.2500000000,-105.1207885742
688652.0000000000,-105.1596603394
690240.1875000000,-105.1635513306
691831.1875000000,-105.1663665771
693425.9375000000,-105.1744079590
695024.3125000000,-105.1813049316
696626.4375000000,-105.1935272217
698232.1875000000,-105.2082595825
699841.6875000000,-105.2290344238
701455.6250000000,-105.2390518188
703072.5000000000,-105.2800445557
704693.1250000000,-105.3661651611
706317.5000000000,-105.4436721802
707945.6250000000,-105.4919967651
709577.5000000000,-105.4944915771
711213.8750000000,-105.5093994141
712853.3125000000,-105.5140914917
714496.5000000000,-105.5209503174
716143.4375000000,-105.5249099731
717794.1875000000,-105.5958023071
719448.7500000000,-105.7218246460
721107.1250000000,-105.7262496948
722770.1250000000,-105.7563552856
724436.1875000000,-105.7569808960
726106.0625000000,-105.7865219116
727779.8125000000,-105.8031692505
729457.3750000000,-105.8108444214
731138.8125000000,-105.8395156860
732824.1250000000,-105.8397445679
734514.1875000000,-105.8458862305
736207.2500000000,-105.8705749512
737904.3125000000,-105.8752899170
739605.1875000000,-105.8879547119
741310.0625000000,-105.9590988159
743018.8125000000,-106.0179519653
744732.3750000000,-106.0296401978
746449.0000000000,-106.0687103271
748169.6250000000,-106.0920562744
749894.1875000000,-106.1055450439
751622.7500000000,-106.1615447998
753355.3125000000,-106.2423553467
755091.8750000000,-106.2424468994
756833.2500000000,-106.2517623901
758577.7500000000,-106.3610992432
760326.3750000000,-106.3679275513
762078.9375000000,-106.3915557861
763835.6250000000,-106.4011230469
765596.3125000000,-106.4191207886
767361.8750000000,-106.4360733032
769130.6875000000,-106.4417190552
770903.6250000000,-106.4621887207
772680.6250000000,-106.4698867798
774461.6875000000,-106.4893035889
776246.8750000000,-106.5007247925
778036.1875000000,-106.5040130615
779830.4375000000,-106.5243225098
781628.0000000000,-106.5369491577
783429.7500000000,-106.5548248291
785235.6250000000,-106.5808944702
787045.6250000000,-106.5878372192
788859.8125000000,-106.6804428101
790678.1875000000,-106.7981262207
792501.6250000000,-106.8072204590
794328.4375000000,-106.8088989258
796159.3750000000,-106.8534927368
797994.6250000000,-106.8575286865
799834.0000000000,-106.8586730957
801677.6875000000,-106.8765487671
803526.5000000000,-106.9263305664
805378.6875000000,-106.9361801147
807235.1250000000,-106.9611816406
809095.8750000000,-107.0664825439
810960.9375000000,-107.0676803589
812830.2500000000,-107.0814819336
814703.8750000000,-107.1100769043
816582.6875000000,-107.1189727783
818465.0000000000,-107.1216430664
820351.6250000000,-107.1307983398
822242.5625000000,-107.1353836060
824137.8750000000,-107.1503982544
826037.6250000000,-107.1524505615
827942.5625000000,-107.1607055664
829851.0625000000,-107.2504653931
831763.9375000000,-107.3687286377
833681.1875000000,-107.4006729126
835602.8750000000,-107.4159622192
837529.0000000000,-107.4238967896
839459.5625000000,-107.4824447632
841395.5000000000,-107.4834289551
843335.0000000000,-107.4899597168
845278.9375000000,-107.4990234375
847227.3750000000,-107.5294570923
849180.2500000000,-107.5528259277
851137.6875000000,-107.5580291748
853100.5625000000,-107.5631713867
855067.0000000000,-107.5711212158
857038.0000000000,-107.5930938721
859013.5625000000,-107.6275558472
860993.6250000000,-107.6350326538
862978.3125000000,-107.6449966431
864967.5000000000,-107.6542282104
866962.2500000000,-107.6596069336
868960.6875000000,-107.7475357056
870963.6875000000,-107.7680969238
872971.3125000000,-107.7790298462
874983.6250000000,-107.8040466309
877000.5000000000,-107.8464813232
879022.0625000000,-107.8937149048
881049.2500000000,-107.9182739258
883080.1250000000,-107.9284667969
885115.6875000000,-107.9455871582
887155.9375000000,-107.9686813354
889200.8750000000,-107.9718170166
891250.5625000000,-107.9995269775
893305.9375000000,-108.0415267944
895365.0625000000,-108.0494461060
897428.9375000000,-108.0543289185
899497.5625000000,-108.1339721680
901571.0000000000,-108.1472320557
903649.1875000000,-108.1861343384
905732.1250000000,-108.2180633545
907820.9375000000,-108.2383575439
909913.5000000000,-108.2414169312
912010.9375000000,-108.2518463135
914113.1875000000,-108.2937088013
916220.2500000000,-108.3647537231
918332.1875000000,-108.3710174561
920450.0625000000,-108.3939666748
922571.7500000000,-108.4066619873
924698.3750000000,-108.4100418091
926829.8125000000,-108.4160079956
928966.2500000000,-108.4344711304
931107.5625000000,-108.4435195923
933253.8750000000,-108.4497833252
935406.0625000000,-108.4564590454
937562.2500000000,-108.5524291992
939723.4375000000,-108.6494598389
941889.5625000000,-108.6964263916
944060.6875000000,-108.7700042725
946236.8125000000,-108.8261337280
948419.0000000000,-108.8284072876
950605.1250000000,-108.8606872559
952796.3750000000,-108.8608474731
954992.6250000000,-108.8686981201
957193.9375000000,-108.8729934692
959400.3750000000,-108.8954467773
961611.8125000000,-108.8987731934
963829.5000000000,-108.9365997314
966051.1875000000,-108.9427795410
968278.0000000000,-108.9722442627
970509.9375000000,-108.9756240845
972747.0625000000,-108.9768981934
974989.3125000000,-108.9827041626
977236.6875000000,-108.9867248535
979490.3750000000,-109.0716247559
981748.1875000000,-109.1554107666
984011.1875000000,-109.1763610840
986279.3750000000,-109.1982650757
988552.8125000000,-109.2102737427
990831.5000000000,-109.2288589478
993116.5625000000,-109.3093948364
995405.7500000000,-109.3624343872
997700.2500000000,-109.3660583496
1000000.0000000000,-109.3973236084
1002305.0625000000,-109.4332885742
1004615.4375000000,-109.4708480835
1006931.1875000000,-109.5135803223
1009253.3125000000,-109.5684967041
1011579.7500000000,-109.6321029663
1013911.5000000000,-109.7020111084
1016248.6250000000,-109.7752380371
1018591.1250000000,-109.8080291748
1020939.0625000000,-109.8173751831
1023293.5625000000,-109.8236083984
1025652.3125000000,-109.8402099609
1028016.5000000000,-109.8452529907
1030386.1250000000,-109.8516006470
1032761.2500000000,-109.8840026855
1035141.8750000000,-109.8881759644
1037527.9375000000,-109.8896713257
1039920.6250000000,-109.9137191772
1042317.7500000000,-109.9203109741
1044720.3750000000,-109.9297256470
1047128.5000000000,-109.9416122437
1049542.2500000000,-109.9983978271
1051961.5000000000,-110.0471801758
1054386.3750000000,-110.0842514038
1056817.8750000000,-110.1084442139
1059254.0000000000,-110.1185836792
1061695.6250000000,-110.1189270020
1064142.8750000000,-110.1200866699
1066595.8750000000,-110.1211166382
1069054.3750000000,-110.1229629517
1071519.8750000000,-110.1343688965
1073989.7500000000,-110.1557693481
1076465.3750000000,-110.1895141602
1078946.7500000000,-110.2338333130
1081433.7500000000,-110.2871551514
1083926.5000000000,-110.3464508057
1086425.0000000000,-110.4070205688
1088930.5000000000,-110.4379501343
1091440.6250000000,-110.4389266968
1093956.5000000000,-110.4448928833
1096478.1250000000,-110.4485855103
1099005.5000000000,-110.4570541382
1101538.8750000000,-110.4580535889
1104079.1250000000,-110.4657363892
1106624.1250000000,-110.4698791504
1109175.0000000000,-110.4816131592
1111731.7500000000,-110.4873428345
1114294.3750000000,-110.4942321777
1116862.8750000000,-110.4943618774
1119437.3750000000,-110.5071334839
1122019.0000000000,-110.5114364624
1124605.2500000000,-110.5140380859
1127197.6250000000,-110.5174560547
1129795.8750000000,-110.5374526978
1132400.1250000000,-110.5757141113
1135010.3750000000,-110.6280517578
1137627.8750000000,-110.6890487671
1140250.2500000000,-110.7513122559
1142878.6250000000,-110.8099136353
1145513.0000000000,-110.8623199463
1148153.5000000000,-110.9086608887
1150800.0000000000,-110.9511108398
1153452.7500000000,-110.9920730591
1156112.7500000000,-111.0302886963
1158777.7500000000,-111.0515136719
1161448.7500000000,-111.0522613525
1164126.0000000000,-111.0609664917
1166809.3750000000,-111.0628814697
1169499.0000000000,-111.0655364990
1172194.7500000000,-111.0760574341
1174898.0000000000,-111.0793609619
1177606.2500000000,-111.0836105347
1180320.7500000000,-111.0916137695
1183041.3750000000,-111.1285324097
1185768.3750000000,-111.1767807007
1188501.7500000000,-111.2382354736
1191242.6250000000,-111.3143539429
1193988.5000000000,-111.4033203125
1196740.7500000000,-111.4979782104
1199499.2500000000,-111.5115356445
1202264.2500000000,-111.5169525146
1205035.5000000000,-111.5309371948
1207813.2500000000,-111.5456314087
1210598.6250000000,-111.5700912476
1213389.1250000000,-111.5852508545
1216186.1250000000,-111.5909271240
1218989.5000000000,-111.6172637939
1221799.3750000000,-111.6431884766
1224615.7500000000,-111.6470260620
1227439.8750000000,-111.6560592651
1230269.2500000000,-111.6697463989
1233105.0000000000,-111.6923904419
1235947.5000000000,-111.7303924561
1238796.3750000000,-111.7522125244
1241651.8750000000,-111.7605514526
1244514.0000000000,-111.7611083984
1247384.1250000000,-111.7620620728
1250259.3750000000,-111.7723007202
1253141.3750000000,-111.7993469238
1256029.8750000000,-111.8469619751
1258925.1250000000,-111.9129714966
1261827.0000000000,-111.9884796143
1264737.0000000000,-112.0597991943
1267652.3750000000,-112.1131591797
1270574.3750000000,-112.1301116943
1273503.1250000000,-112.1336212158
1276438.6250000000,-112.1372833252
1279380.8750000000,-112.1409606934
1282330.0000000000,-112.1454162598
1285287.2500000000,-112.1503295898
1288250.0000000000,-112.1764068604
1291219.5000000000,-112.2054824829
1294195.7500000000,-112.2322006226
1297179.0000000000,-112.2538757324
1300169.1250000000,-112.2701950073
1303166.1250000000,-112.2821197510
1306171.3750000000,-112.2912673950
1309182.2500000000,-112.2996749878
1312200.0000000000,-112.3094253540
1315224.7500000000,-112.3220825195
1318256.3750000000,-112.3386459351
1321295.1250000000,-112.3603515625
1324342.2500000000,-112.3894119263
1327394.8750000000,-112.4301147461
1330454.6250000000,-112.4810333252
1333521.3750000000,-112.5407104492
1336595.2500000000,-112.6017837524
1339676.2500000000,-112.6537551880
1342764.2500000000,-112.6711120605
1345860.8750000000,-112.6748657227
1348963.2500000000,-112.6869354248
1352072.7500000000,-112.6888885498
1355189.3750000000,-112.6899261475
1358313.1250000000,-112.6971435547
1361444.1250000000,-112.7341003418
1364583.8750000000,-112.7954483032
1367729.3750000000,-112.8590087891
1370882.0000000000,-112.9108734131
1374042.0000000000,-112.9452056885
1377209.2500000000,-112.9654846191
1380383.8750000000,-112.9797592163
1383565.7500000000,-112.9946060181
1386756.5000000000,-113.0126495361
1389953.0000000000,-113.0344314575
1393157.0000000000,-113.0783615112
1396368.2500000000,-113.1386947632
1399587.0000000000,-113.1888732910
1402813.1250000000,-113.2414321899
1406046.7500000000,-113.2914810181
1409289.3750000000,-113.3364715576
1412537.8750000000,-113.3766632080
1415793.8750000000,-113.4134674072
1419057.3750000000,-113.4139251709
1422328.3750000000,-113.4153137207
1425607.0000000000,-113.4371109009
1428894.6250000000,-113.4472274780
1432188.3750000000,-113.4472961426
1435489.6250000000,-113.4768600464
1438798.5000000000,-113.4844970703
1442115.1250000000,-113.5003356934
1445439.2500000000,-113.5024566650
1448771.1250000000,-113.5147399902
1452112.2500000000,-113.5175094604
1455459.5000000000,-113.5207138062
1458814.3750000000,-113.5258255005
1462177.0000000000,-113.5311355591
1465547.5000000000,-113.5402221680
1468925.6250000000,-113.5462188721
1472313.2500000000,-113.5628662109
1475707.0000000000,-113.5698089600
1479108.6250000000,-113.5800628662
1482518.1250000000,-113.6080322266
1485935.3750000000,-113.6143112183
1489360.6250000000,-113.6169815063
1492793.6250000000,-113.6256866455
1496236.3750000000,-113.6686935425
1499685.2500000000,-113.7268524170
1503142.1250000000,-113.8142089844
1506607.0000000000,-113.9037475586
1510079.7500000000,-113.9663009644
1513560.6250000000,-114.0285415649
1517051.1250000000,-114.0859909058
1520548.1250000000,-114.1352539063
1524053.0000000000,-114.1759185791
1527566.1250000000,-114.2235794067
1531087.2500000000,-114.2585067749
1534616.5000000000,-114.2636184692
1538153.8750000000,-114.2669830322
1541701.1250000000,-114.2683029175
1545254.8750000000,-114.2702941895
1548816.8750000000,-114.2724685669
1552387.0000000000,-114.2832336426
1555965.3750000000,-114.3006362915
1559551.8750000000,-114.3217926025
1563146.7500000000,-114.3465347290
1566751.7500000000,-114.3740921021
1570363.1250000000,-114.4147872925
1573983.0000000000,-114.4340896606
1577611.1250000000,-114.4473800659
1581247.6250000000,-114.4506301880
1584892.5000000000,-114.4624557495
1588547.5000000000,-114.4765090942
1592209.2500000000,-114.4795532227
1595879.3750000000,-114.4884033203
1599558.0000000000,-114.4940872192
1603245.1250000000,-114.5232772827
1606940.7500000000,-114.5251617432
1610644.8750000000,-114.5398330688
1614359.2500000000,-114.5448074341
1618080.5000000000,-114.6246185303
1621810.2500000000,-114.7592239380
1625548.6250000000,-114.9009933472
1629295.6250000000,-114.9291915894
1633051.2500000000,-114.9404830933
1636817.3750000000,-114.9792709351
1640590.3750000000,-114.9795532227
1644372.0000000000,-114.9871749878
1648162.3750000000,-115.0485229492
1651961.5000000000,-115.0504684448
1655769.5000000000,-115.0778045654
1659586.1250000000,-115.0785064697
1663413.3750000000,-115.0889434814
1667247.6250000000,-115.0908737183
1671090.7500000000,-115.0926742554
1674942.7500000000,-115.1072769165
1678803.6250000000,-115.1155624390
1682673.3750000000,-115.1247863770
1686554.0000000000,-115.1368026733
1690441.6250000000,-115.1425247192
1694338.1250000000,-115.1471405029
1698243.7500000000,-115.1557388306
1702158.2500000000,-115.1608581543
1706081.8750000000,-115.1660614014
1710014.5000000000,-115.1967239380
1713958.1250000000,-115.2085418701
1717908.8750000000,-115.2310943604
1721868.8750000000,-115.2887573242
1725837.8750000000,-115.3433380127
1729816.0000000000,-115.3659286499
1733803.3750000000,-115.3698348999
1737799.8750000000,-115.3828430176
1741807.6250000000,-115.4167938232
1745822.6250000000,-115.4550857544
1749846.7500000000,-115.5242156982
1753880.3750000000,-115.5906829834
1757923.1250000000,-115.6260147095
1761975.2500000000,-115.6655044556
1766038.7500000000,-115.7019119263
1770109.5000000000,-115.7316665649
1774189.7500000000,-115.7685241699
1778279.3750000000,-115.7772903442
1782378.5000000000,-115.7815856934
1786487.0000000000,-115.7901535034
1790605.0000000000,-115.8167266846
1794734.3750000000,-115.8170394897
1798871.3750000000,-115.8230514526
1803017.8750000000,-115.8741226196
1807174.0000000000,-115.8983993530
1811339.6250000000,-115.9326782227
1815514.8750000000,-115.9873123169
1819701.8750000000,-116.0390625000
1823896.3750000000,-116.0911407471
1828100.6250000000,-116.0946426392
1832314.5000000000,-116.1073379517
1836538.1250000000,-116.1154022217
1840771.3750000000,-116.1345443726
1845014.5000000000,-116.1361694336
1849269.5000000000,-116.1848220825
1853532.1250000000,-116.2038879395
1857804.6250000000,-116.2177886963
1862087.0000000000,-116.2353591919
1866379.2500000000,-116.2450790405
1870681.3750000000,-116.2535781860
1874993.5000000000,-116.2735366821
1879317.5000000000,-116.3275527954
1883649.5000000000,-116.3318252563
1887991.5000000000,-116.3511581421
1892343.3750000000,-116.3709411621
1896705.3750000000,-116.3781051636
1901077.3750000000,-116.3791351318
1905461.6250000000,-116.3831176758
1909853.8750000000,-116.4334487915
1914256.2500000000,-116.4491653442
1918668.7500000000,-116.4969406128
1923091.3750000000,-116.5112075806
1927524.2500000000,-116.5398864746
1931967.3750000000,-116.5557479858
1936422.7500000000,-116.5865707397
1940886.3750000000,-116.5895309448
1945360.2500000000,-116.6274795532
1949844.3750000000,-116.6355972290
1954339.0000000000,-116.6437454224
1958843.8750000000,-116.7074737549
1963361.2500000000,-116.7165985107
1967887.0000000000,-116.7275161743
1972423.1250000000,-116.7374725342
1976969.6250000000,-116.8203582764
1981526.7500000000,-116.8766555786
1986094.2500000000,-116.9008331299
1990672.3750000000,-116.9244689941
1995263.2500000000,-116.9832153320
1999862.3750000000,-117.0925827026
2004472.2500000000,-117.1392822266
2009092.7500000000,-117.1411666870
2013723.7500000000,-117.1527252197
2018365.6250000000,-117.1789703369
2023020.2500000000,-117.1800308228
2027683.5000000000,-117.1811828613
2032357.3750000000,-117.1842575073
2037042.1250000000,-117.1971054077
2041737.6250000000,-117.2059097290
2046444.0000000000,-117.2157516479
2051161.2500000000,-117.2190628052
2055891.5000000000,-117.2240829468
2060630.5000000000,-117.2281494141
2065380.3750000000,-117.2389297485
2070141.2500000000,-117.2401046753
2074913.1250000000,-117.2549438477
2079695.8750000000,-117.2693710327
2084489.7500000000,-117.3189010620
2089297.0000000000,-117.3311767578
2094112.8750000000,-117.3375091553
2098940.0000000000,-117.3650360107
2103778.2500000000,-117.4669342041
2108627.5000000000,-117.5713958740
2113488.0000000000,-117.6538543701
2118362.2500000000,-117.6577377319
2123245.2500000000,-117.6626052856
2128139.5000000000,-117.6847991943
2133045.0000000000,-117.7011795044
2137961.7500000000,-117.7243881226
2142889.7500000000,-117.7296981812
2147829.5000000000,-117.7454986572
2152782.7500000000,-117.7509841919
2157745.0000000000,-117.7587738037
2162718.7500000000,-117.7715148926
2167704.0000000000,-117.8053207397
2172700.7500000000,-117.8437042236
2177708.7500000000,-117.8734970093
2182731.0000000000,-117.8766174316
2187762.5000000000,-117.8768615723
2192805.2500000000,-117.8852310181
2197860.0000000000,-117.9209213257
2202926.2500000000,-117.9695587158
2208004.0000000000,-117.9999771118
2213093.7500000000,-118.0036849976
2218197.5000000000,-118.0060729980
2223310.5000000000,-118.0478897095
2228435.5000000000,-118.1556777954
2233572.0000000000,-118.2417068481
2238720.7500000000,-118.2927017212
2243881.0000000000,-118.3048706055
2249055.7500000000,-118.3092803955
2254240.0000000000,-118.3137893677
2259436.2500000000,-118.3652954102
2264644.5000000000,-118.4218826294
2269864.5000000000,-118.4251403809
2275096.7500000000,-118.4294357300
2280341.0000000000,-118.4574050903
2285600.0000000000,-118.4655685425
2290868.2500000000,-118.4663543701
2296149.0000000000,-118.4883041382
2301441.7500000000,-118.4920883179
2306746.7500000000,-118.5403747559
2312064.0000000000,-118.6567535400
2317393.5000000000,-118.7078475952
2322737.7500000000,-118.7100830078
2328091.7500000000,-118.7537536621
2333458.2500000000,-118.7714614868
2338837.0000000000,-118.8443222046
2344228.2500000000,-118.8514404297
2349631.7500000000,-118.8899612427
2355050.5000000000,-118.8948669434
2360479.0000000000,-118.9076995850
2365920.0000000000,-118.9092788696
2371373.7500000000,-118.9398422241
2376840.0000000000,-118.9531021118
2382318.7500000000,-118.9674606323
2387810.0000000000,-118.9747238159
2393316.7500000000,-118.9770584106
2398833.5000000000,-118.9858245850
2404363.0000000000,-119.0425491333
2409905.2500000000,-119.0431976318
2415460.2500000000,-119.0498962402
2421028.0000000000,-119.0572357178
2426611.2500000000,-119.0656509399
2432205.0000000000,-119.0822753906
2437811.2500000000,-119.0882797241
2443430.5000000000,-119.0984115601
2449063.0000000000,-119.1447448730
2454708.2500000000,-119.1605834961
2460366.5000000000,-119.1788558960
2466040.5000000000,-119.1823348999
2471724.7500000000,-119.2889175415
2477422.2500000000,-119.4058074951
2483133.0000000000,-119.4201126099
2488856.7500000000,-119.4253616333
2494593.7500000000,-119.4620742798
2500344.0000000000,-119.4963150024
2506110.2500000000,-119.5449371338
2511887.0000000000,-119.5587615967
2517677.0000000000,-119.5687408447
2523480.5000000000,-119.5792694092
2529297.2500000000,-119.5848388672
2535127.5000000000,-119.5902175903
2540974.0000000000,-119.6140975952
2546831.0000000000,-119.6175079346
2552701.7500000000,-119.6177291870
2558585.7500000000,-119.6493606567
2564483.5000000000,-119.6515426636
2570395.0000000000,-119.6826400757
2576319.7500000000,-119.7713546753
2582261.2500000000,-119.7744064331
2588213.5000000000,-119.7794189453
2594179.5000000000,-119.8110961914
2600159.2500000000,-119.8299255371
2606153.0000000000,-119.8440246582
2612160.2500000000,-119.8461990356
2618184.2500000000,-119.8740921021
2624219.5000000000,-119.8850173950
2630268.5000000000,-119.8909912109
2636331.5000000000,-119.8931961060
2642408.2500000000,-119.9093856812
2648499.2500000000,-119.9237213135
2654604.2500000000,-119.9333496094
2660726.2500000000,-119.9372482300
2666859.5000000000,-120.0314102173
2673006.7500000000,-120.0418395996
2679168.2500000000,-120.0536804199
2685343.7500000000,-120.0930862427
2691533.7500000000,-120.1004943848
2697741.0000000000,-120.1522064209
2703959.2500000000,-120.1833648682
2710192.2500000000,-120.1915817261
2716439.2500000000,-120.2209625244
2722701.0000000000,-120.2882156372
2728977.0000000000,-120.2890777588
2735267.5000000000,-120.3056945801
2741575.5000000000,-120.4005126953
2747895.0000000000,-120.4627380371
2754229.0000000000,-120.5075912476
2760577.7500000000,-120.5112838745
2766941.0000000000,-120.5126800537
2773319.0000000000,-120.5238113403
2779711.7500000000,-120.5351257324
2786122.2500000000,-120.5451278687
2792544.5000000000,-120.5493545532
2798981.5000000000,-120.5528945923
2805433.2500000000,-120.5586318970
2811900.0000000000,-120.5831222534
2818381.7500000000,-120.5879440308
2824881.2500000000,-120.6098480225
2831393.0000000000,-120.6156234741
2837919.5000000000,-120.6305999756
2844461.0000000000,-120.6887207031
2851017.7500000000,-120.6924209595
2857589.5000000000,-120.7767028809
2864176.5000000000,-120.7947082520
2870781.7500000000,-120.8382720947
2877399.2500000000,-120.9130554199
2884031.7500000000,-120.9138031006
2890679.7500000000,-120.9152297974
2897343.0000000000,-120.9261322021
2904021.5000000000,-120.9322433472
2910718.7500000000,-120.9384078979
2917428.0000000000,-120.9570541382
2924153.0000000000,-121.0070724487
2930893.2500000000,-121.1332550049
2937649.2500000000,-121.1344528198
2944420.7500000000,-121.1536178589
2951207.7500000000,-121.1750717163
2958013.7500000000,-121.2121582031
2964832.2500000000,-121.2129898071
2971666.2500000000,-121.2196655273
2978516.2500000000,-121.2242431641
2985382.0000000000,-121.2434234619
2992263.5000000000,-121.3266143799
2999164.2500000000,-121.3426132202
3006077.5000000000,-121.3644104004
3013006.7500000000,-121.3776702881
3019951.7500000000,-121.3835067749
3026913.0000000000,-121.4014129639
3033890.2500000000,-121.4139022827
3040883.7500000000,-121.4249114990
3047896.5000000000,-121.4311218262
3054922.0000000000,-121.4362716675
3061963.7500000000,-121.4401092529
3069022.0000000000,-121.4472351074
3076096.2500000000,-121.4556579590
3083186.7500000000,-121.4750900269
3090293.7500000000,-121.4980850220
3097420.5000000000,-121.5304489136
3104560.2500000000,-121.5672149658
3111716.5000000000,-121.6074905396
3118889.2500000000,-121.6471710205
3126078.5000000000,-121.6857070923
3133284.5000000000,-121.7183151245
3140510.2500000000,-121.7481231689
3147749.2500000000,-121.7745742798
3155005.2500000000,-121.8007278442
3162277.7500000000,-121.8271026611
3169567.0000000000,-121.8566207886
3176873.0000000000,-121.8870697021
3184196.0000000000,-121.9188232422
3191539.2500000000,-121.9503555298
3198896.0000000000,-121.9818038940
3206269.7500000000,-122.0132369995
3213660.2500000000,-122.0453872681
3221068.0000000000,-122.0784835815
3228492.7500000000,-122.1123275757
3235938.2500000000,-122.1460571289
3243397.2500000000,-122.1778182983
3250873.5000000000,-122.2072372437
3258367.0000000000,-122.2344131470
3265877.7500000000,-122.2585144043
3273406.0000000000,-122.2820358276
3280951.2500000000,-122.3050765991
3288517.7500000000,-122.3282394409
3296098.0000000000,-122.3514022827
3303695.7500000000,-122.3727874756
3311311.0000000000,-122.3931350708
3318944.0000000000,-122.4120407104
3326594.2500000000,-122.4322586060
3334262.2500000000,-122.4543457031
3341951.7500000000,-122.4818420410
3349655.2500000000,-122.5137710571
3357376.2500000000,-122.5482025146
3365115.2500000000,-122.5827102661
3372872.2500000000,-122.6130447388
3380646.7500000000,-122.6205673218
3388443.2500000000,-122.6243667603
3396253.7500000000,-122.6246795654
3404082.5000000000,-122.6316528320
3411929.0000000000,-122.6350784302
3419793.7500000000,-122.6388778687
3427676.7500000000,-122.6420135498
3435577.7500000000,-122.6511383057
3443500.7500000000,-122.6514282227
3451438.2500000000,-122.6522445679
3459394.0000000000,-122.6588134766
3467368.2500000000,-122.6598281860
3475360.7500000000,-122.6776962280
3483371.7500000000,-122.7087173462
3491405.0000000000,-122.7435684204
3499452.7500000000,-122.7818145752
3507519.2500000000,-122.8203659058
3515604.5000000000,-122.8592071533
3523708.2500000000,-122.8989486694
3531830.5000000000,-122.9392700195
3539971.7500000000,-122.9801864624
3548135.5000000000,-123.0189590454
3556314.2500000000,-123.0538482666
3564511.7500000000,-123.0847854614
3572728.2500000000,-123.1055526733
3580963.5000000000,-123.1226196289
3589218.0000000000,-123.1362762451
3597495.2500000000,-123.1493148804
3605787.7500000000,-123.1647644043
3614099.2500000000,-123.1825103760
3622430.0000000000,-123.2045516968
3630780.0000000000,-123.2274398804
3639149.2500000000,-123.2502059937
3647537.7500000000,-123.2700119019
3655949.5000000000,-123.2849731445
3664376.7500000000,-123.2967605591
3672823.5000000000,-123.3050842285
3681289.5000000000,-123.3158493042
3689775.2500000000,-123.3317260742
3698280.5000000000,-123.3549728394
3706805.2500000000,-123.3932952881
3715353.7500000000,-123.4390792847
3723918.0000000000,-123.4915924072
3732501.7500000000,-123.5498886108
3741105.5000000000,-123.6089782715
3749729.0000000000,-123.6675872803
3758372.5000000000,-123.7236328125
3767039.7500000000,-123.7712707520
3775723.2500000000,-123.8101501465
3784426.5000000000,-123.8267517090
3793149.7500000000,-123.8300399780
3801893.2500000000,-123.8303222656
3810657.0000000000,-123.8363037109
3819440.7500000000,-123.8391647339
3828249.0000000000,-123.8399047852
3837073.5000000000,-123.8445205688
3845918.2500000000,-123.8511047363
3854783.2500000000,-123.8522109985
3863668.7500000000,-123.8548431396
3872574.7500000000,-123.8550338745
3881505.7500000000,-123.8762512207
3890452.7500000000,-123.9054489136
3899420.5000000000,-123.9376449585
3908409.0000000000,-123.9715728760
3917418.2500000000,-124.0052337646
3926448.0000000000,-124.0368118286
3935498.7500000000,-124.0674209595
3944574.7500000000,-124.0975189209
3953667.2500000000,-124.1279373169
3962780.7500000000,-124.1605072021
3971915.2500000000,-124.1958007813
3981070.7500000000,-124.2336959839
3990247.5000000000,-124.2732620239
3999449.7500000000,-124.3067169189
4008668.7500000000,-124.3308334351
4017909.0000000000,-124.3445663452
4027170.5000000000,-124.3470306396
4036453.5000000000,-124.3477249146
4045757.7500000000,-124.3542480469
4055083.5000000000,-124.3698043823
4064435.2500000000,-124.3981857300
4073804.0000000000,-124.4406814575
4083194.5000000000,-124.4873428345
4092606.5000000000,-124.5329589844
4102040.2500000000,-124.5721893311
4111495.7500000000,-124.5943527222
4120973.0000000000,-124.6039428711
4130476.7500000000,-124.6069183350
4139997.7500000000,-124.6080169678
4149540.7500000000,-124.6116714478
4159105.7500000000,-124.6136550903
4168692.7500000000,-124.6144485474
4178301.7500000000,-124.6275787354
4187937.7500000000,-124.6308517456
4197591.0000000000,-124.6380157471
4207267.0000000000,-124.6447143555
4216965.0000000000,-124.6514663696
4226685.5000000000,-124.6608657837
4236428.0000000000,-124.6678924561
4246193.5000000000,-124.6713867188
4255986.0000000000,-124.6871795654
4265796.5000000000,-124.7470092773
4275629.5000000000,-124.8073425293
4285485.0000000000,-124.8584136963
4295363.0000000000,-124.8916702271
4305264.5000000000,-124.9129562378
4315193.0000000000,-124.9280548096
4325140.0000000000,-124.9397125244
4335109.5000000000,-124.9505844116
4345102.5000000000,-124.9648971558
4355118.0000000000,-124.9928283691
4365157.0000000000,-125.0342407227
4375219.0000000000,-125.0823287964
4385309.0000000000,-125.1271591187
4395417.5000000000,-125.1578674316
4405549.0000000000,-125.1664962769
4415704.5000000000,-125.1669311523
4425883.0000000000,-125.1694030762
4436085.0000000000,-125.1813049316
4446310.5000000000,-125.2039794922
4456564.0000000000,-125.2359924316
4466837.0000000000,-125.2753829956
4477133.5000000000,-125.3189392090
4487453.5000000000,-125.3608016968
4497797.5000000000,-125.3945617676
4508165.0000000000,-125.4154434204
4518561.5000000000,-125.4199295044
4528977.0000000000,-125.4204711914
4539417.0000000000,-125.4223785400
4549880.5000000000,-125.4342269897
4560368.5000000000,-125.4635162354
4570880.5000000000,-125.5056228638
4581416.5000000000,-125.5539245605
4591982.0000000000,-125.5998840332
4602567.0000000000,-125.6357040405
4613176.0000000000,-125.6569976807
4623810.0000000000,-125.6695251465
4634468.0000000000,-125.6804351807
4645151.0000000000,-125.6944580078
4655863.5000000000,-125.7139129639
4666595.5000000000,-125.7385177612
4677352.0000000000,-125.7657546997
4688134.0000000000,-125.7913894653
4698940.5000000000,-125.8102264404
4709771.5000000000,-125.8225555420
4720628.0000000000,-125.8352508545
4731514.5000000000,-125.8536834717
4742421.0000000000,-125.8767166138
4753353.0000000000,-125.8975830078
4764309.5000000000,-125.9101104736
4775291.5000000000,-125.9161529541
4786299.0000000000,-125.9277572632
4797337.0000000000,-125.9593811035
4808395.5000000000,-126.0154800415
4819479.0000000000,-126.0796813965
4830588.0000000000,-126.1371154785
4841723.0000000000,-126.1799926758
4852883.5000000000,-126.2086715698
4864070.0000000000,-126.2285003662
4875287.0000000000,-126.2354278564
4886525.0000000000,-126.2454528809
4897789.0000000000,-126.2456436157
4909078.5000000000,-126.2488708496
4920394.5000000000,-126.2630157471
4931736.0000000000,-126.2770767212
4943104.0000000000,-126.2779769897
4954504.0000000000,-126.2815170288
4965924.5000000000,-126.2991638184
4977371.0000000000,-126.3040466309
4988844.5000000000,-126.3127059937
5000344.0000000000,-126.3167648315
5011870.0000000000,-126.3249816895
5023428.5000000000,-126.3790283203
5035007.5000000000,-126.4335403442
5046614.0000000000,-126.4815444946
5058246.5000000000,-126.5160751343
5069906.0000000000,-126.5348815918
5081592.5000000000,-126.5446472168
5093306.0000000000,-126.5583419800
5105052.0000000000,-126.5856552124
5116819.5000000000,-126.6249313354
5128614.5000000000,-126.6659317017
5140436.0000000000,-126.7016830444
5152285.0000000000,-126.7364578247
5164161.5000000000,-126.7792205811
5176071.0000000000,-126.8299636841
5188002.0000000000,-126.8688735962
5199961.0000000000,-126.8694915771
5211947.0000000000,-126.8756103516
5223961.0000000000,-126.8773651123
5236002.5000000000,-126.8779067993
5248072.0000000000,-126.8860321045
5260175.0000000000,-126.8905487061
5272300.0000000000,-126.8911132813
5284453.0000000000,-126.8923110962
5296634.0000000000,-126.8976593018
5308843.5000000000,-126.8998565674
5321080.5000000000,-126.9006500244
5333352.0000000000,-126.9025726318
5345645.5000000000,-126.9424514771
5357967.5000000000,-127.0034713745
5370318.0000000000,-127.0644073486
5382697.0000000000,-127.1134948730
5395104.5000000000,-127.1510467529
5407541.0000000000,-127.1842422485
5420011.5000000000,-127.2188110352
5432505.0000000000,-127.2549362183
5445027.5000000000,-127.2896041870
5457578.5000000000,-127.3211517334
5470158.5000000000,-127.3472061157
5482767.5000000000,-127.3492584229
5495406.0000000000,-127.3542098999
5508079.0000000000,-127.3563919067
5520775.5000000000,-127.3708190918
5533501.5000000000,-127.3719482422
5546256.5000000000,-127.3761215210
5559041.0000000000,-127.3793258667
5571855.0000000000,-127.4056243896
5584704.5000000000,-127.4533309937
5597578.0000000000,-127.4953384399
5610480.5000000000,-127.5115966797
5623413.5000000000,-127.5229492188
5636375.5000000000,-127.5438156128
5649368.0000000000,-127.5842285156
5662390.0000000000,-127.6382446289
5675448.5000000000,-127.6660766602
5688531.0000000000,-127.6727523804
5701643.5000000000,-127.6880798340
5714786.0000000000,-127.6883621216
5727959.0000000000,-127.6897506714
5741162.5000000000,-127.7069168091
5754402.5000000000,-127.7128906250
5767666.5000000000,-127.7186355591
5780961.5000000000,-127.7207107544
5794287.0000000000,-127.7271881104
5807643.5000000000,-127.7374267578
5821030.5000000000,-127.7687530518
5834448.5000000000,-127.8168334961
5847903.5000000000,-127.8806991577
5861383.5000000000,-127.9463043213
5874894.0000000000,-127.9673004150
5888436.5000000000,-127.9762878418
5902009.5000000000,-127.9790420532
5915614.0000000000,-127.9968185425
5929250.0000000000,-128.0058288574
5942924.0000000000,-128.0097656250
5956622.5000000000,-128.0218963623
5970353.0000000000,-128.0375518799
5984115.5000000000,-128.0683441162
5997909.0000000000,-128.0980682373
6011734.5000000000,-128.1428222656
6025599.0000000000,-128.1875762939
6039488.0000000000,-128.2198181152
6053409.5000000000,-128.2539215088
6067363.0000000000,-128.2822723389
6081349.0000000000,-128.2945709229
6095367.0000000000,-128.2963256836
6109417.0000000000,-128.2968750000
6123506.5000000000,-128.3090515137
6137621.5000000000,-128.3404083252
6151769.0000000000,-128.3921356201
6165949.5000000000,-128.4524993896
6180162.5000000000,-128.4991149902
6194408.0000000000,-128.5177154541
6208693.5000000000,-128.5195465088
6223005.0000000000,-128.5204162598
6237349.5000000000,-128.5287170410
6251727.0000000000,-128.5413360596
6266137.5000000000,-128.5552368164
6280581.5000000000,-128.5695648193
6295058.5000000000,-128.5867462158
6309576.0000000000,-128.6179809570
6324120.0000000000,-128.6684570313
6338698.0000000000,-128.7233581543
6353309.0000000000,-128.7539215088
6367954.0000000000,-128.7610473633
6382632.5000000000,-128.7613983154
6397352.0000000000,-128.7655181885
6412098.0000000000,-128.7831115723
6426878.5000000000,-128.8287200928
6441693.0000000000,-128.8760223389
6456541.5000000000,-128.9046478271
6471424.0000000000,-128.9244995117
6486341.5000000000,-128.9327392578
6501300.0000000000,-128.9419403076
6516286.0000000000,-128.9692535400
6531306.5000000000,-128.9951019287
6546361.5000000000,-129.0165557861
6561451.5000000000,-129.0237426758
6576576.0000000000,-129.0284881592
6591735.5000000000,-129.0375213623
6606937.0000000000,-129.0420837402
6622166.5000000000,-129.0478515625
6637431.0000000000,-129.0632781982
6652731.0000000000,-129.1203765869
6668066.0000000000,-129.1552276611
6683436.0000000000,-129.1651458740
6698849.5000000000,-129.1852264404
6714290.5000000000,-129.1927947998
6729767.5000000000,-129.2066040039
6745280.0000000000,-129.2320861816
6760828.5000000000,-129.2522735596
6776413.0000000000,-129.2614135742
6792033.0000000000,-129.3070068359
6807696.5000000000,-129.4161987305
6823388.5000000000,-129.4447326660
6839117.0000000000,-129.4515686035
6854881.5000000000,-129.4570617676
6870682.5000000000,-129.4632720947
6886520.0000000000,-129.4666595459
6902401.5000000000,-129.4761962891
6918312.0000000000,-129.4768218994
6934259.5000000000,-129.4861297607
6950243.5000000000,-129.5204620361
6966264.0000000000,-129.5748901367
6982322.0000000000,-129.6143035889
6998416.5000000000,-129.6409912109
7014556.0000000000,-129.6423950195
7030725.0000000000,-129.6448364258
7046931.5000000000,-129.6476287842
7063175.0000000000,-129.6538696289
7079456.5000000000,-129.6586151123
7095775.0000000000,-129.6617126465
7112139.0000000000,-129.6783294678
7128533.0000000000,-129.6909790039
7144965.0000000000,-129.7000732422
7161434.5000000000,-129.7601623535
7177942.0000000000,-129.7685394287
7194487.5000000000,-129.7743377686
7211071.5000000000,-129.8333892822
7227701.5000000000,-129.8717803955
7244362.0000000000,-129.8848266602
7261060.5000000000,-129.8862304688
7277798.0000000000,-129.8906250000
7294573.5000000000,-129.9053649902
7311388.0000000000,-129.9136505127
7328241.5000000000,-129.9328613281
7345141.5000000000,-129.9360809326
7362072.5000000000,-129.9447784424
7379043.0000000000,-129.9481964111
7396052.0000000000,-129.9505157471
7413100.5000000000,-130.0329895020
7430188.0000000000,-130.1410217285
7447323.5000000000,-130.1589660645
7464490.0000000000,-130.1750793457
7481696.5000000000,-130.2012176514
7498942.0000000000,-130.2249755859
7516227.5000000000,-130.2474517822
7533553.0000000000,-130.2741088867
7550918.5000000000,-130.3566741943
7568332.0000000000,-130.3605651855
7585777.5000000000,-130.3906402588
7603263.5000000000,-130.3961181641
7620789.5000000000,-130.4686279297
7638356.0000000000,-130.4756469727
7655963.0000000000,-130.5143585205
7673619.0000000000,-130.5418243408
7691307.0000000000,-130.5433959961
7709036.0000000000,-130.5689697266
7726806.0000000000,-130.5848388672
7744617.0000000000,-130.6064910889
7762469.0000000000,-130.6319122314
7780362.0000000000,-130.6382141113
7798304.5000000000,-130.6716003418
7816280.5000000000,-130.6744537354
7834297.5000000000,-130.6772766113
7852356.0000000000,-130.6862945557
7870456.0000000000,-130.6936340332
7888598.0000000000,-130.7230987549
7906782.0000000000,-130.7813262939
7925016.5000000000,-130.8267059326
7943284.0000000000,-130.8611755371
7961594.0000000000,-130.8634185791
7979946.0000000000,-130.8733062744
7998340.5000000000,-130.8993835449
8016777.0000000000,-130.9120178223
8035265.0000000000,-130.9382171631
8053787.0000000000,-131.0086517334
8072351.5000000000,-131.0391693115
8090959.0000000000,-131.0534210205
8109609.0000000000,-131.0681304932
8128302.5000000000,-131.0810241699
8147038.5000000000,-131.1034698486
8165827.0000000000,-131.1147155762
8184650.0000000000,-131.1594696045
8203516.0000000000,-131.1710205078
8222426.0000000000,-131.1727142334
8241379.0000000000,-131.1789703369
8260376.0000000000,-131.1854553223
8279426.0000000000,-131.2028045654
8298510.5000000000,-131.2189636230
8317639.0000000000,-131.2269897461
8336812.0000000000,-131.2274169922
8356029.0000000000,-131.2304077148
8375290.0000000000,-131.2327117920
8394596.0000000000,-131.2437896729
8413955.0000000000,-131.2533874512
8433350.0000000000,-131.3399505615
8452789.0000000000,-131.3550567627
8472274.0000000000,-131.3641510010
8491803.0000000000,-131.3792877197
8511377.0000000000,-131.4838714600
8531006.0000000000,-131.5627441406
8550670.0000000000,-131.5811157227
8570380.0000000000,-131.5829315186
8590136.0000000000,-131.5846710205
8609936.0000000000,-131.6046142578
8629783.0000000000,-131.6335144043
8649675.0000000000,-131.6431579590
8669623.0000000000,-131.6510314941
8689607.0000000000,-131.6797637939
8709637.0000000000,-131.6840209961
8729713.0000000000,-131.6987152100
8749836.0000000000,-131.7014465332
8770005.0000000000,-131.7206268311
8790220.0000000000,-131.7220306396
8810492.0000000000,-131.7383270264
8830801.0000000000,-131.7436676025
8851157.0000000000,-131.7775726318
8871559.0000000000,-131.7796783447
8892009.0000000000,-131.7910766602
8912505.0000000000,-131.8832092285
8933059.0000000000,-131.9431915283
8953651.0000000000,-131.9453430176
8974289.0000000000,-131.9667205811
8994976.0000000000,-131.9848175049
9015710.0000000000,-132.0000457764
9036492.0000000000,-132.0194396973
9057321.0000000000,-132.0311279297
9078209.0000000000,-132.0311889648
9099135.0000000000,-132.0338897705
9120109.0000000000,-132.0474243164
9141132.0000000000,-132.0586700439
9162203.0000000000,-132.0832977295
9183322.0000000000,-132.0908050537
9204500.0000000000,-132.1642303467
9225718.0000000000,-132.2481994629
9246983.0000000000,-132.3282775879
9268298.0000000000,-132.3357086182
9289662.0000000000,-132.3406524658
9311076.0000000000,-132.3495330811
9332538.0000000000,-132.3505859375
9354061.0000000000,-132.4137878418
9375623.0000000000,-132.4759521484
9397234.0000000000,-132.4850311279
9418895.0000000000,-132.4866180420
9440607.0000000000,-132.4982299805
9462368.0000000000,-132.4995574951
9484190.0000000000,-132.5204467773
9506052.0000000000,-132.5563659668
9527964.0000000000,-132.5837554932
9549926.0000000000,-132.5839233398
9571940.0000000000,-132.5963745117
9594004.0000000000,-132.6237335205
9616118.0000000000,-132.6510314941
9638295.0000000000,-132.6840057373
9660512.0000000000,-132.7419586182
9682780.0000000000,-132.7904815674
9705099.0000000000,-132.7927703857
9727470.0000000000,-132.7953948975
9749893.0000000000,-132.7954864502
9772367.0000000000,-132.8001403809
9794904.0000000000,-132.8017425537
9817482.0000000000,-132.8108367920
9840112.0000000000,-132.8112792969
9862794.0000000000,-132.8120422363
9885528.0000000000,-132.8226318359
9908315.0000000000,-132.8319702148
9931165.0000000000,-132.8739166260
9954057.0000000000,-132.9237976074
9977002.0000000000,-133.0036010742
10000000.0000000000,-133.0847473145
10023051.0000000000,-133.1693878174
10046155.0000000000,-133.2548370361
10069312.0000000000,-133.3255767822
10092533.0000000000,-133.3720703125
10115797.0000000000,-133.3760833740
10139115.0000000000,-133.3886871338
10162486.0000000000,-133.3904876709
10185911.0000000000,-133.3963165283
10209391.0000000000,-133.4256591797
10232935.0000000000,-133.4309844971
10256523.0000000000,-133.4464263916
10280165.0000000000,-133.4546661377
10303861.0000000000,-133.4559783936
10327613.0000000000,-133.4606781006
10351418.0000000000,-133.4988250732
10375279.0000000000,-133.5010223389
10399206.0000000000,-133.5077209473
10423177.0000000000,-133.5410156250
10447203.0000000000,-133.5421295166
10471285.0000000000,-133.5511932373
10495422.0000000000,-133.5758972168
10519615.0000000000,-133.6112670898
10543863.0000000000,-133.6183624268
10568179.0000000000,-133.6613311768
10592540.0000000000,-133.6976470947
10616956.0000000000,-133.7062377930
10641429.0000000000,-133.7339630127
10665958.0000000000,-133.7517700195
10690544.0000000000,-133.7990570068
10715198.0000000000,-133.8468475342
10739898.0000000000,-133.8585662842
10764654.0000000000,-133.8646087646
10789467.0000000000,-133.8957519531
10814338.0000000000,-133.9416656494
10839265.0000000000,-133.9826812744
10864251.0000000000,-134.0141906738
10889305.0000000000,-134.0156402588
10914406.0000000000,-134.0341186523
10939565.0000000000,-134.0341186523
10964781.0000000000,-134.0341186523
10990056.0000000000,-134.0341186523
11015388.0000000000,-134.0341186523
11040792.0000000000,-134.0341186523
11066242.0000000000,-134.0341186523
11091750.0000000000,-134.0477447510
11117317.0000000000,-134.0558776855
11142944.0000000000,-134.0788269043
11168629.0000000000,-134.1107482910
11194373.0000000000,-134.1768341064
11220189.0000000000,-134.2512664795
11246053.0000000000,-134.2561340332
11271976.0000000000,-134.2646179199
11297958.0000000000,-134.2874145508
11324001.0000000000,-134.3029479980
11350104.0000000000,-134.3460693359
11376279.0000000000,-134.3650054932
11402502.0000000000,-134.3917541504
11428786.0000000000,-134.4247589111
11455130.0000000000,-134.4799957275
11481535.0000000000,-134.4898529053
11508000.0000000000,-134.4956054688
11534527.0000000000,-134.5635375977
11561128.0000000000,-134.5955352783
11587777.0000000000,-134.6011199951
11614488.0000000000,-134.6019897461
11641260.0000000000,-134.6222686768
11668094.0000000000,-134.6329498291
11694990.0000000000,-134.6478576660
11721947.0000000000,-134.6697235107
11748980.0000000000,-134.6985321045
11776062.0000000000,-134.7080993652
11803207.0000000000,-134.7228240967
11830414.0000000000,-134.7318572998
11857684.0000000000,-134.7576599121
11885017.0000000000,-134.7810974121
11912426.0000000000,-134.7810974121
11939885.0000000000,-134.7810974121
11967407.0000000000,-134.7810974121
11994993.0000000000,-134.7810974121
12022642.0000000000,-134.7810974121
12050355.0000000000,-134.7810974121
12078132.0000000000,-134.7810974121
12105986.0000000000,-134.7810974121
12133892.0000000000,-134.7944793701
12161861.0000000000,-134.8116149902
12189895.0000000000,-134.8360290527
12217994.0000000000,-134.8774719238
12246157.0000000000,-134.9303283691
12274399.0000000000,-134.9985351563
12302692.0000000000,-135.0662994385
12331051.0000000000,-135.0867156982
12359475.0000000000,-135.0931396484
12387964.0000000000,-135.1162719727
12416519.0000000000,-135.1172637939
12445140.0000000000,-135.1181335449
12473841.0000000000,-135.1410980225
12502594.0000000000,-135.1441955566
12531413.0000000000,-135.1833496094
12560299.0000000000,-135.2517547607
12589251.0000000000,-135.2890319824
12618270.0000000000,-135.3035278320
12647370.0000000000,-135.3195495605
12676523.0000000000,-135.3217010498
12705744.0000000000,-135.3233642578
12735031.0000000000,-135.3431854248
12764387.0000000000,-135.3499450684
12793809.0000000000,-135.3654632568
12823300.0000000000,-135.4230499268
12852873.0000000000,-135.4280853271
12882499.0000000000,-135.4446563721
12912195.0000000000,-135.4563751221
12941958.0000000000,-135.4742736816
12971790.0000000000,-135.5142059326
13001691.0000000000,-135.5256652832
13031661.0000000000,-135.5324554443
13061714.0000000000,-135.5870056152
13091822.0000000000,-135.5897521973
13122000.0000000000,-135.6079711914
13152247.0000000000,-135.6257629395
13182564.0000000000,-135.6421661377
13212951.0000000000,-135.6423339844
13243422.0000000000,-135.6438446045
13273949.0000000000,-135.6445617676
13304546.0000000000,-135.6489562988
13335214.0000000000,-135.6507568359
13365953.0000000000,-135.6678771973
13396762.0000000000,-135.6714324951
13427643.0000000000,-135.6930236816
13458609.0000000000,-135.7292480469
13489632.0000000000,-135.7884368896
13520727.0000000000,-135.8648376465
13551893.0000000000,-136.0047760010
13583131.0000000000,-136.1619720459
13614441.0000000000,-136.1619873047
13645839.0000000000,-136.1679229736
13677293.0000000000,-136.1856384277
13708820.0000000000,-136.1931610107
13740420.0000000000,-136.2077178955
13772093.0000000000,-136.2271881104
13803838.0000000000,-136.2338104248
13835657.0000000000,-136.2444458008
13867565.0000000000,-136.2592163086
13899530.0000000000,-136.3042602539
13931570.0000000000,-136.3104248047
13963683.0000000000,-136.3385162354
13995870.0000000000,-136.3757934570
14028132.0000000000,-136.3757934570
14060468.0000000000,-136.3857879639
14092893.0000000000,-136.4047241211
14125379.0000000000,-136.4300384521
14157939.0000000000,-136.4348297119
14190574.0000000000,-136.4425354004
14223284.0000000000,-136.4730072021
14256070.0000000000,-136.4827728271
14288946.0000000000,-136.4947204590
14321884.0000000000,-136.5177154541
14354896.0000000000,-136.5177154541
14387986.0000000000,-136.5177154541
14421151.0000000000,-136.5177154541
14454393.0000000000,-136.5177154541
14487711.0000000000,-136.5177154541
14521122.0000000000,-136.5305023193
14554594.0000000000,-136.5637207031
14588144.0000000000,-136.6079101563
14621770.0000000000,-136.6303863525
14655475.0000000000,-136.6306457520
14689257.0000000000,-136.6429901123
14723133.0000000000,-136.6741943359
14757070.0000000000,-136.6996459961
14791086.0000000000,-136.7044067383
14825181.0000000000,-136.7115173340
14859354.0000000000,-136.7426300049
14893606.0000000000,-136.7449188232
14927937.0000000000,-136.7552032471
14962363.0000000000,-136.7570953369
14996852.0000000000,-136.7674102783
15031421.0000000000,-136.7705841064
15066070.0000000000,-136.8032226563
15100798.0000000000,-136.8366851807
15135607.0000000000,-136.8557281494
15170512.0000000000,-136.8759460449
15205481.0000000000,-136.9174041748
15240531.0000000000,-136.9264221191
15275661.0000000000,-136.9269561768
15310873.0000000000,-136.9516906738
15346165.0000000000,-136.9749298096
15381539.0000000000,-137.0057678223
15417012.0000000000,-137.0075836182
15452549.0000000000,-137.0434417725
15488168.0000000000,-137.0528259277
15523870.0000000000,-137.0619659424
15559653.0000000000,-137.0730285645
15595519.0000000000,-137.0867309570
15631468.0000000000,-137.0984039307
15667517.0000000000,-137.0998382568
15703632.0000000000,-137.1103363037
15739830.0000000000,-137.1233215332
15776111.0000000000,-137.1268920898
15812476.0000000000,-137.1350708008
15848925.0000000000,-137.1366577148
15885475.0000000000,-137.1556091309
15922092.0000000000,-137.1571044922
15958794.0000000000,-137.2301788330
15995580.0000000000,-137.2343750000
16032451.0000000000,-137.3148803711
16069407.0000000000,-137.3153228760
16106448.0000000000,-137.3803100586
16143592.0000000000,-137.3813323975
16180804.0000000000,-137.4447326660
16218102.0000000000,-137.4524688721
16255486.0000000000,-137.4531402588
16292956.0000000000,-137.4565887451
16330513.0000000000,-137.4590606689
16368174.0000000000,-137.4590606689
16405903.0000000000,-137.4590606689
16443720.0000000000,-137.4782409668
16481624.0000000000,-137.4900360107
16519616.0000000000,-137.4937438965
16557694.0000000000,-137.4965667725
16595861.0000000000,-137.5101165771
16634134.0000000000,-137.5107727051
16672477.0000000000,-137.5108337402
16710908.0000000000,-137.5496673584
16749428.0000000000,-137.5711212158
16788036.0000000000,-137.5758514404
16826734.0000000000,-137.5812377930
16865540.0000000000,-137.5916137695
16904416.0000000000,-137.6116485596
16943382.0000000000,-137.6194000244
16982438.0000000000,-137.6198577881
17021582.0000000000,-137.6201782227
17060818.0000000000,-137.6481323242
17100146.0000000000,-137.7009429932
17139582.0000000000,-137.7278137207
17179090.0000000000,-137.7466888428
17218688.0000000000,-137.7784423828
17258378.0000000000,-137.8067169189
17298160.0000000000,-137.8263092041
17338034.0000000000,-137.8501281738
17378000.0000000000,-137.8650360107
17418076.0000000000,-137.8663787842
17458226.0000000000,-137.8698883057
17498468.0000000000,-137.8742828369
17538804.0000000000,-137.8744049072
17579232.0000000000,-137.8779144287
17619752.0000000000,-137.8834686279
17660388.0000000000,-137.8847656250
17701096.0000000000,-137.9069213867
17741898.0000000000,-137.9105072021
17782794.0000000000,-137.9298095703
17823784.0000000000,-137.9299621582
17864870.0000000000,-137.9468231201
17906050.0000000000,-137.9837341309
17947344.0000000000,-137.9861297607
17988714.0000000000,-137.9927673340
18030180.0000000000,-138.0092620850
18071740.0000000000,-138.0187530518
18113396.0000000000,-138.0593566895
18155150.0000000000,-138.0622863770
18197018.0000000000,-138.1197662354
18238964.0000000000,-138.1228790283
18281006.0000000000,-138.1290588379
18323144.0000000000,-138.1351318359
18365380.0000000000,-138.1459655762
18407714.0000000000,-138.1551513672
18450146.0000000000,-138.2120208740
18492694.0000000000,-138.2422027588
18535322.0000000000,-138.2618408203
18578046.0000000000,-138.3291168213
18620870.0000000000,-138.3533935547
18663792.0000000000,-138.4287567139
18706814.0000000000,-138.4516448975
18749934.0000000000,-138.4764251709
18793176.0000000000,-138.4844818115
18836496.0000000000,-138.4844818115
18879914.0000000000,-138.4844818115
18923434.0000000000,-138.4888458252
18967054.0000000000,-138.5051574707
19010774.0000000000,-138.7008056641
19054616.0000000000,-138.7475891113
19098538.0000000000,-138.7686309814
19142562.0000000000,-138.7686309814
19186688.0000000000,-138.7686309814
19230914.0000000000,-138.7686309814
19275242.0000000000,-138.8021240234
19319674.0000000000,-138.8083038330
19364228.0000000000,-138.8146514893
19408864.0000000000,-138.8296356201
19453602.0000000000,-138.8325042725
19498444.0000000000,-138.8348846436
19543390.0000000000,-138.8383483887
19588438.0000000000,-138.8685455322
19633612.0000000000,-138.8731842041
19678870.0000000000,-138.8773345947
19724230.0000000000,-138.8842163086
19769696.0000000000,-138.8849029541
19815268.0000000000,-138.8849029541
19860942.0000000000,-138.8849029541
19906724.0000000000,-138.8849029541
19952632.0000000000,-138.8849029541
19998624.0000000000,-138.8849029541
20044722.0000000000,-138.8849029541
20090926.0000000000,-138.8849029541
20137238.0000000000,-138.9479522705
20183656.0000000000,-138.9553833008
20230202.0000000000,-138.9585266113
20276834.0000000000,-138.9988708496
20323574.0000000000,-139.0288696289
20370422.0000000000,-139.0461120605
20417376.0000000000,-139.1513061523
20464440.0000000000,-139.1531372070
20511612.0000000000,-139.1858978271
20558916.0000000000,-139.1974334717
20606306.0000000000,-139.2022857666
20653804.0000000000,-139.2833251953
20701412.0000000000,-139.2913970947
20749130.0000000000,-139.2920684814
20796960.0000000000,-139.3026733398
20844898.0000000000,-139.3264923096
20892970.0000000000,-139.3695373535
20941130.0000000000,-139.3963623047
20989400.0000000000,-139.4182128906
21037782.0000000000,-139.4341735840
21086276.0000000000,-139.4448699951
21134882.0000000000,-139.4470977783
21183622.0000000000,-139.4542846680
21232452.0000000000,-139.5134735107
21281394.0000000000,-139.5161132813
21330448.0000000000,-139.5161132813
21379618.0000000000,-139.5161132813
21428898.0000000000,-139.5161132813
21478294.0000000000,-139.5161132813
21527826.0000000000,-139.5423889160
21577450.0000000000,-139.6099243164
21627188.0000000000,-139.6130371094
21677040.0000000000,-139.6686401367
21727006.0000000000,-139.7193298340
21777088.0000000000,-139.7234344482
21827310.0000000000,-139.7725372314
21877624.0000000000,-139.8011169434
21928054.0000000000,-139.8107604980
21978600.0000000000,-139.8212127686
22029262.0000000000,-139.8353729248
22080040.0000000000,-139.8823242188
22130936.0000000000,-139.8871307373
22181974.0000000000,-139.9195709229
22233106.0000000000,-139.9247131348
22284354.0000000000,-139.9451446533
22335722.0000000000,-139.9475250244
22387206.0000000000,-139.9677734375
22438810.0000000000,-139.9835510254
22490558.0000000000,-140.0087890625
22542400.0000000000,-140.0823974609
22594362.0000000000,-140.1210327148
22646444.0000000000,-140.1696472168
22698646.0000000000,-140.1696472168
22750968.0000000000,-140.1696472168
22803410.0000000000,-140.1696472168
22855998.0000000000,-140.2228393555
22908684.0000000000,-140.2391357422
22961490.0000000000,-140.2576141357
23014418.0000000000,-140.2576141357
23067468.0000000000,-140.2576141357
23120640.0000000000,-140.2576141357
23173934.0000000000,-140.2576141357
23227378.0000000000,-140.2576141357
23280918.0000000000,-140.2391357422
23334582.0000000000,-140.2228393555
23388370.0000000000,-140.1696472168
23442282.0000000000,-140.1415557861
23496318.0000000000,-140.1345977783
23550504.0000000000,-140.1244659424
23604790.0000000000,-140.1231079102
23659200.0000000000,-140.1243438721
23713738.0000000000,-140.1243438721
23768398.0000000000,-140.1243438721
23823186.0000000000,-140.1243438721
23878100.0000000000,-140.1243438721
23933168.0000000000,-140.1243438721
23988336.0000000000,-140.1243438721
24043630.0000000000,-140.1243438721
24099052.0000000000,-140.1243438721
24154602.0000000000,-140.1231079102
24210280.0000000000,-140.1202239990
24266114.0000000000,-140.1089324951
24322048.0000000000,-140.1084899902
24378112.0000000000,-139.9975585938
24434306.0000000000,-139.9975585938
24490628.0000000000,-139.9975585938
24547082.0000000000,-139.9975585938
24603664.0000000000,-139.9975585938
24660404.0000000000,-139.9443511963
24717248.0000000000,-139.9433898926
24774224.0000000000,-139.9331207275
24831330.0000000000,-139.9325714111
24888568.0000000000,-139.9306182861
24945938.0000000000,-139.9306182861
25003440.0000000000,-139.9306182861
25061102.0000000000,-139.8673248291
25118870.0000000000,-139.8673248291
25176770.0000000000,-139.8673248291
25234804.0000000000,-139.8673248291
25292972.0000000000,-139.8673248291
25351274.0000000000,-139.9306182861
25409740.0000000000,-139.9325714111
25468310.0000000000,-139.9325714111
25527016.0000000000,-139.9325714111
25585858.0000000000,-139.9325714111
25644836.0000000000,-139.9433898926
25703948.0000000000,-139.9443511963
25763198.0000000000,-139.9652252197
25822612.0000000000,-139.9975585938
25882136.0000000000,-140.0801544189
25941796.0000000000,-140.1084899902
26001594.0000000000,-140.1084899902
26061528.0000000000,-140.1084899902
26121602.0000000000,-140.1084899902
26181844.0000000000,-140.1689300537
26242194.0000000000,-140.1804199219
26302684.0000000000,-140.2065734863
26363314.0000000000,-140.3259887695
26424084.0000000000,-140.4902038574
26484992.0000000000,-140.4987335205
26546042.0000000000,-140.5275268555
26607262.0000000000,-140.5275268555
26668594.0000000000,-140.5275268555
26730066.0000000000,-140.5275268555
26791682.0000000000,-140.5275268555
26853438.0000000000,-140.4987335205
26915338.0000000000,-140.4902038574
26977408.0000000000,-140.4548950195
27039594.0000000000,-140.4902038574
27101922.0000000000,-140.4987335205
27164394.0000000000,-140.5275268555
27227010.0000000000,-140.5892486572
27289770.0000000000,-140.6038665771
27352674.0000000000,-140.7281646729
27415754.0000000000,-140.8253021240
27478950.0000000000,-140.8286743164
27542290.0000000000,-140.8462371826
27605778.0000000000,-140.8462371826
27669410.0000000000,-140.8462371826
27733190.0000000000,-140.8462371826
27797118.0000000000,-140.9360809326
27861222.0000000000,-140.9634857178
27925444.0000000000,-140.9777832031
27989814.0000000000,-140.9845733643
28054334.0000000000,-141.0187225342
28119000.0000000000,-141.0443878174
28183816.0000000000,-141.0443878174
28248814.0000000000,-141.0187225342
28313930.0000000000,-141.0187225342
28379194.0000000000,-141.0187225342
28444610.0000000000,-141.0187225342
28510178.0000000000,-141.0187225342
28575896.0000000000,-141.0187225342
28641766.0000000000,-141.0187225342
28707818.0000000000,-141.0187225342
28773992.0000000000,-141.0248260498
28840318.0000000000,-141.0248260498
28906796.0000000000,-141.0187225342
28973428.0000000000,-140.9777832031
29040214.0000000000,-140.9634857178
29107186.0000000000,-140.9372100830
29174280.0000000000,-140.9372100830
29241530.0000000000,-140.9634857178
29308932.0000000000,-140.9776763916
29376492.0000000000,-140.9777832031
29444208.0000000000,-141.0248260498
29512078.0000000000,-141.0443878174
29580138.0000000000,-141.1057891846
29648322.0000000000,-141.1091308594
29716664.0000000000,-141.1384735107
29785162.0000000000,-141.1570587158
29853820.0000000000,-141.1570587158
29922634.0000000000,-141.1570587158
29991642.0000000000,-141.1570587158
30060774.0000000000,-141.1570587158
30130066.0000000000,-141.1570587158
30199518.0000000000,-141.1570587158
30269130.0000000000,-141.1570587158
30338904.0000000000,-141.1597290039
30408836.0000000000,-141.1911773682
30478964.0000000000,-141.2254791260
30549220.0000000000,-141.2478942871
30619638.0000000000,-141.2614593506
30690220.0000000000,-141.2614593506
30760962.0000000000,-141.2614593506
30831868.0000000000,-141.2254791260
30902938.0000000000,-141.2113647461
30974206.0000000000,-141.2113647461
31045604.0000000000,-141.2113647461
31117166.0000000000,-141.2113647461
31188892.0000000000,-141.1911773682
31260786.0000000000,-141.1597290039
31332844.0000000000,-141.1597290039
31405102.0000000000,-141.1597290039
31477494.0000000000,-141.1597290039
31550052.0000000000,-141.1597290039
31622776.0000000000,-141.1911773682
31695670.0000000000,-141.2113647461
31768730.0000000000,-141.2702331543
31841960.0000000000,-141.3114166260
31915392.0000000000,-141.3273925781
31988960.0000000000,-141.3768463135
32062696.0000000000,-141.3768463135
32136604.0000000000,-141.3768463135
32210680.0000000000,-141.3768463135
32284928.0000000000,-141.3699951172
32359382.0000000000,-141.3273925781
32433974.0000000000,-141.3114166260
32508736.0000000000,-141.2702331543
32583670.0000000000,-141.2406158447
32658778.0000000000,-141.2113647461
32734060.0000000000,-141.2113647461
32809514.0000000000,-141.2113647461
32885178.0000000000,-141.2113647461
32960980.0000000000,-141.2406158447
33036958.0000000000,-141.2676544189
33113110.0000000000,-141.2676544189
33189438.0000000000,-141.2676544189
33265942.0000000000,-141.2676544189
33342624.0000000000,-141.2676544189
33419516.0000000000,-141.2676544189
33496552.0000000000,-141.2676544189
33573764.0000000000,-141.2676544189
33651152.0000000000,-141.2676544189
33728720.0000000000,-141.3273925781
33806468.0000000000,-141.3699951172
33884432.0000000000,-141.4981689453
33962536.0000000000,-141.5029449463
34040824.0000000000,-141.5361328125
34119292.0000000000,-141.5674743652
34197936.0000000000,-141.5964813232
34276768.0000000000,-141.5983886719
34355776.0000000000,-141.6095123291
34435008.0000000000,-141.6274108887
34514384.0000000000,-141.6474914551
34593940.0000000000,-141.6522064209
34673680.0000000000,-141.8421783447
34753608.0000000000,-142.0825653076
34833716.0000000000,-142.0964202881
34914048.0000000000,-142.0964202881
34994528.0000000000,-142.0964202881
35075192.0000000000,-142.1131896973
35156044.0000000000,-142.1305084229
35237080.0000000000,-142.1489410400
35318304.0000000000,-142.1966552734
35399716.0000000000,-142.2141113281
35481356.0000000000,-142.2321166992
35563140.0000000000,-142.3116607666
35645116.0000000000,-142.3456268311
35727280.0000000000,-142.3871002197
35809636.0000000000,-142.4002075195
35892180.0000000000,-142.4090118408
35974952.0000000000,-142.4920501709
36057876.0000000000,-142.5093994141
36140992.0000000000,-142.5151367188
36224300.0000000000,-142.5354919434
36307800.0000000000,-142.6874847412
36391492.0000000000,-142.7119903564
36475376.0000000000,-142.8688354492
36559496.0000000000,-143.0532531738
36643768.0000000000,-143.0856018066
36728236.0000000000,-143.2107543945
36812896.0000000000,-143.2107543945
36897752.0000000000,-143.2107543945
36982804.0000000000,-143.2107543945
37068052.0000000000,-143.2107543945
37153536.0000000000,-143.2107543945
37239180.0000000000,-143.2107543945
37325020.0000000000,-143.2107543945
37411056.0000000000,-143.2107543945
37497292.0000000000,-143.3327484131
37583724.0000000000,-143.3956756592
37670400.0000000000,-143.4319458008
37757232.0000000000,-143.4525451660
37844264.0000000000,-143.4525451660
37931500.0000000000,-143.6992797852
38018932.0000000000,-143.7427825928
38106568.0000000000,-143.7868499756
38194408.0000000000,-143.7868499756
38282492.0000000000,-143.7868499756
38370736.0000000000,-143.7868499756
38459180.0000000000,-143.7868499756
38547832.0000000000,-143.7868499756
38636688.0000000000,-143.7868499756
38725748.0000000000,-143.7868499756
38815056.0000000000,-143.7868499756
38904528.0000000000,-143.7868499756
38994204.0000000000,-143.7868499756
39084092.0000000000,-143.6992797852
39174180.0000000000,-143.5031585693
39264480.0000000000,-143.4796600342
39354988.0000000000,-143.4606323242
39445748.0000000000,-143.3956756592
39536672.0000000000,-143.3713684082
39627808.0000000000,-143.3647766113
39719152.0000000000,-143.2252502441
39810708.0000000000,-143.2252502441
39902476.0000000000,-143.2252502441
39994496.0000000000,-143.2252502441
40086688.0000000000,-143.2107696533
40179088.0000000000,-143.1996917725
40271704.0000000000,-143.1996917725
40364536.0000000000,-143.1996917725
40457576.0000000000,-143.2107696533
40550836.0000000000,-143.2252502441
40644352.0000000000,-143.2481079102
40738040.0000000000,-143.2744750977
40831944.0000000000,-143.3533477783
40926064.0000000000,-143.3647766113
41020404.0000000000,-143.3647766113
41114956.0000000000,-143.3647766113
41209732.0000000000,-143.3533477783
41304768.0000000000,-143.3533477783
41399976.0000000000,-143.3533477783
41495408.0000000000,-143.3533477783
41591056.0000000000,-143.3533477783
41686928.0000000000,-143.3533477783
41783020.0000000000,-143.3533477783
41879376.0000000000,-143.3533477783
41975912.0000000000,-143.3533477783
42072668.0000000000,-143.3647766113
42169652.0000000000,-143.3713684082
42266856.0000000000,-143.4106903076
42364284.0000000000,-143.4796600342
42461936.0000000000,-143.4849243164
42559860.0000000000,-143.5031585693
42657964.0000000000,-143.5579376221
42756292.0000000000,-143.5682373047
42854848.0000000000,-143.6401672363
42953632.0000000000,-143.7767639160
43052644.0000000000,-144.0020751953
43151932.0000000000,-144.0089569092
43251400.0000000000,-144.0633239746
43351096.0000000000,-144.3231353760
43451024.0000000000,-144.4517364502
43551180.0000000000,-144.5094451904
43651568.0000000000,-144.5142822266
43752188.0000000000,-144.5676422119
43853088.0000000000,-144.5691833496
43954176.0000000000,-144.5859527588
44055492.0000000000,-144.6715545654
44157044.0000000000,-144.7898254395
44258828.0000000000,-145.0241394043
44360848.0000000000,-145.1708068848
44463104.0000000000,-145.5148468018
44565644.0000000000,-146.3532714844
44668368.0000000000,-146.3545227051
44771332.0000000000,-146.4519805908
44874532.0000000000,-146.4519805908
44977972.0000000000,-146.4519805908
45081652.0000000000,-146.4519805908
45185616.0000000000,-146.4519805908
45289772.0000000000,-146.4519805908
45394168.0000000000,-146.4519805908
45498804.0000000000,-146.4519805908
45603684.0000000000,-146.4519805908
45708804.0000000000,-146.4519805908
45814164.0000000000,-146.4519805908
45919820.0000000000,-146.4554595947
46025668.0000000000,-146.4554595947
46131760.0000000000,-146.4554595947
46238100.0000000000,-146.4554595947
46344680.0000000000,-146.4554595947
46451508.0000000000,-146.4554595947
46558632.0000000000,-146.4554595947
46665956.0000000000,-146.4554595947
46773524.0000000000,-146.4554595947
46881340.0000000000,-146.4519805908
46989404.0000000000,-146.4200439453
47097716.0000000000,-146.4026489258
47206280.0000000000,-146.3545227051
47315148.0000000000,-146.3019866943
47424212.0000000000,-145.8126678467
47533528.0000000000,-145.3713989258
47643096.0000000000,-145.2998199463
47752916.0000000000,-145.0001831055
47862992.0000000000,-144.9485473633
47973372.0000000000,-144.8379058838
48083952.0000000000,-144.7888183594
48194788.0000000000,-144.7827301025
48305880.0000000000,-144.7827301025
48417232.0000000000,-144.7827301025
48528836.0000000000,-144.7827301025
48640696.0000000000,-144.7189178467
48752872.0000000000,-144.6523437500
48865252.0000000000,-144.6509094238
48977888.0000000000,-144.5545349121
49090784.0000000000,-144.5545349121
49203944.0000000000,-144.5545349121
49317364.0000000000,-144.5545349121
49431044.0000000000,-144.5545349121
49545040.0000000000,-144.5545349121
49659244.0000000000,-144.6509094238
49773712.0000000000,-144.7189178467
49888444.0000000000,-144.7827301025
50003440.0000000000,-144.7888183594
50118700.0000000000,-144.8379058838
50234284.0000000000,-144.8379058838
50350076.0000000000,-144.8379058838
50466136.0000000000,-144.8379058838
50582464.0000000000,-144.8379058838
50699060.0000000000,-144.8379058838
50815928.0000000000,-144.8379058838
50933060.0000000000,-144.8379058838
51050520.0000000000,-144.9033355713
51168196.0000000000,-144.9033355713
51286144.0000000000,-144.9033355713
51404360.0000000000,-144.9033355713
51522852.0000000000,-144.9033355713
51641616.0000000000,-144.9033355713
51760712.0000000000,-144.9033355713
51880024.0000000000,-144.9033355713
51999608.0000000000,-144.9033355713
52119472.0000000000,-144.9033355713
52239612.0000000000,-144.9033355713
52360028.0000000000,-144.9033355713
52480720.0000000000,-144.9033355713
52601752.0000000000,-144.9033355713
52723000.0000000000,-144.9033355713
52844532.0000000000,-144.9033355713
52966340.0000000000,-144.9224243164
53088432.0000000000,-145.1203308105
53210804.0000000000,-145.1203308105
53333520.0000000000,-145.1615295410
53456456.0000000000,-145.2221069336
53579676.0000000000,-145.2503051758
53703180.0000000000,-145.3101806641
53826972.0000000000,-145.3101806641
53951048.0000000000,-145.3101806641
54075408.0000000000,-145.2503051758
54200116.0000000000,-145.2503051758
54325048.0000000000,-145.2503051758
54450272.0000000000,-145.2503051758
54575784.0000000000,-145.2503051758
54701584.0000000000,-145.2503051758
54827676.0000000000,-145.2503051758
54954060.0000000000,-145.2221069336
55080792.0000000000,-145.1615295410
55207756.0000000000,-145.0723266602
55335016.0000000000,-144.9328002930
55462564.0000000000,-144.9328002930
55590412.0000000000,-144.9328002930
55718552.0000000000,-144.9328002930
55847048.0000000000,-144.9328002930
55975780.0000000000,-144.9328002930
56104808.0000000000,-144.9328002930
56234132.0000000000,-145.0723266602
56363756.0000000000,-145.0723266602
56493680.0000000000,-145.0723266602
56623900.0000000000,-145.0723266602
56754484.0000000000,-145.0786132813
56885308.0000000000,-145.2081298828
57016432.0000000000,-145.2081298828
57147860.0000000000,-145.2081298828
57279588.0000000000,-145.2081298828
57411624.0000000000,-145.2081298828
57544024.0000000000,-145.2081298828
57676668.0000000000,-145.2081298828
57809616.0000000000,-145.2081298828
57942872.0000000000,-145.2081298828
58076432.0000000000,-145.2363586426
58210304.0000000000,-145.2363586426
58344484.0000000000,-145.2363586426
58479036.0000000000,-145.2363586426
58613832.0000000000,-145.2363586426
58748944.0000000000,-145.2363586426
58884364.0000000000,-145.2363586426
59020096.0000000000,-145.2081298828
59156140.0000000000,-145.2081298828
59292500.0000000000,-145.2081298828
59429240.0000000000,-145.2081298828
59566228.0000000000,-145.0786132813
59703532.0000000000,-145.0786132813
59841152.0000000000,-145.0786132813
59979092.0000000000,-145.0786132813
60117348.0000000000,-145.0786132813
60255988.0000000000,-145.0786132813
60394884.0000000000,-145.2081298828
60534096.0000000000,-145.2363586426
60673632.0000000000,-145.3317413330
60813488.0000000000,-145.3344879150
60953668.0000000000,-145.3575286865
61094172.0000000000,-145.3575286865
61235064.0000000000,-145.3575286865
61376216.0000000000,-145.3575286865
61517692.0000000000,-145.3575286865
61659496.0000000000,-145.3575286865
61801624.0000000000,-145.3575286865
61944080.0000000000,-145.3575286865
62086936.0000000000,-145.3575286865
62230048.0000000000,-145.4629821777
62373496.0000000000,-145.5184783936
62517268.0000000000,-145.5252380371
62661376.0000000000,-145.7033233643
62805816.0000000000,-145.8617095947
62950588.0000000000,-145.9971008301
63095764.0000000000,-146.0553741455
63241204.0000000000,-146.0553741455
63386976.0000000000,-146.0553741455
63533088.0000000000,-146.0553741455
63679536.0000000000,-146.0553741455
63826324.0000000000,-146.0553741455
63973516.0000000000,-145.9971008301
64120980.0000000000,-145.9785003662
64268784.0000000000,-146.0268707275
64416928.0000000000,-146.0553741455
64565416.0000000000,-146.1036529541
64714244.0000000000,-146.1701812744
64863412.0000000000,-146.1816101074
65013000.0000000000,-146.2728424072
65162860.0000000000,-146.2728424072
65313064.0000000000,-146.2728424072
65463616.0000000000,-146.2728424072
65614512.0000000000,-146.2728424072
65765760.0000000000,-146.1701812744
65917356.0000000000,-146.1701812744
66069372.0000000000,-146.1701812744
66221664.0000000000,-146.1701812744
66374312.0000000000,-146.2728424072
66527308.0000000000,-146.3066253662
66680660.0000000000,-146.6019439697
66834364.0000000000,-146.6220703125
66988492.0000000000,-146.7811431885
67142904.0000000000,-146.6220703125
67297680.0000000000,-146.6019439697
67452800.0000000000,-146.5837554932
67608288.0000000000,-146.0268707275
67764128.0000000000,-146.1040802002
67920328.0000000000,-146.5837554932
68076968.0000000000,-146.6019439697
68233888.0000000000,-146.6220703125
68391168.0000000000,-146.8429870605
68548816.0000000000,-146.8429870605
68706824.0000000000,-146.8429870605
68865200.0000000000,-146.8429870605
69024016.0000000000,-146.8429870605
69183120.0000000000,-146.8429870605
69342592.0000000000,-146.9844512939
69502432.0000000000,-146.9844512939
69662640.0000000000,-146.9844512939
69823216.0000000000,-146.9844512939
69984168.0000000000,-146.9844512939
70145560.0000000000,-147.2918090820
70307248.0000000000,-147.4433898926
70469312.0000000000,-147.6169128418
70631752.0000000000,-147.6510925293
70794560.0000000000,-147.7522735596
70957752.0000000000,-147.7522735596
71121392.0000000000,-147.7522735596
71285328.0000000000,-147.7522735596
71449648.0000000000,-147.7522735596
71614344.0000000000,-147.7522735596
71779424.0000000000,-147.7522735596
71944880.0000000000,-147.7522735596
72110712.0000000000,-147.7522735596
72277016.0000000000,-147.7522735596
72443616.0000000000,-147.7522735596
72610608.0000000000,-147.7522735596
72777976.0000000000,-147.7522735596
72945736.0000000000,-147.7522735596
73113880.0000000000,-147.6695861816
73282416.0000000000,-146.9844512939
73451416.0000000000,-146.7386627197
73620728.0000000000,-146.6797790527
73790432.0000000000,-146.6797790527
73960520.0000000000,-146.7070159912
74131008.0000000000,-146.7386627197
74301880.0000000000,-146.9499359131
74473232.0000000000,-146.9651947021
74644904.0000000000,-146.9651947021
74816960.0000000000,-146.9651947021
74989424.0000000000,-146.9499359131
75162280.0000000000,-146.7386627197
75335528.0000000000,-146.7070159912
75509184.0000000000,-146.6797790527
75683320.0000000000,-146.6506805420
75857776.0000000000,-146.6506805420
76032632.0000000000,-146.6506805420
76207896.0000000000,-146.6506805420
76383560.0000000000,-146.6797790527
76559632.0000000000,-146.6797790527
76736192.0000000000,-146.6797790527
76913072.0000000000,-146.6506805420
77090360.0000000000,-146.5024871826
77268064.0000000000,-146.4540100098
77446168.0000000000,-146.2802886963
77624688.0000000000,-146.2352294922
77803616.0000000000,-146.1358032227
77983048.0000000000,-146.0269012451
78162800.0000000000,-145.9670410156
78342976.0000000000,-145.9425811768
78523560.0000000000,-145.7105865479
78704560.0000000000,-145.6887359619
78885984.0000000000,-145.6833648682
79067816.0000000000,-145.6833648682
79250160.0000000000,-145.6833648682
79432840.0000000000,-145.6833648682
79615936.0000000000,-145.6833648682
79799456.0000000000,-145.6833648682
79983400.0000000000,-145.6679077148
80167768.0000000000,-145.6552429199
80352648.0000000000,-145.5332031250
80537872.0000000000,-145.4736480713
80723512.0000000000,-145.1683197021
80909592.0000000000,-145.0520629883
81096088.0000000000,-144.9861755371
81283024.0000000000,-144.9861755371
81470384.0000000000,-144.9861755371
81658272.0000000000,-144.9861755371
81846496.0000000000,-144.9861755371
82035160.0000000000,-144.9861755371
82224256.0000000000,-144.9861755371
82413792.0000000000,-144.9861755371
82603760.0000000000,-144.9861755371
82794256.0000000000,-144.9861755371
82985104.0000000000,-145.0520629883
83176392.0000000000,-145.0520629883
83368120.0000000000,-145.0520629883
83560288.0000000000,-145.0520629883
83752904.0000000000,-144.9861755371
83945960.0000000000,-144.9675750732
84139552.0000000000,-144.8772583008
84333496.0000000000,-144.8772583008
84527896.0000000000,-144.8772583008
84722736.0000000000,-144.9861755371
84918032.0000000000,-145.0520629883
85113768.0000000000,-145.1001434326
85310056.0000000000,-145.1683197021
85506704.0000000000,-145.1683197021
85703800.0000000000,-145.1001434326
85901352.0000000000,-145.1001434326
86099360.0000000000,-145.1001434326
86297832.0000000000,-145.1001434326
86496752.0000000000,-145.2772064209
86696224.0000000000,-145.8346099854
86896072.0000000000,-146.5289154053
87096368.0000000000,-146.7208557129
87297136.0000000000,-146.7231140137
87498360.0000000000,-146.7744903564
87700048.0000000000,-146.7766418457
87902208.0000000000,-146.7766418457
88104920.0000000000,-146.7766418457
88308008.0000000000,-146.7766418457
88511568.0000000000,-146.7766418457
88715592.0000000000,-146.7766418457
88920088.0000000000,-146.7766418457
89125056.0000000000,-146.7766418457
89330592.0000000000,-146.7766418457
89536504.0000000000,-146.7744903564
89742896.0000000000,-146.7231140137
89949760.0000000000,-146.7208557129
90157096.0000000000,-146.6411590576
90364920.0000000000,-146.6304016113
90573216.0000000000,-146.6304016113
90782088.0000000000,-146.6288299561
90991352.0000000000,-146.5507812500
91201088.0000000000,-146.5289154053
91411320.0000000000,-146.3289489746
91622024.0000000000,-146.3288879395
91833224.0000000000,-146.3288879395
92045008.0000000000,-146.3288879395
92257176.0000000000,-146.3288879395
92469832.0000000000,-146.3288879395
92682984.0000000000,-146.3288879395
92896624.0000000000,-146.3288879395
93110760.0000000000,-146.3288879395
93325384.0000000000,-146.3288879395
93540608.0000000000,-146.3288879395
93756224.0000000000,-146.3288879395
93972344.0000000000,-146.3289489746
94188952.0000000000,-146.5507812500
94406064.0000000000,-146.6288299561
94623680.0000000000,-146.6288299561
94841896.0000000000,-146.6288299561
95060512.0000000000,-146.5507812500
95279640.0000000000,-146.3289489746
95499264.0000000000,-146.3288879395
95719392.0000000000,-146.3008117676
95940032.0000000000,-146.1730651855
96161184.0000000000,-146.1586608887
96382952.0000000000,-146.1245422363
96605120.0000000000,-146.0377655029
96827800.0000000000,-146.0377655029
97050992.0000000000,-146.0377655029
97274704.0000000000,-146.0377655029
97498928.0000000000,-146.0377655029
97723672.0000000000,-146.0377655029
97949040.0000000000,-146.0377655029
98174816.0000000000,-146.1586608887
98401120.0000000000,-146.1586608887
98627936.0000000000,-146.1586608887
98855280.0000000000,-146.1730651855
99083152.0000000000,-146.3289489746
99311656.0000000000,-146.3289489746
99540576.0000000000,-146.1730651855
99770024.0000000000,-146.1730651855
100000000.0000000000,-146.6151428223
