Type,FSWP-50
Version,3.02SP1
Date,03.Jul 2026
VSupply,ON
Mode,Voltage
Voltage Set,0.6000000000,V
Voltage Min,0.0000000000,V
Voltage Max,0.6500000000,V
Voltage Meas,0.6078054014,V
Current Max,20.0000000000,mA
Current Meas,19.3972886029,mA
VTune,OFF
Voltage Set,0.0000000000,V
Voltage Min,0.0000000000,V
Voltage Max,0.0100000000,V
Voltage Meas,-0.0227182472,V
Current Max,20.0000000000,mA
Current Meas,0.1433044502,mA
VAux,OFF
Voltage Set,0.0000000000,V
Voltage Min,-10.0000000000,V
Voltage Max,10.0000000000,V
Voltage Meas,-0.0081481556,V
Current Max,100.0000000000,mA
Current Meas,-0.0610730699,mA
Mode,Phase Noise
Measurement,Phase Noise
Input,RF
RF Att,0.0000000000,dB
Coupling,AC
RBW,2.0000000000,%
XCORR Factor,1000
XCORR Optimize,ON
Estimated Meas Time,3.7457527981,s
Sweep Count,5
Signal Frequency,20061477035.2926177979,Hz
Signal Level,-15.2119000000,dBm
Start,10000.0000000000,Hz
Stop,100000000.0000000000,Hz
SubSweep,1
Start,10000.0000000000,Hz
Stop,30000.0000000000,Hz
RBW,600.0000000000,Hz
XCORR Count,1000
SubSweep,2
Start,30000.0000000000,Hz
Stop,100000.0000000000,Hz
RBW,600.0000000000,Hz
XCORR Count,1000
SubSweep,3
Start,100000.0000000000,Hz
Stop,300000.0000000000,Hz
RBW,2000.0000000000,Hz
XCORR Count,3300
SubSweep,4
Start,300000.0000000000,Hz
Stop,1000000.0000000000,Hz
RBW,6000.0000000000,Hz
XCORR Count,10000
SubSweep,5
Start,1000000.0000000000,Hz
Stop,3000000.0000000000,Hz
RBW,20000.0000000000,Hz
XCORR Count,10000
SubSweep,6
Start,3000000.0000000000,Hz
Stop,10000000.0000000000,Hz
RBW,60000.0000000000,Hz
XCORR Count,10000
SubSweep,7
Start,10000000.0000000000,Hz
Stop,30000000.0000000000,Hz
RBW,200000.0000000000,Hz
XCORR Count,10000
SubSweep,8
Start,30000000.0000000000,Hz
Stop,100000000.0000000000,Hz
RBW,600000.0000000000,Hz
XCORR Count,10000
Integrated Measurements Range,1
Start,10000.0000000000,Hz
Stop,100000000.0000000000,Hz
Weighting,OFF
Integrated Measurements Range,2
Start,10000.0000000000,Hz
Stop,100000000.0000000000,Hz
Weighting,OFF
Integrated Measurements Range,3
Start,10000.0000000000,Hz
Stop,100000000.0000000000,Hz
Weighting,OFF
Integrated Measurements Range,4
Start,10000.0000000000,Hz
Stop,100000000.0000000000,Hz
Weighting,OFF
Integrated Measurements Range,5
Start,10000.0000000000,Hz
Stop,100000000.0000000000,Hz
Weighting,OFF
Integrated Measurements Range,6
Start,10000.0000000000,Hz
Stop,100000000.0000000000,Hz
Weighting,OFF
Integrated Measurements Range,7
Start,10000.0000000000,Hz
Stop,100000000.0000000000,Hz
Weighting,OFF
Integrated Measurements Range,8
Start,10000.0000000000,Hz
Stop,100000000.0000000000,Hz
Weighting,OFF
Integrated Measurements Range,9
Start,10000.0000000000,Hz
Stop,100000000.0000000000,Hz
Weighting,OFF
Integrated Measurements Range,10
Start,10000.0000000000,Hz
Stop,100000000.0000000000,Hz
Weighting,OFF
Spot Noise Decade Edges,OFF
Spot Noise User Defined,ON
Spot Noise User Defined Offset,1
State,OFF
Offset,1000.0000000000,Hz
Spot Noise User Defined Offset,2
State,OFF
Offset,10000.0000000000,Hz
Spot Noise User Defined Offset,3
State,ON
Offset,100000.0000000000,Hz
Spot Noise User Defined Offset,4
State,ON
Offset,1000000.0000000000,Hz
Spot Noise User Defined Offset,5
State,ON
Offset,10000000.0000000000,Hz
Spot Noise User Defined Offset,6
State,OFF
Offset,100000000.0000000000,Hz
Window,1,Noise Spectrum
Trace,1
Trace Mode,CLR/WRITE
Trace Result,PN
Smoothing,ON
Smoothing Value,1.0000000000,%
Spurious Removal,ON
Spurious Removal Threshold,6.0000000000,dB
Trace Offset,OFF
Trace Offset,0.0000000000,dB
Trace Label,OFF
Trace Label,Trace 1
x-Unit,Hz
y-Unit,dBc/Hz
Values,4001
10000.0000000000,-54.5746459961
10023.0507812500,-54.6082572937
10046.1542968750,-54.6418647766
10069.3115234375,-54.6754760742
10092.5332031250,-54.7092208862
10115.7968750000,-54.7429580688
10139.1152343750,-54.7766990662
10162.4863281250,-54.8104362488
10185.9111328125,-54.8452987671
10209.3906250000,-54.8810043335
10232.9355468750,-54.9167251587
10256.5234375000,-54.9524307251
10280.1650390625,-54.9886856079
10303.8613281250,-55.0265960693
10327.6123046875,-55.0645027161
10351.4189453125,-55.1024131775
10375.2792968750,-55.1403198242
10399.2060546875,-55.1780700684
10423.1777343750,-55.2158050537
10447.2031250000,-55.2535324097
10471.2851562500,-55.2912635803
10495.4218750000,-55.3261375427
10519.6152343750,-55.3599777222
10543.8632812500,-55.3938179016
10568.1787109375,-55.4276733398
10592.5400390625,-55.4582061768
10616.9560546875,-55.4859046936
10641.4287109375,-55.5135993958
10665.9580078125,-55.5412940979
10690.5439453125,-55.5671195984
10715.1982421875,-55.5899162292
10739.8974609375,-55.6127052307
10764.6533203125,-55.6354942322
10789.4667968750,-55.6580619812
10814.3378906250,-55.6800155640
10839.2656250000,-55.7019729614
10864.2509765625,-55.7239265442
10889.3056640625,-55.7465286255
10914.4062500000,-55.7718734741
10939.5644531250,-55.7972183228
10964.7812500000,-55.8225631714
10990.0556640625,-55.8487281799
11015.3886718750,-55.8796348572
11040.7919921875,-55.9105529785
11066.2412109375,-55.9414596558
11091.7500000000,-55.9731750488
11117.3173828125,-56.0096626282
11142.9433593750,-56.0461540222
11168.6289062500,-56.0826454163
11194.3730468750,-56.1199722290
11220.1894531250,-56.1611785889
11246.0527343750,-56.2023658752
11271.9755859375,-56.2435531616
11297.9580078125,-56.2855758667
11324.0009765625,-56.3301277161
11350.1035156250,-56.3746795654
11376.2792968750,-56.4192543030
11402.5019531250,-56.4640007019
11428.7861328125,-56.5091133118
11455.1298828125,-56.5542182922
11481.5351562500,-56.5993270874
11508.0000000000,-56.6422157288
11534.5273437500,-56.6828231812
11561.1279296875,-56.7234497070
11587.7773437500,-56.7640571594
11614.4873046875,-56.7979240417
11641.2597656250,-56.8284149170
11668.0937500000,-56.8589057922
11694.9892578125,-56.8893966675
11721.9472656250,-56.9088706970
11748.9804687500,-56.9267539978
11776.0625000000,-56.9446258545
11803.2070312500,-56.9614067078
11830.4140625000,-56.9696121216
11857.6845703125,-56.9778175354
11885.0166015625,-56.9860229492
11912.4257812500,-56.9932212830
11939.8847656250,-56.9988136292
11967.4072265625,-57.0044021606
11994.9931640625,-57.0099906921
12022.6425781250,-57.0188255310
12050.3554687500,-57.0291175842
12078.1318359375,-57.0394134521
12105.9863281250,-57.0499267578
12133.8916015625,-57.0690155029
12161.8613281250,-57.0881004333
12189.8955078125,-57.1071891785
12217.9931640625,-57.1294631958
12246.1572265625,-57.1567306519
12274.3984375000,-57.1840133667
12302.6923828125,-57.2112808228
12331.0507812500,-57.2415657043
12359.4746093750,-57.2726783752
12387.9638671875,-57.3037872314
12416.5195312500,-57.3346176147
12445.1396484375,-57.3644218445
12473.8408203125,-57.3942375183
12502.5937500000,-57.4240417480
12531.4130859375,-57.4511489868
12560.2988281250,-57.4769058228
12589.2509765625,-57.5026664734
12618.2705078125,-57.5279502869
12647.3701171875,-57.5505447388
12676.5234375000,-57.5731315613
12705.7441406250,-57.5957145691
12735.0312500000,-57.6180953979
12764.3867187500,-57.6403732300
12793.8095703125,-57.6626510620
12823.2998046875,-57.6853027344
12852.8730468750,-57.7094459534
12882.4990234375,-57.7335777283
12912.1943359375,-57.7577095032
12941.9580078125,-57.7833709717
12971.7900390625,-57.8094978333
13001.6914062500,-57.8356208801
13031.6611328125,-57.8620796204
13061.7138671875,-57.8891372681
13091.8222656250,-57.9161796570
13122.0000000000,-57.9432258606
13152.2470703125,-57.9704513550
13182.5634765625,-57.9976806641
13212.9501953125,-58.0249099731
13243.4218750000,-58.0522422791
13273.9492187500,-58.0796127319
13304.5468750000,-58.1069831848
13335.2138671875,-58.1342582703
13365.9531250000,-58.1613082886
13396.7626953125,-58.1883583069
13427.6425781250,-58.2154045105
13458.6093750000,-58.2404403687
13489.6328125000,-58.2654571533
13520.7265625000,-58.2904739380
13551.8935546875,-58.3126029968
13583.1308593750,-58.3336067200
13614.4414062500,-58.3546104431
13645.8388671875,-58.3736763000
13677.2929687500,-58.3905067444
13708.8203125000,-58.4073410034
13740.4199218750,-58.4238090515
13772.0927734375,-58.4391212463
13803.8388671875,-58.4544296265
13835.6572265625,-58.4698295593
13867.5644531250,-58.4878540039
13899.5302734375,-58.5058746338
13931.5693359375,-58.5238914490
13963.6826171875,-58.5472183228
13995.8701171875,-58.5714759827
14028.1318359375,-58.5957336426
14060.4677734375,-58.6252250671
14092.8935546875,-58.6570663452
14125.3789062500,-58.6888923645
14157.9384765625,-58.7244567871
14190.5732421875,-58.7630004883
14223.2841796875,-58.8015441895
14256.0693359375,-58.8422126770
14288.9462890625,-58.8855781555
14321.8837890625,-58.9289207458
14354.8964843750,-58.9733314514
14387.9853515625,-59.0197067261
14421.1503906250,-59.0660858154
14454.3925781250,-59.1130447388
14487.7109375000,-59.1614685059
14521.1220703125,-59.2099189758
14554.5947265625,-59.2587394714
14588.1435546875,-59.3088417053
14621.7705078125,-59.3589515686
14655.4746093750,-59.4093093872
14689.2568359375,-59.4606323242
14723.1328125000,-59.5119781494
14757.0703125000,-59.5631904602
14791.0869140625,-59.6139717102
14825.1806640625,-59.6647491455
14859.3544921875,-59.7144966125
14893.6054687500,-59.7605476379
14927.9365234375,-59.8065986633
14962.3632812500,-59.8499450684
14996.8525390625,-59.8852653503
15031.4208984375,-59.9205894470
15066.0693359375,-59.9513130188
15100.7978515625,-59.9717788696
15135.6064453125,-59.9922447205
15170.5117187500,-60.0078125000
15205.4804687500,-60.0155258179
15240.5302734375,-60.0232429504
15275.6611328125,-60.0288162231
15310.8730468750,-60.0320625305
15346.1650390625,-60.0353088379
15381.5390625000,-60.0412216187
15417.0117187500,-60.0489616394
15452.5488281250,-60.0566940308
15488.1679687500,-60.0706329346
15523.8691406250,-60.0868911743
15559.6533203125,-60.1031532288
15595.5195312500,-60.1256942749
15631.4677734375,-60.1490974426
15667.5166015625,-60.1727218628
15703.6318359375,-60.2002983093
15739.8300781250,-60.2278709412
15776.1113281250,-60.2561149597
15812.4765625000,-60.2864761353
15848.9248046875,-60.3168411255
15885.4755859375,-60.3481979370
15922.0927734375,-60.3807601929
15958.7939453125,-60.4133186340
15995.5800781250,-60.4455795288
16032.4511718750,-60.4776992798
16069.4072265625,-60.5098152161
16106.4482421875,-60.5366668701
16143.5927734375,-60.5630416870
16180.8046875000,-60.5875282288
16218.1025390625,-60.6031379700
16255.4863281250,-60.6187515259
16292.9560546875,-60.6292533875
16330.5126953125,-60.6335449219
16368.1738281250,-60.6349716187
16405.9042968750,-60.6362724304
16443.7207031250,-60.6374130249
16481.6250000000,-60.6377906799
16519.6152343750,-60.6378326416
16557.6953125000,-60.6398544312
16595.8613281250,-60.6476707458
16634.1347656250,-60.6641426086
16672.4765625000,-60.6806068420
16710.9082031250,-60.7117652893
16749.4277343750,-60.7484283447
16788.0371093750,-60.7868003845
16826.7343750000,-60.8430328369
16865.5390625000,-60.8992919922
16904.4160156250,-60.9610633850
16943.3808593750,-61.0292510986
16982.4375000000,-61.0974426270
17021.5820312500,-61.1664009094
17060.8183593750,-61.2354888916
17100.1445312500,-61.3024940491
17139.5820312500,-61.3636589050
17179.0898437500,-61.4247932434
17218.6875000000,-61.4781379700
17258.3789062500,-61.5278968811
17298.1601562500,-61.5762481689
17338.0332031250,-61.6024971008
17378.0000000000,-61.6049270630
17418.0761718750,-61.6138801575
17458.2265625000,-61.6144752502
17498.4687500000,-61.6166419983
17538.8027343750,-61.6252708435
17579.2324218750,-61.6326446533
17619.7519531250,-61.6476249695
17660.3867187500,-61.6527061462
17701.0957031250,-61.6706581116
17741.8984375000,-61.6727409363
17782.7949218750,-61.6835708618
17823.7851562500,-61.6928215027
17864.8691406250,-61.7089614868
17906.0488281250,-61.7128562927
17947.3437500000,-61.7139892578
17988.7148437500,-61.7336654663
18030.1796875000,-61.7351608276
18071.7402343750,-61.7428932190
18113.3964843750,-61.7437858582
18155.1484375000,-61.7521209717
18197.0175781250,-61.7521286011
18238.9628906250,-61.7705345154
18281.0058593750,-61.8351058960
18323.1445312500,-61.9030914307
18365.3808593750,-61.9791069031
18407.7148437500,-62.0551261902
18450.1445312500,-62.1265411377
18492.6953125000,-62.1974411011
18535.3222656250,-62.2602691650
18578.0468750000,-62.3150672913
18620.8710937500,-62.3679504395
18663.7929687500,-62.4068298340
18706.8144531250,-62.4457092285
18749.9355468750,-62.4779090881
18793.1757812500,-62.5079345703
18836.4941406250,-62.5363426208
18879.9140625000,-62.5623397827
18923.4335937500,-62.5880050659
18967.0546875000,-62.6083030701
19010.7734375000,-62.6285972595
19054.6171875000,-62.6417617798
19098.5390625000,-62.6522712708
19142.5625000000,-62.6591567993
19186.6875000000,-62.6609039307
19230.9140625000,-62.6626129150
19275.2421875000,-62.6639976501
19319.6738281250,-62.6653823853
19364.2285156250,-62.6746864319
19408.8632812500,-62.6857566833
19453.6015625000,-62.7040710449
19498.4433593750,-62.7286148071
19543.3886718750,-62.7553977966
19588.4375000000,-62.7882461548
19633.6132812500,-62.8210906982
19678.8691406250,-62.8526992798
19724.2304687500,-62.8843078613
19769.6972656250,-62.9101181030
19815.2675781250,-62.9341888428
19860.9433593750,-62.9547080994
19906.7226562500,-62.9721565247
19952.6328125000,-62.9893417358
19998.6250000000,-63.0059204102
20044.7226562500,-63.0229568481
20090.9277343750,-63.0439224243
20137.2382812500,-63.0648880005
20183.6562500000,-63.0910224915
20230.2031250000,-63.1177062988
20276.8339843750,-63.1465454102
20323.5742187500,-63.1762313843
20370.4218750000,-63.2050437927
20417.3769531250,-63.2331199646
20464.4394531250,-63.2591247559
20511.6113281250,-63.2816848755
20558.9160156250,-63.3029251099
20606.3046875000,-63.3194160461
20653.8046875000,-63.3357810974
20701.4121093750,-63.3506126404
20749.1308593750,-63.3654403687
20796.9589843750,-63.3864173889
20844.8984375000,-63.4077796936
20892.9687500000,-63.4402961731
20941.1289062500,-63.4752883911
20989.4003906250,-63.5197830200
21037.7812500000,-63.5682754517
21086.2753906250,-63.6188163757
21134.8808593750,-63.6707267761
21183.6210937500,-63.6936683655
21232.4511718750,-63.7009429932
21281.3945312500,-63.7067222595
21330.4492187500,-63.7133216858
21379.6171875000,-63.7162132263
21428.8984375000,-63.7245941162
21478.2929687500,-63.7481880188
21527.8261718750,-63.7530899048
21577.4492187500,-63.7554321289
21627.1875000000,-63.7735557556
21677.0390625000,-63.7838172913
21727.0058593750,-63.7896957397
21777.0878906250,-63.7965431213
21827.3105468750,-63.7975540161
21877.6230468750,-63.8020935059
21928.0527343750,-63.8641586304
21978.5996093750,-63.9336357117
22029.2617187500,-64.0171051025
22080.0410156250,-64.1009826660
22130.9355468750,-64.1881103516
22181.9746093750,-64.2747573853
22233.1054687500,-64.3572692871
22284.3535156250,-64.4384078979
22335.7207031250,-64.5101776123
22387.2070312500,-64.5792846680
22438.8105468750,-64.5930862427
22490.5585937500,-64.5957565308
22542.4003906250,-64.5978698730
22594.3632812500,-64.6026763916
22646.4433593750,-64.6064376831
22698.6464843750,-64.6195449829
22750.9667968750,-64.6219024658
22803.4101562500,-64.6331100464
22855.9980468750,-64.6363143921
22908.6835937500,-64.6455535889
22961.4902343750,-64.6562423706
23014.4179687500,-64.6778869629
23067.4667968750,-64.6824874878
23120.6386718750,-64.6845550537
23173.9335937500,-64.7006378174
23227.3769531250,-64.7113571167
23280.9179687500,-64.7188415527
23334.5820312500,-64.7264175415
23388.3710937500,-64.7345123291
23442.2812500000,-64.7348861694
23496.3183593750,-64.7371902466
23550.5039062500,-64.7791366577
23604.7910156250,-64.8320617676
23659.2011718750,-64.8822860718
23713.7363281250,-64.9287872314
23768.3984375000,-64.9616928101
23823.1875000000,-64.9864044189
23878.1015625000,-64.9875488281
23933.1679687500,-64.9895172119
23988.3359375000,-64.9927215576
24043.6308593750,-64.9962463379
24099.0527343750,-64.9983139038
24154.6035156250,-65.0068817139
24210.2812500000,-65.0307922363
24266.1132812500,-65.0940017700
24322.0488281250,-65.1633148193
24378.1132812500,-65.2606887817
24434.3066406250,-65.3606414795
24490.6289062500,-65.4651947021
24547.0820312500,-65.5540008545
24603.6640625000,-65.5994644165
24660.4042968750,-65.6072540283
24717.2480468750,-65.6122436523
24774.2226562500,-65.6268081665
24831.3300781250,-65.6301422119
24888.5683593750,-65.6345443726
24945.9375000000,-65.6633224487
25003.4394531250,-65.6687545776
25061.1015625000,-65.6751174927
25118.8691406250,-65.6812057495
25176.7714843750,-65.6952133179
25234.8046875000,-65.7300796509
25292.9726562500,-65.8035736084
25351.2753906250,-65.8781204224
25409.7402343750,-65.9544982910
25468.3105468750,-66.0220489502
25527.0175781250,-66.0844726563
25585.8593750000,-66.1272201538
25644.8359375000,-66.1645584106
25703.9492187500,-66.1865234375
25763.1972656250,-66.2049102783
25822.6132812500,-66.2189407349
25882.1347656250,-66.2346267700
25941.7949218750,-66.2510986328
26001.5937500000,-66.2736892700
26061.5292968750,-66.2974319458
26121.6015625000,-66.3235321045
26181.8437500000,-66.3481140137
26242.1953125000,-66.3718109131
26302.6835937500,-66.3897094727
26363.3144531250,-66.4061584473
26424.0839843750,-66.4194793701
26484.9921875000,-66.4339599609
26546.0429687500,-66.4492340088
26607.2617187500,-66.4720458984
26668.5937500000,-66.4979934692
26730.0664062500,-66.5309066772
26791.6816406250,-66.5666503906
26853.4375000000,-66.6041564941
26915.3378906250,-66.6376113892
26977.4082031250,-66.6673355103
27039.5937500000,-66.6895599365
27101.9218750000,-66.7045516968
27164.3945312500,-66.7162475586
27227.0097656250,-66.7271270752
27289.7695312500,-66.7438125610
27352.6738281250,-66.7680053711
27415.7539062500,-66.8121109009
27478.9492187500,-66.8658599854
27542.2910156250,-66.9397354126
27605.7773437500,-67.0224685669
27669.4101562500,-67.1110534668
27733.1914062500,-67.1961441040
27797.1171875000,-67.2728347778
27861.2226562500,-67.3373794556
27925.4453125000,-67.3786163330
27989.8144531250,-67.4089050293
28054.3339843750,-67.4154434204
28119.0000000000,-67.4166030884
28183.8164062500,-67.4167938232
28248.8144531250,-67.4205017090
28313.9296875000,-67.4209442139
28379.1953125000,-67.4231185913
28444.6113281250,-67.4259490967
28510.1777343750,-67.4392700195
28575.8964843750,-67.4578475952
28641.7656250000,-67.4836044312
28707.8183593750,-67.5127105713
28773.9921875000,-67.5464630127
28840.3183593750,-67.5839004517
28906.7968750000,-67.6229553223
28973.4296875000,-67.6637802124
29040.2148437500,-67.7050628662
29107.1855468750,-67.7464523315
29174.2812500000,-67.7874984741
29241.5292968750,-67.8274993896
29308.9335937500,-67.8663635254
29376.4921875000,-67.9021759033
29444.2070312500,-67.9329071045
29512.0781250000,-67.9478759766
29580.1386718750,-67.9494628906
29648.3222656250,-67.9569396973
29716.6640625000,-67.9590530396
29785.1621093750,-67.9687118530
29853.8203125000,-67.9750595093
29922.6347656250,-67.9781570435
29991.6406250000,-67.9796142578
30060.7734375000,-67.9808731079
30130.0664062500,-68.0241394043
30199.5175781250,-68.0883483887
30269.1308593750,-68.1672363281
30338.9023437500,-68.2536010742
30408.8359375000,-68.3342819214
30478.9648437500,-68.4016799927
30549.2207031250,-68.4516677856
30619.6386718750,-68.4833908081
30690.2187500000,-68.4994812012
30760.9628906250,-68.5069274902
30831.8691406250,-68.5176467896
30902.9375000000,-68.5372009277
30974.2050781250,-68.5675048828
31045.6035156250,-68.6072311401
31117.1660156250,-68.6522369385
31188.8925781250,-68.6955947876
31260.7851562500,-68.7316131592
31332.8437500000,-68.7614440918
31405.1035156250,-68.7888183594
31477.4941406250,-68.8184204102
31550.0507812500,-68.8543472290
31622.7773437500,-68.8983688354
31695.6699218750,-68.9485244751
31768.7304687500,-68.9980773926
31841.9589843750,-69.0432357788
31915.3925781250,-69.0835113525
31988.9589843750,-69.1208114624
32062.6972656250,-69.1420211792
32136.6035156250,-69.1460113525
32210.6796875000,-69.1546325684
32284.9277343750,-69.1581344604
32359.3828125000,-69.1665954590
32433.9726562500,-69.1812896729
32508.7363281250,-69.1974639893
32583.6718750000,-69.1983642578
32658.7792968750,-69.2184600830
32734.0585937500,-69.2344741821
32809.5156250000,-69.2373352051
32885.1796875000,-69.2609252930
32960.9804687500,-69.2663192749
33036.9570312500,-69.2697143555
33113.1093750000,-69.2856826782
33189.4375000000,-69.2871398926
33265.9414062500,-69.3023605347
33342.6250000000,-69.3366699219
33419.5156250000,-69.3597030640
33496.5507812500,-69.3708877563
33573.7617187500,-69.3740310669
33651.1523437500,-69.3769607544
33728.7226562500,-69.3900375366
33806.4687500000,-69.4203491211
33884.4335937500,-69.4716415405
33962.5390625000,-69.5430908203
34040.8242187500,-69.6287460327
34119.2890625000,-69.7177658081
34197.9375000000,-69.7541885376
34276.7656250000,-69.7614898682
34355.7773437500,-69.7691421509
34435.0078125000,-69.7899932861
34514.3828125000,-69.7961425781
34593.9414062500,-69.7995529175
34673.6835937500,-69.8286666870
34753.6054687500,-69.8369903564
34833.7187500000,-69.8503494263
34914.0507812500,-69.8613739014
34994.5273437500,-69.8719482422
35075.1953125000,-69.8745346069
35156.0429687500,-69.9083251953
35237.0820312500,-69.9370346069
35318.3046875000,-69.9604644775
35399.7148437500,-69.9787979126
35481.3554687500,-69.9927520752
35563.1406250000,-70.0038909912
35645.1171875000,-70.0143432617
35727.2812500000,-70.0259323120
35809.6367187500,-70.0396194458
35892.1796875000,-70.0562057495
35974.9531250000,-70.0777053833
36057.8789062500,-70.1080627441
36140.9921875000,-70.1520309448
36224.3007812500,-70.2126312256
36307.8007812500,-70.2886352539
36391.4921875000,-70.3739700317
36475.3789062500,-70.4595184326
36559.4960937500,-70.5363693237
36643.7695312500,-70.5988311768
36728.2343750000,-70.6458892822
36812.8945312500,-70.6730346680
36897.7539062500,-70.6999435425
36982.8046875000,-70.7208175659
37068.0507812500,-70.7389450073
37153.5390625000,-70.7579727173
37239.1796875000,-70.7825546265
37325.0195312500,-70.8169403076
37411.0546875000,-70.8616790771
37497.2890625000,-70.9008331299
37583.7226562500,-70.9040069580
37670.3984375000,-70.9110870361
37757.2304687500,-70.9315109253
37844.2656250000,-70.9382934570
37931.5000000000,-70.9542617798
38018.9335937500,-70.9658584595
38106.5703125000,-70.9800262451
38194.4062500000,-70.9829025269
38282.4921875000,-70.9912872314
38370.7343750000,-71.0767059326
38459.1796875000,-71.1760177612
38547.8320312500,-71.2709121704
38636.6875000000,-71.3297576904
38725.7500000000,-71.3303527832
38815.0585937500,-71.3426895142
38904.5273437500,-71.3450698853
38994.2070312500,-71.3506317139
39084.0898437500,-71.3678741455
39174.1835937500,-71.3802642822
39264.4804687500,-71.3847961426
39354.9882812500,-71.3908081055
39445.7460937500,-71.4475021362
39536.6718750000,-71.5129776001
39627.8085937500,-71.5955352783
39719.1523437500,-71.5988540649
39810.7070312500,-71.6004409790
39902.4765625000,-71.6076583862
39994.4960937500,-71.6269836426
40086.6875000000,-71.6279907227
40179.0898437500,-71.6446456909
40271.7070312500,-71.6454391479
40364.5351562500,-71.6751937866
40457.5781250000,-71.7401275635
40550.8359375000,-71.8124694824
40644.3515625000,-71.8516464233
40738.0390625000,-71.8782196045
40831.9453125000,-71.8889999390
40926.0664062500,-71.9077377319
41020.4023437500,-71.9447555542
41114.9570312500,-71.9701461792
41209.7304687500,-71.9876251221
41304.7656250000,-71.9903488159
41399.9765625000,-71.9909591675
41495.4062500000,-71.9912948608
41591.0585937500,-71.9927825928
41686.9257812500,-71.9930191040
41783.0195312500,-71.9950485229
41879.3789062500,-71.9951705933
41975.9140625000,-71.9956665039
42072.6679687500,-72.0115051270
42169.6484375000,-72.0240249634
42266.8554687500,-72.0288085938
42364.2812500000,-72.1140136719
42461.9335937500,-72.2378311157
42559.8593750000,-72.3515625000
42657.9648437500,-72.4496383667
42756.2929687500,-72.5353088379
42854.8476562500,-72.6527786255
42953.6328125000,-72.7406082153
43052.6445312500,-72.7467727661
43151.9296875000,-72.7494735718
43251.3984375000,-72.7607040405
43351.0976562500,-72.7668533325
43451.0234375000,-72.7827987671
43551.1796875000,-72.8109970093
43651.5703125000,-72.8162384033
43752.1914062500,-72.8252410889
43853.0898437500,-72.8505401611
43954.1757812500,-72.8507232666
44055.4921875000,-72.8610305786
44157.0429687500,-72.8625106812
44258.8281250000,-72.9179306030
44360.8476562500,-73.0009460449
44463.1015625000,-73.1778106689
44565.6406250000,-73.1893692017
44668.3671875000,-73.2101974487
44771.3320312500,-73.2207260132
44874.5351562500,-73.3131637573
44977.9726562500,-73.3577728271
45081.6484375000,-73.3744506836
45185.6171875000,-73.4359741211
45289.7734375000,-73.4380340576
45394.1679687500,-73.4475631714
45498.8046875000,-73.4566192627
45603.6835937500,-73.4813156128
45708.8046875000,-73.4838256836
45814.1640625000,-73.4928283691
45919.8203125000,-73.4994888306
46025.6679687500,-73.5084686279
46131.7617187500,-73.5322875977
46238.0976562500,-73.5352020264
46344.6796875000,-73.5379562378
46451.5078125000,-73.5505142212
46558.6328125000,-73.5549011230
46665.9531250000,-73.5556640625
46773.5234375000,-73.5837631226
46881.3398437500,-73.6381912231
46989.4023437500,-73.7102355957
47097.7187500000,-73.7660675049
47206.2812500000,-73.8038482666
47315.1484375000,-73.8363647461
47424.2109375000,-73.9009017944
47533.5273437500,-73.9680938721
47643.0976562500,-74.0068435669
47752.9179687500,-74.0406341553
47862.9921875000,-74.0897293091
47973.3710937500,-74.1443023682
48083.9531250000,-74.1837921143
48194.7890625000,-74.2370147705
48305.8828125000,-74.2397003174
48417.2304687500,-74.2419052124
48528.8359375000,-74.2590332031
48640.6992187500,-74.2751235962
48752.8710937500,-74.2796630859
48865.2500000000,-74.2815475464
48977.8867187500,-74.2883987427
49090.7851562500,-74.2907867432
49203.9453125000,-74.2945861816
49317.3632812500,-74.3378219604
49431.0429687500,-74.3722152710
49545.0390625000,-74.3990859985
49659.2421875000,-74.4088592529
49773.7109375000,-74.4134750366
49888.4453125000,-74.4188308716
50003.4414062500,-74.4212493896
50118.7031250000,-74.4223480225
50234.2851562500,-74.4248428345
50350.0781250000,-74.4271697998
50466.1367187500,-74.4458084106
50582.4648437500,-74.4843673706
50699.0625000000,-74.5094604492
50815.9257812500,-74.5302658081
50933.0625000000,-74.5392532349
51050.5234375000,-74.5527267456
51168.1953125000,-74.6127777100
51286.1445312500,-74.7147674561
51404.3593750000,-74.8342285156
51522.8515625000,-74.8793792725
51641.6171875000,-74.9048538208
51760.7109375000,-74.9172744751
51880.0234375000,-74.9340438843
51999.6093750000,-74.9773406982
52119.4726562500,-74.9784469604
52239.6093750000,-74.9816055298
52360.0273437500,-75.0187911987
52480.7187500000,-75.0198211670
52601.7500000000,-75.0429916382
52723.0000000000,-75.0458450317
52844.5312500000,-75.0802078247
52966.3398437500,-75.1866455078
53088.4335937500,-75.2519912720
53210.8046875000,-75.3344955444
53333.5195312500,-75.4007720947
53456.4570312500,-75.4307785034
53579.6757812500,-75.4340820313
53703.1835937500,-75.4476623535
53826.9726562500,-75.4528045654
53951.0468750000,-75.4748687744
54075.4062500000,-75.4762725830
54200.1132812500,-75.4823532104
54325.0507812500,-75.5598983765
54450.2734375000,-75.6559906006
54575.7851562500,-75.6893615723
54701.5859375000,-75.7165069580
54827.6757812500,-75.7206420898
54954.0585937500,-75.7553710938
55080.7929687500,-75.7720413208
55207.7578125000,-75.7776031494
55335.0156250000,-75.7781906128
55462.5664062500,-75.7848205566
55590.4101562500,-75.7926712036
55718.5507812500,-75.8187026978
55847.0468750000,-75.8378295898
55975.7773437500,-75.8391647339
56104.8085937500,-75.8475036621
56234.1328125000,-75.8502578735
56363.7578125000,-75.8545379639
56493.6796875000,-75.8814239502
56623.9023437500,-75.8941497803
56754.4843750000,-75.8990783691
56885.3085937500,-75.9529190063
57016.4335937500,-75.9563064575
57147.8593750000,-75.9946060181
57279.5898437500,-75.9979782104
57411.6210937500,-76.0454711914
57544.0234375000,-76.2383651733
57676.6679687500,-76.3745117188
57809.6171875000,-76.4000015259
57942.8710937500,-76.4026107788
58076.4335937500,-76.4642410278
58210.3046875000,-76.4672088623
58344.4843750000,-76.4886779785
58479.0351562500,-76.6195449829
58613.8320312500,-76.7820892334
58748.9414062500,-76.8449707031
58884.3632812500,-76.8481292725
59020.0937500000,-76.8548812866
59156.1406250000,-76.8613281250
59292.5000000000,-76.8785171509
59429.2382812500,-76.8785934448
59566.2265625000,-76.8952178955
59703.5312500000,-76.8975601196
59841.1523437500,-76.9089050293
59979.0898437500,-76.9181442261
60117.3476562500,-76.9301452637
60255.9882812500,-76.9326171875
60394.8828125000,-76.9578170776
60534.0976562500,-76.9708633423
60673.6328125000,-76.9900207520
60813.4882812500,-76.9974670410
60953.6679687500,-77.0041046143
61094.1718750000,-77.0294113159
61235.0625000000,-77.0558471680
61376.2148437500,-77.0571060181
61517.6914062500,-77.0576553345
61659.4960937500,-77.0745925903
61801.6250000000,-77.1085357666
61944.0820312500,-77.2242813110
62086.9335937500,-77.3228378296
62230.0507812500,-77.3440322876
62373.4960937500,-77.3456039429
62517.2695312500,-77.3589019775
62661.3750000000,-77.4173126221
62805.8164062500,-77.4812393188
62950.5859375000,-77.5548477173
63095.7617187500,-77.6718826294
63241.2031250000,-77.7329788208
63386.9765625000,-77.7504043579
63533.0898437500,-77.7742767334
63679.5390625000,-77.7746276855
63826.3242187500,-77.7984390259
63973.5195312500,-77.8188476563
64120.9804687500,-77.8402862549
64268.7851562500,-77.8432006836
64416.9296875000,-77.8491210938
64565.4140625000,-77.8559570313
64714.2421875000,-77.8626022339
64863.4140625000,-77.8689422607
65013.0000000000,-77.8931350708
65162.8593750000,-77.9009399414
65313.0625000000,-77.9185485840
65463.6132812500,-77.9300689697
65614.5156250000,-77.9524765015
65765.7578125000,-77.9656524658
65917.3515625000,-77.9780883789
66069.3671875000,-77.9930801392
66221.6640625000,-78.0046157837
66374.3125000000,-78.0137634277
66527.3125000000,-78.0148849487
66680.6562500000,-78.0152816772
66834.3593750000,-78.0992431641
66988.4921875000,-78.1551666260
67142.9062500000,-78.1859130859
67297.6796875000,-78.2149276733
67452.8046875000,-78.2395553589
67608.2890625000,-78.2437896729
67764.1250000000,-78.2461471558
67920.3281250000,-78.2528381348
68076.9609375000,-78.2747802734
68233.8906250000,-78.3365173340
68391.1718750000,-78.4576263428
68548.8203125000,-78.6030044556
68706.8281250000,-78.7172470093
68865.2031250000,-78.7182464600
69024.0156250000,-78.7305679321
69183.1250000000,-78.7404098511
69342.5937500000,-78.7422332764
69502.4296875000,-78.7595901489
69662.6406250000,-78.7651824951
69823.2187500000,-78.7698059082
69984.1640625000,-78.7993774414
70145.5625000000,-78.8263778687
70307.2500000000,-78.8773956299
70469.3125000000,-78.9294281006
70631.7500000000,-78.9317321777
70794.5625000000,-78.9806976318
70957.7500000000,-78.9990539551
71121.3906250000,-79.0632324219
71285.3281250000,-79.1370162964
71449.6484375000,-79.1434783936
71614.3437500000,-79.1528701782
71779.4218750000,-79.1760787964
71944.8750000000,-79.1983871460
72110.7187500000,-79.2014312744
72277.0156250000,-79.2296600342
72443.6171875000,-79.2304840088
72610.6093750000,-79.2385101318
72777.9765625000,-79.2391891479
72945.7343750000,-79.2795410156
73113.8828125000,-79.3165512085
73282.4140625000,-79.3349456787
73451.4140625000,-79.3368759155
73620.7265625000,-79.3558349609
73790.4296875000,-79.3731002808
73960.5234375000,-79.3750610352
74131.0078125000,-79.4074096680
74301.8828125000,-79.4260940552
74473.2343750000,-79.4568252563
74644.8984375000,-79.4717254639
74816.9609375000,-79.4733734131
74989.4218750000,-79.4841461182
75162.2734375000,-79.4905853271
75335.5312500000,-79.4985656738
75509.1875000000,-79.5161514282
75683.3203125000,-79.5172805786
75857.7812500000,-79.5724487305
76032.6328125000,-79.6477127075
76207.8984375000,-79.7329330444
76383.5625000000,-79.7856826782
76559.6328125000,-79.8036880493
76736.1875000000,-79.8526077271
76913.0703125000,-79.9429779053
77090.3593750000,-80.0515823364
77268.0625000000,-80.1534271240
77446.1718750000,-80.2282333374
77624.6875000000,-80.2312240601
77803.6171875000,-80.2615966797
77983.0468750000,-80.2718124390
78162.8046875000,-80.2745208740
78342.9765625000,-80.3308258057
78523.5625000000,-80.3390274048
78704.5625000000,-80.3838195801
78885.9843750000,-80.3991394043
79067.8203125000,-80.4190139771
79250.1640625000,-80.4468002319
79432.8437500000,-80.4713363647
79615.9375000000,-80.5030059814
79799.4609375000,-80.5052032471
79983.4062500000,-80.5157470703
80167.7734375000,-80.5308609009
80352.6484375000,-80.5314483643
80537.8671875000,-80.5403518677
80723.5156250000,-80.5463790894
80909.5859375000,-80.5533523560
81096.0937500000,-80.5586624146
81283.0234375000,-80.5625610352
81470.3828125000,-80.5745468140
81658.2734375000,-80.7499389648
81846.5000000000,-80.8219299316
82035.1640625000,-80.8291931152
82224.2578125000,-80.8556442261
82413.7890625000,-80.8628387451
82603.7578125000,-80.9144897461
82794.2578125000,-80.9289321899
82985.1015625000,-80.9471893311
83176.3906250000,-80.9550476074
83368.1171875000,-80.9643859863
83560.2890625000,-81.0033569336
83752.8984375000,-81.0052108765
83945.9609375000,-81.0395584106
84139.5546875000,-81.0446395874
84333.5000000000,-81.0939788818
84527.8906250000,-81.1894912720
84722.7343750000,-81.2091140747
84918.0312500000,-81.2501983643
85113.7734375000,-81.2735443115
85310.0546875000,-81.3404922485
85506.7031250000,-81.3754730225
85703.8046875000,-81.3796157837
85901.3515625000,-81.4026641846
86099.3671875000,-81.4325332642
86297.8281250000,-81.4418258667
86496.7500000000,-81.4515762329
86696.2265625000,-81.4525222778
86896.0703125000,-81.4794769287
87096.3671875000,-81.5882568359
87297.1328125000,-81.6112823486
87498.3593750000,-81.6606674194
87700.0468750000,-81.6857681274
87902.2031250000,-81.6871185303
88104.9218750000,-81.6872558594
88308.0078125000,-81.6872863770
88511.5703125000,-81.6884460449
88715.5937500000,-81.7313919067
88920.0859375000,-81.7616348267
89125.0546875000,-81.7682495117
89330.5937500000,-81.7783203125
89536.5078125000,-81.8078536987
89742.8906250000,-81.8491973877
89949.7578125000,-81.8494949341
90157.1015625000,-81.8636550903
90364.9140625000,-81.9307785034
90573.2109375000,-81.9944763184
90782.0937500000,-82.0279693604
90991.3515625000,-82.0329360962
91201.0937500000,-82.0383453369
91411.3203125000,-82.0726852417
91622.0234375000,-82.1052932739
91833.2187500000,-82.1147308350
92045.0078125000,-82.1564254761
92257.1718750000,-82.1686630249
92469.8359375000,-82.1967468262
92682.9843750000,-82.2681884766
92896.6250000000,-82.3191604614
93110.7578125000,-82.3265457153
93325.3828125000,-82.3474273682
93540.6093750000,-82.4511566162
93756.2265625000,-82.5957794189
93972.3437500000,-82.6138992310
94188.9531250000,-82.6392745972
94406.0703125000,-82.6474990845
94623.6796875000,-82.6775360107
94841.8984375000,-82.6867980957
95060.5156250000,-82.6924743652
95279.6328125000,-82.7056198120
95499.2656250000,-82.7066650391
95719.3984375000,-82.7353515625
95940.0390625000,-82.7799224854
96161.1875000000,-82.7892761230
96382.9453125000,-82.8624038696
96605.1171875000,-82.9862365723
96827.7968750000,-82.9874114990
97050.9921875000,-83.0044708252
97274.7031250000,-83.0103759766
97498.9296875000,-83.0502014160
97723.6718750000,-83.0960464478
97949.0390625000,-83.1458663940
98174.8203125000,-83.1518325806
98401.1171875000,-83.1986770630
98627.9375000000,-83.2012252808
98855.2812500000,-83.2224044800
99083.1484375000,-83.3263931274
99311.6562500000,-83.3710174561
99540.5781250000,-83.3719863892
99770.0234375000,-83.3737411499
100000.0000000000,-83.3781356812
100230.5078125000,-83.3852844238
100461.5468750000,-83.3943939209
100693.1171875000,-83.4050521851
100925.3359375000,-83.4177856445
101157.9687500000,-83.4249191284
101391.1484375000,-83.4341506958
101624.8593750000,-83.4562454224
101859.1171875000,-83.4858856201
102093.9062500000,-83.4968109131
102329.3515625000,-83.5135040283
102565.2265625000,-83.5236892700
102801.6484375000,-83.5685348511
103038.6171875000,-83.6174545288
103276.1250000000,-83.6661911011
103514.1875000000,-83.7104187012
103752.7890625000,-83.7470474243
103992.0625000000,-83.7763214111
104231.7734375000,-83.8019790649
104472.0312500000,-83.8290176392
104712.8515625000,-83.8619308472
104954.2187500000,-83.9028396606
105196.1484375000,-83.9504699707
105438.6328125000,-84.0002365112
105681.7890625000,-84.0456619263
105925.3984375000,-84.0804367065
106169.5625000000,-84.0992965698
106414.2890625000,-84.0996627808
106659.5859375000,-84.1008529663
106905.4375000000,-84.1043472290
107151.9843750000,-84.1072998047
107398.9765625000,-84.1107330322
107646.5390625000,-84.1340866089
107894.6718750000,-84.1676483154
108143.3750000000,-84.2070159912
108392.6562500000,-84.2473220825
108642.5078125000,-84.2847366333
108893.0546875000,-84.3171997070
109144.0625000000,-84.3444137573
109395.6484375000,-84.3678054810
109647.8125000000,-84.3904113770
109900.5546875000,-84.4167556763
110153.8828125000,-84.4520187378
110407.9218750000,-84.5005416870
110662.4140625000,-84.5532684326
110917.5000000000,-84.6278610229
111173.1718750000,-84.7095642090
111429.4375000000,-84.7892303467
111686.2890625000,-84.8336486816
111943.7343750000,-84.8347320557
112201.8984375000,-84.8400192261
112460.5312500000,-84.8408050537
112719.7578125000,-84.8452377319
112979.5859375000,-84.8481063843
113240.0078125000,-84.8515930176
113501.0390625000,-84.8567886353
113762.7890625000,-84.8578262329
114025.0234375000,-84.8659591675
114287.8593750000,-84.8823699951
114551.2968750000,-84.8915252686
114815.3437500000,-84.9039154053
115080.0078125000,-84.9080429077
115345.2734375000,-84.9257812500
115611.2812500000,-84.9264831543
115877.7734375000,-84.9326019287
116144.8750000000,-84.9877243042
116412.6015625000,-85.0520324707
116680.9375000000,-85.1187744141
116949.8984375000,-85.1812133789
117219.4765625000,-85.2340698242
117489.8046875000,-85.2741699219
117760.6250000000,-85.3003463745
118032.0703125000,-85.3134460449
118304.1406250000,-85.3144302368
118576.8437500000,-85.3146057129
118850.1718750000,-85.3164749146
119124.2578125000,-85.3222351074
119398.8515625000,-85.3575057983
119674.0703125000,-85.4121932983
119949.9296875000,-85.4529190063
120226.4218750000,-85.4904708862
120503.5546875000,-85.5234298706
120781.3203125000,-85.5543594360
121059.8671875000,-85.5879669189
121338.9140625000,-85.6281127930
121618.6093750000,-85.6752548218
121898.9531250000,-85.7255783081
122179.9375000000,-85.7723846436
122461.5703125000,-85.8201293945
122743.9843750000,-85.8408813477
123026.9218750000,-85.8429489136
123310.5078125000,-85.8454360962
123594.7421875000,-85.8555603027
123879.6406250000,-85.8773574829
124165.1953125000,-85.9102325439
124451.3984375000,-85.9489288330
124738.4062500000,-85.9507598877
125025.9375000000,-85.9605865479
125314.1328125000,-85.9612655640
125602.9921875000,-85.9824829102
125892.5156250000,-85.9970092773
126182.7031250000,-86.0046081543
126473.7031250000,-86.0157241821
126765.2343750000,-86.0191574097
127057.4375000000,-86.1025161743
127350.3125000000,-86.1572723389
127643.8671875000,-86.2000274658
127938.0937500000,-86.2274932861
128233.0000000000,-86.2424468994
128528.7265625000,-86.2520675659
128824.9921875000,-86.2768859863
129121.9453125000,-86.3270950317
129419.5781250000,-86.3796539307
129717.8984375000,-86.4418182373
130016.9140625000,-86.5060501099
130316.6093750000,-86.5861358643
130617.1406250000,-86.6364974976
130918.2265625000,-86.6494903564
131220.0000000000,-86.6536178589
131522.4687500000,-86.6580429077
131825.6406250000,-86.6722717285
132129.5000000000,-86.7265243530
132434.2187500000,-86.7737503052
132739.4843750000,-86.7791595459
133045.4687500000,-86.7960128784
133352.1406250000,-86.8076629639
133659.5312500000,-86.8393783569
133967.6250000000,-86.8566360474
134276.4218750000,-86.8612899780
134586.0937500000,-86.8958587646
134896.3281250000,-86.9010314941
135207.2656250000,-86.9280776978
135518.9375000000,-86.9849472046
135831.3125000000,-86.9963302612
136144.4062500000,-87.0001144409
136458.3906250000,-87.0102996826
136772.9375000000,-87.0266113281
137088.2031250000,-87.0391235352
137404.2031250000,-87.0473327637
137720.9218750000,-87.0531997681
138038.3906250000,-87.1467514038
138356.5781250000,-87.2211151123
138675.6406250000,-87.2913894653
138995.2968750000,-87.3741455078
139315.7031250000,-87.4364318848
139636.8281250000,-87.4727935791
139958.7031250000,-87.5115127563
140281.3125000000,-87.5737152100
140604.6718750000,-87.5987854004
140928.9375000000,-87.6069030762
141253.7812500000,-87.6093521118
141579.3906250000,-87.6231689453
141905.7343750000,-87.6277694702
142232.8437500000,-87.6386718750
142560.7031250000,-87.6458816528
142889.4687500000,-87.6476058960
143218.8281250000,-87.6642379761
143548.9687500000,-87.6998291016
143879.8593750000,-87.7169876099
144211.5156250000,-87.7188873291
144543.9218750000,-87.7254486084
144877.1093750000,-87.7254714966
145211.2187500000,-87.7290039063
145545.9375000000,-87.7327041626
145881.4375000000,-87.7632293701
146217.7031250000,-87.8200988770
146554.7500000000,-87.8617401123
146892.5625000000,-87.9127731323
147231.3281250000,-87.9444808960
147570.7031250000,-87.9532318115
147910.8593750000,-87.9606857300
148251.8125000000,-87.9783096313
148593.5468750000,-88.0056610107
148936.0625000000,-88.0735321045
149279.3750000000,-88.1585083008
149623.6250000000,-88.2362670898
149968.5312500000,-88.2631454468
150314.2187500000,-88.2668914795
150660.7031250000,-88.2792205811
151007.9843750000,-88.2855148315
151356.0625000000,-88.2933654785
151705.1250000000,-88.3027801514
152054.8125000000,-88.3552169800
152405.3125000000,-88.3865356445
152756.6093750000,-88.4133834839
153108.7187500000,-88.4262390137
153461.6562500000,-88.4425048828
153815.3906250000,-88.4705429077
154170.1093750000,-88.4948196411
154525.4843750000,-88.5325851440
154881.6875000000,-88.5725479126
155238.7031250000,-88.6273651123
155596.5312500000,-88.7029418945
155955.1875000000,-88.7649765015
156314.6875000000,-88.8569564819
156675.1718750000,-88.9295654297
157036.3125000000,-88.9650497437
157398.2968750000,-88.9769439697
157761.1093750000,-88.9770889282
158124.7656250000,-88.9788742065
158489.2500000000,-88.9838104248
158854.7500000000,-88.9969940186
159220.9218750000,-89.0149841309
159587.9375000000,-89.0408859253
159955.7968750000,-89.0789642334
160324.5156250000,-89.1392593384
160694.0625000000,-89.2149124146
161064.4843750000,-89.2911682129
161435.9218750000,-89.3515853882
161808.0468750000,-89.3775634766
162181.0312500000,-89.4032440186
162554.8593750000,-89.4282989502
162929.5625000000,-89.4648971558
163305.1250000000,-89.5107650757
163681.7343750000,-89.5592498779
164059.0312500000,-89.6027603149
164437.2031250000,-89.6186981201
164816.2343750000,-89.6192092896
165196.1562500000,-89.6325378418
165576.9375000000,-89.6362380981
165958.6093750000,-89.6455230713
166341.3437500000,-89.6509017944
166724.7656250000,-89.7297897339
167109.0781250000,-89.8343734741
167494.2812500000,-89.8715744019
167880.3593750000,-89.8871917725
168267.3437500000,-89.8964767456
168655.3906250000,-89.9210281372
169044.1562500000,-89.9391555786
169433.8125000000,-89.9518127441
169824.3750000000,-89.9697799683
170215.8281250000,-89.9703292847
170608.1875000000,-89.9786834717
171001.4531250000,-89.9918823242
171395.8125000000,-90.0181732178
171790.8906250000,-90.0199890137
172186.8750000000,-90.0259017944
172583.7812500000,-90.0441970825
172981.6093750000,-90.0608215332
173380.3437500000,-90.1099929810
173779.9843750000,-90.1686096191
174180.7500000000,-90.1974639893
174582.2500000000,-90.2106323242
174984.6875000000,-90.2188873291
175388.0312500000,-90.2318420410
175792.3125000000,-90.2626266479
176197.5312500000,-90.2956390381
176603.8750000000,-90.3358993530
177010.9531250000,-90.3773117065
177418.9843750000,-90.4112548828
177827.9375000000,-90.4434967041
178237.8437500000,-90.4691314697
178648.7031250000,-90.5155181885
179060.5000000000,-90.5832595825
179473.4375000000,-90.5887756348
179887.1406250000,-90.6025848389
180301.7968750000,-90.6052169800
180717.4062500000,-90.6462478638
181133.9687500000,-90.6475906372
181551.5000000000,-90.6610794067
181970.1875000000,-90.6930160522
182389.6406250000,-90.7009582520
182810.0625000000,-90.7347793579
183231.4531250000,-90.7462463379
183653.8125000000,-90.7468414307
184077.1406250000,-90.7479705811
184501.4531250000,-90.7509155273
184926.9531250000,-90.7519607544
185353.2187500000,-90.7572860718
185780.4687500000,-90.8286972046
186208.7031250000,-90.9173965454
186637.9375000000,-90.9739990234
187068.1406250000,-91.0082397461
187499.3437500000,-91.0309524536
187931.7500000000,-91.0436096191
188364.9531250000,-91.0616073608
188799.1406250000,-91.0947952271
189234.3437500000,-91.1254119873
189670.5312500000,-91.1555175781
190107.7500000000,-91.1841659546
190546.1562500000,-91.2080383301
190985.3906250000,-91.2405548096
191425.6250000000,-91.2943572998
191866.8750000000,-91.3678741455
192309.1406250000,-91.4043579102
192752.4218750000,-91.4088363647
193196.7343750000,-91.4211730957
193642.2812500000,-91.4825210571
194088.6406250000,-91.5817413330
194536.0312500000,-91.6458053589
194984.4375000000,-91.6596221924
195433.8906250000,-91.6624679565
195884.3906250000,-91.6716232300
196336.1250000000,-91.6738204956
196788.7031250000,-91.6786270142
197242.3125000000,-91.7072753906
197696.9687500000,-91.7414474487
198152.6718750000,-91.7966461182
198609.4218750000,-91.8595581055
199067.2343750000,-91.8735504150
199526.3125000000,-91.8788909912
199986.2343750000,-91.9016799927
200447.2187500000,-91.9216308594
200909.2656250000,-91.9389724731
201372.3750000000,-91.9494934082
201836.5625000000,-91.9501876831
202302.0312500000,-91.9607925415
202768.3437500000,-91.9672241211
203235.7343750000,-91.9688644409
203704.2187500000,-91.9702835083
204173.7656250000,-91.9711608887
204644.4062500000,-91.9716339111
205116.1250000000,-91.9721374512
205589.1562500000,-92.0117721558
206063.0468750000,-92.0426864624
206538.0468750000,-92.0596160889
207014.1250000000,-92.0688858032
207491.3125000000,-92.0974655151
207969.5937500000,-92.1100921631
208448.9843750000,-92.1207351685
208929.7031250000,-92.2339248657
209411.2968750000,-92.3719558716
209894.0000000000,-92.3744583130
210377.8281250000,-92.3823013306
210862.7500000000,-92.3938446045
211348.8125000000,-92.4011840820
211836.2187500000,-92.4028625488
212324.5156250000,-92.4338455200
212813.9375000000,-92.4639282227
213304.4843750000,-92.4876556396
213796.1718750000,-92.5278854370
214288.9843750000,-92.6568298340
214782.9375000000,-92.6630554199
215278.2656250000,-92.6804428101
215774.5000000000,-92.6952133179
216271.8750000000,-92.7441329956
216770.3906250000,-92.7596282959
217270.0625000000,-92.7671356201
217770.8906250000,-92.7873306274
218273.1093750000,-92.8173904419
218776.2343750000,-92.8192749023
219280.5312500000,-92.8794860840
219785.9843750000,-92.9141540527
220292.6093750000,-92.9614868164
220800.4062500000,-92.9661026001
221309.3593750000,-92.9968185425
221819.7343750000,-93.0695724487
222331.0468750000,-93.0703125000
222843.5468750000,-93.0822219849
223357.2031250000,-93.0986480713
223872.0625000000,-93.1220321655
224388.1093750000,-93.1475448608
224905.5781250000,-93.1482696533
225424.0000000000,-93.1547927856
225943.6250000000,-93.1613388062
226464.4375000000,-93.1699981689
226986.4531250000,-93.1748428345
227509.6718750000,-93.1877746582
228034.1093750000,-93.1893005371
228559.9843750000,-93.2337112427
229086.8281250000,-93.2368392944
229614.8906250000,-93.2378997803
230144.1718750000,-93.3516693115
230674.6718750000,-93.5863800049
231206.3906250000,-93.7893447876
231739.3437500000,-93.7923355103
232273.7812500000,-93.7998275757
232809.1875000000,-93.8033676147
233345.8281250000,-93.8160247803
233883.7031250000,-93.8452987671
234422.8125000000,-93.8724212646
234963.1875000000,-93.8960189819
235505.0468750000,-93.9218215942
236047.9062500000,-93.9426116943
236592.0156250000,-93.9622039795
237137.3750000000,-94.0357131958
237683.9843750000,-94.0398788452
238231.8750000000,-94.0403823853
238781.0156250000,-94.0633087158
239331.6718750000,-94.0731430054
239883.3593750000,-94.0804977417
240436.2968750000,-94.0845794678
240990.5312500000,-94.1158523560
241546.0312500000,-94.1200637817
242102.8125000000,-94.1457138062
242661.1406250000,-94.1814422607
243220.4843750000,-94.1814880371
243781.1250000000,-94.1873168945
244343.0625000000,-94.2176971436
244906.2968750000,-94.2211074829
245470.8125000000,-94.2222442627
246036.6406250000,-94.2532424927
246604.0468750000,-94.2782592773
247172.4843750000,-94.2915573120
247742.2343750000,-94.2963714600
248313.2968750000,-94.3270568848
248885.6718750000,-94.3878707886
249459.3750000000,-94.4021911621
250034.4062500000,-94.4571380615
250611.0156250000,-94.5222473145
251188.7031250000,-94.5224533081
251767.7031250000,-94.5484085083
252348.0468750000,-94.6195755005
252929.7343750000,-94.6738204956
253512.7500000000,-94.7518310547
254097.3906250000,-94.8001022339
254683.1093750000,-94.8167800903
255270.1718750000,-94.8292846680
255858.5781250000,-94.8302459717
256448.3593750000,-94.8537216187
257039.4843750000,-94.8680343628
257631.9843750000,-94.8702392578
258226.1250000000,-94.8999252319
258821.3593750000,-94.9027709961
259417.9531250000,-94.9152526855
260015.9375000000,-94.9172515869
260615.2812500000,-94.9249191284
261216.0312500000,-94.9515151978
261818.4375000000,-94.9668884277
262421.9375000000,-95.0065917969
263026.8437500000,-95.0440826416
263633.1562500000,-95.0442657471
264240.8437500000,-95.0495071411
264849.9375000000,-95.0837936401
265460.4375000000,-95.1373519897
266072.6250000000,-95.2225189209
266685.9375000000,-95.3022079468
267300.6562500000,-95.3368759155
267916.8125000000,-95.3422546387
268534.3750000000,-95.3477706909
269153.3750000000,-95.4039306641
269774.0937500000,-95.4121475220
270395.9375000000,-95.4612960815
271019.2187500000,-95.4820556641
271643.9375000000,-95.5154342651
272270.0937500000,-95.5608367920
272897.6875000000,-95.5940475464
273526.7500000000,-95.5964584351
274157.5312500000,-95.6134490967
274789.5000000000,-95.6254425049
275422.9062500000,-95.6282653809
276057.7812500000,-95.6288909912
276694.0937500000,-95.6376190186
277331.9062500000,-95.6432647705
277971.1875000000,-95.7264633179
278612.2187500000,-95.8279342651
279254.4375000000,-95.8870849609
279898.1562500000,-95.9048919678
280543.3437500000,-95.9085845947
281190.0000000000,-95.9319152832
281838.1562500000,-95.9526748657
282488.1250000000,-95.9532928467
283139.2812500000,-95.9629821777
283791.9375000000,-95.9710845947
284446.0937500000,-95.9832611084
285101.7812500000,-95.9971923828
285758.9687500000,-96.0105209351
286417.6562500000,-96.0270233154
287078.1875000000,-96.0893478394
287739.9062500000,-96.1865768433
288403.1875000000,-96.2194671631
289067.9687500000,-96.2308502197
289734.2812500000,-96.2345504761
290402.1562500000,-96.2517242432
291071.8750000000,-96.2841644287
291742.8125000000,-96.3266983032
292415.2812500000,-96.3272018433
293089.3437500000,-96.3345413208
293764.9062500000,-96.3547363281
294442.0625000000,-96.3669967651
295120.7812500000,-96.3738937378
295801.3750000000,-96.3952865601
296483.2187500000,-96.4006195068
297166.6250000000,-96.4227981567
297851.6250000000,-96.4507598877
298538.1875000000,-96.4537506104
299226.3437500000,-96.4796829224
299916.4062500000,-96.4872131348
300607.7500000000,-96.4933395386
301300.6562500000,-96.5234756470
301995.1875000000,-96.5335006714
302691.3125000000,-96.5662841797
303389.0312500000,-96.5870819092
304088.3750000000,-96.5889205933
304789.6562500000,-96.6504440308
305492.2187500000,-96.7129516602
306196.3750000000,-96.7705001831
306902.1875000000,-96.8179397583
307609.6250000000,-96.8526687622
308318.6875000000,-96.8757476807
309029.3750000000,-96.8916015625
309742.0625000000,-96.9064407349
310456.0312500000,-96.9260787964
311171.6562500000,-96.9523849487
311888.9375000000,-96.9837722778
312607.8437500000,-97.0161972046
313328.4375000000,-97.0448913574
314051.0312500000,-97.0663070679
314774.9375000000,-97.0795669556
315500.5000000000,-97.0871963501
316227.7812500000,-97.0946655273
316956.6875000000,-97.1090621948
317687.3125000000,-97.1371917725
318419.5937500000,-97.1834716797
319153.9375000000,-97.2482528687
319889.5937500000,-97.3266906738
320626.9687500000,-97.4093017578
321366.0312500000,-97.4837799072
322106.8125000000,-97.5354919434
322849.2812500000,-97.5385894775
323593.8125000000,-97.5409011841
324339.7187500000,-97.5499496460
325087.3750000000,-97.5569992065
325836.7187500000,-97.5670623779
326587.7812500000,-97.5702438354
327340.5937500000,-97.5867309570
328095.1250000000,-97.6417999268
328851.7812500000,-97.7069473267
329609.8125000000,-97.7732467651
330369.5937500000,-97.8346252441
331131.0937500000,-97.8894729614
331894.3750000000,-97.9391555786
332659.4375000000,-97.9894638062
333426.2187500000,-98.0418319702
334195.1562500000,-98.0952148438
334965.5000000000,-98.1349105835
335737.6250000000,-98.1428985596
336511.5312500000,-98.1452178955
337287.2187500000,-98.1542434692
338064.6875000000,-98.1708297729
338844.3125000000,-98.1862869263
339625.3750000000,-98.1998901367
340408.2500000000,-98.2062072754
341192.9062500000,-98.2149353027
341979.3750000000,-98.2318572998
342767.6562500000,-98.2366104126
343557.7812500000,-98.2413864136
344350.0625000000,-98.2485046387
345143.8125000000,-98.2544631958
345939.4062500000,-98.2552719116
346736.8125000000,-98.2591400146
347536.0625000000,-98.2934875488
348337.1562500000,-98.3739318848
349140.5000000000,-98.3915328979
349945.2812500000,-98.3963470459
350751.9375000000,-98.3995742798
351560.4375000000,-98.3998794556
352370.8125000000,-98.4035949707
353183.0625000000,-98.4252166748
353997.1562500000,-98.4642562866
354813.5312500000,-98.5094985962
355631.4062500000,-98.5531921387
356451.1562500000,-98.5904159546
357272.8125000000,-98.6197814941
358096.3437500000,-98.6420669556
358921.7812500000,-98.6546173096
359749.5312500000,-98.6567993164
360578.7812500000,-98.6581954956
361409.9375000000,-98.6603469849
362243.0000000000,-98.6675949097
363078.0000000000,-98.6695785522
363914.9375000000,-98.6721954346
364753.7812500000,-98.7030563354
365594.9687500000,-98.7480010986
366437.6875000000,-98.8028030396
367282.3437500000,-98.8620147705
368128.9687500000,-98.9474716187
368977.5312500000,-99.0218353271
369828.0312500000,-99.0615692139
370680.5312500000,-99.0944671631
371535.3750000000,-99.1223831177
372391.7812500000,-99.1473007202
373250.1875000000,-99.1700820923
374110.5625000000,-99.1897277832
374972.9062500000,-99.2076797485
375837.2500000000,-99.2111587524
376703.9687500000,-99.2115707397
377572.3125000000,-99.2125701904
378442.6562500000,-99.2168502808
379314.9687500000,-99.2271270752
380189.3437500000,-99.2401885986
381065.6875000000,-99.2596893311
381944.0625000000,-99.2786483765
382824.9062500000,-99.2937927246
383707.3437500000,-99.3128890991
384591.8125000000,-99.3356018066
385478.3125000000,-99.3596115112
386366.8750000000,-99.3895645142
387257.5000000000,-99.4073333740
388150.5625000000,-99.4121093750
389045.2812500000,-99.4175033569
389942.0625000000,-99.4310455322
390840.9062500000,-99.4596939087
391741.8125000000,-99.5386581421
392644.8125000000,-99.6445159912
393549.8750000000,-99.7195587158
394457.4687500000,-99.7885284424
395366.7187500000,-99.8482894897
396278.0937500000,-99.9243240356
397191.5312500000,-99.9832611084
398107.0937500000,-99.9875564575
399024.7500000000,-99.9971466064
399944.9687500000,-100.0074157715
400866.8750000000,-100.0417785645
401790.9062500000,-100.0480499268
402717.0625000000,-100.0890655518
403645.3437500000,-100.1001358032
404575.7812500000,-100.1214981079
405508.3437500000,-100.1495666504
406443.5312500000,-100.1723937988
407380.4062500000,-100.1898117065
408319.4375000000,-100.2039794922
409260.6562500000,-100.2086791992
410204.0312500000,-100.2241592407
411149.5625000000,-100.2474670410
412097.3125000000,-100.2847061157
413047.6562500000,-100.2853088379
413999.7812500000,-100.2859039307
414954.0625000000,-100.2913131714
415910.5625000000,-100.3005065918
416869.2812500000,-100.3038864136
417830.1875000000,-100.3303451538
418793.7812500000,-100.3485260010
419759.1250000000,-100.3660278320
420726.6875000000,-100.3936386108
421696.5000000000,-100.4239654541
422668.5312500000,-100.4437179565
423642.8125000000,-100.4598388672
424619.3437500000,-100.4739074707
425598.5937500000,-100.4834365845
426579.6250000000,-100.4948806763
427562.9375000000,-100.5313415527
428548.5000000000,-100.5754394531
429536.3125000000,-100.5784378052
430526.4375000000,-100.5847091675
431519.3125000000,-100.6019668579
432514.0000000000,-100.6032638550
433510.9687500000,-100.6221542358
434510.2500000000,-100.6370468140
435511.8125000000,-100.6516799927
436515.6875000000,-100.6571884155
437521.9062500000,-100.6624984741
438530.9062500000,-100.6683807373
439541.7500000000,-100.7218856812
440554.9062500000,-100.8229751587
441570.4375000000,-100.9214096069
442588.2812500000,-100.9787063599
443608.4687500000,-101.0508880615
444631.0312500000,-101.1123199463
445656.4062500000,-101.1469802856
446683.6875000000,-101.1876602173
447713.3125000000,-101.2144699097
448745.3437500000,-101.2227630615
449779.7187500000,-101.2262878418
450816.5000000000,-101.2295303345
451856.1562500000,-101.2365493774
452897.7187500000,-101.2546997070
453941.6875000000,-101.2736816406
454988.0625000000,-101.2868118286
456036.8437500000,-101.3014450073
457088.0312500000,-101.3204879761
458141.6562500000,-101.3724060059
459198.1875000000,-101.4445419312
460256.6875000000,-101.4989776611
461317.6250000000,-101.5772933960
462380.9687500000,-101.6465377808
463446.8125000000,-101.6997833252
464515.0937500000,-101.7289733887
465586.3437500000,-101.7339248657
466659.5312500000,-101.7350234985
467735.2187500000,-101.7354202271
468813.3750000000,-101.7366256714
469894.0312500000,-101.7392883301
470977.1875000000,-101.7400131226
472062.8125000000,-101.7418594360
473151.4687500000,-101.7451477051
474242.1250000000,-101.7480621338
475335.2812500000,-101.7481689453
476430.9687500000,-101.7489547729
477529.1562500000,-101.7654190063
478629.9062500000,-101.7893447876
479733.7187500000,-101.8342971802
480839.5312500000,-101.8842086792
481947.9062500000,-101.9783325195
483058.8125000000,-102.0356140137
484172.3125000000,-102.0472335815
485288.3437500000,-102.0652847290
486406.9687500000,-102.0661926270
487528.7187500000,-102.1021347046
488652.5000000000,-102.1022796631
489778.8750000000,-102.1074371338
490907.8437500000,-102.1998977661
492039.4375000000,-102.2282409668
493173.6250000000,-102.2355117798
494310.4375000000,-102.2465744019
495450.3750000000,-102.2777404785
496592.4375000000,-102.2808685303
497737.1250000000,-102.3042755127
498884.4375000000,-102.3096847534
500034.4062500000,-102.3224105835
501187.0000000000,-102.3449020386
502342.8437500000,-102.3473739624
503500.7812500000,-102.3865127563
504661.3750000000,-102.3950119019
505824.6562500000,-102.4082794189
506990.6250000000,-102.4342651367
508159.2812500000,-102.4399261475
509330.6250000000,-102.4855957031
510505.2187500000,-102.5114898682
511681.9687500000,-102.5194396973
512861.4375000000,-102.5304107666
514043.6250000000,-102.5623779297
515228.5312500000,-102.6331176758
516416.1562500000,-102.6946487427
517607.0937500000,-102.7502288818
518800.2187500000,-102.7977218628
519996.0937500000,-102.8133316040
521194.7187500000,-102.8198776245
522396.1250000000,-102.8317260742
523600.2812500000,-102.8349990845
524807.1875000000,-102.8398361206
526017.5000000000,-102.8612976074
527230.0000000000,-102.8623580933
528445.3125000000,-102.8725509644
529663.4375000000,-102.8818435669
530884.3125000000,-102.9263992310
532108.0625000000,-102.9688644409
533335.1875000000,-103.0099716187
534564.5625000000,-103.0500793457
535796.7500000000,-103.0628967285
537031.8125000000,-103.0743560791
538269.6875000000,-103.0811157227
539510.4375000000,-103.0923767090
540754.0625000000,-103.0942916870
542001.1250000000,-103.1048965454
543250.5000000000,-103.1193008423
544502.7500000000,-103.1643142700
545757.8750000000,-103.2037963867
547015.8750000000,-103.2061538696
548276.7500000000,-103.2103500366
549540.5625000000,-103.2175750732
550807.9375000000,-103.2520446777
552077.5625000000,-103.3098907471
553350.1250000000,-103.3917999268
554625.6875000000,-103.4360656738
555904.1250000000,-103.4537506104
557185.5000000000,-103.4693222046
558470.5000000000,-103.5037002563
559757.8125000000,-103.5733642578
561048.0625000000,-103.6765823364
562341.3125000000,-103.7262649536
563637.5625000000,-103.7270431519
564936.8125000000,-103.7284698486
566239.0000000000,-103.7356796265
567544.8750000000,-103.7376098633
568853.0625000000,-103.7561874390
570164.3125000000,-103.7841262817
571478.6250000000,-103.7916641235
572795.8750000000,-103.7920532227
574116.2500000000,-103.7977142334
575440.2500000000,-103.8105850220
576766.6875000000,-103.8113327026
578096.1875000000,-103.8319549561
579428.6875000000,-103.9006118774
580764.3125000000,-103.9903411865
582103.0625000000,-104.0675582886
583444.8125000000,-104.1492843628
584790.3750000000,-104.2449188232
586138.3125000000,-104.2550811768
587489.4375000000,-104.2658615112
588843.6250000000,-104.2756805420
590200.9375000000,-104.2939071655
591561.4375000000,-104.2949676514
592925.0000000000,-104.3062515259
594292.3750000000,-104.3399047852
595662.2500000000,-104.3580245972
597035.3125000000,-104.3612442017
598411.5000000000,-104.3617553711
599790.9375000000,-104.3700332642
601173.4375000000,-104.3784484863
602559.8750000000,-104.4338760376
603948.8125000000,-104.5407180786
605340.9375000000,-104.6135177612
606736.3125000000,-104.6225891113
608134.8750000000,-104.6517562866
609536.6875000000,-104.6598281860
610941.6875000000,-104.6692199707
612350.6250000000,-104.6869049072
613762.1250000000,-104.7214813232
615176.9375000000,-104.7434082031
616594.9375000000,-104.7597808838
618016.2500000000,-104.8001861572
619440.8125000000,-104.8010787964
620869.3750000000,-104.8051605225
622300.5000000000,-104.8184432983
623734.9375000000,-104.8381652832
625172.6875000000,-104.8680648804
626613.7500000000,-104.8846893311
628058.1250000000,-104.9053955078
629505.8750000000,-104.9367523193
630957.6250000000,-104.9466781616
632412.0000000000,-104.9711685181
633869.7500000000,-104.9948501587
635330.8750000000,-105.0479812622
636795.3750000000,-105.1112365723
638263.2500000000,-105.1758728027
639735.1875000000,-105.2218551636
641209.8125000000,-105.2396774292
642687.8750000000,-105.2457733154
644169.3125000000,-105.2496490479
645654.1250000000,-105.2509765625
647142.4375000000,-105.2521743774
648634.1250000000,-105.2639236450
650130.0000000000,-105.2801208496
651628.5625000000,-105.2892303467
653130.6250000000,-105.2892379761
654636.1250000000,-105.2893142700
656145.1250000000,-105.3071975708
657657.6250000000,-105.3104782104
659173.5625000000,-105.3156738281
660693.6875000000,-105.3502502441
662216.6250000000,-105.3794174194
663743.1250000000,-105.3991317749
665273.0625000000,-105.4202804565
666806.5625000000,-105.4694900513
668343.6250000000,-105.5909805298
669884.9375000000,-105.6595458984
671429.0625000000,-105.7267913818
672976.7500000000,-105.7687149048
674528.0000000000,-105.7775115967
676082.8750000000,-105.7931060791
677641.2500000000,-105.8082275391
679203.3125000000,-105.8220062256
680769.6250000000,-105.8268051147
682338.8750000000,-105.8322067261
683911.6875000000,-105.8415374756
685488.1875000000,-105.8451385498
687068.2500000000,-105.8603286743
688652.0000000000,-105.8727493286
690240.1875000000,-105.9794769287
691831.1875000000,-106.0795898438
693425.9375000000,-106.1340484619
695024.3125000000,-106.1364212036
696626.4375000000,-106.1541442871
698232.1875000000,-106.1832351685
699841.6875000000,-106.1846084595
701455.6250000000,-106.2323989868
703072.5000000000,-106.2347030640
704693.1250000000,-106.2562637329
706317.5000000000,-106.2778625488
707945.6250000000,-106.2914810181
709577.5000000000,-106.3380508423
711213.8750000000,-106.3733367920
712853.3125000000,-106.3790283203
714496.5000000000,-106.4064712524
716143.4375000000,-106.4357604980
717794.1875000000,-106.4363937378
719448.7500000000,-106.4397888184
721107.1250000000,-106.4495010376
722770.1250000000,-106.4497604370
724436.1875000000,-106.4978637695
726106.0625000000,-106.5574722290
727779.8125000000,-106.6128158569
729457.3750000000,-106.6340026855
731138.8125000000,-106.6488800049
732824.1250000000,-106.6823959351
734514.1875000000,-106.7252960205
736207.2500000000,-106.7690124512
737904.3125000000,-106.7763061523
739605.1875000000,-106.7793273926
741310.0625000000,-106.8007583618
743018.8125000000,-106.8089447021
744732.3750000000,-106.8187026978
746449.0000000000,-106.8225479126
748169.6250000000,-106.8252716064
749894.1875000000,-106.9471817017
751622.7500000000,-107.0263671875
753355.3125000000,-107.0475616455
755091.8750000000,-107.0695877075
756833.2500000000,-107.0720062256
758577.7500000000,-107.0931396484
760326.3750000000,-107.1246109009
762078.9375000000,-107.1294555664
763835.6250000000,-107.1363525391
765596.3125000000,-107.1471405029
767361.8750000000,-107.1595077515
769130.6875000000,-107.1670989990
770903.6250000000,-107.2045288086
772680.6250000000,-107.2700347900
774461.6875000000,-107.3434448242
776246.8750000000,-107.3556900024
778036.1875000000,-107.3613357544
779830.4375000000,-107.4135971069
781628.0000000000,-107.4312133789
783429.7500000000,-107.4440460205
785235.6250000000,-107.4787902832
787045.6250000000,-107.4980926514
788859.8125000000,-107.5615005493
790678.1875000000,-107.5649719238
792501.6250000000,-107.5922012329
794328.4375000000,-107.6136322021
796159.3750000000,-107.6260833740
797994.6250000000,-107.6424102783
799834.0000000000,-107.6652603149
801677.6875000000,-107.6662673950
803526.5000000000,-107.6954803467
805378.6875000000,-107.7148818970
807235.1250000000,-107.7667846680
809095.8750000000,-107.7688064575
810960.9375000000,-107.7947463989
812830.2500000000,-107.8141555786
814703.8750000000,-107.8299865723
816582.6875000000,-107.8754119873
818465.0000000000,-107.8757934570
820351.6250000000,-107.9091110229
822242.5625000000,-107.9229965210
824137.8750000000,-107.9354858398
826037.6250000000,-107.9505462646
827942.5625000000,-107.9644622803
829851.0625000000,-107.9934082031
831763.9375000000,-108.0035781860
833681.1875000000,-108.0090255737
835602.8750000000,-108.0226669312
837529.0000000000,-108.0401763916
839459.5625000000,-108.0602645874
841395.5000000000,-108.0819549561
843335.0000000000,-108.1092834473
845278.9375000000,-108.1386947632
847227.3750000000,-108.1502685547
849180.2500000000,-108.1560668945
851137.6875000000,-108.1776428223
853100.5625000000,-108.2689590454
855067.0000000000,-108.3149108887
857038.0000000000,-108.3161697388
859013.5625000000,-108.3408813477
860993.6250000000,-108.4130630493
862978.3125000000,-108.4811706543
864967.5000000000,-108.4901580811
866962.2500000000,-108.5318756104
868960.6875000000,-108.5556182861
870963.6875000000,-108.5586471558
872971.3125000000,-108.6456680298
874983.6250000000,-108.6564636230
877000.5000000000,-108.6595077515
879022.0625000000,-108.7058029175
881049.2500000000,-108.7096328735
883080.1250000000,-108.7482604980
885115.6875000000,-108.7523727417
887155.9375000000,-108.7547531128
889200.8750000000,-108.7567749023
891250.5625000000,-108.8000793457
893305.9375000000,-108.8992614746
895365.0625000000,-108.9199447632
897428.9375000000,-108.9385223389
899497.5625000000,-108.9619445801
901571.0000000000,-108.9705963135
903649.1875000000,-108.9759750366
905732.1250000000,-108.9881744385
907820.9375000000,-109.0021896362
909913.5000000000,-109.0286560059
912010.9375000000,-109.0398635864
914113.1875000000,-109.0559082031
916220.2500000000,-109.1460037231
918332.1875000000,-109.1530303955
920450.0625000000,-109.1590881348
922571.7500000000,-109.1799545288
924698.3750000000,-109.1895751953
926829.8125000000,-109.2054901123
928966.2500000000,-109.2200164795
931107.5625000000,-109.2219390869
933253.8750000000,-109.2697830200
935406.0625000000,-109.3078918457
937562.2500000000,-109.3316116333
939723.4375000000,-109.3839111328
941889.5625000000,-109.4063262939
944060.6875000000,-109.4099426270
946236.8125000000,-109.4780120850
948419.0000000000,-109.4937667847
950605.1250000000,-109.5162734985
952796.3750000000,-109.5266494751
954992.6250000000,-109.5355606079
957193.9375000000,-109.5405807495
959400.3750000000,-109.5542068481
961611.8125000000,-109.5546951294
963829.5000000000,-109.6377944946
966051.1875000000,-109.6457595825
968278.0000000000,-109.6524276733
970509.9375000000,-109.6916275024
972747.0625000000,-109.7507019043
974989.3125000000,-109.8225402832
977236.6875000000,-109.8721923828
979490.3750000000,-109.9272308350
981748.1875000000,-109.9397354126
984011.1875000000,-109.9407653809
986279.3750000000,-109.9587860107
988552.8125000000,-109.9818878174
990831.5000000000,-110.0634536743
993116.5625000000,-110.1386337280
995405.7500000000,-110.1878204346
997700.2500000000,-110.1949157715
1000000.0000000000,-110.2931518555
1002305.0625000000,-110.2946395874
1004615.4375000000,-110.3010101318
1006931.1875000000,-110.3059234619
1009253.3125000000,-110.3091278076
1011579.7500000000,-110.3170394897
1013911.5000000000,-110.3233795166
1016248.6250000000,-110.3284530640
1018591.1250000000,-110.3328857422
1020939.0625000000,-110.3332672119
1023293.5625000000,-110.3368301392
1025652.3125000000,-110.3403549194
1028016.5000000000,-110.3445053101
1030386.1250000000,-110.3510208130
1032761.2500000000,-110.3606414795
1035141.8750000000,-110.3737335205
1037527.9375000000,-110.3754272461
1039920.6250000000,-110.3888854980
1042317.7500000000,-110.3969268799
1044720.3750000000,-110.3982086182
1047128.5000000000,-110.4317016602
1049542.2500000000,-110.5008468628
1051961.5000000000,-110.5771179199
1054386.3750000000,-110.6549453735
1056817.8750000000,-110.7311477661
1059254.0000000000,-110.8022766113
1061695.6250000000,-110.8618316650
1064142.8750000000,-110.8632431030
1066595.8750000000,-110.8646469116
1069054.3750000000,-110.8743438721
1071519.8750000000,-110.8792114258
1073989.7500000000,-110.8948669434
1076465.3750000000,-110.9029846191
1078946.7500000000,-110.9049377441
1081433.7500000000,-110.9172744751
1083926.5000000000,-110.9253234863
1086425.0000000000,-110.9292526245
1088930.5000000000,-110.9356155396
1091440.6250000000,-110.9621047974
1093956.5000000000,-110.9810791016
1096478.1250000000,-110.9918060303
1099005.5000000000,-110.9961395264
1101538.8750000000,-110.9990844727
1104079.1250000000,-111.0088958740
1106624.1250000000,-111.0276565552
1109175.0000000000,-111.0541534424
1111731.7500000000,-111.0852432251
1114294.3750000000,-111.1167144775
1116862.8750000000,-111.1445083618
1119437.3750000000,-111.1677169800
1122019.0000000000,-111.1916809082
1124605.2500000000,-111.2218093872
1127197.6250000000,-111.2627105713
1129795.8750000000,-111.3170166016
1132400.1250000000,-111.3842620850
1135010.3750000000,-111.4598922729
1137627.8750000000,-111.5329513550
1140250.2500000000,-111.5950469971
1142878.6250000000,-111.6415252686
1145513.0000000000,-111.6712570190
1148153.5000000000,-111.6864700317
1150800.0000000000,-111.6920089722
1153452.7500000000,-111.6939773560
1156112.7500000000,-111.6986770630
1158777.7500000000,-111.7089233398
1161448.7500000000,-111.7258529663
1164126.0000000000,-111.7498779297
1166809.3750000000,-111.7808837891
1169499.0000000000,-111.8181228638
1172194.7500000000,-111.8598175049
1174898.0000000000,-111.9028396606
1177606.2500000000,-111.9421615601
1180320.7500000000,-111.9754333496
1183041.3750000000,-112.0035018921
1185768.3750000000,-112.0297851563
1188501.7500000000,-112.0584640503
1191242.6250000000,-112.0923538208
1193988.5000000000,-112.1312408447
1196740.7500000000,-112.1716613770
1199499.2500000000,-112.1920318604
1202264.2500000000,-112.1996765137
1205035.5000000000,-112.2083206177
1207813.2500000000,-112.2086944580
1210598.6250000000,-112.2229232788
1213389.1250000000,-112.2364425659
1216186.1250000000,-112.2504577637
1218989.5000000000,-112.2525558472
1221799.3750000000,-112.2556076050
1224615.7500000000,-112.2691650391
1227439.8750000000,-112.2725524902
1230269.2500000000,-112.2792739868
1233105.0000000000,-112.2841415405
1235947.5000000000,-112.2853088379
1238796.3750000000,-112.3194808960
1241651.8750000000,-112.3960266113
1244514.0000000000,-112.4698638916
1247384.1250000000,-112.5323944092
1250259.3750000000,-112.5813140869
1253141.3750000000,-112.6197891235
1256029.8750000000,-112.6523056030
1258925.1250000000,-112.6804504395
1261827.0000000000,-112.6995239258
1264737.0000000000,-112.7003173828
1267652.3750000000,-112.7014923096
1270574.3750000000,-112.7084808350
1273503.1250000000,-112.7110900879
1276438.6250000000,-112.7193298340
1279380.8750000000,-112.7658615112
1282330.0000000000,-112.8342742920
1285287.2500000000,-112.9110031128
1288250.0000000000,-112.9810791016
1291219.5000000000,-113.0360641479
1294195.7500000000,-113.0525360107
1297179.0000000000,-113.0555648804
1300169.1250000000,-113.0767364502
1303166.1250000000,-113.0815353394
1306171.3750000000,-113.0838623047
1309182.2500000000,-113.1090850830
1312200.0000000000,-113.1222305298
1315224.7500000000,-113.1371765137
1318256.3750000000,-113.1402969360
1321295.1250000000,-113.1535873413
1324342.2500000000,-113.1587066650
1327394.8750000000,-113.1663131714
1330454.6250000000,-113.2110519409
1333521.3750000000,-113.2784271240
1336595.2500000000,-113.3307037354
1339676.2500000000,-113.3651046753
1342764.2500000000,-113.3860931396
1345860.8750000000,-113.3999481201
1348963.2500000000,-113.4102096558
1352072.7500000000,-113.4172439575
1355189.3750000000,-113.4213638306
1358313.1250000000,-113.4259109497
1361444.1250000000,-113.4370498657
1364583.8750000000,-113.4601440430
1367729.3750000000,-113.4954605103
1370882.0000000000,-113.5365371704
1374042.0000000000,-113.5731658936
1377209.2500000000,-113.5976791382
1380383.8750000000,-113.6103363037
1383565.7500000000,-113.6193237305
1386756.5000000000,-113.6350173950
1389953.0000000000,-113.6627731323
1393157.0000000000,-113.7196426392
1396368.2500000000,-113.7755889893
1399587.0000000000,-113.8090515137
1402813.1250000000,-113.8444595337
1406046.7500000000,-113.8855667114
1409289.3750000000,-113.9320144653
1412537.8750000000,-113.9805679321
1415793.8750000000,-114.0285415649
1419057.3750000000,-114.0648651123
1422328.3750000000,-114.0691986084
1425607.0000000000,-114.0749359131
1428894.6250000000,-114.1044082642
1432188.3750000000,-114.1176986694
1435489.6250000000,-114.1179351807
1438798.5000000000,-114.1503906250
1442115.1250000000,-114.1509475708
1445439.2500000000,-114.1634140015
1448771.1250000000,-114.1699447632
1452112.2500000000,-114.2479476929
1455459.5000000000,-114.3220748901
1458814.3750000000,-114.3754730225
1462177.0000000000,-114.3772201538
1465547.5000000000,-114.3865051270
1468925.6250000000,-114.4032897949
1472313.2500000000,-114.4040832520
1475707.0000000000,-114.4143447876
1479108.6250000000,-114.4757843018
1482518.1250000000,-114.5470962524
1485935.3750000000,-114.5590057373
1489360.6250000000,-114.5647354126
1492793.6250000000,-114.5933303833
1496236.3750000000,-114.6063079834
1499685.2500000000,-114.6266632080
1503142.1250000000,-114.6347732544
1506607.0000000000,-114.6473541260
1510079.7500000000,-114.7053451538
1513560.6250000000,-114.7113647461
1517051.1250000000,-114.7197494507
1520548.1250000000,-114.7314147949
1524053.0000000000,-114.7529067993
1527566.1250000000,-114.7554016113
1531087.2500000000,-114.8012695313
1534616.5000000000,-114.8042526245
1538153.8750000000,-114.8158874512
1541701.1250000000,-114.8439712524
1545254.8750000000,-114.8446350098
1548816.8750000000,-114.8953323364
1552387.0000000000,-115.0030899048
1555965.3750000000,-115.0140991211
1559551.8750000000,-115.0161743164
1563146.7500000000,-115.0420074463
1566751.7500000000,-115.0607070923
1570363.1250000000,-115.0750732422
1573983.0000000000,-115.0852355957
1577611.1250000000,-115.1062545776
1581247.6250000000,-115.1355133057
1584892.5000000000,-115.1373443604
1588547.5000000000,-115.1503753662
1592209.2500000000,-115.1826934814
1595879.3750000000,-115.1851425171
1599558.0000000000,-115.2019271851
1603245.1250000000,-115.2082138062
1606940.7500000000,-115.2112808228
1610644.8750000000,-115.2356414795
1614359.2500000000,-115.2391738892
1618080.5000000000,-115.2410430908
1621810.2500000000,-115.2477188110
1625548.6250000000,-115.2993621826
1629295.6250000000,-115.3543930054
1633051.2500000000,-115.4112701416
1636817.3750000000,-115.4600143433
1640590.3750000000,-115.5099029541
1644372.0000000000,-115.5453491211
1648162.3750000000,-115.5682830811
1651961.5000000000,-115.5944671631
1655769.5000000000,-115.6369857788
1659586.1250000000,-115.6764068604
1663413.3750000000,-115.6986999512
1667247.6250000000,-115.7192230225
1671090.7500000000,-115.7513122559
1674942.7500000000,-115.7889709473
1678803.6250000000,-115.8190689087
1682673.3750000000,-115.8663558960
1686554.0000000000,-115.9059448242
1690441.6250000000,-115.9239501953
1694338.1250000000,-115.9405136108
1698243.7500000000,-115.9818267822
1702158.2500000000,-115.9845504761
1706081.8750000000,-116.0012054443
1710014.5000000000,-116.0372695923
1713958.1250000000,-116.0464096069
1717908.8750000000,-116.0465621948
1721868.8750000000,-116.0927886963
1725837.8750000000,-116.1075744629
1729816.0000000000,-116.1086273193
1733803.3750000000,-116.1225433350
1737799.8750000000,-116.2160568237
1741807.6250000000,-116.2913818359
1745822.6250000000,-116.3059692383
1749846.7500000000,-116.3095245361
1753880.3750000000,-116.3119201660
1757923.1250000000,-116.3193435669
1761975.2500000000,-116.3204345703
1766038.7500000000,-116.3242645264
1770109.5000000000,-116.3276977539
1774189.7500000000,-116.3614120483
1778279.3750000000,-116.4485778809
1782378.5000000000,-116.4993972778
1786487.0000000000,-116.5005798340
1790605.0000000000,-116.5062026978
1794734.3750000000,-116.5226593018
1798871.3750000000,-116.5248489380
1803017.8750000000,-116.5507125854
1807174.0000000000,-116.5554122925
1811339.6250000000,-116.5637207031
1815514.8750000000,-116.5651397705
1819701.8750000000,-116.5874633789
1823896.3750000000,-116.6017990112
1828100.6250000000,-116.6049804688
1832314.5000000000,-116.6116027832
1836538.1250000000,-116.6288223267
1840771.3750000000,-116.6496810913
1845014.5000000000,-116.6947479248
1849269.5000000000,-116.7460937500
1853532.1250000000,-116.7919692993
1857804.6250000000,-116.8355255127
1862087.0000000000,-116.8714981079
1866379.2500000000,-116.9429702759
1870681.3750000000,-117.0187911987
1874993.5000000000,-117.0698547363
1879317.5000000000,-117.0953216553
1883649.5000000000,-117.1049575806
1887991.5000000000,-117.1267700195
1892343.3750000000,-117.1566085815
1896705.3750000000,-117.1809310913
1901077.3750000000,-117.1936569214
1905461.6250000000,-117.2043914795
1909853.8750000000,-117.2276992798
1914256.2500000000,-117.2541275024
1918668.7500000000,-117.3035507202
1923091.3750000000,-117.3542709351
1927524.2500000000,-117.3921432495
1931967.3750000000,-117.3923187256
1936422.7500000000,-117.3948364258
1940886.3750000000,-117.4077148438
1945360.2500000000,-117.4202423096
1949844.3750000000,-117.4207153320
1954339.0000000000,-117.4257888794
1958843.8750000000,-117.4270095825
1963361.2500000000,-117.4761886597
1967887.0000000000,-117.5057144165
1972423.1250000000,-117.5058746338
1976969.6250000000,-117.5152893066
1981526.7500000000,-117.5698318481
1986094.2500000000,-117.5860519409
1990672.3750000000,-117.5959701538
1995263.2500000000,-117.6084518433
1999862.3750000000,-117.6933822632
2004472.2500000000,-117.7759628296
2009092.7500000000,-117.7996749878
2013723.7500000000,-117.8073959351
2018365.6250000000,-117.8105697632
2023020.2500000000,-117.8188934326
2027683.5000000000,-117.8204193115
2032357.3750000000,-117.8277130127
2037042.1250000000,-117.8557281494
2041737.6250000000,-117.8601150513
2046444.0000000000,-117.8609085083
2051161.2500000000,-117.8819885254
2055891.5000000000,-117.8883590698
2060630.5000000000,-117.9678955078
2065380.3750000000,-118.0533065796
2070141.2500000000,-118.0965499878
2074913.1250000000,-118.0980606079
2079695.8750000000,-118.1061477661
2084489.7500000000,-118.1136398315
2089297.0000000000,-118.1207504272
2094112.8750000000,-118.1252746582
2098940.0000000000,-118.1530303955
2103778.2500000000,-118.1902694702
2108627.5000000000,-118.2101821899
2113488.0000000000,-118.2250976563
2118362.2500000000,-118.2319717407
2123245.2500000000,-118.2353897095
2128139.5000000000,-118.2804183960
2133045.0000000000,-118.2825622559
2137961.7500000000,-118.3077545166
2142889.7500000000,-118.3398208618
2147829.5000000000,-118.3402099609
2152782.7500000000,-118.3540039063
2157745.0000000000,-118.3672027588
2162718.7500000000,-118.3698272705
2167704.0000000000,-118.3768997192
2172700.7500000000,-118.4097747803
2177708.7500000000,-118.4658432007
2182731.0000000000,-118.5296478271
2187762.5000000000,-118.5559158325
2192805.2500000000,-118.5674362183
2197860.0000000000,-118.5837783813
2202926.2500000000,-118.6155700684
2208004.0000000000,-118.6868515015
2213093.7500000000,-118.7809448242
2218197.5000000000,-118.8090896606
2223310.5000000000,-118.8229827881
2228435.5000000000,-118.8290634155
2233572.0000000000,-118.8372726440
2238720.7500000000,-118.8557128906
2243881.0000000000,-118.8707351685
2249055.7500000000,-118.8971557617
2254240.0000000000,-118.9137878418
2259436.2500000000,-118.9261093140
2264644.5000000000,-118.9425506592
2269864.5000000000,-118.9545440674
2275096.7500000000,-118.9875411987
2280341.0000000000,-119.0017166138
2285600.0000000000,-119.0122756958
2290868.2500000000,-119.0403518677
2296149.0000000000,-119.0490875244
2301441.7500000000,-119.0824661255
2306746.7500000000,-119.1253585815
2312064.0000000000,-119.1330871582
2317393.5000000000,-119.1379318237
2322737.7500000000,-119.1567916870
2328091.7500000000,-119.1591262817
2333458.2500000000,-119.1850051880
2338837.0000000000,-119.2439041138
2344228.2500000000,-119.2600097656
2349631.7500000000,-119.2860488892
2355050.5000000000,-119.2936477661
2360479.0000000000,-119.2948989868
2365920.0000000000,-119.3060073853
2371373.7500000000,-119.3175201416
2376840.0000000000,-119.3179168701
2382318.7500000000,-119.3200378418
2387810.0000000000,-119.3667602539
2393316.7500000000,-119.3746414185
2398833.5000000000,-119.3840484619
2404363.0000000000,-119.4025650024
2409905.2500000000,-119.4216537476
2415460.2500000000,-119.4387130737
2421028.0000000000,-119.4810791016
2426611.2500000000,-119.4858474731
2432205.0000000000,-119.5465469360
2437811.2500000000,-119.5488510132
2443430.5000000000,-119.5660400391
2449063.0000000000,-119.7087020874
2454708.2500000000,-119.8181152344
2460366.5000000000,-119.8825531006
2466040.5000000000,-119.9498367310
2471724.7500000000,-120.0104827881
2477422.2500000000,-120.0348968506
2483133.0000000000,-120.0411682129
2488856.7500000000,-120.0701522827
2494593.7500000000,-120.0752182007
2500344.0000000000,-120.0852661133
2506110.2500000000,-120.0938262939
2511887.0000000000,-120.0992889404
2517677.0000000000,-120.0999984741
2523480.5000000000,-120.1180572510
2529297.2500000000,-120.1292190552
2535127.5000000000,-120.1301879883
2540974.0000000000,-120.1760864258
2546831.0000000000,-120.1855010986
2552701.7500000000,-120.2082138062
2558585.7500000000,-120.2188262939
2564483.5000000000,-120.2622833252
2570395.0000000000,-120.2972793579
2576319.7500000000,-120.3191375732
2582261.2500000000,-120.3298034668
2588213.5000000000,-120.3428573608
2594179.5000000000,-120.3663253784
2600159.2500000000,-120.3719329834
2606153.0000000000,-120.3730850220
2612160.2500000000,-120.3800659180
2618184.2500000000,-120.3891220093
2624219.5000000000,-120.3981781006
2630268.5000000000,-120.4259109497
2636331.5000000000,-120.4722061157
2642408.2500000000,-120.4837417603
2648499.2500000000,-120.4945144653
2654604.2500000000,-120.5242843628
2660726.2500000000,-120.5327911377
2666859.5000000000,-120.5450134277
2673006.7500000000,-120.6875534058
2679168.2500000000,-120.7480468750
2685343.7500000000,-120.7589187622
2691533.7500000000,-120.7855148315
2697741.0000000000,-120.8013534546
2703959.2500000000,-120.8123474121
2710192.2500000000,-120.8287200928
2716439.2500000000,-120.8288955688
2722701.0000000000,-120.8378982544
2728977.0000000000,-120.8903961182
2735267.5000000000,-120.8951110840
2741575.5000000000,-120.9012145996
2747895.0000000000,-120.9043884277
2754229.0000000000,-120.9059143066
2760577.7500000000,-120.9412078857
2766941.0000000000,-120.9732894897
2773319.0000000000,-120.9791717529
2779711.7500000000,-120.9902114868
2786122.2500000000,-121.0927810669
2792544.5000000000,-121.1265563965
2798981.5000000000,-121.1519241333
2805433.2500000000,-121.1600952148
2811900.0000000000,-121.1789474487
2818381.7500000000,-121.1910400391
2824881.2500000000,-121.2066879272
2831393.0000000000,-121.2258605957
2837919.5000000000,-121.2486419678
2844461.0000000000,-121.2766571045
2851017.7500000000,-121.3417587280
2857589.5000000000,-121.3882446289
2864176.5000000000,-121.4188537598
2870781.7500000000,-121.4249877930
2877399.2500000000,-121.4636993408
2884031.7500000000,-121.5010375977
2890679.7500000000,-121.5090026855
2897343.0000000000,-121.5126113892
2904021.5000000000,-121.5137557983
2910718.7500000000,-121.5513839722
2917428.0000000000,-121.5550231934
2924153.0000000000,-121.5657882690
2930893.2500000000,-121.5757064819
2937649.2500000000,-121.5958099365
2944420.7500000000,-121.6116943359
2951207.7500000000,-121.6375122070
2958013.7500000000,-121.6806488037
2964832.2500000000,-121.8101577759
2971666.2500000000,-121.8837890625
2978516.2500000000,-121.8874053955
2985382.0000000000,-121.8907241821
2992263.5000000000,-121.9040298462
2999164.2500000000,-121.9195480347
3006077.5000000000,-121.9360504150
3013006.7500000000,-121.9372177124
3019951.7500000000,-121.9458999634
3026913.0000000000,-121.9576187134
3033890.2500000000,-121.9793853760
3040883.7500000000,-121.9949188232
3047896.5000000000,-122.0005874634
3054922.0000000000,-122.0187149048
3061963.7500000000,-122.0331192017
3069022.0000000000,-122.0442428589
3076096.2500000000,-122.0540542603
3083186.7500000000,-122.0677032471
3090293.7500000000,-122.0838012695
3097420.5000000000,-122.1064376831
3104560.2500000000,-122.1318206787
3111716.5000000000,-122.1594085693
3118889.2500000000,-122.1839675903
3126078.5000000000,-122.2068557739
3133284.5000000000,-122.2232971191
3140510.2500000000,-122.2381820679
3147749.2500000000,-122.2512207031
3155005.2500000000,-122.2673645020
3162277.7500000000,-122.2851028442
3169567.0000000000,-122.3096389771
3176873.0000000000,-122.3364181519
3184196.0000000000,-122.3663330078
3191539.2500000000,-122.3976135254
3198896.0000000000,-122.4293212891
3206269.7500000000,-122.4610443115
3213660.2500000000,-122.4925918579
3221068.0000000000,-122.5239257813
3228492.7500000000,-122.5547714233
3235938.2500000000,-122.5853500366
3243397.2500000000,-122.6150741577
3250873.5000000000,-122.6436920166
3258367.0000000000,-122.6712341309
3265877.7500000000,-122.6947555542
3273406.0000000000,-122.7162094116
3280951.2500000000,-122.7332534790
3288517.7500000000,-122.7480697632
3296098.0000000000,-122.7616500854
3303695.7500000000,-122.7764511108
3311311.0000000000,-122.7929992676
3318944.0000000000,-122.8119735718
3326594.2500000000,-122.8339614868
3334262.2500000000,-122.8570404053
3341951.7500000000,-122.8816375732
3349655.2500000000,-122.9071121216
3357376.2500000000,-122.9332122803
3365115.2500000000,-122.9614562988
3372872.2500000000,-122.9910659790
3380646.7500000000,-123.0221328735
3388443.2500000000,-123.0535430908
3396253.7500000000,-123.0829849243
3404082.5000000000,-123.1086425781
3411929.0000000000,-123.1252975464
3419793.7500000000,-123.1371002197
3427676.7500000000,-123.1409530640
3435577.7500000000,-123.1438446045
3443500.7500000000,-123.1475372314
3451438.2500000000,-123.1587905884
3459394.0000000000,-123.1778106689
3467368.2500000000,-123.2025451660
3475360.7500000000,-123.2353210449
3483371.7500000000,-123.2680435181
3491405.0000000000,-123.3005752563
3499452.7500000000,-123.3266143799
3507519.2500000000,-123.3502273560
3515604.5000000000,-123.3715057373
3523708.2500000000,-123.3975906372
3531830.5000000000,-123.4299011230
3539971.7500000000,-123.4686279297
3548135.5000000000,-123.5162887573
3556314.2500000000,-123.5615921021
3564511.7500000000,-123.6043319702
3572728.2500000000,-123.6300125122
3580963.5000000000,-123.6465682983
3589218.0000000000,-123.6545028687
3597495.2500000000,-123.6566543579
3605787.7500000000,-123.6635971069
3614099.2500000000,-123.6757812500
3622430.0000000000,-123.7026519775
3630780.0000000000,-123.7372894287
3639149.2500000000,-123.7762222290
3647537.7500000000,-123.8142318726
3655949.5000000000,-123.8429412842
3664376.7500000000,-123.8646163940
3672823.5000000000,-123.8771133423
3681289.5000000000,-123.8889999390
3689775.2500000000,-123.9049072266
3698280.5000000000,-123.9275131226
3706805.2500000000,-123.9619674683
3715353.7500000000,-123.9993133545
3723918.0000000000,-124.0381393433
3732501.7500000000,-124.0710601807
3741105.5000000000,-124.0957107544
3749729.0000000000,-124.1135787964
3758372.5000000000,-124.1234588623
3767039.7500000000,-124.1300201416
3775723.2500000000,-124.1370086670
3784426.5000000000,-124.1455383301
3793149.7500000000,-124.1585617065
3801893.2500000000,-124.1733703613
3810657.0000000000,-124.1894454956
3819440.7500000000,-124.2062377930
3828249.0000000000,-124.2247619629
3837073.5000000000,-124.2458343506
3845918.2500000000,-124.2700042725
3854783.2500000000,-124.2995071411
3863668.7500000000,-124.3313140869
3872574.7500000000,-124.3642044067
3881505.7500000000,-124.3973312378
3890452.7500000000,-124.4312286377
3899420.5000000000,-124.4676284790
3908409.0000000000,-124.5068359375
3917418.2500000000,-124.5496902466
3926448.0000000000,-124.5919189453
3935498.7500000000,-124.6293563843
3944574.7500000000,-124.6604080200
3953667.2500000000,-124.6815414429
3962780.7500000000,-124.6959915161
3971915.2500000000,-124.7090454102
3981070.7500000000,-124.7227325439
3990247.5000000000,-124.7402572632
3999449.7500000000,-124.7625198364
4008668.7500000000,-124.7882003784
4017909.0000000000,-124.8170776367
4027170.5000000000,-124.8492965698
4036453.5000000000,-124.8844680786
4045757.7500000000,-124.9212722778
4055083.5000000000,-124.9588775635
4064435.2500000000,-124.9960403442
4073804.0000000000,-125.0273132324
4083194.5000000000,-125.0453033447
4092606.5000000000,-125.0488739014
4102040.2500000000,-125.0493087769
4111495.7500000000,-125.0500488281
4120973.0000000000,-125.0575485229
4130476.7500000000,-125.0629577637
4139997.7500000000,-125.0638504028
4149540.7500000000,-125.0653076172
4159105.7500000000,-125.0892944336
4168692.7500000000,-125.1174926758
4178301.7500000000,-125.1442565918
4187937.7500000000,-125.1658096313
4197591.0000000000,-125.1784362793
4207267.0000000000,-125.1874008179
4216965.0000000000,-125.1981964111
4226685.5000000000,-125.2141418457
4236428.0000000000,-125.2378005981
4246193.5000000000,-125.2716445923
4255986.0000000000,-125.3106155396
4265796.5000000000,-125.3486938477
4275629.5000000000,-125.3541183472
4285485.0000000000,-125.3610610962
4295363.0000000000,-125.3625106812
4305264.5000000000,-125.3792190552
4315193.0000000000,-125.3798904419
4325140.0000000000,-125.3876876831
4335109.5000000000,-125.3951721191
4345102.5000000000,-125.3980560303
4355118.0000000000,-125.4297637939
4365157.0000000000,-125.4761352539
4375219.0000000000,-125.5215682983
4385309.0000000000,-125.5630264282
4395417.5000000000,-125.5998077393
4405549.0000000000,-125.6341400146
4415704.5000000000,-125.6694946289
4425883.0000000000,-125.7055587769
4436085.0000000000,-125.7403259277
4446310.5000000000,-125.7717361450
4456564.0000000000,-125.7986526489
4466837.0000000000,-125.8228912354
4477133.5000000000,-125.8505020142
4487453.5000000000,-125.8827743530
4497797.5000000000,-125.9160232544
4508165.0000000000,-125.9444198608
4518561.5000000000,-125.9627609253
4528977.0000000000,-125.9700241089
4539417.0000000000,-125.9735870361
4549880.5000000000,-125.9831466675
4560368.5000000000,-125.9995346069
4570880.5000000000,-126.0194778442
4581416.5000000000,-126.0387420654
4591982.0000000000,-126.0546875000
4602567.0000000000,-126.0679702759
4613176.0000000000,-126.0818099976
4623810.0000000000,-126.0975341797
4634468.0000000000,-126.1141433716
4645151.0000000000,-126.1317977905
4655863.5000000000,-126.1523971558
4666595.5000000000,-126.1783599854
4677352.0000000000,-126.2107315063
4688134.0000000000,-126.2473602295
4698940.5000000000,-126.2831420898
4709771.5000000000,-126.3143844604
4720628.0000000000,-126.3405685425
4731514.5000000000,-126.3424987793
4742421.0000000000,-126.3491973877
4753353.0000000000,-126.3522644043
4764309.5000000000,-126.3596954346
4775291.5000000000,-126.3644027710
4786299.0000000000,-126.3681945801
4797337.0000000000,-126.3825912476
4808395.5000000000,-126.4428634644
4819479.0000000000,-126.5110015869
4830588.0000000000,-126.5685195923
4841723.0000000000,-126.6035690308
4852883.5000000000,-126.6137771606
4864070.0000000000,-126.6150436401
4875287.0000000000,-126.6159286499
4886525.0000000000,-126.6222152710
4897789.0000000000,-126.6444854736
4909078.5000000000,-126.6786575317
4920394.5000000000,-126.7181854248
4931736.0000000000,-126.7547683716
4943104.0000000000,-126.7826004028
4954504.0000000000,-126.8035278320
4965924.5000000000,-126.8221435547
4977371.0000000000,-126.8426132202
4988844.5000000000,-126.8680343628
5000344.0000000000,-126.9006881714
5011870.0000000000,-126.9413223267
5023428.5000000000,-126.9873428345
5035007.5000000000,-127.0313949585
5046614.0000000000,-127.0495681763
5058246.5000000000,-127.0523757935
5069906.0000000000,-127.0630111694
5081592.5000000000,-127.0662536621
5093306.0000000000,-127.0663070679
5105052.0000000000,-127.0741348267
5116819.5000000000,-127.0951309204
5128614.5000000000,-127.1161651611
5140436.0000000000,-127.1174774170
5152285.0000000000,-127.1184310913
5164161.5000000000,-127.1241455078
5176071.0000000000,-127.1341094971
5188002.0000000000,-127.1699676514
5199961.0000000000,-127.2110824585
5211947.0000000000,-127.2469024658
5223961.0000000000,-127.2766647339
5236002.5000000000,-127.3043823242
5248072.0000000000,-127.3319320679
5260175.0000000000,-127.3576736450
5272300.0000000000,-127.3791275024
5284453.0000000000,-127.3959426880
5296634.0000000000,-127.4114685059
5308843.5000000000,-127.4338378906
5321080.5000000000,-127.4495162964
5333352.0000000000,-127.4568405151
5345645.5000000000,-127.4620285034
5357967.5000000000,-127.4703521729
5370318.0000000000,-127.4804306030
5382697.0000000000,-127.4881362915
5395104.5000000000,-127.4960556030
5407541.0000000000,-127.5115966797
5420011.5000000000,-127.5556030273
5432505.0000000000,-127.5886383057
5445027.5000000000,-127.6077499390
5457578.5000000000,-127.6187362671
5470158.5000000000,-127.6310882568
5482767.5000000000,-127.6544418335
5495406.0000000000,-127.6954040527
5508079.0000000000,-127.7525939941
5520775.5000000000,-127.8136978149
5533501.5000000000,-127.8610382080
5546256.5000000000,-127.8763198853
5559041.0000000000,-127.8804779053
5571855.0000000000,-127.8835144043
5584704.5000000000,-127.8841323853
5597578.0000000000,-127.9159622192
5610480.5000000000,-127.9596786499
5623413.5000000000,-128.0111541748
5636375.5000000000,-128.0609130859
5649368.0000000000,-128.0840454102
5662390.0000000000,-128.0852203369
5675448.5000000000,-128.0992584229
5688531.0000000000,-128.1000976563
5701643.5000000000,-128.1007080078
5714786.0000000000,-128.1168365479
5727959.0000000000,-128.1186523438
5741162.5000000000,-128.1257019043
5754402.5000000000,-128.1523132324
5767666.5000000000,-128.1923675537
5780961.5000000000,-128.2356719971
5794287.0000000000,-128.2620697021
5807643.5000000000,-128.2856292725
5821030.5000000000,-128.3124237061
5834448.5000000000,-128.3466796875
5847903.5000000000,-128.3847808838
5861383.5000000000,-128.4207458496
5874894.0000000000,-128.4555206299
5888436.5000000000,-128.4945220947
5902009.5000000000,-128.5253295898
5915614.0000000000,-128.5367431641
5929250.0000000000,-128.5375213623
5942924.0000000000,-128.5466918945
5956622.5000000000,-128.5569763184
5970353.0000000000,-128.5671539307
5984115.5000000000,-128.6016387939
5997909.0000000000,-128.6331634521
6011734.5000000000,-128.6829986572
6025599.0000000000,-128.7328033447
6039488.0000000000,-128.7545623779
6053409.5000000000,-128.7610626221
6067363.0000000000,-128.7668151855
6081349.0000000000,-128.7702178955
6095367.0000000000,-128.7730407715
6109417.0000000000,-128.7764587402
6123506.5000000000,-128.7873687744
6137621.5000000000,-128.7941589355
6151769.0000000000,-128.7966918945
6165949.5000000000,-128.8086090088
6180162.5000000000,-128.8668518066
6194408.0000000000,-128.9429931641
6208693.5000000000,-128.9830322266
6223005.0000000000,-128.9952850342
6237349.5000000000,-129.0072174072
6251727.0000000000,-129.0210113525
6266137.5000000000,-129.0373535156
6280581.5000000000,-129.0673675537
6295058.5000000000,-129.0953521729
6309576.0000000000,-129.1073608398
6324120.0000000000,-129.1167144775
6338698.0000000000,-129.1308288574
6353309.0000000000,-129.1804656982
6367954.0000000000,-129.2414703369
6382632.5000000000,-129.2448425293
6397352.0000000000,-129.2520751953
6412098.0000000000,-129.2893981934
6426878.5000000000,-129.2962493896
6441693.0000000000,-129.2980804443
6456541.5000000000,-129.3070983887
6471424.0000000000,-129.3158264160
6486341.5000000000,-129.3388366699
6501300.0000000000,-129.3405914307
6516286.0000000000,-129.3641967773
6531306.5000000000,-129.3666992188
6546361.5000000000,-129.3783416748
6561451.5000000000,-129.5080108643
6576576.0000000000,-129.5714263916
6591735.5000000000,-129.5724792480
6606937.0000000000,-129.5800170898
6622166.5000000000,-129.5830688477
6637431.0000000000,-129.5967864990
6652731.0000000000,-129.6053466797
6668066.0000000000,-129.6074523926
6683436.0000000000,-129.6147613525
6698849.5000000000,-129.6322021484
6714290.5000000000,-129.6329040527
6729767.5000000000,-129.6445465088
6745280.0000000000,-129.7014923096
6760828.5000000000,-129.7535858154
6776413.0000000000,-129.7806243896
6792033.0000000000,-129.8119201660
6807696.5000000000,-129.8338165283
6823388.5000000000,-129.8432617188
6839117.0000000000,-129.8548583984
6854881.5000000000,-129.8940124512
6870682.5000000000,-129.9417266846
6886520.0000000000,-129.9506378174
6902401.5000000000,-129.9525146484
6918312.0000000000,-129.9550628662
6934259.5000000000,-129.9762420654
6950243.5000000000,-129.9776611328
6966264.0000000000,-130.0023651123
6982322.0000000000,-130.0451660156
6998416.5000000000,-130.0680389404
7014556.0000000000,-130.0806121826
7030725.0000000000,-130.0812683105
7046931.5000000000,-130.0869293213
7063175.0000000000,-130.1092071533
7079456.5000000000,-130.1100158691
7095775.0000000000,-130.1257324219
7112139.0000000000,-130.1273040771
7128533.0000000000,-130.1679687500
7144965.0000000000,-130.2498626709
7161434.5000000000,-130.3220520020
7177942.0000000000,-130.3222961426
7194487.5000000000,-130.3328552246
7211071.5000000000,-130.3343963623
7227701.5000000000,-130.3372192383
7244362.0000000000,-130.3373260498
7261060.5000000000,-130.3426055908
7277798.0000000000,-130.3459625244
7294573.5000000000,-130.3501434326
7311388.0000000000,-130.3523559570
7328241.5000000000,-130.3641357422
7345141.5000000000,-130.3904418945
7362072.5000000000,-130.4154510498
7379043.0000000000,-130.4795379639
7396052.0000000000,-130.5793609619
7413100.5000000000,-130.5847320557
7430188.0000000000,-130.5996704102
7447323.5000000000,-130.6231536865
7464490.0000000000,-130.6445465088
7481696.5000000000,-130.6615600586
7498942.0000000000,-130.6683044434
7516227.5000000000,-130.7221221924
7533553.0000000000,-130.7475280762
7550918.5000000000,-130.7687683105
7568332.0000000000,-130.7884826660
7585777.5000000000,-130.8140258789
7603263.5000000000,-130.8185424805
7620789.5000000000,-130.8383636475
7638356.0000000000,-130.8415527344
7655963.0000000000,-130.8518981934
7673619.0000000000,-130.8704223633
7691307.0000000000,-130.8748321533
7709036.0000000000,-130.8811035156
7726806.0000000000,-130.9243011475
7744617.0000000000,-131.0362548828
7762469.0000000000,-131.1163482666
7780362.0000000000,-131.1222229004
7798304.5000000000,-131.1329498291
7816280.5000000000,-131.1530456543
7834297.5000000000,-131.1530761719
7852356.0000000000,-131.1584320068
7870456.0000000000,-131.2613067627
7888598.0000000000,-131.2941589355
7906782.0000000000,-131.3042602539
7925016.5000000000,-131.3126068115
7943284.0000000000,-131.3234558105
7961594.0000000000,-131.3345336914
7979946.0000000000,-131.3452301025
7998340.5000000000,-131.3492279053
8016777.0000000000,-131.3499603271
8035265.0000000000,-131.3685607910
8053787.0000000000,-131.3741607666
8072351.5000000000,-131.3906402588
8090959.0000000000,-131.4289703369
8109609.0000000000,-131.4295806885
8128302.5000000000,-131.4321289063
8147038.5000000000,-131.4626007080
8165827.0000000000,-131.4755096436
8184650.0000000000,-131.4774475098
8203516.0000000000,-131.5386657715
8222426.0000000000,-131.5877838135
8241379.0000000000,-131.6098175049
8260376.0000000000,-131.6342163086
8279426.0000000000,-131.7166442871
8298510.5000000000,-131.7176208496
8317639.0000000000,-131.7179870605
8336812.0000000000,-131.7224731445
8356029.0000000000,-131.7294769287
8375290.0000000000,-131.7463836670
8394596.0000000000,-131.7540588379
8413955.0000000000,-131.7712097168
8433350.0000000000,-131.7916564941
8452789.0000000000,-131.7933044434
8472274.0000000000,-131.9047241211
8491803.0000000000,-131.9127502441
8511377.0000000000,-131.9332885742
8531006.0000000000,-131.9513092041
8550670.0000000000,-131.9876098633
8570380.0000000000,-131.9879150391
8590136.0000000000,-132.0045318604
8609936.0000000000,-132.0082244873
8629783.0000000000,-132.0185852051
8649675.0000000000,-132.0428924561
8669623.0000000000,-132.0564727783
8689607.0000000000,-132.0729370117
8709637.0000000000,-132.0897674561
8729713.0000000000,-132.0928497314
8749836.0000000000,-132.0995178223
8770005.0000000000,-132.1217956543
8790220.0000000000,-132.1501464844
8810492.0000000000,-132.1746368408
8830801.0000000000,-132.1751251221
8851157.0000000000,-132.1988525391
8871559.0000000000,-132.2360382080
8892009.0000000000,-132.2569427490
8912505.0000000000,-132.2635955811
8933059.0000000000,-132.2714996338
8953651.0000000000,-132.3363800049
8974289.0000000000,-132.3624877930
8994976.0000000000,-132.3888092041
9015710.0000000000,-132.4308776855
9036492.0000000000,-132.4402618408
9057321.0000000000,-132.4407196045
9078209.0000000000,-132.4866638184
9099135.0000000000,-132.5233459473
9120109.0000000000,-132.5444030762
9141132.0000000000,-132.5496063232
9162203.0000000000,-132.5614776611
9183322.0000000000,-132.5632934570
9204500.0000000000,-132.5708312988
9225718.0000000000,-132.6119537354
9246983.0000000000,-132.6660308838
9268298.0000000000,-132.6931457520
9289662.0000000000,-132.7330932617
9311076.0000000000,-132.8093109131
9332538.0000000000,-132.9212646484
9354061.0000000000,-132.9676818848
9375623.0000000000,-132.9697570801
9397234.0000000000,-132.9781494141
9418895.0000000000,-132.9801330566
9440607.0000000000,-132.9816741943
9462368.0000000000,-132.9914855957
9484190.0000000000,-133.0247192383
9506052.0000000000,-133.0403137207
9527964.0000000000,-133.0483245850
9549926.0000000000,-133.0548553467
9571940.0000000000,-133.1074218750
9594004.0000000000,-133.1367797852
9616118.0000000000,-133.1421508789
9638295.0000000000,-133.1444244385
9660512.0000000000,-133.1458892822
9682780.0000000000,-133.1581115723
9705099.0000000000,-133.1610565186
9727470.0000000000,-133.1646728516
9749893.0000000000,-133.1714630127
9772367.0000000000,-133.1727447510
9794904.0000000000,-133.1972198486
9817482.0000000000,-133.2273254395
9840112.0000000000,-133.2564392090
9862794.0000000000,-133.2906646729
9885528.0000000000,-133.3333587646
9908315.0000000000,-133.3702850342
9931165.0000000000,-133.3967285156
9954057.0000000000,-133.4319305420
9977002.0000000000,-133.4646606445
10000000.0000000000,-133.5000000000
10023051.0000000000,-133.5268096924
10046155.0000000000,-133.5529174805
10069312.0000000000,-133.5740966797
10092533.0000000000,-133.5933074951
10115797.0000000000,-133.6062774658
10139115.0000000000,-133.6152801514
10162486.0000000000,-133.6236572266
10185911.0000000000,-133.6314392090
10209391.0000000000,-133.6467742920
10232935.0000000000,-133.6719970703
10256523.0000000000,-133.7071533203
10280165.0000000000,-133.7600555420
10303861.0000000000,-133.8175659180
10327613.0000000000,-133.8861541748
10351418.0000000000,-133.9528656006
10375279.0000000000,-134.0136718750
10399206.0000000000,-134.0384521484
10423177.0000000000,-134.0411376953
10447203.0000000000,-134.0519561768
10471285.0000000000,-134.0694580078
10495422.0000000000,-134.0707702637
10519615.0000000000,-134.1016082764
10543863.0000000000,-134.1061706543
10568179.0000000000,-134.1124572754
10592540.0000000000,-134.1513214111
10616956.0000000000,-134.1519622803
10641429.0000000000,-134.1553497314
10665958.0000000000,-134.1800384521
10690544.0000000000,-134.1976776123
10715198.0000000000,-134.2071075439
10739898.0000000000,-134.2243499756
10764654.0000000000,-134.2255706787
10789467.0000000000,-134.2276458740
10814338.0000000000,-134.2462463379
10839265.0000000000,-134.2503204346
10864251.0000000000,-134.2511291504
10889305.0000000000,-134.2878723145
10914406.0000000000,-134.3356018066
10939565.0000000000,-134.3733673096
10964781.0000000000,-134.3894500732
10990056.0000000000,-134.4022216797
11015388.0000000000,-134.4095458984
11040792.0000000000,-134.4163818359
11066242.0000000000,-134.4195556641
11091750.0000000000,-134.4239501953
11117317.0000000000,-134.4335937500
11142944.0000000000,-134.4468841553
11168629.0000000000,-134.4622955322
11194373.0000000000,-134.4842834473
11220189.0000000000,-134.4868621826
11246053.0000000000,-134.5148162842
11271976.0000000000,-134.5343170166
11297958.0000000000,-134.5648803711
11324001.0000000000,-134.5911254883
11350104.0000000000,-134.6019744873
11376279.0000000000,-134.6279449463
11402502.0000000000,-134.6288909912
11428786.0000000000,-134.6386260986
11455130.0000000000,-134.6652374268
11481535.0000000000,-134.6660766602
11508000.0000000000,-134.6701812744
11534527.0000000000,-134.6802673340
11561128.0000000000,-134.6984863281
11587777.0000000000,-134.7109832764
11614488.0000000000,-134.7231445313
11641260.0000000000,-134.7504425049
11668094.0000000000,-134.7634124756
11694990.0000000000,-134.7687988281
11721947.0000000000,-134.7692871094
11748980.0000000000,-134.7715911865
11776062.0000000000,-134.7715911865
11803207.0000000000,-134.7715911865
11830414.0000000000,-134.7715911865
11857684.0000000000,-134.7715911865
11885017.0000000000,-134.7715911865
11912426.0000000000,-134.7715911865
11939885.0000000000,-134.7715911865
11967407.0000000000,-134.7715911865
11994993.0000000000,-134.8666229248
12022642.0000000000,-134.9593658447
12050355.0000000000,-135.0506134033
12078132.0000000000,-135.1225128174
12105986.0000000000,-135.1899871826
12133892.0000000000,-135.2483367920
12161861.0000000000,-135.3113250732
12189895.0000000000,-135.3833160400
12217994.0000000000,-135.4671173096
12246157.0000000000,-135.5272521973
12274399.0000000000,-135.5368957520
12302692.0000000000,-135.5486145020
12331051.0000000000,-135.5588378906
12359475.0000000000,-135.5703125000
12387964.0000000000,-135.5830688477
12416519.0000000000,-135.6195831299
12445140.0000000000,-135.6423797607
12473841.0000000000,-135.6451568604
12502594.0000000000,-135.6941375732
12531413.0000000000,-135.7007751465
12560299.0000000000,-135.7168884277
12589251.0000000000,-135.7412109375
12618270.0000000000,-135.7428436279
12647370.0000000000,-135.7707672119
12676523.0000000000,-135.8461303711
12705744.0000000000,-135.8941955566
12735031.0000000000,-135.8983764648
12764387.0000000000,-135.9014434814
12793809.0000000000,-135.9080657959
12823300.0000000000,-135.9219665527
12852873.0000000000,-135.9334869385
12882499.0000000000,-135.9366149902
12912195.0000000000,-135.9408264160
12941958.0000000000,-135.9418792725
12971790.0000000000,-135.9432067871
13001691.0000000000,-135.9449310303
13031661.0000000000,-135.9527740479
13061714.0000000000,-135.9560089111
13091822.0000000000,-135.9645690918
13122000.0000000000,-135.9766845703
13152247.0000000000,-135.9862213135
13182564.0000000000,-135.9906921387
13212951.0000000000,-135.9914398193
13243422.0000000000,-136.0283508301
13273949.0000000000,-136.0637969971
13304546.0000000000,-136.0869903564
13335214.0000000000,-136.1067047119
13365953.0000000000,-136.1212615967
13396762.0000000000,-136.1538085938
13427643.0000000000,-136.1989898682
13458609.0000000000,-136.2681884766
13489632.0000000000,-136.2747039795
13520727.0000000000,-136.2758483887
13551893.0000000000,-136.2775115967
13583131.0000000000,-136.3075866699
13614441.0000000000,-136.3134155273
13645839.0000000000,-136.3435668945
13677293.0000000000,-136.3538665771
13708820.0000000000,-136.3733520508
13740420.0000000000,-136.3757171631
13772093.0000000000,-136.3938140869
13803838.0000000000,-136.3995971680
13835657.0000000000,-136.4029083252
13867565.0000000000,-136.4145965576
13899530.0000000000,-136.4309234619
13931570.0000000000,-136.4363861084
13963683.0000000000,-136.4486846924
13995870.0000000000,-136.4626159668
14028132.0000000000,-136.4646911621
14060468.0000000000,-136.4761199951
14092893.0000000000,-136.5460357666
14125379.0000000000,-136.6420135498
14157939.0000000000,-136.7320251465
14190574.0000000000,-136.7570953369
14223284.0000000000,-136.7609252930
14256070.0000000000,-136.7698822021
14288946.0000000000,-136.7811431885
14321884.0000000000,-136.7845458984
14354896.0000000000,-136.7948455811
14387986.0000000000,-136.8115844727
14421151.0000000000,-136.8559417725
14454393.0000000000,-136.8962097168
14487711.0000000000,-136.9059295654
14521122.0000000000,-136.9119873047
14554594.0000000000,-136.9170227051
14588144.0000000000,-136.9178771973
14621770.0000000000,-136.9339752197
14655475.0000000000,-136.9703063965
14689257.0000000000,-136.9768371582
14723133.0000000000,-136.9880981445
14757070.0000000000,-137.0020141602
14791086.0000000000,-137.0034790039
14825181.0000000000,-137.0481109619
14859354.0000000000,-137.0653839111
14893606.0000000000,-137.0733489990
14927937.0000000000,-137.1158294678
14962363.0000000000,-137.1595458984
14996852.0000000000,-137.1651611328
15031421.0000000000,-137.1869964600
15066070.0000000000,-137.2326965332
15100798.0000000000,-137.2427215576
15135607.0000000000,-137.2709197998
15170512.0000000000,-137.2892303467
15205481.0000000000,-137.3559112549
15240531.0000000000,-137.3690948486
15275661.0000000000,-137.3712463379
15310873.0000000000,-137.3812255859
15346165.0000000000,-137.3891448975
15381539.0000000000,-137.3905029297
15417012.0000000000,-137.4158630371
15452549.0000000000,-137.4193420410
15488168.0000000000,-137.4205322266
15523870.0000000000,-137.4749145508
15559653.0000000000,-137.4924774170
15595519.0000000000,-137.5381164551
15631468.0000000000,-137.5405883789
15667517.0000000000,-137.5762786865
15703632.0000000000,-137.6021575928
15739830.0000000000,-137.6103668213
15776111.0000000000,-137.6189575195
15812476.0000000000,-137.6294250488
15848925.0000000000,-137.6294250488
15885475.0000000000,-137.6320800781
15922092.0000000000,-137.6378631592
15958794.0000000000,-137.6412506104
15995580.0000000000,-137.6668395996
16032451.0000000000,-137.6782836914
16069407.0000000000,-137.6851348877
16106448.0000000000,-137.7720184326
16143592.0000000000,-137.9380493164
16180804.0000000000,-138.0845642090
16218102.0000000000,-138.0870819092
16255486.0000000000,-138.1089935303
16292956.0000000000,-138.1150207520
16330513.0000000000,-138.1565704346
16368174.0000000000,-138.1695861816
16405903.0000000000,-138.2016906738
16443720.0000000000,-138.2189178467
16481624.0000000000,-138.2418975830
16519616.0000000000,-138.2584991455
16557694.0000000000,-138.2685089111
16595861.0000000000,-138.2792816162
16634134.0000000000,-138.3009490967
16672477.0000000000,-138.3110656738
16710908.0000000000,-138.3110656738
16749428.0000000000,-138.3110656738
16788036.0000000000,-138.3110656738
16826734.0000000000,-138.3239898682
16865540.0000000000,-138.3482666016
16904416.0000000000,-138.3489532471
16943382.0000000000,-138.3647155762
16982438.0000000000,-138.3886718750
17021582.0000000000,-138.4182434082
17060818.0000000000,-138.4262237549
17100146.0000000000,-138.4262237549
17139582.0000000000,-138.4262237549
17179090.0000000000,-138.4262237549
17218688.0000000000,-138.4262237549
17258378.0000000000,-138.4324493408
17298160.0000000000,-138.4385375977
17338034.0000000000,-138.4400329590
17378000.0000000000,-138.4460296631
17418076.0000000000,-138.4686889648
17458226.0000000000,-138.5093231201
17498468.0000000000,-138.5155181885
17538804.0000000000,-138.5158081055
17579232.0000000000,-138.5193328857
17619752.0000000000,-138.5204162598
17660388.0000000000,-138.5460662842
17701096.0000000000,-138.5542907715
17741898.0000000000,-138.5732727051
17782794.0000000000,-138.5921478271
17823784.0000000000,-138.6014099121
17864870.0000000000,-138.6102600098
17906050.0000000000,-138.6146087646
17947344.0000000000,-138.6349945068
17988714.0000000000,-138.6507110596
18030180.0000000000,-138.6680450439
18071740.0000000000,-138.6680450439
18113396.0000000000,-138.6680450439
18155150.0000000000,-138.6680450439
18197018.0000000000,-138.7445220947
18238964.0000000000,-138.8719177246
18281006.0000000000,-139.0022888184
18323144.0000000000,-139.0319976807
18365380.0000000000,-139.0372619629
18407714.0000000000,-139.0419464111
18450146.0000000000,-139.0623168945
18492694.0000000000,-139.0822906494
18535322.0000000000,-139.1004028320
18578046.0000000000,-139.1058807373
18620870.0000000000,-139.1396026611
18663792.0000000000,-139.1399383545
18706814.0000000000,-139.1436157227
18749934.0000000000,-139.1440124512
18793176.0000000000,-139.1475067139
18836496.0000000000,-139.1627349854
18879914.0000000000,-139.1679534912
18923434.0000000000,-139.1723937988
18967054.0000000000,-139.1883544922
19010774.0000000000,-139.1909179688
19054616.0000000000,-139.2539825439
19098538.0000000000,-139.2997283936
19142562.0000000000,-139.3130340576
19186688.0000000000,-139.3149871826
19230914.0000000000,-139.3256225586
19275242.0000000000,-139.3406829834
19319674.0000000000,-139.3785858154
19364228.0000000000,-139.3828277588
19408864.0000000000,-139.4052886963
19453602.0000000000,-139.4103240967
19498444.0000000000,-139.4172821045
19543390.0000000000,-139.4253540039
19588438.0000000000,-139.4259796143
19633612.0000000000,-139.4259796143
19678870.0000000000,-139.4259796143
19724230.0000000000,-139.4259796143
19769696.0000000000,-139.4786376953
19815268.0000000000,-139.5153350830
19860942.0000000000,-139.5290679932
19906724.0000000000,-139.5494995117
19952632.0000000000,-139.5637817383
19998624.0000000000,-139.5656890869
20044722.0000000000,-139.5801239014
20090926.0000000000,-139.6578216553
20137238.0000000000,-139.7258758545
20183656.0000000000,-139.7458801270
20230202.0000000000,-139.7846984863
20276834.0000000000,-139.7940063477
20323574.0000000000,-139.8013305664
20370422.0000000000,-139.8247222900
20417376.0000000000,-139.8878326416
20464440.0000000000,-139.8894653320
20511612.0000000000,-139.9171600342
20558916.0000000000,-139.9440612793
20606306.0000000000,-139.9685058594
20653804.0000000000,-139.9718170166
20701412.0000000000,-139.9718170166
20749130.0000000000,-139.9718170166
20796960.0000000000,-139.9718170166
20844898.0000000000,-139.9718170166
20892970.0000000000,-139.9718170166
20941130.0000000000,-139.9718170166
20989400.0000000000,-139.9718170166
21037782.0000000000,-139.9812622070
21086276.0000000000,-139.9846954346
21134882.0000000000,-139.9956054688
21183622.0000000000,-140.0246734619
21232452.0000000000,-140.0538177490
21281394.0000000000,-140.0567932129
21330448.0000000000,-140.1098937988
21379618.0000000000,-140.1245727539
21428898.0000000000,-140.1329193115
21478294.0000000000,-140.1735992432
21527826.0000000000,-140.2581634521
21577450.0000000000,-140.2874450684
21627188.0000000000,-140.3233337402
21677040.0000000000,-140.3508453369
21727006.0000000000,-140.4052734375
21777088.0000000000,-140.4391174316
21827310.0000000000,-140.4708099365
21877624.0000000000,-140.4864196777
21928054.0000000000,-140.4900970459
21978600.0000000000,-140.5033111572
22029262.0000000000,-140.5033111572
22080040.0000000000,-140.5033111572
22130936.0000000000,-140.5033111572
22181974.0000000000,-140.5033111572
22233106.0000000000,-140.5049438477
22284354.0000000000,-140.5117645264
22335722.0000000000,-140.5208129883
22387206.0000000000,-140.5628967285
22438810.0000000000,-140.5856933594
22490558.0000000000,-140.5920104980
22542400.0000000000,-140.6581573486
22594362.0000000000,-140.6581573486
22646444.0000000000,-140.6581573486
22698646.0000000000,-140.6622161865
22750968.0000000000,-140.6622161865
22803410.0000000000,-140.6622161865
22855998.0000000000,-140.6622161865
22908684.0000000000,-140.6622161865
22961490.0000000000,-140.6622161865
23014418.0000000000,-140.6622161865
23067468.0000000000,-140.6622161865
23120640.0000000000,-140.6622161865
23173934.0000000000,-140.6622161865
23227378.0000000000,-140.6651916504
23280918.0000000000,-140.6651916504
23334582.0000000000,-140.6651916504
23388370.0000000000,-140.6757049561
23442282.0000000000,-140.7550811768
23496318.0000000000,-140.7902526855
23550504.0000000000,-140.7902526855
23604790.0000000000,-140.7902526855
23659200.0000000000,-140.7902526855
23713738.0000000000,-140.7725524902
23768398.0000000000,-140.7725524902
23823186.0000000000,-140.7232666016
23878100.0000000000,-140.7021942139
23933168.0000000000,-140.6757049561
23988336.0000000000,-140.5527191162
24043630.0000000000,-140.5499572754
24099052.0000000000,-140.5224914551
24154602.0000000000,-140.5224914551
24210280.0000000000,-140.5224914551
24266114.0000000000,-140.5224914551
24322048.0000000000,-140.5499572754
24378112.0000000000,-140.5527191162
24434306.0000000000,-140.5527191162
24490628.0000000000,-140.5527191162
24547082.0000000000,-140.5527191162
24603664.0000000000,-140.5527191162
24660404.0000000000,-140.5527191162
24717248.0000000000,-140.5527191162
24774224.0000000000,-140.5527191162
24831330.0000000000,-140.5532531738
24888568.0000000000,-140.5563659668
24945938.0000000000,-140.5532531738
25003440.0000000000,-140.5563659668
25061102.0000000000,-140.6676483154
25118870.0000000000,-140.6878204346
25176770.0000000000,-140.7021942139
25234804.0000000000,-140.7232666016
25292972.0000000000,-140.7725524902
25351274.0000000000,-140.7902526855
25409740.0000000000,-140.8517608643
25468310.0000000000,-140.8659667969
25527016.0000000000,-140.9035491943
25585858.0000000000,-140.9035491943
25644836.0000000000,-140.9035491943
25703948.0000000000,-140.9035491943
25763198.0000000000,-140.9035491943
25822612.0000000000,-140.9035491943
25882136.0000000000,-140.9074096680
25941796.0000000000,-140.9525756836
26001594.0000000000,-141.0329284668
26061528.0000000000,-141.0423889160
26121602.0000000000,-141.0485076904
26181844.0000000000,-141.0639801025
26242194.0000000000,-141.0679473877
26302684.0000000000,-141.0688476563
26363314.0000000000,-141.0688476563
26424084.0000000000,-141.0688476563
26484992.0000000000,-141.0688476563
26546042.0000000000,-141.0688476563
26607262.0000000000,-141.0713348389
26668594.0000000000,-141.0719146729
26730066.0000000000,-141.0878753662
26791682.0000000000,-141.1752777100
26853438.0000000000,-141.1752777100
26915338.0000000000,-141.1752777100
26977408.0000000000,-141.2028961182
27039594.0000000000,-141.2405853271
27101922.0000000000,-141.2688446045
27164394.0000000000,-141.2717285156
27227010.0000000000,-141.3402862549
27289770.0000000000,-141.3777008057
27352674.0000000000,-141.4489440918
27415754.0000000000,-141.4492492676
27478950.0000000000,-141.5018615723
27542290.0000000000,-141.5069580078
27605778.0000000000,-141.5069580078
27669410.0000000000,-141.5069580078
27733190.0000000000,-141.5069580078
27797118.0000000000,-141.5611877441
27861222.0000000000,-141.7020874023
27925444.0000000000,-141.7020874023
27989814.0000000000,-141.7020874023
28054334.0000000000,-141.7257232666
28119000.0000000000,-141.7310485840
28183816.0000000000,-141.7386932373
28248814.0000000000,-141.7454986572
28313930.0000000000,-141.7876739502
28379194.0000000000,-141.7876739502
28444610.0000000000,-141.7876739502
28510178.0000000000,-141.7876739502
28575896.0000000000,-141.8551940918
28641766.0000000000,-141.8551940918
28707818.0000000000,-141.8551940918
28773992.0000000000,-141.7876739502
28840318.0000000000,-141.7495574951
28906796.0000000000,-141.7495574951
28973428.0000000000,-141.7495574951
29040214.0000000000,-141.7495574951
29107186.0000000000,-141.7495574951
29174280.0000000000,-141.7495574951
29241530.0000000000,-141.7495574951
29308932.0000000000,-141.7495574951
29376492.0000000000,-141.7876739502
29444208.0000000000,-141.8042755127
29512078.0000000000,-141.8551940918
29580138.0000000000,-141.8912353516
29648322.0000000000,-141.9062652588
29716664.0000000000,-141.9062652588
29785162.0000000000,-141.9062652588
29853820.0000000000,-141.9062652588
29922634.0000000000,-141.9062652588
29991642.0000000000,-141.9062652588
30060774.0000000000,-141.8912353516
30130066.0000000000,-141.8912353516
30199518.0000000000,-141.8912353516
30269130.0000000000,-141.8912353516
30338904.0000000000,-141.8912353516
30408836.0000000000,-141.9062652588
30478964.0000000000,-141.9062652588
30549220.0000000000,-141.9062652588
30619638.0000000000,-141.9302825928
30690220.0000000000,-141.9398651123
30760962.0000000000,-141.9631042480
30831868.0000000000,-141.9920501709
30902938.0000000000,-141.9920501709
30974206.0000000000,-141.9920501709
31045604.0000000000,-141.9631042480
31117166.0000000000,-141.9302825928
31188892.0000000000,-141.9302825928
31260786.0000000000,-141.9302825928
31332844.0000000000,-141.9302825928
31405102.0000000000,-141.9062652588
31477494.0000000000,-141.8912353516
31550052.0000000000,-141.8893737793
31622776.0000000000,-141.8893737793
31695670.0000000000,-141.8893737793
31768730.0000000000,-141.8912353516
31841960.0000000000,-141.9302825928
31915392.0000000000,-141.9631042480
31988960.0000000000,-141.9897613525
32062696.0000000000,-141.9920501709
32136604.0000000000,-142.0124969482
32210680.0000000000,-142.0167694092
32284928.0000000000,-142.0381317139
32359382.0000000000,-142.0480499268
32433974.0000000000,-142.1593475342
32508736.0000000000,-142.2174682617
32583670.0000000000,-142.3357849121
32658778.0000000000,-142.4889984131
32734060.0000000000,-142.4889984131
32809514.0000000000,-142.4889984131
32885178.0000000000,-142.4889984131
32960980.0000000000,-142.4889984131
33036958.0000000000,-142.4889984131
33113110.0000000000,-142.4889984131
33189438.0000000000,-142.4889984131
33265942.0000000000,-142.4835357666
33342624.0000000000,-142.4748687744
33419516.0000000000,-142.4615020752
33496552.0000000000,-142.4517974854
33573764.0000000000,-142.4517974854
33651152.0000000000,-142.4517974854
33728720.0000000000,-142.4517974854
33806468.0000000000,-142.4517974854
33884432.0000000000,-142.4170227051
33962536.0000000000,-142.3778533936
34040824.0000000000,-142.3778533936
34119292.0000000000,-142.3778533936
34197936.0000000000,-142.3778533936
34276768.0000000000,-142.3778533936
34355776.0000000000,-142.4170227051
34435008.0000000000,-142.4455566406
34514384.0000000000,-142.4517974854
34593940.0000000000,-142.4615020752
34673680.0000000000,-142.4748687744
34753608.0000000000,-142.4835357666
34833716.0000000000,-142.4889984131
34914048.0000000000,-142.5248870850
34994528.0000000000,-142.5248870850
35075192.0000000000,-142.5233764648
35156044.0000000000,-142.4889984131
35237080.0000000000,-142.4835357666
35318304.0000000000,-142.4748687744
35399716.0000000000,-142.4615020752
35481356.0000000000,-142.4517974854
35563140.0000000000,-142.4517974854
35645116.0000000000,-142.4517974854
35727280.0000000000,-142.4517974854
35809636.0000000000,-142.4517974854
35892180.0000000000,-142.4455566406
35974952.0000000000,-142.4170227051
36057876.0000000000,-142.4025726318
36140992.0000000000,-142.3778533936
36224300.0000000000,-142.3645172119
36307800.0000000000,-142.3419342041
36391492.0000000000,-142.3419342041
36475376.0000000000,-142.3419342041
36559496.0000000000,-142.3645172119
36643768.0000000000,-142.3782653809
36728236.0000000000,-142.4025726318
36812896.0000000000,-142.4170227051
36897752.0000000000,-142.4170227051
36982804.0000000000,-142.4170227051
37068052.0000000000,-142.4170227051
37153536.0000000000,-142.4170227051
37239180.0000000000,-142.4455566406
37325020.0000000000,-142.4675292969
37411056.0000000000,-142.5233764648
37497292.0000000000,-142.5473327637
37583724.0000000000,-142.6203308105
37670400.0000000000,-142.6322479248
37757232.0000000000,-142.6924438477
37844264.0000000000,-142.6924438477
37931500.0000000000,-142.6924438477
38018932.0000000000,-142.6924438477
38106568.0000000000,-142.6924438477
38194408.0000000000,-142.6924438477
38282492.0000000000,-142.6924438477
38370736.0000000000,-142.6924438477
38459180.0000000000,-142.7248382568
38547832.0000000000,-142.9562377930
38636688.0000000000,-143.0157775879
38725748.0000000000,-143.0826263428
38815056.0000000000,-143.1349945068
38904528.0000000000,-143.3696899414
38994204.0000000000,-143.3876800537
39084092.0000000000,-143.4531555176
39174180.0000000000,-143.6516265869
39264480.0000000000,-143.9375457764
39354988.0000000000,-143.9416961670
39445748.0000000000,-144.0711059570
39536672.0000000000,-144.2342681885
39627808.0000000000,-144.5645446777
39719152.0000000000,-144.5645446777
39810708.0000000000,-144.5645446777
39902476.0000000000,-144.5645446777
39994496.0000000000,-144.5645446777
40086688.0000000000,-144.5645446777
40179088.0000000000,-144.5645446777
40271704.0000000000,-144.5645446777
40364536.0000000000,-144.5645446777
40457576.0000000000,-144.5645446777
40550836.0000000000,-144.5645446777
40644352.0000000000,-144.5645446777
40738040.0000000000,-144.5226593018
40831944.0000000000,-144.2912292480
40926064.0000000000,-144.2465209961
41020404.0000000000,-144.2342681885
41114956.0000000000,-144.1741790771
41209732.0000000000,-144.1741790771
41304768.0000000000,-144.1741790771
41399976.0000000000,-144.2465209961
41495408.0000000000,-144.2912292480
41591056.0000000000,-144.3181304932
41686928.0000000000,-144.5226593018
41783020.0000000000,-144.5663146973
41879376.0000000000,-144.6885986328
41975912.0000000000,-144.8085327148
42072668.0000000000,-144.8746490479
42169652.0000000000,-144.8746490479
42266856.0000000000,-144.8085327148
42364284.0000000000,-144.8046569824
42461936.0000000000,-144.5663146973
42559860.0000000000,-144.5226593018
42657964.0000000000,-144.3181304932
42756292.0000000000,-144.2912292480
42854848.0000000000,-144.2465209961
42953632.0000000000,-144.1741790771
43052644.0000000000,-144.1398010254
43151932.0000000000,-144.0941314697
43251400.0000000000,-144.0941314697
43351096.0000000000,-144.0941314697
43451024.0000000000,-144.0941314697
43551180.0000000000,-144.0941314697
43651568.0000000000,-144.0924224854
43752188.0000000000,-144.0924224854
43853088.0000000000,-144.0924224854
43954176.0000000000,-144.0924224854
44055492.0000000000,-144.0924224854
44157044.0000000000,-144.0924224854
44258828.0000000000,-144.0924224854
44360848.0000000000,-144.0924224854
44463104.0000000000,-143.9472045898
44565644.0000000000,-143.9466857910
44668368.0000000000,-143.9402008057
44771332.0000000000,-143.9402008057
44874532.0000000000,-143.9402008057
44977972.0000000000,-143.9402008057
45081652.0000000000,-143.8894042969
45185616.0000000000,-143.7744598389
45289772.0000000000,-143.7135620117
45394168.0000000000,-143.6656341553
45498804.0000000000,-143.6349945068
45603684.0000000000,-143.5599822998
45708804.0000000000,-143.5395660400
45814164.0000000000,-143.5395660400
45919820.0000000000,-143.5395660400
46025668.0000000000,-143.5395660400
46131760.0000000000,-143.5395660400
46238100.0000000000,-143.5395660400
46344680.0000000000,-143.5395660400
46451508.0000000000,-143.5395660400
46558632.0000000000,-143.5395660400
46665956.0000000000,-143.6349945068
46773524.0000000000,-143.6656341553
46881340.0000000000,-143.7135620117
46989404.0000000000,-143.7744598389
47097716.0000000000,-143.8894042969
47206280.0000000000,-143.9472045898
47315148.0000000000,-143.9615173340
47424212.0000000000,-143.9634552002
47533528.0000000000,-143.9634552002
47643096.0000000000,-143.9634552002
47752916.0000000000,-143.9634552002
47862992.0000000000,-143.9634552002
47973372.0000000000,-143.9711914063
48083952.0000000000,-144.1133880615
48194788.0000000000,-144.1835021973
48305880.0000000000,-144.3538818359
48417232.0000000000,-144.3874664307
48528836.0000000000,-144.6331329346
48640696.0000000000,-144.7014312744
48752872.0000000000,-144.7014312744
48865252.0000000000,-144.7014312744
48977888.0000000000,-144.7014312744
49090784.0000000000,-144.7014312744
49203944.0000000000,-144.7014312744
49317364.0000000000,-144.7972412109
49431044.0000000000,-144.9019927979
49545040.0000000000,-144.9721527100
49659244.0000000000,-145.0704498291
49773712.0000000000,-145.1702270508
49888444.0000000000,-145.1793823242
50003440.0000000000,-145.1793823242
50118700.0000000000,-145.1793823242
50234284.0000000000,-145.1793823242
50350076.0000000000,-145.1793823242
50466136.0000000000,-145.1793823242
50582464.0000000000,-145.4280090332
50699060.0000000000,-145.4362792969
50815928.0000000000,-145.4362792969
50933060.0000000000,-145.4362792969
51050520.0000000000,-145.4362792969
51168196.0000000000,-145.4362792969
51286144.0000000000,-145.4362792969
51404360.0000000000,-145.4362792969
51522852.0000000000,-145.4362792969
51641616.0000000000,-145.4280090332
51760712.0000000000,-145.4280090332
51880024.0000000000,-145.4280090332
51999608.0000000000,-145.4280090332
52119472.0000000000,-145.4280090332
52239612.0000000000,-145.4280090332
52360028.0000000000,-145.4362792969
52480720.0000000000,-145.5677490234
52601752.0000000000,-145.5677490234
52723000.0000000000,-145.5677490234
52844532.0000000000,-145.5677490234
52966340.0000000000,-145.5677490234
53088432.0000000000,-145.5677490234
53210804.0000000000,-145.5677490234
53333520.0000000000,-145.5677490234
53456456.0000000000,-145.6960754395
53579676.0000000000,-145.6960754395
53703180.0000000000,-145.6960754395
53826972.0000000000,-145.6960754395
53951048.0000000000,-145.6960754395
54075408.0000000000,-145.6960754395
54200116.0000000000,-145.6960754395
54325048.0000000000,-145.7027130127
54450272.0000000000,-145.7027130127
54575784.0000000000,-145.7027130127
54701584.0000000000,-145.6960754395
54827676.0000000000,-145.6960754395
54954060.0000000000,-145.6960754395
55080792.0000000000,-145.6960754395
55207756.0000000000,-145.6960754395
55335016.0000000000,-145.6960754395
55462564.0000000000,-145.6960754395
55590412.0000000000,-145.6960754395
55718552.0000000000,-145.6960754395
55847048.0000000000,-145.6960754395
55975780.0000000000,-145.6960754395
56104808.0000000000,-145.6960754395
56234132.0000000000,-145.6960754395
56363756.0000000000,-145.6960754395
56493680.0000000000,-145.6960754395
56623900.0000000000,-145.5677490234
56754484.0000000000,-145.5677490234
56885308.0000000000,-145.5677490234
57016432.0000000000,-145.5677490234
57147860.0000000000,-145.5677490234
57279588.0000000000,-145.5677490234
57411624.0000000000,-145.5677490234
57544024.0000000000,-145.5487365723
57676668.0000000000,-145.5350952148
57809616.0000000000,-145.5143127441
57942872.0000000000,-145.3996124268
58076432.0000000000,-145.3547973633
58210304.0000000000,-145.3451538086
58344484.0000000000,-145.3078155518
58479036.0000000000,-145.2111053467
58613832.0000000000,-145.1662139893
58748944.0000000000,-145.1662139893
58884364.0000000000,-145.1662139893
59020096.0000000000,-145.2111053467
59156140.0000000000,-145.3078155518
59292500.0000000000,-145.3078155518
59429240.0000000000,-145.3078155518
59566228.0000000000,-145.2111053467
59703532.0000000000,-145.1662139893
59841152.0000000000,-144.9892425537
59979092.0000000000,-144.9804687500
60117348.0000000000,-144.9768218994
60255988.0000000000,-144.9768218994
60394884.0000000000,-144.9768218994
60534096.0000000000,-144.9804687500
60673632.0000000000,-144.9892425537
60813488.0000000000,-145.1662139893
60953668.0000000000,-145.2111053467
61094172.0000000000,-145.2111053467
61235064.0000000000,-145.2111053467
61376216.0000000000,-145.2111053467
61517692.0000000000,-145.2111053467
61659496.0000000000,-145.1662139893
61801624.0000000000,-145.1662139893
61944080.0000000000,-145.1662139893
62086936.0000000000,-145.1662139893
62230048.0000000000,-145.1091308594
62373496.0000000000,-144.9892425537
62517268.0000000000,-144.9804687500
62661376.0000000000,-144.9804687500
62805816.0000000000,-144.9804687500
62950588.0000000000,-144.9804687500
63095764.0000000000,-144.9892425537
63241204.0000000000,-145.0025482178
63386976.0000000000,-145.1091308594
63533088.0000000000,-145.2711029053
63679536.0000000000,-145.2711029053
63826324.0000000000,-145.2711029053
63973516.0000000000,-145.2773895264
64120980.0000000000,-145.2872314453
64268784.0000000000,-145.4151611328
64416928.0000000000,-145.4773559570
64565416.0000000000,-145.4773559570
64714244.0000000000,-145.4773559570
64863412.0000000000,-145.4773559570
65013000.0000000000,-145.4773559570
65162860.0000000000,-145.5049133301
65313064.0000000000,-145.5696411133
65463616.0000000000,-145.6453399658
65614512.0000000000,-145.6850738525
65765760.0000000000,-145.8848114014
65917356.0000000000,-146.3716125488
66069372.0000000000,-146.3743743896
66221664.0000000000,-146.5678558350
66374312.0000000000,-146.6942291260
66527308.0000000000,-146.6942291260
66680660.0000000000,-146.6405334473
66834364.0000000000,-146.5678558350
66988492.0000000000,-146.3743743896
67142904.0000000000,-146.3716125488
67297680.0000000000,-146.3716125488
67452800.0000000000,-146.3743743896
67608288.0000000000,-146.5678558350
67764128.0000000000,-146.6405334473
67920328.0000000000,-146.6942291260
68076968.0000000000,-146.8598632813
68233888.0000000000,-146.9251708984
68391168.0000000000,-146.9251708984
68548816.0000000000,-146.9251708984
68706824.0000000000,-146.9251708984
68865200.0000000000,-146.9251708984
69024016.0000000000,-146.8598632813
69183120.0000000000,-146.6942291260
69342592.0000000000,-146.6942291260
69502432.0000000000,-146.6942291260
69662640.0000000000,-146.6405334473
69823216.0000000000,-146.6405334473
69984168.0000000000,-146.6405334473
70145560.0000000000,-146.6405334473
70307248.0000000000,-146.6405334473
70469312.0000000000,-146.6405334473
70631752.0000000000,-146.6405334473
70794560.0000000000,-146.6405334473
70957752.0000000000,-146.5678558350
71121392.0000000000,-146.5438537598
71285328.0000000000,-146.4094085693
71449648.0000000000,-146.4094085693
71614344.0000000000,-146.4094085693
71779424.0000000000,-146.4472961426
71944880.0000000000,-146.4472961426
72110712.0000000000,-146.4472961426
72277016.0000000000,-146.4472961426
72443616.0000000000,-146.4282531738
72610608.0000000000,-146.4094085693
72777976.0000000000,-146.3831481934
72945736.0000000000,-146.3157501221
73113880.0000000000,-146.3125457764
73282416.0000000000,-146.3125457764
73451416.0000000000,-146.3125457764
73620728.0000000000,-146.3125457764
73790432.0000000000,-146.3125457764
73960520.0000000000,-146.2296142578
74131008.0000000000,-146.2124176025
74301880.0000000000,-146.1430969238
74473232.0000000000,-146.1430969238
74644904.0000000000,-146.1430969238
74816960.0000000000,-146.1430969238
74989424.0000000000,-146.1430969238
75162280.0000000000,-146.1430969238
75335528.0000000000,-146.2296142578
75509184.0000000000,-146.2296142578
75683320.0000000000,-146.2296142578
75857776.0000000000,-146.2296142578
76032632.0000000000,-146.1430969238
76207896.0000000000,-145.9863891602
76383560.0000000000,-145.9821777344
76559632.0000000000,-145.8929138184
76736192.0000000000,-145.8929138184
76913072.0000000000,-145.8929138184
77090360.0000000000,-145.8929138184
77268064.0000000000,-145.8929138184
77446168.0000000000,-145.8852844238
77624688.0000000000,-145.8852844238
77803616.0000000000,-145.8852844238
77983048.0000000000,-145.8849334717
78162800.0000000000,-145.8784484863
78342976.0000000000,-145.8784484863
78523560.0000000000,-145.8726043701
78704560.0000000000,-145.8726043701
78885984.0000000000,-145.8726043701
79067816.0000000000,-145.8726043701
79250160.0000000000,-145.8726043701
79432840.0000000000,-145.7110137939
79615936.0000000000,-145.5509490967
79799456.0000000000,-145.4847106934
79983400.0000000000,-145.4111633301
80167768.0000000000,-145.3370819092
80352648.0000000000,-145.3370819092
80537872.0000000000,-145.2692718506
80723512.0000000000,-145.2338409424
80909592.0000000000,-145.2338409424
81096088.0000000000,-145.2338409424
81283024.0000000000,-145.2338409424
81470384.0000000000,-145.2264099121
81658272.0000000000,-145.1975402832
81846496.0000000000,-145.0940399170
82035160.0000000000,-145.0940399170
82224256.0000000000,-145.0940399170
82413792.0000000000,-145.0940399170
82603760.0000000000,-145.0940399170
82794256.0000000000,-145.0940399170
82985104.0000000000,-145.0940399170
83176392.0000000000,-145.2264099121
83368120.0000000000,-145.2338409424
83560288.0000000000,-145.2692718506
83752904.0000000000,-145.5751495361
83945960.0000000000,-145.5751495361
84139552.0000000000,-145.6970520020
84333496.0000000000,-145.6970520020
84527896.0000000000,-145.6970520020
84722736.0000000000,-145.7110137939
84918032.0000000000,-145.7439727783
85113768.0000000000,-145.7439727783
85310056.0000000000,-145.7439727783
85506704.0000000000,-145.7439727783
85703800.0000000000,-145.7439727783
85901352.0000000000,-145.7439727783
86099360.0000000000,-145.8302001953
86297832.0000000000,-145.9248657227
86496752.0000000000,-145.9248657227
86696224.0000000000,-145.9248657227
86896072.0000000000,-145.9248657227
87096368.0000000000,-145.9248657227
87297136.0000000000,-145.9249572754
87498360.0000000000,-145.9425811768
87700048.0000000000,-145.9831542969
87902208.0000000000,-146.0520324707
88104920.0000000000,-146.0596466064
88308008.0000000000,-146.2006835938
88511568.0000000000,-146.2264556885
88715592.0000000000,-146.2904205322
88920088.0000000000,-146.2904205322
89125056.0000000000,-146.2904205322
89330592.0000000000,-146.4900970459
89536504.0000000000,-146.4900970459
89742896.0000000000,-146.4900970459
89949760.0000000000,-146.5192871094
90157096.0000000000,-146.5192871094
90364920.0000000000,-146.5113830566
90573216.0000000000,-146.4900970459
90782088.0000000000,-146.2970428467
90991352.0000000000,-146.2904205322
91201088.0000000000,-146.2826690674
91411320.0000000000,-146.2264556885
91622024.0000000000,-146.2194061279
91833224.0000000000,-146.0814056396
92045008.0000000000,-146.0814056396
92257176.0000000000,-146.0814056396
92469832.0000000000,-146.0814056396
92682984.0000000000,-146.0814056396
92896624.0000000000,-146.0814056396
93110760.0000000000,-146.0596466064
93325384.0000000000,-146.0520324707
93540608.0000000000,-145.9831542969
93756224.0000000000,-145.9831542969
93972344.0000000000,-146.0520324707
94188952.0000000000,-146.0596466064
94406064.0000000000,-146.0814056396
94623680.0000000000,-146.2194061279
94841896.0000000000,-146.2194061279
95060512.0000000000,-146.2264556885
95279640.0000000000,-146.2826690674
95499264.0000000000,-146.2264556885
95719392.0000000000,-146.2809295654
95940032.0000000000,-146.2809295654
96161184.0000000000,-146.2457885742
96382952.0000000000,-146.2457885742
96605120.0000000000,-146.2457885742
96827800.0000000000,-146.2457885742
97050992.0000000000,-146.2457885742
97274704.0000000000,-146.2194061279
97498928.0000000000,-146.1917572021
97723672.0000000000,-146.1917572021
97949040.0000000000,-146.1917572021
98174816.0000000000,-146.1188354492
98401120.0000000000,-146.0322265625
98627936.0000000000,-146.0322265625
98855280.0000000000,-146.0322265625
99083152.0000000000,-146.0322265625
99311656.0000000000,-146.0322265625
99540576.0000000000,-146.1188354492
99770024.0000000000,-146.1498107910
100000000.0000000000,-146.1917572021
