Type,FSWP-50
Version,3.02SP1
Date,03.Jul 2026
VSupply,ON
Mode,Voltage
Voltage Set,0.6000000000,V
Voltage Min,0.0000000000,V
Voltage Max,0.6500000000,V
Voltage Meas,0.6065421567,V
Current Max,20.0000000000,mA
Current Meas,18.5454819623,mA
VTune,OFF
Voltage Set,0.0000000000,V
Voltage Min,0.0000000000,V
Voltage Max,0.0100000000,V
Voltage Meas,-0.0208791020,V
Current Max,20.0000000000,mA
Current Meas,0.1470230621,mA
VAux,OFF
Voltage Set,0.0000000000,V
Voltage Min,-10.0000000000,V
Voltage Max,10.0000000000,V
Voltage Meas,-0.0095559420,V
Current Max,100.0000000000,mA
Current Meas,-0.0614012543,mA
Mode,Phase Noise
Measurement,Phase Noise
Input,RF
RF Att,0.0000000000,dB
Coupling,AC
RBW,2.0000000000,%
XCORR Factor,1000
XCORR Optimize,ON
Estimated Meas Time,3.7457527981,s
Sweep Count,5
Signal Frequency,21325304311.9949645996,Hz
Signal Level,-14.2760000000,dBm
Start,10000.0000000000,Hz
Stop,100000000.0000000000,Hz
SubSweep,1
Start,10000.0000000000,Hz
Stop,30000.0000000000,Hz
RBW,600.0000000000,Hz
XCORR Count,1000
SubSweep,2
Start,30000.0000000000,Hz
Stop,100000.0000000000,Hz
RBW,600.0000000000,Hz
XCORR Count,1000
SubSweep,3
Start,100000.0000000000,Hz
Stop,300000.0000000000,Hz
RBW,2000.0000000000,Hz
XCORR Count,3300
SubSweep,4
Start,300000.0000000000,Hz
Stop,1000000.0000000000,Hz
RBW,6000.0000000000,Hz
XCORR Count,10000
SubSweep,5
Start,1000000.0000000000,Hz
Stop,3000000.0000000000,Hz
RBW,20000.0000000000,Hz
XCORR Count,10000
SubSweep,6
Start,3000000.0000000000,Hz
Stop,10000000.0000000000,Hz
RBW,60000.0000000000,Hz
XCORR Count,10000
SubSweep,7
Start,10000000.0000000000,Hz
Stop,30000000.0000000000,Hz
RBW,200000.0000000000,Hz
XCORR Count,10000
SubSweep,8
Start,30000000.0000000000,Hz
Stop,100000000.0000000000,Hz
RBW,600000.0000000000,Hz
XCORR Count,10000
Integrated Measurements Range,1
Start,10000.0000000000,Hz
Stop,100000000.0000000000,Hz
Weighting,OFF
Integrated Measurements Range,2
Start,10000.0000000000,Hz
Stop,100000000.0000000000,Hz
Weighting,OFF
Integrated Measurements Range,3
Start,10000.0000000000,Hz
Stop,100000000.0000000000,Hz
Weighting,OFF
Integrated Measurements Range,4
Start,10000.0000000000,Hz
Stop,100000000.0000000000,Hz
Weighting,OFF
Integrated Measurements Range,5
Start,10000.0000000000,Hz
Stop,100000000.0000000000,Hz
Weighting,OFF
Integrated Measurements Range,6
Start,10000.0000000000,Hz
Stop,100000000.0000000000,Hz
Weighting,OFF
Integrated Measurements Range,7
Start,10000.0000000000,Hz
Stop,100000000.0000000000,Hz
Weighting,OFF
Integrated Measurements Range,8
Start,10000.0000000000,Hz
Stop,100000000.0000000000,Hz
Weighting,OFF
Integrated Measurements Range,9
Start,10000.0000000000,Hz
Stop,100000000.0000000000,Hz
Weighting,OFF
Integrated Measurements Range,10
Start,10000.0000000000,Hz
Stop,100000000.0000000000,Hz
Weighting,OFF
Spot Noise Decade Edges,OFF
Spot Noise User Defined,ON
Spot Noise User Defined Offset,1
State,OFF
Offset,1000.0000000000,Hz
Spot Noise User Defined Offset,2
State,OFF
Offset,10000.0000000000,Hz
Spot Noise User Defined Offset,3
State,ON
Offset,100000.0000000000,Hz
Spot Noise User Defined Offset,4
State,ON
Offset,1000000.0000000000,Hz
Spot Noise User Defined Offset,5
State,ON
Offset,10000000.0000000000,Hz
Spot Noise User Defined Offset,6
State,OFF
Offset,100000000.0000000000,Hz
Window,1,Noise Spectrum
Trace,1
Trace Mode,CLR/WRITE
Trace Result,PN
Smoothing,ON
Smoothing Value,1.0000000000,%
Spurious Removal,ON
Spurious Removal Threshold,6.0000000000,dB
Trace Offset,OFF
Trace Offset,0.0000000000,dB
Trace Label,OFF
Trace Label,Trace 1
x-Unit,Hz
y-Unit,dBc/Hz
Values,4001
10000.0000000000,-53.6010780334
10023.0507812500,-53.6284217834
10046.1542968750,-53.6557655334
10069.3115234375,-53.6831092834
10092.5332031250,-53.7205467224
10115.7968750000,-53.7586555481
10139.1152343750,-53.7967643738
10162.4863281250,-53.8348731995
10185.9111328125,-53.8773002625
10209.3906250000,-53.9229698181
10232.9355468750,-53.9686584473
10256.5234375000,-54.0143241882
10280.1650390625,-54.0600814819
10303.8613281250,-54.1061096191
10327.6123046875,-54.1521339417
10351.4189453125,-54.1981620789
10375.2792968750,-54.2441902161
10399.2060546875,-54.2845916748
10423.1777343750,-54.3248100281
10447.2031250000,-54.3650283813
10471.2851562500,-54.4052429199
10495.4218750000,-54.4403533936
10519.6152343750,-54.4736099243
10543.8632812500,-54.5068664551
10568.1787109375,-54.5401382446
10592.5400390625,-54.5713844299
10616.9560546875,-54.6009101868
10641.4287109375,-54.6304321289
10665.9580078125,-54.6599540710
10690.5439453125,-54.6893653870
10715.1982421875,-54.7186050415
10739.8974609375,-54.7478294373
10764.6533203125,-54.7770538330
10789.4667968750,-54.8062324524
10814.3378906250,-54.8352775574
10839.2656250000,-54.8643226624
10864.2509765625,-54.8933715820
10889.3056640625,-54.9217681885
10914.4062500000,-54.9472846985
10939.5644531250,-54.9728012085
10964.7812500000,-54.9983177185
10990.0556640625,-55.0227432251
11015.3886718750,-55.0408706665
11040.7919921875,-55.0590057373
11066.2412109375,-55.0771293640
11091.7500000000,-55.0941085815
11117.3173828125,-55.1043090820
11142.9433593750,-55.1145057678
11168.6289062500,-55.1247062683
11194.3730468750,-55.1343231201
11220.1894531250,-55.1412544250
11246.0527343750,-55.1481781006
11271.9755859375,-55.1551055908
11297.9580078125,-55.1632537842
11324.0009765625,-55.1750984192
11350.1035156250,-55.1869468689
11376.2792968750,-55.1987953186
11402.5019531250,-55.2150421143
11428.7861328125,-55.2393341064
11455.1298828125,-55.2636299133
11481.5351562500,-55.2879219055
11508.0000000000,-55.3196258545
11534.5273437500,-55.3589668274
11561.1279296875,-55.3983230591
11587.7773437500,-55.4376640320
11614.4873046875,-55.4840698242
11641.2597656250,-55.5340194702
11668.0937500000,-55.5839653015
11694.9892578125,-55.6339149475
11721.9472656250,-55.6844711304
11748.9804687500,-55.7351417542
11776.0625000000,-55.7857894897
11803.2070312500,-55.8353652954
11830.4140625000,-55.8765754700
11857.6845703125,-55.9177856445
11885.0166015625,-55.9589958191
11912.4257812500,-55.9948997498
11939.8847656250,-56.0222969055
11967.4072265625,-56.0496940613
11994.9931640625,-56.0770950317
12022.6425781250,-56.0971794128
12050.3554687500,-56.1139678955
12078.1318359375,-56.1307563782
12105.9863281250,-56.1474647522
12133.8916015625,-56.1606407166
12161.8613281250,-56.1738204956
12189.8955078125,-56.1870002747
12217.9931640625,-56.2008934021
12246.1572265625,-56.2159080505
12274.3984375000,-56.2309341431
12302.6923828125,-56.2459487915
12331.0507812500,-56.2635154724
12359.4746093750,-56.2817802429
12387.9638671875,-56.3000411987
12416.5195312500,-56.3187026978
12445.1396484375,-56.3388595581
12473.8408203125,-56.3590278625
12502.5937500000,-56.3791847229
12531.4130859375,-56.3999900818
12560.2988281250,-56.4211235046
12589.2509765625,-56.4422569275
12618.2705078125,-56.4638442993
12647.3701171875,-56.4880180359
12676.5234375000,-56.5121841431
12705.7441406250,-56.5363464355
12735.0312500000,-56.5657463074
12764.3867187500,-56.5978279114
12793.8095703125,-56.6299095154
12823.2998046875,-56.6644859314
12852.8730468750,-56.7090454102
12882.4990234375,-56.7535820007
12912.1943359375,-56.7981185913
12941.9580078125,-56.8519363403
12971.7900390625,-56.9085655212
13001.6914062500,-56.9651947021
13031.6611328125,-57.0232963562
13061.7138671875,-57.0840263367
13091.8222656250,-57.1447257996
13122.0000000000,-57.2054290771
13152.2470703125,-57.2569198608
13182.5634765625,-57.3082351685
13212.9501953125,-57.3595504761
13243.4218750000,-57.3980369568
13273.9492187500,-57.4288825989
13304.5468750000,-57.4597282410
13335.2138671875,-57.4842948914
13365.9531250000,-57.4942092896
13396.7626953125,-57.5041198730
13427.6425781250,-57.5137672424
13458.6093750000,-57.5138664246
13489.6328125000,-57.5139656067
13520.7265625000,-57.5140342712
13551.8935546875,-57.5169754028
13583.1308593750,-57.5214653015
13614.4414062500,-57.5259590149
13645.8388671875,-57.5369491577
13677.2929687500,-57.5553627014
13708.8203125000,-57.5737724304
13740.4199218750,-57.5955238342
13772.0927734375,-57.6279983521
13803.8388671875,-57.6604766846
13835.6572265625,-57.6931762695
13867.5644531250,-57.7327308655
13899.5302734375,-57.7722663879
13931.5693359375,-57.8118019104
13963.6826171875,-57.8501548767
13995.8701171875,-57.8883056641
14028.1318359375,-57.9264526367
14060.4677734375,-57.9608345032
14092.8935546875,-57.9935531616
14125.3789062500,-58.0262603760
14157.9384765625,-58.0573730469
14190.5732421875,-58.0872116089
14223.2841796875,-58.1170539856
14256.0693359375,-58.1483726501
14288.9462890625,-58.1815567017
14321.8837890625,-58.2147293091
14354.8964843750,-58.2503242493
14387.9853515625,-58.2903823853
14421.1503906250,-58.3304367065
14454.3925781250,-58.3712730408
14487.7109375000,-58.4140968323
14521.1220703125,-58.4569396973
14554.5947265625,-58.4978332520
14588.1435546875,-58.5324516296
14621.7705078125,-58.5670738220
14655.4746093750,-58.5979614258
14689.2568359375,-58.6146774292
14723.1328125000,-58.6314010620
14757.0703125000,-58.6327972412
14791.0869140625,-58.6345520020
14825.1806640625,-58.6388130188
14859.3544921875,-58.6389503479
14893.6054687500,-58.6433486938
14927.9365234375,-58.6444129944
14962.3632812500,-58.6445541382
14996.8525390625,-58.6446914673
15031.4208984375,-58.6448287964
15066.0693359375,-58.6560707092
15100.7978515625,-58.6789703369
15135.6064453125,-58.7018737793
15170.5117187500,-58.7295951843
15205.4804687500,-58.7649879456
15240.5302734375,-58.8003768921
15275.6611328125,-58.8370552063
15310.8730468750,-58.8751220703
15346.1650390625,-58.9131889343
15381.5390625000,-58.9486236572
15417.0117187500,-58.9822731018
15452.5488281250,-59.0159072876
15488.1679687500,-59.0460853577
15523.8691406250,-59.0749664307
15559.6533203125,-59.1038513184
15595.5195312500,-59.1325340271
15631.4677734375,-59.1611900330
15667.5166015625,-59.1901054382
15703.6318359375,-59.2236289978
15739.8300781250,-59.2571563721
15776.1113281250,-59.2925262451
15812.4765625000,-59.3337669373
15848.9248046875,-59.3750076294
15885.4755859375,-59.4194374084
15922.0927734375,-59.4677734375
15958.7939453125,-59.5161056519
15995.5800781250,-59.5660591125
16032.4511718750,-59.6168060303
16069.4072265625,-59.6675529480
16106.4482421875,-59.7134094238
16143.5927734375,-59.7588310242
16180.8046875000,-59.8020744324
16218.1025390625,-59.8351173401
16255.4863281250,-59.8681602478
16292.9560546875,-59.8950157166
16330.5126953125,-59.9143447876
16368.1738281250,-59.9336853027
16405.9042968750,-59.9469985962
16443.7207031250,-59.9582595825
16481.6250000000,-59.9695434570
16519.6152343750,-59.9811897278
16557.6953125000,-59.9928359985
16595.8613281250,-60.0065765381
16634.1347656250,-60.0236892700
16672.4765625000,-60.0407905579
16710.9082031250,-60.0607604980
16749.4277343750,-60.0818023682
16788.0371093750,-60.1026496887
16826.7343750000,-60.1214637756
16865.5390625000,-60.1402893066
16904.4160156250,-60.1556396484
16943.3808593750,-60.1669731140
16982.4375000000,-60.1783103943
17021.5820312500,-60.1840133667
17060.8183593750,-60.1887626648
17100.1445312500,-60.1938629150
17139.5820312500,-60.1999740601
17179.0898437500,-60.2060775757
17218.6875000000,-60.2206382751
17258.3789062500,-60.2390937805
17298.1601562500,-60.2600479126
17338.0332031250,-60.2989387512
17378.0000000000,-60.3378295898
17418.0761718750,-60.3888931274
17458.2265625000,-60.4489173889
17498.4687500000,-60.5094947815
17538.8027343750,-60.5823860168
17579.2324218750,-60.6552848816
17619.7519531250,-60.7267799377
17660.3867187500,-60.7970542908
17701.0957031250,-60.8668479919
17741.8984375000,-60.8952941895
17782.7949218750,-60.8973007202
17823.7851562500,-60.8993797302
17864.8691406250,-60.9081878662
17906.0488281250,-60.9136085510
17947.3437500000,-60.9169998169
17988.7148437500,-60.9290428162
18030.1796875000,-60.9299125671
18071.7402343750,-60.9498863220
18113.3964843750,-60.9610519409
18155.1484375000,-60.9671554565
18197.0175781250,-60.9738960266
18238.9628906250,-60.9939956665
18281.0058593750,-60.9984703064
18323.1445312500,-61.0007209778
18365.3808593750,-61.0171699524
18407.7148437500,-61.0197639465
18450.1445312500,-61.0271415710
18492.6953125000,-61.0322837830
18535.3222656250,-61.0371131897
18578.0468750000,-61.0759391785
18620.8710937500,-61.1204528809
18663.7929687500,-61.1712760925
18706.8144531250,-61.2220993042
18749.9355468750,-61.2777366638
18793.1757812500,-61.3349761963
18836.4941406250,-61.3942184448
18879.9140625000,-61.4565124512
18923.4335937500,-61.5188026428
18967.0546875000,-61.5810737610
19010.7734375000,-61.6433372498
19054.6171875000,-61.6996154785
19098.5390625000,-61.7536315918
19142.5625000000,-61.8015861511
19186.6875000000,-61.8409385681
19230.9140625000,-61.8786773682
19275.2421875000,-61.9032897949
19319.6738281250,-61.9279022217
19364.2285156250,-61.9446563721
19408.8632812500,-61.9596443176
19453.6015625000,-61.9676132202
19498.4433593750,-61.9701576233
19543.3886718750,-61.9712867737
19588.4375000000,-61.9718742371
19633.6132812500,-61.9755592346
19678.8691406250,-61.9761924744
19724.2304687500,-61.9817237854
19769.6972656250,-61.9818191528
19815.2675781250,-61.9890785217
19860.9433593750,-61.9901962280
19906.7226562500,-61.9916229248
19952.6328125000,-61.9949378967
19998.6250000000,-61.9951705933
20044.7226562500,-61.9973754883
20090.9277343750,-61.9995803833
20137.2382812500,-62.0070533752
20183.6562500000,-62.0317230225
20230.2031250000,-62.0573654175
20276.8339843750,-62.0890235901
20323.5742187500,-62.1230430603
20370.4218750000,-62.1616897583
20417.3769531250,-62.2042579651
20464.4394531250,-62.2500724792
20511.6113281250,-62.3013000488
20558.9160156250,-62.3537445068
20606.3046875000,-62.4103965759
20653.8046875000,-62.4669342041
20701.4121093750,-62.5220489502
20749.1308593750,-62.5771675110
20796.9589843750,-62.6240119934
20844.8984375000,-62.6703414917
20892.9687500000,-62.7066535950
20941.1289062500,-62.7407073975
20989.4003906250,-62.7669410706
21037.7812500000,-62.7898864746
21086.2753906250,-62.8080329895
21134.8808593750,-62.8229942322
21183.6210937500,-62.8351287842
21232.4511718750,-62.8445167542
21281.3945312500,-62.8525543213
21330.4492187500,-62.8587608337
21379.6171875000,-62.8655395508
21428.8984375000,-62.8733596802
21478.2929687500,-62.8835182190
21527.8261718750,-62.8994598389
21577.4492187500,-62.9179878235
21627.1875000000,-62.9449386597
21677.0390625000,-62.9729232788
21727.0058593750,-63.0052528381
21777.0878906250,-63.0364990234
21827.3105468750,-63.0619354248
21877.6230468750,-63.0851898193
21928.0527343750,-63.0878677368
21978.5996093750,-63.0892448425
22029.2617187500,-63.0927467346
22080.0410156250,-63.0942764282
22130.9355468750,-63.0971946716
22181.9746093750,-63.1017608643
22233.1054687500,-63.1029014587
22284.3535156250,-63.1215209961
22335.7207031250,-63.1647987366
22387.2070312500,-63.2117881775
22438.8105468750,-63.2800292969
22490.5585937500,-63.3502120972
22542.4003906250,-63.4290847778
22594.3632812500,-63.5065612793
22646.4433593750,-63.5790367126
22698.6464843750,-63.6473045349
22750.9667968750,-63.7039527893
22803.4101562500,-63.7561988831
22855.9980468750,-63.7992248535
22908.6835937500,-63.8399162292
22961.4902343750,-63.8769683838
23014.4179687500,-63.9128227234
23067.4667968750,-63.9472846985
23120.6386718750,-63.9780540466
23173.9335937500,-64.0057449341
23227.3769531250,-64.0256500244
23280.9179687500,-64.0410919189
23334.5820312500,-64.0485763550
23388.3710937500,-64.0532073975
23442.2812500000,-64.0559082031
23496.3183593750,-64.0567092896
23550.5039062500,-64.0582427979
23604.7910156250,-64.0610504150
23659.2011718750,-64.0652618408
23713.7363281250,-64.0683364868
23768.3984375000,-64.0707855225
23823.1875000000,-64.0727462769
23878.1015625000,-64.0813217163
23933.1679687500,-64.0831604004
23988.3359375000,-64.0888290405
24043.6308593750,-64.0912094116
24099.0527343750,-64.0923767090
24154.6035156250,-64.0972137451
24210.2812500000,-64.0979461670
24266.1132812500,-64.1312866211
24322.0488281250,-64.1761398315
24378.1132812500,-64.2318191528
24434.3066406250,-64.2863082886
24490.6289062500,-64.3386993408
24547.0820312500,-64.3849258423
24603.6640625000,-64.4262008667
24660.4042968750,-64.4646453857
24717.2480468750,-64.5021438599
24774.2226562500,-64.5513076782
24831.3300781250,-64.6051254272
24888.5683593750,-64.6780242920
24945.9375000000,-64.7596130371
25003.4394531250,-64.8539657593
25061.1015625000,-64.9530334473
25118.8691406250,-65.0547332764
25176.7714843750,-65.1466522217
25234.8046875000,-65.2342071533
25292.9726562500,-65.3000335693
25351.2753906250,-65.3555679321
25409.7402343750,-65.3937301636
25468.3105468750,-65.4113006592
25527.0175781250,-65.4121627808
25585.8593750000,-65.4167633057
25644.8359375000,-65.4179763794
25703.9492187500,-65.4182281494
25763.1972656250,-65.4241104126
25822.6132812500,-65.4310913086
25882.1347656250,-65.4347610474
25941.7949218750,-65.4368209839
26001.5937500000,-65.4379043579
26061.5292968750,-65.4399795532
26121.6015625000,-65.4406204224
26181.8437500000,-65.4428558350
26242.1953125000,-65.4653320313
26302.6835937500,-65.5169525146
26363.3144531250,-65.5751495361
26424.0839843750,-65.6476898193
26484.9921875000,-65.7000885010
26546.0429687500,-65.7022476196
26607.2617187500,-65.7100524902
26668.5937500000,-65.7134170532
26730.0664062500,-65.7216720581
26791.6816406250,-65.7248611450
26853.4375000000,-65.7315521240
26915.3378906250,-65.7479782104
26977.4082031250,-65.7625885010
27039.5937500000,-65.7739639282
27101.9218750000,-65.7966232300
27164.3945312500,-65.7967071533
27227.0097656250,-65.8018569946
27289.7695312500,-65.8311157227
27352.6738281250,-65.8358459473
27415.7539062500,-65.8532333374
27478.9492187500,-65.8616867065
27542.2910156250,-65.8718414307
27605.7773437500,-65.8941726685
27669.4101562500,-65.8990859985
27733.1914062500,-65.9056091309
27797.1171875000,-65.9191741943
27861.2226562500,-65.9196243286
27925.4453125000,-65.9340362549
27989.8144531250,-65.9785461426
28054.3339843750,-66.0327911377
28119.0000000000,-66.0927886963
28183.8164062500,-66.1554489136
28248.8144531250,-66.2153549194
28313.9296875000,-66.2674484253
28379.1953125000,-66.3125381470
28444.6113281250,-66.3410873413
28510.1777343750,-66.3657684326
28575.8964843750,-66.3857421875
28641.7656250000,-66.4101562500
28707.8183593750,-66.4393157959
28773.9921875000,-66.4769821167
28840.3183593750,-66.5226364136
28906.7968750000,-66.5708084106
28973.4296875000,-66.6199569702
29040.2148437500,-66.6634826660
29107.1855468750,-66.7022094727
29174.2812500000,-66.7304916382
29241.5292968750,-66.7489776611
29308.9335937500,-66.7611160278
29376.4921875000,-66.7643280029
29444.2070312500,-66.7660446167
29512.0781250000,-66.7688369751
29580.1386718750,-66.7802352905
29648.3222656250,-66.8065490723
29716.6640625000,-66.8449096680
29785.1621093750,-66.9046707153
29853.8203125000,-66.9786300659
29922.6347656250,-67.0597076416
29991.6406250000,-67.1447906494
30060.7734375000,-67.2275390625
30130.0664062500,-67.2883758545
30199.5175781250,-67.3341217041
30269.1308593750,-67.3651199341
30338.9023437500,-67.3845367432
30408.8359375000,-67.4017028809
30478.9648437500,-67.4220657349
30549.2207031250,-67.4479675293
30619.6386718750,-67.4799728394
30690.2187500000,-67.5168533325
30760.9628906250,-67.5554809570
30831.8691406250,-67.5915756226
30902.9375000000,-67.6227874756
30974.2050781250,-67.6475296021
31045.6035156250,-67.6649093628
31117.1660156250,-67.6749496460
31188.8925781250,-67.6785583496
31260.7851562500,-67.6800765991
31332.8437500000,-67.6843032837
31405.1035156250,-67.6951751709
31477.4941406250,-67.7155990601
31550.0507812500,-67.7246017456
31622.7773437500,-67.7287445068
31695.6699218750,-67.7407073975
31768.7304687500,-67.7467956543
31841.9589843750,-67.7508316040
31915.3925781250,-67.7779922485
31988.9589843750,-67.7870254517
32062.6972656250,-67.7876434326
32136.6035156250,-67.8311691284
32210.6796875000,-67.8334732056
32284.9277343750,-67.8358535767
32359.3828125000,-67.8721847534
32433.9726562500,-67.8743896484
32508.7363281250,-67.9011611938
32583.6718750000,-67.9024047852
32658.7792968750,-67.9117431641
32734.0585937500,-67.9119796753
32809.5156250000,-68.0008010864
32885.1796875000,-68.0952987671
32960.9804687500,-68.1843490601
33036.9570312500,-68.2601470947
33113.1093750000,-68.3180236816
33189.4375000000,-68.3571014404
33265.9414062500,-68.3799896240
33342.6250000000,-68.3915786743
33419.5156250000,-68.3974838257
33496.5507812500,-68.4025726318
33573.7617187500,-68.4102096558
33651.1523437500,-68.4223632813
33728.7226562500,-68.4392166138
33806.4687500000,-68.4588851929
33884.4335937500,-68.4789123535
33962.5390625000,-68.4972610474
34040.8242187500,-68.5140457153
34119.2890625000,-68.5322952271
34197.9375000000,-68.5570907593
34276.7656250000,-68.5931167603
34355.7773437500,-68.6418457031
34435.0078125000,-68.6998825073
34514.3828125000,-68.7595672607
34593.9414062500,-68.8120956421
34673.6835937500,-68.8511962891
34753.6054687500,-68.8753204346
34833.7187500000,-68.8886260986
34914.0507812500,-68.8969421387
34994.5273437500,-68.9042510986
35075.1953125000,-68.9121856689
35156.0429687500,-68.9209518433
35237.0820312500,-68.9310379028
35318.3046875000,-68.9444885254
35399.7148437500,-68.9648818970
35481.3554687500,-68.9959564209
35563.1406250000,-69.0396423340
35645.1171875000,-69.0949096680
35727.2812500000,-69.1575927734
35809.6367187500,-69.2216873169
35892.1796875000,-69.2815628052
35974.9531250000,-69.3343887329
36057.8789062500,-69.3816757202
36140.9921875000,-69.4292831421
36224.3007812500,-69.4852676392
36307.8007812500,-69.5562057495
36391.4921875000,-69.6434173584
36475.3789062500,-69.7407150269
36559.4960937500,-69.7829208374
36643.7695312500,-69.7971572876
36728.2343750000,-69.7986984253
36812.8945312500,-69.8329696655
36897.7539062500,-69.8353958130
36982.8046875000,-69.8414535522
37068.0507812500,-69.8765411377
37153.5390625000,-69.8968048096
37239.1796875000,-69.9127273560
37325.0195312500,-69.9165878296
37411.0546875000,-69.9461517334
37497.2890625000,-69.9484329224
37583.7226562500,-69.9626159668
37670.3984375000,-69.9718704224
37757.2304687500,-69.9769592285
37844.2656250000,-69.9829483032
37931.5000000000,-69.9854660034
38018.9335937500,-69.9899749756
38106.5703125000,-69.9944610596
38194.4062500000,-70.0035781860
38282.4921875000,-70.0158538818
38370.7343750000,-70.0256958008
38459.1796875000,-70.0304794312
38547.8320312500,-70.0338363647
38636.6875000000,-70.0443038940
38725.7500000000,-70.0708694458
38815.0585937500,-70.1181259155
38904.5273437500,-70.1833496094
38994.2070312500,-70.1968460083
39084.0898437500,-70.2088470459
39174.1835937500,-70.2492446899
39264.4804687500,-70.2563171387
39354.9882812500,-70.2654266357
39445.7460937500,-70.3046875000
39536.6718750000,-70.3219528198
39627.8085937500,-70.3489532471
39719.1523437500,-70.3522720337
39810.7070312500,-70.3649978638
39902.4765625000,-70.3754043579
39994.4960937500,-70.4441375732
40086.6875000000,-70.5346069336
40179.0898437500,-70.6076583862
40271.7070312500,-70.6572723389
40364.5351562500,-70.6844253540
40457.5781250000,-70.6951293945
40550.8359375000,-70.6973800659
40644.3515625000,-70.7006607056
40738.0390625000,-70.7128448486
40831.9453125000,-70.7281112671
40926.0664062500,-70.7479705811
41020.4023437500,-70.7721099854
41114.9570312500,-70.8008499146
41209.7304687500,-70.8344192505
41304.7656250000,-70.8719253540
41399.9765625000,-70.9107055664
41495.4062500000,-70.9604721069
41591.0585937500,-70.9828643799
41686.9257812500,-70.9855728149
41783.0195312500,-70.9897766113
41879.3789062500,-70.9912719727
41975.9140625000,-70.9922866821
42072.6679687500,-70.9961700439
42169.6484375000,-71.0265579224
42266.8554687500,-71.0910339355
42364.2812500000,-71.1505355835
42461.9335937500,-71.2192687988
42559.8593750000,-71.2927474976
42657.9648437500,-71.3643569946
42756.2929687500,-71.4258499146
42854.8476562500,-71.4797058105
42953.6328125000,-71.4850769043
43052.6445312500,-71.4861145020
43151.9296875000,-71.4918060303
43251.3984375000,-71.5014953613
43351.0976562500,-71.5097427368
43451.0234375000,-71.5209579468
43551.1796875000,-71.5422363281
43651.5703125000,-71.5632400513
43752.1914062500,-71.5984725952
43853.0898437500,-71.6201400757
43954.1757812500,-71.6667404175
44055.4921875000,-71.6886444092
44157.0429687500,-71.7181320190
44258.8281250000,-71.7343139648
44360.8476562500,-71.7959365845
44463.1015625000,-71.8177642822
44565.6406250000,-71.8204879761
44668.3671875000,-71.8424835205
44771.3320312500,-71.8432846069
44874.5351562500,-71.8501129150
44977.9726562500,-71.8695602417
45081.6484375000,-71.8831634521
45185.6171875000,-71.8839645386
45289.7734375000,-71.8984909058
45394.1679687500,-71.9014358521
45498.8046875000,-71.9143447876
45603.6835937500,-71.9145889282
45708.8046875000,-71.9826583862
45814.1640625000,-72.1229248047
45919.8203125000,-72.2644119263
46025.6679687500,-72.3507995605
46131.7617187500,-72.4250259399
46238.0976562500,-72.5043334961
46344.6796875000,-72.5608596802
46451.5078125000,-72.6001358032
46558.6328125000,-72.6524887085
46665.9531250000,-72.7511978149
46773.5234375000,-72.7747497559
46881.3398437500,-72.7759246826
46989.4023437500,-72.7776184082
47097.7187500000,-72.7794647217
47206.2812500000,-72.7859725952
47315.1484375000,-72.7901687622
47424.2109375000,-72.7981719971
47533.5273437500,-72.8082962036
47643.0976562500,-72.8254623413
47752.9179687500,-72.8299560547
47862.9921875000,-72.8377761841
47973.3710937500,-72.8516235352
48083.9531250000,-72.8620376587
48194.7890625000,-72.8638381958
48305.8828125000,-72.8709259033
48417.2304687500,-72.8791351318
48528.8359375000,-72.8939437866
48640.6992187500,-72.9181442261
48752.8710937500,-72.9415817261
48865.2500000000,-72.9866333008
48977.8867187500,-73.0412902832
49090.7851562500,-73.0825271606
49203.9453125000,-73.1430358887
49317.3632812500,-73.1938095093
49431.0429687500,-73.2176666260
49545.0390625000,-73.2374267578
49659.2421875000,-73.2391891479
49773.7109375000,-73.2420425415
49888.4453125000,-73.2423629761
50003.4414062500,-73.2726211548
50118.7031250000,-73.3197937012
50234.2851562500,-73.4178848267
50350.0781250000,-73.4600753784
50466.1367187500,-73.4690856934
50582.4648437500,-73.4921493530
50699.0625000000,-73.5024719238
50815.9257812500,-73.5102844238
50933.0625000000,-73.5248641968
51050.5234375000,-73.5450515747
51168.1953125000,-73.5672531128
51286.1445312500,-73.6237945557
51404.3593750000,-73.6685638428
51522.8515625000,-73.7146606445
51641.6171875000,-73.7288970947
51760.7109375000,-73.7359542847
51880.0234375000,-73.7850723267
51999.6093750000,-73.7920227051
52119.4726562500,-73.8178787231
52239.6093750000,-73.9096527100
52360.0273437500,-73.9117050171
52480.7187500000,-73.9246978760
52601.7500000000,-74.0146255493
52723.0000000000,-74.0156326294
52844.5312500000,-74.0159454346
52966.3398437500,-74.0521469116
53088.4335937500,-74.0620727539
53210.8046875000,-74.1717376709
53333.5195312500,-74.3091964722
53456.4570312500,-74.3994064331
53579.6757812500,-74.4375839233
53703.1835937500,-74.4382019043
53826.9726562500,-74.4446411133
53951.0468750000,-74.4458465576
54075.4062500000,-74.4487991333
54200.1132812500,-74.4518203735
54325.0507812500,-74.4785919189
54450.2734375000,-74.5424728394
54575.7851562500,-74.6286849976
54701.5859375000,-74.7094268799
54827.6757812500,-74.7249832153
54954.0585937500,-74.7448425293
55080.7929687500,-74.7466583252
55207.7578125000,-74.7546768188
55335.0156250000,-74.8038940430
55462.5664062500,-74.8212051392
55590.4101562500,-74.8300704956
55718.5507812500,-74.8454818726
55847.0468750000,-74.8796920776
55975.7773437500,-74.8825759888
56104.8085937500,-74.8981933594
56234.1328125000,-74.9138412476
56363.7578125000,-74.9152069092
56493.6796875000,-74.9333801270
56623.9023437500,-74.9344787598
56754.4843750000,-74.9548034668
56885.3085937500,-74.9588546753
57016.4335937500,-74.9764633179
57147.8593750000,-74.9901657104
57279.5898437500,-75.0274810791
57411.6210937500,-75.0372848511
57544.0234375000,-75.0527725220
57676.6679687500,-75.0567932129
57809.6171875000,-75.1167602539
57942.8710937500,-75.1695480347
58076.4335937500,-75.1960220337
58210.3046875000,-75.1980819702
58344.4843750000,-75.2079010010
58479.0351562500,-75.2736968994
58613.8320312500,-75.4068222046
58748.9414062500,-75.5597076416
58884.3632812500,-75.6161880493
59020.0937500000,-75.6283035278
59156.1406250000,-75.6390457153
59292.5000000000,-75.6456832886
59429.2382812500,-75.6643295288
59566.2265625000,-75.6704406738
59703.5312500000,-75.6914138794
59841.1523437500,-75.6983795166
59979.0898437500,-75.7135772705
60117.3476562500,-75.7395782471
60255.9882812500,-75.7513656616
60394.8828125000,-75.7623367310
60534.0976562500,-75.7813262939
60673.6328125000,-75.7813720703
60813.4882812500,-75.7946472168
60953.6679687500,-75.8580093384
61094.1718750000,-75.8731842041
61235.0625000000,-75.8865127563
61376.2148437500,-75.9483032227
61517.6914062500,-75.9549865723
61659.4960937500,-75.9595947266
61801.6250000000,-76.0080718994
61944.0820312500,-76.0234451294
62086.9335937500,-76.0379486084
62230.0507812500,-76.0501785278
62373.4960937500,-76.0550994873
62517.2695312500,-76.0698776245
62661.3750000000,-76.0796356201
62805.8164062500,-76.1958160400
62950.5859375000,-76.3289642334
63095.7617187500,-76.4205856323
63241.2031250000,-76.4312210083
63386.9765625000,-76.4447402954
63533.0898437500,-76.5108413696
63679.5390625000,-76.5116500854
63826.3242187500,-76.5262298584
63973.5195312500,-76.5570449829
64120.9804687500,-76.5755538940
64268.7851562500,-76.5922698975
64416.9296875000,-76.5960845947
64565.4140625000,-76.5991821289
64714.2421875000,-76.6148376465
64863.4140625000,-76.6180725098
65013.0000000000,-76.6189804077
65162.8593750000,-76.6197662354
65313.0625000000,-76.6247329712
65463.6132812500,-76.6338348389
65614.5156250000,-76.6391525269
65765.7578125000,-76.6418075562
65917.3515625000,-76.6561584473
66069.3671875000,-76.6694488525
66221.6640625000,-76.6821441650
66374.3125000000,-76.6875076294
66527.3125000000,-76.7237472534
66680.6562500000,-76.7844772339
66834.3593750000,-76.8629989624
66988.4921875000,-76.9608535767
67142.9062500000,-76.9672012329
67297.6796875000,-76.9935760498
67452.8046875000,-77.0541152954
67608.2890625000,-77.0719909668
67764.1250000000,-77.1306228638
67920.3281250000,-77.1803817749
68076.9609375000,-77.2004776001
68233.8906250000,-77.2371597290
68391.1718750000,-77.2522659302
68548.8203125000,-77.2879104614
68706.8281250000,-77.2997207642
68865.2031250000,-77.3114013672
69024.0156250000,-77.3118515015
69183.1250000000,-77.3474960327
69342.5937500000,-77.3586273193
69502.4296875000,-77.3779983521
69662.6406250000,-77.4318466187
69823.2187500000,-77.4899597168
69984.1640625000,-77.5262908936
70145.5625000000,-77.5378417969
70307.2500000000,-77.5464630127
70469.3125000000,-77.5646286011
70631.7500000000,-77.5865402222
70794.5625000000,-77.5978317261
70957.7500000000,-77.6283416748
71121.3906250000,-77.6641006470
71285.3281250000,-77.6790237427
71449.6484375000,-77.6944046021
71614.3437500000,-77.7074203491
71779.4218750000,-77.7081375122
71944.8750000000,-77.8340225220
72110.7187500000,-77.9750137329
72277.0156250000,-78.0743331909
72443.6171875000,-78.0903625488
72610.6093750000,-78.1000671387
72777.9765625000,-78.1233825684
72945.7343750000,-78.1454010010
73113.8828125000,-78.1489334106
73282.4140625000,-78.1545257568
73451.4140625000,-78.1641311646
73620.7265625000,-78.1641387939
73790.4296875000,-78.1735534668
73960.5234375000,-78.2580490112
74131.0078125000,-78.2678604126
74301.8828125000,-78.3106994629
74473.2343750000,-78.3423690796
74644.8984375000,-78.3675460815
74816.9609375000,-78.3807754517
74989.4218750000,-78.3823699951
75162.2734375000,-78.3966140747
75335.5312500000,-78.3982009888
75509.1875000000,-78.4456863403
75683.3203125000,-78.4539871216
75857.7812500000,-78.4547653198
76032.6328125000,-78.4963836670
76207.8984375000,-78.6451873779
76383.5625000000,-78.8288574219
76559.6328125000,-78.8545227051
76736.1875000000,-78.8690414429
76913.0703125000,-78.8853149414
77090.3593750000,-78.9154815674
77268.0625000000,-78.9200363159
77446.1718750000,-78.9225234985
77624.6875000000,-78.9391708374
77803.6171875000,-78.9391708374
77983.0468750000,-78.9391708374
78162.8046875000,-78.9523773193
78342.9765625000,-78.9651489258
78523.5625000000,-78.9872665405
78704.5625000000,-78.9998245239
78885.9843750000,-79.0141296387
79067.8203125000,-79.0300140381
79250.1640625000,-79.0471878052
79432.8437500000,-79.0822448730
79615.9375000000,-79.1103973389
79799.4609375000,-79.1290740967
79983.4062500000,-79.1387939453
80167.7734375000,-79.1605606079
80352.6484375000,-79.1767425537
80537.8671875000,-79.1777725220
80723.5156250000,-79.1782073975
80909.5859375000,-79.1788177490
81096.0937500000,-79.2026062012
81283.0234375000,-79.2053375244
81470.3828125000,-79.2096023560
81658.2734375000,-79.2690963745
81846.5000000000,-79.2912673950
82035.1640625000,-79.3439102173
82224.2578125000,-79.4295043945
82413.7890625000,-79.4930114746
82603.7578125000,-79.5348052979
82794.2578125000,-79.6168746948
82985.1015625000,-79.6304931641
83176.3906250000,-79.6633682251
83368.1171875000,-79.7325744629
83560.2890625000,-79.7476577759
83752.8984375000,-79.8086700439
83945.9609375000,-79.8537521362
84139.5546875000,-79.8572082520
84333.5000000000,-79.8886260986
84527.8906250000,-79.8929061890
84722.7343750000,-79.9075469971
84918.0312500000,-79.9527282715
85113.7734375000,-79.9698333740
85310.0546875000,-79.9793701172
85506.7031250000,-79.9809417725
85703.8046875000,-80.0286788940
85901.3515625000,-80.0995788574
86099.3671875000,-80.1058197021
86297.8281250000,-80.1376342773
86496.7500000000,-80.1497726440
86696.2265625000,-80.1707000732
86896.0703125000,-80.1723861694
87096.3671875000,-80.1768646240
87297.1328125000,-80.2010726929
87498.3593750000,-80.2105789185
87700.0468750000,-80.2114868164
87902.2031250000,-80.2390365601
88104.9218750000,-80.2447738647
88308.0078125000,-80.3063964844
88511.5703125000,-80.3180313110
88715.5937500000,-80.3189239502
88920.0859375000,-80.3491363525
89125.0546875000,-80.3512649536
89330.5937500000,-80.3587493896
89536.5078125000,-80.4433364868
89742.8906250000,-80.5950393677
89949.7578125000,-80.7431030273
90157.1015625000,-80.8682022095
90364.9140625000,-80.8953247070
90573.2109375000,-80.9078903198
90782.0937500000,-80.9326019287
90991.3515625000,-80.9389495850
91201.0937500000,-80.9422149658
91411.3203125000,-80.9687805176
91622.0234375000,-80.9698333740
91833.2187500000,-80.9991455078
92045.0078125000,-81.0005340576
92257.1718750000,-81.0154342651
92469.8359375000,-81.0244827271
92682.9843750000,-81.0370559692
92896.6250000000,-81.0543212891
93110.7578125000,-81.0600814819
93325.3828125000,-81.0628738403
93540.6093750000,-81.0745468140
93756.2265625000,-81.0837707520
93972.3437500000,-81.1043548584
94188.9531250000,-81.1100006104
94406.0703125000,-81.1389389038
94623.6796875000,-81.1410903931
94841.8984375000,-81.1748809814
95060.5156250000,-81.1825942993
95279.6328125000,-81.2112350464
95499.2656250000,-81.2195968628
95719.3984375000,-81.3750534058
95940.0390625000,-81.3901214600
96161.1875000000,-81.4605789185
96382.9453125000,-81.5038909912
96605.1171875000,-81.6763458252
96827.7968750000,-81.6798858643
97050.9921875000,-81.6924438477
97274.7031250000,-81.7092056274
97498.9296875000,-81.7101516724
97723.6718750000,-81.7374649048
97949.0390625000,-81.7408599854
98174.8203125000,-81.7565689087
98401.1171875000,-81.7574691772
98627.9375000000,-81.7666397095
98855.2812500000,-81.9317932129
99083.1484375000,-82.0265655518
99311.6562500000,-82.0446243286
99540.5781250000,-82.0623779297
99770.0234375000,-82.0801696777
100000.0000000000,-82.0971603394
100230.5078125000,-82.0995407104
100461.5468750000,-82.1121215820
100693.1171875000,-82.1243667603
100925.3359375000,-82.1344451904
101157.9687500000,-82.1445236206
101391.1484375000,-82.1581954956
101624.8593750000,-82.1797637939
101859.1171875000,-82.2129821777
102093.9062500000,-82.2157974243
102329.3515625000,-82.2598876953
102565.2265625000,-82.2636032104
102801.6484375000,-82.3197402954
103038.6171875000,-82.3411407471
103276.1250000000,-82.3887176514
103514.1875000000,-82.4605026245
103752.7890625000,-82.5272674561
103992.0625000000,-82.5618362427
104231.7734375000,-82.5672912598
104472.0312500000,-82.5720062256
104712.8515625000,-82.5816650391
104954.2187500000,-82.5917968750
105196.1484375000,-82.5924758911
105438.6328125000,-82.6145095825
105681.7890625000,-82.6197204590
105925.3984375000,-82.6336975098
106169.5625000000,-82.6383666992
106414.2890625000,-82.6400527954
106659.5859375000,-82.6437072754
106905.4375000000,-82.7018661499
107151.9843750000,-82.7758407593
107398.9765625000,-82.8501510620
107646.5390625000,-82.9142913818
107894.6718750000,-82.9560699463
108143.3750000000,-82.9577713013
108392.6562500000,-82.9601440430
108642.5078125000,-82.9658126831
108893.0546875000,-82.9757614136
109144.0625000000,-82.9796142578
109395.6484375000,-82.9842758179
109647.8125000000,-82.9886474609
109900.5546875000,-83.0117645264
110153.8828125000,-83.0639877319
110407.9218750000,-83.1273651123
110662.4140625000,-83.1852416992
110917.5000000000,-83.2489013672
111173.1718750000,-83.2496566772
111429.4375000000,-83.2526016235
111686.2890625000,-83.2625045776
111943.7343750000,-83.2760925293
112201.8984375000,-83.2846679688
112460.5312500000,-83.3013381958
112719.7578125000,-83.3099365234
112979.5859375000,-83.3211135864
113240.0078125000,-83.3334197998
113501.0390625000,-83.3377914429
113762.7890625000,-83.3513793945
114025.0234375000,-83.3569488525
114287.8593750000,-83.3604049683
114551.2968750000,-83.3842086792
114815.3437500000,-83.4585037231
115080.0078125000,-83.5734710693
115345.2734375000,-83.6794281006
115611.2812500000,-83.7398986816
115877.7734375000,-83.7919692993
116144.8750000000,-83.8354873657
116412.6015625000,-83.8709945679
116680.9375000000,-83.9003982544
116949.8984375000,-83.9267730713
117219.4765625000,-83.9530029297
117489.8046875000,-83.9800262451
117760.6250000000,-84.0058517456
118032.0703125000,-84.0264663696
118304.1406250000,-84.0345840454
118576.8437500000,-84.0369033813
118850.1718750000,-84.0382156372
119124.2578125000,-84.0404663086
119398.8515625000,-84.0509109497
119674.0703125000,-84.0936355591
119949.9296875000,-84.1336593628
120226.4218750000,-84.1372070313
120503.5546875000,-84.1398162842
120781.3203125000,-84.1567077637
121059.8671875000,-84.1676559448
121338.9140625000,-84.1717453003
121618.6093750000,-84.1801834106
121898.9531250000,-84.1986007690
122179.9375000000,-84.2003860474
122461.5703125000,-84.2082748413
122743.9843750000,-84.2238082886
123026.9218750000,-84.2662429810
123310.5078125000,-84.3036575317
123594.7421875000,-84.3331832886
123879.6406250000,-84.3566207886
124165.1953125000,-84.3787307739
124451.3984375000,-84.4042129517
124738.4062500000,-84.4523162842
125025.9375000000,-84.5047225952
125314.1328125000,-84.5378265381
125602.9921875000,-84.5699157715
125892.5156250000,-84.6054458618
126182.7031250000,-84.6501541138
126473.7031250000,-84.7079544067
126765.2343750000,-84.8183059692
127057.4375000000,-84.9400405884
127350.3125000000,-85.0182037354
127643.8671875000,-85.0894088745
127938.0937500000,-85.1393737793
128233.0000000000,-85.1406936646
128528.7265625000,-85.1532363892
128824.9921875000,-85.1543960571
129121.9453125000,-85.1573562622
129419.5781250000,-85.2082977295
129717.8984375000,-85.2102890015
130016.9140625000,-85.2110366821
130316.6093750000,-85.2644424438
130617.1406250000,-85.2849044800
130918.2265625000,-85.2873229980
131220.0000000000,-85.3381805420
131522.4687500000,-85.3408432007
131825.6406250000,-85.3489227295
132129.5000000000,-85.3933105469
132434.2187500000,-85.4066696167
132739.4843750000,-85.4107818604
133045.4687500000,-85.4482879639
133352.1406250000,-85.4622344971
133659.5312500000,-85.4653701782
133967.6250000000,-85.4850387573
134276.4218750000,-85.5057144165
134586.0937500000,-85.5135192871
134896.3281250000,-85.5281829834
135207.2656250000,-85.5286636353
135518.9375000000,-85.5767974854
135831.3125000000,-85.6282577515
136144.4062500000,-85.6795043945
136458.3906250000,-85.7448730469
136772.9375000000,-85.7943344116
137088.2031250000,-85.8203811646
137404.2031250000,-85.8473892212
137720.9218750000,-85.8990173340
138038.3906250000,-85.9616470337
138356.5781250000,-86.0043869019
138675.6406250000,-86.0417175293
138995.2968750000,-86.0814361572
139315.7031250000,-86.1089401245
139636.8281250000,-86.1257095337
139958.7031250000,-86.1460876465
140281.3125000000,-86.1876373291
140604.6718750000,-86.2388153076
140928.9375000000,-86.2759094238
141253.7812500000,-86.3240280151
141579.3906250000,-86.3266983032
141905.7343750000,-86.3323669434
142232.8437500000,-86.3335342407
142560.7031250000,-86.3564987183
142889.4687500000,-86.3638534546
143218.8281250000,-86.3682022095
143548.9687500000,-86.3742141724
143879.8593750000,-86.3747558594
144211.5156250000,-86.4085998535
144543.9218750000,-86.4827728271
144877.1093750000,-86.5605697632
145211.2187500000,-86.6101074219
145545.9375000000,-86.6561508179
145881.4375000000,-86.7152252197
146217.7031250000,-86.7606582642
146554.7500000000,-86.7803039551
146892.5625000000,-86.7977676392
147231.3281250000,-86.8116149902
147570.7031250000,-86.8237915039
147910.8593750000,-86.8486328125
148251.8125000000,-86.8683090210
148593.5468750000,-86.8729705811
148936.0625000000,-86.8747711182
149279.3750000000,-86.8807144165
149623.6250000000,-86.8860626221
149968.5312500000,-86.8882217407
150314.2187500000,-86.8966598511
150660.7031250000,-86.8976364136
151007.9843750000,-86.9185943604
151356.0625000000,-86.9582061768
151705.1250000000,-87.0233459473
152054.8125000000,-87.0816345215
152405.3125000000,-87.1125869751
152756.6093750000,-87.1521072388
153108.7187500000,-87.1909255981
153461.6562500000,-87.2307052612
153815.3906250000,-87.2666625977
154170.1093750000,-87.2849273682
154525.4843750000,-87.3045043945
154881.6875000000,-87.3239059448
155238.7031250000,-87.3583450317
155596.5312500000,-87.4117126465
155955.1875000000,-87.4572525024
156314.6875000000,-87.5252609253
156675.1718750000,-87.5761871338
157036.3125000000,-87.5774993896
157398.2968750000,-87.5783004761
157761.1093750000,-87.5883483887
158124.7656250000,-87.5888519287
158489.2500000000,-87.6004867554
158854.7500000000,-87.6007995605
159220.9218750000,-87.6170730591
159587.9375000000,-87.6553421021
159955.7968750000,-87.6745071411
160324.5156250000,-87.6792449951
160694.0625000000,-87.6849441528
161064.4843750000,-87.6866226196
161435.9218750000,-87.6942138672
161808.0468750000,-87.6969223022
162181.0312500000,-87.7448272705
162554.8593750000,-87.8097839355
162929.5625000000,-87.8856506348
163305.1250000000,-87.9622344971
163681.7343750000,-88.0346908569
164059.0312500000,-88.1041259766
164437.2031250000,-88.1656188965
164816.2343750000,-88.2116317749
165196.1562500000,-88.2280273438
165576.9375000000,-88.2288131714
165958.6093750000,-88.2296905518
166341.3437500000,-88.2554092407
166724.7656250000,-88.3238601685
167109.0781250000,-88.4203567505
167494.2812500000,-88.5249404907
167880.3593750000,-88.5616378784
168267.3437500000,-88.5776901245
168655.3906250000,-88.5820999146
169044.1562500000,-88.6120681763
169433.8125000000,-88.6133880615
169824.3750000000,-88.6314010620
170215.8281250000,-88.6506652832
170608.1875000000,-88.6660461426
171001.4531250000,-88.6852569580
171395.8125000000,-88.6900634766
171790.8906250000,-88.6963119507
172186.8750000000,-88.7521438599
172583.7812500000,-88.7825088501
172981.6093750000,-88.7894897461
173380.3437500000,-88.7924194336
173779.9843750000,-88.7961959839
174180.7500000000,-88.7962341309
174582.2500000000,-88.8009643555
174984.6875000000,-88.8017120361
175388.0312500000,-88.8202438354
175792.3125000000,-88.8913955688
176197.5312500000,-88.9580154419
176603.8750000000,-89.0189895630
177010.9531250000,-89.0669937134
177418.9843750000,-89.0983505249
177827.9375000000,-89.1315994263
178237.8437500000,-89.1592941284
178648.7031250000,-89.1889114380
179060.5000000000,-89.2135696411
179473.4375000000,-89.2309646606
179887.1406250000,-89.2627258301
180301.7968750000,-89.3069458008
180717.4062500000,-89.3748474121
181133.9687500000,-89.4754333496
181551.5000000000,-89.4778823853
181970.1875000000,-89.4795761108
182389.6406250000,-89.5015258789
182810.0625000000,-89.5053634644
183231.4531250000,-89.5292892456
183653.8125000000,-89.5441131592
184077.1406250000,-89.5467910767
184501.4531250000,-89.5498733521
184926.9531250000,-89.5703201294
185353.2187500000,-89.5745468140
185780.4687500000,-89.5823822021
186208.7031250000,-89.5884399414
186637.9375000000,-89.6217727661
187068.1406250000,-89.6239547729
187499.3437500000,-89.6365737915
187931.7500000000,-89.6887893677
188364.9531250000,-89.7176971436
188799.1406250000,-89.7419967651
189234.3437500000,-89.7707061768
189670.5312500000,-89.7963943481
190107.7500000000,-89.8581314087
190546.1562500000,-89.8680877686
190985.3906250000,-89.8853912354
191425.6250000000,-89.9087905884
191866.8750000000,-90.1184082031
192309.1406250000,-90.2432785034
192752.4218750000,-90.2824401855
193196.7343750000,-90.3007278442
193642.2812500000,-90.3357391357
194088.6406250000,-90.3531036377
194536.0312500000,-90.3689575195
194984.4375000000,-90.3872756958
195433.8906250000,-90.3916625977
195884.3906250000,-90.4149703979
196336.1250000000,-90.4239501953
196788.7031250000,-90.4518737793
197242.3125000000,-90.4870071411
197696.9687500000,-90.4885406494
198152.6718750000,-90.4959182739
198609.4218750000,-90.5292816162
199067.2343750000,-90.5481185913
199526.3125000000,-90.5588836670
199986.2343750000,-90.5701522827
200447.2187500000,-90.6288833618
200909.2656250000,-90.7232818604
201372.3750000000,-90.7974319458
201836.5625000000,-90.8590240479
202302.0312500000,-90.8608245850
202768.3437500000,-90.8633422852
203235.7343750000,-90.8698730469
203704.2187500000,-90.8753814697
204173.7656250000,-90.8815536499
204644.4062500000,-90.9176025391
205116.1250000000,-90.9915161133
205589.1562500000,-91.0138626099
206063.0468750000,-91.0455856323
206538.0468750000,-91.0502319336
207014.1250000000,-91.0588760376
207491.3125000000,-91.0625457764
207969.5937500000,-91.0723114014
208448.9843750000,-91.0806808472
208929.7031250000,-91.1194152832
209411.2968750000,-91.1516036987
209894.0000000000,-91.1670684814
210377.8281250000,-91.1809005737
210862.7500000000,-91.2109222412
211348.8125000000,-91.2508392334
211836.2187500000,-91.2545700073
212324.5156250000,-91.2556152344
212813.9375000000,-91.3131790161
213304.4843750000,-91.3186187744
213796.1718750000,-91.3205871582
214288.9843750000,-91.3821716309
214782.9375000000,-91.3958892822
215278.2656250000,-91.3969039917
215774.5000000000,-91.3998794556
216271.8750000000,-91.4268646240
216770.3906250000,-91.4284896851
217270.0625000000,-91.4420242310
217770.8906250000,-91.4520111084
218273.1093750000,-91.4557342529
218776.2343750000,-91.4798889160
219280.5312500000,-91.5398483276
219785.9843750000,-91.7119674683
220292.6093750000,-91.8943710327
220800.4062500000,-91.9391403198
221309.3593750000,-91.9613952637
221819.7343750000,-91.9741210938
222331.0468750000,-91.9841156006
222843.5468750000,-91.9877471924
223357.2031250000,-91.9962692261
223872.0625000000,-91.9989776611
224388.1093750000,-92.0107269287
224905.5781250000,-92.0170669556
225424.0000000000,-92.0208053589
225943.6250000000,-92.0358886719
226464.4375000000,-92.0484695435
226986.4531250000,-92.0778503418
227509.6718750000,-92.0783767700
228034.1093750000,-92.0890274048
228559.9843750000,-92.1177749634
229086.8281250000,-92.1500244141
229614.8906250000,-92.1961288452
230144.1718750000,-92.2242050171
230674.6718750000,-92.2314605713
231206.3906250000,-92.2848052979
231739.3437500000,-92.2955627441
232273.7812500000,-92.3742218018
232809.1875000000,-92.5818862915
233345.8281250000,-92.6035232544
233883.7031250000,-92.6212539673
234422.8125000000,-92.6380004883
234963.1875000000,-92.6746673584
235505.0468750000,-92.7001342773
236047.9062500000,-92.7220153809
236592.0156250000,-92.7280807495
237137.3750000000,-92.7558670044
237683.9843750000,-92.7919158936
238231.8750000000,-92.8151245117
238781.0156250000,-92.8247909546
239331.6718750000,-92.8392715454
239883.3593750000,-92.8490753174
240436.2968750000,-92.8523712158
240990.5312500000,-92.8810348511
241546.0312500000,-92.9043884277
242102.8125000000,-92.9188308716
242661.1406250000,-92.9606781006
243220.4843750000,-92.9831008911
243781.1250000000,-92.9931716919
244343.0625000000,-93.0359878540
244906.2968750000,-93.0608139038
245470.8125000000,-93.0858383179
246036.6406250000,-93.0954437256
246604.0468750000,-93.0999221802
247172.4843750000,-93.1718368530
247742.2343750000,-93.1908340454
248313.2968750000,-93.2072219849
248885.6718750000,-93.2106246948
249459.3750000000,-93.2878036499
250034.4062500000,-93.3818359375
250611.0156250000,-93.3959121704
251188.7031250000,-93.3964233398
251767.7031250000,-93.3993225098
252348.0468750000,-93.4035339355
252929.7343750000,-93.4180068970
253512.7500000000,-93.4203796387
254097.3906250000,-93.4297027588
254683.1093750000,-93.4766464233
255270.1718750000,-93.5323333740
255858.5781250000,-93.5866317749
256448.3593750000,-93.5882415771
257039.4843750000,-93.6247329712
257631.9843750000,-93.6526641846
258226.1250000000,-93.6628341675
258821.3593750000,-93.7103729248
259417.9531250000,-93.7405548096
260015.9375000000,-93.7429580688
260615.2812500000,-93.7621383667
261216.0312500000,-93.7793350220
261818.4375000000,-93.7864990234
262421.9375000000,-93.8021392822
263026.8437500000,-93.8024215698
263633.1562500000,-93.8070068359
264240.8437500000,-93.8422546387
264849.9375000000,-93.8438339233
265460.4375000000,-93.9293899536
266072.6250000000,-93.9985885620
266685.9375000000,-94.0193023682
267300.6562500000,-94.0286254883
267916.8125000000,-94.0591049194
268534.3750000000,-94.0732421875
269153.3750000000,-94.0827636719
269774.0937500000,-94.1023788452
270395.9375000000,-94.1423034668
271019.2187500000,-94.2046966553
271643.9375000000,-94.2738189697
272270.0937500000,-94.3264465332
272897.6875000000,-94.3821411133
273526.7500000000,-94.4008941650
274157.5312500000,-94.4195098877
274789.5000000000,-94.4570236206
275422.9062500000,-94.4640274048
276057.7812500000,-94.4948577881
276694.0937500000,-94.5019454956
277331.9062500000,-94.5023498535
277971.1875000000,-94.5234832764
278612.2187500000,-94.5485382080
279254.4375000000,-94.5518798828
279898.1562500000,-94.5845947266
280543.3437500000,-94.6078186035
281190.0000000000,-94.6524276733
281838.1562500000,-94.6677856445
282488.1250000000,-94.6833190918
283139.2812500000,-94.7950592041
283791.9375000000,-94.8081436157
284446.0937500000,-94.8112487793
285101.7812500000,-94.8127517700
285758.9687500000,-94.8265151978
286417.6562500000,-94.8296890259
287078.1875000000,-94.8391342163
287739.9062500000,-94.8449096680
288403.1875000000,-94.8490676880
289067.9687500000,-94.8528060913
289734.2812500000,-94.9300079346
290402.1562500000,-94.9787826538
291071.8750000000,-95.0248947144
291742.8125000000,-95.0817413330
292415.2812500000,-95.1335754395
293089.3437500000,-95.2336425781
293764.9062500000,-95.2395172119
294442.0625000000,-95.2449417114
295120.7812500000,-95.2457580566
295801.3750000000,-95.2674255371
296483.2187500000,-95.2739562988
297166.6250000000,-95.2757415771
297851.6250000000,-95.2863693237
298538.1875000000,-95.2946014404
299226.3437500000,-95.3435440063
299916.4062500000,-95.3500976563
300607.7500000000,-95.3791732788
301300.6562500000,-95.4209518433
301995.1875000000,-95.4677352905
302691.3125000000,-95.5176162720
303389.0312500000,-95.5687408447
304088.3750000000,-95.6196594238
304789.6562500000,-95.6695327759
305492.2187500000,-95.7178878784
306196.3750000000,-95.7642059326
306902.1875000000,-95.8072357178
307609.6250000000,-95.8446197510
308318.6875000000,-95.8637466431
309029.3750000000,-95.8682632446
309742.0625000000,-95.8722610474
310456.0312500000,-95.8731918335
311171.6562500000,-95.8849563599
311888.9375000000,-95.8899078369
312607.8437500000,-95.8924102783
313328.4375000000,-95.8931884766
314051.0312500000,-95.9384155273
314774.9375000000,-96.0030517578
315500.5000000000,-96.0781631470
316227.7812500000,-96.1527633667
316956.6875000000,-96.2164840698
317687.3125000000,-96.2631759644
318419.5937500000,-96.2930755615
319153.9375000000,-96.3124237061
319889.5937500000,-96.3303833008
320626.9687500000,-96.3549423218
321366.0312500000,-96.3893203735
322106.8125000000,-96.4306564331
322849.2812500000,-96.4714355469
323593.8125000000,-96.5031204224
324339.7187500000,-96.5203857422
325087.3750000000,-96.5210571289
325836.7187500000,-96.5210952759
326587.7812500000,-96.5241012573
327340.5937500000,-96.5329666138
328095.1250000000,-96.5610733032
328851.7812500000,-96.6042861938
329609.8125000000,-96.6567687988
330369.5937500000,-96.7105865479
331131.0937500000,-96.7586441040
331894.3750000000,-96.7963485718
332659.4375000000,-96.8247528076
333426.2187500000,-96.8456192017
334195.1562500000,-96.8622131348
334965.5000000000,-96.8623275757
335737.6250000000,-96.8691711426
336511.5312500000,-96.8774261475
337287.2187500000,-96.8840484619
338064.6875000000,-96.8855209351
338844.3125000000,-96.8918991089
339625.3750000000,-96.9052505493
340408.2500000000,-96.9054489136
341192.9062500000,-96.9173355103
341979.3750000000,-96.9233779907
342767.6562500000,-96.9271011353
343557.7812500000,-96.9348373413
344350.0625000000,-96.9367828369
345143.8125000000,-96.9408264160
345939.4062500000,-96.9443588257
346736.8125000000,-96.9450149536
347536.0625000000,-96.9451980591
348337.1562500000,-96.9466476440
349140.5000000000,-97.0101928711
349945.2812500000,-97.0870285034
350751.9375000000,-97.1683273315
351560.4375000000,-97.2468719482
352370.8125000000,-97.3169860840
353183.0625000000,-97.3750228882
353997.1562500000,-97.4191894531
354813.5312500000,-97.4492950439
355631.4062500000,-97.4669342041
356451.1562500000,-97.4757385254
357272.8125000000,-97.4811630249
358096.3437500000,-97.4893646240
358921.7812500000,-97.5056838989
359749.5312500000,-97.5529937744
360578.7812500000,-97.6217651367
361409.9375000000,-97.6759262085
362243.0000000000,-97.7294998169
363078.0000000000,-97.7767791748
363914.9375000000,-97.8137054443
364753.7812500000,-97.8393630981
365594.9687500000,-97.8564376831
366437.6875000000,-97.8703842163
367282.3437500000,-97.8873977661
368128.9687500000,-97.9289855957
368977.5312500000,-97.9862747192
369828.0312500000,-98.0275497437
370680.5312500000,-98.0628585815
371535.3750000000,-98.0842437744
372391.7812500000,-98.0865249634
373250.1875000000,-98.0866241455
374110.5625000000,-98.0942382813
374972.9062500000,-98.0962524414
375837.2500000000,-98.1071929932
376703.9687500000,-98.1428909302
377572.3125000000,-98.1895904541
378442.6562500000,-98.2394332886
379314.9687500000,-98.2834854126
380189.3437500000,-98.2919158936
381065.6875000000,-98.2925186157
381944.0625000000,-98.2987899780
382824.9062500000,-98.3029861450
383707.3437500000,-98.3095703125
384591.8125000000,-98.3146514893
385478.3125000000,-98.3218688965
386366.8750000000,-98.3272552490
387257.5000000000,-98.3302383423
388150.5625000000,-98.3532257080
389045.2812500000,-98.3859024048
389942.0625000000,-98.4225692749
390840.9062500000,-98.4591751099
391741.8125000000,-98.5063095093
392644.8125000000,-98.5468521118
393549.8750000000,-98.5761108398
394457.4687500000,-98.6131515503
395366.7187500000,-98.6601791382
396278.0937500000,-98.7449569702
397191.5312500000,-98.8302993774
398107.0937500000,-98.8328018188
399024.7500000000,-98.8340225220
399944.9687500000,-98.8499298096
400866.8750000000,-98.8644409180
401790.9062500000,-98.8746337891
402717.0625000000,-98.8764419556
403645.3437500000,-98.9078216553
404575.7812500000,-98.9089508057
405508.3437500000,-98.9216003418
406443.5312500000,-98.9235839844
407380.4062500000,-98.9725723267
408319.4375000000,-99.0208969116
409260.6562500000,-99.0788040161
410204.0312500000,-99.1134567261
411149.5625000000,-99.1137542725
412097.3125000000,-99.1144866943
413047.6562500000,-99.1218490601
413999.7812500000,-99.1226882935
414954.0625000000,-99.1285705566
415910.5625000000,-99.1606979370
416869.2812500000,-99.2430496216
417830.1875000000,-99.3496093750
418793.7812500000,-99.4250793457
419759.1250000000,-99.4946823120
420726.6875000000,-99.5325927734
421696.5000000000,-99.5381546021
422668.5312500000,-99.5427703857
423642.8125000000,-99.5611724854
424619.3437500000,-99.5728607178
425598.5937500000,-99.5740203857
426579.6250000000,-99.5847702026
427562.9375000000,-99.6076354980
428548.5000000000,-99.6123275757
429536.3125000000,-99.6159133911
430526.4375000000,-99.6195831299
431519.3125000000,-99.6566848755
432514.0000000000,-99.6973037720
433510.9687500000,-99.7168121338
434510.2500000000,-99.7305679321
435511.8125000000,-99.7335586548
436515.6875000000,-99.7357940674
437521.9062500000,-99.7543411255
438530.9062500000,-99.7946548462
439541.7500000000,-99.8349609375
440554.9062500000,-99.9057617188
441570.4375000000,-99.9788284302
442588.2812500000,-100.0258407593
443608.4687500000,-100.0915374756
444631.0312500000,-100.1497497559
445656.4062500000,-100.1728057861
446683.6875000000,-100.1778945923
447713.3125000000,-100.1810379028
448745.3437500000,-100.1860504150
449779.7187500000,-100.1894760132
450816.5000000000,-100.2150726318
451856.1562500000,-100.2160034180
452897.7187500000,-100.2195281982
453941.6875000000,-100.2428436279
454988.0625000000,-100.2540664673
456036.8437500000,-100.2549667358
457088.0312500000,-100.2576293945
458141.6562500000,-100.2699279785
459198.1875000000,-100.2717514038
460256.6875000000,-100.2948989868
461317.6250000000,-100.3808059692
462380.9687500000,-100.4797515869
463446.8125000000,-100.5637054443
464515.0937500000,-100.6180267334
465586.3437500000,-100.6357650757
466659.5312500000,-100.6544952393
467735.2187500000,-100.6821060181
468813.3750000000,-100.7254943848
469894.0312500000,-100.7680435181
470977.1875000000,-100.7845230103
472062.8125000000,-100.7885589600
473151.4687500000,-100.7890090942
474242.1250000000,-100.7922668457
475335.2812500000,-100.8258438110
476430.9687500000,-100.8887786865
477529.1562500000,-100.9595489502
478629.9062500000,-101.0147628784
479733.7187500000,-101.0405197144
480839.5312500000,-101.0411453247
481947.9062500000,-101.0418167114
483058.8125000000,-101.0426254272
484172.3125000000,-101.0454864502
485288.3437500000,-101.0455169678
486406.9687500000,-101.0464859009
487528.7187500000,-101.0505294800
488652.5000000000,-101.0585098267
489778.8750000000,-101.0840301514
490907.8437500000,-101.1251220703
492039.4375000000,-101.1763916016
493173.6250000000,-101.2348403931
494310.4375000000,-101.2403869629
495450.3750000000,-101.2413482666
496592.4375000000,-101.2565917969
497737.1250000000,-101.2645492554
498884.4375000000,-101.2720794678
500034.4062500000,-101.2777633667
501187.0000000000,-101.2786712646
502342.8437500000,-101.2840499878
503500.7812500000,-101.2908782959
504661.3750000000,-101.2990951538
505824.6562500000,-101.3032150269
506990.6250000000,-101.3261566162
508159.2812500000,-101.3276901245
509330.6250000000,-101.3320465088
510505.2187500000,-101.3675765991
511681.9687500000,-101.4263381958
512861.4375000000,-101.5047607422
514043.6250000000,-101.6017608643
515228.5312500000,-101.7223510742
516416.1562500000,-101.7256546021
517607.0937500000,-101.7399520874
518800.2187500000,-101.7425689697
519996.0937500000,-101.7691421509
521194.7187500000,-101.7794570923
522396.1250000000,-101.7889480591
523600.2812500000,-101.7929077148
524807.1875000000,-101.8317642212
526017.5000000000,-101.8596267700
527230.0000000000,-101.8836975098
528445.3125000000,-101.9123077393
529663.4375000000,-101.9281768799
530884.3125000000,-101.9415817261
532108.0625000000,-101.9439086914
533335.1875000000,-101.9511795044
534564.5625000000,-101.9599609375
535796.7500000000,-101.9668884277
537031.8125000000,-101.9885711670
538269.6875000000,-102.0605621338
539510.4375000000,-102.1424942017
540754.0625000000,-102.2180938721
542001.1250000000,-102.2948226929
543250.5000000000,-102.3371353149
544502.7500000000,-102.3753738403
545757.8750000000,-102.4292755127
547015.8750000000,-102.4704360962
548276.7500000000,-102.5080413818
549540.5625000000,-102.5525360107
550807.9375000000,-102.5868759155
552077.5625000000,-102.6338958740
553350.1250000000,-102.7115097046
554625.6875000000,-102.7188339233
555904.1250000000,-102.7191009521
557185.5000000000,-102.7217636108
558470.5000000000,-102.7453002930
559757.8125000000,-102.7746124268
561048.0625000000,-102.7772064209
562341.3125000000,-102.7842178345
563637.5625000000,-102.8104934692
564936.8125000000,-102.8197631836
566239.0000000000,-102.8735351563
567544.8750000000,-102.9078063965
568853.0625000000,-102.9227371216
570164.3125000000,-102.9308395386
571478.6250000000,-102.9598693848
572795.8750000000,-102.9614181519
574116.2500000000,-102.9665298462
575440.2500000000,-102.9973449707
576766.6875000000,-103.0354690552
578096.1875000000,-103.0364227295
579428.6875000000,-103.0437393188
580764.3125000000,-103.0800094604
582103.0625000000,-103.0975723267
583444.8125000000,-103.1077957153
584790.3750000000,-103.1125259399
586138.3125000000,-103.1221466064
587489.4375000000,-103.1288375854
588843.6250000000,-103.1488265991
590200.9375000000,-103.1586074829
591561.4375000000,-103.1907653809
592925.0000000000,-103.3153762817
594292.3750000000,-103.4358520508
595662.2500000000,-103.4416351318
597035.3125000000,-103.4557647705
598411.5000000000,-103.4818267822
599790.9375000000,-103.4856872559
601173.4375000000,-103.5034942627
602559.8750000000,-103.5140533447
603948.8125000000,-103.5227508545
605340.9375000000,-103.5228652954
606736.3125000000,-103.5239791870
608134.8750000000,-103.5274658203
609536.6875000000,-103.5387573242
610941.6875000000,-103.5423812866
612350.6250000000,-103.5624618530
613762.1250000000,-103.5879745483
615176.9375000000,-103.5917053223
616594.9375000000,-103.5968170166
618016.2500000000,-103.6111221313
619440.8125000000,-103.6113967896
620869.3750000000,-103.7256774902
622300.5000000000,-103.8181991577
623734.9375000000,-103.8635330200
625172.6875000000,-103.8840866089
626613.7500000000,-103.9006729126
628058.1250000000,-103.9325103760
629505.8750000000,-103.9856567383
630957.6250000000,-104.0158386230
632412.0000000000,-104.0298309326
633869.7500000000,-104.0298843384
635330.8750000000,-104.0632247925
636795.3750000000,-104.0683212280
638263.2500000000,-104.1140975952
639735.1875000000,-104.1177215576
641209.8125000000,-104.1419677734
642687.8750000000,-104.1817245483
644169.3125000000,-104.2216491699
645654.1250000000,-104.2469253540
647142.4375000000,-104.2559280396
648634.1250000000,-104.2845306396
650130.0000000000,-104.2910079956
651628.5625000000,-104.2943801880
653130.6250000000,-104.3089675903
654636.1250000000,-104.3179550171
656145.1250000000,-104.3498764038
657657.6250000000,-104.3764572144
659173.5625000000,-104.3781585693
660693.6875000000,-104.4144744873
662216.6250000000,-104.4449386597
663743.1250000000,-104.4916763306
665273.0625000000,-104.5773315430
666806.5625000000,-104.6340866089
668343.6250000000,-104.6818313599
669884.9375000000,-104.7351684570
671429.0625000000,-104.7953262329
672976.7500000000,-104.8272171021
674528.0000000000,-104.8389892578
676082.8750000000,-104.8394241333
677641.2500000000,-104.8423461914
679203.3125000000,-104.8514633179
680769.6250000000,-104.8944473267
682338.8750000000,-104.8952331543
683911.6875000000,-104.8985366821
685488.1875000000,-104.9182357788
687068.2500000000,-104.9291687012
688652.0000000000,-104.9292221069
690240.1875000000,-104.9423904419
691831.1875000000,-104.9537887573
693425.9375000000,-104.9611358643
695024.3125000000,-104.9651107788
696626.4375000000,-104.9735107422
698232.1875000000,-104.9862136841
699841.6875000000,-104.9920806885
701455.6250000000,-105.0815963745
703072.5000000000,-105.1898269653
704693.1250000000,-105.2925033569
706317.5000000000,-105.3640136719
707945.6250000000,-105.3757553101
709577.5000000000,-105.3785095215
711213.8750000000,-105.3946838379
712853.3125000000,-105.3970413208
714496.5000000000,-105.4012756348
716143.4375000000,-105.4122085571
717794.1875000000,-105.4179306030
719448.7500000000,-105.4441452026
721107.1250000000,-105.4454956055
722770.1250000000,-105.4473114014
724436.1875000000,-105.4610900879
726106.0625000000,-105.4850158691
727779.8125000000,-105.5407867432
729457.3750000000,-105.5684356689
731138.8125000000,-105.5904388428
732824.1250000000,-105.6446685791
734514.1875000000,-105.6843948364
736207.2500000000,-105.6847076416
737904.3125000000,-105.6933441162
739605.1875000000,-105.7175903320
741310.0625000000,-105.7232055664
743018.8125000000,-105.7260131836
744732.3750000000,-105.7892913818
746449.0000000000,-105.8073654175
748169.6250000000,-105.8122558594
749894.1875000000,-105.8547286987
751622.7500000000,-105.8615646362
753355.3125000000,-105.8663330078
755091.8750000000,-105.8932571411
756833.2500000000,-106.0195312500
758577.7500000000,-106.1521987915
760326.3750000000,-106.2509994507
762078.9375000000,-106.2867584229
763835.6250000000,-106.2949218750
765596.3125000000,-106.2966995239
767361.8750000000,-106.3137130737
769130.6875000000,-106.3147735596
770903.6250000000,-106.3260803223
772680.6250000000,-106.3840637207
774461.6875000000,-106.3843765259
776246.8750000000,-106.4177474976
778036.1875000000,-106.4209823608
779830.4375000000,-106.4811325073
781628.0000000000,-106.4882507324
783429.7500000000,-106.5024490356
785235.6250000000,-106.5183105469
787045.6250000000,-106.5190277100
788859.8125000000,-106.5345230103
790678.1875000000,-106.5346069336
792501.6250000000,-106.5631713867
794328.4375000000,-106.5718078613
796159.3750000000,-106.5835266113
797994.6250000000,-106.6038055420
799834.0000000000,-106.6361770630
801677.6875000000,-106.6408691406
803526.5000000000,-106.6412506104
805378.6875000000,-106.6994018555
807235.1250000000,-106.7031021118
809095.8750000000,-106.7440567017
810960.9375000000,-106.7590637207
812830.2500000000,-106.7622070313
814703.8750000000,-106.7877349854
816582.6875000000,-106.8141860962
818465.0000000000,-106.8201293945
820351.6250000000,-106.8352966309
822242.5625000000,-106.8500213623
824137.8750000000,-106.8547515869
826037.6250000000,-106.9225311279
827942.5625000000,-106.9851837158
829851.0625000000,-107.0091629028
831763.9375000000,-107.0092697144
833681.1875000000,-107.0210647583
835602.8750000000,-107.0461425781
837529.0000000000,-107.0751419067
839459.5625000000,-107.0966110229
841395.5000000000,-107.1213150024
843335.0000000000,-107.1510620117
845278.9375000000,-107.1530456543
847227.3750000000,-107.1710739136
849180.2500000000,-107.2460098267
851137.6875000000,-107.2876434326
853100.5625000000,-107.2989807129
855067.0000000000,-107.3051834106
857038.0000000000,-107.3375549316
859013.5625000000,-107.3541412354
860993.6250000000,-107.4051055908
862978.3125000000,-107.4348831177
864967.5000000000,-107.4601669312
866962.2500000000,-107.4617919922
868960.6875000000,-107.4716720581
870963.6875000000,-107.5281524658
872971.3125000000,-107.5418701172
874983.6250000000,-107.5861053467
877000.5000000000,-107.6073379517
879022.0625000000,-107.7003097534
881049.2500000000,-107.8055648804
883080.1250000000,-107.8796691895
885115.6875000000,-107.8806762695
887155.9375000000,-107.9165878296
889200.8750000000,-107.9243392944
891250.5625000000,-107.9565505981
893305.9375000000,-107.9638442993
895365.0625000000,-107.9745483398
897428.9375000000,-108.0511093140
899497.5625000000,-108.0556945801
901571.0000000000,-108.0613861084
903649.1875000000,-108.0641479492
905732.1250000000,-108.0886993408
907820.9375000000,-108.1171875000
909913.5000000000,-108.1343154907
912010.9375000000,-108.1444396973
914113.1875000000,-108.1508331299
916220.2500000000,-108.1760253906
918332.1875000000,-108.2419891357
920450.0625000000,-108.2750015259
922571.7500000000,-108.2974700928
924698.3750000000,-108.3078689575
926829.8125000000,-108.3460617065
928966.2500000000,-108.3866577148
931107.5625000000,-108.3975219727
933253.8750000000,-108.4046859741
935406.0625000000,-108.4754409790
937562.2500000000,-108.4795303345
939723.4375000000,-108.5040664673
941889.5625000000,-108.5202789307
944060.6875000000,-108.5325241089
946236.8125000000,-108.5630569458
948419.0000000000,-108.5694351196
950605.1250000000,-108.5868148804
952796.3750000000,-108.6621170044
954992.6250000000,-108.7042922974
957193.9375000000,-108.7057800293
959400.3750000000,-108.7285003662
961611.8125000000,-108.7351837158
963829.5000000000,-108.7753829956
966051.1875000000,-108.8010406494
968278.0000000000,-108.8136291504
970509.9375000000,-108.8327407837
972747.0625000000,-108.8453292847
974989.3125000000,-108.8825225830
977236.6875000000,-108.8829040527
979490.3750000000,-108.9728240967
981748.1875000000,-109.0253829956
984011.1875000000,-109.0295639038
986279.3750000000,-109.0583877563
988552.8125000000,-109.0962371826
990831.5000000000,-109.1521453857
993116.5625000000,-109.1609954834
995405.7500000000,-109.1972198486
997700.2500000000,-109.2075729370
1000000.0000000000,-109.2087097168
1002305.0625000000,-109.2111587524
1004615.4375000000,-109.2157135010
1006931.1875000000,-109.2195968628
1009253.3125000000,-109.2270736694
1011579.7500000000,-109.2299041748
1013911.5000000000,-109.2426300049
1016248.6250000000,-109.2474288940
1018591.1250000000,-109.2481842041
1020939.0625000000,-109.2538299561
1023293.5625000000,-109.2572784424
1025652.3125000000,-109.2935180664
1028016.5000000000,-109.3558120728
1030386.1250000000,-109.4245071411
1032761.2500000000,-109.4918365479
1035141.8750000000,-109.5528030396
1037527.9375000000,-109.5979232788
1039920.6250000000,-109.6001815796
1042317.7500000000,-109.6019287109
1044720.3750000000,-109.6041717529
1047128.5000000000,-109.6093292236
1049542.2500000000,-109.6209411621
1051961.5000000000,-109.6231307983
1054386.3750000000,-109.6306228638
1056817.8750000000,-109.6375732422
1059254.0000000000,-109.6445312500
1061695.6250000000,-109.6456604004
1064142.8750000000,-109.6459197998
1066595.8750000000,-109.6739501953
1069054.3750000000,-109.7032012939
1071519.8750000000,-109.7312469482
1073989.7500000000,-109.7567138672
1076465.3750000000,-109.7824707031
1078946.7500000000,-109.8130111694
1081433.7500000000,-109.8515472412
1083926.5000000000,-109.9000778198
1086425.0000000000,-109.9588928223
1088930.5000000000,-110.0248184204
1091440.6250000000,-110.0883102417
1093956.5000000000,-110.0989456177
1096478.1250000000,-110.1018905640
1099005.5000000000,-110.1167678833
1101538.8750000000,-110.1236190796
1104079.1250000000,-110.1439895630
1106624.1250000000,-110.1532363892
1109175.0000000000,-110.1561965942
1111731.7500000000,-110.1835098267
1114294.3750000000,-110.1877517700
1116862.8750000000,-110.2089538574
1119437.3750000000,-110.2155990601
1122019.0000000000,-110.2169494629
1124605.2500000000,-110.2253265381
1127197.6250000000,-110.2296066284
1129795.8750000000,-110.2910385132
1132400.1250000000,-110.3765411377
1135010.3750000000,-110.4637527466
1137627.8750000000,-110.5430755615
1140250.2500000000,-110.6105117798
1142878.6250000000,-110.6231689453
1145513.0000000000,-110.6346435547
1148153.5000000000,-110.6356964111
1150800.0000000000,-110.6653366089
1153452.7500000000,-110.6664581299
1156112.7500000000,-110.6707458496
1158777.7500000000,-110.7058334351
1161448.7500000000,-110.7086944580
1164126.0000000000,-110.7274475098
1166809.3750000000,-110.7420959473
1169499.0000000000,-110.7428970337
1172194.7500000000,-110.7657394409
1174898.0000000000,-110.7682418823
1177606.2500000000,-110.7764205933
1180320.7500000000,-110.7937240601
1183041.3750000000,-110.8634338379
1185768.3750000000,-110.9328384399
1188501.7500000000,-110.9998321533
1191242.6250000000,-111.0626602173
1193988.5000000000,-111.1186065674
1196740.7500000000,-111.1640777588
1199499.2500000000,-111.1958618164
1202264.2500000000,-111.2133407593
1205035.5000000000,-111.2232284546
1207813.2500000000,-111.2364730835
1210598.6250000000,-111.2626113892
1213389.1250000000,-111.3069534302
1216186.1250000000,-111.3686981201
1218989.5000000000,-111.4413299561
1221799.3750000000,-111.5153961182
1224615.7500000000,-111.5822830200
1227439.8750000000,-111.6373901367
1230269.2500000000,-111.6808700562
1233105.0000000000,-111.6861267090
1235947.5000000000,-111.6889038086
1238796.3750000000,-111.7045898438
1241651.8750000000,-111.7088470459
1244514.0000000000,-111.7158050537
1247384.1250000000,-111.7368850708
1250259.3750000000,-111.7415618896
1253141.3750000000,-111.7447891235
1256029.8750000000,-111.7625732422
1258925.1250000000,-111.7668609619
1261827.0000000000,-111.7778472900
1264737.0000000000,-111.7790222168
1267652.3750000000,-111.7887725830
1270574.3750000000,-111.8363647461
1273503.1250000000,-111.8768920898
1276438.6250000000,-111.9071578979
1279380.8750000000,-111.9137954712
1282330.0000000000,-111.9190063477
1285287.2500000000,-111.9200515747
1288250.0000000000,-111.9269943237
1291219.5000000000,-111.9303970337
1294195.7500000000,-111.9369888306
1297179.0000000000,-111.9375686646
1300169.1250000000,-111.9400863647
1303166.1250000000,-111.9771957397
1306171.3750000000,-112.0271072388
1309182.2500000000,-112.0847320557
1312200.0000000000,-112.1440124512
1315224.7500000000,-112.1984481812
1318256.3750000000,-112.2424316406
1321295.1250000000,-112.2738952637
1324342.2500000000,-112.2962188721
1327394.8750000000,-112.3175964355
1330454.6250000000,-112.3434295654
1333521.3750000000,-112.3760833740
1336595.2500000000,-112.4114532471
1339676.2500000000,-112.4436187744
1342764.2500000000,-112.4581527710
1345860.8750000000,-112.4591369629
1348963.2500000000,-112.4688186646
1352072.7500000000,-112.4745101929
1355189.3750000000,-112.4851989746
1358313.1250000000,-112.4857330322
1361444.1250000000,-112.4888305664
1364583.8750000000,-112.4930343628
1367729.3750000000,-112.5427246094
1370882.0000000000,-112.6182785034
1374042.0000000000,-112.6709976196
1377209.2500000000,-112.6810302734
1380383.8750000000,-112.6873245239
1383565.7500000000,-112.6897125244
1386756.5000000000,-112.7058715820
1389953.0000000000,-112.7102813721
1393157.0000000000,-112.7339172363
1396368.2500000000,-112.7363204956
1399587.0000000000,-112.7432098389
1402813.1250000000,-112.7491455078
1406046.7500000000,-112.7917709351
1409289.3750000000,-112.8593826294
1412537.8750000000,-112.9403610229
1415793.8750000000,-113.0186767578
1419057.3750000000,-113.0750961304
1422328.3750000000,-113.0888061523
1425607.0000000000,-113.0954055786
1428894.6250000000,-113.0972442627
1432188.3750000000,-113.0992202759
1435489.6250000000,-113.1288070679
1438798.5000000000,-113.2204208374
1442115.1250000000,-113.3174743652
1445439.2500000000,-113.3280105591
1448771.1250000000,-113.3364639282
1452112.2500000000,-113.3427047729
1455459.5000000000,-113.3636932373
1458814.3750000000,-113.3669128418
1462177.0000000000,-113.3877334595
1465547.5000000000,-113.3897247314
1468925.6250000000,-113.3968048096
1472313.2500000000,-113.4093551636
1475707.0000000000,-113.5245666504
1479108.6250000000,-113.5667648315
1482518.1250000000,-113.5685806274
1485935.3750000000,-113.5812835693
1489360.6250000000,-113.5966644287
1492793.6250000000,-113.6017074585
1496236.3750000000,-113.6117019653
1499685.2500000000,-113.6384735107
1503142.1250000000,-113.6539611816
1506607.0000000000,-113.6593933105
1510079.7500000000,-113.6667022705
1513560.6250000000,-113.6886978149
1517051.1250000000,-113.6911849976
1520548.1250000000,-113.6989593506
1524053.0000000000,-113.7012481689
1527566.1250000000,-113.7651519775
1531087.2500000000,-113.8120880127
1534616.5000000000,-113.8305740356
1538153.8750000000,-113.8412170410
1541701.1250000000,-113.8470306396
1545254.8750000000,-113.8518447876
1548816.8750000000,-113.8640670776
1552387.0000000000,-113.8815612793
1555965.3750000000,-113.8940429688
1559551.8750000000,-113.9069137573
1563146.7500000000,-113.9233016968
1566751.7500000000,-113.9470596313
1570363.1250000000,-113.9971847534
1573983.0000000000,-114.0475845337
1577611.1250000000,-114.0687561035
1581247.6250000000,-114.0771789551
1584892.5000000000,-114.0787124634
1588547.5000000000,-114.0968551636
1592209.2500000000,-114.1603393555
1595879.3750000000,-114.2416305542
1599558.0000000000,-114.3445281982
1603245.1250000000,-114.4509963989
1606940.7500000000,-114.5506362915
1610644.8750000000,-114.5527496338
1614359.2500000000,-114.5652465820
1618080.5000000000,-114.5670776367
1621810.2500000000,-114.5714263916
1625548.6250000000,-114.5898513794
1629295.6250000000,-114.5938186646
1633051.2500000000,-114.6063766479
1636817.3750000000,-114.6227493286
1640590.3750000000,-114.6928329468
1644372.0000000000,-114.7116470337
1648162.3750000000,-114.7130737305
1651961.5000000000,-114.7330245972
1655769.5000000000,-114.7490997314
1659586.1250000000,-114.7678298950
1663413.3750000000,-114.7685470581
1667247.6250000000,-114.7916412354
1671090.7500000000,-114.7959747314
1674942.7500000000,-114.8029098511
1678803.6250000000,-114.8032455444
1682673.3750000000,-114.8133163452
1686554.0000000000,-114.8153915405
1690441.6250000000,-114.8328323364
1694338.1250000000,-114.8405380249
1698243.7500000000,-114.8455886841
1702158.2500000000,-114.8902282715
1706081.8750000000,-114.8926849365
1710014.5000000000,-114.9084930420
1713958.1250000000,-114.9105148315
1717908.8750000000,-114.9703140259
1721868.8750000000,-115.0052719116
1725837.8750000000,-115.0601119995
1729816.0000000000,-115.1254501343
1733803.3750000000,-115.1783447266
1737799.8750000000,-115.2613220215
1741807.6250000000,-115.3288269043
1745822.6250000000,-115.3537979126
1749846.7500000000,-115.3692398071
1753880.3750000000,-115.3858032227
1757923.1250000000,-115.4124450684
1761975.2500000000,-115.4850845337
1766038.7500000000,-115.5493392944
1770109.5000000000,-115.5593795776
1774189.7500000000,-115.5777664185
1778279.3750000000,-115.5918502808
1782378.5000000000,-115.5991287231
1786487.0000000000,-115.6326751709
1790605.0000000000,-115.6346664429
1794734.3750000000,-115.6640167236
1798871.3750000000,-115.6690292358
1803017.8750000000,-115.7075119019
1807174.0000000000,-115.7106170654
1811339.6250000000,-115.7147293091
1815514.8750000000,-115.7194747925
1819701.8750000000,-115.7414093018
1823896.3750000000,-115.8301620483
1828100.6250000000,-115.9150466919
1832314.5000000000,-115.9238357544
1836538.1250000000,-115.9314956665
1840771.3750000000,-115.9330139160
1845014.5000000000,-115.9393997192
1849269.5000000000,-115.9680328369
1853532.1250000000,-115.9745788574
1857804.6250000000,-116.0035705566
1862087.0000000000,-116.0047836304
1866379.2500000000,-116.0165786743
1870681.3750000000,-116.0237045288
1874993.5000000000,-116.0263366699
1879317.5000000000,-116.0285110474
1883649.5000000000,-116.0532989502
1887991.5000000000,-116.0540008545
1892343.3750000000,-116.0621032715
1896705.3750000000,-116.0851821899
1901077.3750000000,-116.0977706909
1905461.6250000000,-116.1085052490
1909853.8750000000,-116.1131362915
1914256.2500000000,-116.1212844849
1918668.7500000000,-116.2525177002
1923091.3750000000,-116.4078674316
1927524.2500000000,-116.5120010376
1931967.3750000000,-116.5158081055
1936422.7500000000,-116.5456390381
1940886.3750000000,-116.5502777100
1945360.2500000000,-116.5697479248
1949844.3750000000,-116.5757217407
1954339.0000000000,-116.5903778076
1958843.8750000000,-116.6037445068
1963361.2500000000,-116.6269073486
1967887.0000000000,-116.6456909180
1972423.1250000000,-116.6594009399
1976969.6250000000,-116.7365036011
1981526.7500000000,-116.8461990356
1986094.2500000000,-116.8470458984
1990672.3750000000,-116.8587188721
1995263.2500000000,-116.8616561890
1999862.3750000000,-116.8680953979
2004472.2500000000,-116.8753967285
2009092.7500000000,-116.8773193359
2013723.7500000000,-116.8901443481
2018365.6250000000,-116.8937759399
2023020.2500000000,-116.8993148804
2027683.5000000000,-116.9095077515
2032357.3750000000,-116.9097213745
2037042.1250000000,-116.9195404053
2041737.6250000000,-116.9481811523
2046444.0000000000,-116.9573059082
2051161.2500000000,-116.9922332764
2055891.5000000000,-116.9987106323
2060630.5000000000,-117.0081024170
2065380.3750000000,-117.0461273193
2070141.2500000000,-117.0510101318
2074913.1250000000,-117.0657882690
2079695.8750000000,-117.0764312744
2084489.7500000000,-117.0779266357
2089297.0000000000,-117.1117019653
2094112.8750000000,-117.2418136597
2098940.0000000000,-117.3425674438
2103778.2500000000,-117.4037094116
2108627.5000000000,-117.4091873169
2113488.0000000000,-117.4117584229
2118362.2500000000,-117.4167175293
2123245.2500000000,-117.4195098877
2128139.5000000000,-117.4216690063
2133045.0000000000,-117.4267578125
2137961.7500000000,-117.4355773926
2142889.7500000000,-117.4372863770
2147829.5000000000,-117.4555664063
2152782.7500000000,-117.4619598389
2157745.0000000000,-117.4660110474
2162718.7500000000,-117.4705963135
2167704.0000000000,-117.5377731323
2172700.7500000000,-117.6111297607
2177708.7500000000,-117.6808319092
2182731.0000000000,-117.7836074829
2187762.5000000000,-117.8683776855
2192805.2500000000,-117.9027862549
2197860.0000000000,-117.9145889282
2202926.2500000000,-117.9265594482
2208004.0000000000,-117.9317245483
2213093.7500000000,-117.9374847412
2218197.5000000000,-117.9852142334
2223310.5000000000,-118.0559997559
2228435.5000000000,-118.1484756470
2233572.0000000000,-118.2022094727
2238720.7500000000,-118.2236175537
2243881.0000000000,-118.2262802124
2249055.7500000000,-118.2337570190
2254240.0000000000,-118.2425460815
2259436.2500000000,-118.2448959351
2264644.5000000000,-118.2500305176
2269864.5000000000,-118.2530593872
2275096.7500000000,-118.2586441040
2280341.0000000000,-118.2609024048
2285600.0000000000,-118.2611999512
2290868.2500000000,-118.2639541626
2296149.0000000000,-118.2684249878
2301441.7500000000,-118.2694320679
2306746.7500000000,-118.2771148682
2312064.0000000000,-118.2981796265
2317393.5000000000,-118.3056182861
2322737.7500000000,-118.4075012207
2328091.7500000000,-118.4114532471
2333458.2500000000,-118.4138717651
2338837.0000000000,-118.4934539795
2344228.2500000000,-118.4994583130
2349631.7500000000,-118.5720062256
2355050.5000000000,-118.6631698608
2360479.0000000000,-118.6901702881
2365920.0000000000,-118.7006988525
2371373.7500000000,-118.7117080688
2376840.0000000000,-118.7157745361
2382318.7500000000,-118.7242279053
2387810.0000000000,-118.7546157837
2393316.7500000000,-118.7619781494
2398833.5000000000,-118.7672119141
2404363.0000000000,-118.7784729004
2409905.2500000000,-118.7798461914
2415460.2500000000,-118.7818450928
2421028.0000000000,-118.8007278442
2426611.2500000000,-118.8175430298
2432205.0000000000,-118.8618774414
2437811.2500000000,-118.8830795288
2443430.5000000000,-118.9014587402
2449063.0000000000,-118.9297561646
2454708.2500000000,-118.9999771118
2460366.5000000000,-119.0336990356
2466040.5000000000,-119.0518646240
2471724.7500000000,-119.0654449463
2477422.2500000000,-119.0712203979
2483133.0000000000,-119.0775146484
2488856.7500000000,-119.1744003296
2494593.7500000000,-119.2740554810
2500344.0000000000,-119.3092498779
2506110.2500000000,-119.3152084351
2511887.0000000000,-119.3587875366
2517677.0000000000,-119.3832550049
2523480.5000000000,-119.3832778931
2529297.2500000000,-119.4060134888
2535127.5000000000,-119.4212265015
2540974.0000000000,-119.4250564575
2546831.0000000000,-119.4288711548
2552701.7500000000,-119.4289474487
2558585.7500000000,-119.4415664673
2564483.5000000000,-119.4599685669
2570395.0000000000,-119.5770111084
2576319.7500000000,-119.5844268799
2582261.2500000000,-119.5909194946
2588213.5000000000,-119.5955734253
2594179.5000000000,-119.5998992920
2600159.2500000000,-119.6009216309
2606153.0000000000,-119.6161575317
2612160.2500000000,-119.6213989258
2618184.2500000000,-119.6244125366
2624219.5000000000,-119.6275177002
2630268.5000000000,-119.6341705322
2636331.5000000000,-119.6437072754
2642408.2500000000,-119.6821060181
2648499.2500000000,-119.7381286621
2654604.2500000000,-119.8208694458
2660726.2500000000,-119.8402862549
2666859.5000000000,-119.8801574707
2673006.7500000000,-119.8934402466
2679168.2500000000,-119.9084167480
2685343.7500000000,-119.9124069214
2691533.7500000000,-119.9289550781
2697741.0000000000,-119.9591979980
2703959.2500000000,-119.9799499512
2710192.2500000000,-119.9921035767
2716439.2500000000,-120.0157546997
2722701.0000000000,-120.0218887329
2728977.0000000000,-120.0311737061
2735267.5000000000,-120.0559234619
2741575.5000000000,-120.1346588135
2747895.0000000000,-120.1963806152
2754229.0000000000,-120.2472686768
2760577.7500000000,-120.2678909302
2766941.0000000000,-120.2725906372
2773319.0000000000,-120.3227310181
2779711.7500000000,-120.3917160034
2786122.2500000000,-120.4199752808
2792544.5000000000,-120.4302597046
2798981.5000000000,-120.4363250732
2805433.2500000000,-120.4852981567
2811900.0000000000,-120.5021286011
2818381.7500000000,-120.5114974976
2824881.2500000000,-120.5303802490
2831393.0000000000,-120.5353393555
2837919.5000000000,-120.5388717651
2844461.0000000000,-120.5522003174
2851017.7500000000,-120.5570373535
2857589.5000000000,-120.5917434692
2864176.5000000000,-120.5955123901
2870781.7500000000,-120.6468353271
2877399.2500000000,-120.6656036377
2884031.7500000000,-120.6666488647
2890679.7500000000,-120.6755142212
2897343.0000000000,-120.6953735352
2904021.5000000000,-120.7048797607
2910718.7500000000,-120.7240219116
2917428.0000000000,-120.7405242920
2924153.0000000000,-120.7669754028
2930893.2500000000,-120.7787170410
2937649.2500000000,-120.8077774048
2944420.7500000000,-120.8329467773
2951207.7500000000,-120.8643722534
2958013.7500000000,-120.8780288696
2964832.2500000000,-120.9569931030
2971666.2500000000,-120.9792633057
2978516.2500000000,-120.9985809326
2985382.0000000000,-121.0246353149
2992263.5000000000,-121.0292282104
2999164.2500000000,-121.0314483643
3006077.5000000000,-121.0529327393
3013006.7500000000,-121.0628204346
3019951.7500000000,-121.0689315796
3026913.0000000000,-121.1126480103
3033890.2500000000,-121.1603775024
3040883.7500000000,-121.2075881958
3047896.5000000000,-121.2514572144
3054922.0000000000,-121.2917175293
3061963.7500000000,-121.3275909424
3069022.0000000000,-121.3589553833
3076096.2500000000,-121.3885192871
3083186.7500000000,-121.4169006348
3090293.7500000000,-121.4463424683
3097420.5000000000,-121.4786911011
3104560.2500000000,-121.5144653320
3111716.5000000000,-121.5529785156
3118889.2500000000,-121.5943450928
3126078.5000000000,-121.6355895996
3133284.5000000000,-121.6732788086
3140510.2500000000,-121.7055816650
3147749.2500000000,-121.7314300537
3155005.2500000000,-121.7474212646
3162277.7500000000,-121.7599868774
3169567.0000000000,-121.7677154541
3176873.0000000000,-121.7772521973
3184196.0000000000,-121.7893295288
3191539.2500000000,-121.8077850342
3198896.0000000000,-121.8288421631
3206269.7500000000,-121.8547592163
3213660.2500000000,-121.8803253174
3221068.0000000000,-121.9054489136
3228492.7500000000,-121.9269409180
3235938.2500000000,-121.9467544556
3243397.2500000000,-121.9624176025
3250873.5000000000,-121.9761810303
3258367.0000000000,-121.9881057739
3265877.7500000000,-121.9975128174
3273406.0000000000,-122.0063629150
3280951.2500000000,-122.0145874023
3288517.7500000000,-122.0249938965
3296098.0000000000,-122.0368118286
3303695.7500000000,-122.0555877686
3311311.0000000000,-122.0770263672
3318944.0000000000,-122.1021347046
3326594.2500000000,-122.1281204224
3334262.2500000000,-122.1535339355
3341951.7500000000,-122.1763381958
3349655.2500000000,-122.1975784302
3357376.2500000000,-122.2180786133
3365115.2500000000,-122.2408065796
3372872.2500000000,-122.2660522461
3380646.7500000000,-122.2940063477
3388443.2500000000,-122.3245925903
3396253.7500000000,-122.3545379639
3404082.5000000000,-122.3828125000
3411929.0000000000,-122.4061737061
3419793.7500000000,-122.4270629883
3427676.7500000000,-122.4441833496
3435577.7500000000,-122.4621047974
3443500.7500000000,-122.4814224243
3451438.2500000000,-122.5069580078
3459394.0000000000,-122.5368804932
3467368.2500000000,-122.5697326660
3475360.7500000000,-122.6032333374
3483371.7500000000,-122.6340789795
3491405.0000000000,-122.6626663208
3499452.7500000000,-122.6886367798
3507519.2500000000,-122.7159576416
3515604.5000000000,-122.7445831299
3523708.2500000000,-122.7736206055
3531830.5000000000,-122.7964172363
3539971.7500000000,-122.7974777222
3548135.5000000000,-122.8009567261
3556314.2500000000,-122.8014297485
3564511.7500000000,-122.8115539551
3572728.2500000000,-122.8158416748
3580963.5000000000,-122.8159942627
3589218.0000000000,-122.8166122437
3597495.2500000000,-122.8452606201
3605787.7500000000,-122.8765335083
3614099.2500000000,-122.9087219238
3622430.0000000000,-122.9362869263
3630780.0000000000,-122.9622650146
3639149.2500000000,-122.9881668091
3647537.7500000000,-123.0180740356
3655949.5000000000,-123.0529327393
3664376.7500000000,-123.0901107788
3672823.5000000000,-123.1283874512
3681289.5000000000,-123.1624984741
3689775.2500000000,-123.1931381226
3698280.5000000000,-123.2196197510
3706805.2500000000,-123.2425384521
3715353.7500000000,-123.2648620605
3723918.0000000000,-123.2866287231
3732501.7500000000,-123.3068771362
3741105.5000000000,-123.3236160278
3749729.0000000000,-123.3369445801
3758372.5000000000,-123.3453674316
3767039.7500000000,-123.3525848389
3775723.2500000000,-123.3631134033
3784426.5000000000,-123.3787231445
3793149.7500000000,-123.4088363647
3801893.2500000000,-123.4469528198
3810657.0000000000,-123.4905242920
3819440.7500000000,-123.5365371704
3828249.0000000000,-123.5776367188
3837073.5000000000,-123.6140136719
3845918.2500000000,-123.6455764771
3854783.2500000000,-123.6729431152
3863668.7500000000,-123.7008819580
3872574.7500000000,-123.7305221558
3881505.7500000000,-123.7631149292
3890452.7500000000,-123.8002319336
3899420.5000000000,-123.8386230469
3908409.0000000000,-123.8770217896
3917418.2500000000,-123.9131393433
3926448.0000000000,-123.9422836304
3935498.7500000000,-123.9648666382
3944574.7500000000,-123.9807357788
3953667.2500000000,-123.9889144897
3962780.7500000000,-123.9935150146
3971915.2500000000,-123.9990539551
3981070.7500000000,-124.0076599121
3990247.5000000000,-124.0235519409
3999449.7500000000,-124.0469055176
4008668.7500000000,-124.0733489990
4017909.0000000000,-124.1008071899
4027170.5000000000,-124.1258850098
4036453.5000000000,-124.1464004517
4045757.7500000000,-124.1637115479
4055083.5000000000,-124.1778640747
4064435.2500000000,-124.1885681152
4073804.0000000000,-124.1948318481
4083194.5000000000,-124.2002563477
4092606.5000000000,-124.2079391479
4102040.2500000000,-124.2213592529
4111495.7500000000,-124.2506484985
4120973.0000000000,-124.2962799072
4130476.7500000000,-124.3551635742
4139997.7500000000,-124.4233093262
4149540.7500000000,-124.4928817749
4159105.7500000000,-124.5463180542
4168692.7500000000,-124.5507125854
4178301.7500000000,-124.5512924194
4187937.7500000000,-124.5597686768
4197591.0000000000,-124.5649337769
4207267.0000000000,-124.5745162964
4216965.0000000000,-124.5797424316
4226685.5000000000,-124.5895767212
4236428.0000000000,-124.5933456421
4246193.5000000000,-124.5985870361
4255986.0000000000,-124.6474304199
4265796.5000000000,-124.7042922974
4275629.5000000000,-124.7622375488
4285485.0000000000,-124.7980346680
4295363.0000000000,-124.8006439209
4305264.5000000000,-124.8102340698
4315193.0000000000,-124.8125839233
4325140.0000000000,-124.8134231567
4335109.5000000000,-124.8302154541
4345102.5000000000,-124.8308105469
4355118.0000000000,-124.8454666138
4365157.0000000000,-124.8479003906
4375219.0000000000,-124.8541259766
4385309.0000000000,-124.8551330566
4395417.5000000000,-124.8835144043
4405549.0000000000,-124.9237136841
4415704.5000000000,-124.9733428955
4425883.0000000000,-125.0255966187
4436085.0000000000,-125.0756225586
4446310.5000000000,-125.1206893921
4456564.0000000000,-125.1608200073
4466837.0000000000,-125.1982116699
4477133.5000000000,-125.2326812744
4487453.5000000000,-125.2427749634
4497797.5000000000,-125.2441101074
4508165.0000000000,-125.2515563965
4518561.5000000000,-125.2537765503
4528977.0000000000,-125.2597503662
4539417.0000000000,-125.2664260864
4549880.5000000000,-125.2690582275
4560368.5000000000,-125.2749252319
4570880.5000000000,-125.2764282227
4581416.5000000000,-125.2882614136
4591982.0000000000,-125.3117218018
4602567.0000000000,-125.3414459229
4613176.0000000000,-125.3795623779
4623810.0000000000,-125.4222640991
4634468.0000000000,-125.4643630981
4645151.0000000000,-125.5026321411
4655863.5000000000,-125.5360488892
4666595.5000000000,-125.5646972656
4677352.0000000000,-125.5885009766
4688134.0000000000,-125.6062850952
4698940.5000000000,-125.6171722412
4709771.5000000000,-125.6257247925
4720628.0000000000,-125.6378555298
4731514.5000000000,-125.6563949585
4742421.0000000000,-125.6807861328
4753353.0000000000,-125.7079544067
4764309.5000000000,-125.7334823608
4775291.5000000000,-125.7530593872
4786299.0000000000,-125.7645111084
4797337.0000000000,-125.7708435059
4808395.5000000000,-125.7833862305
4819479.0000000000,-125.8109970093
4830588.0000000000,-125.8522338867
4841723.0000000000,-125.8964767456
4852883.5000000000,-125.9309158325
4864070.0000000000,-125.9488372803
4875287.0000000000,-125.9538574219
4886525.0000000000,-125.9577865601
4897789.0000000000,-125.9734420776
4909078.5000000000,-126.0069580078
4920394.5000000000,-126.0542297363
4931736.0000000000,-126.0868377686
4943104.0000000000,-126.0900039673
4954504.0000000000,-126.1029586792
4965924.5000000000,-126.1030197144
4977371.0000000000,-126.1088104248
4988844.5000000000,-126.1324615479
5000344.0000000000,-126.1359100342
5011870.0000000000,-126.1366653442
5023428.5000000000,-126.1457901001
5035007.5000000000,-126.1790618896
5046614.0000000000,-126.2236862183
5058246.5000000000,-126.2618865967
5069906.0000000000,-126.2902297974
5081592.5000000000,-126.3114471436
5093306.0000000000,-126.3330993652
5105052.0000000000,-126.3643112183
5116819.5000000000,-126.4114456177
5128614.5000000000,-126.4735412598
5140436.0000000000,-126.5400314331
5152285.0000000000,-126.5921096802
5164161.5000000000,-126.5943527222
5176071.0000000000,-126.5946807861
5188002.0000000000,-126.6067962646
5199961.0000000000,-126.6200561523
5211947.0000000000,-126.6228103638
5223961.0000000000,-126.6232299805
5236002.5000000000,-126.6641311646
5248072.0000000000,-126.7178802490
5260175.0000000000,-126.7735824585
5272300.0000000000,-126.8287200928
5284453.0000000000,-126.8857955933
5296634.0000000000,-126.9461135864
5308843.5000000000,-126.9553985596
5321080.5000000000,-126.9591522217
5333352.0000000000,-126.9861907959
5345645.5000000000,-127.0007629395
5357967.5000000000,-127.0064697266
5370318.0000000000,-127.0234832764
5382697.0000000000,-127.0344467163
5395104.5000000000,-127.0586547852
5407541.0000000000,-127.0587768555
5420011.5000000000,-127.0593261719
5432505.0000000000,-127.0756072998
5445027.5000000000,-127.0774536133
5457578.5000000000,-127.0997314453
5470158.5000000000,-127.1025161743
5482767.5000000000,-127.1031188965
5495406.0000000000,-127.1166534424
5508079.0000000000,-127.1187973022
5520775.5000000000,-127.1299438477
5533501.5000000000,-127.1441726685
5546256.5000000000,-127.1755447388
5559041.0000000000,-127.2246856689
5571855.0000000000,-127.2762374878
5584704.5000000000,-127.3299407959
5597578.0000000000,-127.3759536743
5610480.5000000000,-127.4180068970
5623413.5000000000,-127.4568939209
5636375.5000000000,-127.4650955200
5649368.0000000000,-127.4669647217
5662390.0000000000,-127.4702301025
5675448.5000000000,-127.4948196411
5688531.0000000000,-127.5016326904
5701643.5000000000,-127.5146102905
5714786.0000000000,-127.5400238037
5727959.0000000000,-127.5529708862
5741162.5000000000,-127.5683898926
5754402.5000000000,-127.5733184814
5767666.5000000000,-127.5743026733
5780961.5000000000,-127.6666793823
5794287.0000000000,-127.7198181152
5807643.5000000000,-127.7615509033
5821030.5000000000,-127.7916717529
5834448.5000000000,-127.8092727661
5847903.5000000000,-127.8159255981
5861383.5000000000,-127.8183822632
5874894.0000000000,-127.8237609863
5888436.5000000000,-127.8333816528
5902009.5000000000,-127.8488998413
5915614.0000000000,-127.8641662598
5929250.0000000000,-127.8775787354
5942924.0000000000,-127.8964767456
5956622.5000000000,-127.9233322144
5970353.0000000000,-127.9576721191
5984115.5000000000,-127.9924926758
5997909.0000000000,-128.0170135498
6011734.5000000000,-128.0210723877
6025599.0000000000,-128.0241394043
6039488.0000000000,-128.0267181396
6053409.5000000000,-128.0307006836
6067363.0000000000,-128.0308074951
6081349.0000000000,-128.0349121094
6095367.0000000000,-128.0362854004
6109417.0000000000,-128.0676574707
6123506.5000000000,-128.1248474121
6137621.5000000000,-128.1502532959
6151769.0000000000,-128.1598205566
6165949.5000000000,-128.1675720215
6180162.5000000000,-128.1914062500
6194408.0000000000,-128.2674865723
6208693.5000000000,-128.3563537598
6223005.0000000000,-128.4049530029
6237349.5000000000,-128.4416351318
6251727.0000000000,-128.4688720703
6266137.5000000000,-128.4885406494
6280581.5000000000,-128.4905395508
6295058.5000000000,-128.4946899414
6309576.0000000000,-128.5108642578
6324120.0000000000,-128.5126037598
6338698.0000000000,-128.5156707764
6353309.0000000000,-128.5231628418
6367954.0000000000,-128.5449676514
6382632.5000000000,-128.5492553711
6397352.0000000000,-128.5542602539
6412098.0000000000,-128.5565185547
6426878.5000000000,-128.5604858398
6441693.0000000000,-128.5810546875
6456541.5000000000,-128.5833129883
6471424.0000000000,-128.5980987549
6486341.5000000000,-128.5982818604
6501300.0000000000,-128.6029357910
6516286.0000000000,-128.6797485352
6531306.5000000000,-128.7379150391
6546361.5000000000,-128.7888488770
6561451.5000000000,-128.8200225830
6576576.0000000000,-128.8276977539
6591735.5000000000,-128.8280792236
6606937.0000000000,-128.8292083740
6622166.5000000000,-128.8915252686
6637431.0000000000,-128.9746551514
6652731.0000000000,-128.9985046387
6668066.0000000000,-129.0054473877
6683436.0000000000,-129.0060729980
6698849.5000000000,-129.0162200928
6714290.5000000000,-129.0185089111
6729767.5000000000,-129.0263061523
6745280.0000000000,-129.0366973877
6760828.5000000000,-129.0375061035
6776413.0000000000,-129.0392456055
6792033.0000000000,-129.0508880615
6807696.5000000000,-129.0666351318
6823388.5000000000,-129.0932159424
6839117.0000000000,-129.1400909424
6854881.5000000000,-129.2428283691
6870682.5000000000,-129.3428497314
6886520.0000000000,-129.3829650879
6902401.5000000000,-129.4050445557
6918312.0000000000,-129.4205017090
6934259.5000000000,-129.4431610107
6950243.5000000000,-129.4908142090
6966264.0000000000,-129.5154571533
6982322.0000000000,-129.5289154053
6998416.5000000000,-129.5305328369
7014556.0000000000,-129.5381927490
7030725.0000000000,-129.5401458740
7046931.5000000000,-129.5484619141
7063175.0000000000,-129.5808258057
7079456.5000000000,-129.5819854736
7095775.0000000000,-129.5946807861
7112139.0000000000,-129.6214141846
7128533.0000000000,-129.6337432861
7144965.0000000000,-129.6466217041
7161434.5000000000,-129.6636657715
7177942.0000000000,-129.6712493896
7194487.5000000000,-129.6747436523
7211071.5000000000,-129.7504882813
7227701.5000000000,-129.7689514160
7244362.0000000000,-129.7806701660
7261060.5000000000,-129.7872314453
7277798.0000000000,-129.7919464111
7294573.5000000000,-129.8108978271
7311388.0000000000,-129.8300323486
7328241.5000000000,-129.8875885010
7345141.5000000000,-129.9320831299
7362072.5000000000,-129.9627838135
7379043.0000000000,-130.0289306641
7396052.0000000000,-130.0538787842
7413100.5000000000,-130.0599670410
7430188.0000000000,-130.0957641602
7447323.5000000000,-130.0992279053
7464490.0000000000,-130.1141815186
7481696.5000000000,-130.1200256348
7498942.0000000000,-130.1224670410
7516227.5000000000,-130.1267547607
7533553.0000000000,-130.1916046143
7550918.5000000000,-130.2671813965
7568332.0000000000,-130.2736816406
7585777.5000000000,-130.2807159424
7603263.5000000000,-130.2817840576
7620789.5000000000,-130.2938232422
7638356.0000000000,-130.2953491211
7655963.0000000000,-130.3074188232
7673619.0000000000,-130.3087615967
7691307.0000000000,-130.3166809082
7709036.0000000000,-130.3236846924
7726806.0000000000,-130.3354187012
7744617.0000000000,-130.3591308594
7762469.0000000000,-130.3676757813
7780362.0000000000,-130.3911437988
7798304.5000000000,-130.4453887939
7816280.5000000000,-130.4918823242
7834297.5000000000,-130.5057830811
7852356.0000000000,-130.5082855225
7870456.0000000000,-130.5399322510
7888598.0000000000,-130.5805969238
7906782.0000000000,-130.6306610107
7925016.5000000000,-130.6517181396
7943284.0000000000,-130.6603393555
7961594.0000000000,-130.6841430664
7979946.0000000000,-130.7159271240
7998340.5000000000,-130.7207031250
8016777.0000000000,-130.7431945801
8035265.0000000000,-130.7455596924
8053787.0000000000,-130.7572937012
8072351.5000000000,-130.7586059570
8090959.0000000000,-130.7775115967
8109609.0000000000,-130.7789001465
8128302.5000000000,-130.8080596924
8147038.5000000000,-130.8178558350
8165827.0000000000,-130.8268432617
8184650.0000000000,-130.8358306885
8203516.0000000000,-130.8691558838
8222426.0000000000,-130.9462280273
8241379.0000000000,-131.0229034424
8260376.0000000000,-131.0683593750
8279426.0000000000,-131.1029357910
8298510.5000000000,-131.1116943359
8317639.0000000000,-131.1184539795
8336812.0000000000,-131.1197814941
8356029.0000000000,-131.1212921143
8375290.0000000000,-131.1431732178
8394596.0000000000,-131.1492614746
8413955.0000000000,-131.1496582031
8433350.0000000000,-131.2010192871
8452789.0000000000,-131.2109985352
8472274.0000000000,-131.2338256836
8491803.0000000000,-131.2376403809
8511377.0000000000,-131.2953491211
8531006.0000000000,-131.3102264404
8550670.0000000000,-131.3111877441
8570380.0000000000,-131.3278350830
8590136.0000000000,-131.3315734863
8609936.0000000000,-131.3450622559
8629783.0000000000,-131.3481445313
8649675.0000000000,-131.3512268066
8669623.0000000000,-131.4072570801
8689607.0000000000,-131.4152374268
8709637.0000000000,-131.4379882813
8729713.0000000000,-131.4465026855
8749836.0000000000,-131.4465179443
8770005.0000000000,-131.6266326904
8790220.0000000000,-131.7406463623
8810492.0000000000,-131.7408294678
8830801.0000000000,-131.7566986084
8851157.0000000000,-131.7602691650
8871559.0000000000,-131.7657623291
8892009.0000000000,-131.7699432373
8912505.0000000000,-131.7795410156
8933059.0000000000,-131.7826843262
8953651.0000000000,-131.7838439941
8974289.0000000000,-131.7886962891
8994976.0000000000,-131.8045501709
9015710.0000000000,-131.8051757813
9036492.0000000000,-131.8056488037
9057321.0000000000,-131.8083496094
9078209.0000000000,-131.8362121582
9099135.0000000000,-131.9093322754
9120109.0000000000,-131.9243774414
9141132.0000000000,-131.9334259033
9162203.0000000000,-131.9486083984
9183322.0000000000,-131.9624023438
9204500.0000000000,-131.9682464600
9225718.0000000000,-131.9723510742
9246983.0000000000,-131.9826660156
9268298.0000000000,-132.0108795166
9289662.0000000000,-132.0402526855
9311076.0000000000,-132.0954895020
9332538.0000000000,-132.1750030518
9354061.0000000000,-132.2364349365
9375623.0000000000,-132.2805480957
9397234.0000000000,-132.3201599121
9418895.0000000000,-132.3750152588
9440607.0000000000,-132.4392700195
9462368.0000000000,-132.4953918457
9484190.0000000000,-132.5315093994
9506052.0000000000,-132.5552673340
9527964.0000000000,-132.5623626709
9549926.0000000000,-132.5729827881
9571940.0000000000,-132.5996246338
9594004.0000000000,-132.6244354248
9616118.0000000000,-132.6527404785
9638295.0000000000,-132.6719207764
9660512.0000000000,-132.6730041504
9682780.0000000000,-132.6802673340
9705099.0000000000,-132.6832427979
9727470.0000000000,-132.6855316162
9749893.0000000000,-132.6869812012
9772367.0000000000,-132.6893157959
9794904.0000000000,-132.6955261230
9817482.0000000000,-132.6979522705
9840112.0000000000,-132.7135620117
9862794.0000000000,-132.7248382568
9885528.0000000000,-132.7499389648
9908315.0000000000,-132.7804718018
9931165.0000000000,-132.8120574951
9954057.0000000000,-132.8446960449
9977002.0000000000,-132.8786773682
10000000.0000000000,-132.9119415283
10023051.0000000000,-132.9436187744
10046155.0000000000,-132.9751434326
10069312.0000000000,-133.0079803467
10092533.0000000000,-133.0413360596
10115797.0000000000,-133.0685424805
10139115.0000000000,-133.0918121338
10162486.0000000000,-133.0976104736
10185911.0000000000,-133.1001281738
10209391.0000000000,-133.1035614014
10232935.0000000000,-133.1038208008
10256523.0000000000,-133.1053009033
10280165.0000000000,-133.1177978516
10303861.0000000000,-133.1457214355
10327613.0000000000,-133.1982269287
10351418.0000000000,-133.2532043457
10375279.0000000000,-133.3160400391
10399206.0000000000,-133.3735198975
10423177.0000000000,-133.3835754395
10447203.0000000000,-133.3883056641
10471285.0000000000,-133.3890838623
10495422.0000000000,-133.3934631348
10519615.0000000000,-133.3958740234
10543863.0000000000,-133.4019775391
10568179.0000000000,-133.4087524414
10592540.0000000000,-133.4116058350
10616956.0000000000,-133.4118804932
10641429.0000000000,-133.4290008545
10665958.0000000000,-133.4291076660
10690544.0000000000,-133.4343872070
10715198.0000000000,-133.4378051758
10739898.0000000000,-133.4497070313
10764654.0000000000,-133.4900054932
10789467.0000000000,-133.5333251953
10814338.0000000000,-133.5910797119
10839265.0000000000,-133.6464538574
10864251.0000000000,-133.6929168701
10889305.0000000000,-133.7327117920
10914406.0000000000,-133.7533721924
10939565.0000000000,-133.7708587646
10964781.0000000000,-133.7813873291
10990056.0000000000,-133.7944488525
11015388.0000000000,-133.8116455078
11040792.0000000000,-133.8316955566
11066242.0000000000,-133.8551483154
11091750.0000000000,-133.8774719238
11117317.0000000000,-133.8987884521
11142944.0000000000,-133.9148101807
11168629.0000000000,-133.9276275635
11194373.0000000000,-133.9390411377
11220189.0000000000,-133.9498901367
11246053.0000000000,-133.9773864746
11271976.0000000000,-134.0083160400
11297958.0000000000,-134.0684204102
11324001.0000000000,-134.1310882568
11350104.0000000000,-134.2052001953
11376279.0000000000,-134.2768859863
11402502.0000000000,-134.3230133057
11428786.0000000000,-134.3230133057
11455130.0000000000,-134.3230133057
11481535.0000000000,-134.3385772705
11508000.0000000000,-134.3650970459
11534527.0000000000,-134.3953704834
11561128.0000000000,-134.3962402344
11587777.0000000000,-134.4425048828
11614488.0000000000,-134.4681396484
11641260.0000000000,-134.4859771729
11668094.0000000000,-134.4975433350
11694990.0000000000,-134.5254974365
11721947.0000000000,-134.5581665039
11748980.0000000000,-134.5869445801
11776062.0000000000,-134.6020355225
11803207.0000000000,-134.6065216064
11830414.0000000000,-134.6078643799
11857684.0000000000,-134.6268463135
11885017.0000000000,-134.6496734619
11912426.0000000000,-134.6740112305
11939885.0000000000,-134.6780853271
11967407.0000000000,-134.7062530518
11994993.0000000000,-134.7352294922
12022642.0000000000,-134.7388000488
12050355.0000000000,-134.7502746582
12078132.0000000000,-134.7577056885
12105986.0000000000,-134.7580718994
12133892.0000000000,-134.8204193115
12161861.0000000000,-134.8255004883
12189895.0000000000,-134.8308105469
12217994.0000000000,-134.8668975830
12246157.0000000000,-134.8810577393
12274399.0000000000,-134.8811187744
12302692.0000000000,-134.9255981445
12331051.0000000000,-134.9328460693
12359475.0000000000,-134.9878234863
12387964.0000000000,-134.9931793213
12416519.0000000000,-134.9966278076
12445140.0000000000,-135.0297851563
12473841.0000000000,-135.0297851563
12502594.0000000000,-135.0297851563
12531413.0000000000,-135.0297851563
12560299.0000000000,-135.0311126709
12589251.0000000000,-135.0425720215
12618270.0000000000,-135.0546875000
12647370.0000000000,-135.0665893555
12676523.0000000000,-135.0687713623
12705744.0000000000,-135.0906066895
12735031.0000000000,-135.1004943848
12764387.0000000000,-135.1027984619
12793809.0000000000,-135.1059570313
12823300.0000000000,-135.1143035889
12852873.0000000000,-135.1207275391
12882499.0000000000,-135.1404571533
12912195.0000000000,-135.1723175049
12941958.0000000000,-135.1900482178
12971790.0000000000,-135.2086791992
13001691.0000000000,-135.2132873535
13031661.0000000000,-135.2539672852
13061714.0000000000,-135.2895507813
13091822.0000000000,-135.3007659912
13122000.0000000000,-135.3074951172
13152247.0000000000,-135.3489532471
13182564.0000000000,-135.3639831543
13212951.0000000000,-135.3810272217
13243422.0000000000,-135.4010009766
13273949.0000000000,-135.4014282227
13304546.0000000000,-135.5413055420
13335214.0000000000,-135.6809387207
13365953.0000000000,-135.8003692627
13396762.0000000000,-135.8056793213
13427643.0000000000,-135.8176574707
13458609.0000000000,-135.8423461914
13489632.0000000000,-135.8526000977
13520727.0000000000,-135.8874816895
13551893.0000000000,-135.9073791504
13583131.0000000000,-135.9076385498
13614441.0000000000,-135.9076538086
13645839.0000000000,-135.9196014404
13677293.0000000000,-135.9204864502
13708820.0000000000,-135.9219055176
13740420.0000000000,-135.9285278320
13772093.0000000000,-135.9398193359
13803838.0000000000,-135.9503784180
13835657.0000000000,-135.9694519043
13867565.0000000000,-135.9695587158
13899530.0000000000,-136.0822601318
13931570.0000000000,-136.2358551025
13963683.0000000000,-136.3894042969
13995870.0000000000,-136.5104370117
14028132.0000000000,-136.5985565186
14060468.0000000000,-136.6002655029
14092893.0000000000,-136.6213989258
14125379.0000000000,-136.6262207031
14157939.0000000000,-136.6554870605
14190574.0000000000,-136.6671752930
14223284.0000000000,-136.6795196533
14256070.0000000000,-136.6802062988
14288946.0000000000,-136.6951141357
14321884.0000000000,-136.6953735352
14354896.0000000000,-136.6960449219
14387986.0000000000,-136.7000427246
14421151.0000000000,-136.7053680420
14454393.0000000000,-136.7077941895
14487711.0000000000,-136.7236785889
14521122.0000000000,-136.7350463867
14554594.0000000000,-136.7553100586
14588144.0000000000,-136.7674713135
14621770.0000000000,-136.7874755859
14655475.0000000000,-136.7901000977
14689257.0000000000,-136.8016357422
14723133.0000000000,-136.8230743408
14757070.0000000000,-136.8230743408
14791086.0000000000,-136.8230743408
14825181.0000000000,-136.8314514160
14859354.0000000000,-136.8464965820
14893606.0000000000,-136.8773345947
14927937.0000000000,-136.8815155029
14962363.0000000000,-136.8913574219
14996852.0000000000,-136.8939056396
15031421.0000000000,-136.9268493652
15066070.0000000000,-136.9358520508
15100798.0000000000,-136.9552764893
15135607.0000000000,-136.9611358643
15170512.0000000000,-137.0211944580
15205481.0000000000,-137.0265960693
15240531.0000000000,-137.0794982910
15275661.0000000000,-137.1015777588
15310873.0000000000,-137.1015930176
15346165.0000000000,-137.1154479980
15381539.0000000000,-137.1265716553
15417012.0000000000,-137.1490020752
15452549.0000000000,-137.1558380127
15488168.0000000000,-137.2058105469
15523870.0000000000,-137.2166900635
15559653.0000000000,-137.2533721924
15595519.0000000000,-137.2560729980
15631468.0000000000,-137.2821655273
15667517.0000000000,-137.3364105225
15703632.0000000000,-137.4371490479
15739830.0000000000,-137.4454193115
15776111.0000000000,-137.4525299072
15812476.0000000000,-137.4888763428
15848925.0000000000,-137.5075073242
15885475.0000000000,-137.5768127441
15922092.0000000000,-137.5821380615
15958794.0000000000,-137.6020507813
15995580.0000000000,-137.6104125977
16032451.0000000000,-137.6450500488
16069407.0000000000,-137.6682586670
16106448.0000000000,-137.6877288818
16143592.0000000000,-137.7127380371
16180804.0000000000,-137.7280578613
16218102.0000000000,-137.7376251221
16255486.0000000000,-137.7424468994
16292956.0000000000,-137.7688751221
16330513.0000000000,-137.8304748535
16368174.0000000000,-137.9176025391
16405903.0000000000,-137.9467773438
16443720.0000000000,-137.9633941650
16481624.0000000000,-138.0231781006
16519616.0000000000,-138.0306549072
16557694.0000000000,-138.0306549072
16595861.0000000000,-138.0306549072
16634134.0000000000,-138.0306549072
16672477.0000000000,-137.9917602539
16710908.0000000000,-137.9633941650
16749428.0000000000,-137.9917602539
16788036.0000000000,-138.1221008301
16826734.0000000000,-138.1289215088
16865540.0000000000,-138.1291809082
16904416.0000000000,-138.1311492920
16943382.0000000000,-138.1366577148
16982438.0000000000,-138.1423492432
17021582.0000000000,-138.1423492432
17060818.0000000000,-138.1810913086
17100146.0000000000,-138.1862640381
17139582.0000000000,-138.1946868896
17179090.0000000000,-138.2214965820
17218688.0000000000,-138.2254486084
17258378.0000000000,-138.2254486084
17298160.0000000000,-138.2479858398
17338034.0000000000,-138.2606048584
17378000.0000000000,-138.2620544434
17418076.0000000000,-138.2632446289
17458226.0000000000,-138.2632446289
17498468.0000000000,-138.2632446289
17538804.0000000000,-138.2632446289
17579232.0000000000,-138.2632446289
17619752.0000000000,-138.3362731934
17660388.0000000000,-138.3419036865
17701096.0000000000,-138.3796234131
17741898.0000000000,-138.3863525391
17782794.0000000000,-138.5036926270
17823784.0000000000,-138.5036926270
17864870.0000000000,-138.5036926270
17906050.0000000000,-138.5423889160
17947344.0000000000,-138.5633392334
17988714.0000000000,-138.5659484863
18030180.0000000000,-138.5675964355
18071740.0000000000,-138.5703277588
18113396.0000000000,-138.5894317627
18155150.0000000000,-138.6200561523
18197018.0000000000,-138.6510620117
18238964.0000000000,-138.6516723633
18281006.0000000000,-138.6919250488
18323144.0000000000,-138.7090148926
18365380.0000000000,-138.7090148926
18407714.0000000000,-138.7090148926
18450146.0000000000,-138.7192840576
18492694.0000000000,-138.7192840576
18535322.0000000000,-138.7192840576
18578046.0000000000,-138.7192840576
18620870.0000000000,-138.7192840576
18663792.0000000000,-138.7451171875
18706814.0000000000,-138.7520904541
18749934.0000000000,-138.7520904541
18793176.0000000000,-138.7520904541
18836496.0000000000,-138.7520904541
18879914.0000000000,-138.7542419434
18923434.0000000000,-138.7690887451
18967054.0000000000,-138.7709197998
19010774.0000000000,-138.7751770020
19054616.0000000000,-138.8047180176
19098538.0000000000,-138.8047180176
19142562.0000000000,-138.8047180176
19186688.0000000000,-138.8047180176
19230914.0000000000,-138.8047180176
19275242.0000000000,-138.8103637695
19319674.0000000000,-138.8182830811
19364228.0000000000,-138.9846343994
19408864.0000000000,-139.0290985107
19453602.0000000000,-139.0671691895
19498444.0000000000,-139.0677185059
19543390.0000000000,-139.1965179443
19588438.0000000000,-139.2006378174
19633612.0000000000,-139.2468261719
19678870.0000000000,-139.2603912354
19724230.0000000000,-139.2603912354
19769696.0000000000,-139.2603912354
19815268.0000000000,-139.2603912354
19860942.0000000000,-139.2603912354
19906724.0000000000,-139.2603912354
19952632.0000000000,-139.2727966309
19998624.0000000000,-139.2787322998
20044722.0000000000,-139.3284606934
20090926.0000000000,-139.3545379639
20137238.0000000000,-139.4061126709
20183656.0000000000,-139.4104766846
20230202.0000000000,-139.4214324951
20276834.0000000000,-139.4449310303
20323574.0000000000,-139.4588165283
20370422.0000000000,-139.4985046387
20417376.0000000000,-139.5032043457
20464440.0000000000,-139.5032043457
20511612.0000000000,-139.5032043457
20558916.0000000000,-139.5160522461
20606306.0000000000,-139.5283203125
20653804.0000000000,-139.5371551514
20701412.0000000000,-139.5441589355
20749130.0000000000,-139.5476531982
20796960.0000000000,-139.5547027588
20844898.0000000000,-139.6282806396
20892970.0000000000,-139.7102050781
20941130.0000000000,-139.7343444824
20989400.0000000000,-139.7343444824
21037782.0000000000,-139.7343444824
21086276.0000000000,-139.7465667725
21134882.0000000000,-139.7953643799
21183622.0000000000,-139.9397583008
21232452.0000000000,-140.0935363770
21281394.0000000000,-140.0935363770
21330448.0000000000,-140.0935363770
21379618.0000000000,-140.1185302734
21428898.0000000000,-140.1521759033
21478294.0000000000,-140.1593017578
21527826.0000000000,-140.1652221680
21577450.0000000000,-140.1956787109
21627188.0000000000,-140.2097320557
21677040.0000000000,-140.2469024658
21727006.0000000000,-140.2492370605
21777088.0000000000,-140.2777557373
21827310.0000000000,-140.3411254883
21877624.0000000000,-140.3463897705
21928054.0000000000,-140.3638153076
21978600.0000000000,-140.3989257813
22029262.0000000000,-140.4187774658
22080040.0000000000,-140.4187774658
22130936.0000000000,-140.4187774658
22181974.0000000000,-140.4187774658
22233106.0000000000,-140.4187774658
22284354.0000000000,-140.4187774658
22335722.0000000000,-140.4187774658
22387206.0000000000,-140.4387054443
22438810.0000000000,-140.4866943359
22490558.0000000000,-140.5682067871
22542400.0000000000,-140.5682067871
22594362.0000000000,-140.5731964111
22646444.0000000000,-140.5982360840
22698646.0000000000,-140.5982360840
22750968.0000000000,-140.5982360840
22803410.0000000000,-140.5982360840
22855998.0000000000,-140.5982360840
22908684.0000000000,-140.5982360840
22961490.0000000000,-140.5982360840
23014418.0000000000,-140.5982360840
23067468.0000000000,-140.5982360840
23120640.0000000000,-140.5982360840
23173934.0000000000,-140.5982360840
23227378.0000000000,-140.5982360840
23280918.0000000000,-140.5982360840
23334582.0000000000,-140.5982360840
23388370.0000000000,-140.5982360840
23442282.0000000000,-140.6081237793
23496318.0000000000,-140.6180114746
23550504.0000000000,-140.6180114746
23604790.0000000000,-140.6180114746
23659200.0000000000,-140.6180114746
23713738.0000000000,-140.6180114746
23768398.0000000000,-140.6081237793
23823186.0000000000,-140.5982360840
23878100.0000000000,-140.5982360840
23933168.0000000000,-140.5682067871
23988336.0000000000,-140.5604400635
24043630.0000000000,-140.4937286377
24099052.0000000000,-140.4937286377
24154602.0000000000,-140.4937286377
24210280.0000000000,-140.5432281494
24266114.0000000000,-140.5604400635
24322048.0000000000,-140.5682067871
24378112.0000000000,-140.5982360840
24434306.0000000000,-140.5982360840
24490628.0000000000,-140.6081237793
24547082.0000000000,-140.6180114746
24603664.0000000000,-140.6180114746
24660404.0000000000,-140.6958923340
24717248.0000000000,-140.6993408203
24774224.0000000000,-140.7202301025
24831330.0000000000,-140.7244720459
24888568.0000000000,-140.7545318604
24945938.0000000000,-140.7545318604
25003440.0000000000,-140.7545318604
25061102.0000000000,-140.7545318604
25118870.0000000000,-140.7545318604
25176770.0000000000,-140.7588958740
25234804.0000000000,-140.7816314697
25292972.0000000000,-140.7840270996
25351274.0000000000,-140.8781585693
25409740.0000000000,-140.9867095947
25468310.0000000000,-141.0323333740
25527016.0000000000,-141.0409393311
25585858.0000000000,-141.0618286133
25644836.0000000000,-141.1026611328
25703948.0000000000,-141.1505584717
25763198.0000000000,-141.1511840820
25822612.0000000000,-141.1511840820
25882136.0000000000,-141.1511840820
25941796.0000000000,-141.1511840820
26001594.0000000000,-141.2077178955
26061528.0000000000,-141.3015899658
26121602.0000000000,-141.3015899658
26181844.0000000000,-141.3015899658
26242194.0000000000,-141.3015899658
26302684.0000000000,-141.3015899658
26363314.0000000000,-141.3071441650
26424084.0000000000,-141.3310394287
26484992.0000000000,-141.3559112549
26546042.0000000000,-141.4600677490
26607262.0000000000,-141.4647827148
26668594.0000000000,-141.4647827148
26730066.0000000000,-141.4647827148
26791682.0000000000,-141.4600677490
26853438.0000000000,-141.4600677490
26915338.0000000000,-141.4600677490
26977408.0000000000,-141.4647827148
27039594.0000000000,-141.4727478027
27101922.0000000000,-141.5003204346
27164394.0000000000,-141.5209045410
27227010.0000000000,-141.5265655518
27289770.0000000000,-141.5291137695
27352674.0000000000,-141.7294158936
27415754.0000000000,-141.7296905518
27478950.0000000000,-141.7475433350
27542290.0000000000,-141.7475433350
27605778.0000000000,-141.7475433350
27669410.0000000000,-141.7296905518
27733190.0000000000,-141.7294158936
27797118.0000000000,-141.7294158936
27861222.0000000000,-141.7296905518
27925444.0000000000,-141.7296905518
27989814.0000000000,-141.7296905518
28054334.0000000000,-141.7296905518
28119000.0000000000,-141.7296905518
28183816.0000000000,-141.7915802002
28248814.0000000000,-141.8116455078
28313930.0000000000,-141.8116455078
28379194.0000000000,-141.8116455078
28444610.0000000000,-141.8116455078
28510178.0000000000,-141.8116455078
28575896.0000000000,-141.8116455078
28641766.0000000000,-141.8424835205
28707818.0000000000,-141.8424835205
28773992.0000000000,-141.8424835205
28840318.0000000000,-141.8424835205
28906796.0000000000,-141.8424835205
28973428.0000000000,-141.8424835205
29040214.0000000000,-141.8116455078
29107186.0000000000,-141.7915802002
29174280.0000000000,-141.7915802002
29241530.0000000000,-141.8116455078
29308932.0000000000,-141.8424835205
29376492.0000000000,-141.8862457275
29444208.0000000000,-141.9395446777
29512078.0000000000,-141.9532318115
29580138.0000000000,-141.9625549316
29648322.0000000000,-142.0008544922
29716664.0000000000,-142.0008544922
29785162.0000000000,-142.0008544922
29853820.0000000000,-142.0008544922
29922634.0000000000,-142.0008544922
29991642.0000000000,-142.0008544922
30060774.0000000000,-142.0645599365
30130066.0000000000,-142.0663452148
30199518.0000000000,-142.1052703857
30269130.0000000000,-142.1052703857
30338904.0000000000,-142.2280120850
30408836.0000000000,-142.2496490479
30478964.0000000000,-142.4322052002
30549220.0000000000,-142.4492797852
30619638.0000000000,-142.5333862305
30690220.0000000000,-142.5466918945
30760962.0000000000,-142.5556182861
30831868.0000000000,-142.6699676514
30902938.0000000000,-142.9106903076
30974206.0000000000,-143.1604919434
31045604.0000000000,-143.1604919434
31117166.0000000000,-143.1604919434
31188892.0000000000,-143.1604919434
31260786.0000000000,-143.1604919434
31332844.0000000000,-143.1604919434
31405102.0000000000,-143.1604919434
31477494.0000000000,-143.1604919434
31550052.0000000000,-143.1604919434
31622776.0000000000,-143.1604919434
31695670.0000000000,-143.1604919434
31768730.0000000000,-143.1604919434
31841960.0000000000,-143.1604919434
31915392.0000000000,-143.1604919434
31988960.0000000000,-143.1604919434
32062696.0000000000,-143.1604919434
32136604.0000000000,-143.1604919434
32210680.0000000000,-143.1604919434
32284928.0000000000,-143.1604919434
32359382.0000000000,-143.1977996826
32433974.0000000000,-143.2193145752
32508736.0000000000,-143.2926788330
32583670.0000000000,-143.2926788330
32658778.0000000000,-143.2926788330
32734060.0000000000,-143.2926788330
32809514.0000000000,-143.2926788330
32885178.0000000000,-143.2926788330
32960980.0000000000,-143.2926788330
33036958.0000000000,-143.2193145752
33113110.0000000000,-143.1977996826
33189438.0000000000,-143.1027221680
33265942.0000000000,-143.0168304443
33342624.0000000000,-143.0010681152
33419516.0000000000,-142.9833526611
33496552.0000000000,-142.9820709229
33573764.0000000000,-142.9575805664
33651152.0000000000,-142.9575805664
33728720.0000000000,-142.9575805664
33806468.0000000000,-142.9575805664
33884432.0000000000,-142.9575805664
33962536.0000000000,-142.9575805664
34040824.0000000000,-142.9575805664
34119292.0000000000,-142.9575805664
34197936.0000000000,-142.9575805664
34276768.0000000000,-142.9820709229
34355776.0000000000,-142.9833526611
34435008.0000000000,-143.0168304443
34514384.0000000000,-143.2193145752
34593940.0000000000,-143.3302612305
34673680.0000000000,-143.4853363037
34753608.0000000000,-143.5763702393
34833716.0000000000,-143.6150817871
34914048.0000000000,-143.6325531006
34994528.0000000000,-143.6325531006
35075192.0000000000,-143.6325531006
35156044.0000000000,-143.6325531006
35237080.0000000000,-143.6325531006
35318304.0000000000,-143.6325531006
35399716.0000000000,-143.6325531006
35481356.0000000000,-143.6325531006
35563140.0000000000,-143.6325531006
35645116.0000000000,-143.6325531006
35727280.0000000000,-143.5763702393
35809636.0000000000,-143.5763702393
35892180.0000000000,-143.5763702393
35974952.0000000000,-143.5763702393
36057876.0000000000,-143.5763702393
36140992.0000000000,-143.5763702393
36224300.0000000000,-143.6325531006
36307800.0000000000,-143.6403045654
36391492.0000000000,-143.7317810059
36475376.0000000000,-143.7317810059
36559496.0000000000,-143.7317810059
36643768.0000000000,-143.7317810059
36728236.0000000000,-143.7317810059
36812896.0000000000,-143.7317810059
36897752.0000000000,-143.7317810059
36982804.0000000000,-143.7847137451
37068052.0000000000,-143.7847137451
37153536.0000000000,-143.7847137451
37239180.0000000000,-143.7847137451
37325020.0000000000,-143.7317810059
37411056.0000000000,-143.6403045654
37497292.0000000000,-143.6325531006
37583724.0000000000,-143.5763702393
37670400.0000000000,-143.5763702393
37757232.0000000000,-143.5763702393
37844264.0000000000,-143.6403045654
37931500.0000000000,-143.6729736328
38018932.0000000000,-143.6729736328
38106568.0000000000,-143.6729736328
38194408.0000000000,-143.6729736328
38282492.0000000000,-143.6729736328
38370736.0000000000,-143.6729736328
38459180.0000000000,-143.7847137451
38547832.0000000000,-143.8072967529
38636688.0000000000,-143.8820648193
38725748.0000000000,-143.8896789551
38815056.0000000000,-143.9252471924
38904528.0000000000,-143.9426269531
38994204.0000000000,-143.9601135254
39084092.0000000000,-143.9601135254
39174180.0000000000,-143.9974365234
39264480.0000000000,-144.0158843994
39354988.0000000000,-144.0252227783
39445748.0000000000,-144.0252227783
39536672.0000000000,-144.0252227783
39627808.0000000000,-144.0252227783
39719152.0000000000,-144.0252227783
39810708.0000000000,-144.0252227783
39902476.0000000000,-144.0469970703
39994496.0000000000,-144.0631256104
40086688.0000000000,-144.0703735352
40179088.0000000000,-144.0881500244
40271704.0000000000,-144.0999450684
40364536.0000000000,-144.1274414063
40457576.0000000000,-144.1305999756
40550836.0000000000,-144.1395111084
40644352.0000000000,-144.1674499512
40738040.0000000000,-144.1731262207
40831944.0000000000,-144.1963958740
40926064.0000000000,-144.2173919678
41020404.0000000000,-144.2328948975
41114956.0000000000,-144.3051300049
41209732.0000000000,-144.3333740234
41304768.0000000000,-144.4039764404
41399976.0000000000,-144.4798278809
41495408.0000000000,-144.4821624756
41591056.0000000000,-144.4890289307
41686928.0000000000,-144.4890289307
41783020.0000000000,-144.4890289307
41879376.0000000000,-144.5398406982
41975912.0000000000,-144.5398406982
42072668.0000000000,-144.5398406982
42169652.0000000000,-144.5398406982
42266856.0000000000,-144.5398406982
42364284.0000000000,-144.5398406982
42461936.0000000000,-144.5398406982
42559860.0000000000,-144.5398406982
42657964.0000000000,-144.5398406982
42756292.0000000000,-144.5508575439
42854848.0000000000,-144.6440277100
42953632.0000000000,-144.6762390137
43052644.0000000000,-144.6985168457
43151932.0000000000,-144.7246856689
43251400.0000000000,-144.7409362793
43351096.0000000000,-144.7246856689
43451024.0000000000,-144.6985168457
43551180.0000000000,-144.6762390137
43651568.0000000000,-144.6762390137
43752188.0000000000,-144.6985168457
43853088.0000000000,-144.7246856689
43954176.0000000000,-144.7409362793
44055492.0000000000,-144.7512969971
44157044.0000000000,-144.7630920410
44258828.0000000000,-144.8144989014
44360848.0000000000,-144.8253326416
44463104.0000000000,-144.8422241211
44565644.0000000000,-144.8479003906
44668368.0000000000,-144.8479003906
44771332.0000000000,-144.8479003906
44874532.0000000000,-144.8630523682
44977972.0000000000,-144.8890228271
45081652.0000000000,-144.8925628662
45185616.0000000000,-144.9115295410
45289772.0000000000,-144.9165802002
45394168.0000000000,-144.9459075928
45498804.0000000000,-145.1298522949
45603684.0000000000,-145.3971405029
45708804.0000000000,-145.4752807617
45814164.0000000000,-145.4888916016
45919820.0000000000,-145.8370971680
46025668.0000000000,-145.8751373291
46131760.0000000000,-145.8751373291
46238100.0000000000,-145.8751373291
46344680.0000000000,-145.8751373291
46451508.0000000000,-145.8751373291
46558632.0000000000,-145.8751373291
46665956.0000000000,-145.8751373291
46773524.0000000000,-145.9618530273
46881340.0000000000,-146.0022888184
46989404.0000000000,-146.2248992920
47097716.0000000000,-146.2248992920
47206280.0000000000,-146.2248992920
47315148.0000000000,-146.2248992920
47424212.0000000000,-146.2344512939
47533528.0000000000,-146.2627716064
47643096.0000000000,-146.2826843262
47752916.0000000000,-146.2826843262
47862992.0000000000,-146.2826843262
47973372.0000000000,-146.2826843262
48083952.0000000000,-146.2826843262
48194788.0000000000,-146.2826843262
48305880.0000000000,-146.3163146973
48417232.0000000000,-146.3885040283
48528836.0000000000,-146.3885040283
48640696.0000000000,-146.3163146973
48752872.0000000000,-146.3141479492
48865252.0000000000,-146.2826843262
48977888.0000000000,-146.2647705078
49090784.0000000000,-146.2627716064
49203944.0000000000,-146.2344512939
49317364.0000000000,-146.2005462646
49431044.0000000000,-146.1852722168
49545040.0000000000,-146.1852722168
49659244.0000000000,-146.1852722168
49773712.0000000000,-146.1852722168
49888444.0000000000,-146.1852722168
50003440.0000000000,-146.1179351807
50118700.0000000000,-146.0556945801
50234284.0000000000,-146.0437011719
50350076.0000000000,-146.0437011719
50466136.0000000000,-146.0437011719
50582464.0000000000,-146.0556945801
50699060.0000000000,-146.1179351807
50815928.0000000000,-146.1852722168
50933060.0000000000,-146.2005462646
51050520.0000000000,-146.2549285889
51168196.0000000000,-146.2549285889
51286144.0000000000,-146.2627716064
51404360.0000000000,-146.2647705078
51522852.0000000000,-146.2647705078
51641616.0000000000,-146.2647705078
51760712.0000000000,-146.3141479492
51880024.0000000000,-146.4034729004
51999608.0000000000,-146.4259338379
52119472.0000000000,-146.4626312256
52239612.0000000000,-146.4626312256
52360028.0000000000,-146.4649963379
52480720.0000000000,-146.4649963379
52601752.0000000000,-146.4649963379
52723000.0000000000,-146.4649963379
52844532.0000000000,-146.4649963379
52966340.0000000000,-146.4649963379
53088432.0000000000,-146.4626312256
53210804.0000000000,-146.3141479492
53333520.0000000000,-146.2549285889
53456456.0000000000,-146.2549285889
53579676.0000000000,-146.2549285889
53703180.0000000000,-146.2549285889
53826972.0000000000,-146.2549285889
53951048.0000000000,-146.2549285889
54075408.0000000000,-146.2549285889
54200116.0000000000,-146.4626312256
54325048.0000000000,-146.4626312256
54450272.0000000000,-146.3277587891
54575784.0000000000,-146.2549285889
54701584.0000000000,-146.2498474121
54827676.0000000000,-146.0535430908
54954060.0000000000,-146.0535430908
55080792.0000000000,-146.2498474121
55207756.0000000000,-146.3277587891
55335016.0000000000,-146.2498474121
55462564.0000000000,-146.0535430908
55590412.0000000000,-146.0085906982
55718552.0000000000,-145.9691619873
55847048.0000000000,-145.9227294922
55975780.0000000000,-145.9227294922
56104808.0000000000,-145.9227294922
56234132.0000000000,-145.9227294922
56363756.0000000000,-145.9227294922
56493680.0000000000,-145.8310852051
56623900.0000000000,-145.7614288330
56754484.0000000000,-145.6371917725
56885308.0000000000,-145.4420471191
57016432.0000000000,-145.4420471191
57147860.0000000000,-145.4420471191
57279588.0000000000,-145.4420471191
57411624.0000000000,-145.4420471191
57544024.0000000000,-145.4420471191
57676668.0000000000,-145.4420471191
57809616.0000000000,-145.4420471191
57942872.0000000000,-145.7614288330
58076432.0000000000,-145.8310852051
58210304.0000000000,-145.9227294922
58344484.0000000000,-146.0535430908
58479036.0000000000,-146.2498474121
58613832.0000000000,-146.2570495605
58748944.0000000000,-146.2593231201
58884364.0000000000,-146.3277587891
59020096.0000000000,-146.4654541016
59156140.0000000000,-146.4654541016
59292500.0000000000,-146.4654541016
59429240.0000000000,-146.4654541016
59566228.0000000000,-146.3277587891
59703532.0000000000,-146.2593231201
59841152.0000000000,-146.2593231201
59979092.0000000000,-146.2593231201
60117348.0000000000,-146.4654541016
60255988.0000000000,-146.6941986084
60394884.0000000000,-146.9748840332
60534096.0000000000,-147.1415252686
60673632.0000000000,-147.1415252686
60813488.0000000000,-147.1415252686
60953668.0000000000,-147.1415252686
61094172.0000000000,-147.1415252686
61235064.0000000000,-147.1415252686
61376216.0000000000,-147.1415252686
61517692.0000000000,-147.1415252686
61659496.0000000000,-147.1415252686
61801624.0000000000,-147.1415252686
61944080.0000000000,-147.1811370850
62086936.0000000000,-147.2131500244
62230048.0000000000,-147.4033660889
62373496.0000000000,-147.4627685547
62517268.0000000000,-147.5260772705
62661376.0000000000,-147.5614624023
62805816.0000000000,-147.6801147461
62950588.0000000000,-147.5614624023
63095764.0000000000,-147.5260772705
63241204.0000000000,-147.4627685547
63386976.0000000000,-147.4627685547
63533088.0000000000,-147.4627685547
63679536.0000000000,-147.4627685547
63826324.0000000000,-147.4627685547
63973516.0000000000,-147.4627685547
64120980.0000000000,-147.4627685547
64268784.0000000000,-147.4627685547
64416928.0000000000,-147.4627685547
64565416.0000000000,-147.4627685547
64714244.0000000000,-147.4627685547
64863412.0000000000,-147.5260772705
65013000.0000000000,-147.5260772705
65162860.0000000000,-147.5260772705
65313064.0000000000,-147.5614624023
65463616.0000000000,-147.6009063721
65614512.0000000000,-147.6801147461
65765760.0000000000,-147.8988952637
65917356.0000000000,-147.9358673096
66069372.0000000000,-147.9358978271
66221664.0000000000,-147.9774932861
66374312.0000000000,-148.0143280029
66527308.0000000000,-148.0734710693
66680660.0000000000,-148.1206359863
66834364.0000000000,-148.1255187988
66988492.0000000000,-148.2341003418
67142904.0000000000,-148.2796936035
67297680.0000000000,-148.3791198730
67452800.0000000000,-148.4073944092
67608288.0000000000,-148.4155120850
67764128.0000000000,-148.6433715820
67920328.0000000000,-148.6433715820
68076968.0000000000,-148.4189147949
68233888.0000000000,-148.4189147949
68391168.0000000000,-148.4189147949
68548816.0000000000,-148.4189147949
68706824.0000000000,-148.3791198730
68865200.0000000000,-148.2796936035
69024016.0000000000,-148.2341003418
69183120.0000000000,-148.2341003418
69342592.0000000000,-148.2341003418
69502432.0000000000,-148.2341003418
69662640.0000000000,-148.2341003418
69823216.0000000000,-148.2341003418
69984168.0000000000,-148.1605377197
70145560.0000000000,-148.1255187988
70307248.0000000000,-148.1255187988
70469312.0000000000,-148.1255187988
70631752.0000000000,-148.1206359863
70794560.0000000000,-147.9774932861
70957752.0000000000,-148.1605377197
71121392.0000000000,-148.3610839844
71285328.0000000000,-148.4189147949
71449648.0000000000,-148.5886383057
71614344.0000000000,-149.0726470947
71779424.0000000000,-149.5985870361
71944880.0000000000,-149.5985870361
72110712.0000000000,-149.5985870361
72277016.0000000000,-149.0726470947
72443616.0000000000,-148.9768981934
72610608.0000000000,-148.5886383057
72777976.0000000000,-148.4812774658
72945736.0000000000,-148.4189147949
73113880.0000000000,-148.3610839844
73282416.0000000000,-148.1631469727
73451416.0000000000,-148.1631469727
73620728.0000000000,-148.1631469727
73790432.0000000000,-148.1631469727
73960520.0000000000,-148.1631469727
74131008.0000000000,-148.1631469727
74301880.0000000000,-148.1631469727
74473232.0000000000,-148.1631469727
74644904.0000000000,-148.1631469727
74816960.0000000000,-148.1631469727
74989424.0000000000,-148.3610839844
75162280.0000000000,-148.4812774658
75335528.0000000000,-148.5886383057
75509184.0000000000,-148.6153717041
75683320.0000000000,-148.6747894287
75857776.0000000000,-148.9768981934
76032632.0000000000,-148.9768981934
76207896.0000000000,-148.9768981934
76383560.0000000000,-148.9768981934
76559632.0000000000,-148.9768981934
76736192.0000000000,-148.9768981934
76913072.0000000000,-148.9768981934
77090360.0000000000,-148.9768981934
77268064.0000000000,-148.9768981934
77446168.0000000000,-149.6447906494
77624688.0000000000,-149.6447906494
77803616.0000000000,-149.6447906494
77983048.0000000000,-149.6447906494
78162800.0000000000,-149.4780578613
78342976.0000000000,-148.9768981934
78523560.0000000000,-148.7089385986
78704560.0000000000,-148.6747894287
78885984.0000000000,-148.6153717041
79067816.0000000000,-148.4812774658
79250160.0000000000,-148.3070678711
79432840.0000000000,-148.1631469727
79615936.0000000000,-148.1065673828
79799456.0000000000,-148.1065673828
79983400.0000000000,-148.1631469727
80167768.0000000000,-148.3070678711
80352648.0000000000,-148.3292999268
80537872.0000000000,-148.3601074219
80723512.0000000000,-148.3601074219
80909592.0000000000,-148.3601074219
81096088.0000000000,-148.3601074219
81283024.0000000000,-148.3601074219
81470384.0000000000,-148.3601074219
81658272.0000000000,-148.3601074219
81846496.0000000000,-148.3292999268
82035160.0000000000,-148.3070678711
82224256.0000000000,-148.1030426025
82413792.0000000000,-148.1030426025
82603760.0000000000,-148.1030426025
82794256.0000000000,-148.1030426025
82985104.0000000000,-148.1030426025
83176392.0000000000,-148.0902862549
83368120.0000000000,-147.8420867920
83560288.0000000000,-147.7366180420
83752904.0000000000,-147.7366180420
83945960.0000000000,-147.8420867920
84139552.0000000000,-147.9627532959
84333496.0000000000,-148.0902862549
84527896.0000000000,-148.0902862549
84722736.0000000000,-148.0902862549
84918032.0000000000,-147.9627532959
85113768.0000000000,-147.8420867920
85310056.0000000000,-147.8420867920
85506704.0000000000,-147.9627532959
85703800.0000000000,-147.9627532959
85901352.0000000000,-148.0132293701
86099360.0000000000,-148.0902862549
86297832.0000000000,-148.1030426025
86496752.0000000000,-148.1684570313
86696224.0000000000,-148.3292999268
86896072.0000000000,-148.3601074219
87096368.0000000000,-148.3831939697
87297136.0000000000,-148.4251556396
87498360.0000000000,-148.4251556396
87700048.0000000000,-148.4251556396
87902208.0000000000,-148.4251556396
88104920.0000000000,-148.3831939697
88308008.0000000000,-148.3831939697
88511568.0000000000,-148.1684570313
88715592.0000000000,-148.1684570313
88920088.0000000000,-148.1684570313
89125056.0000000000,-148.1684570313
89330592.0000000000,-148.1684570313
89536504.0000000000,-148.1684570313
89742896.0000000000,-148.1684570313
89949760.0000000000,-148.4251556396
90157096.0000000000,-148.4251556396
90364920.0000000000,-148.4251556396
90573216.0000000000,-148.1684570313
90782088.0000000000,-148.0320281982
90991352.0000000000,-148.0320281982
91201088.0000000000,-148.0320281982
91411320.0000000000,-148.1034851074
91622024.0000000000,-148.1034851074
91833224.0000000000,-148.1034851074
92045008.0000000000,-148.1034851074
92257176.0000000000,-148.1034851074
92469832.0000000000,-148.0320281982
92682984.0000000000,-148.0132293701
92896624.0000000000,-148.0132293701
93110760.0000000000,-148.0132293701
93325384.0000000000,-148.0132293701
93540608.0000000000,-148.0132293701
93756224.0000000000,-147.9608001709
93972344.0000000000,-147.5337371826
94188952.0000000000,-147.4978942871
94406064.0000000000,-147.4978942871
94623680.0000000000,-147.4978942871
94841896.0000000000,-147.4978942871
95060512.0000000000,-147.4978942871
95279640.0000000000,-147.4978942871
95499264.0000000000,-147.4902954102
95719392.0000000000,-147.4561767578
95940032.0000000000,-147.4561767578
96161184.0000000000,-147.4561767578
96382952.0000000000,-147.4902954102
96605120.0000000000,-147.4902954102
96827800.0000000000,-147.5337371826
97050992.0000000000,-147.6183929443
97274704.0000000000,-147.6551818848
97498928.0000000000,-147.6551818848
97723672.0000000000,-147.6551818848
97949040.0000000000,-147.6551818848
98174816.0000000000,-147.6551818848
98401120.0000000000,-147.6551818848
98627936.0000000000,-147.6551818848
98855280.0000000000,-147.6551818848
99083152.0000000000,-147.7985382080
99311656.0000000000,-147.8118133545
99540576.0000000000,-147.9317169189
99770024.0000000000,-147.9317169189
100000000.0000000000,-147.9317169189
