Type,FSWP-50
Version,3.02SP1
Date,03.Jul 2026
VSupply,ON
Mode,Voltage
Voltage Set,0.6000000000,V
Voltage Min,0.0000000000,V
Voltage Max,0.6500000000,V
Voltage Meas,0.6033924953,V
Current Max,20.0000000000,mA
Current Meas,18.2904411765,mA
VTune,OFF
Voltage Set,0.0000000000,V
Voltage Min,0.0000000000,V
Voltage Max,0.0100000000,V
Voltage Meas,-0.0260146791,V
Current Max,20.0000000000,mA
Current Meas,0.1487301588,mA
VAux,OFF
Voltage Set,0.0000000000,V
Voltage Min,-10.0000000000,V
Voltage Max,10.0000000000,V
Voltage Meas,-0.0091840530,V
Current Max,100.0000000000,mA
Current Meas,-0.0707126174,mA
Mode,Phase Noise
Measurement,Phase Noise
Input,RF
RF Att,0.0000000000,dB
Coupling,AC
RBW,2.0000000000,%
XCORR Factor,1000
XCORR Optimize,ON
Estimated Meas Time,3.7457527981,s
Sweep Count,5
Signal Frequency,22273945407.8394393921,Hz
Signal Level,-13.7299000000,dBm
Start,10000.0000000000,Hz
Stop,100000000.0000000000,Hz
SubSweep,1
Start,10000.0000000000,Hz
Stop,30000.0000000000,Hz
RBW,600.0000000000,Hz
XCORR Count,1000
SubSweep,2
Start,30000.0000000000,Hz
Stop,100000.0000000000,Hz
RBW,600.0000000000,Hz
XCORR Count,1000
SubSweep,3
Start,100000.0000000000,Hz
Stop,300000.0000000000,Hz
RBW,2000.0000000000,Hz
XCORR Count,3300
SubSweep,4
Start,300000.0000000000,Hz
Stop,1000000.0000000000,Hz
RBW,6000.0000000000,Hz
XCORR Count,10000
SubSweep,5
Start,1000000.0000000000,Hz
Stop,3000000.0000000000,Hz
RBW,20000.0000000000,Hz
XCORR Count,10000
SubSweep,6
Start,3000000.0000000000,Hz
Stop,10000000.0000000000,Hz
RBW,60000.0000000000,Hz
XCORR Count,10000
SubSweep,7
Start,10000000.0000000000,Hz
Stop,30000000.0000000000,Hz
RBW,200000.0000000000,Hz
XCORR Count,10000
SubSweep,8
Start,30000000.0000000000,Hz
Stop,100000000.0000000000,Hz
RBW,600000.0000000000,Hz
XCORR Count,10000
Integrated Measurements Range,1
Start,10000.0000000000,Hz
Stop,100000000.0000000000,Hz
Weighting,OFF
Integrated Measurements Range,2
Start,10000.0000000000,Hz
Stop,100000000.0000000000,Hz
Weighting,OFF
Integrated Measurements Range,3
Start,10000.0000000000,Hz
Stop,100000000.0000000000,Hz
Weighting,OFF
Integrated Measurements Range,4
Start,10000.0000000000,Hz
Stop,100000000.0000000000,Hz
Weighting,OFF
Integrated Measurements Range,5
Start,10000.0000000000,Hz
Stop,100000000.0000000000,Hz
Weighting,OFF
Integrated Measurements Range,6
Start,10000.0000000000,Hz
Stop,100000000.0000000000,Hz
Weighting,OFF
Integrated Measurements Range,7
Start,10000.0000000000,Hz
Stop,100000000.0000000000,Hz
Weighting,OFF
Integrated Measurements Range,8
Start,10000.0000000000,Hz
Stop,100000000.0000000000,Hz
Weighting,OFF
Integrated Measurements Range,9
Start,10000.0000000000,Hz
Stop,100000000.0000000000,Hz
Weighting,OFF
Integrated Measurements Range,10
Start,10000.0000000000,Hz
Stop,100000000.0000000000,Hz
Weighting,OFF
Spot Noise Decade Edges,OFF
Spot Noise User Defined,ON
Spot Noise User Defined Offset,1
State,OFF
Offset,1000.0000000000,Hz
Spot Noise User Defined Offset,2
State,OFF
Offset,10000.0000000000,Hz
Spot Noise User Defined Offset,3
State,ON
Offset,100000.0000000000,Hz
Spot Noise User Defined Offset,4
State,ON
Offset,1000000.0000000000,Hz
Spot Noise User Defined Offset,5
State,ON
Offset,10000000.0000000000,Hz
Spot Noise User Defined Offset,6
State,OFF
Offset,100000000.0000000000,Hz
Window,1,Noise Spectrum
Trace,1
Trace Mode,CLR/WRITE
Trace Result,PN
Smoothing,ON
Smoothing Value,1.0000000000,%
Spurious Removal,ON
Spurious Removal Threshold,6.0000000000,dB
Trace Offset,OFF
Trace Offset,0.0000000000,dB
Trace Label,OFF
Trace Label,Trace 1
x-Unit,Hz
y-Unit,dBc/Hz
Values,4001
10000.0000000000,-53.3582038879
10023.0507812500,-53.3879928589
10046.1542968750,-53.4177818298
10069.3115234375,-53.4475708008
10092.5332031250,-53.4838485718
10115.7968750000,-53.5205535889
10139.1152343750,-53.5572586060
10162.4863281250,-53.5939636230
10185.9111328125,-53.6326370239
10209.3906250000,-53.6727943420
10232.9355468750,-53.7129707336
10256.5234375000,-53.7531242371
10280.1650390625,-53.7929420471
10303.8613281250,-53.8317527771
10327.6123046875,-53.8705673218
10351.4189453125,-53.9093780518
10375.2792968750,-53.9481887817
10399.2060546875,-53.9829750061
10423.1777343750,-54.0176239014
10447.2031250000,-54.0522727966
10471.2851562500,-54.0869255066
10495.4218750000,-54.1193809509
10519.6152343750,-54.1510391235
10543.8632812500,-54.1827011108
10568.1787109375,-54.2143745422
10592.5400390625,-54.2466468811
10616.9560546875,-54.2794418335
10641.4287109375,-54.3122367859
10665.9580078125,-54.3450317383
10690.5439453125,-54.3796463013
10715.1982421875,-54.4172210693
10739.8974609375,-54.4547805786
10764.6533203125,-54.4923400879
10789.4667968750,-54.5311126709
10814.3378906250,-54.5732383728
10839.2656250000,-54.6153678894
10864.2509765625,-54.6574935913
10889.3056640625,-54.6995887756
10914.4062500000,-54.7414283752
10939.5644531250,-54.7832717896
10964.7812500000,-54.8251152039
10990.0556640625,-54.8658638000
11015.3886718750,-54.9002990723
11040.7919921875,-54.9347496033
11066.2412109375,-54.9691810608
11091.7500000000,-55.0017814636
11117.3173828125,-55.0235328674
11142.9433593750,-55.0452842712
11168.6289062500,-55.0670356750
11194.3730468750,-55.0864410400
11220.1894531250,-55.0950393677
11246.0527343750,-55.1036376953
11271.9755859375,-55.1122360229
11297.9580078125,-55.1132240295
11324.0009765625,-55.1146965027
11350.1035156250,-55.1149826050
11376.2792968750,-55.1161727905
11402.5019531250,-55.1176490784
11428.7861328125,-55.1182594299
11455.1298828125,-55.1183929443
11481.5351562500,-55.1185302734
11508.0000000000,-55.1186637878
11534.5273437500,-55.1200752258
11561.1279296875,-55.1251716614
11587.7773437500,-55.1302642822
11614.4873046875,-55.1436500549
11641.2597656250,-55.1611900330
11668.0937500000,-55.1787300110
11694.9892578125,-55.1962699890
11721.9472656250,-55.2260513306
11748.9804687500,-55.2576255798
11776.0625000000,-55.2891845703
11803.2070312500,-55.3219375610
11830.4140625000,-55.3640632629
11857.6845703125,-55.4061889648
11885.0166015625,-55.4483146667
11912.4257812500,-55.4920616150
11939.8847656250,-55.5383491516
11967.4072265625,-55.5846328735
11994.9931640625,-55.6309204102
12022.6425781250,-55.6763420105
12050.3554687500,-55.7213745117
12078.1318359375,-55.7664070129
12105.9863281250,-55.8113784790
12133.8916015625,-55.8531646729
12161.8613281250,-55.8949470520
12189.8955078125,-55.9367332458
12217.9931640625,-55.9772071838
12246.1572265625,-56.0156402588
12274.3984375000,-56.0540924072
12302.6923828125,-56.0925254822
12331.0507812500,-56.1270790100
12359.4746093750,-56.1605796814
12387.9638671875,-56.1940765381
12416.5195312500,-56.2257270813
12445.1396484375,-56.2504806519
12473.8408203125,-56.2752456665
12502.5937500000,-56.2999954224
12531.4130859375,-56.3170890808
12560.2988281250,-56.3303451538
12589.2509765625,-56.3436012268
12618.2705078125,-56.3554496765
12647.3701171875,-56.3593025208
12676.5234375000,-56.3631515503
12705.7441406250,-56.3670005798
12735.0312500000,-56.3692092896
12764.3867187500,-56.3705825806
12793.8095703125,-56.3719520569
12823.2998046875,-56.3744239807
12852.8730468750,-56.3813133240
12882.4990234375,-56.3881988525
12912.1943359375,-56.3950805664
12941.9580078125,-56.4101142883
12971.7900390625,-56.4276161194
13001.6914062500,-56.4451179504
13031.6611328125,-56.4667167664
13061.7138671875,-56.4955863953
13091.8222656250,-56.5244407654
13122.0000000000,-56.5532951355
13152.2470703125,-56.5907936096
13182.5634765625,-56.6284523010
13212.9501953125,-56.6661148071
13243.4218750000,-56.7069816589
13273.9492187500,-56.7497100830
13304.5468750000,-56.7924423218
13335.2138671875,-56.8356399536
13365.9531250000,-56.8799362183
13396.7626953125,-56.9242324829
13427.6425781250,-56.9685287476
13458.6093750000,-57.0114059448
13489.6328125000,-57.0542564392
13520.7265625000,-57.0971107483
13551.8935546875,-57.1372108459
13583.1308593750,-57.1762351990
13614.4414062500,-57.2152595520
13645.8388671875,-57.2521133423
13677.2929687500,-57.2864379883
13708.8203125000,-57.3207664490
13740.4199218750,-57.3543395996
13772.0927734375,-57.3854866028
13803.8388671875,-57.4166336060
13835.6572265625,-57.4477767944
13867.5644531250,-57.4789199829
13899.5302734375,-57.5100440979
13931.5693359375,-57.5411720276
13963.6826171875,-57.5744705200
13995.8701171875,-57.6081504822
14028.1318359375,-57.6418304443
14060.4677734375,-57.6773490906
14092.8935546875,-57.7137031555
14125.3789062500,-57.7500381470
14157.9384765625,-57.7864913940
14190.5732421875,-57.8230323792
14223.2841796875,-57.8595771790
14256.0693359375,-57.8945808411
14288.9462890625,-57.9276771545
14321.8837890625,-57.9607582092
14354.8964843750,-57.9914588928
14387.9853515625,-58.0177917480
14421.1503906250,-58.0441246033
14454.3925781250,-58.0681457520
14487.7109375000,-58.0862960815
14521.1220703125,-58.1044578552
14554.5947265625,-58.1211700439
14588.1435546875,-58.1331901550
14621.7705078125,-58.1452140808
14655.4746093750,-58.1573219299
14689.2568359375,-58.1697425842
14723.1328125000,-58.1821670532
14757.0703125000,-58.1965446472
14791.0869140625,-58.2185783386
14825.1806640625,-58.2406158447
14859.3544921875,-58.2662010193
14893.6054687500,-58.3045082092
14927.9365234375,-58.3428153992
14962.3632812500,-58.3848152161
14996.8525390625,-58.4375801086
15031.4208984375,-58.4903450012
15066.0693359375,-58.5438804626
15100.7978515625,-58.5991439819
15135.6064453125,-58.6544036865
15170.5117187500,-58.7044143677
15205.4804687500,-58.7459716797
15240.5302734375,-58.7875328064
15275.6611328125,-58.8180122375
15310.8730468750,-58.8364830017
15346.1650390625,-58.8481445313
15381.5390625000,-58.8513336182
15417.0117187500,-58.8530654907
15452.5488281250,-58.8549499512
15488.1679687500,-58.8556365967
15523.8691406250,-58.8579826355
15559.6533203125,-58.8606910706
15595.5195312500,-58.8616485596
15631.4677734375,-58.8619575500
15667.5166015625,-58.8622627258
15703.6318359375,-58.8798942566
15739.8300781250,-58.8990974426
15776.1113281250,-58.9208831787
15812.4765625000,-58.9508934021
15848.9248046875,-58.9808998108
15885.4755859375,-59.0113716125
15922.0927734375,-59.0423889160
15958.7939453125,-59.0734062195
15995.5800781250,-59.0995979309
16032.4511718750,-59.1234283447
16069.4072265625,-59.1472587585
16106.4482421875,-59.1637954712
16143.5927734375,-59.1796531677
16180.8046875000,-59.1952285767
16218.1025390625,-59.2095222473
16255.4863281250,-59.2238121033
16292.9560546875,-59.2411460876
16330.5126953125,-59.2621726990
16368.1738281250,-59.2832145691
16405.9042968750,-59.3129005432
16443.7207031250,-59.3455390930
16481.6250000000,-59.3788223267
16519.6152343750,-59.4228744507
16557.6953125000,-59.4669342041
16595.8613281250,-59.5138854980
16634.1347656250,-59.5655174255
16672.4765625000,-59.6171264648
16710.9082031250,-59.6703376770
16749.4277343750,-59.7241516113
16788.0371093750,-59.7776985168
16826.7343750000,-59.8284759521
16865.5390625000,-59.8792839050
16904.4160156250,-59.9267959595
16943.3808593750,-59.9705162048
16982.4375000000,-60.0142440796
17021.5820312500,-60.0502510071
17060.8183593750,-60.0849494934
17100.1445312500,-60.1174163818
17139.5820312500,-60.1436119080
17179.0898437500,-60.1697921753
17218.6875000000,-60.1919784546
17258.3789062500,-60.2123260498
17298.1601562500,-60.2324447632
17338.0332031250,-60.2509346008
17378.0000000000,-60.2694206238
17418.0761718750,-60.2892723083
17458.2265625000,-60.3101119995
17498.4687500000,-60.3311920166
17538.8027343750,-60.3576431274
17579.2324218750,-60.3840980530
17619.7519531250,-60.4139175415
17660.3867187500,-60.4468078613
17701.0957031250,-60.4797592163
17741.8984375000,-60.5161590576
17782.7949218750,-60.5525550842
17823.7851562500,-60.5876541138
17864.8691406250,-60.6216163635
17906.0488281250,-60.6551284790
17947.3437500000,-60.6813583374
17988.7148437500,-60.7075805664
18030.1796875000,-60.7292175293
18071.7402343750,-60.7477836609
18113.3964843750,-60.7661895752
18155.1484375000,-60.7836990356
18197.0175781250,-60.8012161255
18238.9628906250,-60.8242454529
18281.0058593750,-60.8494338989
18323.1445312500,-60.8783302307
18365.3808593750,-60.9159278870
18407.7148437500,-60.9535255432
18450.1445312500,-61.0003852844
18492.6953125000,-61.0483856201
18535.3222656250,-61.0981712341
18578.0468750000,-61.1497612000
18620.8710937500,-61.2009162903
18663.7929687500,-61.2488746643
18706.8144531250,-61.2968330383
18749.9355468750,-61.3384552002
18793.1757812500,-61.3780174255
18836.4941406250,-61.4135131836
18879.9140625000,-61.4429321289
18923.4335937500,-61.4718132019
18967.0546875000,-61.4920387268
19010.7734375000,-61.5122642517
19054.6171875000,-61.5281600952
19098.5390625000,-61.5424346924
19142.5625000000,-61.5562324524
19186.6875000000,-61.5693511963
19230.9140625000,-61.5828475952
19275.2421875000,-61.5994224548
19319.6738281250,-61.6160011292
19364.2285156250,-61.6374664307
19408.8632812500,-61.6600112915
19453.6015625000,-61.6854209900
19498.4433593750,-61.7132835388
19543.3886718750,-61.7416725159
19588.4375000000,-61.7714805603
19633.6132812500,-61.8012657166
19678.8691406250,-61.8286590576
19724.2304687500,-61.8560523987
19769.6972656250,-61.8793678284
19815.2675781250,-61.9014549255
19860.9433593750,-61.9209518433
19906.7226562500,-61.9382133484
19952.6328125000,-61.9551773071
19998.6250000000,-61.9714698792
20044.7226562500,-61.9881820679
20090.9277343750,-62.0084609985
20137.2382812500,-62.0287437439
20183.6562500000,-62.0550003052
20230.2031250000,-62.0818901062
20276.8339843750,-62.1120491028
20323.5742187500,-62.1434936523
20370.4218750000,-62.1743087769
20417.3769531250,-62.2045860291
20464.4394531250,-62.2325096130
20511.6113281250,-62.2565116882
20558.9160156250,-62.2791633606
20606.3046875000,-62.2969665527
20653.8046875000,-62.3147392273
20701.4121093750,-62.3320808411
20749.1308593750,-62.3494224548
20796.9589843750,-62.3728599548
20844.8984375000,-62.3966827393
20892.9687500000,-62.4280128479
20941.1289062500,-62.4610099792
20989.4003906250,-62.4979858398
21037.7812500000,-62.5366401672
21086.2753906250,-62.5744285583
21134.8808593750,-62.6116447449
21183.6210937500,-62.6451072693
21232.4511718750,-62.6748962402
21281.3945312500,-62.7007026672
21330.4492187500,-62.7211074829
21379.6171875000,-62.7388343811
21428.8984375000,-62.7516136169
21478.2929687500,-62.7632369995
21527.8261718750,-62.7719993591
21577.4492187500,-62.7808265686
21627.1875000000,-62.7898788452
21677.0390625000,-62.7998695374
21727.0058593750,-62.8138237000
21777.0878906250,-62.8291244507
21827.3105468750,-62.8516426086
21877.6230468750,-62.8753356934
21928.0527343750,-62.9067878723
21978.5996093750,-62.9388084412
22029.2617187500,-62.9751205444
22080.0410156250,-63.0112495422
22130.9355468750,-63.0459327698
22181.9746093750,-63.0799789429
22233.1054687500,-63.1089744568
22284.3535156250,-63.1374893188
22335.7207031250,-63.1627082825
22387.2070312500,-63.1883125305
22438.8105468750,-63.2161331177
22490.5585937500,-63.2454223633
22542.4003906250,-63.2813415527
22594.3632812500,-63.3191223145
22646.4433593750,-63.3635673523
22698.6464843750,-63.4091377258
22750.9667968750,-63.4577941895
22803.4101562500,-63.5059394836
22855.9980468750,-63.5530204773
22908.6835937500,-63.5974922180
22961.4902343750,-63.6379051208
23014.4179687500,-63.6732177734
23067.4667968750,-63.7026023865
23120.6386718750,-63.7066955566
23173.9335937500,-63.7080039978
23227.3769531250,-63.7111015320
23280.9179687500,-63.7160377502
23334.5820312500,-63.7239837646
23388.3710937500,-63.7255058289
23442.2812500000,-63.7288169861
23496.3183593750,-63.7356605530
23550.5039062500,-63.7386817932
23604.7910156250,-63.7432556152
23659.2011718750,-63.7437286377
23713.7363281250,-63.7496185303
23768.3984375000,-63.7816658020
23823.1875000000,-63.8171958923
23878.1015625000,-63.8590545654
23933.1679687500,-63.9044075012
23988.3359375000,-63.9531669617
24043.6308593750,-64.0062179565
24099.0527343750,-64.0614776611
24154.6035156250,-64.1210784912
24210.2812500000,-64.1816101074
24266.1132812500,-64.2416076660
24322.0488281250,-64.2997970581
24378.1132812500,-64.3495178223
24434.3066406250,-64.3928146362
24490.6289062500,-64.4247207642
24547.0820312500,-64.4471893311
24603.6640625000,-64.4620742798
24660.4042968750,-64.4712371826
24717.2480468750,-64.4785385132
24774.2226562500,-64.4900360107
24831.3300781250,-64.5038452148
24888.5683593750,-64.5273971558
24945.9375000000,-64.5560989380
25003.4394531250,-64.5923538208
25061.1015625000,-64.6341934204
25118.8691406250,-64.6791992188
25176.7714843750,-64.7269668579
25234.8046875000,-64.7748947144
25292.9726562500,-64.8211212158
25351.2753906250,-64.8655548096
25409.7402343750,-64.9069519043
25468.3105468750,-64.9453887939
25527.0175781250,-64.9821166992
25585.8593750000,-65.0161972046
25644.8359375000,-65.0493087769
25703.9492187500,-65.0792007446
25763.1972656250,-65.0926208496
25822.6132812500,-65.0935516357
25882.1347656250,-65.0963287354
25941.7949218750,-65.1002349854
26001.5937500000,-65.1029129028
26061.5292968750,-65.1048965454
26121.6015625000,-65.1090164185
26181.8437500000,-65.1097564697
26242.1953125000,-65.1147994995
26302.6835937500,-65.1178588867
26363.3144531250,-65.1208572388
26424.0839843750,-65.1226196289
26484.9921875000,-65.1242446899
26546.0429687500,-65.1254806519
26607.2617187500,-65.1318588257
26668.5937500000,-65.1322708130
26730.0664062500,-65.1350708008
26791.6816406250,-65.1403274536
26853.4375000000,-65.1421127319
26915.3378906250,-65.1646728516
26977.4082031250,-65.1932067871
27039.5937500000,-65.2332077026
27101.9218750000,-65.2866897583
27164.3945312500,-65.3473815918
27227.0097656250,-65.4258575439
27289.7695312500,-65.5099868774
27352.6738281250,-65.6014251709
27415.7539062500,-65.6944274902
27478.9492187500,-65.7855377197
27542.2910156250,-65.8683166504
27605.7773437500,-65.8894271851
27669.4101562500,-65.8955230713
27733.1914062500,-65.8980712891
27797.1171875000,-65.9214324951
27861.2226562500,-65.9299697876
27925.4453125000,-65.9394760132
27989.8144531250,-65.9657058716
28054.3339843750,-65.9734344482
28119.0000000000,-66.0028991699
28183.8164062500,-66.0057296753
28248.8144531250,-66.0341949463
28313.9296875000,-66.0404434204
28379.1953125000,-66.0437698364
28444.6113281250,-66.0698471069
28510.1777343750,-66.0755691528
28575.8964843750,-66.0898818970
28641.7656250000,-66.0942306519
28707.8183593750,-66.0960617065
28773.9921875000,-66.1047058105
28840.3183593750,-66.1724090576
28906.7968750000,-66.2359313965
28973.4296875000,-66.2893829346
29040.2148437500,-66.3330459595
29107.1855468750,-66.3710327148
29174.2812500000,-66.4012985229
29241.5292968750,-66.4264526367
29308.9335937500,-66.4481277466
29376.4921875000,-66.4644317627
29444.2070312500,-66.4776535034
29512.0781250000,-66.4892578125
29580.1386718750,-66.5002593994
29648.3222656250,-66.5136566162
29716.6640625000,-66.5293121338
29785.1621093750,-66.5497283936
29853.8203125000,-66.5730667114
29922.6347656250,-66.5971755981
29991.6406250000,-66.6197586060
30060.7734375000,-66.6202774048
30130.0664062500,-66.6328125000
30199.5175781250,-66.6396484375
30269.1308593750,-66.6408004761
30338.9023437500,-66.6413497925
30408.8359375000,-66.6438064575
30478.9648437500,-66.6535034180
30549.2207031250,-66.6713333130
30619.6386718750,-66.6973648071
30690.2187500000,-66.7302169800
30760.9628906250,-66.7673339844
30831.8691406250,-66.8049087524
30902.9375000000,-66.8419952393
30974.2050781250,-66.8791198730
31045.6035156250,-66.9176864624
31117.1660156250,-66.9597244263
31188.8925781250,-67.0078659058
31260.7851562500,-67.0623321533
31332.8437500000,-67.1210098267
31405.1035156250,-67.1822891235
31477.4941406250,-67.2451782227
31550.0507812500,-67.3099212646
31622.7773437500,-67.3781890869
31695.6699218750,-67.4537048340
31768.7304687500,-67.5367813110
31841.9589843750,-67.6237869263
31915.3925781250,-67.7085723877
31988.9589843750,-67.7834014893
32062.6972656250,-67.8266525269
32136.6035156250,-67.8309936523
32210.6796875000,-67.8338012695
32284.9277343750,-67.8410263062
32359.3828125000,-67.8446044922
32433.9726562500,-67.8524398804
32508.7363281250,-67.8571472168
32583.6718750000,-67.8630752563
32658.7792968750,-67.8671188354
32734.0585937500,-67.8727645874
32809.5156250000,-67.8764648438
32885.1796875000,-67.8801193237
32960.9804687500,-67.8804626465
33036.9570312500,-67.8881835938
33113.1093750000,-67.9039840698
33189.4375000000,-67.9064636230
33265.9414062500,-67.9139709473
33342.6250000000,-67.9396591187
33419.5156250000,-67.9465484619
33496.5507812500,-67.9694137573
33573.7617187500,-67.9699249268
33651.1523437500,-67.9725189209
33728.7226562500,-67.9861526489
33806.4687500000,-67.9869003296
33884.4335937500,-68.0501556396
33962.5390625000,-68.1380767822
34040.8242187500,-68.2249679565
34119.2890625000,-68.3034973145
34197.9375000000,-68.3684997559
34276.7656250000,-68.4174880981
34355.7773437500,-68.4509735107
34435.0078125000,-68.4724502563
34514.3828125000,-68.4875640869
34593.9414062500,-68.5023956299
34673.6835937500,-68.5213699341
34753.6054687500,-68.5462722778
34833.7187500000,-68.5763549805
34914.0507812500,-68.6106338501
34994.5273437500,-68.6492385864
35075.1953125000,-68.6921844482
35156.0429687500,-68.6982727051
35237.0820312500,-68.7059402466
35318.3046875000,-68.7176666260
35399.7148437500,-68.7337722778
35481.3554687500,-68.7370605469
35563.1406250000,-68.7639007568
35645.1171875000,-68.7697830200
35727.2812500000,-68.7778015137
35809.6367187500,-68.8002700806
35892.1796875000,-68.8058853149
35974.9531250000,-68.8140487671
36057.8789062500,-68.8292312622
36140.9921875000,-68.9004287720
36224.3007812500,-68.9602432251
36307.8007812500,-68.9615402222
36391.4921875000,-68.9625320435
36475.3789062500,-68.9702148438
36559.4960937500,-68.9797058105
36643.7695312500,-68.9907760620
36728.2343750000,-69.0036239624
36812.8945312500,-69.0089721680
36897.7539062500,-69.0111541748
36982.8046875000,-69.0187301636
37068.0507812500,-69.0423355103
37153.5390625000,-69.0755081177
37239.1796875000,-69.1089477539
37325.0195312500,-69.1457214355
37411.0546875000,-69.1869049072
37497.2890625000,-69.2281265259
37583.7226562500,-69.2418441772
37670.3984375000,-69.2522735596
37757.2304687500,-69.2560729980
37844.2656250000,-69.2604370117
37931.5000000000,-69.2716445923
38018.9335937500,-69.2755126953
38106.5703125000,-69.3064346313
38194.4062500000,-69.3685684204
38282.4921875000,-69.4446029663
38370.7343750000,-69.5310363770
38459.1796875000,-69.6254577637
38547.8320312500,-69.7244949341
38636.6875000000,-69.8218231201
38725.7500000000,-69.8926391602
38815.0585937500,-69.8966751099
38904.5273437500,-69.9079742432
38994.2070312500,-69.9152679443
39084.0898437500,-69.9335250854
39174.1835937500,-69.9526214600
39264.4804687500,-69.9725341797
39354.9882812500,-69.9897232056
39445.7460937500,-70.0077972412
39536.6718750000,-70.0118331909
39627.8085937500,-70.0470504761
39719.1523437500,-70.1301727295
39810.7070312500,-70.1306838989
39902.4765625000,-70.1566619873
39994.4960937500,-70.1703262329
40086.6875000000,-70.1901855469
40179.0898437500,-70.2066116333
40271.7070312500,-70.2273330688
40364.5351562500,-70.2671432495
40457.5781250000,-70.2706298828
40550.8359375000,-70.2751770020
40644.3515625000,-70.3193588257
40738.0390625000,-70.3214416504
40831.9453125000,-70.3299942017
40926.0664062500,-70.3443756104
41020.4023437500,-70.3830947876
41114.9570312500,-70.4525451660
41209.7304687500,-70.4965972900
41304.7656250000,-70.5013351440
41399.9765625000,-70.5071334839
41495.4062500000,-70.5189743042
41591.0585937500,-70.5199508667
41686.9257812500,-70.5307769775
41783.0195312500,-70.5491485596
41879.3789062500,-70.5681915283
41975.9140625000,-70.5725784302
42072.6679687500,-70.5902175903
42169.6484375000,-70.6052017212
42266.8554687500,-70.6676864624
42364.2812500000,-70.7113342285
42461.9335937500,-70.7539367676
42559.8593750000,-70.7906875610
42657.9648437500,-70.7952423096
42756.2929687500,-70.8069839478
42854.8476562500,-70.8146438599
42953.6328125000,-70.8150558472
43052.6445312500,-70.8223342896
43151.9296875000,-70.8660430908
43251.3984375000,-70.9474716187
43351.0976562500,-70.9556274414
43451.0234375000,-70.9660720825
43551.1796875000,-70.9979934692
43651.5703125000,-71.0198059082
43752.1914062500,-71.0387573242
43853.0898437500,-71.0482406616
43954.1757812500,-71.0762405396
44055.4921875000,-71.1021270752
44157.0429687500,-71.1114425659
44258.8281250000,-71.1838531494
44360.8476562500,-71.1974029541
44463.1015625000,-71.2008590698
44565.6406250000,-71.2985229492
44668.3671875000,-71.3213424683
44771.3320312500,-71.3251876831
44874.5351562500,-71.3769760132
44977.9726562500,-71.3945541382
45081.6484375000,-71.4010391235
45185.6171875000,-71.4041748047
45289.7734375000,-71.5216369629
45394.1679687500,-71.6923217773
45498.8046875000,-71.7520904541
45603.6835937500,-71.7681198120
45708.8046875000,-71.7844848633
45814.1640625000,-71.8340148926
45919.8203125000,-71.8371887207
46025.6679687500,-71.8458175659
46131.7617187500,-71.8912277222
46238.0976562500,-71.9079971313
46344.6796875000,-71.9411010742
46451.5078125000,-71.9558181763
46558.6328125000,-71.9655914307
46665.9531250000,-71.9749908447
46773.5234375000,-72.0771331787
46881.3398437500,-72.1276855469
46989.4023437500,-72.1573257446
47097.7187500000,-72.1756744385
47206.2812500000,-72.1912841797
47315.1484375000,-72.2131958008
47424.2109375000,-72.2696304321
47533.5273437500,-72.3367309570
47643.0976562500,-72.3744812012
47752.9179687500,-72.4000625610
47862.9921875000,-72.4207687378
47973.3710937500,-72.4406661987
48083.9531250000,-72.4613418579
48194.7890625000,-72.5013275146
48305.8828125000,-72.5436553955
48417.2304687500,-72.5727767944
48528.8359375000,-72.6240539551
48640.6992187500,-72.6860198975
48752.8710937500,-72.7326507568
48865.2500000000,-72.7978057861
48977.8867187500,-72.8024673462
49090.7851562500,-72.8057174683
49203.9453125000,-72.8068161011
49317.3632812500,-72.8231048584
49431.0429687500,-72.8368453979
49545.0390625000,-72.8705139160
49659.2421875000,-72.8817062378
49773.7109375000,-72.9044494629
49888.4453125000,-72.9343185425
50003.4414062500,-72.9384536743
50118.7031250000,-72.9687500000
50234.2851562500,-72.9879989624
50350.0781250000,-73.0075149536
50466.1367187500,-73.0454483032
50582.4648437500,-73.0595779419
50699.0625000000,-73.0702819824
50815.9257812500,-73.0768508911
50933.0625000000,-73.1816558838
51050.5234375000,-73.1882629395
51168.1953125000,-73.1958618164
51286.1445312500,-73.2167434692
51404.3593750000,-73.2399902344
51522.8515625000,-73.2696456909
51641.6171875000,-73.2716217041
51760.7109375000,-73.2949066162
51880.0234375000,-73.3079833984
51999.6093750000,-73.4082260132
52119.4726562500,-73.5614471436
52239.6093750000,-73.6189346313
52360.0273437500,-73.6216506958
52480.7187500000,-73.6426010132
52601.7500000000,-73.6500015259
52723.0000000000,-73.6505432129
52844.5312500000,-73.6506118774
52966.3398437500,-73.6559219360
53088.4335937500,-73.6562652588
53210.8046875000,-73.6564254761
53333.5195312500,-73.6572341919
53456.4570312500,-73.6582489014
53579.6757812500,-73.6697540283
53703.1835937500,-73.6751403809
53826.9726562500,-73.7125015259
53951.0468750000,-73.7406997681
54075.4062500000,-73.7594680786
54200.1132812500,-73.7795715332
54325.0507812500,-73.7903900146
54450.2734375000,-73.9510574341
54575.7851562500,-74.0296859741
54701.5859375000,-74.0356369019
54827.6757812500,-74.0464553833
54954.0585937500,-74.0465850830
55080.7929687500,-74.0705642700
55207.7578125000,-74.0933380127
55335.0156250000,-74.1041870117
55462.5664062500,-74.1213302612
55590.4101562500,-74.1606369019
55718.5507812500,-74.1923522949
55847.0468750000,-74.2079238892
55975.7773437500,-74.2102508545
56104.8085937500,-74.2524490356
56234.1328125000,-74.2786865234
56363.7578125000,-74.2820205688
56493.6796875000,-74.3076400757
56623.9023437500,-74.3603439331
56754.4843750000,-74.3672332764
56885.3085937500,-74.3977355957
57016.4335937500,-74.4414978027
57147.8593750000,-74.4637756348
57279.5898437500,-74.4783477783
57411.6210937500,-74.5288009644
57544.0234375000,-74.6444168091
57676.6679687500,-74.7163619995
57809.6171875000,-74.7542114258
57942.8710937500,-74.7656402588
58076.4335937500,-74.7717208862
58210.3046875000,-74.7785339355
58344.4843750000,-74.7805252075
58479.0351562500,-74.7993469238
58613.8320312500,-74.8057556152
58748.9414062500,-74.8106536865
58884.3632812500,-74.8201675415
59020.0937500000,-74.8776931763
59156.1406250000,-74.9564437866
59292.5000000000,-75.0385589600
59429.2382812500,-75.0850906372
59566.2265625000,-75.0912322998
59703.5312500000,-75.0935745239
59841.1523437500,-75.0945510864
59979.0898437500,-75.0983428955
60117.3476562500,-75.1018524170
60255.9882812500,-75.1064300537
60394.8828125000,-75.1340713501
60534.0976562500,-75.2219619751
60673.6328125000,-75.3021697998
60813.4882812500,-75.3191299438
60953.6679687500,-75.3255462646
61094.1718750000,-75.3315353394
61235.0625000000,-75.3628387451
61376.2148437500,-75.3787384033
61517.6914062500,-75.3903503418
61659.4960937500,-75.3939666748
61801.6250000000,-75.4126052856
61944.0820312500,-75.4221191406
62086.9335937500,-75.4320831299
62230.0507812500,-75.4816513062
62373.4960937500,-75.4936065674
62517.2695312500,-75.5025482178
62661.3750000000,-75.5938339233
62805.8164062500,-75.6129837036
62950.5859375000,-75.6474990845
63095.7617187500,-75.7062606812
63241.2031250000,-75.7257080078
63386.9765625000,-75.7650146484
63533.0898437500,-75.7733612061
63679.5390625000,-75.8255844116
63826.3242187500,-75.8539886475
63973.5195312500,-75.8554306030
64120.9804687500,-75.9319534302
64268.7851562500,-75.9646911621
64416.9296875000,-75.9654693604
64565.4140625000,-76.0168457031
64714.2421875000,-76.0283432007
64863.4140625000,-76.0789489746
65013.0000000000,-76.0810546875
65162.8593750000,-76.1256332397
65313.0625000000,-76.1588592529
65463.6132812500,-76.1613693237
65614.5156250000,-76.1831817627
65765.7578125000,-76.1869735718
65917.3515625000,-76.2076721191
66069.3671875000,-76.2294387817
66221.6640625000,-76.2525558472
66374.3125000000,-76.2874374390
66527.3125000000,-76.3117904663
66680.6562500000,-76.3415451050
66834.3593750000,-76.3936538696
66988.4921875000,-76.4831771851
67142.9062500000,-76.5645446777
67297.6796875000,-76.5673141479
67452.8046875000,-76.5948867798
67608.2890625000,-76.6546020508
67764.1250000000,-76.6630554199
67920.3281250000,-76.7064208984
68076.9609375000,-76.7738342285
68233.8906250000,-76.8111495972
68391.1718750000,-76.8232345581
68548.8203125000,-76.8432388306
68706.8281250000,-76.8543853760
68865.2031250000,-76.8935775757
69024.0156250000,-76.8940048218
69183.1250000000,-76.9054641724
69342.5937500000,-76.9265823364
69502.4296875000,-76.9573287964
69662.6406250000,-76.9589996338
69823.2187500000,-77.0563430786
69984.1640625000,-77.1026763916
70145.5625000000,-77.1146926880
70307.2500000000,-77.1535720825
70469.3125000000,-77.1623382568
70631.7500000000,-77.2113189697
70794.5625000000,-77.2348937988
70957.7500000000,-77.2992401123
71121.3906250000,-77.3013687134
71285.3281250000,-77.3410797119
71449.6484375000,-77.3749694824
71614.3437500000,-77.3937683105
71779.4218750000,-77.4132614136
71944.8750000000,-77.4549636841
72110.7187500000,-77.4643859863
72277.0156250000,-77.4793624878
72443.6171875000,-77.4810333252
72610.6093750000,-77.4810333252
72777.9765625000,-77.4849166870
72945.7343750000,-77.4865188599
73113.8828125000,-77.4943618774
73282.4140625000,-77.4994125366
73451.4140625000,-77.5087585449
73620.7265625000,-77.5174789429
73790.4296875000,-77.5227890015
73960.5234375000,-77.5365142822
74131.0078125000,-77.5404205322
74301.8828125000,-77.5806579590
74473.2343750000,-77.6330261230
74644.8984375000,-77.6443176270
74816.9609375000,-77.6684875488
74989.4218750000,-77.6872940063
75162.2734375000,-77.7171630859
75335.5312500000,-77.7328414917
75509.1875000000,-77.7502517700
75683.3203125000,-77.7570953369
75857.7812500000,-77.7871780396
76032.6328125000,-77.7961807251
76207.8984375000,-77.8202133179
76383.5625000000,-77.8352508545
76559.6328125000,-77.9447479248
76736.1875000000,-77.9554290771
76913.0703125000,-77.9721145630
77090.3593750000,-77.9893951416
77268.0625000000,-77.9941253662
77446.1718750000,-78.0888900757
77624.6875000000,-78.1591186523
77803.6171875000,-78.1718673706
77983.0468750000,-78.1736373901
78162.8046875000,-78.2328796387
78342.9765625000,-78.3963317871
78523.5625000000,-78.5582122803
78704.5625000000,-78.5968856812
78885.9843750000,-78.6435317993
79067.8203125000,-78.6680297852
79250.1640625000,-78.6684036255
79432.8437500000,-78.6692199707
79615.9375000000,-78.6787567139
79799.4609375000,-78.7008743286
79983.4062500000,-78.7016754150
80167.7734375000,-78.7167129517
80352.6484375000,-78.7202529907
80537.8671875000,-78.7341079712
80723.5156250000,-78.7589569092
80909.5859375000,-78.8172683716
81096.0937500000,-78.8495941162
81283.0234375000,-78.8814544678
81470.3828125000,-78.9032745361
81658.2734375000,-78.9223175049
81846.5000000000,-78.9268569946
82035.1640625000,-78.9308624268
82224.2578125000,-78.9633331299
82413.7890625000,-78.9888687134
82603.7578125000,-79.0110473633
82794.2578125000,-79.0184555054
82985.1015625000,-79.0497894287
83176.3906250000,-79.1384658813
83368.1171875000,-79.1947784424
83560.2890625000,-79.1960372925
83752.8984375000,-79.2495269775
83945.9609375000,-79.3125305176
84139.5546875000,-79.3176727295
84333.5000000000,-79.3435821533
84527.8906250000,-79.3439636230
84722.7343750000,-79.3502273560
84918.0312500000,-79.3917541504
85113.7734375000,-79.5715179443
85310.0546875000,-79.6154861450
85506.7031250000,-79.6333618164
85703.8046875000,-79.6375579834
85901.3515625000,-79.6747665405
86099.3671875000,-79.6793060303
86297.8281250000,-79.6825408936
86496.7500000000,-79.6967926025
86696.2265625000,-79.7120208740
86896.0703125000,-79.7125930786
87096.3671875000,-79.7146911621
87297.1328125000,-79.7199401855
87498.3593750000,-79.7332305908
87700.0468750000,-79.7365722656
87902.2031250000,-79.7480239868
88104.9218750000,-79.7818222046
88308.0078125000,-79.8049545288
88511.5703125000,-79.8104248047
88715.5937500000,-79.8390350342
88920.0859375000,-79.8754425049
89125.0546875000,-79.8775024414
89330.5937500000,-79.9839630127
89536.5078125000,-80.1202239990
89742.8906250000,-80.1671981812
89949.7578125000,-80.1814117432
90157.1015625000,-80.1849060059
90364.9140625000,-80.2013397217
90573.2109375000,-80.2123336792
90782.0937500000,-80.2162704468
90991.3515625000,-80.2322540283
91201.0937500000,-80.2356262207
91411.3203125000,-80.2507476807
91622.0234375000,-80.2793121338
91833.2187500000,-80.2964096069
92045.0078125000,-80.3521957397
92257.1718750000,-80.3674163818
92469.8359375000,-80.3720550537
92682.9843750000,-80.4977340698
92896.6250000000,-80.5116195679
93110.7578125000,-80.5227355957
93325.3828125000,-80.5276870728
93540.6093750000,-80.5395355225
93756.2265625000,-80.5487365723
93972.3437500000,-80.5586471558
94188.9531250000,-80.5662231445
94406.0703125000,-80.6083068848
94623.6796875000,-80.6281738281
94841.8984375000,-80.6325454712
95060.5156250000,-80.6556549072
95279.6328125000,-80.6636962891
95499.2656250000,-80.6681976318
95719.3984375000,-80.6764831543
95940.0390625000,-80.7096405029
96161.1875000000,-80.8044586182
96382.9453125000,-80.8199157715
96605.1171875000,-80.9454040527
96827.7968750000,-80.9579925537
97050.9921875000,-80.9688568115
97274.7031250000,-80.9723129272
97498.9296875000,-81.0652084351
97723.6718750000,-81.0712051392
97949.0390625000,-81.1132278442
98174.8203125000,-81.1604690552
98401.1171875000,-81.1804199219
98627.9375000000,-81.2798538208
98855.2812500000,-81.2845153809
99083.1484375000,-81.3264617920
99311.6562500000,-81.3609085083
99540.5781250000,-81.3853759766
99770.0234375000,-81.4638137817
100000.0000000000,-81.4984207153
100230.5078125000,-81.5265121460
100461.5468750000,-81.5570297241
100693.1171875000,-81.5939483643
100925.3359375000,-81.6401443481
101157.9687500000,-81.6958389282
101391.1484375000,-81.7589187622
101624.8593750000,-81.8247909546
101859.1171875000,-81.8873367310
102093.9062500000,-81.9085693359
102329.3515625000,-81.9089965820
102565.2265625000,-81.9180679321
102801.6484375000,-81.9209671021
103038.6171875000,-81.9329757690
103276.1250000000,-81.9402542114
103514.1875000000,-81.9426040649
103752.7890625000,-81.9477996826
103992.0625000000,-81.9583816528
104231.7734375000,-81.9637603760
104472.0312500000,-81.9666595459
104712.8515625000,-81.9679946899
104954.2187500000,-81.9723892212
105196.1484375000,-81.9784469604
105438.6328125000,-81.9867782593
105681.7890625000,-81.9899597168
105925.3984375000,-81.9990310669
106169.5625000000,-82.0019760132
106414.2890625000,-82.0139236450
106659.5859375000,-82.0546951294
106905.4375000000,-82.1063003540
107151.9843750000,-82.1630783081
107398.9765625000,-82.2179718018
107646.5390625000,-82.2647476196
107894.6718750000,-82.2997360229
108143.3750000000,-82.3228607178
108392.6562500000,-82.3375167847
108642.5078125000,-82.3493270874
108893.0546875000,-82.3643493652
109144.0625000000,-82.3873138428
109395.6484375000,-82.4204864502
109647.8125000000,-82.4631118774
109900.5546875000,-82.5115203857
110153.8828125000,-82.5599975586
110407.9218750000,-82.6023178101
110662.4140625000,-82.6307983398
110917.5000000000,-82.6511993408
111173.1718750000,-82.6602783203
111429.4375000000,-82.6612777710
111686.2890625000,-82.6618499756
111943.7343750000,-82.6620559692
112201.8984375000,-82.6664428711
112460.5312500000,-82.6768264771
112719.7578125000,-82.6944732666
112979.5859375000,-82.7205657959
113240.0078125000,-82.7555465698
113501.0390625000,-82.7986526489
113762.7890625000,-82.8479232788
114025.0234375000,-82.9007263184
114287.8593750000,-82.9543838501
114551.2968750000,-83.0065917969
114815.3437500000,-83.0555343628
115080.0078125000,-83.1190109253
115345.2734375000,-83.1705856323
115611.2812500000,-83.1968231201
115877.7734375000,-83.2183380127
116144.8750000000,-83.2376632690
116412.6015625000,-83.2582397461
116680.9375000000,-83.2835769653
116949.8984375000,-83.3159027100
117219.4765625000,-83.3549423218
117489.8046875000,-83.3776855469
117760.6250000000,-83.3826904297
118032.0703125000,-83.3875427246
118304.1406250000,-83.3974227905
118576.8437500000,-83.4118652344
118850.1718750000,-83.4133071899
119124.2578125000,-83.4377212524
119398.8515625000,-83.4481735229
119674.0703125000,-83.4542083740
119949.9296875000,-83.4694976807
120226.4218750000,-83.4774551392
120503.5546875000,-83.4876785278
120781.3203125000,-83.4899749756
121059.8671875000,-83.4929351807
121338.9140625000,-83.5429840088
121618.6093750000,-83.5965576172
121898.9531250000,-83.6533126831
122179.9375000000,-83.7131958008
122461.5703125000,-83.8040542603
122743.9843750000,-83.8839569092
123026.9218750000,-83.9200363159
123310.5078125000,-83.9396362305
123594.7421875000,-83.9449310303
123879.6406250000,-83.9455490112
124165.1953125000,-83.9456176758
124451.3984375000,-83.9531021118
124738.4062500000,-83.9793167114
125025.9375000000,-84.0115737915
125314.1328125000,-84.0304718018
125602.9921875000,-84.0463943481
125892.5156250000,-84.0629653931
126182.7031250000,-84.0860824585
126473.7031250000,-84.1213378906
126765.2343750000,-84.2028884888
127057.4375000000,-84.3047103882
127350.3125000000,-84.3731613159
127643.8671875000,-84.4318008423
127938.0937500000,-84.4760131836
128233.0000000000,-84.5060653687
128528.7265625000,-84.5260848999
128824.9921875000,-84.5439071655
129121.9453125000,-84.5482864380
129419.5781250000,-84.5489730835
129717.8984375000,-84.5554656982
130016.9140625000,-84.5666732788
130316.6093750000,-84.5679244995
130617.1406250000,-84.5728149414
130918.2265625000,-84.5767898560
131220.0000000000,-84.5787658691
131522.4687500000,-84.5957717896
131825.6406250000,-84.6328964233
132129.5000000000,-84.6940536499
132434.2187500000,-84.7504196167
132739.4843750000,-84.7779922485
133045.4687500000,-84.7817153931
133352.1406250000,-84.7852478027
133659.5312500000,-84.7937469482
133967.6250000000,-84.7966079712
134276.4218750000,-84.8034439087
134586.0937500000,-84.8525390625
134896.3281250000,-84.9720230103
135207.2656250000,-85.0904541016
135518.9375000000,-85.0996932983
135831.3125000000,-85.1044311523
136144.4062500000,-85.1055984497
136458.3906250000,-85.1493148804
136772.9375000000,-85.1607284546
137088.2031250000,-85.1705551147
137404.2031250000,-85.1987915039
137720.9218750000,-85.2026290894
138038.3906250000,-85.2191925049
138356.5781250000,-85.2363510132
138675.6406250000,-85.2426910400
138995.2968750000,-85.2431030273
139315.7031250000,-85.2480773926
139636.8281250000,-85.2509689331
139958.7031250000,-85.2788848877
140281.3125000000,-85.3634109497
140604.6718750000,-85.4753036499
140928.9375000000,-85.5551986694
141253.7812500000,-85.6375122070
141579.3906250000,-85.6393585205
141905.7343750000,-85.6538848877
142232.8437500000,-85.6593627930
142560.7031250000,-85.6754302979
142889.4687500000,-85.7072143555
143218.8281250000,-85.7307434082
143548.9687500000,-85.7355346680
143879.8593750000,-85.7656478882
144211.5156250000,-85.7668228149
144543.9218750000,-85.7795257568
144877.1093750000,-85.7836685181
145211.2187500000,-85.7981719971
145545.9375000000,-85.8006744385
145881.4375000000,-85.8081741333
146217.7031250000,-85.8114547729
146554.7500000000,-85.8356170654
146892.5625000000,-85.9276123047
147231.3281250000,-86.0228805542
147570.7031250000,-86.0819015503
147910.8593750000,-86.1508865356
148251.8125000000,-86.1972503662
148593.5468750000,-86.2176055908
148936.0625000000,-86.2486419678
149279.3750000000,-86.2920074463
149623.6250000000,-86.3573074341
149968.5312500000,-86.4367828369
150314.2187500000,-86.4938888550
150660.7031250000,-86.5755920410
151007.9843750000,-86.6469345093
151356.0625000000,-86.6840286255
151705.1250000000,-86.6949462891
152054.8125000000,-86.7050628662
152405.3125000000,-86.7057266235
152756.6093750000,-86.7185440063
153108.7187500000,-86.7225646973
153461.6562500000,-86.7288436890
153815.3906250000,-86.7293243408
154170.1093750000,-86.7453155518
154525.4843750000,-86.7628097534
154881.6875000000,-86.7739791870
155238.7031250000,-86.7861251831
155596.5312500000,-86.8064651489
155955.1875000000,-86.8281555176
156314.6875000000,-86.8733901978
156675.1718750000,-86.9265518188
157036.3125000000,-86.9760055542
157398.2968750000,-87.0137329102
157761.1093750000,-87.0378417969
158124.7656250000,-87.0580825806
158489.2500000000,-87.0719833374
158854.7500000000,-87.0932998657
159220.9218750000,-87.1137313843
159587.9375000000,-87.1360015869
159955.7968750000,-87.1657104492
160324.5156250000,-87.2088470459
160694.0625000000,-87.2595520020
161064.4843750000,-87.3094711304
161435.9218750000,-87.3276901245
161808.0468750000,-87.3311004639
162181.0312500000,-87.3418960571
162554.8593750000,-87.3484268188
162929.5625000000,-87.3522796631
163305.1250000000,-87.3530960083
163681.7343750000,-87.3537597656
164059.0312500000,-87.3538970947
164437.2031250000,-87.3603820801
164816.2343750000,-87.3715209961
165196.1562500000,-87.3744659424
165576.9375000000,-87.3927383423
165958.6093750000,-87.3963546753
166341.3437500000,-87.4041900635
166724.7656250000,-87.4185638428
167109.0781250000,-87.4850158691
167494.2812500000,-87.5393524170
167880.3593750000,-87.5781097412
168267.3437500000,-87.6141510010
168655.3906250000,-87.6671447754
169044.1562500000,-87.7445678711
169433.8125000000,-87.8409271240
169824.3750000000,-87.8785400391
170215.8281250000,-87.8836669922
170608.1875000000,-87.8887557983
171001.4531250000,-87.9198989868
171395.8125000000,-87.9708404541
171790.8906250000,-88.0223159790
172186.8750000000,-88.0574493408
172583.7812500000,-88.0718460083
172981.6093750000,-88.0826034546
173380.3437500000,-88.1072616577
173779.9843750000,-88.1623687744
174180.7500000000,-88.1874847412
174582.2500000000,-88.1932296753
174984.6875000000,-88.2026138306
175388.0312500000,-88.2063140869
175792.3125000000,-88.2164535522
176197.5312500000,-88.2324295044
176603.8750000000,-88.2923812866
177010.9531250000,-88.3496551514
177418.9843750000,-88.3882675171
177827.9375000000,-88.4171981812
178237.8437500000,-88.4312057495
178648.7031250000,-88.4454498291
179060.5000000000,-88.4617843628
179473.4375000000,-88.4790344238
179887.1406250000,-88.4941558838
180301.7968750000,-88.4945068359
180717.4062500000,-88.4961700439
181133.9687500000,-88.4976196289
181551.5000000000,-88.5008544922
181970.1875000000,-88.5013427734
182389.6406250000,-88.5211029053
182810.0625000000,-88.5743942261
183231.4531250000,-88.6593475342
183653.8125000000,-88.7541809082
184077.1406250000,-88.8350906372
184501.4531250000,-88.8860549927
184926.9531250000,-88.8985900879
185353.2187500000,-88.8991394043
185780.4687500000,-88.9071121216
186208.7031250000,-88.9091796875
186637.9375000000,-88.9103851318
187068.1406250000,-88.9323883057
187499.3437500000,-88.9372100830
187931.7500000000,-88.9513854980
188364.9531250000,-88.9818344116
188799.1406250000,-88.9936676025
189234.3437500000,-89.0069122314
189670.5312500000,-89.0091171265
190107.7500000000,-89.1309356689
190546.1562500000,-89.2304992676
190985.3906250000,-89.2810745239
191425.6250000000,-89.3228759766
191866.8750000000,-89.3758926392
192309.1406250000,-89.4075775146
192752.4218750000,-89.4100112915
193196.7343750000,-89.4113998413
193642.2812500000,-89.4279556274
194088.6406250000,-89.4742355347
194536.0312500000,-89.5148010254
194984.4375000000,-89.5473175049
195433.8906250000,-89.5755615234
195884.3906250000,-89.5966339111
196336.1250000000,-89.6148605347
196788.7031250000,-89.6341476440
197242.3125000000,-89.6552886963
197696.9687500000,-89.6738204956
198152.6718750000,-89.7004928589
198609.4218750000,-89.7300415039
199067.2343750000,-89.7714004517
199526.3125000000,-89.8367691040
199986.2343750000,-89.8632812500
200447.2187500000,-89.8676986694
200909.2656250000,-89.8861541748
201372.3750000000,-89.8877410889
201836.5625000000,-89.9185028076
202302.0312500000,-90.0403289795
202768.3437500000,-90.1679382324
203235.7343750000,-90.1964569092
203704.2187500000,-90.2078170776
204173.7656250000,-90.2190856934
204644.4062500000,-90.2362060547
205116.1250000000,-90.2404708862
205589.1562500000,-90.2514266968
206063.0468750000,-90.2677917480
206538.0468750000,-90.2702941895
207014.1250000000,-90.2890701294
207491.3125000000,-90.2960357666
207969.5937500000,-90.2964859009
208448.9843750000,-90.3054351807
208929.7031250000,-90.3456192017
209411.2968750000,-90.3987045288
209894.0000000000,-90.4368362427
210377.8281250000,-90.4567108154
210862.7500000000,-90.4703521729
211348.8125000000,-90.4879379272
211836.2187500000,-90.5134658813
212324.5156250000,-90.5698623657
212813.9375000000,-90.6807098389
213304.4843750000,-90.6820831299
213796.1718750000,-90.6924438477
214288.9843750000,-90.7373733521
214782.9375000000,-90.7617111206
215278.2656250000,-90.7976989746
215774.5000000000,-90.8152389526
216271.8750000000,-90.8332443237
216770.3906250000,-90.8410186768
217270.0625000000,-90.8413772583
217770.8906250000,-90.8423919678
218273.1093750000,-90.8629150391
218776.2343750000,-90.8976669312
219280.5312500000,-90.9157714844
219785.9843750000,-90.9164733887
220292.6093750000,-90.9237976074
220800.4062500000,-90.9551162720
221309.3593750000,-90.9992218018
221819.7343750000,-91.0456466675
222331.0468750000,-91.0956954956
222843.5468750000,-91.1624603271
223357.2031250000,-91.2454986572
223872.0625000000,-91.2574157715
224388.1093750000,-91.2595977783
224905.5781250000,-91.2887039185
225424.0000000000,-91.2999191284
225943.6250000000,-91.3579483032
226464.4375000000,-91.3644332886
226986.4531250000,-91.3687210083
227509.6718750000,-91.4117050171
228034.1093750000,-91.4417572021
228559.9843750000,-91.5574874878
229086.8281250000,-91.6307830811
229614.8906250000,-91.6312408447
230144.1718750000,-91.6324539185
230674.6718750000,-91.6425399780
231206.3906250000,-91.6675796509
231739.3437500000,-91.6743927002
232273.7812500000,-91.6828231812
232809.1875000000,-91.6981124878
233345.8281250000,-91.7031631470
233883.7031250000,-91.7154922485
234422.8125000000,-91.7251205444
234963.1875000000,-91.7351379395
235505.0468750000,-91.8244628906
236047.9062500000,-91.9112548828
236592.0156250000,-91.9173889160
237137.3750000000,-91.9593963623
237683.9843750000,-91.9596405029
238231.8750000000,-92.0082550049
238781.0156250000,-92.0269470215
239331.6718750000,-92.0286026001
239883.3593750000,-92.0373916626
240436.2968750000,-92.0389480591
240990.5312500000,-92.0545501709
241546.0312500000,-92.0586700439
242102.8125000000,-92.0701599121
242661.1406250000,-92.1364059448
243220.4843750000,-92.2252044678
243781.1250000000,-92.2917480469
244343.0625000000,-92.3203430176
244906.2968750000,-92.3329544067
245470.8125000000,-92.3338470459
246036.6406250000,-92.3640518188
246604.0468750000,-92.4746322632
247172.4843750000,-92.4861373901
247742.2343750000,-92.4898147583
248313.2968750000,-92.5188980103
248885.6718750000,-92.5732421875
249459.3750000000,-92.5737838745
250034.4062500000,-92.6325454712
250611.0156250000,-92.6402130127
251188.7031250000,-92.6922149658
251767.7031250000,-92.6965103149
252348.0468750000,-92.7147979736
252929.7343750000,-92.7662582397
253512.7500000000,-92.8402023315
254097.3906250000,-92.9131011963
254683.1093750000,-92.9632797241
255270.1718750000,-93.0106048584
255858.5781250000,-93.0709762573
256448.3593750000,-93.0747222900
257039.4843750000,-93.0892868042
257631.9843750000,-93.1162109375
258226.1250000000,-93.1351776123
258821.3593750000,-93.1385650635
259417.9531250000,-93.1431655884
260015.9375000000,-93.1554183960
260615.2812500000,-93.2187347412
261216.0312500000,-93.2193984985
261818.4375000000,-93.2337570190
262421.9375000000,-93.2447204590
263026.8437500000,-93.2565612793
263633.1562500000,-93.2623062134
264240.8437500000,-93.2757186890
264849.9375000000,-93.2968597412
265460.4375000000,-93.3282623291
266072.6250000000,-93.3314437866
266685.9375000000,-93.3418273926
267300.6562500000,-93.3726959229
267916.8125000000,-93.4086380005
268534.3750000000,-93.4792404175
269153.3750000000,-93.5245361328
269774.0937500000,-93.5759124756
270395.9375000000,-93.6692657471
271019.2187500000,-93.7192916870
271643.9375000000,-93.7290573120
272270.0937500000,-93.7380828857
272897.6875000000,-93.7433319092
273526.7500000000,-93.7564163208
274157.5312500000,-93.7675094604
274789.5000000000,-93.8437881470
275422.9062500000,-93.8577423096
276057.7812500000,-93.8620910645
276694.0937500000,-93.8918304443
277331.9062500000,-93.9474182129
277971.1875000000,-94.0004653931
278612.2187500000,-94.0022048950
279254.4375000000,-94.0023269653
279898.1562500000,-94.0025863647
280543.3437500000,-94.0067214966
281190.0000000000,-94.0206985474
281838.1562500000,-94.0209960938
282488.1250000000,-94.0229187012
283139.2812500000,-94.0312728882
283791.9375000000,-94.0494918823
284446.0937500000,-94.0494918823
285101.7812500000,-94.0766601563
285758.9687500000,-94.0876235962
286417.6562500000,-94.1117248535
287078.1875000000,-94.1281127930
287739.9062500000,-94.1434631348
288403.1875000000,-94.1892700195
289067.9687500000,-94.2250747681
289734.2812500000,-94.3915786743
290402.1562500000,-94.4619369507
291071.8750000000,-94.4700164795
291742.8125000000,-94.5141677856
292415.2812500000,-94.5202026367
293089.3437500000,-94.5206069946
293764.9062500000,-94.5603027344
294442.0625000000,-94.5679321289
295120.7812500000,-94.5783004761
295801.3750000000,-94.6335144043
296483.2187500000,-94.7322082520
297166.6250000000,-94.7638473511
297851.6250000000,-94.7904129028
298538.1875000000,-94.8096847534
299226.3437500000,-94.8213272095
299916.4062500000,-94.8253326416
300607.7500000000,-94.8333587646
301300.6562500000,-94.8386688232
301995.1875000000,-94.8444824219
302691.3125000000,-94.8599395752
303389.0312500000,-94.8813323975
304088.3750000000,-94.9106750488
304789.6562500000,-94.9498062134
305492.2187500000,-94.9992446899
306196.3750000000,-95.0571441650
306902.1875000000,-95.1185684204
307609.6250000000,-95.1586303711
308318.6875000000,-95.1697692871
309029.3750000000,-95.1704025269
309742.0625000000,-95.1758956909
310456.0312500000,-95.1966171265
311171.6562500000,-95.2074584961
311888.9375000000,-95.2203598022
312607.8437500000,-95.2256469727
313328.4375000000,-95.2446365356
314051.0312500000,-95.2453384399
314774.9375000000,-95.2697448730
315500.5000000000,-95.3496093750
316227.7812500000,-95.4363861084
316956.6875000000,-95.5181503296
317687.3125000000,-95.5845336914
318419.5937500000,-95.6291732788
319153.9375000000,-95.6404037476
319889.5937500000,-95.6406402588
320626.9687500000,-95.6479263306
321366.0312500000,-95.6511306763
322106.8125000000,-95.6540679932
322849.2812500000,-95.6546859741
323593.8125000000,-95.6818237305
324339.7187500000,-95.7208786011
325087.3750000000,-95.7656326294
325836.7187500000,-95.8104248047
326587.7812500000,-95.8518295288
327340.5937500000,-95.8896789551
328095.1250000000,-95.9262390137
328851.7812500000,-95.9642715454
329609.8125000000,-96.0048446655
330369.5937500000,-96.0464248657
331131.0937500000,-96.0851135254
331894.3750000000,-96.1158752441
332659.4375000000,-96.1367111206
333426.2187500000,-96.1473693848
334195.1562500000,-96.1520309448
334965.5000000000,-96.1572189331
335737.6250000000,-96.1691513062
336511.5312500000,-96.1910858154
337287.2187500000,-96.2223358154
338064.6875000000,-96.2592010498
338844.3125000000,-96.2975769043
339625.3750000000,-96.3355560303
340408.2500000000,-96.3745651245
341192.9062500000,-96.4183731079
341979.3750000000,-96.4706344604
342767.6562500000,-96.5323944092
343557.7812500000,-96.6007766724
344350.0625000000,-96.6287384033
345143.8125000000,-96.6293029785
345939.4062500000,-96.6426467896
346736.8125000000,-96.6452331543
347536.0625000000,-96.6631393433
348337.1562500000,-96.6693267822
349140.5000000000,-96.6804428101
349945.2812500000,-96.6855316162
350751.9375000000,-96.7065429688
351560.4375000000,-96.7255096436
352370.8125000000,-96.7298049927
353183.0625000000,-96.7332153320
353997.1562500000,-96.7436904907
354813.5312500000,-96.7625427246
355631.4062500000,-96.7748413086
356451.1562500000,-96.7818374634
357272.8125000000,-96.8003387451
358096.3437500000,-96.8004608154
358921.7812500000,-96.8025894165
359749.5312500000,-96.9211578369
360578.7812500000,-97.0550994873
361409.9375000000,-97.1484909058
362243.0000000000,-97.2405700684
363078.0000000000,-97.3259353638
363914.9375000000,-97.3501205444
364753.7812500000,-97.3571014404
365594.9687500000,-97.3576583862
366437.6875000000,-97.3760375977
367282.3437500000,-97.3784866333
368128.9687500000,-97.3820037842
368977.5312500000,-97.3843460083
369828.0312500000,-97.3902664185
370680.5312500000,-97.3981933594
371535.3750000000,-97.3985061646
372391.7812500000,-97.3989334106
373250.1875000000,-97.4052352905
374110.5625000000,-97.4191513062
374972.9062500000,-97.4209365845
375837.2500000000,-97.4274902344
376703.9687500000,-97.4308776855
377572.3125000000,-97.4402160645
378442.6562500000,-97.4513931274
379314.9687500000,-97.4736557007
380189.3437500000,-97.4815750122
381065.6875000000,-97.4880065918
381944.0625000000,-97.4967422485
382824.9062500000,-97.5404434204
383707.3437500000,-97.5863037109
384591.8125000000,-97.6329116821
385478.3125000000,-97.6793975830
386366.8750000000,-97.7494659424
387257.5000000000,-97.8238830566
388150.5625000000,-97.8801345825
389045.2812500000,-97.9438476563
389942.0625000000,-98.0150299072
390840.9062500000,-98.0909576416
391741.8125000000,-98.1988906860
392644.8125000000,-98.2177734375
393549.8750000000,-98.2223968506
394457.4687500000,-98.2236022949
395366.7187500000,-98.2371673584
396278.0937500000,-98.2495574951
397191.5312500000,-98.2723999023
398107.0937500000,-98.2821044922
399024.7500000000,-98.2875976563
399944.9687500000,-98.3071136475
400866.8750000000,-98.3108825684
401790.9062500000,-98.3179321289
402717.0625000000,-98.3180770874
403645.3437500000,-98.3506317139
404575.7812500000,-98.3832397461
405508.3437500000,-98.4006805420
406443.5312500000,-98.4011611938
407380.4062500000,-98.4101791382
408319.4375000000,-98.4147491455
409260.6562500000,-98.4237060547
410204.0312500000,-98.4357681274
411149.5625000000,-98.4412841797
412097.3125000000,-98.4457015991
413047.6562500000,-98.4461441040
413999.7812500000,-98.4922409058
414954.0625000000,-98.5412216187
415910.5625000000,-98.6012649536
416869.2812500000,-98.7060394287
417830.1875000000,-98.8138656616
418793.7812500000,-98.8784332275
419759.1250000000,-98.9229583740
420726.6875000000,-98.9280014038
421696.5000000000,-98.9316787720
422668.5312500000,-98.9409027100
423642.8125000000,-98.9643630981
424619.3437500000,-98.9717636108
425598.5937500000,-98.9813766479
426579.6250000000,-98.9898910522
427562.9375000000,-98.9982757568
428548.5000000000,-99.0201416016
429536.3125000000,-99.0587387085
430526.4375000000,-99.0896835327
431519.3125000000,-99.1154403687
432514.0000000000,-99.1297683716
433510.9687500000,-99.1435241699
434510.2500000000,-99.1864929199
435511.8125000000,-99.2518463135
436515.6875000000,-99.3033447266
437521.9062500000,-99.3752517700
438530.9062500000,-99.3976974487
439541.7500000000,-99.4020767212
440554.9062500000,-99.4145736694
441570.4375000000,-99.4203720093
442588.2812500000,-99.4300003052
443608.4687500000,-99.4328155518
444631.0312500000,-99.4496841431
445656.4062500000,-99.4518585205
446683.6875000000,-99.4618682861
447713.3125000000,-99.5069046021
448745.3437500000,-99.5342559814
449779.7187500000,-99.5690994263
450816.5000000000,-99.5994415283
451856.1562500000,-99.6182937622
452897.7187500000,-99.6476516724
453941.6875000000,-99.6797180176
454988.0625000000,-99.6998901367
456036.8437500000,-99.7050933838
457088.0312500000,-99.7114639282
458141.6562500000,-99.7222442627
459198.1875000000,-99.7246093750
460256.6875000000,-99.7341003418
461317.6250000000,-99.7375335693
462380.9687500000,-99.7771606445
463446.8125000000,-99.8525772095
464515.0937500000,-99.9193801880
465586.3437500000,-99.9477844238
466659.5312500000,-99.9669799805
467735.2187500000,-99.9767990112
468813.3750000000,-99.9979629517
469894.0312500000,-100.0358428955
470977.1875000000,-100.0827102661
472062.8125000000,-100.1207427979
473151.4687500000,-100.1356201172
474242.1250000000,-100.1511077881
475335.2812500000,-100.1744537354
476430.9687500000,-100.2169723511
477529.1562500000,-100.2648468018
478629.9062500000,-100.2974243164
479733.7187500000,-100.3115539551
480839.5312500000,-100.3143157959
481947.9062500000,-100.3243484497
483058.8125000000,-100.3480224609
484172.3125000000,-100.3865585327
485288.3437500000,-100.4281082153
486406.9687500000,-100.4584884644
487528.7187500000,-100.4604415894
488652.5000000000,-100.4648742676
489778.8750000000,-100.4687271118
490907.8437500000,-100.4760284424
492039.4375000000,-100.4780349731
493173.6250000000,-100.5064315796
494310.4375000000,-100.5628356934
495450.3750000000,-100.6315460205
496592.4375000000,-100.7035293579
497737.1250000000,-100.7783432007
498884.4375000000,-100.8576202393
500034.4062500000,-100.9400711060
501187.0000000000,-101.0181274414
502342.8437500000,-101.0790557861
503500.7812500000,-101.1190185547
504661.3750000000,-101.1221313477
505824.6562500000,-101.1258392334
506990.6250000000,-101.1273040771
508159.2812500000,-101.1424484253
509330.6250000000,-101.1462554932
510505.2187500000,-101.1551971436
511681.9687500000,-101.1576080322
512861.4375000000,-101.1600723267
514043.6250000000,-101.1633300781
515228.5312500000,-101.2062759399
516416.1562500000,-101.2430419922
517607.0937500000,-101.2684555054
518800.2187500000,-101.2858352661
519996.0937500000,-101.3035202026
521194.7187500000,-101.3298568726
522396.1250000000,-101.3681945801
523600.2812500000,-101.4236297607
524807.1875000000,-101.4605789185
526017.5000000000,-101.4904785156
527230.0000000000,-101.5160675049
528445.3125000000,-101.5364990234
529663.4375000000,-101.5497131348
530884.3125000000,-101.5555114746
532108.0625000000,-101.5635528564
533335.1875000000,-101.5657043457
534564.5625000000,-101.5807571411
535796.7500000000,-101.5893325806
537031.8125000000,-101.6070480347
538269.6875000000,-101.6269149780
539510.4375000000,-101.6473617554
540754.0625000000,-101.6487655640
542001.1250000000,-101.7013092041
543250.5000000000,-101.7059936523
544502.7500000000,-101.7078094482
545757.8750000000,-101.7079086304
547015.8750000000,-101.7118301392
548276.7500000000,-101.7151260376
549540.5625000000,-101.7233581543
550807.9375000000,-101.7367095947
552077.5625000000,-101.7381286621
553350.1250000000,-101.8153762817
554625.6875000000,-101.8626327515
555904.1250000000,-101.8950042725
557185.5000000000,-101.9527130127
558470.5000000000,-102.0178070068
559757.8125000000,-102.0972213745
561048.0625000000,-102.2002487183
562341.3125000000,-102.2371673584
563637.5625000000,-102.2377319336
564936.8125000000,-102.2402725220
566239.0000000000,-102.2416687012
567544.8750000000,-102.2420425415
568853.0625000000,-102.2619247437
570164.3125000000,-102.2638244629
571478.6250000000,-102.2649536133
572795.8750000000,-102.2987289429
574116.2500000000,-102.3089675903
575440.2500000000,-102.3117675781
576766.6875000000,-102.3281173706
578096.1875000000,-102.3899841309
579428.6875000000,-102.5052108765
580764.3125000000,-102.5267868042
582103.0625000000,-102.5396194458
583444.8125000000,-102.5445404053
584790.3750000000,-102.5680770874
586138.3125000000,-102.5939865112
587489.4375000000,-102.6085815430
588843.6250000000,-102.6093597412
590200.9375000000,-102.6292572021
591561.4375000000,-102.6335144043
592925.0000000000,-102.6950759888
594292.3750000000,-102.7095108032
595662.2500000000,-102.7205963135
597035.3125000000,-102.7384109497
598411.5000000000,-102.7458419800
599790.9375000000,-102.7602005005
601173.4375000000,-102.7694549561
602559.8750000000,-102.8577651978
603948.8125000000,-102.9970779419
605340.9375000000,-103.0442199707
606736.3125000000,-103.0572738647
608134.8750000000,-103.0710144043
609536.6875000000,-103.0937881470
610941.6875000000,-103.1073913574
612350.6250000000,-103.1155242920
613762.1250000000,-103.1327972412
615176.9375000000,-103.1546020508
616594.9375000000,-103.1578140259
618016.2500000000,-103.1647491455
619440.8125000000,-103.1750106812
620869.3750000000,-103.2643127441
622300.5000000000,-103.3548355103
623734.9375000000,-103.3794174194
625172.6875000000,-103.3808288574
626613.7500000000,-103.4158248901
628058.1250000000,-103.4158248901
629505.8750000000,-103.4336166382
630957.6250000000,-103.4859924316
632412.0000000000,-103.5258636475
633869.7500000000,-103.5634841919
635330.8750000000,-103.6030426025
636795.3750000000,-103.6596069336
638263.2500000000,-103.7292480469
639735.1875000000,-103.7874374390
641209.8125000000,-103.8150939941
642687.8750000000,-103.8314590454
644169.3125000000,-103.8693313599
645654.1250000000,-103.8709869385
647142.4375000000,-103.8859710693
648634.1250000000,-103.8939361572
650130.0000000000,-103.9235534668
651628.5625000000,-103.9343490601
653130.6250000000,-103.9398117065
654636.1250000000,-103.9527130127
656145.1250000000,-104.0115814209
657657.6250000000,-104.0263366699
659173.5625000000,-104.0408782959
660693.6875000000,-104.0412673950
662216.6250000000,-104.0458297729
663743.1250000000,-104.0474090576
665273.0625000000,-104.0539245605
666806.5625000000,-104.0658645630
668343.6250000000,-104.0939102173
669884.9375000000,-104.0967941284
671429.0625000000,-104.0972671509
672976.7500000000,-104.1823348999
674528.0000000000,-104.1835479736
676082.8750000000,-104.1904907227
677641.2500000000,-104.2587585449
679203.3125000000,-104.2648849487
680769.6250000000,-104.2857818604
682338.8750000000,-104.2927780151
683911.6875000000,-104.3984146118
685488.1875000000,-104.4612426758
687068.2500000000,-104.4649810791
688652.0000000000,-104.4726181030
690240.1875000000,-104.4791259766
691831.1875000000,-104.5047988892
693425.9375000000,-104.5277786255
695024.3125000000,-104.5283889771
696626.4375000000,-104.5645675659
698232.1875000000,-104.5945587158
699841.6875000000,-104.5957489014
701455.6250000000,-104.6192245483
703072.5000000000,-104.6380081177
704693.1250000000,-104.6414489746
706317.5000000000,-104.6651535034
707945.6250000000,-104.6866073608
709577.5000000000,-104.7121047974
711213.8750000000,-104.7860107422
712853.3125000000,-104.7901458740
714496.5000000000,-104.8118667603
716143.4375000000,-104.8627090454
717794.1875000000,-104.8839340210
719448.7500000000,-104.8858489990
721107.1250000000,-104.9157485962
722770.1250000000,-104.9315185547
724436.1875000000,-104.9371414185
726106.0625000000,-104.9674682617
727779.8125000000,-105.0079727173
729457.3750000000,-105.0145492554
731138.8125000000,-105.0355987549
732824.1250000000,-105.0501708984
734514.1875000000,-105.1478576660
736207.2500000000,-105.2626266479
737904.3125000000,-105.2653884888
739605.1875000000,-105.2893829346
741310.0625000000,-105.3059387207
743018.8125000000,-105.3105926514
744732.3750000000,-105.3498687744
746449.0000000000,-105.3676300049
748169.6250000000,-105.3890075684
749894.1875000000,-105.3947067261
751622.7500000000,-105.4141845703
753355.3125000000,-105.4303588867
755091.8750000000,-105.4306411743
756833.2500000000,-105.4380416870
758577.7500000000,-105.4597091675
760326.3750000000,-105.4704818726
762078.9375000000,-105.4924163818
763835.6250000000,-105.4952774048
765596.3125000000,-105.5009002686
767361.8750000000,-105.5266876221
769130.6875000000,-105.5705184937
770903.6250000000,-105.6458587646
772680.6250000000,-105.7039947510
774461.6875000000,-105.7383193970
776246.8750000000,-105.7481842041
778036.1875000000,-105.7507858276
779830.4375000000,-105.7647705078
781628.0000000000,-105.8114547729
783429.7500000000,-105.8639984131
785235.6250000000,-105.9500350952
787045.6250000000,-106.0073547363
788859.8125000000,-106.0134277344
790678.1875000000,-106.0296401978
792501.6250000000,-106.0498580933
794328.4375000000,-106.0744247437
796159.3750000000,-106.0793838501
797994.6250000000,-106.0974197388
799834.0000000000,-106.1246643066
801677.6875000000,-106.1448593140
803526.5000000000,-106.1564636230
805378.6875000000,-106.1978836060
807235.1250000000,-106.2135620117
809095.8750000000,-106.2292022705
810960.9375000000,-106.2496566772
812830.2500000000,-106.2794036865
814703.8750000000,-106.2968521118
816582.6875000000,-106.3082809448
818465.0000000000,-106.3303070068
820351.6250000000,-106.3498840332
822242.5625000000,-106.3535842896
824137.8750000000,-106.3796768188
826037.6250000000,-106.3970565796
827942.5625000000,-106.4133529663
829851.0625000000,-106.4888992310
831763.9375000000,-106.5037612915
833681.1875000000,-106.5710144043
835602.8750000000,-106.6213531494
837529.0000000000,-106.6279983521
839459.5625000000,-106.6681289673
841395.5000000000,-106.7336730957
843335.0000000000,-106.8245773315
845278.9375000000,-106.8944549561
847227.3750000000,-106.9004974365
849180.2500000000,-106.9421463013
851137.6875000000,-106.9904479980
853100.5625000000,-106.9998703003
855067.0000000000,-107.0432739258
857038.0000000000,-107.0456237793
859013.5625000000,-107.0529556274
860993.6250000000,-107.0740737915
862978.3125000000,-107.0895614624
864967.5000000000,-107.0992660522
866962.2500000000,-107.1860046387
868960.6875000000,-107.2257156372
870963.6875000000,-107.2272262573
872971.3125000000,-107.2272720337
874983.6250000000,-107.2307205200
877000.5000000000,-107.2364273071
879022.0625000000,-107.2456588745
881049.2500000000,-107.2477111816
883080.1250000000,-107.2484588623
885115.6875000000,-107.2736053467
887155.9375000000,-107.2999191284
889200.8750000000,-107.3046951294
891250.5625000000,-107.3191146851
893305.9375000000,-107.3442077637
895365.0625000000,-107.3771972656
897428.9375000000,-107.4331054688
899497.5625000000,-107.4878692627
901571.0000000000,-107.5754089355
903649.1875000000,-107.6133346558
905732.1250000000,-107.6300201416
907820.9375000000,-107.6369400024
909913.5000000000,-107.6597137451
912010.9375000000,-107.6835861206
914113.1875000000,-107.7001419067
916220.2500000000,-107.7223739624
918332.1875000000,-107.8895492554
920450.0625000000,-107.8898773193
922571.7500000000,-107.8989410400
924698.3750000000,-107.9126052856
926829.8125000000,-107.9340133667
928966.2500000000,-107.9586944580
931107.5625000000,-107.9636001587
933253.8750000000,-107.9702453613
935406.0625000000,-107.9889755249
937562.2500000000,-108.0057067871
939723.4375000000,-108.0362167358
941889.5625000000,-108.0501022339
944060.6875000000,-108.0658645630
946236.8125000000,-108.0665969849
948419.0000000000,-108.0685501099
950605.1250000000,-108.0902099609
952796.3750000000,-108.1008148193
954992.6250000000,-108.1026535034
957193.9375000000,-108.1070327759
959400.3750000000,-108.1534118652
961611.8125000000,-108.1620330811
963829.5000000000,-108.1739959717
966051.1875000000,-108.2031097412
968278.0000000000,-108.2534942627
970509.9375000000,-108.2700195313
972747.0625000000,-108.2955017090
974989.3125000000,-108.3144760132
977236.6875000000,-108.3303680420
979490.3750000000,-108.3392257690
981748.1875000000,-108.3394699097
984011.1875000000,-108.3491744995
986279.3750000000,-108.4238052368
988552.8125000000,-108.5793991089
990831.5000000000,-108.6630249023
993116.5625000000,-108.6912460327
995405.7500000000,-108.7117919922
997700.2500000000,-108.7237930298
1000000.0000000000,-108.7294845581
1002305.0625000000,-108.7346267700
1004615.4375000000,-108.7410507202
1006931.1875000000,-108.7413787842
1009253.3125000000,-108.7518768311
1011579.7500000000,-108.7700424194
1013911.5000000000,-108.7926559448
1016248.6250000000,-108.8182601929
1018591.1250000000,-108.8240585327
1020939.0625000000,-108.8453979492
1023293.5625000000,-108.8515548706
1025652.3125000000,-108.8515777588
1028016.5000000000,-108.8720703125
1030386.1250000000,-108.8975601196
1032761.2500000000,-108.9228286743
1035141.8750000000,-108.9487838745
1037527.9375000000,-108.9766921997
1039920.6250000000,-109.0091629028
1042317.7500000000,-109.0455627441
1044720.3750000000,-109.0854721069
1047128.5000000000,-109.1280517578
1049542.2500000000,-109.1381988525
1051961.5000000000,-109.1468429565
1054386.3750000000,-109.1485061646
1056817.8750000000,-109.1713409424
1059254.0000000000,-109.1715774536
1061695.6250000000,-109.1721038818
1064142.8750000000,-109.2001419067
1066595.8750000000,-109.2099304199
1069054.3750000000,-109.2119369507
1071519.8750000000,-109.2288589478
1073989.7500000000,-109.2400360107
1076465.3750000000,-109.2525482178
1078946.7500000000,-109.2587738037
1081433.7500000000,-109.2627258301
1083926.5000000000,-109.2639541626
1086425.0000000000,-109.3193054199
1088930.5000000000,-109.3730850220
1091440.6250000000,-109.4196243286
1093956.5000000000,-109.4590682983
1096478.1250000000,-109.4934234619
1099005.5000000000,-109.5258865356
1101538.8750000000,-109.5602035522
1104079.1250000000,-109.5973892212
1106624.1250000000,-109.6336135864
1109175.0000000000,-109.6653823853
1111731.7500000000,-109.6905212402
1114294.3750000000,-109.7089843750
1116862.8750000000,-109.7239685059
1119437.3750000000,-109.7447280884
1122019.0000000000,-109.7782287598
1124605.2500000000,-109.8276138306
1127197.6250000000,-109.8923645020
1129795.8750000000,-109.9680862427
1132400.1250000000,-110.0468597412
1135010.3750000000,-110.1165313721
1137627.8750000000,-110.1674499512
1140250.2500000000,-110.1998977661
1142878.6250000000,-110.2176284790
1145513.0000000000,-110.2263717651
1148153.5000000000,-110.2318191528
1150800.0000000000,-110.2378387451
1153452.7500000000,-110.2454986572
1156112.7500000000,-110.2531204224
1158777.7500000000,-110.2595138550
1161448.7500000000,-110.2655563354
1164126.0000000000,-110.2737045288
1166809.3750000000,-110.2871551514
1169499.0000000000,-110.3086929321
1172194.7500000000,-110.3396606445
1174898.0000000000,-110.3795013428
1177606.2500000000,-110.4191741943
1180320.7500000000,-110.4200897217
1183041.3750000000,-110.4262237549
1185768.3750000000,-110.4497146606
1188501.7500000000,-110.4545288086
1191242.6250000000,-110.4761505127
1193988.5000000000,-110.5036697388
1196740.7500000000,-110.5185470581
1199499.2500000000,-110.5272674561
1202264.2500000000,-110.5683822632
1205035.5000000000,-110.5774612427
1207813.2500000000,-110.6035766602
1210598.6250000000,-110.6237640381
1213389.1250000000,-110.6295471191
1216186.1250000000,-110.6619415283
1218989.5000000000,-110.6731109619
1221799.3750000000,-110.6864700317
1224615.7500000000,-110.6916351318
1227439.8750000000,-110.6987991333
1230269.2500000000,-110.7934494019
1233105.0000000000,-110.8790588379
1235947.5000000000,-110.9500274658
1238796.3750000000,-111.0026702881
1241651.8750000000,-111.0388259888
1244514.0000000000,-111.0618896484
1247384.1250000000,-111.0774536133
1250259.3750000000,-111.0917739868
1253141.3750000000,-111.1095809937
1256029.8750000000,-111.1321258545
1258925.1250000000,-111.1569900513
1261827.0000000000,-111.1799240112
1264737.0000000000,-111.1980209351
1267652.3750000000,-111.2124938965
1270574.3750000000,-111.2293014526
1273503.1250000000,-111.2567443848
1276438.6250000000,-111.3009414673
1279380.8750000000,-111.3613586426
1282330.0000000000,-111.4290847778
1285287.2500000000,-111.4897613525
1288250.0000000000,-111.5308456421
1291219.5000000000,-111.5494461060
1294195.7500000000,-111.5543975830
1297179.0000000000,-111.5606384277
1300169.1250000000,-111.5800628662
1303166.1250000000,-111.6155776978
1306171.3750000000,-111.6619491577
1309182.2500000000,-111.7108230591
1312200.0000000000,-111.7557067871
1315224.7500000000,-111.7933120728
1318256.3750000000,-111.8222579956
1321295.1250000000,-111.8426055908
1324342.2500000000,-111.8511810303
1327394.8750000000,-111.8553619385
1330454.6250000000,-111.8567199707
1333521.3750000000,-111.8699264526
1336595.2500000000,-111.8722686768
1339676.2500000000,-111.8781280518
1342764.2500000000,-111.8862380981
1345860.8750000000,-111.9070358276
1348963.2500000000,-111.9075775146
1352072.7500000000,-111.9196929932
1355189.3750000000,-111.9269714355
1358313.1250000000,-111.9302749634
1361444.1250000000,-111.9369964600
1364583.8750000000,-111.9898223877
1367729.3750000000,-112.0749282837
1370882.0000000000,-112.1633148193
1374042.0000000000,-112.2412185669
1377209.2500000000,-112.2972335815
1380383.8750000000,-112.3232574463
1383565.7500000000,-112.3256454468
1386756.5000000000,-112.3272857666
1389953.0000000000,-112.3295593262
1393157.0000000000,-112.3306274414
1396368.2500000000,-112.3332443237
1399587.0000000000,-112.3339538574
1402813.1250000000,-112.3361206055
1406046.7500000000,-112.3362960815
1409289.3750000000,-112.3382034302
1412537.8750000000,-112.3436965942
1415793.8750000000,-112.3794250488
1419057.3750000000,-112.4288711548
1422328.3750000000,-112.4840698242
1425607.0000000000,-112.5369186401
1428894.6250000000,-112.5826187134
1432188.3750000000,-112.6207809448
1435489.6250000000,-112.6539382935
1438798.5000000000,-112.7017059326
1442115.1250000000,-112.7558670044
1445439.2500000000,-112.8030014038
1448771.1250000000,-112.8628921509
1452112.2500000000,-112.9345779419
1455459.5000000000,-113.0109100342
1458814.3750000000,-113.0800628662
1462177.0000000000,-113.1065521240
1465547.5000000000,-113.1082916260
1468925.6250000000,-113.1243057251
1472313.2500000000,-113.1304626465
1475707.0000000000,-113.1334457397
1479108.6250000000,-113.1558761597
1482518.1250000000,-113.1576766968
1485935.3750000000,-113.1635818481
1489360.6250000000,-113.2206268311
1492793.6250000000,-113.2240905762
1496236.3750000000,-113.2261199951
1499685.2500000000,-113.2332611084
1503142.1250000000,-113.2340011597
1506607.0000000000,-113.2373428345
1510079.7500000000,-113.2444458008
1513560.6250000000,-113.2451553345
1517051.1250000000,-113.2477111816
1520548.1250000000,-113.2477416992
1524053.0000000000,-113.2806091309
1527566.1250000000,-113.2847900391
1531087.2500000000,-113.2875976563
1534616.5000000000,-113.3399581909
1538153.8750000000,-113.3456420898
1541701.1250000000,-113.3496932983
1545254.8750000000,-113.3698883057
1548816.8750000000,-113.4823150635
1552387.0000000000,-113.6183471680
1555965.3750000000,-113.6819229126
1559551.8750000000,-113.7189483643
1563146.7500000000,-113.7369003296
1566751.7500000000,-113.7472686768
1570363.1250000000,-113.7667999268
1573983.0000000000,-113.7720413208
1577611.1250000000,-113.7764511108
1581247.6250000000,-113.7944793701
1584892.5000000000,-113.7976226807
1588547.5000000000,-113.8068771362
1592209.2500000000,-113.8156509399
1595879.3750000000,-113.8250656128
1599558.0000000000,-113.8356933594
1603245.1250000000,-113.8508224487
1606940.7500000000,-113.8514862061
1610644.8750000000,-113.8716125488
1614359.2500000000,-113.9200210571
1618080.5000000000,-113.9627761841
1621810.2500000000,-114.0105667114
1625548.6250000000,-114.0464248657
1629295.6250000000,-114.0649032593
1633051.2500000000,-114.0783843994
1636817.3750000000,-114.0861282349
1640590.3750000000,-114.0925827026
1644372.0000000000,-114.1035842896
1648162.3750000000,-114.1163711548
1651961.5000000000,-114.1316299438
1655769.5000000000,-114.1592407227
1659586.1250000000,-114.1971511841
1663413.3750000000,-114.2322463989
1667247.6250000000,-114.2737960815
1671090.7500000000,-114.3426208496
1674942.7500000000,-114.4116134644
1678803.6250000000,-114.4531173706
1682673.3750000000,-114.5018234253
1686554.0000000000,-114.5372161865
1690441.6250000000,-114.5569686890
1694338.1250000000,-114.5791625977
1698243.7500000000,-114.6193466187
1702158.2500000000,-114.6555938721
1706081.8750000000,-114.6575469971
1710014.5000000000,-114.6630249023
1713958.1250000000,-114.6659698486
1717908.8750000000,-114.6667404175
1721868.8750000000,-114.6831588745
1725837.8750000000,-114.7344970703
1729816.0000000000,-114.8004150391
1733803.3750000000,-114.8491973877
1737799.8750000000,-114.9132919312
1741807.6250000000,-114.9541244507
1745822.6250000000,-114.9677505493
1749846.7500000000,-115.0014343262
1753880.3750000000,-115.0406188965
1757923.1250000000,-115.0501556396
1761975.2500000000,-115.0691452026
1766038.7500000000,-115.0738067627
1770109.5000000000,-115.0983505249
1774189.7500000000,-115.1414260864
1778279.3750000000,-115.1447219849
1782378.5000000000,-115.1579284668
1786487.0000000000,-115.2028656006
1790605.0000000000,-115.2443618774
1794734.3750000000,-115.2560501099
1798871.3750000000,-115.2740783691
1803017.8750000000,-115.2848281860
1807174.0000000000,-115.3081817627
1811339.6250000000,-115.3138656616
1815514.8750000000,-115.3225402832
1819701.8750000000,-115.3539047241
1823896.3750000000,-115.4486160278
1828100.6250000000,-115.5018386841
1832314.5000000000,-115.5102157593
1836538.1250000000,-115.5107269287
1840771.3750000000,-115.5181655884
1845014.5000000000,-115.5367202759
1849269.5000000000,-115.5526580811
1853532.1250000000,-115.5646667480
1857804.6250000000,-115.5655441284
1862087.0000000000,-115.5727157593
1866379.2500000000,-115.5760269165
1870681.3750000000,-115.5792617798
1874993.5000000000,-115.5857315063
1879317.5000000000,-115.6391296387
1883649.5000000000,-115.6902847290
1887991.5000000000,-115.7628097534
1892343.3750000000,-115.7868804932
1896705.3750000000,-115.7899932861
1901077.3750000000,-115.8018646240
1905461.6250000000,-115.8115768433
1909853.8750000000,-115.8197097778
1914256.2500000000,-115.8238906860
1918668.7500000000,-115.8252105713
1923091.3750000000,-115.8739929199
1927524.2500000000,-115.9157638550
1931967.3750000000,-115.9490661621
1936422.7500000000,-115.9959335327
1940886.3750000000,-116.0611953735
1945360.2500000000,-116.1238021851
1949844.3750000000,-116.1441040039
1954339.0000000000,-116.1455459595
1958843.8750000000,-116.1503601074
1963361.2500000000,-116.1509475708
1967887.0000000000,-116.1561050415
1972423.1250000000,-116.1600875854
1976969.6250000000,-116.1611480713
1981526.7500000000,-116.1650695801
1986094.2500000000,-116.1838302612
1990672.3750000000,-116.2203903198
1995263.2500000000,-116.2429809570
1999862.3750000000,-116.2463302612
2004472.2500000000,-116.2709960938
2009092.7500000000,-116.2883758545
2013723.7500000000,-116.3083343506
2018365.6250000000,-116.3260726929
2023020.2500000000,-116.3429489136
2027683.5000000000,-116.3571777344
2032357.3750000000,-116.3612823486
2037042.1250000000,-116.3712158203
2041737.6250000000,-116.3773422241
2046444.0000000000,-116.3825759888
2051161.2500000000,-116.4013671875
2055891.5000000000,-116.4446945190
2060630.5000000000,-116.5480804443
2065380.3750000000,-116.5821609497
2070141.2500000000,-116.5962524414
2074913.1250000000,-116.6394882202
2079695.8750000000,-116.7247467041
2084489.7500000000,-116.7885818481
2089297.0000000000,-116.8055648804
2094112.8750000000,-116.8147964478
2098940.0000000000,-116.8327941895
2103778.2500000000,-116.8354492188
2108627.5000000000,-116.9490661621
2113488.0000000000,-117.0837707520
2118362.2500000000,-117.1179885864
2123245.2500000000,-117.1197586060
2128139.5000000000,-117.1228866577
2133045.0000000000,-117.1236419678
2137961.7500000000,-117.1398544312
2142889.7500000000,-117.1758651733
2147829.5000000000,-117.1844787598
2152782.7500000000,-117.1903915405
2157745.0000000000,-117.2103881836
2162718.7500000000,-117.2144088745
2167704.0000000000,-117.2236328125
2172700.7500000000,-117.2255859375
2177708.7500000000,-117.2263031006
2182731.0000000000,-117.2287292480
2187762.5000000000,-117.2507705688
2192805.2500000000,-117.2532501221
2197860.0000000000,-117.2651977539
2202926.2500000000,-117.2970275879
2208004.0000000000,-117.3993988037
2213093.7500000000,-117.4752044678
2218197.5000000000,-117.4990615845
2223310.5000000000,-117.5141372681
2228435.5000000000,-117.5186309814
2233572.0000000000,-117.5196990967
2238720.7500000000,-117.5228347778
2243881.0000000000,-117.5290145874
2249055.7500000000,-117.5303497314
2254240.0000000000,-117.5323562622
2259436.2500000000,-117.5376129150
2264644.5000000000,-117.5380630493
2269864.5000000000,-117.5468597412
2275096.7500000000,-117.6210479736
2280341.0000000000,-117.7391052246
2285600.0000000000,-117.7779846191
2290868.2500000000,-117.8041381836
2296149.0000000000,-117.8051681519
2301441.7500000000,-117.8094406128
2306746.7500000000,-117.8701324463
2312064.0000000000,-117.8982315063
2317393.5000000000,-117.9061737061
2322737.7500000000,-117.9272537231
2328091.7500000000,-117.9293289185
2333458.2500000000,-117.9441299438
2338837.0000000000,-117.9464340210
2344228.2500000000,-118.0360260010
2349631.7500000000,-118.0851745605
2355050.5000000000,-118.1050415039
2360479.0000000000,-118.1117935181
2365920.0000000000,-118.1186981201
2371373.7500000000,-118.1603927612
2376840.0000000000,-118.1622619629
2382318.7500000000,-118.1998062134
2387810.0000000000,-118.2605667114
2393316.7500000000,-118.2897033691
2398833.5000000000,-118.3102569580
2404363.0000000000,-118.3314971924
2409905.2500000000,-118.3568878174
2415460.2500000000,-118.4178543091
2421028.0000000000,-118.4551620483
2426611.2500000000,-118.4836196899
2432205.0000000000,-118.4863433838
2437811.2500000000,-118.5321426392
2443430.5000000000,-118.5363388062
2449063.0000000000,-118.5492401123
2454708.2500000000,-118.5839309692
2460366.5000000000,-118.6031265259
2466040.5000000000,-118.6364669800
2471724.7500000000,-118.6403274536
2477422.2500000000,-118.6581039429
2483133.0000000000,-118.6596679688
2488856.7500000000,-118.7396621704
2494593.7500000000,-118.7582778931
2500344.0000000000,-118.7636566162
2506110.2500000000,-118.7699584961
2511887.0000000000,-118.7861099243
2517677.0000000000,-118.7888717651
2523480.5000000000,-118.7909927368
2529297.2500000000,-118.8072433472
2535127.5000000000,-118.8346557617
2540974.0000000000,-118.8655548096
2546831.0000000000,-118.8816528320
2552701.7500000000,-118.8850708008
2558585.7500000000,-118.8886260986
2564483.5000000000,-118.9057846069
2570395.0000000000,-118.9086532593
2576319.7500000000,-118.9590072632
2582261.2500000000,-119.0612564087
2588213.5000000000,-119.0701446533
2594179.5000000000,-119.0709915161
2600159.2500000000,-119.1035614014
2606153.0000000000,-119.1265945435
2612160.2500000000,-119.1268463135
2618184.2500000000,-119.1332550049
2624219.5000000000,-119.1342620850
2630268.5000000000,-119.1966094971
2636331.5000000000,-119.2227935791
2642408.2500000000,-119.2430419922
2648499.2500000000,-119.2542419434
2654604.2500000000,-119.3000488281
2660726.2500000000,-119.3217315674
2666859.5000000000,-119.3278961182
2673006.7500000000,-119.3335037231
2679168.2500000000,-119.3415374756
2685343.7500000000,-119.4219818115
2691533.7500000000,-119.4935455322
2697741.0000000000,-119.5147933960
2703959.2500000000,-119.5260238647
2710192.2500000000,-119.5646286011
2716439.2500000000,-119.5670394897
2722701.0000000000,-119.5729675293
2728977.0000000000,-119.5904083252
2735267.5000000000,-119.6655349731
2741575.5000000000,-119.7245788574
2747895.0000000000,-119.7461013794
2754229.0000000000,-119.7618560791
2760577.7500000000,-119.7731933594
2766941.0000000000,-119.7906723022
2773319.0000000000,-119.8259124756
2779711.7500000000,-119.8380966187
2786122.2500000000,-119.8402175903
2792544.5000000000,-119.8505554199
2798981.5000000000,-119.8580322266
2805433.2500000000,-119.8952407837
2811900.0000000000,-119.8967285156
2818381.7500000000,-119.9060745239
2824881.2500000000,-119.9120330811
2831393.0000000000,-119.9128494263
2837919.5000000000,-120.0872802734
2844461.0000000000,-120.1115646362
2851017.7500000000,-120.1162643433
2857589.5000000000,-120.1893768311
2864176.5000000000,-120.2152328491
2870781.7500000000,-120.2215957642
2877399.2500000000,-120.2275772095
2884031.7500000000,-120.2746505737
2890679.7500000000,-120.2777786255
2897343.0000000000,-120.2879333496
2904021.5000000000,-120.2967529297
2910718.7500000000,-120.3035888672
2917428.0000000000,-120.3061141968
2924153.0000000000,-120.3433914185
2930893.2500000000,-120.3546600342
2937649.2500000000,-120.3553085327
2944420.7500000000,-120.3731231689
2951207.7500000000,-120.4106597900
2958013.7500000000,-120.4166336060
2964832.2500000000,-120.4304733276
2971666.2500000000,-120.4616546631
2978516.2500000000,-120.4819717407
2985382.0000000000,-120.5669174194
2992263.5000000000,-120.7336959839
2999164.2500000000,-120.7371292114
3006077.5000000000,-120.7717132568
3013006.7500000000,-120.7994613647
3019951.7500000000,-120.8090515137
3026913.0000000000,-120.8226623535
3033890.2500000000,-120.8356170654
3040883.7500000000,-120.8468551636
3047896.5000000000,-120.8536834717
3054922.0000000000,-120.8607788086
3061963.7500000000,-120.8681945801
3069022.0000000000,-120.8803253174
3076096.2500000000,-120.8943252563
3083186.7500000000,-120.9176788330
3090293.7500000000,-120.9428939819
3097420.5000000000,-120.9728775024
3104560.2500000000,-121.0019836426
3111716.5000000000,-121.0304107666
3118889.2500000000,-121.0501480103
3126078.5000000000,-121.0663757324
3133284.5000000000,-121.0714416504
3140510.2500000000,-121.0717239380
3147749.2500000000,-121.0734176636
3155005.2500000000,-121.0736999512
3162277.7500000000,-121.0779418945
3169567.0000000000,-121.0939559937
3176873.0000000000,-121.1153869629
3184196.0000000000,-121.1444091797
3191539.2500000000,-121.1788024902
3198896.0000000000,-121.2150268555
3206269.7500000000,-121.2518768311
3213660.2500000000,-121.2877273560
3221068.0000000000,-121.3222656250
3228492.7500000000,-121.3559570313
3235938.2500000000,-121.3896331787
3243397.2500000000,-121.4244842529
3250873.5000000000,-121.4598312378
3258367.0000000000,-121.4956436157
3265877.7500000000,-121.5294189453
3273406.0000000000,-121.5621185303
3280951.2500000000,-121.5924758911
3288517.7500000000,-121.6235809326
3296098.0000000000,-121.6552276611
3303695.7500000000,-121.6916122437
3311311.0000000000,-121.7283630371
3318944.0000000000,-121.7656097412
3326594.2500000000,-121.7955627441
3334262.2500000000,-121.8207168579
3341951.7500000000,-121.8349151611
3349655.2500000000,-121.8434982300
3357376.2500000000,-121.8490524292
3365115.2500000000,-121.8567810059
3372872.2500000000,-121.8688354492
3380646.7500000000,-121.8855667114
3388443.2500000000,-121.9090957642
3396253.7500000000,-121.9339981079
3404082.5000000000,-121.9602584839
3411929.0000000000,-121.9857788086
3419793.7500000000,-122.0110397339
3427676.7500000000,-122.0361404419
3435577.7500000000,-122.0617370605
3443500.7500000000,-122.0872650146
3451438.2500000000,-122.1109161377
3459394.0000000000,-122.1296005249
3467368.2500000000,-122.1442489624
3475360.7500000000,-122.1488571167
3483371.7500000000,-122.1512680054
3491405.0000000000,-122.1520690918
3499452.7500000000,-122.1612854004
3507519.2500000000,-122.1783828735
3515604.5000000000,-122.2031021118
3523708.2500000000,-122.2372665405
3531830.5000000000,-122.2697219849
3539971.7500000000,-122.3003997803
3548135.5000000000,-122.3208770752
3556314.2500000000,-122.3384170532
3564511.7500000000,-122.3530960083
3572728.2500000000,-122.3703918457
3580963.5000000000,-122.3908233643
3589218.0000000000,-122.4143142700
3597495.2500000000,-122.4421005249
3605787.7500000000,-122.4713439941
3614099.2500000000,-122.5018386841
3622430.0000000000,-122.5335083008
3630780.0000000000,-122.5646362305
3639149.2500000000,-122.5950851440
3647537.7500000000,-122.6237716675
3655949.5000000000,-122.6527328491
3664376.7500000000,-122.6829910278
3672823.5000000000,-122.7165145874
3681289.5000000000,-122.7539596558
3689775.2500000000,-122.7919845581
3698280.5000000000,-122.8295745850
3706805.2500000000,-122.8588867188
3715353.7500000000,-122.8803176880
3723918.0000000000,-122.8893203735
3732501.7500000000,-122.8916320801
3741105.5000000000,-122.8919143677
3749729.0000000000,-122.8935470581
3758372.5000000000,-122.8944549561
3767039.7500000000,-122.9061431885
3775723.2500000000,-122.9293060303
3784426.5000000000,-122.9610519409
3793149.7500000000,-123.0011291504
3801893.2500000000,-123.0420227051
3810657.0000000000,-123.0827560425
3819440.7500000000,-123.1214141846
3828249.0000000000,-123.1570587158
3837073.5000000000,-123.1894912720
3845918.2500000000,-123.2180328369
3854783.2500000000,-123.2373352051
3863668.7500000000,-123.2500610352
3872574.7500000000,-123.2606658936
3881505.7500000000,-123.2726364136
3890452.7500000000,-123.3003997803
3899420.5000000000,-123.3401031494
3908409.0000000000,-123.3884429932
3917418.2500000000,-123.4401855469
3926448.0000000000,-123.4779281616
3935498.7500000000,-123.4853744507
3944574.7500000000,-123.4872360229
3953667.2500000000,-123.4898757935
3962780.7500000000,-123.4961013794
3971915.2500000000,-123.4991683960
3981070.7500000000,-123.5001907349
3990247.5000000000,-123.5056991577
3999449.7500000000,-123.5071029663
4008668.7500000000,-123.5160140991
4017909.0000000000,-123.5290603638
4027170.5000000000,-123.5511322021
4036453.5000000000,-123.5878295898
4045757.7500000000,-123.6303024292
4055083.5000000000,-123.6729507446
4064435.2500000000,-123.7075424194
4073804.0000000000,-123.7254180908
4083194.5000000000,-123.7367858887
4092606.5000000000,-123.7465972900
4102040.2500000000,-123.7597198486
4111495.7500000000,-123.7808227539
4120973.0000000000,-123.8037567139
4130476.7500000000,-123.8251190186
4139997.7500000000,-123.8431777954
4149540.7500000000,-123.8574295044
4159105.7500000000,-123.8724288940
4168692.7500000000,-123.8910980225
4178301.7500000000,-123.9143447876
4187937.7500000000,-123.9426651001
4197591.0000000000,-123.9769363403
4207267.0000000000,-124.0154037476
4216965.0000000000,-124.0544052124
4226685.5000000000,-124.0899810791
4236428.0000000000,-124.1175994873
4246193.5000000000,-124.1223754883
4255986.0000000000,-124.1253585815
4265796.5000000000,-124.1265716553
4275629.5000000000,-124.1293945313
4285485.0000000000,-124.1296768188
4295363.0000000000,-124.1450424194
4305264.5000000000,-124.1763763428
4315193.0000000000,-124.2161636353
4325140.0000000000,-124.2612075806
4335109.5000000000,-124.3082351685
4345102.5000000000,-124.3537826538
4355118.0000000000,-124.3938827515
4365157.0000000000,-124.4294281006
4375219.0000000000,-124.4632339478
4385309.0000000000,-124.4987945557
4395417.5000000000,-124.5391921997
4405549.0000000000,-124.5843124390
4415704.5000000000,-124.6249542236
4425883.0000000000,-124.6549987793
4436085.0000000000,-124.6741027832
4446310.5000000000,-124.6857223511
4456564.0000000000,-124.6957550049
4466837.0000000000,-124.7088928223
4477133.5000000000,-124.7213287354
4487453.5000000000,-124.7233734131
4497797.5000000000,-124.7237319946
4508165.0000000000,-124.7270126343
4518561.5000000000,-124.7275924683
4528977.0000000000,-124.7358322144
4539417.0000000000,-124.7641906738
4549880.5000000000,-124.7985992432
4560368.5000000000,-124.8311462402
4570880.5000000000,-124.8582458496
4581416.5000000000,-124.8798446655
4591982.0000000000,-124.8977737427
4602567.0000000000,-124.9130477905
4613176.0000000000,-124.9239959717
4623810.0000000000,-124.9312057495
4634468.0000000000,-124.9384078979
4645151.0000000000,-124.9493408203
4655863.5000000000,-124.9664001465
4666595.5000000000,-124.9902114868
4677352.0000000000,-125.0199203491
4688134.0000000000,-125.0538177490
4698940.5000000000,-125.0898132324
4709771.5000000000,-125.1270980835
4720628.0000000000,-125.1676788330
4731514.5000000000,-125.2127380371
4742421.0000000000,-125.2592315674
4753353.0000000000,-125.3010940552
4764309.5000000000,-125.3332061768
4775291.5000000000,-125.3554687500
4786299.0000000000,-125.3730163574
4797337.0000000000,-125.3914108276
4808395.5000000000,-125.4123611450
4819479.0000000000,-125.4347839355
4830588.0000000000,-125.4576873779
4841723.0000000000,-125.4779586792
4852883.5000000000,-125.4908828735
4864070.0000000000,-125.4919128418
4875287.0000000000,-125.4919738770
4886525.0000000000,-125.4943389893
4897789.0000000000,-125.5012664795
4909078.5000000000,-125.5216445923
4920394.5000000000,-125.5496368408
4931736.0000000000,-125.5802383423
4943104.0000000000,-125.6076583862
4954504.0000000000,-125.6271133423
4965924.5000000000,-125.6385040283
4977371.0000000000,-125.6477737427
4988844.5000000000,-125.6626815796
5000344.0000000000,-125.6864852905
5011870.0000000000,-125.7158050537
5023428.5000000000,-125.7445144653
5035007.5000000000,-125.7695236206
5046614.0000000000,-125.7932891846
5058246.5000000000,-125.8209609985
5069906.0000000000,-125.8552856445
5081592.5000000000,-125.8937072754
5093306.0000000000,-125.9299774170
5105052.0000000000,-125.9586791992
5116819.5000000000,-125.9781341553
5128614.5000000000,-125.9894790649
5140436.0000000000,-125.9947509766
5152285.0000000000,-125.9987030029
5164161.5000000000,-126.0117645264
5176071.0000000000,-126.0463485718
5188002.0000000000,-126.1055374146
5199961.0000000000,-126.1757507324
5211947.0000000000,-126.1974868774
5223961.0000000000,-126.2023162842
5236002.5000000000,-126.2179183960
5248072.0000000000,-126.2340240479
5260175.0000000000,-126.2443084717
5272300.0000000000,-126.2481918335
5284453.0000000000,-126.2643814087
5296634.0000000000,-126.2662277222
5308843.5000000000,-126.2735519409
5321080.5000000000,-126.3169403076
5333352.0000000000,-126.3761901855
5345645.5000000000,-126.3772277832
5357967.5000000000,-126.3795394897
5370318.0000000000,-126.3966903687
5382697.0000000000,-126.3967361450
5395104.5000000000,-126.4035186768
5407541.0000000000,-126.4372482300
5420011.5000000000,-126.4897994995
5432505.0000000000,-126.5507049561
5445027.5000000000,-126.6194686890
5457578.5000000000,-126.6927032471
5470158.5000000000,-126.7629165649
5482767.5000000000,-126.8233261108
5495406.0000000000,-126.8698425293
5508079.0000000000,-126.8793487549
5520775.5000000000,-126.8864822388
5533501.5000000000,-126.8916091919
5546256.5000000000,-126.8979492188
5559041.0000000000,-126.9035949707
5571855.0000000000,-126.9209442139
5584704.5000000000,-127.0037002563
5597578.0000000000,-127.0363616943
5610480.5000000000,-127.0415039063
5623413.5000000000,-127.0529632568
5636375.5000000000,-127.0676345825
5649368.0000000000,-127.0746002197
5662390.0000000000,-127.0774993896
5675448.5000000000,-127.0895080566
5688531.0000000000,-127.1024703979
5701643.5000000000,-127.1338348389
5714786.0000000000,-127.1580123901
5727959.0000000000,-127.1628494263
5741162.5000000000,-127.1649017334
5754402.5000000000,-127.1768035889
5767666.5000000000,-127.1818161011
5780961.5000000000,-127.1878662109
5794287.0000000000,-127.1902084351
5807643.5000000000,-127.1949768066
5821030.5000000000,-127.2295913696
5834448.5000000000,-127.2828750610
5847903.5000000000,-127.3427124023
5861383.5000000000,-127.4084548950
5874894.0000000000,-127.4730606079
5888436.5000000000,-127.4773406982
5902009.5000000000,-127.4775085449
5915614.0000000000,-127.4904708862
5929250.0000000000,-127.4982757568
5942924.0000000000,-127.5190048218
5956622.5000000000,-127.5237426758
5970353.0000000000,-127.5241394043
5984115.5000000000,-127.5253601074
5997909.0000000000,-127.5273818970
6011734.5000000000,-127.5386581421
6025599.0000000000,-127.5479278564
6039488.0000000000,-127.5533142090
6053409.5000000000,-127.5701141357
6067363.0000000000,-127.5801925659
6081349.0000000000,-127.5984268188
6095367.0000000000,-127.6541290283
6109417.0000000000,-127.7357864380
6123506.5000000000,-127.7375488281
6137621.5000000000,-127.7452087402
6151769.0000000000,-127.7562103271
6165949.5000000000,-127.7676239014
6180162.5000000000,-127.7784576416
6194408.0000000000,-127.8026046753
6208693.5000000000,-127.8321228027
6223005.0000000000,-127.8499908447
6237349.5000000000,-127.8797454834
6251727.0000000000,-127.9130859375
6266137.5000000000,-127.9334030151
6280581.5000000000,-127.9390640259
6295058.5000000000,-127.9647598267
6309576.0000000000,-128.0187835693
6324120.0000000000,-128.0931243896
6338698.0000000000,-128.1112213135
6353309.0000000000,-128.1260375977
6367954.0000000000,-128.1306152344
6382632.5000000000,-128.1631317139
6397352.0000000000,-128.1648101807
6412098.0000000000,-128.1987304688
6426878.5000000000,-128.2011871338
6441693.0000000000,-128.2711791992
6456541.5000000000,-128.3158264160
6471424.0000000000,-128.3569641113
6486341.5000000000,-128.3798522949
6501300.0000000000,-128.3928527832
6516286.0000000000,-128.4025878906
6531306.5000000000,-128.4275665283
6546361.5000000000,-128.4528198242
6561451.5000000000,-128.4986267090
6576576.0000000000,-128.5131988525
6591735.5000000000,-128.5387420654
6606937.0000000000,-128.5929870605
6622166.5000000000,-128.5978698730
6637431.0000000000,-128.6011962891
6652731.0000000000,-128.6287384033
6668066.0000000000,-128.6631317139
6683436.0000000000,-128.6942291260
6698849.5000000000,-128.6975708008
6714290.5000000000,-128.7027282715
6729767.5000000000,-128.7152404785
6745280.0000000000,-128.7437591553
6760828.5000000000,-128.7732391357
6776413.0000000000,-128.7882690430
6792033.0000000000,-128.8019866943
6807696.5000000000,-128.8073120117
6823388.5000000000,-128.8148040771
6839117.0000000000,-128.8162384033
6854881.5000000000,-128.8332366943
6870682.5000000000,-128.8427734375
6886520.0000000000,-128.8642883301
6902401.5000000000,-128.8817138672
6918312.0000000000,-128.9045410156
6934259.5000000000,-128.9156188965
6950243.5000000000,-128.9317626953
6966264.0000000000,-128.9904479980
6982322.0000000000,-129.0704345703
6998416.5000000000,-129.1353607178
7014556.0000000000,-129.1828308105
7030725.0000000000,-129.1854858398
7046931.5000000000,-129.1930541992
7063175.0000000000,-129.1957702637
7079456.5000000000,-129.2062683105
7095775.0000000000,-129.2148590088
7112139.0000000000,-129.2152709961
7128533.0000000000,-129.2664337158
7144965.0000000000,-129.2693939209
7161434.5000000000,-129.2753295898
7177942.0000000000,-129.3206176758
7194487.5000000000,-129.3305053711
7211071.5000000000,-129.3488769531
7227701.5000000000,-129.4130096436
7244362.0000000000,-129.4140472412
7261060.5000000000,-129.4220733643
7277798.0000000000,-129.4552001953
7294573.5000000000,-129.4562988281
7311388.0000000000,-129.4821624756
7328241.5000000000,-129.4895324707
7345141.5000000000,-129.4909362793
7362072.5000000000,-129.5021972656
7379043.0000000000,-129.5092468262
7396052.0000000000,-129.5108795166
7413100.5000000000,-129.5308074951
7430188.0000000000,-129.5339508057
7447323.5000000000,-129.5361633301
7464490.0000000000,-129.6219940186
7481696.5000000000,-129.6868591309
7498942.0000000000,-129.7046966553
7516227.5000000000,-129.7064971924
7533553.0000000000,-129.7078094482
7550918.5000000000,-129.7283782959
7568332.0000000000,-129.7805633545
7585777.5000000000,-129.8293609619
7603263.5000000000,-129.8338012695
7620789.5000000000,-129.8432312012
7638356.0000000000,-129.8499450684
7655963.0000000000,-129.8823242188
7673619.0000000000,-129.9295349121
7691307.0000000000,-129.9632720947
7709036.0000000000,-130.0001373291
7726806.0000000000,-130.0472869873
7744617.0000000000,-130.0493316650
7762469.0000000000,-130.0494537354
7780362.0000000000,-130.0774230957
7798304.5000000000,-130.0781097412
7816280.5000000000,-130.0961151123
7834297.5000000000,-130.1217651367
7852356.0000000000,-130.1324768066
7870456.0000000000,-130.1537628174
7888598.0000000000,-130.2284851074
7906782.0000000000,-130.3061370850
7925016.5000000000,-130.3338165283
7943284.0000000000,-130.3496398926
7961594.0000000000,-130.3632965088
7979946.0000000000,-130.3827056885
7998340.5000000000,-130.3839721680
8016777.0000000000,-130.4136657715
8035265.0000000000,-130.4456481934
8053787.0000000000,-130.4511566162
8072351.5000000000,-130.4699401855
8090959.0000000000,-130.4702453613
8109609.0000000000,-130.4788513184
8128302.5000000000,-130.5561065674
8147038.5000000000,-130.5784759521
8165827.0000000000,-130.5920715332
8184650.0000000000,-130.6153259277
8203516.0000000000,-130.6412963867
8222426.0000000000,-130.6458435059
8241379.0000000000,-130.6522369385
8260376.0000000000,-130.6661834717
8279426.0000000000,-130.6781311035
8298510.5000000000,-130.6798858643
8317639.0000000000,-130.7027130127
8336812.0000000000,-130.7119140625
8356029.0000000000,-130.7165222168
8375290.0000000000,-130.7342224121
8394596.0000000000,-130.7435150146
8413955.0000000000,-130.8282318115
8433350.0000000000,-130.8821716309
8452789.0000000000,-130.8976745605
8472274.0000000000,-130.9025115967
8491803.0000000000,-130.9275817871
8511377.0000000000,-130.9290466309
8531006.0000000000,-130.9349975586
8550670.0000000000,-130.9684295654
8570380.0000000000,-130.9756469727
8590136.0000000000,-131.0195922852
8609936.0000000000,-131.0244903564
8629783.0000000000,-131.0255279541
8649675.0000000000,-131.0264892578
8669623.0000000000,-131.0467224121
8689607.0000000000,-131.0903472900
8709637.0000000000,-131.1523437500
8729713.0000000000,-131.2134246826
8749836.0000000000,-131.2231903076
8770005.0000000000,-131.2397308350
8790220.0000000000,-131.2506256104
8810492.0000000000,-131.2516937256
8830801.0000000000,-131.2523803711
8851157.0000000000,-131.2843475342
8871559.0000000000,-131.2876434326
8892009.0000000000,-131.2971801758
8912505.0000000000,-131.2977447510
8933059.0000000000,-131.3232574463
8953651.0000000000,-131.3400726318
8974289.0000000000,-131.3436889648
8994976.0000000000,-131.3527679443
9015710.0000000000,-131.4238281250
9036492.0000000000,-131.5372161865
9057321.0000000000,-131.5832061768
9078209.0000000000,-131.5834197998
9099135.0000000000,-131.5836334229
9120109.0000000000,-131.6056060791
9141132.0000000000,-131.6217498779
9162203.0000000000,-131.6232299805
9183322.0000000000,-131.6241149902
9204500.0000000000,-131.6271514893
9225718.0000000000,-131.6356048584
9246983.0000000000,-131.6846923828
9268298.0000000000,-131.7430572510
9289662.0000000000,-131.7739715576
9311076.0000000000,-131.8030700684
9332538.0000000000,-131.8462066650
9354061.0000000000,-131.8972625732
9375623.0000000000,-131.9486083984
9397234.0000000000,-132.0005950928
9418895.0000000000,-132.0429077148
9440607.0000000000,-132.0618133545
9462368.0000000000,-132.1010589600
9484190.0000000000,-132.1403961182
9506052.0000000000,-132.1462860107
9527964.0000000000,-132.1476135254
9549926.0000000000,-132.1580200195
9571940.0000000000,-132.1779327393
9594004.0000000000,-132.1851654053
9616118.0000000000,-132.2028198242
9638295.0000000000,-132.2111358643
9660512.0000000000,-132.2261352539
9682780.0000000000,-132.2415008545
9705099.0000000000,-132.2427215576
9727470.0000000000,-132.2905273438
9749893.0000000000,-132.3421325684
9772367.0000000000,-132.3807373047
9794904.0000000000,-132.4167022705
9817482.0000000000,-132.4662780762
9840112.0000000000,-132.4708251953
9862794.0000000000,-132.4828948975
9885528.0000000000,-132.4846343994
9908315.0000000000,-132.5044555664
9931165.0000000000,-132.5148925781
9954057.0000000000,-132.5344085693
9977002.0000000000,-132.5498962402
10000000.0000000000,-132.5603790283
10023051.0000000000,-132.5950317383
10046155.0000000000,-132.5971832275
10069312.0000000000,-132.6200866699
10092533.0000000000,-132.6339721680
10115797.0000000000,-132.6388702393
10139115.0000000000,-132.6613616943
10162486.0000000000,-132.6644287109
10185911.0000000000,-132.6664886475
10209391.0000000000,-132.6841430664
10232935.0000000000,-132.7539062500
10256523.0000000000,-132.8205871582
10280165.0000000000,-132.8818054199
10303861.0000000000,-132.9355621338
10327613.0000000000,-132.9714813232
10351418.0000000000,-132.9999237061
10375279.0000000000,-133.0006408691
10399206.0000000000,-133.0020599365
10423177.0000000000,-133.0046539307
10447203.0000000000,-133.0074310303
10471285.0000000000,-133.0199127197
10495422.0000000000,-133.0435028076
10519615.0000000000,-133.0950317383
10543863.0000000000,-133.1466064453
10568179.0000000000,-133.1986999512
10592540.0000000000,-133.2473907471
10616956.0000000000,-133.2598571777
10641429.0000000000,-133.2606658936
10665958.0000000000,-133.2688446045
10690544.0000000000,-133.2712249756
10715198.0000000000,-133.2718811035
10739898.0000000000,-133.2800140381
10764654.0000000000,-133.2800750732
10789467.0000000000,-133.2817230225
10814338.0000000000,-133.2845611572
10839265.0000000000,-133.2875518799
10864251.0000000000,-133.2881927490
10889305.0000000000,-133.2893981934
10914406.0000000000,-133.2983856201
10939565.0000000000,-133.2996063232
10964781.0000000000,-133.3001251221
10990056.0000000000,-133.3054656982
11015388.0000000000,-133.3090515137
11040792.0000000000,-133.3321380615
11066242.0000000000,-133.3686828613
11091750.0000000000,-133.3971862793
11117317.0000000000,-133.4186553955
11142944.0000000000,-133.4312133789
11168629.0000000000,-133.4384002686
11194373.0000000000,-133.4495239258
11220189.0000000000,-133.4621429443
11246053.0000000000,-133.4982452393
11271976.0000000000,-133.5391998291
11297958.0000000000,-133.6235046387
11324001.0000000000,-133.7127532959
11350104.0000000000,-133.8350067139
11376279.0000000000,-133.9541778564
11402502.0000000000,-134.0604858398
11428786.0000000000,-134.0726776123
11455130.0000000000,-134.0752563477
11481535.0000000000,-134.0805206299
11508000.0000000000,-134.0866699219
11534527.0000000000,-134.0896606445
11561128.0000000000,-134.0909118652
11587777.0000000000,-134.0941619873
11614488.0000000000,-134.0992279053
11641260.0000000000,-134.1082153320
11668094.0000000000,-134.1084747314
11694990.0000000000,-134.1140899658
11721947.0000000000,-134.1190948486
11748980.0000000000,-134.1227416992
11776062.0000000000,-134.1238555908
11803207.0000000000,-134.1447601318
11830414.0000000000,-134.1452484131
11857684.0000000000,-134.1761779785
11885017.0000000000,-134.1856689453
11912426.0000000000,-134.1878662109
11939885.0000000000,-134.1968078613
11967407.0000000000,-134.2624969482
11994993.0000000000,-134.3546447754
12022642.0000000000,-134.4457092285
12050355.0000000000,-134.5360565186
12078132.0000000000,-134.6067962646
12105986.0000000000,-134.6585998535
12133892.0000000000,-134.6626739502
12161861.0000000000,-134.6670074463
12189895.0000000000,-134.6705932617
12217994.0000000000,-134.6717071533
12246157.0000000000,-134.6801757813
12274399.0000000000,-134.6842956543
12302692.0000000000,-134.6864471436
12331051.0000000000,-134.6937866211
12359475.0000000000,-134.7037353516
12387964.0000000000,-134.7129058838
12416519.0000000000,-134.7136077881
12445140.0000000000,-134.7148895264
12473841.0000000000,-134.7268371582
12502594.0000000000,-134.7354583740
12531413.0000000000,-134.7413330078
12560299.0000000000,-134.7448120117
12589251.0000000000,-134.7462005615
12618270.0000000000,-134.7571105957
12647370.0000000000,-134.7577056885
12676523.0000000000,-134.7607116699
12705744.0000000000,-134.7767486572
12735031.0000000000,-134.8006896973
12764387.0000000000,-134.8285980225
12793809.0000000000,-134.8584442139
12823300.0000000000,-134.8931579590
12852873.0000000000,-134.9397277832
12882499.0000000000,-134.9951019287
12912195.0000000000,-135.0706481934
12941958.0000000000,-135.0984344482
12971790.0000000000,-135.1059722900
13001691.0000000000,-135.1309661865
13031661.0000000000,-135.1338806152
13061714.0000000000,-135.1469421387
13091822.0000000000,-135.1754608154
13122000.0000000000,-135.1782379150
13152247.0000000000,-135.2209320068
13182564.0000000000,-135.2274017334
13212951.0000000000,-135.2346649170
13243422.0000000000,-135.2685394287
13273949.0000000000,-135.2718200684
13304546.0000000000,-135.2740478516
13335214.0000000000,-135.3007507324
13365953.0000000000,-135.3072814941
13396762.0000000000,-135.3373107910
13427643.0000000000,-135.3666534424
13458609.0000000000,-135.4000854492
13489632.0000000000,-135.4332427979
13520727.0000000000,-135.4532928467
13551893.0000000000,-135.4628448486
13583131.0000000000,-135.4656677246
13614441.0000000000,-135.4694671631
13645839.0000000000,-135.4759216309
13677293.0000000000,-135.4835510254
13708820.0000000000,-135.4898376465
13740420.0000000000,-135.4919738770
13772093.0000000000,-135.5028228760
13803838.0000000000,-135.5668334961
13835657.0000000000,-135.6456604004
13867565.0000000000,-135.7260894775
13899530.0000000000,-135.7783813477
13931570.0000000000,-135.7901611328
13963683.0000000000,-135.7916717529
13995870.0000000000,-135.7933044434
14028132.0000000000,-135.8265228271
14060468.0000000000,-135.8405761719
14092893.0000000000,-135.8464050293
14125379.0000000000,-135.8504333496
14157939.0000000000,-135.8537750244
14190574.0000000000,-135.8649749756
14223284.0000000000,-135.8876953125
14256070.0000000000,-135.8935089111
14288946.0000000000,-135.9254455566
14321884.0000000000,-135.9387359619
14354896.0000000000,-135.9401855469
14387986.0000000000,-135.9580841064
14421151.0000000000,-135.9738616943
14454393.0000000000,-135.9850769043
14487711.0000000000,-135.9850769043
14521122.0000000000,-135.9850769043
14554594.0000000000,-135.9850769043
14588144.0000000000,-135.9850769043
14621770.0000000000,-135.9884033203
14655475.0000000000,-135.9927368164
14689257.0000000000,-136.0236663818
14723133.0000000000,-136.0735321045
14757070.0000000000,-136.0897827148
14791086.0000000000,-136.1040191650
14825181.0000000000,-136.1187438965
14859354.0000000000,-136.1399078369
14893606.0000000000,-136.1604766846
14927937.0000000000,-136.2159881592
14962363.0000000000,-136.2299804688
14996852.0000000000,-136.2344665527
15031421.0000000000,-136.2467803955
15066070.0000000000,-136.2682800293
15100798.0000000000,-136.2766265869
15135607.0000000000,-136.2810516357
15170512.0000000000,-136.3140869141
15205481.0000000000,-136.3178405762
15240531.0000000000,-136.3309631348
15275661.0000000000,-136.3366699219
15310873.0000000000,-136.3425598145
15346165.0000000000,-136.3808288574
15381539.0000000000,-136.6475677490
15417012.0000000000,-136.8336029053
15452549.0000000000,-136.8749389648
15488168.0000000000,-136.8857269287
15523870.0000000000,-136.8912048340
15559653.0000000000,-136.9161376953
15595519.0000000000,-136.9198913574
15631468.0000000000,-136.9226226807
15667517.0000000000,-136.9368286133
15703632.0000000000,-136.9450225830
15739830.0000000000,-136.9470214844
15776111.0000000000,-136.9483337402
15812476.0000000000,-136.9787292480
15848925.0000000000,-136.9858703613
15885475.0000000000,-137.0107116699
15922092.0000000000,-137.0123901367
15958794.0000000000,-137.0575408936
15995580.0000000000,-137.0848693848
16032451.0000000000,-137.1125183105
16069407.0000000000,-137.1437835693
16106448.0000000000,-137.1464538574
16143592.0000000000,-137.1539916992
16180804.0000000000,-137.1655273438
16218102.0000000000,-137.1691131592
16255486.0000000000,-137.1967620850
16292956.0000000000,-137.2224273682
16330513.0000000000,-137.2412567139
16368174.0000000000,-137.2416229248
16405903.0000000000,-137.2528228760
16443720.0000000000,-137.2660217285
16481624.0000000000,-137.2869720459
16519616.0000000000,-137.2900085449
16557694.0000000000,-137.3058166504
16595861.0000000000,-137.3120727539
16634134.0000000000,-137.3158264160
16672477.0000000000,-137.3245697021
16710908.0000000000,-137.4414520264
16749428.0000000000,-137.4630889893
16788036.0000000000,-137.5002288818
16826734.0000000000,-137.5232696533
16865540.0000000000,-137.5245666504
16904416.0000000000,-137.5981597900
16943382.0000000000,-137.6382141113
16982438.0000000000,-137.6401214600
17021582.0000000000,-137.6741180420
17060818.0000000000,-137.6818084717
17100146.0000000000,-137.6909790039
17139582.0000000000,-137.6955108643
17179090.0000000000,-137.7133941650
17218688.0000000000,-137.7679290771
17258378.0000000000,-137.7970581055
17298160.0000000000,-137.8138275146
17338034.0000000000,-137.8398742676
17378000.0000000000,-137.8466796875
17418076.0000000000,-137.8761444092
17458226.0000000000,-137.8878479004
17498468.0000000000,-137.9691009521
17538804.0000000000,-137.9748992920
17579232.0000000000,-137.9776763916
17619752.0000000000,-137.9860229492
17660388.0000000000,-138.0255584717
17701096.0000000000,-138.0719757080
17741898.0000000000,-138.0849304199
17782794.0000000000,-138.1244659424
17823784.0000000000,-138.1352386475
17864870.0000000000,-138.1662597656
17906050.0000000000,-138.1678619385
17947344.0000000000,-138.2230224609
17988714.0000000000,-138.2446441650
18030180.0000000000,-138.2825012207
18071740.0000000000,-138.3120880127
18113396.0000000000,-138.3234710693
18155150.0000000000,-138.3321533203
18197018.0000000000,-138.3456878662
18238964.0000000000,-138.3582153320
18281006.0000000000,-138.3771972656
18323144.0000000000,-138.3778533936
18365380.0000000000,-138.3778533936
18407714.0000000000,-138.3778533936
18450146.0000000000,-138.3778533936
18492694.0000000000,-138.3785095215
18535322.0000000000,-138.4034271240
18578046.0000000000,-138.4050292969
18620870.0000000000,-138.4083557129
18663792.0000000000,-138.4320678711
18706814.0000000000,-138.4352416992
18749934.0000000000,-138.4352569580
18793176.0000000000,-138.4609375000
18836496.0000000000,-138.4851379395
18879914.0000000000,-138.4918518066
18923434.0000000000,-138.5093383789
18967054.0000000000,-138.5116882324
19010774.0000000000,-138.5279541016
19054616.0000000000,-138.5401153564
19098538.0000000000,-138.5866394043
19142562.0000000000,-138.6007537842
19186688.0000000000,-138.6018981934
19230914.0000000000,-138.6140747070
19275242.0000000000,-138.6229858398
19319674.0000000000,-138.6265716553
19364228.0000000000,-138.6853485107
19408864.0000000000,-138.6952819824
19453602.0000000000,-138.7069702148
19498444.0000000000,-138.7232055664
19543390.0000000000,-138.7563476563
19588438.0000000000,-138.7837524414
19633612.0000000000,-138.8199157715
19678870.0000000000,-138.9148406982
19724230.0000000000,-138.9206085205
19769696.0000000000,-138.9430236816
19815268.0000000000,-138.9486999512
19860942.0000000000,-139.0217132568
19906724.0000000000,-139.0445404053
19952632.0000000000,-139.0585479736
19998624.0000000000,-139.0683746338
20044722.0000000000,-139.0819396973
20090926.0000000000,-139.1277923584
20137238.0000000000,-139.1826171875
20183656.0000000000,-139.1862030029
20230202.0000000000,-139.1987457275
20276834.0000000000,-139.2011260986
20323574.0000000000,-139.4240417480
20370422.0000000000,-139.5286102295
20417376.0000000000,-139.5381469727
20464440.0000000000,-139.5381469727
20511612.0000000000,-139.5381469727
20558916.0000000000,-139.5381469727
20606306.0000000000,-139.5381469727
20653804.0000000000,-139.5381469727
20701412.0000000000,-139.5381469727
20749130.0000000000,-139.5381469727
20796960.0000000000,-139.5381469727
20844898.0000000000,-139.5381469727
20892970.0000000000,-139.6193847656
20941130.0000000000,-139.6222534180
20989400.0000000000,-139.6766967773
21037782.0000000000,-139.6796112061
21086276.0000000000,-139.6933135986
21134882.0000000000,-139.6965789795
21183622.0000000000,-139.7001647949
21232452.0000000000,-139.7519836426
21281394.0000000000,-139.7844238281
21330448.0000000000,-139.8305053711
21379618.0000000000,-139.8305053711
21428898.0000000000,-139.8305053711
21478294.0000000000,-139.8305053711
21527826.0000000000,-139.8305053711
21577450.0000000000,-139.8305053711
21627188.0000000000,-139.8305053711
21677040.0000000000,-139.8498382568
21727006.0000000000,-139.8637847900
21777088.0000000000,-139.8762054443
21827310.0000000000,-139.8859558105
21877624.0000000000,-139.9082641602
21928054.0000000000,-139.9309387207
21978600.0000000000,-139.9678039551
22029262.0000000000,-139.9693756104
22080040.0000000000,-140.0003204346
22130936.0000000000,-140.0003204346
22181974.0000000000,-140.0003204346
22233106.0000000000,-140.0003204346
22284354.0000000000,-140.0003204346
22335722.0000000000,-140.0084075928
22387206.0000000000,-140.0538635254
22438810.0000000000,-140.0565032959
22490558.0000000000,-140.0954589844
22542400.0000000000,-140.1145629883
22594362.0000000000,-140.1270446777
22646444.0000000000,-140.1321411133
22698646.0000000000,-140.2392883301
22750968.0000000000,-140.2392883301
22803410.0000000000,-140.2392883301
22855998.0000000000,-140.2392883301
22908684.0000000000,-140.2392883301
22961490.0000000000,-140.2979125977
23014418.0000000000,-140.3005218506
23067468.0000000000,-140.3119354248
23120640.0000000000,-140.3119354248
23173934.0000000000,-140.3119354248
23227378.0000000000,-140.3005218506
23280918.0000000000,-140.2392883301
23334582.0000000000,-140.2392883301
23388370.0000000000,-140.2392883301
23442282.0000000000,-140.2392883301
23496318.0000000000,-140.2816162109
23550504.0000000000,-140.3005218506
23604790.0000000000,-140.3119354248
23659200.0000000000,-140.3119354248
23713738.0000000000,-140.3119354248
23768398.0000000000,-140.3119354248
23823186.0000000000,-140.3315734863
23878100.0000000000,-140.3815155029
23933168.0000000000,-140.4026336670
23988336.0000000000,-140.4085845947
24043630.0000000000,-140.4085845947
24099052.0000000000,-140.4085845947
24154602.0000000000,-140.3815155029
24210280.0000000000,-140.3315734863
24266114.0000000000,-140.3119354248
24322048.0000000000,-140.3119354248
24378112.0000000000,-140.3119354248
24434306.0000000000,-140.3119354248
24490628.0000000000,-140.3119354248
24547082.0000000000,-140.3119354248
24603664.0000000000,-140.3119354248
24660404.0000000000,-140.3119354248
24717248.0000000000,-140.3119354248
24774224.0000000000,-140.3119354248
24831330.0000000000,-140.3119354248
24888568.0000000000,-140.3119354248
24945938.0000000000,-140.3119354248
25003440.0000000000,-140.3315734863
25061102.0000000000,-140.3315734863
25118870.0000000000,-140.3315734863
25176770.0000000000,-140.3315734863
25234804.0000000000,-140.3315734863
25292972.0000000000,-140.3315734863
25351274.0000000000,-140.3415069580
25409740.0000000000,-140.4085845947
25468310.0000000000,-140.5229644775
25527016.0000000000,-140.5991210938
25585858.0000000000,-140.6266784668
25644836.0000000000,-140.6735076904
25703948.0000000000,-140.6948699951
25763198.0000000000,-140.7035675049
25822612.0000000000,-140.7054748535
25882136.0000000000,-140.7259216309
25941796.0000000000,-140.8125610352
26001594.0000000000,-140.8125610352
26061528.0000000000,-140.8125610352
26121602.0000000000,-140.8125610352
26181844.0000000000,-140.8125610352
26242194.0000000000,-140.7259216309
26302684.0000000000,-140.7259216309
26363314.0000000000,-140.8125610352
26424084.0000000000,-140.8217620850
26484992.0000000000,-140.8217620850
26546042.0000000000,-140.8217620850
26607262.0000000000,-140.8217620850
26668594.0000000000,-140.8563232422
26730066.0000000000,-140.8563232422
26791682.0000000000,-140.8217620850
26853438.0000000000,-140.8125610352
26915338.0000000000,-140.7624053955
26977408.0000000000,-140.7624053955
27039594.0000000000,-140.7624053955
27101922.0000000000,-140.7624053955
27164394.0000000000,-140.7624053955
27227010.0000000000,-140.7624053955
27289770.0000000000,-140.7624053955
27352674.0000000000,-140.7624053955
27415754.0000000000,-140.7624053955
27478950.0000000000,-140.7624053955
27542290.0000000000,-140.8125610352
27605778.0000000000,-140.8217620850
27669410.0000000000,-140.8254241943
27733190.0000000000,-140.8563232422
27797118.0000000000,-140.8864440918
27861222.0000000000,-140.8919372559
27925444.0000000000,-140.9318695068
27989814.0000000000,-140.9702453613
28054334.0000000000,-141.0030059814
28119000.0000000000,-141.0030059814
28183816.0000000000,-141.0096282959
28248814.0000000000,-141.0365600586
28313930.0000000000,-141.0397949219
28379194.0000000000,-141.0685577393
28444610.0000000000,-141.0736999512
28510178.0000000000,-141.0842132568
28575896.0000000000,-141.1537475586
28641766.0000000000,-141.2278594971
28707818.0000000000,-141.2278594971
28773992.0000000000,-141.2278594971
28840318.0000000000,-141.2278594971
28906796.0000000000,-141.2278594971
28973428.0000000000,-141.1537475586
29040214.0000000000,-141.1537475586
29107186.0000000000,-141.1537475586
29174280.0000000000,-141.1537475586
29241530.0000000000,-141.1537475586
29308932.0000000000,-141.2278594971
29376492.0000000000,-141.2343597412
29444208.0000000000,-141.2498321533
29512078.0000000000,-141.2629852295
29580138.0000000000,-141.3025207520
29648322.0000000000,-141.3426818848
29716664.0000000000,-141.3807373047
29785162.0000000000,-141.3807373047
29853820.0000000000,-141.3930664063
29922634.0000000000,-141.4047393799
29991642.0000000000,-141.4228057861
30060774.0000000000,-141.4634857178
30130066.0000000000,-141.5302276611
30199518.0000000000,-141.5432128906
30269130.0000000000,-141.5760345459
30338904.0000000000,-141.6194915771
30408836.0000000000,-141.6194915771
30478964.0000000000,-141.6194915771
30549220.0000000000,-141.6194915771
30619638.0000000000,-141.7317199707
30690220.0000000000,-141.7317199707
30760962.0000000000,-141.7317199707
30831868.0000000000,-141.6801300049
30902938.0000000000,-141.6801300049
30974206.0000000000,-141.6801300049
31045604.0000000000,-141.6801300049
31117166.0000000000,-141.6801300049
31188892.0000000000,-141.6801300049
31260786.0000000000,-141.6801300049
31332844.0000000000,-141.6801300049
31405102.0000000000,-141.6801300049
31477494.0000000000,-141.6801300049
31550052.0000000000,-141.6998596191
31622776.0000000000,-141.7239685059
31695670.0000000000,-141.7257995605
31768730.0000000000,-141.7317199707
31841960.0000000000,-141.7327270508
31915392.0000000000,-141.7427978516
31988960.0000000000,-141.7515411377
32062696.0000000000,-141.7566375732
32136604.0000000000,-141.7630920410
32210680.0000000000,-141.8553924561
32284928.0000000000,-141.8740081787
32359382.0000000000,-141.8855743408
32433974.0000000000,-142.0230560303
32508736.0000000000,-142.0386505127
32583670.0000000000,-142.0658874512
32658778.0000000000,-142.1623382568
32734060.0000000000,-142.1804962158
32809514.0000000000,-142.2746124268
32885178.0000000000,-142.2778320313
32960980.0000000000,-142.3109130859
33036958.0000000000,-142.3669128418
33113110.0000000000,-142.7457580566
33189438.0000000000,-142.8525085449
33265942.0000000000,-142.9175262451
33342624.0000000000,-142.9478302002
33419516.0000000000,-143.1479187012
33496552.0000000000,-143.1725921631
33573764.0000000000,-143.1748657227
33651152.0000000000,-143.1748657227
33728720.0000000000,-143.1748657227
33806468.0000000000,-143.1818084717
33884432.0000000000,-143.1878204346
33962536.0000000000,-143.1905517578
34040824.0000000000,-143.1985778809
34119292.0000000000,-143.2021179199
34197936.0000000000,-143.2258605957
34276768.0000000000,-143.2401428223
34355776.0000000000,-143.2982635498
34435008.0000000000,-143.2982635498
34514384.0000000000,-143.2982635498
34593940.0000000000,-143.2982635498
34673680.0000000000,-143.2982635498
34753608.0000000000,-143.2982635498
34833716.0000000000,-143.2982635498
34914048.0000000000,-143.2401428223
34994528.0000000000,-143.2258605957
35075192.0000000000,-143.2258605957
35156044.0000000000,-143.2258605957
35237080.0000000000,-143.2258605957
35318304.0000000000,-143.2258605957
35399716.0000000000,-143.2401428223
35481356.0000000000,-143.2982635498
35563140.0000000000,-143.3103027344
35645116.0000000000,-143.3192138672
35727280.0000000000,-143.3643798828
35809636.0000000000,-143.3643798828
35892180.0000000000,-143.3643798828
35974952.0000000000,-143.3643798828
36057876.0000000000,-143.3643798828
36140992.0000000000,-143.3643798828
36224300.0000000000,-143.3643798828
36307800.0000000000,-143.3643798828
36391492.0000000000,-143.3643798828
36475376.0000000000,-143.3863677979
36559496.0000000000,-143.4098358154
36643768.0000000000,-143.4239501953
36728236.0000000000,-143.4303894043
36812896.0000000000,-143.5905609131
36897752.0000000000,-143.5905609131
36982804.0000000000,-143.5905609131
37068052.0000000000,-143.5905609131
37153536.0000000000,-143.5905609131
37239180.0000000000,-143.5905609131
37325020.0000000000,-143.6386566162
37411056.0000000000,-143.7720947266
37497292.0000000000,-143.8397369385
37583724.0000000000,-143.8800659180
37670400.0000000000,-144.0286102295
37757232.0000000000,-144.0947570801
37844264.0000000000,-144.1346893311
37931500.0000000000,-144.2169189453
38018932.0000000000,-144.3123168945
38106568.0000000000,-144.3576507568
38194408.0000000000,-144.3638916016
38282492.0000000000,-144.3738861084
38370736.0000000000,-144.3889617920
38459180.0000000000,-144.3924102783
38547832.0000000000,-144.3951263428
38636688.0000000000,-144.4022827148
38725748.0000000000,-144.4178619385
38815056.0000000000,-144.4178924561
38904528.0000000000,-144.4435272217
38994204.0000000000,-144.4562225342
39084092.0000000000,-144.5037078857
39174180.0000000000,-144.5072784424
39264480.0000000000,-144.5072784424
39354988.0000000000,-144.5072784424
39445748.0000000000,-144.5072784424
39536672.0000000000,-144.5072784424
39627808.0000000000,-144.5072784424
39719152.0000000000,-144.5072784424
39810708.0000000000,-144.5037078857
39902476.0000000000,-144.4435272217
39994496.0000000000,-144.3889617920
40086688.0000000000,-144.2169189453
40179088.0000000000,-144.2035064697
40271704.0000000000,-144.2035064697
40364536.0000000000,-144.2035064697
40457576.0000000000,-144.2035064697
40550836.0000000000,-144.2035064697
40644352.0000000000,-144.2035064697
40738040.0000000000,-144.2035064697
40831944.0000000000,-144.2035064697
40926064.0000000000,-144.2035064697
41020404.0000000000,-144.2035064697
41114956.0000000000,-144.2035064697
41209732.0000000000,-143.7391662598
41304768.0000000000,-143.7020111084
41399976.0000000000,-143.6843261719
41495408.0000000000,-143.6514434814
41591056.0000000000,-143.5892486572
41686928.0000000000,-143.5892486572
41783020.0000000000,-143.5892486572
41879376.0000000000,-143.5892486572
41975912.0000000000,-143.5892486572
42072668.0000000000,-143.5892486572
42169652.0000000000,-143.5892486572
42266856.0000000000,-143.5892486572
42364284.0000000000,-143.5892486572
42461936.0000000000,-143.5892486572
42559860.0000000000,-143.5892486572
42657964.0000000000,-143.5892486572
42756292.0000000000,-143.5892486572
42854848.0000000000,-143.5892486572
42953632.0000000000,-143.5892486572
43052644.0000000000,-143.5892486572
43151932.0000000000,-143.5892486572
43251400.0000000000,-143.5892486572
43351096.0000000000,-143.6514434814
43451024.0000000000,-143.6843261719
43551180.0000000000,-143.7020111084
43651568.0000000000,-144.0188293457
43752188.0000000000,-144.5434265137
43853088.0000000000,-144.5675201416
43954176.0000000000,-144.6897277832
44055492.0000000000,-144.7028198242
44157044.0000000000,-144.9927215576
44258828.0000000000,-145.0343170166
44360848.0000000000,-145.1079559326
44463104.0000000000,-145.3506317139
44565644.0000000000,-145.4328002930
44668368.0000000000,-145.6256866455
44771332.0000000000,-145.6980438232
44874532.0000000000,-145.7192077637
44977972.0000000000,-145.7659759521
45081652.0000000000,-145.8839416504
45185616.0000000000,-145.9131164551
45289772.0000000000,-146.0445556641
45394168.0000000000,-146.0452728271
45498804.0000000000,-146.1358947754
45603684.0000000000,-146.1886444092
45708804.0000000000,-146.2565612793
45814164.0000000000,-146.2749176025
45919820.0000000000,-146.2749176025
46025668.0000000000,-146.2749176025
46131760.0000000000,-146.2749176025
46238100.0000000000,-146.2749176025
46344680.0000000000,-146.2749176025
46451508.0000000000,-146.2749176025
46558632.0000000000,-146.2749176025
46665956.0000000000,-146.2749176025
46773524.0000000000,-146.1886444092
46881340.0000000000,-146.0445556641
46989404.0000000000,-146.0445556641
47097716.0000000000,-146.0445556641
47206280.0000000000,-146.0445556641
47315148.0000000000,-146.0445556641
47424212.0000000000,-146.0445556641
47533528.0000000000,-146.0445556641
47643096.0000000000,-146.0445556641
47752916.0000000000,-146.1886444092
47862992.0000000000,-146.2754364014
47973372.0000000000,-146.2754364014
48083952.0000000000,-146.2754364014
48194788.0000000000,-146.2754364014
48305880.0000000000,-146.2754364014
48417232.0000000000,-146.2754364014
48528836.0000000000,-146.2754364014
48640696.0000000000,-146.0207214355
48752872.0000000000,-146.0124664307
48865252.0000000000,-146.0013732910
48977888.0000000000,-145.9854583740
49090784.0000000000,-145.7840576172
49203944.0000000000,-145.7137603760
49317364.0000000000,-145.6358489990
49431044.0000000000,-145.6050720215
49545040.0000000000,-145.3202209473
49659244.0000000000,-145.2321166992
49773712.0000000000,-145.1037445068
49888444.0000000000,-145.0807495117
50003440.0000000000,-145.0807495117
50118700.0000000000,-145.0807495117
50234284.0000000000,-145.0807495117
50350076.0000000000,-145.0807495117
50466136.0000000000,-145.0807495117
50582464.0000000000,-145.1037445068
50699060.0000000000,-145.2321166992
50815928.0000000000,-145.2731170654
50933060.0000000000,-145.3202209473
51050520.0000000000,-145.3202209473
51168196.0000000000,-145.4380187988
51286144.0000000000,-145.6050720215
51404360.0000000000,-145.6358489990
51522852.0000000000,-145.6358489990
51641616.0000000000,-145.6358489990
51760712.0000000000,-145.6358489990
51880024.0000000000,-145.6358489990
51999608.0000000000,-145.6358489990
52119472.0000000000,-145.7137603760
52239612.0000000000,-146.0013732910
52360028.0000000000,-145.6204223633
52480720.0000000000,-145.6050720215
52601752.0000000000,-145.4380187988
52723000.0000000000,-145.2731170654
52844532.0000000000,-145.2321166992
52966340.0000000000,-145.2478790283
53088432.0000000000,-145.2731170654
53210804.0000000000,-145.4380187988
53333520.0000000000,-145.6204223633
53456456.0000000000,-145.6204223633
53579676.0000000000,-145.6204223633
53703180.0000000000,-145.6204223633
53826972.0000000000,-145.6204223633
53951048.0000000000,-145.6204223633
54075408.0000000000,-145.7748413086
54200116.0000000000,-145.9007263184
54325048.0000000000,-146.0424041748
54450272.0000000000,-146.0607757568
54575784.0000000000,-146.1299438477
54701584.0000000000,-146.1717071533
54827676.0000000000,-146.1717071533
54954060.0000000000,-146.1717071533
55080792.0000000000,-146.1717071533
55207756.0000000000,-146.1299438477
55335016.0000000000,-146.0607757568
55462564.0000000000,-145.9007263184
55590412.0000000000,-145.7748413086
55718552.0000000000,-145.7632293701
55847048.0000000000,-145.6204223633
55975780.0000000000,-145.7632293701
56104808.0000000000,-145.7748413086
56234132.0000000000,-145.7748413086
56363756.0000000000,-145.7748413086
56493680.0000000000,-145.7748413086
56623900.0000000000,-145.7748413086
56754484.0000000000,-145.7748413086
56885308.0000000000,-145.7632293701
57016432.0000000000,-145.6204223633
57147860.0000000000,-145.5755615234
57279588.0000000000,-145.5755615234
57411624.0000000000,-145.5755615234
57544024.0000000000,-145.5755615234
57676668.0000000000,-145.7632293701
57809616.0000000000,-145.7748413086
57942872.0000000000,-145.9007263184
58076432.0000000000,-145.9009857178
58210304.0000000000,-146.2391204834
58344484.0000000000,-146.3517303467
58479036.0000000000,-146.3517303467
58613832.0000000000,-146.3517303467
58748944.0000000000,-146.5649414063
58884364.0000000000,-146.9871978760
59020096.0000000000,-147.1261749268
59156140.0000000000,-147.2977294922
59292500.0000000000,-147.8973236084
59429240.0000000000,-147.9276733398
59566228.0000000000,-147.9276733398
59703532.0000000000,-147.9276733398
59841152.0000000000,-147.9276733398
59979092.0000000000,-147.8973236084
60117348.0000000000,-147.8973236084
60255988.0000000000,-147.8973236084
60394884.0000000000,-147.8973236084
60534096.0000000000,-147.8973236084
60673632.0000000000,-147.8973236084
60813488.0000000000,-147.8973236084
60953668.0000000000,-147.8973236084
61094172.0000000000,-147.8973236084
61235064.0000000000,-147.9276733398
61376216.0000000000,-147.9509124756
61517692.0000000000,-147.9858551025
61659496.0000000000,-148.1692199707
61801624.0000000000,-147.9858551025
61944080.0000000000,-147.9509124756
62086936.0000000000,-147.9276733398
62230048.0000000000,-147.8973236084
62373496.0000000000,-147.9237060547
62517268.0000000000,-147.9276733398
62661376.0000000000,-147.9509124756
62805816.0000000000,-147.9858551025
62950588.0000000000,-147.9858551025
63095764.0000000000,-147.9858551025
63241204.0000000000,-147.9858551025
63386976.0000000000,-147.9509124756
63533088.0000000000,-147.9276733398
63679536.0000000000,-147.9237060547
63826324.0000000000,-147.9237060547
63973516.0000000000,-147.8973236084
64120980.0000000000,-147.8373260498
64268784.0000000000,-147.7295074463
64416928.0000000000,-147.7295074463
64565416.0000000000,-147.7295074463
64714244.0000000000,-147.7295074463
64863412.0000000000,-147.6927490234
65013000.0000000000,-147.6828613281
65162860.0000000000,-147.6152496338
65313064.0000000000,-147.6006164551
65463616.0000000000,-147.5579223633
65614512.0000000000,-147.4012451172
65765760.0000000000,-147.4012451172
65917356.0000000000,-147.4012451172
66069372.0000000000,-147.5141296387
66221664.0000000000,-147.5579223633
66374312.0000000000,-147.6006164551
66527308.0000000000,-147.6152496338
66680660.0000000000,-147.6152496338
66834364.0000000000,-147.6152496338
66988492.0000000000,-147.6152496338
67142904.0000000000,-147.6152496338
67297680.0000000000,-147.6152496338
67452800.0000000000,-147.6152496338
67608288.0000000000,-147.6152496338
67764128.0000000000,-147.6152496338
67920328.0000000000,-147.6152496338
68076968.0000000000,-147.6152496338
68233888.0000000000,-147.6152496338
68391168.0000000000,-147.5141296387
68548816.0000000000,-147.4378204346
68706824.0000000000,-147.4012451172
68865200.0000000000,-147.3608703613
69024016.0000000000,-147.2810821533
69183120.0000000000,-147.2810821533
69342592.0000000000,-147.4012451172
69502432.0000000000,-147.4378204346
69662640.0000000000,-147.5141296387
69823216.0000000000,-147.6152496338
69984168.0000000000,-147.5141296387
70145560.0000000000,-147.4378204346
70307248.0000000000,-147.4012451172
70469312.0000000000,-147.4012451172
70631752.0000000000,-147.2767639160
70794560.0000000000,-147.2553253174
70957752.0000000000,-147.1714324951
71121392.0000000000,-147.1422271729
71285328.0000000000,-147.0930786133
71449648.0000000000,-147.0930786133
71614344.0000000000,-147.0930786133
71779424.0000000000,-147.0930786133
71944880.0000000000,-146.9779205322
72110712.0000000000,-146.9440460205
72277016.0000000000,-146.8894195557
72443616.0000000000,-146.7694396973
72610608.0000000000,-146.6845703125
72777976.0000000000,-146.6010894775
72945736.0000000000,-146.5474700928
73113880.0000000000,-146.4231109619
73282416.0000000000,-146.4231109619
73451416.0000000000,-146.4231109619
73620728.0000000000,-146.4622039795
73790432.0000000000,-146.4622039795
73960520.0000000000,-146.4350891113
74131008.0000000000,-146.3192138672
74301880.0000000000,-146.1417999268
74473232.0000000000,-146.1292114258
74644904.0000000000,-146.1292114258
74816960.0000000000,-146.1292114258
74989424.0000000000,-146.1417999268
75162280.0000000000,-146.3192138672
75335528.0000000000,-146.4350891113
75509184.0000000000,-146.4622039795
75683320.0000000000,-146.4680938721
75857776.0000000000,-146.4680938721
76032632.0000000000,-146.4680938721
76207896.0000000000,-146.4680938721
76383560.0000000000,-146.4680938721
76559632.0000000000,-146.4680938721
76736192.0000000000,-146.4622039795
76913072.0000000000,-146.4350891113
77090360.0000000000,-146.4350891113
77268064.0000000000,-146.4350891113
77446168.0000000000,-146.4622039795
77624688.0000000000,-146.4680938721
77803616.0000000000,-146.5512542725
77983048.0000000000,-146.5512542725
78162800.0000000000,-146.5512542725
78342976.0000000000,-146.5512542725
78523560.0000000000,-146.6010894775
78704560.0000000000,-146.6010894775
78885984.0000000000,-146.6209259033
79067816.0000000000,-146.7639160156
79250160.0000000000,-146.7644500732
79432840.0000000000,-146.7876586914
79615936.0000000000,-146.8555297852
79799456.0000000000,-146.9627075195
79983400.0000000000,-146.9627075195
80167768.0000000000,-146.9627075195
80352648.0000000000,-146.9627075195
80537872.0000000000,-146.9627075195
80723512.0000000000,-146.9627075195
80909592.0000000000,-146.9627075195
81096088.0000000000,-146.9627075195
81283024.0000000000,-146.9627075195
81470384.0000000000,-146.9825592041
81658272.0000000000,-146.9825592041
81846496.0000000000,-146.9825592041
82035160.0000000000,-147.0097351074
82224256.0000000000,-147.0097351074
82413792.0000000000,-147.0097351074
82603760.0000000000,-147.3355102539
82794256.0000000000,-147.3412933350
82985104.0000000000,-147.3412933350
83176392.0000000000,-147.3412933350
83368120.0000000000,-147.3412933350
83560288.0000000000,-147.3355102539
83752904.0000000000,-147.0097351074
83945960.0000000000,-147.0097351074
84139552.0000000000,-147.0097351074
84333496.0000000000,-147.3355102539
84527896.0000000000,-147.3412933350
84722736.0000000000,-147.5003509521
84918032.0000000000,-147.7198486328
85113768.0000000000,-147.7198486328
85310056.0000000000,-147.5003509521
85506704.0000000000,-147.3594360352
85703800.0000000000,-147.3412933350
85901352.0000000000,-147.3412933350
86099360.0000000000,-147.3594360352
86297832.0000000000,-147.3594360352
86496752.0000000000,-147.8518066406
86696224.0000000000,-147.8518066406
86896072.0000000000,-147.3828582764
87096368.0000000000,-147.3684539795
87297136.0000000000,-147.3594360352
87498360.0000000000,-147.3412933350
87700048.0000000000,-147.3355102539
87902208.0000000000,-147.3594360352
88104920.0000000000,-147.3684539795
88308008.0000000000,-147.3828582764
88511568.0000000000,-147.5350494385
88715592.0000000000,-147.9822082520
88920088.0000000000,-148.2944946289
89125056.0000000000,-148.2944946289
89330592.0000000000,-148.2944946289
89536504.0000000000,-148.7895965576
89742896.0000000000,-148.7901916504
89949760.0000000000,-148.7980346680
90157096.0000000000,-148.8844146729
90364920.0000000000,-148.9136810303
90573216.0000000000,-148.9136810303
90782088.0000000000,-148.9136810303
90991352.0000000000,-148.9136810303
91201088.0000000000,-148.9136810303
91411320.0000000000,-148.9136810303
91622024.0000000000,-148.9136810303
91833224.0000000000,-148.9136810303
92045008.0000000000,-148.9136810303
92257176.0000000000,-148.8844146729
92469832.0000000000,-148.7980346680
92682984.0000000000,-148.7980346680
92896624.0000000000,-148.7980346680
93110760.0000000000,-148.7980346680
93325384.0000000000,-148.7980346680
93540608.0000000000,-148.8844146729
93756224.0000000000,-148.9136810303
93972344.0000000000,-148.9136810303
94188952.0000000000,-148.9136810303
94406064.0000000000,-149.1512298584
94623680.0000000000,-148.9136810303
94841896.0000000000,-148.9136810303
95060512.0000000000,-149.1512298584
95279640.0000000000,-149.1529541016
95499264.0000000000,-149.1664733887
95719392.0000000000,-149.3155975342
95940032.0000000000,-149.6630249023
96161184.0000000000,-149.6630249023
96382952.0000000000,-149.6630249023
96605120.0000000000,-149.6630249023
96827800.0000000000,-149.6630249023
97050992.0000000000,-149.5595703125
97274704.0000000000,-149.4844207764
97498928.0000000000,-149.3155975342
97723672.0000000000,-149.3155975342
97949040.0000000000,-149.3155975342
98174816.0000000000,-149.3155975342
98401120.0000000000,-149.1529541016
98627936.0000000000,-149.1529541016
98855280.0000000000,-149.1512298584
99083152.0000000000,-149.1275329590
99311656.0000000000,-148.8776550293
99540576.0000000000,-148.8711700439
99770024.0000000000,-148.7596130371
100000000.0000000000,-148.7413330078
