Type,FSWP-50
Version,3.02SP1
Date,03.Jul 2026
VSupply,ON
Mode,Voltage
Voltage Set,0.6000000000,V
Voltage Min,0.0000000000,V
Voltage Max,0.6500000000,V
Voltage Meas,0.5989913214,V
Current Max,20.0000000000,mA
Current Meas,16.4986213235,mA
VTune,OFF
Voltage Set,0.0000000000,V
Voltage Min,0.0000000000,V
Voltage Max,0.0100000000,V
Voltage Meas,-0.0208233065,V
Current Max,20.0000000000,mA
Current Meas,0.1454783132,mA
VAux,OFF
Voltage Set,0.0000000000,V
Voltage Min,-10.0000000000,V
Voltage Max,10.0000000000,V
Voltage Meas,-0.0066883755,V
Current Max,100.0000000000,mA
Current Meas,-0.0574185290,mA
Mode,Phase Noise
Measurement,Phase Noise
Input,RF
RF Att,0.0000000000,dB
Coupling,AC
RBW,2.0000000000,%
XCORR Factor,1000
XCORR Optimize,ON
Estimated Meas Time,3.7457527981,s
Sweep Count,5
Signal Frequency,26343038491.0793190002,Hz
Signal Level,-17.4221000000,dBm
Start,10000.0000000000,Hz
Stop,100000000.0000000000,Hz
SubSweep,1
Start,10000.0000000000,Hz
Stop,30000.0000000000,Hz
RBW,600.0000000000,Hz
XCORR Count,1000
SubSweep,2
Start,30000.0000000000,Hz
Stop,100000.0000000000,Hz
RBW,600.0000000000,Hz
XCORR Count,1000
SubSweep,3
Start,100000.0000000000,Hz
Stop,300000.0000000000,Hz
RBW,2000.0000000000,Hz
XCORR Count,3300
SubSweep,4
Start,300000.0000000000,Hz
Stop,1000000.0000000000,Hz
RBW,6000.0000000000,Hz
XCORR Count,10000
SubSweep,5
Start,1000000.0000000000,Hz
Stop,3000000.0000000000,Hz
RBW,20000.0000000000,Hz
XCORR Count,10000
SubSweep,6
Start,3000000.0000000000,Hz
Stop,10000000.0000000000,Hz
RBW,60000.0000000000,Hz
XCORR Count,10000
SubSweep,7
Start,10000000.0000000000,Hz
Stop,30000000.0000000000,Hz
RBW,200000.0000000000,Hz
XCORR Count,10000
SubSweep,8
Start,30000000.0000000000,Hz
Stop,100000000.0000000000,Hz
RBW,600000.0000000000,Hz
XCORR Count,10000
Integrated Measurements Range,1
Start,10000.0000000000,Hz
Stop,100000000.0000000000,Hz
Weighting,OFF
Integrated Measurements Range,2
Start,10000.0000000000,Hz
Stop,100000000.0000000000,Hz
Weighting,OFF
Integrated Measurements Range,3
Start,10000.0000000000,Hz
Stop,100000000.0000000000,Hz
Weighting,OFF
Integrated Measurements Range,4
Start,10000.0000000000,Hz
Stop,100000000.0000000000,Hz
Weighting,OFF
Integrated Measurements Range,5
Start,10000.0000000000,Hz
Stop,100000000.0000000000,Hz
Weighting,OFF
Integrated Measurements Range,6
Start,10000.0000000000,Hz
Stop,100000000.0000000000,Hz
Weighting,OFF
Integrated Measurements Range,7
Start,10000.0000000000,Hz
Stop,100000000.0000000000,Hz
Weighting,OFF
Integrated Measurements Range,8
Start,10000.0000000000,Hz
Stop,100000000.0000000000,Hz
Weighting,OFF
Integrated Measurements Range,9
Start,10000.0000000000,Hz
Stop,100000000.0000000000,Hz
Weighting,OFF
Integrated Measurements Range,10
Start,10000.0000000000,Hz
Stop,100000000.0000000000,Hz
Weighting,OFF
Spot Noise Decade Edges,OFF
Spot Noise User Defined,ON
Spot Noise User Defined Offset,1
State,OFF
Offset,1000.0000000000,Hz
Spot Noise User Defined Offset,2
State,OFF
Offset,10000.0000000000,Hz
Spot Noise User Defined Offset,3
State,ON
Offset,100000.0000000000,Hz
Spot Noise User Defined Offset,4
State,ON
Offset,1000000.0000000000,Hz
Spot Noise User Defined Offset,5
State,ON
Offset,10000000.0000000000,Hz
Spot Noise User Defined Offset,6
State,OFF
Offset,100000000.0000000000,Hz
Window,1,Noise Spectrum
Trace,1
Trace Mode,CLR/WRITE
Trace Result,PN
Smoothing,ON
Smoothing Value,1.0000000000,%
Spurious Removal,ON
Spurious Removal Threshold,6.0000000000,dB
Trace Offset,OFF
Trace Offset,0.0000000000,dB
Trace Label,OFF
Trace Label,Trace 1
x-Unit,Hz
y-Unit,dBc/Hz
Values,4001
10000.0000000000,-53.4546241760
10023.0507812500,-53.4843101501
10046.1542968750,-53.5139923096
10069.3115234375,-53.5436782837
10092.5332031250,-53.5723571777
10115.7968750000,-53.6009483337
10139.1152343750,-53.6295433044
10162.4863281250,-53.6581382751
10185.9111328125,-53.6867218018
10209.3906250000,-53.7153015137
10232.9355468750,-53.7438926697
10256.5234375000,-53.7724685669
10280.1650390625,-53.8014755249
10303.8613281250,-53.8317604065
10327.6123046875,-53.8620452881
10351.4189453125,-53.8923339844
10375.2792968750,-53.9226188660
10399.2060546875,-53.9555587769
10423.1777343750,-53.9885597229
10447.2031250000,-54.0215606689
10471.2851562500,-54.0545654297
10495.4218750000,-54.0896072388
10519.6152343750,-54.1253890991
10543.8632812500,-54.1611671448
10568.1787109375,-54.1969642639
10592.5400390625,-54.2341041565
10616.9560546875,-54.2724037170
10641.4287109375,-54.3107070923
10665.9580078125,-54.3490104675
10690.5439453125,-54.3881492615
10715.1982421875,-54.4286727905
10739.8974609375,-54.4691772461
10764.6533203125,-54.5096778870
10789.4667968750,-54.5505104065
10814.3378906250,-54.5922508240
10839.2656250000,-54.6339874268
10864.2509765625,-54.6757240295
10889.3056640625,-54.7172775269
10914.4062500000,-54.7579231262
10939.5644531250,-54.7985725403
10964.7812500000,-54.8392219543
10990.0556640625,-54.8791732788
11015.3886718750,-54.9151229858
11040.7919921875,-54.9510879517
11066.2412109375,-54.9870338440
11091.7500000000,-55.0217514038
11117.3173828125,-55.0492057800
11142.9433593750,-55.0766601563
11168.6289062500,-55.1041145325
11194.3730468750,-55.1296806335
11220.1894531250,-55.1465606689
11246.0527343750,-55.1634330750
11271.9755859375,-55.1803016663
11297.9580078125,-55.1949195862
11324.0009765625,-55.2027091980
11350.1035156250,-55.2104988098
11376.2792968750,-55.2182922363
11402.5019531250,-55.2248001099
11428.7861328125,-55.2289657593
11455.1298828125,-55.2331275940
11481.5351562500,-55.2372932434
11508.0000000000,-55.2431983948
11534.5273437500,-55.2509002686
11561.1279296875,-55.2586021423
11587.7773437500,-55.2663002014
11614.4873046875,-55.2797546387
11641.2597656250,-55.2960929871
11668.0937500000,-55.3124313354
11694.9892578125,-55.3287696838
11721.9472656250,-55.3532066345
11748.9804687500,-55.3788299561
11776.0625000000,-55.4044418335
11803.2070312500,-55.4307594299
11830.4140625000,-55.4625892639
11857.6845703125,-55.4944190979
11885.0166015625,-55.5262489319
11912.4257812500,-55.5590705872
11939.8847656250,-55.5934371948
11967.4072265625,-55.6277999878
11994.9931640625,-55.6621665955
12022.6425781250,-55.6970138550
12050.3554687500,-55.7320747375
12078.1318359375,-55.7671356201
12105.9863281250,-55.8022308350
12133.8916015625,-55.8379478455
12161.8613281250,-55.8736686707
12189.8955078125,-55.9093856812
12217.9931640625,-55.9454498291
12246.1572265625,-55.9820480347
12274.3984375000,-56.0186653137
12302.6923828125,-56.0552673340
12331.0507812500,-56.0923194885
12359.4746093750,-56.1294975281
12387.9638671875,-56.1666717529
12416.5195312500,-56.2038955688
12445.1396484375,-56.2412834167
12473.8408203125,-56.2786903381
12502.5937500000,-56.3160781860
12531.4130859375,-56.3536033630
12560.2988281250,-56.3911972046
12589.2509765625,-56.4287910461
12618.2705078125,-56.4663696289
12647.3701171875,-56.5038795471
12676.5234375000,-56.5413742065
12705.7441406250,-56.5788688660
12735.0312500000,-56.6152496338
12764.3867187500,-56.6510620117
12793.8095703125,-56.6868705750
12823.2998046875,-56.7218017578
12852.8730468750,-56.7532501221
12882.4990234375,-56.7846832275
12912.1943359375,-56.8161163330
12941.9580078125,-56.8426437378
12971.7900390625,-56.8676910400
13001.6914062500,-56.8927345276
13031.6611328125,-56.9157638550
13061.7138671875,-56.9352340698
13091.8222656250,-56.9546928406
13122.0000000000,-56.9741554260
13152.2470703125,-56.9921798706
13182.5634765625,-57.0101814270
13212.9501953125,-57.0281791687
13243.4218750000,-57.0488204956
13273.9492187500,-57.0710144043
13304.5468750000,-57.0932083130
13335.2138671875,-57.1179313660
13365.9531250000,-57.1485748291
13396.7626953125,-57.1792182922
13427.6425781250,-57.2098617554
13458.6093750000,-57.2495269775
13489.6328125000,-57.2891998291
13520.7265625000,-57.3288688660
13551.8935546875,-57.3724136353
13583.1308593750,-57.4174613953
13614.4414062500,-57.4625091553
13645.8388671875,-57.5070762634
13677.2929687500,-57.5510444641
13708.8203125000,-57.5950164795
13740.4199218750,-57.6372375488
13772.0927734375,-57.6738357544
13803.8388671875,-57.7104377747
13835.6572265625,-57.7467041016
13867.5644531250,-57.7729797363
13899.5302734375,-57.7992477417
13931.5693359375,-57.8255119324
13963.6826171875,-57.8446121216
13995.8701171875,-57.8624610901
14028.1318359375,-57.8803062439
14060.4677734375,-57.8963394165
14092.8935546875,-57.9115753174
14125.3789062500,-57.9267997742
14157.9384765625,-57.9444541931
14190.5732421875,-57.9640388489
14223.2841796875,-57.9836273193
14256.0693359375,-58.0074691772
14288.9462890625,-58.0366821289
14321.8837890625,-58.0658798218
14354.8964843750,-58.0988578796
14387.9853515625,-58.1387977600
14421.1503906250,-58.1787338257
14454.3925781250,-58.2204399109
14487.7109375000,-58.2666244507
14521.1220703125,-58.3128356934
14554.5947265625,-58.3582725525
14588.1435546875,-58.4012641907
14621.7705078125,-58.4442596436
14655.4746093750,-58.4844856262
14689.2568359375,-58.5142097473
14723.1328125000,-58.5439491272
14757.0703125000,-58.5701446533
14791.0869140625,-58.5825119019
14825.1806640625,-58.5948791504
14859.3544921875,-58.6046562195
14893.6054687500,-58.6051521301
14927.9365234375,-58.6056480408
14962.3632812500,-58.6060791016
14996.8525390625,-58.6063270569
15031.4208984375,-58.6065750122
15066.0693359375,-58.6099014282
15100.7978515625,-58.6200904846
15135.6064453125,-58.6302795410
15170.5117187500,-58.6456146240
15205.4804687500,-58.6691474915
15240.5302734375,-58.6926841736
15275.6611328125,-58.7210998535
15310.8730468750,-58.7548103333
15346.1650390625,-58.7885208130
15381.5390625000,-58.8249893188
15417.0117187500,-58.8633651733
15452.5488281250,-58.9017219543
15488.1679687500,-58.9405746460
15523.8691406250,-58.9796142578
15559.6533203125,-59.0186538696
15595.5195312500,-59.0564422607
15631.4677734375,-59.0940628052
15667.5166015625,-59.1315078735
15703.6318359375,-59.1652450562
15739.8300781250,-59.1989860535
15776.1113281250,-59.2309913635
15812.4765625000,-59.2574958801
15848.9248046875,-59.2839965820
15885.4755859375,-59.3067398071
15922.0927734375,-59.3248062134
15958.7939453125,-59.3428726196
15995.5800781250,-59.3581123352
16032.4511718750,-59.3719749451
16069.4072265625,-59.3858337402
16106.4482421875,-59.4035797119
16143.5927734375,-59.4216995239
16180.8046875000,-59.4417953491
16218.1025390625,-59.4712944031
16255.4863281250,-59.5007972717
16292.9560546875,-59.5358581543
16330.5126953125,-59.5776863098
16368.1738281250,-59.6195335388
16405.9042968750,-59.6666183472
16443.7207031250,-59.7154960632
16481.6250000000,-59.7643814087
16519.6152343750,-59.8134078979
16557.6953125000,-59.8624382019
16595.8613281250,-59.9101448059
16634.1347656250,-59.9557495117
16672.4765625000,-60.0013313293
16710.9082031250,-60.0448875427
16749.4277343750,-60.0876770020
16788.0371093750,-60.1303863525
16826.7343750000,-60.1722068787
16865.5390625000,-60.2140464783
16904.4160156250,-60.2552490234
16943.3808593750,-60.2957344055
16982.4375000000,-60.3362236023
17021.5820312500,-60.3728942871
17060.8183593750,-60.4089126587
17100.1445312500,-60.4427108765
17139.5820312500,-60.4702606201
17179.0898437500,-60.4977989197
17218.6875000000,-60.5176925659
17258.3789062500,-60.5340652466
17298.1601562500,-60.5349884033
17338.0332031250,-60.5355453491
17378.0000000000,-60.5363731384
17418.0761718750,-60.5397300720
17458.2265625000,-60.5458755493
17498.4687500000,-60.5462684631
17538.8027343750,-60.5490493774
17579.2324218750,-60.5520210266
17619.7519531250,-60.5540733337
17660.3867187500,-60.5556678772
17701.0957031250,-60.5575485229
17741.8984375000,-60.5590972900
17782.7949218750,-60.5592002869
17823.7851562500,-60.5765762329
17864.8691406250,-60.6023941040
17906.0488281250,-60.6289253235
17947.3437500000,-60.6670341492
17988.7148437500,-60.7051277161
18030.1796875000,-60.7482757568
18071.7402343750,-60.7948226929
18113.3964843750,-60.8423652649
18155.1484375000,-60.8954696655
18197.0175781250,-60.9486007690
18238.9628906250,-61.0066070557
18281.0058593750,-61.0665359497
18323.1445312500,-61.1283683777
18365.3808593750,-61.1946830750
18407.7148437500,-61.2609939575
18450.1445312500,-61.3297080994
18492.6953125000,-61.3987464905
18535.3222656250,-61.4657173157
18578.0468750000,-61.5306549072
18620.8710937500,-61.5942039490
18663.7929687500,-61.6475753784
18706.8144531250,-61.7009429932
18749.9355468750,-61.7413482666
18793.1757812500,-61.7775192261
18836.4941406250,-61.8062248230
18879.9140625000,-61.8237457275
18923.4335937500,-61.8404579163
18967.0546875000,-61.8440933228
19010.7734375000,-61.8477325439
19054.6171875000,-61.8490982056
19098.5390625000,-61.8496208191
19142.5625000000,-61.8542633057
19186.6875000000,-61.8647499084
19230.9140625000,-61.8773956299
19275.2421875000,-61.9076576233
19319.6738281250,-61.9379234314
19364.2285156250,-61.9864501953
19408.8632812500,-62.0390281677
19453.6015625000,-62.1006927490
19498.4433593750,-62.1701622009
19543.3886718750,-62.2411231995
19588.4375000000,-62.3161125183
19633.6132812500,-62.3910217285
19678.8691406250,-62.4577674866
19724.2304687500,-62.5245170593
19769.6972656250,-62.5761985779
19815.2675781250,-62.6233634949
19860.9433593750,-62.6580085754
19906.7226562500,-62.6818389893
19952.6328125000,-62.7002792358
19998.6250000000,-62.7069778442
20044.7226562500,-62.7132225037
20090.9277343750,-62.7155876160
20137.2382812500,-62.7179489136
20183.6562500000,-62.7270317078
20230.2031250000,-62.7368164063
20276.8339843750,-62.7546806335
20323.5742187500,-62.7757148743
20370.4218750000,-62.7995147705
20417.3769531250,-62.8098182678
20464.4394531250,-62.8130683899
20511.6113281250,-62.8182296753
20558.9160156250,-62.8212242126
20606.3046875000,-62.8256645203
20653.8046875000,-62.8283081055
20701.4121093750,-62.8376541138
20749.1308593750,-62.8458175659
20796.9589843750,-62.8492164612
20844.8984375000,-62.8595848083
20892.9687500000,-62.8630447388
20941.1289062500,-62.8684501648
20989.4003906250,-62.8758583069
21037.7812500000,-62.8835182190
21086.2753906250,-62.8840942383
21134.8808593750,-62.8869743347
21183.6210937500,-62.8886756897
21232.4511718750,-62.9093666077
21281.3945312500,-62.9328117371
21330.4492187500,-62.9529991150
21379.6171875000,-62.9699935913
21428.8984375000,-62.9811134338
21478.2929687500,-62.9905853271
21527.8261718750,-62.9959945679
21577.4492187500,-63.0016326904
21627.1875000000,-63.0080146790
21677.0390625000,-63.0158843994
21727.0058593750,-63.0300216675
21777.0878906250,-63.0463027954
21827.3105468750,-63.0740661621
21877.6230468750,-63.1042861938
21928.0527343750,-63.1506156921
21978.5996093750,-63.1994743347
22029.2617187500,-63.2673606873
22080.0410156250,-63.3374443054
22130.9355468750,-63.4250946045
22181.9746093750,-63.5139808655
22233.1054687500,-63.6120071411
22284.3535156250,-63.7092285156
22335.7207031250,-63.8009300232
22387.2070312500,-63.8890380859
22438.8105468750,-63.9565124512
22490.5585937500,-64.0180892944
22542.4003906250,-64.0524597168
22594.3632812500,-64.0810241699
22646.4433593750,-64.0887680054
22698.6464843750,-64.0922088623
22750.9667968750,-64.0923004150
22803.4101562500,-64.0939788818
22855.9980468750,-64.0963058472
22908.6835937500,-64.1040420532
22961.4902343750,-64.1176528931
23014.4179687500,-64.1322097778
23067.4667968750,-64.1478500366
23120.6386718750,-64.1516876221
23173.9335937500,-64.1544876099
23227.3769531250,-64.1580047607
23280.9179687500,-64.1589813232
23334.5820312500,-64.1590347290
23388.3710937500,-64.1635589600
23442.2812500000,-64.1665039063
23496.3183593750,-64.1670150757
23550.5039062500,-64.1840591431
23604.7910156250,-64.2119064331
23659.2011718750,-64.2606735229
23713.7363281250,-64.3123855591
23768.3984375000,-64.3747940063
23823.1875000000,-64.4365005493
23878.1015625000,-64.4969253540
23933.1679687500,-64.5492248535
23988.3359375000,-64.5934677124
24043.6308593750,-64.6235046387
24099.0527343750,-64.6462097168
24154.6035156250,-64.6557617188
24210.2812500000,-64.6624832153
24266.1132812500,-64.6659545898
24322.0488281250,-64.6711959839
24378.1132812500,-64.6849441528
24434.3066406250,-64.7054977417
24490.6289062500,-64.7381668091
24547.0820312500,-64.7811737061
24603.6640625000,-64.8324966431
24660.4042968750,-64.8905258179
24717.2480468750,-64.9506835938
24774.2226562500,-65.0051269531
24831.3300781250,-65.0563201904
24888.5683593750,-65.0937728882
24945.9375000000,-65.1245956421
25003.4394531250,-65.1456985474
25061.1015625000,-65.1638565063
25118.8691406250,-65.1803283691
25176.7714843750,-65.2064132690
25234.8046875000,-65.2363662720
25292.9726562500,-65.2846450806
25351.2753906250,-65.3394851685
25409.7402343750,-65.4054412842
25468.3105468750,-65.4718856812
25527.0175781250,-65.5386352539
25585.8593750000,-65.5408554077
25644.8359375000,-65.5410461426
25703.9492187500,-65.5536041260
25763.1972656250,-65.5539550781
25822.6132812500,-65.5722732544
25882.1347656250,-65.5745925903
25941.7949218750,-65.5865020752
26001.5937500000,-65.5984268188
26061.5292968750,-65.6104507446
26121.6015625000,-65.6221008301
26181.8437500000,-65.6264801025
26242.1953125000,-65.6381301880
26302.6835937500,-65.6386566162
26363.3144531250,-65.6487579346
26424.0839843750,-65.6915512085
26484.9921875000,-65.7319259644
26546.0429687500,-65.7706909180
26607.2617187500,-65.8015747070
26668.5937500000,-65.8303680420
26730.0664062500,-65.8551483154
26791.6816406250,-65.8797683716
26853.4375000000,-65.9042968750
26915.3378906250,-65.9299545288
26977.4082031250,-65.9552536011
27039.5937500000,-65.9796905518
27101.9218750000,-66.0027236938
27164.3945312500,-66.0252532959
27227.0097656250,-66.0498962402
27289.7695312500,-66.0782699585
27352.6738281250,-66.1114807129
27415.7539062500,-66.1535873413
27478.9492187500,-66.1990051270
27542.2910156250,-66.2496109009
27605.7773437500,-66.2993621826
27669.4101562500,-66.3485260010
27733.1914062500,-66.3899307251
27797.1171875000,-66.4275741577
27861.2226562500,-66.4598007202
27925.4453125000,-66.4870758057
27989.8144531250,-66.5129776001
28054.3339843750,-66.5379257202
28119.0000000000,-66.5641479492
28183.8164062500,-66.5912399292
28248.8144531250,-66.6205596924
28313.9296875000,-66.6508636475
28379.1953125000,-66.6820602417
28444.6113281250,-66.7159194946
28510.1777343750,-66.7520828247
28575.8964843750,-66.7913894653
28641.7656250000,-66.8363952637
28707.8183593750,-66.8830032349
28773.9921875000,-66.9310302734
28840.3183593750,-66.9723281860
28906.7968750000,-67.0069961548
28973.4296875000,-67.0181198120
29040.2148437500,-67.0257492065
29107.1855468750,-67.0275039673
29174.2812500000,-67.0285263062
29241.5292968750,-67.0297164917
29308.9335937500,-67.0339050293
29376.4921875000,-67.0340194702
29444.2070312500,-67.0365905762
29512.0781250000,-67.0382156372
29580.1386718750,-67.0464477539
29648.3222656250,-67.0559768677
29716.6640625000,-67.0651855469
29785.1621093750,-67.0712738037
29853.8203125000,-67.0787658691
29922.6347656250,-67.0969467163
29991.6406250000,-67.1010513306
30060.7734375000,-67.1080398560
30130.0664062500,-67.1099853516
30199.5175781250,-67.1129989624
30269.1308593750,-67.1658477783
30338.9023437500,-67.2385253906
30408.8359375000,-67.3212280273
30478.9648437500,-67.4092712402
30549.2207031250,-67.4990081787
30619.6386718750,-67.5869064331
30690.2187500000,-67.6694488525
30760.9628906250,-67.7410278320
30831.8691406250,-67.7997970581
30902.9375000000,-67.8453063965
30974.2050781250,-67.8777389526
31045.6035156250,-67.8983459473
31117.1660156250,-67.9095077515
31188.8925781250,-67.9142532349
31260.7851562500,-67.9170913696
31332.8437500000,-67.9208755493
31405.1035156250,-67.9271850586
31477.4941406250,-67.9370727539
31550.0507812500,-67.9511108398
31622.7773437500,-67.9693908691
31695.6699218750,-67.9918212891
31768.7304687500,-68.0168914795
31841.9589843750,-68.0437850952
31915.3925781250,-68.0726242065
31988.9589843750,-68.1042098999
32062.6972656250,-68.1397323608
32136.6035156250,-68.1800308228
32210.6796875000,-68.2247161865
32284.9277343750,-68.2697067261
32359.3828125000,-68.3084487915
32433.9726562500,-68.3351821899
32508.7363281250,-68.3359603882
32583.6718750000,-68.3377838135
32658.7792968750,-68.3454360962
32734.0585937500,-68.3469543457
32809.5156250000,-68.3542480469
32885.1796875000,-68.4087982178
32960.9804687500,-68.5029678345
33036.9570312500,-68.6282882690
33113.1093750000,-68.7696075439
33189.4375000000,-68.8729476929
33265.9414062500,-68.8803176880
33342.6250000000,-68.8902282715
33419.5156250000,-68.9067153931
33496.5507812500,-68.9084396362
33573.7617187500,-68.9307098389
33651.1523437500,-68.9485092163
33728.7226562500,-68.9879455566
33806.4687500000,-68.9886093140
33884.4335937500,-69.0158538818
33962.5390625000,-69.0173339844
34040.8242187500,-69.0187606812
34119.2890625000,-69.0190963745
34197.9375000000,-69.0241851807
34276.7656250000,-69.0283966064
34355.7773437500,-69.0451278687
34435.0078125000,-69.0499343872
34514.3828125000,-69.0911483765
34593.9414062500,-69.0978622437
34673.6835937500,-69.0983581543
34753.6054687500,-69.1162719727
34833.7187500000,-69.1651535034
34914.0507812500,-69.2067565918
34994.5273437500,-69.2085952759
35075.1953125000,-69.2150192261
35156.0429687500,-69.2243347168
35237.0820312500,-69.2277450562
35318.3046875000,-69.2314682007
35399.7148437500,-69.2534561157
35481.3554687500,-69.2591171265
35563.1406250000,-69.2693481445
35645.1171875000,-69.2743835449
35727.2812500000,-69.2833709717
35809.6367187500,-69.3158493042
35892.1796875000,-69.3910522461
35974.9531250000,-69.4736557007
36057.8789062500,-69.5483932495
36140.9921875000,-69.6030349731
36224.3007812500,-69.6346282959
36307.8007812500,-69.6505279541
36391.4921875000,-69.6630783081
36475.3789062500,-69.6815490723
36559.4960937500,-69.7068481445
36643.7695312500,-69.7320785522
36728.2343750000,-69.7486801147
36812.8945312500,-69.7523498535
36897.7539062500,-69.7531585693
36982.8046875000,-69.7540206909
37068.0507812500,-69.7683944702
37153.5390625000,-69.8034667969
37239.1796875000,-69.8543167114
37325.0195312500,-69.9096145630
37411.0546875000,-69.9551925659
37497.2890625000,-69.9563827515
37583.7226562500,-69.9621658325
37670.3984375000,-69.9732818604
37757.2304687500,-69.9761428833
37844.2656250000,-69.9856719971
37931.5000000000,-69.9898681641
38018.9335937500,-69.9954681396
38106.5703125000,-70.0254592896
38194.4062500000,-70.0758895874
38282.4921875000,-70.1249008179
38370.7343750000,-70.1615142822
38459.1796875000,-70.1816940308
38547.8320312500,-70.1909179688
38636.6875000000,-70.2006225586
38725.7500000000,-70.2209396362
38815.0585937500,-70.2551651001
38904.5273437500,-70.2991180420
38994.2070312500,-70.3451843262
39084.0898437500,-70.3878555298
39174.1835937500,-70.4270324707
39264.4804687500,-70.4674377441
39354.9882812500,-70.5150756836
39445.7460937500,-70.5732727051
39536.6718750000,-70.6405792236
39627.8085937500,-70.7444381714
39719.1523437500,-70.7458190918
39810.7070312500,-70.7578277588
39902.4765625000,-70.7856750488
39994.4960937500,-70.8339767456
40086.6875000000,-70.8391189575
40179.0898437500,-70.8636779785
40271.7070312500,-70.8762207031
40364.5351562500,-70.8881454468
40457.5781250000,-70.9042129517
40550.8359375000,-70.9091720581
40644.3515625000,-70.9093856812
40738.0390625000,-70.9130477905
40831.9453125000,-70.9167785645
40926.0664062500,-70.9186172485
41020.4023437500,-70.9196319580
41114.9570312500,-70.9215164185
41209.7304687500,-70.9236602783
41304.7656250000,-70.9250869751
41399.9765625000,-70.9299011230
41495.4062500000,-70.9365921021
41591.0585937500,-70.9372253418
41686.9257812500,-70.9888916016
41783.0195312500,-71.1359100342
41879.3789062500,-71.2871398926
41975.9140625000,-71.4302444458
42072.6679687500,-71.4352035522
42169.6484375000,-71.4395294189
42266.8554687500,-71.4412384033
42364.2812500000,-71.4555892944
42461.9335937500,-71.4698944092
42559.8593750000,-71.4853286743
42657.9648437500,-71.5159606934
42756.2929687500,-71.5528793335
42854.8476562500,-71.5595932007
42953.6328125000,-71.5598144531
43052.6445312500,-71.5877456665
43151.9296875000,-71.6164016724
43251.3984375000,-71.6507415771
43351.0976562500,-71.6604156494
43451.0234375000,-71.6925888062
43551.1796875000,-71.7186126709
43651.5703125000,-71.7348022461
43752.1914062500,-71.7355270386
43853.0898437500,-71.7902679443
43954.1757812500,-71.8012161255
44055.4921875000,-71.8291549683
44157.0429687500,-71.8458862305
44258.8281250000,-71.8509979248
44360.8476562500,-71.8569946289
44463.1015625000,-71.9369049072
44565.6406250000,-72.0091400146
44668.3671875000,-72.0239181519
44771.3320312500,-72.0394973755
44874.5351562500,-72.0464630127
44977.9726562500,-72.0478363037
45081.6484375000,-72.0760269165
45185.6171875000,-72.0793838501
45289.7734375000,-72.1010131836
45394.1679687500,-72.1040267944
45498.8046875000,-72.1278228760
45603.6835937500,-72.2310256958
45708.8046875000,-72.2345809937
45814.1640625000,-72.2372283936
45919.8203125000,-72.3019256592
46025.6679687500,-72.3149337769
46131.7617187500,-72.3626632690
46238.0976562500,-72.3958816528
46344.6796875000,-72.4097671509
46451.5078125000,-72.5103759766
46558.6328125000,-72.5414810181
46665.9531250000,-72.5466613770
46773.5234375000,-72.6340103149
46881.3398437500,-72.6457061768
46989.4023437500,-72.6743850708
47097.7187500000,-72.6773681641
47206.2812500000,-72.6833343506
47315.1484375000,-72.7059707642
47424.2109375000,-72.7072448730
47533.5273437500,-72.7119903564
47643.0976562500,-72.7576828003
47752.9179687500,-72.8433074951
47862.9921875000,-73.0116577148
47973.3710937500,-73.1744613647
48083.9531250000,-73.2183151245
48194.7890625000,-73.2276382446
48305.8828125000,-73.2318725586
48417.2304687500,-73.2504882813
48528.8359375000,-73.2566528320
48640.6992187500,-73.2669982910
48752.8710937500,-73.2864303589
48865.2500000000,-73.2915802002
48977.8867187500,-73.2981948853
49090.7851562500,-73.3034210205
49203.9453125000,-73.3036727905
49317.3632812500,-73.3167114258
49431.0429687500,-73.3311691284
49545.0390625000,-73.3363800049
49659.2421875000,-73.3512878418
49773.7109375000,-73.3586502075
49888.4453125000,-73.3675079346
50003.4414062500,-73.4252166748
50118.7031250000,-73.5031433105
50234.2851562500,-73.5926589966
50350.0781250000,-73.5991287231
50466.1367187500,-73.6079711914
50582.4648437500,-73.6218795776
50699.0625000000,-73.6226959229
50815.9257812500,-73.6244506836
50933.0625000000,-73.6357574463
51050.5234375000,-73.6441955566
51168.1953125000,-73.6521301270
51286.1445312500,-73.6623687744
51404.3593750000,-73.6644210815
51522.8515625000,-73.6661376953
51641.6171875000,-73.6696395874
51760.7109375000,-73.6735305786
51880.0234375000,-73.6771011353
51999.6093750000,-73.6922988892
52119.4726562500,-73.7175521851
52239.6093750000,-73.7427597046
52360.0273437500,-73.7468490601
52480.7187500000,-73.7574005127
52601.7500000000,-73.9061660767
52723.0000000000,-74.0641326904
52844.5312500000,-74.1001510620
52966.3398437500,-74.1235198975
53088.4335937500,-74.1297912598
53210.8046875000,-74.1633377075
53333.5195312500,-74.1648101807
53456.4570312500,-74.1896820068
53579.6757812500,-74.1933212280
53703.1835937500,-74.1990356445
53826.9726562500,-74.1995773315
53951.0468750000,-74.2027587891
54075.4062500000,-74.2329635620
54200.1132812500,-74.2657394409
54325.0507812500,-74.2703933716
54450.2734375000,-74.2763671875
54575.7851562500,-74.2793426514
54701.5859375000,-74.2873611450
54827.6757812500,-74.3087387085
54954.0585937500,-74.3127593994
55080.7929687500,-74.3141784668
55207.7578125000,-74.3168334961
55335.0156250000,-74.3653259277
55462.5664062500,-74.4688339233
55590.4101562500,-74.5730895996
55718.5507812500,-74.6563110352
55847.0468750000,-74.7230300903
55975.7773437500,-74.7777786255
56104.8085937500,-74.8229141235
56234.1328125000,-74.8562393188
56363.7578125000,-74.8709640503
56493.6796875000,-74.8739547729
56623.9023437500,-74.8933105469
56754.4843750000,-74.9207153320
56885.3085937500,-74.9551162720
57016.4335937500,-74.9690551758
57147.8593750000,-74.9838562012
57279.5898437500,-75.0235366821
57411.6210937500,-75.0319290161
57544.0234375000,-75.0336303711
57676.6679687500,-75.0436401367
57809.6171875000,-75.0722961426
57942.8710937500,-75.0987319946
58076.4335937500,-75.1089248657
58210.3046875000,-75.1274108887
58344.4843750000,-75.1916809082
58479.0351562500,-75.3732833862
58613.8320312500,-75.4150466919
58748.9414062500,-75.4529571533
58884.3632812500,-75.4590606689
59020.0937500000,-75.4756851196
59156.1406250000,-75.4872589111
59292.5000000000,-75.4887924194
59429.2382812500,-75.5039520264
59566.2265625000,-75.5228576660
59703.5312500000,-75.5276565552
59841.1523437500,-75.5360794067
59979.0898437500,-75.5515670776
60117.3476562500,-75.5539093018
60255.9882812500,-75.6649551392
60394.8828125000,-75.6731262207
60534.0976562500,-75.6997146606
60673.6328125000,-75.7056503296
60813.4882812500,-75.7277145386
60953.6679687500,-75.7814636230
61094.1718750000,-75.8551712036
61235.0625000000,-75.8654556274
61376.2148437500,-75.8737945557
61517.6914062500,-75.8934326172
61659.4960937500,-75.9098434448
61801.6250000000,-75.9225997925
61944.0820312500,-75.9390869141
62086.9335937500,-75.9392242432
62230.0507812500,-75.9394073486
62373.4960937500,-75.9709091187
62517.2695312500,-76.0422210693
62661.3750000000,-76.1045455933
62805.8164062500,-76.1340484619
62950.5859375000,-76.1622085571
63095.7617187500,-76.2136535645
63241.2031250000,-76.2486953735
63386.9765625000,-76.2522354126
63533.0898437500,-76.2573699951
63679.5390625000,-76.2886962891
63826.3242187500,-76.3567886353
63973.5195312500,-76.4400634766
64120.9804687500,-76.5312881470
64268.7851562500,-76.5803527832
64416.9296875000,-76.5980072021
64565.4140625000,-76.6233825684
64714.2421875000,-76.6534652710
64863.4140625000,-76.6956405640
65013.0000000000,-76.7134323120
65162.8593750000,-76.7200927734
65313.0625000000,-76.7843627930
65463.6132812500,-76.8222503662
65614.5156250000,-76.8289413452
65765.7578125000,-76.8570938110
65917.3515625000,-76.8584671021
66069.3671875000,-76.9007034302
66221.6640625000,-76.9581451416
66374.3125000000,-77.0403442383
66527.3125000000,-77.0545196533
66680.6562500000,-77.0609970093
66834.3593750000,-77.0681152344
66988.4921875000,-77.0793228149
67142.9062500000,-77.0828933716
67297.6796875000,-77.1202926636
67452.8046875000,-77.1303710938
67608.2890625000,-77.1923522949
67764.1250000000,-77.2191848755
67920.3281250000,-77.2199630737
68076.9609375000,-77.2253341675
68233.8906250000,-77.2468032837
68391.1718750000,-77.2586135864
68548.8203125000,-77.2724380493
68706.8281250000,-77.2760086060
68865.2031250000,-77.2780685425
69024.0156250000,-77.2858428955
69183.1250000000,-77.2993011475
69342.5937500000,-77.3095855713
69502.4296875000,-77.3565826416
69662.6406250000,-77.3618469238
69823.2187500000,-77.3716812134
69984.1640625000,-77.4027404785
70145.5625000000,-77.4066772461
70307.2500000000,-77.4591064453
70469.3125000000,-77.5176544189
70631.7500000000,-77.5360565186
70794.5625000000,-77.5757598877
70957.7500000000,-77.5761871338
71121.3906250000,-77.5826644897
71285.3281250000,-77.5920410156
71449.6484375000,-77.6098251343
71614.3437500000,-77.6242980957
71779.4218750000,-77.6510543823
71944.8750000000,-77.7196578979
72110.7187500000,-77.7413177490
72277.0156250000,-77.7416229248
72443.6171875000,-77.7902526855
72610.6093750000,-77.8572082520
72777.9765625000,-77.8599243164
72945.7343750000,-77.9068298340
73113.8828125000,-77.9224395752
73282.4140625000,-77.9239044189
73451.4140625000,-78.0118637085
73620.7265625000,-78.0215911865
73790.4296875000,-78.0360794067
73960.5234375000,-78.1038436890
74131.0078125000,-78.1093139648
74301.8828125000,-78.1782608032
74473.2343750000,-78.1857299805
74644.8984375000,-78.1859664917
74816.9609375000,-78.2328109741
74989.4218750000,-78.2550201416
75162.2734375000,-78.3115234375
75335.5312500000,-78.3373489380
75509.1875000000,-78.3557281494
75683.3203125000,-78.3991394043
75857.7812500000,-78.4503250122
76032.6328125000,-78.4653167725
76207.8984375000,-78.4697723389
76383.5625000000,-78.5135116577
76559.6328125000,-78.5920867920
76736.1875000000,-78.6036453247
76913.0703125000,-78.6154785156
77090.3593750000,-78.6498413086
77268.0625000000,-78.6515808105
77446.1718750000,-78.6721267700
77624.6875000000,-78.6732635498
77803.6171875000,-78.7081451416
77983.0468750000,-78.7167053223
78162.8046875000,-78.7273864746
78342.9765625000,-78.7348632813
78523.5625000000,-78.7509002686
78704.5625000000,-78.7580413818
78885.9843750000,-78.8109359741
79067.8203125000,-78.8715286255
79250.1640625000,-78.9145431519
79432.8437500000,-78.9657669067
79615.9375000000,-79.0260009766
79799.4609375000,-79.0409317017
79983.4062500000,-79.0427551270
80167.7734375000,-79.0482101440
80352.6484375000,-79.0588226318
80537.8671875000,-79.1342544556
80723.5156250000,-79.1511535645
80909.5859375000,-79.1907730103
81096.0937500000,-79.2085037231
81283.0234375000,-79.2131347656
81470.3828125000,-79.2459716797
81658.2734375000,-79.2612686157
81846.5000000000,-79.3245620728
82035.1640625000,-79.3844528198
82224.2578125000,-79.3925476074
82413.7890625000,-79.4416580200
82603.7578125000,-79.4461746216
82794.2578125000,-79.4816360474
82985.1015625000,-79.5089569092
83176.3906250000,-79.5118484497
83368.1171875000,-79.5805206299
83560.2890625000,-79.5910568237
83752.8984375000,-79.6262054443
83945.9609375000,-79.6548614502
84139.5546875000,-79.6607055664
84333.5000000000,-79.6613540649
84527.8906250000,-79.7876052856
84722.7343750000,-79.7908859253
84918.0312500000,-79.8124618530
85113.7734375000,-79.8836822510
85310.0546875000,-79.8981323242
85506.7031250000,-79.9023132324
85703.8046875000,-79.9195175171
85901.3515625000,-79.9353790283
86099.3671875000,-79.9410858154
86297.8281250000,-79.9446029663
86496.7500000000,-79.9884033203
86696.2265625000,-79.9986114502
86896.0703125000,-80.0101242065
87096.3671875000,-80.0190048218
87297.1328125000,-80.0219573975
87498.3593750000,-80.0306930542
87700.0468750000,-80.0342864990
87902.2031250000,-80.1500473022
88104.9218750000,-80.2356338501
88308.0078125000,-80.2668914795
88511.5703125000,-80.3110809326
88715.5937500000,-80.3240585327
88920.0859375000,-80.3268356323
89125.0546875000,-80.3720321655
89330.5937500000,-80.3969192505
89536.5078125000,-80.4058990479
89742.8906250000,-80.4398880005
89949.7578125000,-80.5544586182
90157.1015625000,-80.6487731934
90364.9140625000,-80.6489028931
90573.2109375000,-80.6703872681
90782.0937500000,-80.7214660645
90991.3515625000,-80.7987670898
91201.0937500000,-80.8086318970
91411.3203125000,-80.8194122314
91622.0234375000,-80.9229278564
91833.2187500000,-80.9266891479
92045.0078125000,-80.9495620728
92257.1718750000,-80.9520721436
92469.8359375000,-80.9900588989
92682.9843750000,-81.0264663696
92896.6250000000,-81.0285491943
93110.7578125000,-81.0460433960
93325.3828125000,-81.0482864380
93540.6093750000,-81.0731582642
93756.2265625000,-81.1225128174
93972.3437500000,-81.1310729980
94188.9531250000,-81.1408996582
94406.0703125000,-81.1494674683
94623.6796875000,-81.1867599487
94841.8984375000,-81.2321548462
95060.5156250000,-81.2335433960
95279.6328125000,-81.2382888794
95499.2656250000,-81.2828979492
95719.3984375000,-81.3035736084
95940.0390625000,-81.3096160889
96161.1875000000,-81.3248825073
96382.9453125000,-81.3690490723
96605.1171875000,-81.3899841309
96827.7968750000,-81.3957214355
97050.9921875000,-81.5066833496
97274.7031250000,-81.5190811157
97498.9296875000,-81.5399475098
97723.6718750000,-81.6112747192
97949.0390625000,-81.6323394775
98174.8203125000,-81.6428833008
98401.1171875000,-81.6687011719
98627.9375000000,-81.7413482666
98855.2812500000,-81.7421264648
99083.1484375000,-81.7557601929
99311.6562500000,-81.7615661621
99540.5781250000,-81.7778320313
99770.0234375000,-81.7852859497
100000.0000000000,-81.8286972046
100230.5078125000,-81.8789749146
100461.5468750000,-81.8818969727
100693.1171875000,-81.9169082642
100925.3359375000,-81.9235076904
101157.9687500000,-81.9405975342
101391.1484375000,-81.9764404297
101624.8593750000,-82.0006179810
101859.1171875000,-82.0585327148
102093.9062500000,-82.1119842529
102329.3515625000,-82.1596221924
102565.2265625000,-82.2006912231
102801.6484375000,-82.2347030640
103038.6171875000,-82.2495193481
103276.1250000000,-82.2535018921
103514.1875000000,-82.2556152344
103752.7890625000,-82.2610321045
103992.0625000000,-82.2672195435
104231.7734375000,-82.2706832886
104472.0312500000,-82.2789230347
104712.8515625000,-82.2792892456
104954.2187500000,-82.2873306274
105196.1484375000,-82.2877426147
105438.6328125000,-82.3020935059
105681.7890625000,-82.3465576172
105925.3984375000,-82.4009017944
106169.5625000000,-82.4608001709
106414.2890625000,-82.5215301514
106659.5859375000,-82.5788116455
106905.4375000000,-82.6295089722
107151.9843750000,-82.6721572876
107398.9765625000,-82.7070083618
107646.5390625000,-82.7359008789
107894.6718750000,-82.7616119385
108143.3750000000,-82.7871398926
108392.6562500000,-82.8152313232
108642.5078125000,-82.8480453491
108893.0546875000,-82.8868637085
109144.0625000000,-82.9314804077
109395.6484375000,-82.9795913696
109647.8125000000,-83.0264968872
109900.5546875000,-83.0660171509
110153.8828125000,-83.0927047729
110407.9218750000,-83.0950012207
110662.4140625000,-83.0985488892
110917.5000000000,-83.0992126465
111173.1718750000,-83.1044921875
111429.4375000000,-83.1050262451
111686.2890625000,-83.1121444702
111943.7343750000,-83.1345825195
112201.8984375000,-83.1631164551
112460.5312500000,-83.1956558228
112719.7578125000,-83.2318878174
112979.5859375000,-83.2726287842
113240.0078125000,-83.3183288574
113501.0390625000,-83.3676071167
113762.7890625000,-83.4168014526
114025.0234375000,-83.4608154297
114287.8593750000,-83.4950256348
114551.2968750000,-83.5174407959
114815.3437500000,-83.5300979614
115080.0078125000,-83.5452346802
115345.2734375000,-83.5751953125
115611.2812500000,-83.6131057739
115877.7734375000,-83.6640472412
116144.8750000000,-83.7226486206
116412.6015625000,-83.7814941406
116680.9375000000,-83.8337631226
116949.8984375000,-83.8745651245
117219.4765625000,-83.8750839233
117489.8046875000,-83.8793869019
117760.6250000000,-83.8854522705
118032.0703125000,-83.9006500244
118304.1406250000,-83.9039840698
118576.8437500000,-83.9128952026
118850.1718750000,-83.9151153564
119124.2578125000,-83.9209976196
119398.8515625000,-83.9249343872
119674.0703125000,-83.9274826050
119949.9296875000,-83.9533843994
120226.4218750000,-84.0019760132
120503.5546875000,-84.0518722534
120781.3203125000,-84.0964889526
121059.8671875000,-84.1311874390
121338.9140625000,-84.1542205811
121618.6093750000,-84.1665039063
121898.9531250000,-84.1708755493
122179.9375000000,-84.1710815430
122461.5703125000,-84.1727600098
122743.9843750000,-84.1843948364
123026.9218750000,-84.2028808594
123310.5078125000,-84.2305068970
123594.7421875000,-84.2659378052
123879.6406250000,-84.3057708740
124165.1953125000,-84.3451156616
124451.3984375000,-84.3788452148
124738.4062500000,-84.4109725952
125025.9375000000,-84.4278259277
125314.1328125000,-84.4380722046
125602.9921875000,-84.4571228027
125892.5156250000,-84.4911880493
126182.7031250000,-84.5424194336
126473.7031250000,-84.6077423096
126765.2343750000,-84.7132415771
127057.4375000000,-84.8026809692
127350.3125000000,-84.8408889771
127643.8671875000,-84.8630447388
127938.0937500000,-84.8745117188
128233.0000000000,-84.8820495605
128528.7265625000,-84.8910675049
128824.9921875000,-84.9138259888
129121.9453125000,-84.9475021362
129419.5781250000,-84.9778137207
129717.8984375000,-85.0145263672
130016.9140625000,-85.0409927368
130316.6093750000,-85.0506973267
130617.1406250000,-85.0510330200
130918.2265625000,-85.0569381714
131220.0000000000,-85.0759582520
131522.4687500000,-85.1089859009
131825.6406250000,-85.1242446899
132129.5000000000,-85.1299133301
132434.2187500000,-85.1827774048
132739.4843750000,-85.1828079224
133045.4687500000,-85.2049255371
133352.1406250000,-85.2063293457
133659.5312500000,-85.2068557739
133967.6250000000,-85.2149963379
134276.4218750000,-85.2850570679
134586.0937500000,-85.3681411743
134896.3281250000,-85.4810943604
135207.2656250000,-85.5700912476
135518.9375000000,-85.6081466675
135831.3125000000,-85.6286849976
136144.4062500000,-85.6291885376
136458.3906250000,-85.6292190552
136772.9375000000,-85.6352767944
137088.2031250000,-85.6437683105
137404.2031250000,-85.6727371216
137720.9218750000,-85.7211151123
138038.3906250000,-85.7249298096
138356.5781250000,-85.7282638550
138675.6406250000,-85.7290191650
138995.2968750000,-85.7494735718
139315.7031250000,-85.7531814575
139636.8281250000,-85.7744064331
139958.7031250000,-85.7776031494
140281.3125000000,-85.7835083008
140604.6718750000,-85.7844390869
140928.9375000000,-85.8044204712
141253.7812500000,-85.8373870850
141579.3906250000,-85.8715591431
141905.7343750000,-85.8919754028
142232.8437500000,-85.9071884155
142560.7031250000,-85.9176025391
142889.4687500000,-85.9220886230
143218.8281250000,-85.9298553467
143548.9687500000,-85.9638137817
143879.8593750000,-86.0244903564
144211.5156250000,-86.0789642334
144543.9218750000,-86.1651535034
144877.1093750000,-86.2420959473
145211.2187500000,-86.2825012207
145545.9375000000,-86.3162460327
145881.4375000000,-86.3629379272
146217.7031250000,-86.4128952026
146554.7500000000,-86.4488677979
146892.5625000000,-86.5024108887
147231.3281250000,-86.5538711548
147570.7031250000,-86.5878753662
147910.8593750000,-86.6394119263
148251.8125000000,-86.6861038208
148593.5468750000,-86.7012634277
148936.0625000000,-86.7074203491
149279.3750000000,-86.7094650269
149623.6250000000,-86.7102127075
149968.5312500000,-86.7171936035
150314.2187500000,-86.7314453125
150660.7031250000,-86.7789382935
151007.9843750000,-86.8298645020
151356.0625000000,-86.8591308594
151705.1250000000,-86.8926773071
152054.8125000000,-86.9197311401
152405.3125000000,-86.9365921021
152756.6093750000,-86.9613571167
153108.7187500000,-86.9826736450
153461.6562500000,-86.9953994751
153815.3906250000,-87.0013351440
154170.1093750000,-87.0023422241
154525.4843750000,-87.0026397705
154881.6875000000,-87.0056610107
155238.7031250000,-87.0232467651
155596.5312500000,-87.0637435913
155955.1875000000,-87.1096343994
156314.6875000000,-87.2007369995
156675.1718750000,-87.2986679077
157036.3125000000,-87.3750915527
157398.2968750000,-87.3892669678
157761.1093750000,-87.3951721191
158124.7656250000,-87.3999252319
158489.2500000000,-87.4174346924
158854.7500000000,-87.4176177979
159220.9218750000,-87.4312744141
159587.9375000000,-87.5011367798
159955.7968750000,-87.5828018188
160324.5156250000,-87.6502151489
160694.0625000000,-87.6893005371
161064.4843750000,-87.6975555420
161435.9218750000,-87.7021026611
161808.0468750000,-87.7149429321
162181.0312500000,-87.7536010742
162554.8593750000,-87.7997589111
162929.5625000000,-87.8334503174
163305.1250000000,-87.8526458740
163681.7343750000,-87.8684310913
164059.0312500000,-87.8949966431
164437.2031250000,-87.9400100708
164816.2343750000,-87.9965209961
165196.1562500000,-88.0589141846
165576.9375000000,-88.0659103394
165958.6093750000,-88.0692825317
166341.3437500000,-88.0874023438
166724.7656250000,-88.0955123901
167109.0781250000,-88.1171264648
167494.2812500000,-88.1199188232
167880.3593750000,-88.1413574219
168267.3437500000,-88.1511001587
168655.3906250000,-88.1551818848
169044.1562500000,-88.1681289673
169433.8125000000,-88.2019805908
169824.3750000000,-88.2318115234
170215.8281250000,-88.2415847778
170608.1875000000,-88.2440032959
171001.4531250000,-88.2574081421
171395.8125000000,-88.2920379639
171790.8906250000,-88.3479537964
172186.8750000000,-88.3977355957
172583.7812500000,-88.4004745483
172981.6093750000,-88.4023666382
173380.3437500000,-88.4057998657
173779.9843750000,-88.4161758423
174180.7500000000,-88.4188995361
174582.2500000000,-88.4220733643
174984.6875000000,-88.4296417236
175388.0312500000,-88.4310073853
175792.3125000000,-88.4341430664
176197.5312500000,-88.4487380981
176603.8750000000,-88.4927978516
177010.9531250000,-88.5547866821
177418.9843750000,-88.6303634644
177827.9375000000,-88.7445831299
178237.8437500000,-88.8407135010
178648.7031250000,-88.9371261597
179060.5000000000,-89.0181884766
179473.4375000000,-89.0458221436
179887.1406250000,-89.0473785400
180301.7968750000,-89.0584259033
180717.4062500000,-89.0622787476
181133.9687500000,-89.0652770996
181551.5000000000,-89.0719833374
181970.1875000000,-89.0956497192
182389.6406250000,-89.1362762451
182810.0625000000,-89.1555862427
183231.4531250000,-89.1647949219
183653.8125000000,-89.1795120239
184077.1406250000,-89.2182235718
184501.4531250000,-89.2962341309
184926.9531250000,-89.3184127808
185353.2187500000,-89.3234024048
185780.4687500000,-89.3430786133
186208.7031250000,-89.3498535156
186637.9375000000,-89.3540344238
187068.1406250000,-89.3705673218
187499.3437500000,-89.4021911621
187931.7500000000,-89.4354705811
188364.9531250000,-89.4399414063
188799.1406250000,-89.4470138550
189234.3437500000,-89.4551620483
189670.5312500000,-89.4724655151
190107.7500000000,-89.4732360840
190546.1562500000,-89.5102691650
190985.3906250000,-89.5987396240
191425.6250000000,-89.6858673096
191866.8750000000,-89.7089614868
192309.1406250000,-89.7189102173
192752.4218750000,-89.7247314453
193196.7343750000,-89.7416763306
193642.2812500000,-89.7489471436
194088.6406250000,-89.7636108398
194536.0312500000,-89.7983322144
194984.4375000000,-89.8322601318
195433.8906250000,-89.8680725098
195884.3906250000,-89.8894042969
196336.1250000000,-89.9005432129
196788.7031250000,-89.9096374512
197242.3125000000,-89.9178848267
197696.9687500000,-89.9352569580
198152.6718750000,-89.9942169189
198609.4218750000,-90.0725021362
199067.2343750000,-90.1689224243
199526.3125000000,-90.2853164673
199986.2343750000,-90.3395156860
200447.2187500000,-90.3409042358
200909.2656250000,-90.3579177856
201372.3750000000,-90.3606033325
201836.5625000000,-90.3666534424
202302.0312500000,-90.3809890747
202768.3437500000,-90.3861312866
203235.7343750000,-90.3891372681
203704.2187500000,-90.4033737183
204173.7656250000,-90.4437789917
204644.4062500000,-90.4617385864
205116.1250000000,-90.4725875854
205589.1562500000,-90.4742965698
206063.0468750000,-90.4762115479
206538.0468750000,-90.5077056885
207014.1250000000,-90.5413665771
207491.3125000000,-90.5900421143
207969.5937500000,-90.6793975830
208448.9843750000,-90.7692184448
208929.7031250000,-90.7905960083
209411.2968750000,-90.7949600220
209894.0000000000,-90.8029708862
210377.8281250000,-90.8030853271
210862.7500000000,-90.8037109375
211348.8125000000,-90.8113937378
211836.2187500000,-90.8182983398
212324.5156250000,-90.8264617920
212813.9375000000,-90.8422698975
213304.4843750000,-90.8428573608
213796.1718750000,-90.8497772217
214288.9843750000,-90.8515167236
214782.9375000000,-90.8754196167
215278.2656250000,-91.0103149414
215774.5000000000,-91.1545639038
216271.8750000000,-91.1604766846
216770.3906250000,-91.1643218994
217270.0625000000,-91.1721801758
217770.8906250000,-91.1996536255
218273.1093750000,-91.2186508179
218776.2343750000,-91.2215118408
219280.5312500000,-91.2341232300
219785.9843750000,-91.2504806519
220292.6093750000,-91.2623291016
220800.4062500000,-91.2765808105
221309.3593750000,-91.2927932739
221819.7343750000,-91.3102340698
222331.0468750000,-91.3465118408
222843.5468750000,-91.3468093872
223357.2031250000,-91.3817214966
223872.0625000000,-91.3862228394
224388.1093750000,-91.3912506104
224905.5781250000,-91.4133987427
225424.0000000000,-91.4558792114
225943.6250000000,-91.5459747314
226464.4375000000,-91.6380157471
226986.4531250000,-91.7095260620
227509.6718750000,-91.7447662354
228034.1093750000,-91.7508544922
228559.9843750000,-91.7702789307
229086.8281250000,-91.8334350586
229614.8906250000,-91.8379364014
230144.1718750000,-91.8468399048
230674.6718750000,-91.8475570679
231206.3906250000,-91.8760986328
231739.3437500000,-91.8880386353
232273.7812500000,-91.9129409790
232809.1875000000,-91.9213256836
233345.8281250000,-91.9456405640
233883.7031250000,-91.9512710571
234422.8125000000,-92.0118103027
234963.1875000000,-92.0797958374
235505.0468750000,-92.0946197510
236047.9062500000,-92.1051254272
236592.0156250000,-92.1260910034
237137.3750000000,-92.1365051270
237683.9843750000,-92.1375198364
238231.8750000000,-92.1852340698
238781.0156250000,-92.2628707886
239331.6718750000,-92.2678527832
239883.3593750000,-92.3013000488
240436.2968750000,-92.3142471313
240990.5312500000,-92.3412551880
241546.0312500000,-92.3533477783
242102.8125000000,-92.3701400757
242661.1406250000,-92.4598541260
243220.4843750000,-92.5860824585
243781.1250000000,-92.6420669556
244343.0625000000,-92.6599044800
244906.2968750000,-92.6641769409
245470.8125000000,-92.6792221069
246036.6406250000,-92.7002105713
246604.0468750000,-92.7215499878
247172.4843750000,-92.7632598877
247742.2343750000,-92.8176803589
248313.2968750000,-92.8401794434
248885.6718750000,-92.8632431030
249459.3750000000,-92.9094467163
250034.4062500000,-92.9100570679
250611.0156250000,-92.9211273193
251188.7031250000,-92.9303665161
251767.7031250000,-92.9461059570
252348.0468750000,-92.9726715088
252929.7343750000,-92.9824295044
253512.7500000000,-92.9869308472
254097.3906250000,-93.0122451782
254683.1093750000,-93.0162048340
255270.1718750000,-93.0384902954
255858.5781250000,-93.1280288696
256448.3593750000,-93.1355590820
257039.4843750000,-93.1640090942
257631.9843750000,-93.2081069946
258226.1250000000,-93.2621765137
258821.3593750000,-93.2629089355
259417.9531250000,-93.2751922607
260015.9375000000,-93.2803039551
260615.2812500000,-93.2851638794
261216.0312500000,-93.3288803101
261818.4375000000,-93.4147949219
262421.9375000000,-93.4537048340
263026.8437500000,-93.5282974243
263633.1562500000,-93.5358123779
264240.8437500000,-93.5531387329
264849.9375000000,-93.5691452026
265460.4375000000,-93.5716857910
266072.6250000000,-93.6073455811
266685.9375000000,-93.7350997925
267300.6562500000,-93.7526550293
267916.8125000000,-93.7753448486
268534.3750000000,-93.8060913086
269153.3750000000,-93.8082046509
269774.0937500000,-93.8109359741
270395.9375000000,-93.8157043457
271019.2187500000,-93.8359069824
271643.9375000000,-93.8386917114
272270.0937500000,-93.8550186157
272897.6875000000,-93.8807678223
273526.7500000000,-93.9650192261
274157.5312500000,-93.9815826416
274789.5000000000,-93.9827117920
275422.9062500000,-94.0289306641
276057.7812500000,-94.0601348877
276694.0937500000,-94.0615463257
277331.9062500000,-94.0688171387
277971.1875000000,-94.0699157715
278612.2187500000,-94.0950317383
279254.4375000000,-94.1369094849
279898.1562500000,-94.1453933716
280543.3437500000,-94.1497192383
281190.0000000000,-94.1590347290
281838.1562500000,-94.1983871460
282488.1250000000,-94.2057876587
283139.2812500000,-94.2491073608
283791.9375000000,-94.2549438477
284446.0937500000,-94.2736511230
285101.7812500000,-94.3870315552
285758.9687500000,-94.4902343750
286417.6562500000,-94.5281143188
287078.1875000000,-94.5697860718
287739.9062500000,-94.5720520020
288403.1875000000,-94.5992889404
289067.9687500000,-94.6423034668
289734.2812500000,-94.6699066162
290402.1562500000,-94.6869659424
291071.8750000000,-94.7150268555
291742.8125000000,-94.7204971313
292415.2812500000,-94.7382736206
293089.3437500000,-94.7618331909
293764.9062500000,-94.7649993896
294442.0625000000,-94.8790359497
295120.7812500000,-94.8983001709
295801.3750000000,-94.9725875854
296483.2187500000,-94.9748535156
297166.6250000000,-95.0178527832
297851.6250000000,-95.0274887085
298538.1875000000,-95.0439758301
299226.3437500000,-95.0445327759
299916.4062500000,-95.0641250610
300607.7500000000,-95.1268386841
301300.6562500000,-95.1891326904
301995.1875000000,-95.2507095337
302691.3125000000,-95.3079605103
303389.0312500000,-95.3584289551
304088.3750000000,-95.4013137817
304789.6562500000,-95.4375228882
305492.2187500000,-95.4690856934
306196.3750000000,-95.4983901978
306902.1875000000,-95.5271148682
307609.6250000000,-95.5555419922
308318.6875000000,-95.5823364258
309029.3750000000,-95.6035690308
309742.0625000000,-95.6050109863
310456.0312500000,-95.6064605713
311171.6562500000,-95.6090927124
311888.9375000000,-95.6180953979
312607.8437500000,-95.6206893921
313328.4375000000,-95.6215515137
314051.0312500000,-95.6255264282
314774.9375000000,-95.6272354126
315500.5000000000,-95.6504745483
316227.7812500000,-95.6921844482
316956.6875000000,-95.7430267334
317687.3125000000,-95.7976226807
318419.5937500000,-95.8502731323
319153.9375000000,-95.8964843750
319889.5937500000,-95.9337539673
320626.9687500000,-95.9616699219
321366.0312500000,-95.9811553955
322106.8125000000,-95.9936676025
322849.2812500000,-96.0007858276
323593.8125000000,-96.0042953491
324339.7187500000,-96.0063095093
325087.3750000000,-96.0091247559
325836.7187500000,-96.0147857666
326587.7812500000,-96.0245971680
327340.5937500000,-96.0391311646
328095.1250000000,-96.0585327148
328851.7812500000,-96.0831375122
329609.8125000000,-96.1135711670
330369.5937500000,-96.1503067017
331131.0937500000,-96.1926116943
331894.3750000000,-96.2366790771
332659.4375000000,-96.2496871948
333426.2187500000,-96.2551040649
334195.1562500000,-96.2723999023
334965.5000000000,-96.2782974243
335737.6250000000,-96.2788848877
336511.5312500000,-96.3058471680
337287.2187500000,-96.3113861084
338064.6875000000,-96.3251571655
338844.3125000000,-96.3275222778
339625.3750000000,-96.3278274536
340408.2500000000,-96.4117584229
341192.9062500000,-96.5147857666
341979.3750000000,-96.6217727661
342767.6562500000,-96.7172470093
343557.7812500000,-96.7892074585
344350.0625000000,-96.8017654419
345143.8125000000,-96.8097763062
345939.4062500000,-96.8220291138
346736.8125000000,-96.8318786621
347536.0625000000,-96.8396911621
348337.1562500000,-96.8398437500
349140.5000000000,-96.8464279175
349945.2812500000,-96.8843154907
350751.9375000000,-96.9343109131
351560.4375000000,-96.9800872803
352370.8125000000,-97.0153884888
353183.0625000000,-97.0402908325
353997.1562500000,-97.0606155396
354813.5312500000,-97.0841751099
355631.4062500000,-97.1161117554
356451.1562500000,-97.1559448242
357272.8125000000,-97.1979980469
358096.3437500000,-97.2346191406
358921.7812500000,-97.2605972290
359749.5312500000,-97.2817153931
360578.7812500000,-97.3024291992
361409.9375000000,-97.3295288086
362243.0000000000,-97.3722000122
363078.0000000000,-97.4286041260
363914.9375000000,-97.4919815063
364753.7812500000,-97.5528640747
365594.9687500000,-97.5763702393
366437.6875000000,-97.5819702148
367282.3437500000,-97.5859680176
368128.9687500000,-97.5988311768
368977.5312500000,-97.6020278931
369828.0312500000,-97.6109848022
370680.5312500000,-97.6290740967
371535.3750000000,-97.6331405640
372391.7812500000,-97.6442718506
373250.1875000000,-97.6478958130
374110.5625000000,-97.6632156372
374972.9062500000,-97.6721343994
375837.2500000000,-97.6730651855
376703.9687500000,-97.6904373169
377572.3125000000,-97.6947174072
378442.6562500000,-97.7039337158
379314.9687500000,-97.7337265015
380189.3437500000,-97.7484664917
381065.6875000000,-97.7683105469
381944.0625000000,-97.7853775024
382824.9062500000,-97.7886810303
383707.3437500000,-97.7936019897
384591.8125000000,-97.7972030640
385478.3125000000,-97.8007202148
386366.8750000000,-97.8028869629
387257.5000000000,-97.9095687866
388150.5625000000,-97.9904937744
389045.2812500000,-98.0665664673
389942.0625000000,-98.1356658936
390840.9062500000,-98.1981887817
391741.8125000000,-98.2811431885
392644.8125000000,-98.3534545898
393549.8750000000,-98.3928375244
394457.4687500000,-98.4245529175
395366.7187500000,-98.4486999512
396278.0937500000,-98.4731826782
397191.5312500000,-98.4915847778
398107.0937500000,-98.5034713745
399024.7500000000,-98.5164337158
399944.9687500000,-98.5299606323
400866.8750000000,-98.5490417480
401790.9062500000,-98.5676574707
402717.0625000000,-98.5831909180
403645.3437500000,-98.6040802002
404575.7812500000,-98.6305847168
405508.3437500000,-98.6733627319
406443.5312500000,-98.7063064575
407380.4062500000,-98.7102661133
408319.4375000000,-98.7130203247
409260.6562500000,-98.7154617310
410204.0312500000,-98.7155990601
411149.5625000000,-98.7243499756
412097.3125000000,-98.7369232178
413047.6562500000,-98.7401046753
413999.7812500000,-98.7403335571
414954.0625000000,-98.7406158447
415910.5625000000,-98.7464447021
416869.2812500000,-98.7524261475
417830.1875000000,-98.7607955933
418793.7812500000,-98.7613906860
419759.1250000000,-98.7618942261
420726.6875000000,-98.7675170898
421696.5000000000,-98.7822494507
422668.5312500000,-98.8000411987
423642.8125000000,-98.8197555542
424619.3437500000,-98.8492584229
425598.5937500000,-98.8743972778
426579.6250000000,-98.8859939575
427562.9375000000,-98.8966140747
428548.5000000000,-98.9085617065
429536.3125000000,-98.9268875122
430526.4375000000,-98.9607849121
431519.3125000000,-99.0501632690
432514.0000000000,-99.1730804443
433510.9687500000,-99.2652511597
434510.2500000000,-99.3916931152
435511.8125000000,-99.4922485352
436515.6875000000,-99.5410614014
437521.9062500000,-99.6009368896
438530.9062500000,-99.6612472534
439541.7500000000,-99.7061538696
440554.9062500000,-99.7743377686
441570.4375000000,-99.8298263550
442588.2812500000,-99.8475189209
443608.4687500000,-99.8484420776
444631.0312500000,-99.8499984741
445656.4062500000,-99.8549575806
446683.6875000000,-99.8584365845
447713.3125000000,-99.8725738525
448745.3437500000,-99.8732910156
449779.7187500000,-99.8743972778
450816.5000000000,-99.8778610229
451856.1562500000,-99.8828125000
452897.7187500000,-99.9227142334
453941.6875000000,-99.9788970947
454988.0625000000,-100.0326614380
456036.8437500000,-100.0720977783
457088.0312500000,-100.0888442993
458141.6562500000,-100.1080780029
459198.1875000000,-100.1287460327
460256.6875000000,-100.1465530396
461317.6250000000,-100.1815032959
462380.9687500000,-100.2246017456
463446.8125000000,-100.2741546631
464515.0937500000,-100.3236541748
465586.3437500000,-100.3533248901
466659.5312500000,-100.3770599365
467735.2187500000,-100.3839263916
468813.3750000000,-100.3868179321
469894.0312500000,-100.3884658813
470977.1875000000,-100.4052276611
472062.8125000000,-100.4114761353
473151.4687500000,-100.4157409668
474242.1250000000,-100.4157562256
475335.2812500000,-100.4577407837
476430.9687500000,-100.4892044067
477529.1562500000,-100.5042114258
478629.9062500000,-100.5129547119
479733.7187500000,-100.5348358154
480839.5312500000,-100.5636978149
481947.9062500000,-100.6230545044
483058.8125000000,-100.6697845459
484172.3125000000,-100.6759796143
485288.3437500000,-100.6830596924
486406.9687500000,-100.6851730347
487528.7187500000,-100.6951446533
488652.5000000000,-100.7185440063
489778.8750000000,-100.7290725708
490907.8437500000,-100.7296371460
492039.4375000000,-100.7394180298
493173.6250000000,-100.7482147217
494310.4375000000,-100.8004989624
495450.3750000000,-100.8807678223
496592.4375000000,-100.9469299316
497737.1250000000,-100.9798812866
498884.4375000000,-100.9921646118
500034.4062500000,-101.0053024292
501187.0000000000,-101.0394897461
502342.8437500000,-101.1054000854
503500.7812500000,-101.1848373413
504661.3750000000,-101.2280883789
505824.6562500000,-101.2352447510
506990.6250000000,-101.2442932129
508159.2812500000,-101.2551269531
509330.6250000000,-101.2577590942
510505.2187500000,-101.2863311768
511681.9687500000,-101.2866821289
512861.4375000000,-101.3025131226
514043.6250000000,-101.3103332520
515228.5312500000,-101.3170394897
516416.1562500000,-101.3225555420
517607.0937500000,-101.3550186157
518800.2187500000,-101.3815078735
519996.0937500000,-101.4004516602
521194.7187500000,-101.4178390503
522396.1250000000,-101.4430618286
523600.2812500000,-101.4969406128
524807.1875000000,-101.5510864258
526017.5000000000,-101.6101531982
527230.0000000000,-101.6662139893
528445.3125000000,-101.7126159668
529663.4375000000,-101.7587738037
530884.3125000000,-101.7812423706
532108.0625000000,-101.7934875488
533335.1875000000,-101.7952575684
534564.5625000000,-101.7959594727
535796.7500000000,-101.8029098511
537031.8125000000,-101.8161010742
538269.6875000000,-101.8172531128
539510.4375000000,-101.8255004883
540754.0625000000,-101.8384017944
542001.1250000000,-101.8431015015
543250.5000000000,-101.8543319702
544502.7500000000,-101.8571853638
545757.8750000000,-101.9186553955
547015.8750000000,-102.0275573730
548276.7500000000,-102.1027679443
549540.5625000000,-102.1030426025
550807.9375000000,-102.1364364624
552077.5625000000,-102.1404190063
553350.1250000000,-102.1428070068
554625.6875000000,-102.1459579468
555904.1250000000,-102.1474456787
557185.5000000000,-102.1565704346
558470.5000000000,-102.1581344604
559757.8125000000,-102.1801452637
561048.0625000000,-102.2316665649
562341.3125000000,-102.2593688965
563637.5625000000,-102.2697906494
564936.8125000000,-102.2767181396
566239.0000000000,-102.3691864014
567544.8750000000,-102.4263992310
568853.0625000000,-102.4578247070
570164.3125000000,-102.4787292480
571478.6250000000,-102.4966278076
572795.8750000000,-102.5357742310
574116.2500000000,-102.6165008545
575440.2500000000,-102.6211776733
576766.6875000000,-102.6448974609
578096.1875000000,-102.6511993408
579428.6875000000,-102.6952743530
580764.3125000000,-102.7067871094
582103.0625000000,-102.7109756470
583444.8125000000,-102.7234344482
584790.3750000000,-102.8178710938
586138.3125000000,-102.8580245972
587489.4375000000,-102.8739089966
588843.6250000000,-102.9005813599
590200.9375000000,-102.9051971436
591561.4375000000,-102.9152374268
592925.0000000000,-102.9274291992
594292.3750000000,-102.9727325439
595662.2500000000,-103.0505905151
597035.3125000000,-103.1459350586
598411.5000000000,-103.1849899292
599790.9375000000,-103.1917648315
601173.4375000000,-103.2098159790
602559.8750000000,-103.2102661133
603948.8125000000,-103.2108993530
605340.9375000000,-103.2244720459
606736.3125000000,-103.2658233643
608134.8750000000,-103.3243331909
609536.6875000000,-103.3538055420
610941.6875000000,-103.3689041138
612350.6250000000,-103.3968505859
613762.1250000000,-103.4611206055
615176.9375000000,-103.4653167725
616594.9375000000,-103.4738388062
618016.2500000000,-103.5198745728
619440.8125000000,-103.5517883301
620869.3750000000,-103.5640029907
622300.5000000000,-103.5762176514
623734.9375000000,-103.5936050415
625172.6875000000,-103.6123657227
626613.7500000000,-103.6209030151
628058.1250000000,-103.6210708618
629505.8750000000,-103.6250381470
630957.6250000000,-103.6692962646
632412.0000000000,-103.6756210327
633869.7500000000,-103.6860733032
635330.8750000000,-103.6973648071
636795.3750000000,-103.7143630981
638263.2500000000,-103.7332382202
639735.1875000000,-103.7380371094
641209.8125000000,-103.7464828491
642687.8750000000,-103.7598495483
644169.3125000000,-103.7706146240
645654.1250000000,-103.7864761353
647142.4375000000,-103.8124618530
648634.1250000000,-103.8203887939
650130.0000000000,-103.8269348145
651628.5625000000,-103.8820953369
653130.6250000000,-103.9544830322
654636.1250000000,-104.0248184204
656145.1250000000,-104.0300445557
657657.6250000000,-104.0309143066
659173.5625000000,-104.0649337769
660693.6875000000,-104.0779571533
662216.6250000000,-104.0784530640
663743.1250000000,-104.0839462280
665273.0625000000,-104.1601028442
666806.5625000000,-104.1762847900
668343.6250000000,-104.1883926392
669884.9375000000,-104.1985321045
671429.0625000000,-104.2430496216
672976.7500000000,-104.2477340698
674528.0000000000,-104.2544403076
676082.8750000000,-104.2590484619
677641.2500000000,-104.2799758911
679203.3125000000,-104.2916336060
680769.6250000000,-104.2972030640
682338.8750000000,-104.3131561279
683911.6875000000,-104.3264007568
685488.1875000000,-104.3354949951
687068.2500000000,-104.3383255005
688652.0000000000,-104.3652648926
690240.1875000000,-104.4863357544
691831.1875000000,-104.6114044189
693425.9375000000,-104.6863250732
695024.3125000000,-104.7194900513
696626.4375000000,-104.7217178345
698232.1875000000,-104.7338409424
699841.6875000000,-104.7378692627
701455.6250000000,-104.7481231689
703072.5000000000,-104.8416671753
704693.1250000000,-104.9755783081
706317.5000000000,-104.9982681274
707945.6250000000,-105.0215377808
709577.5000000000,-105.0230484009
711213.8750000000,-105.0712432861
712853.3125000000,-105.0877532959
714496.5000000000,-105.0901718140
716143.4375000000,-105.1287689209
717794.1875000000,-105.1438522339
719448.7500000000,-105.1676788330
721107.1250000000,-105.2168350220
722770.1250000000,-105.2469024658
724436.1875000000,-105.2606964111
726106.0625000000,-105.2701721191
727779.8125000000,-105.2707366943
729457.3750000000,-105.2717971802
731138.8125000000,-105.2795944214
732824.1250000000,-105.3131408691
734514.1875000000,-105.3826980591
736207.2500000000,-105.4628601074
737904.3125000000,-105.4679031372
739605.1875000000,-105.4694900513
741310.0625000000,-105.4697647095
743018.8125000000,-105.4770812988
744732.3750000000,-105.4790954590
746449.0000000000,-105.4882431030
748169.6250000000,-105.4928894043
749894.1875000000,-105.4979476929
751622.7500000000,-105.5008163452
753355.3125000000,-105.5206832886
755091.8750000000,-105.5267181396
756833.2500000000,-105.5396728516
758577.7500000000,-105.6026077271
760326.3750000000,-105.6035308838
762078.9375000000,-105.6431732178
763835.6250000000,-105.7702331543
765596.3125000000,-105.8443069458
767361.8750000000,-105.8455810547
769130.6875000000,-105.8466415405
770903.6250000000,-105.8524017334
772680.6250000000,-105.8693542480
774461.6875000000,-105.8898773193
776246.8750000000,-105.8989334106
778036.1875000000,-105.8989791870
779830.4375000000,-105.9222259521
781628.0000000000,-105.9626770020
783429.7500000000,-105.9629592896
785235.6250000000,-105.9714050293
787045.6250000000,-105.9913253784
788859.8125000000,-105.9994430542
790678.1875000000,-106.0917816162
792501.6250000000,-106.1036453247
794328.4375000000,-106.1297760010
796159.3750000000,-106.1577301025
797994.6250000000,-106.2028808594
799834.0000000000,-106.2407455444
801677.6875000000,-106.2708435059
803526.5000000000,-106.3231048584
805378.6875000000,-106.3531417847
807235.1250000000,-106.3729248047
809095.8750000000,-106.3998641968
810960.9375000000,-106.4118347168
812830.2500000000,-106.4292449951
814703.8750000000,-106.4439239502
816582.6875000000,-106.4541397095
818465.0000000000,-106.4862213135
820351.6250000000,-106.4953842163
822242.5625000000,-106.5149002075
824137.8750000000,-106.5691070557
826037.6250000000,-106.6120300293
827942.5625000000,-106.6122894287
829851.0625000000,-106.6243362427
831763.9375000000,-106.6411972046
833681.1875000000,-106.6898803711
835602.8750000000,-106.6953048706
837529.0000000000,-106.7315826416
839459.5625000000,-106.7327575684
841395.5000000000,-106.7670593262
843335.0000000000,-106.7994537354
845278.9375000000,-106.8056945801
847227.3750000000,-106.8113021851
849180.2500000000,-106.9229431152
851137.6875000000,-106.9545669556
853100.5625000000,-106.9665832520
855067.0000000000,-106.9835586548
857038.0000000000,-106.9866180420
859013.5625000000,-106.9947128296
860993.6250000000,-107.0209426880
862978.3125000000,-107.0303573608
864967.5000000000,-107.0432968140
866962.2500000000,-107.0787887573
868960.6875000000,-107.1229171753
870963.6875000000,-107.2101364136
872971.3125000000,-107.2619094849
874983.6250000000,-107.2830429077
877000.5000000000,-107.2898864746
879022.0625000000,-107.3171157837
881049.2500000000,-107.3918762207
883080.1250000000,-107.4426879883
885115.6875000000,-107.4745101929
887155.9375000000,-107.5231475830
889200.8750000000,-107.5301055908
891250.5625000000,-107.5355224609
893305.9375000000,-107.5483322144
895365.0625000000,-107.5551376343
897428.9375000000,-107.5582885742
899497.5625000000,-107.5634994507
901571.0000000000,-107.6164550781
903649.1875000000,-107.6187057495
905732.1250000000,-107.6194229126
907820.9375000000,-107.6202316284
909913.5000000000,-107.6463699341
912010.9375000000,-107.6606445313
914113.1875000000,-107.6622009277
916220.2500000000,-107.6797180176
918332.1875000000,-107.6807174683
920450.0625000000,-107.7067871094
922571.7500000000,-107.7103271484
924698.3750000000,-107.7197723389
926829.8125000000,-107.7207107544
928966.2500000000,-107.7211532593
931107.5625000000,-107.7215805054
933253.8750000000,-107.7367401123
935406.0625000000,-107.7780380249
937562.2500000000,-107.7818756104
939723.4375000000,-107.7994918823
941889.5625000000,-107.8126525879
944060.6875000000,-107.8458023071
946236.8125000000,-107.8741531372
948419.0000000000,-107.9147567749
950605.1250000000,-107.9957046509
952796.3750000000,-108.1236877441
954992.6250000000,-108.1371002197
957193.9375000000,-108.1462860107
959400.3750000000,-108.1468734741
961611.8125000000,-108.1942825317
963829.5000000000,-108.2028961182
966051.1875000000,-108.2036285400
968278.0000000000,-108.2064514160
970509.9375000000,-108.2164993286
972747.0625000000,-108.2500762939
974989.3125000000,-108.2757263184
977236.6875000000,-108.3160018921
979490.3750000000,-108.4048538208
981748.1875000000,-108.4584426880
984011.1875000000,-108.5137329102
986279.3750000000,-108.5222549438
988552.8125000000,-108.5473709106
990831.5000000000,-108.5486831665
993116.5625000000,-108.5727996826
995405.7500000000,-108.6159820557
997700.2500000000,-108.6211776733
1000000.0000000000,-108.6323318481
1002305.0625000000,-108.6373825073
1004615.4375000000,-108.6587295532
1006931.1875000000,-108.6793289185
1009253.3125000000,-108.6963424683
1011579.7500000000,-108.7096710205
1013911.5000000000,-108.7197341919
1016248.6250000000,-108.7272109985
1018591.1250000000,-108.7353286743
1020939.0625000000,-108.7469863892
1023293.5625000000,-108.7632751465
1025652.3125000000,-108.7850799561
1028016.5000000000,-108.8144607544
1030386.1250000000,-108.8502273560
1032761.2500000000,-108.8903045654
1035141.8750000000,-108.9333267212
1037527.9375000000,-108.9775466919
1039920.6250000000,-109.0192565918
1042317.7500000000,-109.0568008423
1044720.3750000000,-109.0883712769
1047128.5000000000,-109.0890350342
1049542.2500000000,-109.0897598267
1051961.5000000000,-109.1013565063
1054386.3750000000,-109.1028442383
1056817.8750000000,-109.1147689819
1059254.0000000000,-109.1187820435
1061695.6250000000,-109.1305084229
1064142.8750000000,-109.1308898926
1066595.8750000000,-109.1312255859
1069054.3750000000,-109.1357803345
1071519.8750000000,-109.1763992310
1073989.7500000000,-109.2393112183
1076465.3750000000,-109.3137969971
1078946.7500000000,-109.3907546997
1081433.7500000000,-109.4641113281
1083926.5000000000,-109.5285568237
1086425.0000000000,-109.5800552368
1088930.5000000000,-109.6147079468
1091440.6250000000,-109.6399459839
1093956.5000000000,-109.6586074829
1096478.1250000000,-109.6723785400
1099005.5000000000,-109.6818618774
1101538.8750000000,-109.6844177246
1104079.1250000000,-109.6855545044
1106624.1250000000,-109.6862030029
1109175.0000000000,-109.6875305176
1111731.7500000000,-109.6994171143
1114294.3750000000,-109.7235641479
1116862.8750000000,-109.7617492676
1119437.3750000000,-109.8129119873
1122019.0000000000,-109.8709335327
1124605.2500000000,-109.9332275391
1127197.6250000000,-109.9979553223
1129795.8750000000,-110.0633544922
1132400.1250000000,-110.1270904541
1135010.3750000000,-110.1793441772
1137627.8750000000,-110.1838226318
1140250.2500000000,-110.1855545044
1142878.6250000000,-110.1871414185
1145513.0000000000,-110.2047805786
1148153.5000000000,-110.2068634033
1150800.0000000000,-110.2264633179
1153452.7500000000,-110.2287139893
1156112.7500000000,-110.2336349487
1158777.7500000000,-110.2489547729
1161448.7500000000,-110.2515869141
1164126.0000000000,-110.2583084106
1166809.3750000000,-110.2613067627
1169499.0000000000,-110.2842941284
1172194.7500000000,-110.2993774414
1174898.0000000000,-110.3066864014
1177606.2500000000,-110.3095550537
1180320.7500000000,-110.3128509521
1183041.3750000000,-110.3191604614
1185768.3750000000,-110.3297576904
1188501.7500000000,-110.3446884155
1191242.6250000000,-110.3629455566
1193988.5000000000,-110.3829650879
1196740.7500000000,-110.4034118652
1199499.2500000000,-110.4241333008
1202264.2500000000,-110.4470520020
1205035.5000000000,-110.4753646851
1207813.2500000000,-110.5102081299
1210598.6250000000,-110.5505676270
1213389.1250000000,-110.5939559937
1216186.1250000000,-110.6383895874
1218989.5000000000,-110.6838378906
1221799.3750000000,-110.7325744629
1224615.7500000000,-110.7880477905
1227439.8750000000,-110.8529815674
1230269.2500000000,-110.9154357910
1233105.0000000000,-110.9177169800
1235947.5000000000,-110.9274978638
1238796.3750000000,-110.9332122803
1241651.8750000000,-110.9387359619
1244514.0000000000,-110.9718780518
1247384.1250000000,-110.9778442383
1250259.3750000000,-111.0085983276
1253141.3750000000,-111.0291442871
1256029.8750000000,-111.0337219238
1258925.1250000000,-111.0904235840
1261827.0000000000,-111.0979461670
1264737.0000000000,-111.1016464233
1267652.3750000000,-111.1639328003
1270574.3750000000,-111.1666641235
1273503.1250000000,-111.1720275879
1276438.6250000000,-111.2203750610
1279380.8750000000,-111.2218856812
1282330.0000000000,-111.2327499390
1285287.2500000000,-111.2516174316
1288250.0000000000,-111.2522277832
1291219.5000000000,-111.2752380371
1294195.7500000000,-111.2995910645
1297179.0000000000,-111.3145065308
1300169.1250000000,-111.3314361572
1303166.1250000000,-111.3577957153
1306171.3750000000,-111.3941497803
1309182.2500000000,-111.4367370605
1312200.0000000000,-111.4821701050
1315224.7500000000,-111.5300521851
1318256.3750000000,-111.5814666748
1321295.1250000000,-111.6355895996
1324342.2500000000,-111.6877365112
1327394.8750000000,-111.6911239624
1330454.6250000000,-111.6932754517
1333521.3750000000,-111.7051696777
1336595.2500000000,-111.7150955200
1339676.2500000000,-111.7282714844
1342764.2500000000,-111.7319793701
1345860.8750000000,-111.7507095337
1348963.2500000000,-111.7571182251
1352072.7500000000,-111.7572784424
1355189.3750000000,-111.7627334595
1358313.1250000000,-111.8186340332
1361444.1250000000,-111.8979187012
1364583.8750000000,-111.9405670166
1367729.3750000000,-111.9600143433
1370882.0000000000,-111.9737701416
1374042.0000000000,-111.9900283813
1377209.2500000000,-112.0120162964
1380383.8750000000,-112.0202331543
1383565.7500000000,-112.0786743164
1386756.5000000000,-112.0832672119
1389953.0000000000,-112.0837097168
1393157.0000000000,-112.1467437744
1396368.2500000000,-112.1538619995
1399587.0000000000,-112.1612396240
1402813.1250000000,-112.1999588013
1406046.7500000000,-112.2036743164
1409289.3750000000,-112.2220611572
1412537.8750000000,-112.2994995117
1415793.8750000000,-112.3692626953
1419057.3750000000,-112.3698883057
1422328.3750000000,-112.3848571777
1425607.0000000000,-112.3955764771
1428894.6250000000,-112.4141387939
1432188.3750000000,-112.4216537476
1435489.6250000000,-112.4399261475
1438798.5000000000,-112.4454727173
1442115.1250000000,-112.4664459229
1445439.2500000000,-112.5264968872
1448771.1250000000,-112.5803604126
1452112.2500000000,-112.5903701782
1455459.5000000000,-112.5937271118
1458814.3750000000,-112.6115341187
1462177.0000000000,-112.6178741455
1465547.5000000000,-112.6291427612
1468925.6250000000,-112.6337890625
1472313.2500000000,-112.6400070190
1475707.0000000000,-112.7443847656
1479108.6250000000,-112.8294677734
1482518.1250000000,-112.9012374878
1485935.3750000000,-112.9224472046
1489360.6250000000,-112.9252548218
1492793.6250000000,-112.9410934448
1496236.3750000000,-112.9436569214
1499685.2500000000,-112.9533767700
1503142.1250000000,-112.9592514038
1506607.0000000000,-113.0266494751
1510079.7500000000,-113.0280761719
1513560.6250000000,-113.0297317505
1517051.1250000000,-113.0403976440
1520548.1250000000,-113.0452499390
1524053.0000000000,-113.0732879639
1527566.1250000000,-113.0774841309
1531087.2500000000,-113.0862503052
1534616.5000000000,-113.1227722168
1538153.8750000000,-113.1265945435
1541701.1250000000,-113.1544570923
1545254.8750000000,-113.1561965942
1548816.8750000000,-113.1676101685
1552387.0000000000,-113.1722259521
1555965.3750000000,-113.2058563232
1559551.8750000000,-113.2519607544
1563146.7500000000,-113.2860794067
1566751.7500000000,-113.3066177368
1570363.1250000000,-113.3269500732
1573983.0000000000,-113.3641815186
1577611.1250000000,-113.4119110107
1581247.6250000000,-113.4729843140
1584892.5000000000,-113.5349121094
1588547.5000000000,-113.5597305298
1592209.2500000000,-113.5652923584
1595879.3750000000,-113.5861434937
1599558.0000000000,-113.5951538086
1603245.1250000000,-113.5992660522
1606940.7500000000,-113.6054229736
1610644.8750000000,-113.6428146362
1614359.2500000000,-113.6511611938
1618080.5000000000,-113.6544036865
1621810.2500000000,-113.6664276123
1625548.6250000000,-113.6852264404
1629295.6250000000,-113.6876602173
1633051.2500000000,-113.7005233765
1636817.3750000000,-113.7104034424
1640590.3750000000,-113.7682495117
1644372.0000000000,-113.8510589600
1648162.3750000000,-113.8873138428
1651961.5000000000,-113.9054183960
1655769.5000000000,-113.9233245850
1659586.1250000000,-113.9631500244
1663413.3750000000,-114.0087814331
1667247.6250000000,-114.0569610596
1671090.7500000000,-114.1051712036
1674942.7500000000,-114.1237335205
1678803.6250000000,-114.1283264160
1682673.3750000000,-114.1469421387
1686554.0000000000,-114.1796875000
1690441.6250000000,-114.2049484253
1694338.1250000000,-114.2277374268
1698243.7500000000,-114.2525558472
1702158.2500000000,-114.2693023682
1706081.8750000000,-114.2789840698
1710014.5000000000,-114.2907028198
1713958.1250000000,-114.3110580444
1717908.8750000000,-114.3260955811
1721868.8750000000,-114.3261947632
1725837.8750000000,-114.3282546997
1729816.0000000000,-114.3328628540
1733803.3750000000,-114.3502655029
1737799.8750000000,-114.3959121704
1741807.6250000000,-114.4525985718
1745822.6250000000,-114.4890365601
1749846.7500000000,-114.5249786377
1753880.3750000000,-114.5346069336
1757923.1250000000,-114.5366973877
1761975.2500000000,-114.5403747559
1766038.7500000000,-114.5666198730
1770109.5000000000,-114.5943832397
1774189.7500000000,-114.6212997437
1778279.3750000000,-114.6294403076
1782378.5000000000,-114.6332015991
1786487.0000000000,-114.6543121338
1790605.0000000000,-114.6603088379
1794734.3750000000,-114.6618423462
1798871.3750000000,-114.6718292236
1803017.8750000000,-114.6869125366
1807174.0000000000,-114.6886215210
1811339.6250000000,-114.7004165649
1815514.8750000000,-114.7036590576
1819701.8750000000,-114.7219314575
1823896.3750000000,-114.8337020874
1828100.6250000000,-114.9133453369
1832314.5000000000,-114.9193191528
1836538.1250000000,-114.9297943115
1840771.3750000000,-114.9314041138
1845014.5000000000,-114.9519653320
1849269.5000000000,-114.9606781006
1853532.1250000000,-114.9641799927
1857804.6250000000,-115.0311431885
1862087.0000000000,-115.0909118652
1866379.2500000000,-115.1708984375
1870681.3750000000,-115.2198867798
1874993.5000000000,-115.2361145020
1879317.5000000000,-115.2575912476
1883649.5000000000,-115.2911682129
1887991.5000000000,-115.3675537109
1892343.3750000000,-115.4292755127
1896705.3750000000,-115.4336853027
1901077.3750000000,-115.4432525635
1905461.6250000000,-115.4445724487
1909853.8750000000,-115.4621505737
1914256.2500000000,-115.4707870483
1918668.7500000000,-115.4769821167
1923091.3750000000,-115.5073242188
1927524.2500000000,-115.5319061279
1931967.3750000000,-115.5426025391
1936422.7500000000,-115.5437240601
1940886.3750000000,-115.5589828491
1945360.2500000000,-115.5698013306
1949844.3750000000,-115.5718688965
1954339.0000000000,-115.5969696045
1958843.8750000000,-115.5974273682
1963361.2500000000,-115.6197357178
1967887.0000000000,-115.6869125366
1972423.1250000000,-115.7674865723
1976969.6250000000,-115.8346786499
1981526.7500000000,-115.8368682861
1986094.2500000000,-115.8522262573
1990672.3750000000,-115.8984298706
1995263.2500000000,-115.9013366699
1999862.3750000000,-115.9330215454
2004472.2500000000,-115.9818878174
2009092.7500000000,-115.9931564331
2013723.7500000000,-115.9986495972
2018365.6250000000,-116.0175094604
2023020.2500000000,-116.0757217407
2027683.5000000000,-116.1156768799
2032357.3750000000,-116.1232910156
2037042.1250000000,-116.1285095215
2041737.6250000000,-116.1391296387
2046444.0000000000,-116.1526794434
2051161.2500000000,-116.1669464111
2055891.5000000000,-116.1757812500
2060630.5000000000,-116.1778717041
2065380.3750000000,-116.2039947510
2070141.2500000000,-116.2048034668
2074913.1250000000,-116.2131195068
2079695.8750000000,-116.2257995605
2084489.7500000000,-116.2313385010
2089297.0000000000,-116.2478561401
2094112.8750000000,-116.2496643066
2098940.0000000000,-116.2507400513
2103778.2500000000,-116.3181838989
2108627.5000000000,-116.3959197998
2113488.0000000000,-116.4516372681
2118362.2500000000,-116.4621200562
2123245.2500000000,-116.4813079834
2128139.5000000000,-116.4915084839
2133045.0000000000,-116.4984588623
2137961.7500000000,-116.5112838745
2142889.7500000000,-116.5216293335
2147829.5000000000,-116.5524902344
2152782.7500000000,-116.5627288818
2157745.0000000000,-116.5735473633
2162718.7500000000,-116.5773391724
2167704.0000000000,-116.6008300781
2172700.7500000000,-116.6344146729
2177708.7500000000,-116.6441879272
2182731.0000000000,-116.6555786133
2187762.5000000000,-116.6600723267
2192805.2500000000,-116.6638793945
2197860.0000000000,-116.7330856323
2202926.2500000000,-116.8078613281
2208004.0000000000,-116.8689270020
2213093.7500000000,-116.9583816528
2218197.5000000000,-117.0212707520
2223310.5000000000,-117.0214004517
2228435.5000000000,-117.0228576660
2233572.0000000000,-117.0435409546
2238720.7500000000,-117.0523223877
2243881.0000000000,-117.0539779663
2249055.7500000000,-117.0768432617
2254240.0000000000,-117.0881805420
2259436.2500000000,-117.0989074707
2264644.5000000000,-117.1353912354
2269864.5000000000,-117.1402053833
2275096.7500000000,-117.1570739746
2280341.0000000000,-117.1572341919
2285600.0000000000,-117.1603240967
2290868.2500000000,-117.1678695679
2296149.0000000000,-117.2059631348
2301441.7500000000,-117.2319793701
2306746.7500000000,-117.2443771362
2312064.0000000000,-117.2959671021
2317393.5000000000,-117.2988967896
2322737.7500000000,-117.3134613037
2328091.7500000000,-117.3679428101
2333458.2500000000,-117.5981674194
2338837.0000000000,-117.6549453735
2344228.2500000000,-117.6624679565
2349631.7500000000,-117.6644592285
2355050.5000000000,-117.6665191650
2360479.0000000000,-117.7064132690
2365920.0000000000,-117.7160339355
2371373.7500000000,-117.7197723389
2376840.0000000000,-117.7207031250
2382318.7500000000,-117.7289123535
2387810.0000000000,-117.7710571289
2393316.7500000000,-117.7763214111
2398833.5000000000,-117.7887268066
2404363.0000000000,-117.8020248413
2409905.2500000000,-117.8190078735
2415460.2500000000,-117.8273162842
2421028.0000000000,-117.8341979980
2426611.2500000000,-117.8423004150
2432205.0000000000,-117.8456802368
2437811.2500000000,-117.8463821411
2443430.5000000000,-117.8474655151
2449063.0000000000,-117.8520507813
2454708.2500000000,-117.8657455444
2460366.5000000000,-117.8733749390
2466040.5000000000,-117.8825988770
2471724.7500000000,-117.8834838867
2477422.2500000000,-117.8895034790
2483133.0000000000,-117.9219894409
2488856.7500000000,-117.9422073364
2494593.7500000000,-118.0098114014
2500344.0000000000,-118.0119400024
2506110.2500000000,-118.0288314819
2511887.0000000000,-118.0564804077
2517677.0000000000,-118.1812286377
2523480.5000000000,-118.3241653442
2529297.2500000000,-118.3320541382
2535127.5000000000,-118.3397064209
2540974.0000000000,-118.3480911255
2546831.0000000000,-118.3717880249
2552701.7500000000,-118.3831558228
2558585.7500000000,-118.3887252808
2564483.5000000000,-118.3933334351
2570395.0000000000,-118.4094848633
2576319.7500000000,-118.4340209961
2582261.2500000000,-118.4442138672
2588213.5000000000,-118.4447937012
2594179.5000000000,-118.4513320923
2600159.2500000000,-118.4636077881
2606153.0000000000,-118.4643859863
2612160.2500000000,-118.5253448486
2618184.2500000000,-118.5531387329
2624219.5000000000,-118.5642776489
2630268.5000000000,-118.5888442993
2636331.5000000000,-118.5897521973
2642408.2500000000,-118.5918731689
2648499.2500000000,-118.6738739014
2654604.2500000000,-118.7178802490
2660726.2500000000,-118.7186355591
2666859.5000000000,-118.7528991699
2673006.7500000000,-118.7674636841
2679168.2500000000,-118.7757568359
2685343.7500000000,-118.7901763916
2691533.7500000000,-118.8409957886
2697741.0000000000,-118.8467178345
2703959.2500000000,-118.8637237549
2710192.2500000000,-118.8993988037
2716439.2500000000,-118.9104309082
2722701.0000000000,-118.9321899414
2728977.0000000000,-118.9793395996
2735267.5000000000,-119.1454849243
2741575.5000000000,-119.2155685425
2747895.0000000000,-119.2322158813
2754229.0000000000,-119.2388687134
2760577.7500000000,-119.2463912964
2766941.0000000000,-119.2593002319
2773319.0000000000,-119.2707061768
2779711.7500000000,-119.3008880615
2786122.2500000000,-119.3036804199
2792544.5000000000,-119.3047332764
2798981.5000000000,-119.3096313477
2805433.2500000000,-119.3192138672
2811900.0000000000,-119.3317718506
2818381.7500000000,-119.3538818359
2824881.2500000000,-119.3583450317
2831393.0000000000,-119.3732833862
2837919.5000000000,-119.4044723511
2844461.0000000000,-119.4122619629
2851017.7500000000,-119.4179687500
2857589.5000000000,-119.4276733398
2864176.5000000000,-119.4304046631
2870781.7500000000,-119.4530334473
2877399.2500000000,-119.4893341064
2884031.7500000000,-119.4988632202
2890679.7500000000,-119.5282897949
2897343.0000000000,-119.5513687134
2904021.5000000000,-119.5921478271
2910718.7500000000,-119.6190414429
2917428.0000000000,-119.6347198486
2924153.0000000000,-119.7272644043
2930893.2500000000,-119.7599182129
2937649.2500000000,-119.7814712524
2944420.7500000000,-119.8020629883
2951207.7500000000,-119.8025817871
2958013.7500000000,-119.8122558594
2964832.2500000000,-119.8228912354
2971666.2500000000,-119.8807373047
2978516.2500000000,-119.9015655518
2985382.0000000000,-119.9230957031
2992263.5000000000,-119.9308166504
2999164.2500000000,-119.9715194702
3006077.5000000000,-119.9925537109
3013006.7500000000,-120.0117721558
3019951.7500000000,-120.0302505493
3026913.0000000000,-120.0484085083
3033890.2500000000,-120.0649490356
3040883.7500000000,-120.0808410645
3047896.5000000000,-120.0944519043
3054922.0000000000,-120.1065521240
3061963.7500000000,-120.1168212891
3069022.0000000000,-120.1249923706
3076096.2500000000,-120.1323318481
3083186.7500000000,-120.1390533447
3090293.7500000000,-120.1467590332
3097420.5000000000,-120.1571426392
3104560.2500000000,-120.1712036133
3111716.5000000000,-120.1881866455
3118889.2500000000,-120.2086715698
3126078.5000000000,-120.2293853760
3133284.5000000000,-120.2479705811
3140510.2500000000,-120.2637405396
3147749.2500000000,-120.2761688232
3155005.2500000000,-120.2871932983
3162277.7500000000,-120.2984237671
3169567.0000000000,-120.3158493042
3176873.0000000000,-120.3381958008
3184196.0000000000,-120.3674316406
3191539.2500000000,-120.4042663574
3198896.0000000000,-120.4440612793
3206269.7500000000,-120.4883804321
3213660.2500000000,-120.5329818726
3221068.0000000000,-120.5779418945
3228492.7500000000,-120.6217498779
3235938.2500000000,-120.6649246216
3243397.2500000000,-120.7060928345
3250873.5000000000,-120.7453918457
3258367.0000000000,-120.7828750610
3265877.7500000000,-120.8147888184
3273406.0000000000,-120.8438110352
3280951.2500000000,-120.8666610718
3288517.7500000000,-120.8854446411
3296098.0000000000,-120.9018783569
3303695.7500000000,-120.9173583984
3311311.0000000000,-120.9341735840
3318944.0000000000,-120.9528350830
3326594.2500000000,-120.9736480713
3334262.2500000000,-120.9949645996
3341951.7500000000,-121.0163803101
3349655.2500000000,-121.0384368896
3357376.2500000000,-121.0611572266
3365115.2500000000,-121.0888061523
3372872.2500000000,-121.1196517944
3380646.7500000000,-121.1539382935
3388443.2500000000,-121.1894836426
3396253.7500000000,-121.2226867676
3404082.5000000000,-121.2512588501
3411929.0000000000,-121.2698822021
3419793.7500000000,-121.2805480957
3427676.7500000000,-121.2813110352
3435577.7500000000,-121.2828750610
3443500.7500000000,-121.2846374512
3451438.2500000000,-121.2861633301
3459394.0000000000,-121.2874145508
3467368.2500000000,-121.3003234863
3475360.7500000000,-121.3265991211
3483371.7500000000,-121.3559875488
3491405.0000000000,-121.3878555298
3499452.7500000000,-121.4141006470
3507519.2500000000,-121.4357910156
3515604.5000000000,-121.4530792236
3523708.2500000000,-121.4680328369
3531830.5000000000,-121.4849853516
3539971.7500000000,-121.5040054321
3548135.5000000000,-121.5253219604
3556314.2500000000,-121.5455017090
3564511.7500000000,-121.5645294189
3572728.2500000000,-121.5840225220
3580963.5000000000,-121.6082687378
3589218.0000000000,-121.6373748779
3597495.2500000000,-121.6780242920
3605787.7500000000,-121.7210617065
3614099.2500000000,-121.7652359009
3622430.0000000000,-121.8031387329
3630780.0000000000,-121.8330993652
3639149.2500000000,-121.8565368652
3647537.7500000000,-121.8707809448
3655949.5000000000,-121.8812026978
3664376.7500000000,-121.8908004761
3672823.5000000000,-121.9022293091
3681289.5000000000,-121.9205093384
3689775.2500000000,-121.9432449341
3698280.5000000000,-121.9708175659
3706805.2500000000,-122.0001831055
3715353.7500000000,-122.0272064209
3723918.0000000000,-122.0511093140
3732501.7500000000,-122.0668029785
3741105.5000000000,-122.0760574341
3749729.0000000000,-122.0809326172
3758372.5000000000,-122.0823211670
3767039.7500000000,-122.0877227783
3775723.2500000000,-122.0990219116
3784426.5000000000,-122.1174011230
3793149.7500000000,-122.1463012695
3801893.2500000000,-122.1770935059
3810657.0000000000,-122.2075958252
3819440.7500000000,-122.2334976196
3828249.0000000000,-122.2484130859
3837073.5000000000,-122.2486190796
3845918.2500000000,-122.2487869263
3854783.2500000000,-122.2549514771
3863668.7500000000,-122.2558059692
3872574.7500000000,-122.2574615479
3881505.7500000000,-122.2800445557
3890452.7500000000,-122.3215255737
3899420.5000000000,-122.3689270020
3908409.0000000000,-122.4190597534
3917418.2500000000,-122.4668502808
3926448.0000000000,-122.5071182251
3935498.7500000000,-122.5424270630
3944574.7500000000,-122.5738220215
3953667.2500000000,-122.6032180786
3962780.7500000000,-122.6360168457
3971915.2500000000,-122.6729431152
3981070.7500000000,-122.7135086060
3990247.5000000000,-122.7551803589
3999449.7500000000,-122.7892074585
4008668.7500000000,-122.8151168823
4017909.0000000000,-122.8336944580
4027170.5000000000,-122.8477554321
4036453.5000000000,-122.8641433716
4045757.7500000000,-122.8816528320
4055083.5000000000,-122.8983306885
4064435.2500000000,-122.9107513428
4073804.0000000000,-122.9161148071
4083194.5000000000,-122.9205703735
4092606.5000000000,-122.9271240234
4102040.2500000000,-122.9386596680
4111495.7500000000,-122.9585800171
4120973.0000000000,-122.9822006226
4130476.7500000000,-123.0068130493
4139997.7500000000,-123.0306320190
4149540.7500000000,-123.0520095825
4159105.7500000000,-123.0708923340
4168692.7500000000,-123.0888290405
4178301.7500000000,-123.1069488525
4187937.7500000000,-123.1264572144
4197591.0000000000,-123.1495971680
4207267.0000000000,-123.1755371094
4216965.0000000000,-123.2018051147
4226685.5000000000,-123.2269058228
4236428.0000000000,-123.2496414185
4246193.5000000000,-123.2695999146
4255986.0000000000,-123.2877044678
4265796.5000000000,-123.3041000366
4275629.5000000000,-123.3196945190
4285485.0000000000,-123.3362731934
4295363.0000000000,-123.3595123291
4305264.5000000000,-123.3936462402
4315193.0000000000,-123.4367218018
4325140.0000000000,-123.4846267700
4335109.5000000000,-123.5312271118
4345102.5000000000,-123.5615844727
4355118.0000000000,-123.5636444092
4365157.0000000000,-123.5669631958
4375219.0000000000,-123.5700912476
4385309.0000000000,-123.5797576904
4395417.5000000000,-123.5812759399
4405549.0000000000,-123.5853958130
4415704.5000000000,-123.6240921021
4425883.0000000000,-123.6707839966
4436085.0000000000,-123.7189254761
4446310.5000000000,-123.7640991211
4456564.0000000000,-123.8050155640
4466837.0000000000,-123.8439102173
4477133.5000000000,-123.8803024292
4487453.5000000000,-123.9063491821
4497797.5000000000,-123.9077072144
4508165.0000000000,-123.9120178223
4518561.5000000000,-123.9174499512
4528977.0000000000,-123.9205703735
4539417.0000000000,-123.9211120605
4549880.5000000000,-123.9457550049
4560368.5000000000,-123.9867172241
4570880.5000000000,-124.0335159302
4581416.5000000000,-124.0787124634
4591982.0000000000,-124.1162185669
4602567.0000000000,-124.1216583252
4613176.0000000000,-124.1268768311
4623810.0000000000,-124.1313400269
4634468.0000000000,-124.1402206421
4645151.0000000000,-124.1429977417
4655863.5000000000,-124.1543426514
4666595.5000000000,-124.1586074829
4677352.0000000000,-124.1593551636
4688134.0000000000,-124.1636657715
4698940.5000000000,-124.1652984619
4709771.5000000000,-124.1970520020
4720628.0000000000,-124.2299728394
4731514.5000000000,-124.2477722168
4742421.0000000000,-124.2480621338
4753353.0000000000,-124.2500610352
4764309.5000000000,-124.2600097656
4775291.5000000000,-124.3022384644
4786299.0000000000,-124.3800430298
4797337.0000000000,-124.4837493896
4808395.5000000000,-124.5893554688
4819479.0000000000,-124.6351318359
4830588.0000000000,-124.6397628784
4841723.0000000000,-124.6459426880
4852883.5000000000,-124.6582641602
4864070.0000000000,-124.6708374023
4875287.0000000000,-124.6716842651
4886525.0000000000,-124.6877670288
4897789.0000000000,-124.7016525269
4909078.5000000000,-124.7166366577
4920394.5000000000,-124.7218704224
4931736.0000000000,-124.7228317261
4943104.0000000000,-124.7499160767
4954504.0000000000,-124.7673645020
4965924.5000000000,-124.7806015015
4977371.0000000000,-124.8008270264
4988844.5000000000,-124.8354187012
5000344.0000000000,-124.8836212158
5011870.0000000000,-124.9377822876
5023428.5000000000,-124.9874267578
5035007.5000000000,-125.0182037354
5046614.0000000000,-125.0229644775
5058246.5000000000,-125.0241928101
5069906.0000000000,-125.0324096680
5081592.5000000000,-125.0361251831
5093306.0000000000,-125.0388336182
5105052.0000000000,-125.0730514526
5116819.5000000000,-125.1351623535
5128614.5000000000,-125.2040939331
5140436.0000000000,-125.2281570435
5152285.0000000000,-125.2294845581
5164161.5000000000,-125.2544555664
5176071.0000000000,-125.2552795410
5188002.0000000000,-125.2606048584
5199961.0000000000,-125.2828903198
5211947.0000000000,-125.2884826660
5223961.0000000000,-125.2910156250
5236002.5000000000,-125.3165664673
5248072.0000000000,-125.3264617920
5260175.0000000000,-125.3340072632
5272300.0000000000,-125.3522949219
5284453.0000000000,-125.3808822632
5296634.0000000000,-125.3977203369
5308843.5000000000,-125.4054641724
5321080.5000000000,-125.4100189209
5333352.0000000000,-125.4224853516
5345645.5000000000,-125.4250411987
5357967.5000000000,-125.4323577881
5370318.0000000000,-125.4367523193
5382697.0000000000,-125.4838867188
5395104.5000000000,-125.5616531372
5407541.0000000000,-125.6256256104
5420011.5000000000,-125.6616134644
5432505.0000000000,-125.6796646118
5445027.5000000000,-125.6968078613
5457578.5000000000,-125.7192382813
5470158.5000000000,-125.7432327271
5482767.5000000000,-125.7663040161
5495406.0000000000,-125.7896499634
5508079.0000000000,-125.8108444214
5520775.5000000000,-125.8235244751
5533501.5000000000,-125.8289031982
5546256.5000000000,-125.8397140503
5559041.0000000000,-125.8656692505
5571855.0000000000,-125.9002075195
5584704.5000000000,-125.9015197754
5597578.0000000000,-125.9029769897
5610480.5000000000,-125.9180450439
5623413.5000000000,-125.9218292236
5636375.5000000000,-125.9309158325
5649368.0000000000,-125.9326934814
5662390.0000000000,-125.9329223633
5675448.5000000000,-125.9442672729
5688531.0000000000,-125.9493026733
5701643.5000000000,-125.9542541504
5714786.0000000000,-125.9683609009
5727959.0000000000,-125.9750518799
5741162.5000000000,-125.9973526001
5754402.5000000000,-126.0559387207
5767666.5000000000,-126.1258392334
5780961.5000000000,-126.1741867065
5794287.0000000000,-126.1840057373
5807643.5000000000,-126.1875534058
5821030.5000000000,-126.1961669922
5834448.5000000000,-126.1998291016
5847903.5000000000,-126.2064056396
5861383.5000000000,-126.2146835327
5874894.0000000000,-126.2192916870
5888436.5000000000,-126.2251586914
5902009.5000000000,-126.2569274902
5915614.0000000000,-126.3324508667
5929250.0000000000,-126.3974456787
5942924.0000000000,-126.4616394043
5956622.5000000000,-126.5183715820
5970353.0000000000,-126.5695877075
5984115.5000000000,-126.6157073975
5997909.0000000000,-126.6497192383
6011734.5000000000,-126.6521911621
6025599.0000000000,-126.6529693604
6039488.0000000000,-126.6587142944
6053409.5000000000,-126.6596450806
6067363.0000000000,-126.6641464233
6081349.0000000000,-126.6673431396
6095367.0000000000,-126.6676101685
6109417.0000000000,-126.6891555786
6123506.5000000000,-126.7440261841
6137621.5000000000,-126.8003845215
6151769.0000000000,-126.8617782593
6165949.5000000000,-126.9109344482
6180162.5000000000,-126.9234008789
6194408.0000000000,-126.9248352051
6208693.5000000000,-126.9276962280
6223005.0000000000,-126.9340744019
6237349.5000000000,-126.9354019165
6251727.0000000000,-126.9417343140
6266137.5000000000,-126.9685516357
6280581.5000000000,-127.0324630737
6295058.5000000000,-127.1118011475
6309576.0000000000,-127.1459121704
6324120.0000000000,-127.1588668823
6338698.0000000000,-127.1597442627
6353309.0000000000,-127.1599197388
6367954.0000000000,-127.1600570679
6382632.5000000000,-127.1760711670
6397352.0000000000,-127.1792449951
6412098.0000000000,-127.1814270020
6426878.5000000000,-127.1888885498
6441693.0000000000,-127.1940002441
6456541.5000000000,-127.2119293213
6471424.0000000000,-127.2195816040
6486341.5000000000,-127.2290039063
6501300.0000000000,-127.2809448242
6516286.0000000000,-127.2900543213
6531306.5000000000,-127.2908401489
6546361.5000000000,-127.3139953613
6561451.5000000000,-127.4084396362
6576576.0000000000,-127.4910049438
6591735.5000000000,-127.5039749146
6606937.0000000000,-127.5332107544
6622166.5000000000,-127.5334167480
6637431.0000000000,-127.5455932617
6652731.0000000000,-127.5775756836
6668066.0000000000,-127.5815734863
6683436.0000000000,-127.6134414673
6698849.5000000000,-127.6513214111
6714290.5000000000,-127.7007598877
6729767.5000000000,-127.7015457153
6745280.0000000000,-127.7102508545
6760828.5000000000,-127.7118759155
6776413.0000000000,-127.7190628052
6792033.0000000000,-127.7289886475
6807696.5000000000,-127.7410507202
6823388.5000000000,-127.7469711304
6839117.0000000000,-127.7674331665
6854881.5000000000,-127.7980804443
6870682.5000000000,-127.7989501953
6886520.0000000000,-127.8149261475
6902401.5000000000,-127.8313903809
6918312.0000000000,-127.9078598022
6934259.5000000000,-127.9517898560
6950243.5000000000,-128.0201110840
6966264.0000000000,-128.0453796387
6982322.0000000000,-128.0476074219
6998416.5000000000,-128.0481109619
7014556.0000000000,-128.0496673584
7030725.0000000000,-128.0577239990
7046931.5000000000,-128.0620727539
7063175.0000000000,-128.0632476807
7079456.5000000000,-128.0637512207
7095775.0000000000,-128.0647277832
7112139.0000000000,-128.0649108887
7128533.0000000000,-128.0742340088
7144965.0000000000,-128.0789337158
7161434.5000000000,-128.0807037354
7177942.0000000000,-128.0820617676
7194487.5000000000,-128.0852661133
7211071.5000000000,-128.0875854492
7227701.5000000000,-128.0908203125
7244362.0000000000,-128.1330871582
7261060.5000000000,-128.1903076172
7277798.0000000000,-128.2285461426
7294573.5000000000,-128.2677001953
7311388.0000000000,-128.2964324951
7328241.5000000000,-128.3378448486
7345141.5000000000,-128.3548278809
7362072.5000000000,-128.3616180420
7379043.0000000000,-128.3982238770
7396052.0000000000,-128.4455718994
7413100.5000000000,-128.4561309814
7430188.0000000000,-128.4867401123
7447323.5000000000,-128.5073699951
7464490.0000000000,-128.5454559326
7481696.5000000000,-128.5534515381
7498942.0000000000,-128.5707244873
7516227.5000000000,-128.6137695313
7533553.0000000000,-128.6214904785
7550918.5000000000,-128.6226654053
7568332.0000000000,-128.6385955811
7585777.5000000000,-128.6567687988
7603263.5000000000,-128.6700134277
7620789.5000000000,-128.6723785400
7638356.0000000000,-128.7010192871
7655963.0000000000,-128.7133789063
7673619.0000000000,-128.7253265381
7691307.0000000000,-128.7325439453
7709036.0000000000,-128.7457733154
7726806.0000000000,-128.8127593994
7744617.0000000000,-128.8925170898
7762469.0000000000,-128.9831237793
7780362.0000000000,-129.0189361572
7798304.5000000000,-129.0362854004
7816280.5000000000,-129.0368041992
7834297.5000000000,-129.0374298096
7852356.0000000000,-129.0426483154
7870456.0000000000,-129.1079864502
7888598.0000000000,-129.1173400879
7906782.0000000000,-129.1626892090
7925016.5000000000,-129.1827087402
7943284.0000000000,-129.2020263672
7961594.0000000000,-129.2048797607
7979946.0000000000,-129.2100830078
7998340.5000000000,-129.2224731445
8016777.0000000000,-129.2307891846
8035265.0000000000,-129.2312927246
8053787.0000000000,-129.2386474609
8072351.5000000000,-129.2408294678
8090959.0000000000,-129.2458190918
8109609.0000000000,-129.2552337646
8128302.5000000000,-129.2588043213
8147038.5000000000,-129.2684173584
8165827.0000000000,-129.3117370605
8184650.0000000000,-129.3228302002
8203516.0000000000,-129.3666534424
8222426.0000000000,-129.3741912842
8241379.0000000000,-129.4425811768
8260376.0000000000,-129.5002288818
8279426.0000000000,-129.5034790039
8298510.5000000000,-129.5493164063
8317639.0000000000,-129.5619964600
8336812.0000000000,-129.5691375732
8356029.0000000000,-129.5766906738
8375290.0000000000,-129.6093750000
8394596.0000000000,-129.6368408203
8413955.0000000000,-129.6528778076
8433350.0000000000,-129.6857910156
8452789.0000000000,-129.7182922363
8472274.0000000000,-129.7204284668
8491803.0000000000,-129.7259826660
8511377.0000000000,-129.7466430664
8531006.0000000000,-129.7527008057
8550670.0000000000,-129.7808990479
8570380.0000000000,-129.7967834473
8590136.0000000000,-129.8075256348
8609936.0000000000,-129.8462219238
8629783.0000000000,-129.8577575684
8649675.0000000000,-129.8747100830
8669623.0000000000,-129.8918914795
8689607.0000000000,-129.9156799316
8709637.0000000000,-129.9351348877
8729713.0000000000,-129.9422302246
8749836.0000000000,-129.9576416016
8770005.0000000000,-129.9715423584
8790220.0000000000,-129.9735412598
8810492.0000000000,-129.9855194092
8830801.0000000000,-129.9860229492
8851157.0000000000,-129.9945678711
8871559.0000000000,-129.9953765869
8892009.0000000000,-129.9992523193
8912505.0000000000,-130.0838928223
8933059.0000000000,-130.1036529541
8953651.0000000000,-130.1862030029
8974289.0000000000,-130.2093048096
8994976.0000000000,-130.2620697021
9015710.0000000000,-130.2685546875
9036492.0000000000,-130.2694091797
9057321.0000000000,-130.2850494385
9078209.0000000000,-130.2854919434
9099135.0000000000,-130.2962036133
9120109.0000000000,-130.3101654053
9141132.0000000000,-130.3195953369
9162203.0000000000,-130.3339233398
9183322.0000000000,-130.3778991699
9204500.0000000000,-130.3913116455
9225718.0000000000,-130.4347839355
9246983.0000000000,-130.4746398926
9268298.0000000000,-130.5017852783
9289662.0000000000,-130.5331878662
9311076.0000000000,-130.5480499268
9332538.0000000000,-130.5907745361
9354061.0000000000,-130.6354827881
9375623.0000000000,-130.6430969238
9397234.0000000000,-130.6439208984
9418895.0000000000,-130.7384643555
9440607.0000000000,-130.7391052246
9462368.0000000000,-130.7704772949
9484190.0000000000,-130.8155822754
9506052.0000000000,-130.8192901611
9527964.0000000000,-130.8344268799
9549926.0000000000,-130.8498992920
9571940.0000000000,-130.9451904297
9594004.0000000000,-131.0339202881
9616118.0000000000,-131.0684204102
9638295.0000000000,-131.0770263672
9660512.0000000000,-131.0771331787
9682780.0000000000,-131.1014251709
9705099.0000000000,-131.1478729248
9727470.0000000000,-131.2001800537
9749893.0000000000,-131.2588195801
9772367.0000000000,-131.3285217285
9794904.0000000000,-131.4220581055
9817482.0000000000,-131.5293579102
9840112.0000000000,-131.5386962891
9862794.0000000000,-131.5583648682
9885528.0000000000,-131.5589447021
9908315.0000000000,-131.6292266846
9931165.0000000000,-131.6409759521
9954057.0000000000,-131.6569671631
9977002.0000000000,-131.7391357422
10000000.0000000000,-131.7462158203
10023051.0000000000,-131.7871856689
10046155.0000000000,-131.8765716553
10069312.0000000000,-131.8798217773
10092533.0000000000,-131.9181976318
10115797.0000000000,-132.0071105957
10139115.0000000000,-132.0352783203
10162486.0000000000,-132.0463256836
10185911.0000000000,-132.0818634033
10209391.0000000000,-132.0961914063
10232935.0000000000,-132.1462860107
10256523.0000000000,-132.1493988037
10280165.0000000000,-132.1493988037
10303861.0000000000,-132.1493988037
10327613.0000000000,-132.1493988037
10351418.0000000000,-132.1493988037
10375279.0000000000,-132.1493988037
10399206.0000000000,-132.1493988037
10423177.0000000000,-132.1493988037
10447203.0000000000,-132.1493988037
10471285.0000000000,-132.1775665283
10495422.0000000000,-132.2965087891
10519615.0000000000,-132.3029937744
10543863.0000000000,-132.3220062256
10568179.0000000000,-132.3995666504
10592540.0000000000,-132.4579315186
10616956.0000000000,-132.4645538330
10641429.0000000000,-132.5068054199
10665958.0000000000,-132.5285797119
10690544.0000000000,-132.5285797119
10715198.0000000000,-132.5285797119
10739898.0000000000,-132.5285797119
10764654.0000000000,-132.5285797119
10789467.0000000000,-132.5285797119
10814338.0000000000,-132.5285797119
10839265.0000000000,-132.5285797119
10864251.0000000000,-132.5068054199
10889305.0000000000,-132.4609527588
10914406.0000000000,-132.4609527588
10939565.0000000000,-132.4609527588
10964781.0000000000,-132.4609527588
10990056.0000000000,-132.4609527588
11015388.0000000000,-132.4609527588
11040792.0000000000,-132.4609527588
11066242.0000000000,-132.4609527588
11091750.0000000000,-132.4609527588
11117317.0000000000,-132.4609527588
11142944.0000000000,-132.4609527588
11168629.0000000000,-132.4609527588
11194373.0000000000,-132.4609527588
11220189.0000000000,-132.5068054199
11246053.0000000000,-132.5749053955
11271976.0000000000,-132.7001495361
11297958.0000000000,-132.7135925293
11324001.0000000000,-132.7447662354
11350104.0000000000,-132.7649383545
11376279.0000000000,-132.7715759277
11402502.0000000000,-132.7792205811
11428786.0000000000,-132.7951049805
11455130.0000000000,-132.8081359863
11481535.0000000000,-132.8566284180
11508000.0000000000,-132.8639678955
11534527.0000000000,-132.8846588135
11561128.0000000000,-132.9239959717
11587777.0000000000,-132.9241333008
11614488.0000000000,-132.9241333008
11641260.0000000000,-132.9241333008
11668094.0000000000,-132.9241333008
11694990.0000000000,-132.9329986572
11721947.0000000000,-132.9341735840
11748980.0000000000,-132.9341735840
11776062.0000000000,-132.9341735840
11803207.0000000000,-132.9341735840
11830414.0000000000,-132.9341735840
11857684.0000000000,-132.9458923340
11885017.0000000000,-132.9497680664
11912426.0000000000,-132.9497680664
11939885.0000000000,-132.9497680664
11967407.0000000000,-132.9497680664
11994993.0000000000,-132.9497680664
12022642.0000000000,-132.9497680664
12050355.0000000000,-132.9497680664
12078132.0000000000,-132.9497680664
12105986.0000000000,-132.9497680664
12133892.0000000000,-132.9497680664
12161861.0000000000,-132.9602355957
12189895.0000000000,-132.9756164551
12217994.0000000000,-132.9850616455
12246157.0000000000,-132.9881744385
12274399.0000000000,-133.0274047852
12302692.0000000000,-133.0348510742
12331051.0000000000,-133.0416412354
12359475.0000000000,-133.0490417480
12387964.0000000000,-133.0513000488
12416519.0000000000,-133.1010742188
12445140.0000000000,-133.1010742188
12473841.0000000000,-133.0868377686
12502594.0000000000,-133.0692596436
12531413.0000000000,-133.0679168701
12560299.0000000000,-133.0679168701
12589251.0000000000,-133.0692596436
12618270.0000000000,-133.0868377686
12647370.0000000000,-133.1010742188
12676523.0000000000,-133.1050872803
12705744.0000000000,-133.1148071289
12735031.0000000000,-133.1231536865
12764387.0000000000,-133.1336822510
12793809.0000000000,-133.1388702393
12823300.0000000000,-133.1419067383
12852873.0000000000,-133.1684722900
12882499.0000000000,-133.2508392334
12912195.0000000000,-133.2582855225
12941958.0000000000,-133.2741241455
12971790.0000000000,-133.4185485840
13001691.0000000000,-133.4808044434
13031661.0000000000,-133.5767669678
13061714.0000000000,-133.6724395752
13091822.0000000000,-133.6724395752
13122000.0000000000,-133.6724395752
13152247.0000000000,-133.6724395752
13182564.0000000000,-133.6724395752
13212951.0000000000,-133.6724395752
13243422.0000000000,-133.6724395752
13273949.0000000000,-133.6852416992
13304546.0000000000,-133.7620544434
13335214.0000000000,-133.7620544434
13365953.0000000000,-133.7620544434
13396762.0000000000,-133.7620544434
13427643.0000000000,-133.7620544434
13458609.0000000000,-133.7620544434
13489632.0000000000,-133.8053894043
13520727.0000000000,-133.9156799316
13551893.0000000000,-133.9720764160
13583131.0000000000,-134.0533905029
13614441.0000000000,-134.0905303955
13645839.0000000000,-134.2401428223
13677293.0000000000,-134.2718963623
13708820.0000000000,-134.4606323242
13740420.0000000000,-134.4695434570
13772093.0000000000,-134.5391540527
13803838.0000000000,-134.5486755371
13835657.0000000000,-134.5751647949
13867565.0000000000,-134.5810852051
13899530.0000000000,-134.6580963135
13931570.0000000000,-134.6677703857
13963683.0000000000,-134.6895446777
13995870.0000000000,-134.6895446777
14028132.0000000000,-134.6895446777
14060468.0000000000,-134.6895446777
14092893.0000000000,-134.6895446777
14125379.0000000000,-134.6895446777
14157939.0000000000,-134.7488861084
14190574.0000000000,-134.7785186768
14223284.0000000000,-134.8861236572
14256070.0000000000,-134.9058074951
14288946.0000000000,-134.9677581787
14321884.0000000000,-135.0720672607
14354896.0000000000,-135.1391601563
14387986.0000000000,-135.1907501221
14421151.0000000000,-135.1907501221
14454393.0000000000,-135.1907501221
14487711.0000000000,-135.1907501221
14521122.0000000000,-135.1907501221
14554594.0000000000,-135.2199554443
14588144.0000000000,-135.2375335693
14621770.0000000000,-135.2411651611
14655475.0000000000,-135.2524719238
14689257.0000000000,-135.2566375732
14723133.0000000000,-135.2701568604
14757070.0000000000,-135.2740173340
14791086.0000000000,-135.2828979492
14825181.0000000000,-135.2828979492
14859354.0000000000,-135.2828979492
14893606.0000000000,-135.2828979492
14927937.0000000000,-135.2828979492
14962363.0000000000,-135.2869567871
14996852.0000000000,-135.2879486084
15031421.0000000000,-135.2945098877
15066070.0000000000,-135.3034515381
15100798.0000000000,-135.3044128418
15135607.0000000000,-135.3400726318
15170512.0000000000,-135.3603973389
15205481.0000000000,-135.3670043945
15240531.0000000000,-135.3670043945
15275661.0000000000,-135.3670043945
15310873.0000000000,-135.3603973389
15346165.0000000000,-135.3400726318
15381539.0000000000,-135.3335113525
15417012.0000000000,-135.3044128418
15452549.0000000000,-135.3044128418
15488168.0000000000,-135.3044128418
15523870.0000000000,-135.3335113525
15559653.0000000000,-135.3335113525
15595519.0000000000,-135.3335113525
15631468.0000000000,-135.3335113525
15667517.0000000000,-135.3335113525
15703632.0000000000,-135.3335113525
15739830.0000000000,-135.3335113525
15776111.0000000000,-135.3335113525
15812476.0000000000,-135.3400726318
15848925.0000000000,-135.3603973389
15885475.0000000000,-135.3670043945
15922092.0000000000,-135.3685913086
15958794.0000000000,-135.3862915039
15995580.0000000000,-135.3876037598
16032451.0000000000,-135.3898162842
16069407.0000000000,-135.3898620605
16106448.0000000000,-135.4102172852
16143592.0000000000,-135.4102172852
16180804.0000000000,-135.4102172852
16218102.0000000000,-135.4102172852
16255486.0000000000,-135.4102172852
16292956.0000000000,-135.4102172852
16330513.0000000000,-135.4419250488
16368174.0000000000,-135.4464721680
16405903.0000000000,-135.5138397217
16443720.0000000000,-135.5278472900
16481624.0000000000,-135.5567779541
16519616.0000000000,-135.8924255371
16557694.0000000000,-136.1605529785
16595861.0000000000,-136.1605529785
16634134.0000000000,-136.1605529785
16672477.0000000000,-136.1605529785
16710908.0000000000,-136.1605529785
16749428.0000000000,-136.1605529785
16788036.0000000000,-136.1605529785
16826734.0000000000,-136.1605529785
16865540.0000000000,-136.1605529785
16904416.0000000000,-136.1605529785
16943382.0000000000,-136.2086029053
16982438.0000000000,-136.2199249268
17021582.0000000000,-136.3001098633
17060818.0000000000,-136.3256988525
17100146.0000000000,-136.3334808350
17139582.0000000000,-136.3439483643
17179090.0000000000,-136.3783874512
17218688.0000000000,-136.5925140381
17258378.0000000000,-136.5986633301
17298160.0000000000,-136.5986633301
17338034.0000000000,-136.5986633301
17378000.0000000000,-136.5986633301
17418076.0000000000,-136.5986633301
17458226.0000000000,-136.5986633301
17498468.0000000000,-136.5986633301
17538804.0000000000,-136.6259307861
17579232.0000000000,-136.6259307861
17619752.0000000000,-136.8763732910
17660388.0000000000,-136.8763732910
17701096.0000000000,-136.8763732910
17741898.0000000000,-136.8763732910
17782794.0000000000,-136.8763732910
17823784.0000000000,-136.8763732910
17864870.0000000000,-136.9717102051
17906050.0000000000,-137.2430877686
17947344.0000000000,-137.2706604004
17988714.0000000000,-137.2706604004
18030180.0000000000,-137.2706604004
18071740.0000000000,-137.2706604004
18113396.0000000000,-137.2706604004
18155150.0000000000,-137.2706604004
18197018.0000000000,-137.2706604004
18238964.0000000000,-137.2706604004
18281006.0000000000,-137.2706604004
18323144.0000000000,-137.3923339844
18365380.0000000000,-137.4124755859
18407714.0000000000,-137.4253082275
18450146.0000000000,-137.5730895996
18492694.0000000000,-137.6042022705
18535322.0000000000,-137.6821289063
18578046.0000000000,-137.7274627686
18620870.0000000000,-137.7792358398
18663792.0000000000,-137.9774169922
18706814.0000000000,-137.9774169922
18749934.0000000000,-137.9774169922
18793176.0000000000,-137.9774169922
18836496.0000000000,-137.9774169922
18879914.0000000000,-137.9774169922
18923434.0000000000,-137.9774169922
18967054.0000000000,-137.9774169922
19010774.0000000000,-137.9816436768
19054616.0000000000,-138.0732727051
19098538.0000000000,-138.0732727051
19142562.0000000000,-138.0732727051
19186688.0000000000,-137.9774169922
19230914.0000000000,-137.9420471191
19275242.0000000000,-137.9375152588
19319674.0000000000,-137.9375152588
19364228.0000000000,-137.9420471191
19408864.0000000000,-137.9774169922
19453602.0000000000,-138.0732727051
19498444.0000000000,-138.1184539795
19543390.0000000000,-138.3208465576
19588438.0000000000,-138.4409942627
19633612.0000000000,-138.4524841309
19678870.0000000000,-138.4630279541
19724230.0000000000,-138.5041809082
19769696.0000000000,-138.5377502441
19815268.0000000000,-138.5377502441
19860942.0000000000,-138.5726013184
19906724.0000000000,-138.6201934814
19952632.0000000000,-138.6201934814
19998624.0000000000,-138.6201934814
20044722.0000000000,-138.6353454590
20090926.0000000000,-138.6540374756
20137238.0000000000,-138.6719665527
20183656.0000000000,-138.6719665527
20230202.0000000000,-138.6719665527
20276834.0000000000,-138.6719665527
20323574.0000000000,-138.6899566650
20370422.0000000000,-138.7283477783
20417376.0000000000,-138.7621459961
20464440.0000000000,-138.7621459961
20511612.0000000000,-138.7621459961
20558916.0000000000,-138.7621459961
20606306.0000000000,-138.8139190674
20653804.0000000000,-138.8165893555
20701412.0000000000,-138.8165893555
20749130.0000000000,-138.7621459961
20796960.0000000000,-138.7283477783
20844898.0000000000,-138.6899566650
20892970.0000000000,-138.6899566650
20941130.0000000000,-138.6967773438
20989400.0000000000,-138.7283477783
21037782.0000000000,-138.7621459961
21086276.0000000000,-138.8165893555
21134882.0000000000,-138.8265380859
21183622.0000000000,-138.9987182617
21232452.0000000000,-138.9987182617
21281394.0000000000,-138.8289794922
21330448.0000000000,-138.8265380859
21379618.0000000000,-138.8165893555
21428898.0000000000,-138.7621459961
21478294.0000000000,-138.6967773438
21527826.0000000000,-138.6967773438
21577450.0000000000,-138.6899566650
21627188.0000000000,-138.6899566650
21677040.0000000000,-138.6899566650
21727006.0000000000,-138.6899566650
21777088.0000000000,-138.6899566650
21827310.0000000000,-138.6899566650
21877624.0000000000,-138.6353454590
21928054.0000000000,-138.6353454590
21978600.0000000000,-138.6353454590
22029262.0000000000,-138.5957183838
22080040.0000000000,-138.1929473877
22130936.0000000000,-138.0583190918
22181974.0000000000,-138.0143127441
22233106.0000000000,-138.0143127441
22284354.0000000000,-138.0143127441
22335722.0000000000,-138.0143127441
22387206.0000000000,-138.0143127441
22438810.0000000000,-138.0143127441
22490558.0000000000,-138.0583190918
22542400.0000000000,-138.2562866211
22594362.0000000000,-138.5957183838
22646444.0000000000,-138.5957183838
22698646.0000000000,-138.2562866211
22750968.0000000000,-138.0583190918
22803410.0000000000,-138.2562866211
22855998.0000000000,-138.6727447510
22908684.0000000000,-138.6967773438
22961490.0000000000,-138.8289794922
23014418.0000000000,-138.8289794922
23067468.0000000000,-138.7939147949
23120640.0000000000,-138.6727447510
23173934.0000000000,-138.2562866211
23227378.0000000000,-138.0143127441
23280918.0000000000,-138.0143127441
23334582.0000000000,-138.0143127441
23388370.0000000000,-138.1798706055
23442282.0000000000,-138.1798706055
23496318.0000000000,-138.1798706055
23550504.0000000000,-138.1798706055
23604790.0000000000,-138.1798706055
23659200.0000000000,-138.1798706055
23713738.0000000000,-138.2562866211
23768398.0000000000,-138.2562866211
23823186.0000000000,-138.2562866211
23878100.0000000000,-138.2562866211
23933168.0000000000,-138.2562866211
23988336.0000000000,-138.1798706055
24043630.0000000000,-138.1798706055
24099052.0000000000,-138.2562866211
24154602.0000000000,-138.6177368164
24210280.0000000000,-138.6727447510
24266114.0000000000,-138.7177581787
24322048.0000000000,-138.7177581787
24378112.0000000000,-138.7939147949
24434306.0000000000,-138.8421020508
24490628.0000000000,-138.9342651367
24547082.0000000000,-138.9355621338
24603664.0000000000,-138.9355621338
24660404.0000000000,-138.9342651367
24717248.0000000000,-138.8421020508
24774224.0000000000,-138.8421020508
24831330.0000000000,-138.8421020508
24888568.0000000000,-138.9342651367
24945938.0000000000,-138.9342651367
25003440.0000000000,-138.9342651367
25061102.0000000000,-138.8421020508
25118870.0000000000,-138.7939147949
25176770.0000000000,-138.7177581787
25234804.0000000000,-138.6369628906
25292972.0000000000,-138.6369628906
25351274.0000000000,-138.6369628906
25409740.0000000000,-138.7177581787
25468310.0000000000,-138.9342651367
25527016.0000000000,-138.9355621338
25585858.0000000000,-139.0106811523
25644836.0000000000,-139.0106811523
25703948.0000000000,-139.2427978516
25763198.0000000000,-139.2427978516
25822612.0000000000,-139.2427978516
25882136.0000000000,-139.2682647705
25941796.0000000000,-139.3652648926
26001594.0000000000,-139.3710479736
26061528.0000000000,-139.4819641113
26121602.0000000000,-139.4819641113
26181844.0000000000,-139.3710479736
26242194.0000000000,-139.3652648926
26302684.0000000000,-139.2682647705
26363314.0000000000,-139.2682647705
26424084.0000000000,-139.2682647705
26484992.0000000000,-139.2682647705
26546042.0000000000,-139.2427978516
26607262.0000000000,-139.2427978516
26668594.0000000000,-139.2427978516
26730066.0000000000,-139.2682647705
26791682.0000000000,-139.2682647705
26853438.0000000000,-139.2427978516
26915338.0000000000,-139.0106811523
26977408.0000000000,-138.6369628906
27039594.0000000000,-138.5710144043
27101922.0000000000,-138.5710144043
27164394.0000000000,-138.6369628906
27227010.0000000000,-138.6369628906
27289770.0000000000,-138.6369628906
27352674.0000000000,-138.6369628906
27415754.0000000000,-139.1070861816
27478950.0000000000,-139.2427978516
27542290.0000000000,-139.2427978516
27605778.0000000000,-139.2427978516
27669410.0000000000,-139.2427978516
27733190.0000000000,-139.2427978516
27797118.0000000000,-139.1070861816
27861222.0000000000,-138.6825714111
27925444.0000000000,-138.5710144043
27989814.0000000000,-138.3625640869
28054334.0000000000,-138.3275451660
28119000.0000000000,-138.3275451660
28183816.0000000000,-138.3275451660
28248814.0000000000,-138.2596282959
28313930.0000000000,-138.2596282959
28379194.0000000000,-138.3275451660
28444610.0000000000,-138.3275451660
28510178.0000000000,-138.3275451660
28575896.0000000000,-138.3275451660
28641766.0000000000,-138.3275451660
28707818.0000000000,-138.3275451660
28773992.0000000000,-138.3371276855
28840318.0000000000,-138.3625640869
28906796.0000000000,-138.5710144043
28973428.0000000000,-138.6825714111
29040214.0000000000,-139.1070861816
29107186.0000000000,-139.1895141602
29174280.0000000000,-139.4950256348
29241530.0000000000,-139.4950256348
29308932.0000000000,-139.3896636963
29376492.0000000000,-139.3896636963
29444208.0000000000,-139.4950256348
29512078.0000000000,-139.5218048096
29580138.0000000000,-139.6357574463
29648322.0000000000,-140.0033721924
29716664.0000000000,-140.1319885254
29785162.0000000000,-140.2200012207
29853820.0000000000,-140.2200012207
29922634.0000000000,-140.1319885254
29991642.0000000000,-140.0033721924
30060774.0000000000,-139.6357574463
30130066.0000000000,-139.5218048096
30199518.0000000000,-139.5036926270
30269130.0000000000,-139.5218048096
30338904.0000000000,-139.5327911377
30408836.0000000000,-139.6357574463
30478964.0000000000,-139.8976287842
30549220.0000000000,-140.0033721924
30619638.0000000000,-140.1319885254
30690220.0000000000,-140.3106536865
30760962.0000000000,-140.4038391113
30831868.0000000000,-140.4291534424
30902938.0000000000,-140.7795257568
30974206.0000000000,-140.8487701416
31045604.0000000000,-140.8766937256
31117166.0000000000,-140.9550323486
31188892.0000000000,-140.9703521729
31260786.0000000000,-140.9779205322
31332844.0000000000,-140.9779205322
31405102.0000000000,-141.2916870117
31477494.0000000000,-141.2081756592
31550052.0000000000,-140.9779205322
31622776.0000000000,-140.9703521729
31695670.0000000000,-140.8766937256
31768730.0000000000,-140.8487701416
31841960.0000000000,-140.7795257568
31915392.0000000000,-140.4291534424
31988960.0000000000,-140.4291534424
32062696.0000000000,-140.7795257568
32136604.0000000000,-140.8487701416
32210680.0000000000,-140.8487701416
32284928.0000000000,-140.8487701416
32359382.0000000000,-140.8487701416
32433974.0000000000,-140.7795257568
32508736.0000000000,-140.4678344727
32583670.0000000000,-140.4291534424
32658778.0000000000,-140.3892822266
32734060.0000000000,-140.3106536865
32809514.0000000000,-140.3106536865
32885178.0000000000,-140.3892822266
32960980.0000000000,-140.4678344727
33036958.0000000000,-140.7795257568
33113110.0000000000,-140.8487701416
33189438.0000000000,-140.9392700195
33265942.0000000000,-140.9392700195
33342624.0000000000,-140.9392700195
33419516.0000000000,-140.9392700195
33496552.0000000000,-140.9392700195
33573764.0000000000,-140.8487701416
33651152.0000000000,-140.4824676514
33728720.0000000000,-140.4678344727
33806468.0000000000,-140.3892822266
33884432.0000000000,-140.3892822266
33962536.0000000000,-140.3892822266
34040824.0000000000,-140.2429199219
34119292.0000000000,-140.2340545654
34197936.0000000000,-139.8540191650
34276768.0000000000,-139.8329010010
34355776.0000000000,-139.6759185791
34435008.0000000000,-139.6434783936
34514384.0000000000,-139.6331176758
34593940.0000000000,-139.6206817627
34673680.0000000000,-139.6068725586
34753608.0000000000,-139.6068725586
34833716.0000000000,-139.6068725586
34914048.0000000000,-139.6068725586
34994528.0000000000,-139.6206817627
35075192.0000000000,-139.6206817627
35156044.0000000000,-139.6206817627
35237080.0000000000,-139.6206817627
35318304.0000000000,-139.6206817627
35399716.0000000000,-139.6068725586
35481356.0000000000,-139.4554901123
35563140.0000000000,-139.4554901123
35645116.0000000000,-139.4554901123
35727280.0000000000,-139.4554901123
35809636.0000000000,-139.4554901123
35892180.0000000000,-139.4554901123
35974952.0000000000,-139.4554901123
36057876.0000000000,-139.3080139160
36140992.0000000000,-139.2015228271
36224300.0000000000,-139.1737518311
36307800.0000000000,-139.0570220947
36391492.0000000000,-139.0570220947
36475376.0000000000,-139.0570220947
36559496.0000000000,-139.0570220947
36643768.0000000000,-139.0570220947
36728236.0000000000,-139.1737518311
36812896.0000000000,-139.2015228271
36897752.0000000000,-139.3080139160
36982804.0000000000,-139.4554901123
37068052.0000000000,-139.6206817627
37153536.0000000000,-139.6206817627
37239180.0000000000,-139.6206817627
37325020.0000000000,-139.6206817627
37411056.0000000000,-139.6206817627
37497292.0000000000,-139.6331176758
37583724.0000000000,-139.6426391602
37670400.0000000000,-139.6434783936
37757232.0000000000,-139.6734008789
37844264.0000000000,-139.7397613525
37931500.0000000000,-139.7663269043
38018932.0000000000,-139.8519439697
38106568.0000000000,-140.0709381104
38194408.0000000000,-140.1443176270
38282492.0000000000,-140.1516265869
38370736.0000000000,-140.3211212158
38459180.0000000000,-140.5744171143
38547832.0000000000,-140.6309661865
38636688.0000000000,-140.6527557373
38725748.0000000000,-140.6805725098
38815056.0000000000,-140.7574920654
38904528.0000000000,-140.7689208984
38994204.0000000000,-140.7963562012
39084092.0000000000,-140.8576202393
39174180.0000000000,-140.9634857178
39264480.0000000000,-141.0876770020
39354988.0000000000,-141.2521362305
39445748.0000000000,-141.4002532959
39536672.0000000000,-141.4594421387
39627808.0000000000,-141.6522521973
39719152.0000000000,-141.6522521973
39810708.0000000000,-141.6522521973
39902476.0000000000,-141.6522521973
39994496.0000000000,-141.6522521973
40086688.0000000000,-141.6522521973
40179088.0000000000,-141.6522521973
40271704.0000000000,-141.7776794434
40364536.0000000000,-142.1208190918
40457576.0000000000,-142.1377258301
40550836.0000000000,-142.1377258301
40644352.0000000000,-142.1377258301
40738040.0000000000,-142.1377258301
40831944.0000000000,-142.1377258301
40926064.0000000000,-142.1208190918
41020404.0000000000,-141.8512573242
41114956.0000000000,-141.7776794434
41209732.0000000000,-141.6522521973
41304768.0000000000,-141.6014556885
41399976.0000000000,-141.4002532959
41495408.0000000000,-141.3800048828
41591056.0000000000,-141.3800048828
41686928.0000000000,-141.3800048828
41783020.0000000000,-141.3800048828
41879376.0000000000,-141.3800048828
41975912.0000000000,-141.3800048828
42072668.0000000000,-141.6014556885
42169652.0000000000,-141.6522521973
42266856.0000000000,-141.8512573242
42364284.0000000000,-142.1208190918
42461936.0000000000,-142.1377258301
42559860.0000000000,-142.2612457275
42657964.0000000000,-142.3579101563
42756292.0000000000,-142.3579101563
42854848.0000000000,-142.2612457275
42953632.0000000000,-142.1377258301
43052644.0000000000,-141.8512573242
43151932.0000000000,-141.6014556885
43251400.0000000000,-141.5004425049
43351096.0000000000,-141.3800048828
43451024.0000000000,-141.3800048828
43551180.0000000000,-141.3800048828
43651568.0000000000,-141.3800048828
43752188.0000000000,-141.5004425049
43853088.0000000000,-141.8512573242
43954176.0000000000,-142.0531616211
44055492.0000000000,-142.1377258301
44157044.0000000000,-142.2612457275
44258828.0000000000,-142.3579101563
44360848.0000000000,-142.3579101563
44463104.0000000000,-142.3579101563
44565644.0000000000,-142.6369934082
44668368.0000000000,-142.8055725098
44771332.0000000000,-142.8222351074
44874532.0000000000,-142.9118347168
44977972.0000000000,-143.3138122559
45081652.0000000000,-143.3363647461
45185616.0000000000,-143.5556640625
45289772.0000000000,-143.5955810547
45394168.0000000000,-143.6893768311
45498804.0000000000,-143.7701873779
45603684.0000000000,-144.4208221436
45708804.0000000000,-144.4335937500
45814164.0000000000,-144.5058441162
45919820.0000000000,-144.5062561035
46025668.0000000000,-144.5062561035
46131760.0000000000,-144.5062561035
46238100.0000000000,-144.5062561035
46344680.0000000000,-144.5062561035
46451508.0000000000,-144.5058441162
46558632.0000000000,-144.4208221436
46665956.0000000000,-144.5058441162
46773524.0000000000,-144.5062561035
46881340.0000000000,-144.5062561035
46989404.0000000000,-144.5062561035
47097716.0000000000,-144.5062561035
47206280.0000000000,-144.5062561035
47315148.0000000000,-144.5062561035
47424212.0000000000,-144.7109832764
47533528.0000000000,-144.7109832764
47643096.0000000000,-144.7109832764
47752916.0000000000,-144.7109832764
47862992.0000000000,-144.7109832764
47973372.0000000000,-144.8011627197
48083952.0000000000,-144.8178253174
48194788.0000000000,-145.0436096191
48305880.0000000000,-144.8178253174
48417232.0000000000,-144.8011627197
48528836.0000000000,-144.8011627197
48640696.0000000000,-144.8011627197
48752872.0000000000,-144.7109832764
48865252.0000000000,-144.5608520508
48977888.0000000000,-144.5062561035
49090784.0000000000,-144.5058441162
49203944.0000000000,-144.4930267334
49317364.0000000000,-144.2492523193
49431044.0000000000,-144.0810394287
49545040.0000000000,-143.6651153564
49659244.0000000000,-143.6651153564
49773712.0000000000,-143.6651153564
49888444.0000000000,-143.1828918457
50003440.0000000000,-143.0937500000
50118700.0000000000,-142.8940429688
50234284.0000000000,-142.8940429688
50350076.0000000000,-142.8940429688
50466136.0000000000,-142.8940429688
50582464.0000000000,-143.0937500000
50699060.0000000000,-143.1828918457
50815928.0000000000,-143.1828918457
50933060.0000000000,-143.1828918457
51050520.0000000000,-143.1828918457
51168196.0000000000,-143.1828918457
51286144.0000000000,-143.0937500000
51404360.0000000000,-142.8940429688
51522852.0000000000,-142.7191162109
51641616.0000000000,-142.7191162109
51760712.0000000000,-142.7191162109
51880024.0000000000,-142.7191162109
51999608.0000000000,-142.6295471191
52119472.0000000000,-142.5693969727
52239612.0000000000,-142.5402832031
52360028.0000000000,-142.0741729736
52480720.0000000000,-142.0741729736
52601752.0000000000,-142.0741729736
52723000.0000000000,-142.0741729736
52844532.0000000000,-142.0741729736
52966340.0000000000,-142.0741729736
53088432.0000000000,-141.5934600830
53210804.0000000000,-141.3394470215
53333520.0000000000,-141.3256835938
53456456.0000000000,-141.2176818848
53579676.0000000000,-141.2015075684
53703180.0000000000,-141.0247192383
53826972.0000000000,-141.0247192383
53951048.0000000000,-141.0247192383
54075408.0000000000,-141.0247192383
54200116.0000000000,-141.0247192383
54325048.0000000000,-141.0247192383
54450272.0000000000,-141.0247192383
54575784.0000000000,-140.6657562256
54701584.0000000000,-140.5313720703
54827676.0000000000,-140.4999542236
54954060.0000000000,-140.3192749023
55080792.0000000000,-140.3019104004
55207756.0000000000,-140.3019104004
55335016.0000000000,-140.3019104004
55462564.0000000000,-140.3019104004
55590412.0000000000,-140.3019104004
55718552.0000000000,-140.3019104004
55847048.0000000000,-140.3019104004
55975780.0000000000,-140.3019104004
56104808.0000000000,-140.2780609131
56234132.0000000000,-140.2780609131
56363756.0000000000,-140.2780609131
56493680.0000000000,-140.2780609131
56623900.0000000000,-140.1801910400
56754484.0000000000,-140.1615447998
56885308.0000000000,-140.1615447998
57016432.0000000000,-140.1615447998
57147860.0000000000,-140.1801910400
57279588.0000000000,-140.3019104004
57411624.0000000000,-140.3192749023
57544024.0000000000,-140.5313720703
57676668.0000000000,-140.5313720703
57809616.0000000000,-140.5313720703
57942872.0000000000,-140.3019104004
58076432.0000000000,-140.2839202881
58210304.0000000000,-140.1801910400
58344484.0000000000,-140.1615447998
58479036.0000000000,-139.9299468994
58613832.0000000000,-139.8513946533
58748944.0000000000,-139.9299468994
58884364.0000000000,-140.1615447998
59020096.0000000000,-140.1801910400
59156140.0000000000,-140.2839202881
59292500.0000000000,-140.5313720703
59429240.0000000000,-140.6618041992
59566228.0000000000,-140.6618041992
59703532.0000000000,-140.5313720703
59841152.0000000000,-140.2839202881
59979092.0000000000,-140.2839202881
60117348.0000000000,-140.6618041992
60255988.0000000000,-140.6618041992
60394884.0000000000,-140.6618041992
60534096.0000000000,-140.6618041992
60673632.0000000000,-140.6618041992
60813488.0000000000,-140.6618041992
60953668.0000000000,-140.6350708008
61094172.0000000000,-140.2839202881
61235064.0000000000,-140.2776336670
61376216.0000000000,-140.2776336670
61517692.0000000000,-140.2776336670
61659496.0000000000,-140.2839202881
61801624.0000000000,-140.6350708008
61944080.0000000000,-140.6350708008
62086936.0000000000,-140.6350708008
62230048.0000000000,-140.6618041992
62373496.0000000000,-140.7781066895
62517268.0000000000,-140.6618041992
62661376.0000000000,-140.6350708008
62805816.0000000000,-140.2839202881
62950588.0000000000,-140.2776336670
63095764.0000000000,-140.2234649658
63241204.0000000000,-140.2041015625
63386976.0000000000,-140.2041015625
63533088.0000000000,-140.2041015625
63679536.0000000000,-140.2234649658
63826324.0000000000,-140.2234649658
63973516.0000000000,-140.2776336670
64120980.0000000000,-140.6350708008
64268784.0000000000,-140.7427520752
64416928.0000000000,-140.7781066895
64565416.0000000000,-140.7781066895
64714244.0000000000,-140.7781066895
64863412.0000000000,-140.8156738281
65013000.0000000000,-140.8156738281
65162860.0000000000,-140.8156738281
65313064.0000000000,-140.8156738281
65463616.0000000000,-140.8863983154
65614512.0000000000,-140.9103240967
65765760.0000000000,-141.0326995850
65917356.0000000000,-141.0326995850
66069372.0000000000,-141.0326995850
66221664.0000000000,-141.2928009033
66374312.0000000000,-141.4904632568
66527308.0000000000,-141.6903076172
66680660.0000000000,-141.6962738037
66834364.0000000000,-142.2481842041
66988492.0000000000,-142.3835144043
67142904.0000000000,-142.3835144043
67297680.0000000000,-142.3835144043
67452800.0000000000,-142.5338134766
67608288.0000000000,-142.3835144043
67764128.0000000000,-142.2481842041
67920328.0000000000,-142.2481842041
68076968.0000000000,-142.5338134766
68233888.0000000000,-142.7103424072
68391168.0000000000,-142.7103424072
68548816.0000000000,-142.5338134766
68706824.0000000000,-142.5338134766
68865200.0000000000,-142.5338134766
69024016.0000000000,-142.5338134766
69183120.0000000000,-142.5338134766
69342592.0000000000,-142.5338134766
69502432.0000000000,-142.7103424072
69662640.0000000000,-143.2537231445
69823216.0000000000,-143.2537231445
69984168.0000000000,-143.2537231445
70145560.0000000000,-142.7103424072
70307248.0000000000,-142.5338134766
70469312.0000000000,-142.5338134766
70631752.0000000000,-142.7103424072
70794560.0000000000,-143.2537231445
70957752.0000000000,-143.2537231445
71121392.0000000000,-142.7103424072
71285328.0000000000,-142.5338134766
71449648.0000000000,-142.0054168701
71614344.0000000000,-142.5338134766
71779424.0000000000,-143.2537231445
71944880.0000000000,-143.2949371338
72110712.0000000000,-143.2949371338
72277016.0000000000,-143.2537231445
72443616.0000000000,-142.0054168701
72610608.0000000000,-142.0054168701
72777976.0000000000,-142.0054168701
72945736.0000000000,-141.9577484131
73113880.0000000000,-141.9577484131
73282416.0000000000,-141.8876037598
73451416.0000000000,-141.7661590576
73620728.0000000000,-141.6983947754
73790432.0000000000,-141.6983947754
73960520.0000000000,-141.6983947754
74131008.0000000000,-141.4795989990
74301880.0000000000,-141.3659667969
74473232.0000000000,-141.3659667969
74644904.0000000000,-141.3659667969
74816960.0000000000,-141.3659667969
74989424.0000000000,-141.3659667969
75162280.0000000000,-141.3659667969
75335528.0000000000,-141.3659667969
75509184.0000000000,-141.3659667969
75683320.0000000000,-141.3659667969
75857776.0000000000,-141.4795989990
76032632.0000000000,-141.6983947754
76207896.0000000000,-141.4795989990
76383560.0000000000,-141.3659667969
76559632.0000000000,-141.3651733398
76736192.0000000000,-141.3651733398
76913072.0000000000,-141.3659667969
77090360.0000000000,-141.3659667969
77268064.0000000000,-141.3659667969
77446168.0000000000,-141.3659667969
77624688.0000000000,-141.3651733398
77803616.0000000000,-141.3000793457
77983048.0000000000,-140.9177398682
78162800.0000000000,-140.9177398682
78342976.0000000000,-141.3000793457
78523560.0000000000,-141.3000793457
78704560.0000000000,-141.3000793457
78885984.0000000000,-141.3000793457
79067816.0000000000,-141.3000793457
79250160.0000000000,-141.3000793457
79432840.0000000000,-141.3000793457
79615936.0000000000,-141.3651733398
79799456.0000000000,-141.3651733398
79983400.0000000000,-141.3651733398
80167768.0000000000,-141.3651733398
80352648.0000000000,-141.3651733398
80537872.0000000000,-141.3958129883
80723512.0000000000,-141.3958129883
80909592.0000000000,-141.3958129883
81096088.0000000000,-141.3958129883
81283024.0000000000,-141.8962860107
81470384.0000000000,-141.9039154053
81658272.0000000000,-142.0778961182
81846496.0000000000,-142.0778961182
82035160.0000000000,-141.9468841553
82224256.0000000000,-141.9039154053
82413792.0000000000,-141.8962860107
82603760.0000000000,-141.8407897949
82794256.0000000000,-141.8962860107
82985104.0000000000,-141.9039154053
83176392.0000000000,-141.9468841553
83368120.0000000000,-141.9468841553
83560288.0000000000,-141.9039154053
83752904.0000000000,-141.9039154053
83945960.0000000000,-141.9039154053
84139552.0000000000,-141.9039154053
84333496.0000000000,-141.9039154053
84527896.0000000000,-141.9039154053
84722736.0000000000,-141.9039154053
84918032.0000000000,-141.9039154053
85113768.0000000000,-141.9468841553
85310056.0000000000,-142.0435333252
85506704.0000000000,-142.0435333252
85703800.0000000000,-142.0435333252
85901352.0000000000,-142.0435333252
86099360.0000000000,-141.9468841553
86297832.0000000000,-141.9468841553
86496752.0000000000,-142.0435333252
86696224.0000000000,-142.0435333252
86896072.0000000000,-142.0435333252
87096368.0000000000,-141.9468841553
87297136.0000000000,-141.9468841553
87498360.0000000000,-141.9468841553
87700048.0000000000,-141.8962860107
87902208.0000000000,-141.8407897949
88104920.0000000000,-141.7362213135
88308008.0000000000,-141.7362213135
88511568.0000000000,-141.7362213135
88715592.0000000000,-141.7362213135
88920088.0000000000,-141.7362213135
89125056.0000000000,-141.7362213135
89330592.0000000000,-141.6328430176
89536504.0000000000,-141.6328430176
89742896.0000000000,-141.0594177246
89949760.0000000000,-141.0529479980
90157096.0000000000,-140.9136199951
90364920.0000000000,-140.9136199951
90573216.0000000000,-140.9136199951
90782088.0000000000,-141.0529479980
90991352.0000000000,-141.0529479980
91201088.0000000000,-141.0529479980
91411320.0000000000,-141.0529479980
91622024.0000000000,-140.9136199951
91833224.0000000000,-140.9136199951
92045008.0000000000,-141.0529479980
92257176.0000000000,-141.3600158691
92469832.0000000000,-141.6328430176
92682984.0000000000,-141.8616027832
92896624.0000000000,-141.6328430176
93110760.0000000000,-141.6328430176
93325384.0000000000,-141.8616027832
93540608.0000000000,-141.8616027832
93756224.0000000000,-141.8616027832
93972344.0000000000,-141.9656524658
94188952.0000000000,-141.9656524658
94406064.0000000000,-141.9656524658
94623680.0000000000,-141.9656524658
94841896.0000000000,-141.9122314453
95060512.0000000000,-141.9122314453
95279640.0000000000,-141.8616027832
95499264.0000000000,-141.3600158691
95719392.0000000000,-141.3600158691
95940032.0000000000,-141.3600158691
96161184.0000000000,-141.3600158691
96382952.0000000000,-141.8616027832
96605120.0000000000,-141.8616027832
96827800.0000000000,-141.8616027832
97050992.0000000000,-141.3600158691
97274704.0000000000,-141.3600158691
97498928.0000000000,-141.8616027832
97723672.0000000000,-141.9122314453
97949040.0000000000,-141.9656524658
98174816.0000000000,-141.9656524658
98401120.0000000000,-141.9656524658
98627936.0000000000,-141.9758148193
98855280.0000000000,-142.3098449707
99083152.0000000000,-142.6077423096
99311656.0000000000,-142.6077423096
99540576.0000000000,-142.6077423096
99770024.0000000000,-142.6077423096
100000000.0000000000,-142.3098449707
