Type,FSWP-50
Version,3.02SP1
Date,03.Jul 2026
VSupply,ON
Mode,Voltage
Voltage Set,0.6000000000,V
Voltage Min,0.0000000000,V
Voltage Max,0.6500000000,V
Voltage Meas,0.5989494637,V
Current Max,20.0000000000,mA
Current Meas,16.7057602826,mA
VTune,OFF
Voltage Set,0.0000000000,V
Voltage Min,0.0000000000,V
Voltage Max,0.0100000000,V
Voltage Meas,-0.0211350168,V
Current Max,20.0000000000,mA
Current Meas,0.1545591831,mA
VAux,OFF
Voltage Set,0.0000000000,V
Voltage Min,-10.0000000000,V
Voltage Max,10.0000000000,V
Voltage Meas,-0.0047067120,V
Current Max,100.0000000000,mA
Current Meas,-0.0593832079,mA
Mode,Phase Noise
Measurement,Phase Noise
Input,RF
RF Att,0.0000000000,dB
Coupling,AC
RBW,2.0000000000,%
XCORR Factor,1000
XCORR Optimize,ON
Estimated Meas Time,3.7457527981,s
Sweep Count,5
Signal Frequency,25122233631.3968086243,Hz
Signal Level,-17.1098000000,dBm
Start,10000.0000000000,Hz
Stop,100000000.0000000000,Hz
SubSweep,1
Start,10000.0000000000,Hz
Stop,30000.0000000000,Hz
RBW,600.0000000000,Hz
XCORR Count,1000
SubSweep,2
Start,30000.0000000000,Hz
Stop,100000.0000000000,Hz
RBW,600.0000000000,Hz
XCORR Count,1000
SubSweep,3
Start,100000.0000000000,Hz
Stop,300000.0000000000,Hz
RBW,2000.0000000000,Hz
XCORR Count,3300
SubSweep,4
Start,300000.0000000000,Hz
Stop,1000000.0000000000,Hz
RBW,6000.0000000000,Hz
XCORR Count,10000
SubSweep,5
Start,1000000.0000000000,Hz
Stop,3000000.0000000000,Hz
RBW,20000.0000000000,Hz
XCORR Count,10000
SubSweep,6
Start,3000000.0000000000,Hz
Stop,10000000.0000000000,Hz
RBW,60000.0000000000,Hz
XCORR Count,10000
SubSweep,7
Start,10000000.0000000000,Hz
Stop,30000000.0000000000,Hz
RBW,200000.0000000000,Hz
XCORR Count,10000
SubSweep,8
Start,30000000.0000000000,Hz
Stop,100000000.0000000000,Hz
RBW,600000.0000000000,Hz
XCORR Count,10000
Integrated Measurements Range,1
Start,10000.0000000000,Hz
Stop,100000000.0000000000,Hz
Weighting,OFF
Integrated Measurements Range,2
Start,10000.0000000000,Hz
Stop,100000000.0000000000,Hz
Weighting,OFF
Integrated Measurements Range,3
Start,10000.0000000000,Hz
Stop,100000000.0000000000,Hz
Weighting,OFF
Integrated Measurements Range,4
Start,10000.0000000000,Hz
Stop,100000000.0000000000,Hz
Weighting,OFF
Integrated Measurements Range,5
Start,10000.0000000000,Hz
Stop,100000000.0000000000,Hz
Weighting,OFF
Integrated Measurements Range,6
Start,10000.0000000000,Hz
Stop,100000000.0000000000,Hz
Weighting,OFF
Integrated Measurements Range,7
Start,10000.0000000000,Hz
Stop,100000000.0000000000,Hz
Weighting,OFF
Integrated Measurements Range,8
Start,10000.0000000000,Hz
Stop,100000000.0000000000,Hz
Weighting,OFF
Integrated Measurements Range,9
Start,10000.0000000000,Hz
Stop,100000000.0000000000,Hz
Weighting,OFF
Integrated Measurements Range,10
Start,10000.0000000000,Hz
Stop,100000000.0000000000,Hz
Weighting,OFF
Spot Noise Decade Edges,OFF
Spot Noise User Defined,ON
Spot Noise User Defined Offset,1
State,OFF
Offset,1000.0000000000,Hz
Spot Noise User Defined Offset,2
State,OFF
Offset,10000.0000000000,Hz
Spot Noise User Defined Offset,3
State,ON
Offset,100000.0000000000,Hz
Spot Noise User Defined Offset,4
State,ON
Offset,1000000.0000000000,Hz
Spot Noise User Defined Offset,5
State,ON
Offset,10000000.0000000000,Hz
Spot Noise User Defined Offset,6
State,OFF
Offset,100000000.0000000000,Hz
Window,1,Noise Spectrum
Trace,1
Trace Mode,CLR/WRITE
Trace Result,PN
Smoothing,ON
Smoothing Value,1.0000000000,%
Spurious Removal,ON
Spurious Removal Threshold,6.0000000000,dB
Trace Offset,OFF
Trace Offset,0.0000000000,dB
Trace Label,OFF
Trace Label,Trace 1
x-Unit,Hz
y-Unit,dBc/Hz
Values,4001
10000.0000000000,-53.4200630188
10023.0507812500,-53.4423255920
10046.1542968750,-53.4645919800
10069.3115234375,-53.4868545532
10092.5332031250,-53.5142898560
10115.7968750000,-53.5420608521
10139.1152343750,-53.5698356628
10162.4863281250,-53.5976104736
10185.9111328125,-53.6250228882
10209.3906250000,-53.6521682739
10232.9355468750,-53.6793212891
10256.5234375000,-53.7064666748
10280.1650390625,-53.7323493958
10303.8613281250,-53.7544555664
10327.6123046875,-53.7765617371
10351.4189453125,-53.7986717224
10375.2792968750,-53.8207778931
10399.2060546875,-53.8377799988
10423.1777343750,-53.8546257019
10447.2031250000,-53.8714675903
10471.2851562500,-53.8883094788
10495.4218750000,-53.9028015137
10519.6152343750,-53.9164390564
10543.8632812500,-53.9300727844
10568.1787109375,-53.9437179565
10592.5400390625,-53.9562721252
10616.9560546875,-53.9678955078
10641.4287109375,-53.9795188904
10665.9580078125,-53.9911422729
10690.5439453125,-54.0019645691
10715.1982421875,-54.0115013123
10739.8974609375,-54.0210304260
10764.6533203125,-54.0305595398
10789.4667968750,-54.0398292542
10814.3378906250,-54.0483627319
10839.2656250000,-54.0569000244
10864.2509765625,-54.0654373169
10889.3056640625,-54.0745582581
10914.4062500000,-54.0861968994
10939.5644531250,-54.0978355408
10964.7812500000,-54.1094741821
10990.0556640625,-54.1223983765
11015.3886718750,-54.1427764893
11040.7919921875,-54.1631660461
11066.2412109375,-54.1835441589
11091.7500000000,-54.2057151794
11117.3173828125,-54.2384872437
11142.9433593750,-54.2712554932
11168.6289062500,-54.3040237427
11194.3730468750,-54.3388595581
11220.1894531250,-54.3832321167
11246.0527343750,-54.4275817871
11271.9755859375,-54.4719314575
11297.9580078125,-54.5179290771
11324.0009765625,-54.5689048767
11350.1035156250,-54.6198806763
11376.2792968750,-54.6708793640
11402.5019531250,-54.7218742371
11428.7861328125,-54.7729072571
11455.1298828125,-54.8239364624
11481.5351562500,-54.8749694824
11508.0000000000,-54.9234008789
11534.5273437500,-54.9691619873
11561.1279296875,-55.0149421692
11587.7773437500,-55.0607032776
11614.4873046875,-55.1012268066
11641.2597656250,-55.1391296387
11668.0937500000,-55.1770286560
11694.9892578125,-55.2149314880
11721.9472656250,-55.2459831238
11748.9804687500,-55.2760543823
11776.0625000000,-55.3061103821
11803.2070312500,-55.3354682922
11830.4140625000,-55.3593444824
11857.6845703125,-55.3832244873
11885.0166015625,-55.4071006775
11912.4257812500,-55.4294509888
11939.8847656250,-55.4493331909
11967.4072265625,-55.4692153931
11994.9931640625,-55.4890975952
12022.6425781250,-55.5072708130
12050.3554687500,-55.5246696472
12078.1318359375,-55.5420684814
12105.9863281250,-55.5594215393
12133.8916015625,-55.5746269226
12161.8613281250,-55.5898284912
12189.8955078125,-55.6050338745
12217.9931640625,-55.6194877625
12246.1572265625,-55.6327743530
12274.3984375000,-55.6460685730
12302.6923828125,-55.6593551636
12331.0507812500,-55.6734886169
12359.4746093750,-55.6878547668
12387.9638671875,-55.7022209167
12416.5195312500,-55.7183418274
12445.1396484375,-55.7410011292
12473.8408203125,-55.7636756897
12502.5937500000,-55.7863388062
12531.4130859375,-55.8205642700
12560.2988281250,-55.8605842590
12589.2509765625,-55.9006042480
12618.2705078125,-55.9440116882
12647.3701171875,-56.0067253113
12676.5234375000,-56.0694122314
12705.7441406250,-56.1320991516
12735.0312500000,-56.2072906494
12764.3867187500,-56.2888946533
12793.8095703125,-56.3704986572
12823.2998046875,-56.4530563354
12852.8730468750,-56.5394668579
12882.4990234375,-56.6258316040
12912.1943359375,-56.7122001648
12941.9580078125,-56.7871284485
12971.7900390625,-56.8585891724
13001.6914062500,-56.8787155151
13031.6611328125,-56.8787155151
13061.7138671875,-56.8887023926
13091.8222656250,-56.8897094727
13122.0000000000,-56.8995132446
13152.2470703125,-56.9006996155
13182.5634765625,-56.9156494141
13212.9501953125,-56.9161376953
13243.4218750000,-56.9300498962
13273.9492187500,-56.9407386780
13304.5468750000,-56.9514389038
13335.2138671875,-56.9658279419
13365.9531250000,-56.9867362976
13396.7626953125,-56.9905662537
13427.6425781250,-56.9909362793
13458.6093750000,-57.0189323425
13489.6328125000,-57.0226936340
13520.7265625000,-57.0317382813
13551.8935546875,-57.0469284058
13583.1308593750,-57.0728912354
13614.4414062500,-57.0749244690
13645.8388671875,-57.0784950256
13677.2929687500,-57.0953483582
13708.8203125000,-57.1125221252
13740.4199218750,-57.1140441895
13772.0927734375,-57.1223220825
13803.8388671875,-57.1296997070
13835.6572265625,-57.1296997070
13867.5644531250,-57.1296997070
13899.5302734375,-57.1342658997
13931.5693359375,-57.1900367737
13963.6826171875,-57.2541961670
13995.8701171875,-57.3198318481
14028.1318359375,-57.3854675293
14060.4677734375,-57.4483718872
14092.8935546875,-57.5100898743
14125.3789062500,-57.5717811584
14157.9384765625,-57.6250991821
14190.5732421875,-57.6717338562
14223.2841796875,-57.7183723450
14256.0693359375,-57.7567710876
14288.9462890625,-57.7848320007
14321.8837890625,-57.8128776550
14354.8964843750,-57.8359870911
14387.9853515625,-57.8500251770
14421.1503906250,-57.8640594482
14454.3925781250,-57.8766860962
14487.7109375000,-57.8857231140
14521.1220703125,-57.8947677612
14554.5947265625,-57.9045677185
14588.1435546875,-57.9168395996
14621.7705078125,-57.9291152954
14655.4746093750,-57.9427642822
14689.2568359375,-57.9616508484
14723.1328125000,-57.9805412292
14757.0703125000,-58.0002593994
14791.0869140625,-58.0232276917
14825.1806640625,-58.0461959839
14859.3544921875,-58.0688438416
14893.6054687500,-58.0903472900
14927.9365234375,-58.1118469238
14962.3632812500,-58.1321640015
14996.8525390625,-58.1489601135
15031.4208984375,-58.1657600403
15066.0693359375,-58.1818885803
15100.7978515625,-58.1965293884
15135.6064453125,-58.2111740112
15170.5117187500,-58.2275428772
15205.4804687500,-58.2466506958
15240.5302734375,-58.2657585144
15275.6611328125,-58.2897186279
15310.8730468750,-58.3189353943
15346.1650390625,-58.3481483459
15381.5390625000,-58.3839645386
15417.0117187500,-58.4243125916
15452.5488281250,-58.4646377563
15488.1679687500,-58.5105400085
15523.8691406250,-58.5585327148
15559.6533203125,-58.6065254211
15595.5195312500,-58.6565322876
15631.4677734375,-58.7068176270
15667.5166015625,-58.7569923401
15703.6318359375,-58.8045501709
15739.8300781250,-58.8521080017
15776.1113281250,-58.8982009888
15812.4765625000,-58.9396400452
15848.9248046875,-58.9810791016
15885.4755859375,-59.0194587708
15922.0927734375,-59.0540161133
15958.7939453125,-59.0885696411
15995.5800781250,-59.1199874878
16032.4511718750,-59.1498756409
16069.4072265625,-59.1797599792
16106.4482421875,-59.2085876465
16143.5927734375,-59.2373275757
16180.8046875000,-59.2661590576
16218.1025390625,-59.2954902649
16255.4863281250,-59.3248176575
16292.9560546875,-59.3537750244
16330.5126953125,-59.3822822571
16368.1738281250,-59.4108009338
16405.9042968750,-59.4366798401
16443.7207031250,-59.4616661072
16481.6250000000,-59.4864044189
16519.6152343750,-59.5070304871
16557.6953125000,-59.5276565552
16595.8613281250,-59.5472145081
16634.1347656250,-59.5650596619
16672.4765625000,-59.5828933716
16710.9082031250,-59.5996360779
16749.4277343750,-59.6159629822
16788.0371093750,-59.6320495605
16826.7343750000,-59.6455993652
16865.5390625000,-59.6591567993
16904.4160156250,-59.6703987122
16943.3808593750,-59.6789741516
16982.4375000000,-59.6875457764
17021.5820312500,-59.6927757263
17060.8183593750,-59.6974372864
17100.1445312500,-59.7026443481
17139.5820312500,-59.7093925476
17179.0898437500,-59.7161369324
17218.6875000000,-59.7294120789
17258.3789062500,-59.7456970215
17298.1601562500,-59.7635917664
17338.0332031250,-59.7930374146
17378.0000000000,-59.8224868774
17418.0761718750,-59.8581771851
17458.2265625000,-59.8984565735
17498.4687500000,-59.9389572144
17538.8027343750,-59.9844131470
17579.2324218750,-60.0298728943
17619.7519531250,-60.0756492615
17660.3867187500,-60.1217384338
17701.0957031250,-60.1677894592
17741.8984375000,-60.2131958008
17782.7949218750,-60.2586059570
17823.7851562500,-60.3042297363
17864.8691406250,-60.3500442505
17906.0488281250,-60.3959693909
17947.3437500000,-60.4437141418
17988.7148437500,-60.4914360046
18030.1796875000,-60.5409126282
18071.7402343750,-60.5915679932
18113.3964843750,-60.6426849365
18155.1484375000,-60.6963615417
18197.0175781250,-60.7500648499
18238.9628906250,-60.8046188354
18281.0058593750,-60.8595085144
18323.1445312500,-60.9135055542
18365.3808593750,-60.9654121399
18407.7148437500,-61.0173187256
18450.1445312500,-61.0620536804
18492.6953125000,-61.1059494019
18535.3222656250,-61.1443786621
18578.0468750000,-61.1773605347
18620.8710937500,-61.2091598511
18663.7929687500,-61.2322921753
18706.8144531250,-61.2554206848
18749.9355468750,-61.2736320496
18793.1757812500,-61.2902412415
18836.4941406250,-61.3050956726
18879.9140625000,-61.3173332214
18923.4335937500,-61.3292808533
18967.0546875000,-61.3365097046
19010.7734375000,-61.3382453918
19054.6171875000,-61.3389778137
19098.5390625000,-61.3397102356
19142.5625000000,-61.3428573608
19186.6875000000,-61.3437347412
19230.9140625000,-61.3463020325
19275.2421875000,-61.3463325500
19319.6738281250,-61.3472061157
19364.2285156250,-61.3472099304
19408.8632812500,-61.3583221436
19453.6015625000,-61.3791503906
19498.4433593750,-61.4083213806
19543.3886718750,-61.4423828125
19588.4375000000,-61.4897003174
19633.6132812500,-61.5372085571
19678.8691406250,-61.5967102051
19724.2304687500,-61.6562156677
19769.6972656250,-61.7173652649
19815.2675781250,-61.7790031433
19860.9433593750,-61.8355407715
19906.7226562500,-61.8876762390
19952.6328125000,-61.9338073730
19998.6250000000,-61.9668159485
20044.7226562500,-61.9975585938
20090.9277343750,-62.0089492798
20137.2382812500,-62.0170097351
20183.6562500000,-62.0172538757
20230.2031250000,-62.0174255371
20276.8339843750,-62.0195198059
20323.5742187500,-62.0203437805
20370.4218750000,-62.0264854431
20417.3769531250,-62.0433349609
20464.4394531250,-62.0677680969
20511.6113281250,-62.1048431396
20558.9160156250,-62.1443443298
20606.3046875000,-62.1923522949
20653.8046875000,-62.2400321960
20701.4121093750,-62.2836341858
20749.1308593750,-62.3272399902
20796.9589843750,-62.3576126099
20844.8984375000,-62.3871612549
20892.9687500000,-62.4079513550
20941.1289062500,-62.4267730713
20989.4003906250,-62.4471359253
21037.7812500000,-62.4681510925
21086.2753906250,-62.4977912903
21134.8808593750,-62.5331687927
21183.6210937500,-62.5773773193
21232.4511718750,-62.6301002502
21281.3945312500,-62.6869316101
21330.4492187500,-62.7493095398
21379.6171875000,-62.8104133606
21428.8984375000,-62.8691673279
21478.2929687500,-62.9235687256
21527.8261718750,-62.9672584534
21577.4492187500,-63.0041389465
21627.1875000000,-63.0061759949
21677.0390625000,-63.0074844360
21727.0058593750,-63.0097999573
21777.0878906250,-63.0116996765
21827.3105468750,-63.0165863037
21877.6230468750,-63.0225830078
21928.0527343750,-63.0280113220
21978.5996093750,-63.0296669006
22029.2617187500,-63.0333709717
22080.0410156250,-63.0400505066
22130.9355468750,-63.0414047241
22181.9746093750,-63.0415649414
22233.1054687500,-63.0435066223
22284.3535156250,-63.0450859070
22335.7207031250,-63.0487251282
22387.2070312500,-63.0495567322
22438.8105468750,-63.0500640869
22490.5585937500,-63.0523109436
22542.4003906250,-63.0524520874
22594.3632812500,-63.0542297363
22646.4433593750,-63.0545997620
22698.6464843750,-63.0554084778
22750.9667968750,-63.0568847656
22803.4101562500,-63.0709800720
22855.9980468750,-63.1062660217
22908.6835937500,-63.1523780823
22961.4902343750,-63.2155380249
23014.4179687500,-63.2892227173
23067.4667968750,-63.3751220703
23120.6386718750,-63.4658622742
23173.9335937500,-63.5606384277
23227.3769531250,-63.6486968994
23280.9179687500,-63.7328491211
23334.5820312500,-63.7967300415
23388.3710937500,-63.8533248901
23442.2812500000,-63.8827018738
23496.3183593750,-63.9007911682
23550.5039062500,-63.9016799927
23604.7910156250,-63.9022560120
23659.2011718750,-63.9058341980
23713.7363281250,-63.9070205688
23768.3984375000,-63.9079971313
23823.1875000000,-63.9096984863
23878.1015625000,-63.9108848572
23933.1679687500,-63.9162330627
23988.3359375000,-63.9269218445
24043.6308593750,-63.9409523010
24099.0527343750,-63.9567070007
24154.6035156250,-63.9791297913
24210.2812500000,-64.0029830933
24266.1132812500,-64.0369186401
24322.0488281250,-64.0721359253
24378.1132812500,-64.1132049561
24434.3066406250,-64.1539993286
24490.6289062500,-64.1943283081
24547.0820312500,-64.2300643921
24603.6640625000,-64.2621078491
24660.4042968750,-64.2872467041
24717.2480468750,-64.3101425171
24774.2226562500,-64.3322372437
24831.3300781250,-64.3565368652
24888.5683593750,-64.3909149170
24945.9375000000,-64.4339828491
25003.4394531250,-64.4897994995
25061.1015625000,-64.5579910278
25118.8691406250,-64.6332092285
25176.7714843750,-64.7138290405
25234.8046875000,-64.7940368652
25292.9726562500,-64.8655395508
25351.2753906250,-64.9304046631
25409.7402343750,-64.9840774536
25468.3105468750,-65.0289382935
25527.0175781250,-65.0686721802
25585.8593750000,-65.1043777466
25644.8359375000,-65.1397705078
25703.9492187500,-65.1670227051
25763.1972656250,-65.1688919067
25822.6132812500,-65.1759262085
25882.1347656250,-65.1789627075
25941.7949218750,-65.1891555786
26001.5937500000,-65.2012252808
26061.5292968750,-65.2113876343
26121.6015625000,-65.2188720703
26181.8437500000,-65.2293472290
26242.1953125000,-65.2460327148
26302.6835937500,-65.2593841553
26363.3144531250,-65.2642593384
26424.0839843750,-65.2740554810
26484.9921875000,-65.2840423584
26546.0429687500,-65.2992477417
26607.2617187500,-65.3031158447
26668.5937500000,-65.3089065552
26730.0664062500,-65.3123168945
26791.6816406250,-65.3154907227
26853.4375000000,-65.3703689575
26915.3378906250,-65.4209823608
26977.4082031250,-65.4668960571
27039.5937500000,-65.5032958984
27101.9218750000,-65.5283966064
27164.3945312500,-65.5476913452
27227.0097656250,-65.5557785034
27289.7695312500,-65.5623550415
27352.6738281250,-65.5669860840
27415.7539062500,-65.5759658813
27478.9492187500,-65.5881271362
27542.2910156250,-65.6087875366
27605.7773437500,-65.6359252930
27669.4101562500,-65.6673660278
27733.1914062500,-65.7056961060
27797.1171875000,-65.7453308105
27861.2226562500,-65.7868499756
27925.4453125000,-65.8306274414
27989.8144531250,-65.8760528564
28054.3339843750,-65.9251785278
28119.0000000000,-65.9777679443
28183.8164062500,-66.0321655273
28248.8144531250,-66.0869979858
28313.9296875000,-66.1373901367
28379.1953125000,-66.1838150024
28444.6113281250,-66.2146759033
28510.1777343750,-66.2377166748
28575.8964843750,-66.2463531494
28641.7656250000,-66.2474822998
28707.8183593750,-66.2481765747
28773.9921875000,-66.2504119873
28840.3183593750,-66.2513122559
28906.7968750000,-66.2523651123
28973.4296875000,-66.2565460205
29040.2148437500,-66.2738723755
29107.1855468750,-66.2973709106
29174.2812500000,-66.3316802979
29241.5292968750,-66.3731307983
29308.9335937500,-66.4180603027
29376.4921875000,-66.4642181396
29444.2070312500,-66.5042343140
29512.0781250000,-66.5389709473
29580.1386718750,-66.5627288818
29648.3222656250,-66.5824966431
29716.6640625000,-66.6019592285
29785.1621093750,-66.6281967163
29853.8203125000,-66.6668701172
29922.6347656250,-66.7139358521
29991.6406250000,-66.7719726563
30060.7734375000,-66.7982406616
30130.0664062500,-66.8549423218
30199.5175781250,-66.9008255005
30269.1308593750,-66.9130783081
30338.9023437500,-66.9134140015
30408.8359375000,-66.9235534668
30478.9648437500,-66.9300994873
30549.2207031250,-66.9310913086
30619.6386718750,-66.9353485107
30690.2187500000,-66.9408187866
30760.9628906250,-66.9742736816
30831.8691406250,-67.0410232544
30902.9375000000,-67.1225738525
30974.2050781250,-67.2102279663
31045.6035156250,-67.2940444946
31117.1660156250,-67.3535385132
31188.8925781250,-67.3582382202
31260.7851562500,-67.3643646240
31332.8437500000,-67.3656997681
31405.1035156250,-67.3806610107
31477.4941406250,-67.3870315552
31550.0507812500,-67.4101867676
31622.7773437500,-67.4103012085
31695.6699218750,-67.4192962646
31768.7304687500,-67.4268722534
31841.9589843750,-67.4290847778
31915.3925781250,-67.4721221924
31988.9589843750,-67.5354690552
32062.6972656250,-67.6039581299
32136.6035156250,-67.6348495483
32210.6796875000,-67.6399841309
32284.9277343750,-67.6507949829
32359.3828125000,-67.6703033447
32433.9726562500,-67.6710205078
32508.7363281250,-67.6811599731
32583.6718750000,-67.7167053223
32658.7792968750,-67.7233963013
32734.0585937500,-67.7248687744
32809.5156250000,-67.7470321655
32885.1796875000,-67.7559738159
32960.9804687500,-67.7624740601
33036.9570312500,-67.7882385254
33113.1093750000,-67.8560180664
33189.4375000000,-67.9184036255
33265.9414062500,-67.9708480835
33342.6250000000,-68.0137863159
33419.5156250000,-68.0518035889
33496.5507812500,-68.0905227661
33573.7617187500,-68.0907974243
33651.1523437500,-68.1021118164
33728.7226562500,-68.1059494019
33806.4687500000,-68.1344604492
33884.4335937500,-68.1406021118
33962.5390625000,-68.1413726807
34040.8242187500,-68.1815032959
34119.2890625000,-68.1857528687
34197.9375000000,-68.1976699829
34276.7656250000,-68.2243957520
34355.7773437500,-68.2273330688
34435.0078125000,-68.2546463013
34514.3828125000,-68.2562255859
34593.9414062500,-68.2589950562
34673.6835937500,-68.2660446167
34753.6054687500,-68.3096389771
34833.7187500000,-68.3434753418
34914.0507812500,-68.3677291870
34994.5273437500,-68.3970108032
35075.1953125000,-68.4461364746
35156.0429687500,-68.5231704712
35237.0820312500,-68.6261367798
35318.3046875000,-68.7441406250
35399.7148437500,-68.8616333008
35481.3554687500,-68.9577789307
35563.1406250000,-68.9635772705
35645.1171875000,-68.9678421021
35727.2812500000,-68.9817199707
35809.6367187500,-69.0011901855
35892.1796875000,-69.0389862061
35974.9531250000,-69.0426635742
36057.8789062500,-69.0430221558
36140.9921875000,-69.0781936646
36224.3007812500,-69.0825958252
36307.8007812500,-69.0942382813
36391.4921875000,-69.1338348389
36475.3789062500,-69.2396774292
36559.4960937500,-69.2792434692
36643.7695312500,-69.2827453613
36728.2343750000,-69.2919006348
36812.8945312500,-69.3041152954
36897.7539062500,-69.3152008057
36982.8046875000,-69.3247833252
37068.0507812500,-69.3310623169
37153.5390625000,-69.3312530518
37239.1796875000,-69.3401489258
37325.0195312500,-69.3402175903
37411.0546875000,-69.3426437378
37497.2890625000,-69.3473739624
37583.7226562500,-69.3487854004
37670.3984375000,-69.3676376343
37757.2304687500,-69.3693389893
37844.2656250000,-69.3725585938
37931.5000000000,-69.3842315674
38018.9335937500,-69.3865890503
38106.5703125000,-69.3926696777
38194.4062500000,-69.3964920044
38282.4921875000,-69.4048309326
38370.7343750000,-69.4109878540
38459.1796875000,-69.4109878540
38547.8320312500,-69.4109878540
38636.6875000000,-69.4109878540
38725.7500000000,-69.4109878540
38815.0585937500,-69.4109878540
38904.5273437500,-69.4149398804
38994.2070312500,-69.4230728149
39084.0898437500,-69.4309463501
39174.1835937500,-69.4782333374
39264.4804687500,-69.5578536987
39354.9882812500,-69.6724929810
39445.7460937500,-69.8136291504
39536.6718750000,-69.9633178711
39627.8085937500,-70.1516036987
39719.1523437500,-70.1796875000
39810.7070312500,-70.1864166260
39902.4765625000,-70.1909942627
39994.4960937500,-70.2118072510
40086.6875000000,-70.2215270996
40179.0898437500,-70.2371902466
40271.7070312500,-70.2636032104
40364.5351562500,-70.2671356201
40457.5781250000,-70.2849578857
40550.8359375000,-70.2905731201
40644.3515625000,-70.3435745239
40738.0390625000,-70.5192031860
40831.9453125000,-70.6104812622
40926.0664062500,-70.6176681519
41020.4023437500,-70.6220092773
41114.9570312500,-70.6399993896
41209.7304687500,-70.6467437744
41304.7656250000,-70.6613693237
41399.9765625000,-70.6749649048
41495.4062500000,-70.6917724609
41591.0585937500,-70.6924133301
41686.9257812500,-70.6970748901
41783.0195312500,-70.6995697021
41879.3789062500,-70.7029800415
41975.9140625000,-70.7072448730
42072.6679687500,-70.7222442627
42169.6484375000,-70.7306442261
42266.8554687500,-70.7354125977
42364.2812500000,-70.7626647949
42461.9335937500,-70.7788391113
42559.8593750000,-70.7916107178
42657.9648437500,-70.7944641113
42756.2929687500,-70.8081283569
42854.8476562500,-70.8950958252
42953.6328125000,-71.0425796509
43052.6445312500,-71.1388626099
43151.9296875000,-71.1935501099
43251.3984375000,-71.1943969727
43351.0976562500,-71.2125854492
43451.0234375000,-71.2180175781
43551.1796875000,-71.2274627686
43651.5703125000,-71.2526321411
43752.1914062500,-71.2587356567
43853.0898437500,-71.2671966553
43954.1757812500,-71.3683471680
44055.4921875000,-71.4118347168
44157.0429687500,-71.4281539917
44258.8281250000,-71.4490127563
44360.8476562500,-71.4491577148
44463.1015625000,-71.4497604370
44565.6406250000,-71.4567642212
44668.3671875000,-71.4619979858
44771.3320312500,-71.4638519287
44874.5351562500,-71.4759368896
44977.9726562500,-71.4790725708
45081.6484375000,-71.4842300415
45185.6171875000,-71.5032577515
45289.7734375000,-71.5094985962
45394.1679687500,-71.5175247192
45498.8046875000,-71.5618133545
45603.6835937500,-71.6690292358
45708.8046875000,-71.7054901123
45814.1640625000,-71.7092590332
45919.8203125000,-71.7360000610
46025.6679687500,-71.7376403809
46131.7617187500,-71.7446517944
46238.0976562500,-71.7550125122
46344.6796875000,-71.7643585205
46451.5078125000,-71.7671585083
46558.6328125000,-71.7708892822
46665.9531250000,-71.7725219727
46773.5234375000,-71.7825012207
46881.3398437500,-71.8105545044
46989.4023437500,-71.8584289551
47097.7187500000,-71.8611755371
47206.2812500000,-71.8632583618
47315.1484375000,-71.9557342529
47424.2109375000,-72.1007919312
47533.5273437500,-72.2146224976
47643.0976562500,-72.2572708130
47752.9179687500,-72.2816009521
47862.9921875000,-72.3116989136
47973.3710937500,-72.3548812866
48083.9531250000,-72.3930130005
48194.7890625000,-72.4534378052
48305.8828125000,-72.5116043091
48417.2304687500,-72.5253448486
48528.8359375000,-72.5377883911
48640.6992187500,-72.5380859375
48752.8710937500,-72.5479049683
48865.2500000000,-72.5759506226
48977.8867187500,-72.5926971436
49090.7851562500,-72.5985336304
49203.9453125000,-72.6141281128
49317.3632812500,-72.6478195190
49431.0429687500,-72.6811828613
49545.0390625000,-72.6825637817
49659.2421875000,-72.6839294434
49773.7109375000,-72.7471923828
49888.4453125000,-72.7551956177
50003.4414062500,-72.7982101440
50118.7031250000,-72.7991027832
50234.2851562500,-72.8100662231
50350.0781250000,-72.8380050659
50466.1367187500,-72.8387298584
50582.4648437500,-72.9214782715
50699.0625000000,-72.9971160889
50815.9257812500,-73.0691604614
50933.0625000000,-73.0889053345
51050.5234375000,-73.0911788940
51168.1953125000,-73.1016998291
51286.1445312500,-73.1463775635
51404.3593750000,-73.1613922119
51522.8515625000,-73.1651077271
51641.6171875000,-73.2064437866
51760.7109375000,-73.2151107788
51880.0234375000,-73.2156295776
51999.6093750000,-73.2825469971
52119.4726562500,-73.2924957275
52239.6093750000,-73.2962951660
52360.0273437500,-73.3235702515
52480.7187500000,-73.3828887939
52601.7500000000,-73.3927764893
52723.0000000000,-73.4038009644
52844.5312500000,-73.4466323853
52966.3398437500,-73.4994659424
53088.4335937500,-73.5158843994
53210.8046875000,-73.5195999146
53333.5195312500,-73.5765075684
53456.4570312500,-73.5826416016
53579.6757812500,-73.5885391235
53703.1835937500,-73.6297225952
53826.9726562500,-73.6496047974
53951.0468750000,-73.6716918945
54075.4062500000,-73.7119903564
54200.1132812500,-73.7673721313
54325.0507812500,-73.8257141113
54450.2734375000,-73.8934555054
54575.7851562500,-73.9742050171
54701.5859375000,-74.0528106689
54827.6757812500,-74.1076736450
54954.0585937500,-74.1279678345
55080.7929687500,-74.1306381226
55207.7578125000,-74.1327362061
55335.0156250000,-74.1465682983
55462.5664062500,-74.1741333008
55590.4101562500,-74.1941452026
55718.5507812500,-74.2051086426
55847.0468750000,-74.2158737183
55975.7773437500,-74.2740173340
56104.8085937500,-74.2859878540
56234.1328125000,-74.2916030884
56363.7578125000,-74.2966461182
56493.6796875000,-74.3298797607
56623.9023437500,-74.3352127075
56754.4843750000,-74.3369598389
56885.3085937500,-74.3603363037
57016.4335937500,-74.3682174683
57147.8593750000,-74.3733673096
57279.5898437500,-74.4092559814
57411.6210937500,-74.4530792236
57544.0234375000,-74.4557189941
57676.6679687500,-74.5034255981
57809.6171875000,-74.5202789307
57942.8710937500,-74.5325851440
58076.4335937500,-74.5995788574
58210.3046875000,-74.6840362549
58344.4843750000,-74.7676086426
58479.0351562500,-74.8079757690
58613.8320312500,-74.8408126831
58748.9414062500,-74.8508148193
58884.3632812500,-74.8511352539
59020.0937500000,-74.8777770996
59156.1406250000,-74.8787765503
59292.5000000000,-74.8912734985
59429.2382812500,-74.9092636108
59566.2265625000,-74.9096527100
59703.5312500000,-74.9735641479
59841.1523437500,-75.0278549194
59979.0898437500,-75.0511474609
60117.3476562500,-75.0555419922
60255.9882812500,-75.0666351318
60394.8828125000,-75.1221618652
60534.0976562500,-75.1739654541
60673.6328125000,-75.1859436035
60813.4882812500,-75.1882095337
60953.6679687500,-75.2364425659
61094.1718750000,-75.2558288574
61235.0625000000,-75.2690582275
61376.2148437500,-75.3087692261
61517.6914062500,-75.3121109009
61659.4960937500,-75.3178482056
61801.6250000000,-75.3207244873
61944.0820312500,-75.3244628906
62086.9335937500,-75.3413619995
62230.0507812500,-75.3597869873
62373.4960937500,-75.3744964600
62517.2695312500,-75.3760910034
62661.3750000000,-75.5425338745
62805.8164062500,-75.7053604126
62950.5859375000,-75.7132949829
63095.7617187500,-75.7353515625
63241.2031250000,-75.7497863770
63386.9765625000,-75.7652740479
63533.0898437500,-75.7787933350
63679.5390625000,-75.7841033936
63826.3242187500,-75.8056945801
63973.5195312500,-75.8396987915
64120.9804687500,-75.8544540405
64268.7851562500,-75.8577651978
64416.9296875000,-75.8660507202
64565.4140625000,-75.8818740845
64714.2421875000,-75.9003677368
64863.4140625000,-75.9202041626
65013.0000000000,-75.9336090088
65162.8593750000,-75.9416198730
65313.0625000000,-76.1590805054
65463.6132812500,-76.3217773438
65614.5156250000,-76.3611984253
65765.7578125000,-76.3611984253
65917.3515625000,-76.3611984253
66069.3671875000,-76.3611984253
66221.6640625000,-76.3611984253
66374.3125000000,-76.3641128540
66527.3125000000,-76.3669433594
66680.6562500000,-76.4012603760
66834.3593750000,-76.4294052124
66988.4921875000,-76.4299240112
67142.9062500000,-76.4396057129
67297.6796875000,-76.4396514893
67452.8046875000,-76.4562454224
67608.2890625000,-76.4965744019
67764.1250000000,-76.5085220337
67920.3281250000,-76.5146789551
68076.9609375000,-76.5225448608
68233.8906250000,-76.5255279541
68391.1718750000,-76.5272064209
68548.8203125000,-76.5576553345
68706.8281250000,-76.5578079224
68865.2031250000,-76.5724105835
69024.0156250000,-76.5907440186
69183.1250000000,-76.6043395996
69342.5937500000,-76.6228103638
69502.4296875000,-76.6329879761
69662.6406250000,-76.6413116455
69823.2187500000,-76.7355880737
69984.1640625000,-76.9026641846
70145.5625000000,-77.0155715942
70307.2500000000,-77.0519485474
70469.3125000000,-77.0523147583
70631.7500000000,-77.0541915894
70794.5625000000,-77.0647964478
70957.7500000000,-77.0790252686
71121.3906250000,-77.0962142944
71285.3281250000,-77.1250610352
71449.6484375000,-77.1786651611
71614.3437500000,-77.1836547852
71779.4218750000,-77.1913604736
71944.8750000000,-77.2145690918
72110.7187500000,-77.2345733643
72277.0156250000,-77.2769470215
72443.6171875000,-77.2908325195
72610.6093750000,-77.3166580200
72777.9765625000,-77.3593444824
72945.7343750000,-77.3970031738
73113.8828125000,-77.4479446411
73282.4140625000,-77.4668426514
73451.4140625000,-77.4937210083
73620.7265625000,-77.5149841309
73790.4296875000,-77.5165023804
73960.5234375000,-77.5264511108
74131.0078125000,-77.5310363770
74301.8828125000,-77.5318832397
74473.2343750000,-77.5371780396
74644.8984375000,-77.5414428711
74816.9609375000,-77.5510635376
74989.4218750000,-77.5564804077
75162.2734375000,-77.5702972412
75335.5312500000,-77.5805664063
75509.1875000000,-77.6059188843
75683.3203125000,-77.6309738159
75857.7812500000,-77.7181701660
76032.6328125000,-77.7212371826
76207.8984375000,-77.7847595215
76383.5625000000,-77.7894592285
76559.6328125000,-77.8525085449
76736.1875000000,-77.8686752319
76913.0703125000,-77.8744888306
77090.3593750000,-77.8913345337
77268.0625000000,-77.8917312622
77446.1718750000,-77.8977584839
77624.6875000000,-77.9048080444
77803.6171875000,-77.9137878418
77983.0468750000,-77.9180145264
78162.8046875000,-77.9421844482
78342.9765625000,-78.0000534058
78523.5625000000,-78.1069488525
78704.5625000000,-78.2136917114
78885.9843750000,-78.2641906738
79067.8203125000,-78.2748184204
79250.1640625000,-78.2814559937
79432.8437500000,-78.2970428467
79615.9375000000,-78.3289260864
79799.4609375000,-78.3669052124
79983.4062500000,-78.4237976074
80167.7734375000,-78.4343032837
80352.6484375000,-78.4378738403
80537.8671875000,-78.4750976563
80723.5156250000,-78.4824142456
80909.5859375000,-78.5277099609
81096.0937500000,-78.5401687622
81283.0234375000,-78.5586776733
81470.3828125000,-78.5902404785
81658.2734375000,-78.6106338501
81846.5000000000,-78.6756973267
82035.1640625000,-78.6939773560
82224.2578125000,-78.8207473755
82413.7890625000,-78.8689117432
82603.7578125000,-78.8929595947
82794.2578125000,-78.9101715088
82985.1015625000,-78.9548568726
83176.3906250000,-78.9562454224
83368.1171875000,-78.9904708862
83560.2890625000,-79.0421752930
83752.8984375000,-79.1046676636
83945.9609375000,-79.1094207764
84139.5546875000,-79.1170196533
84333.5000000000,-79.1378402710
84527.8906250000,-79.1842651367
84722.7343750000,-79.1844863892
84918.0312500000,-79.1888809204
85113.7734375000,-79.1991043091
85310.0546875000,-79.2005996704
85506.7031250000,-79.2423095703
85703.8046875000,-79.2433090210
85901.3515625000,-79.2622070313
86099.3671875000,-79.2650756836
86297.8281250000,-79.3824005127
86496.7500000000,-79.4914627075
86696.2265625000,-79.5161819458
86896.0703125000,-79.5762786865
87096.3671875000,-79.6164855957
87297.1328125000,-79.6271820068
87498.3593750000,-79.6540451050
87700.0468750000,-79.6588592529
87902.2031250000,-79.6691970825
88104.9218750000,-79.7139053345
88308.0078125000,-79.7206726074
88511.5703125000,-79.7442398071
88715.5937500000,-79.7449493408
88920.0859375000,-79.7484741211
89125.0546875000,-79.7538223267
89330.5937500000,-79.7768478394
89536.5078125000,-79.7829284668
89742.8906250000,-79.8006210327
89949.7578125000,-79.8085327148
90157.1015625000,-79.8428039551
90364.9140625000,-79.8628768921
90573.2109375000,-79.8740081787
90782.0937500000,-79.9185943604
90991.3515625000,-79.9293670654
91201.0937500000,-79.9467773438
91411.3203125000,-80.0417556763
91622.0234375000,-80.0722351074
91833.2187500000,-80.0808258057
92045.0078125000,-80.1226806641
92257.1718750000,-80.1525878906
92469.8359375000,-80.1676254272
92682.9843750000,-80.2102890015
92896.6250000000,-80.2456970215
93110.7578125000,-80.2571487427
93325.3828125000,-80.2812271118
93540.6093750000,-80.2844696045
93756.2265625000,-80.2966766357
93972.3437500000,-80.2997970581
94188.9531250000,-80.3365173340
94406.0703125000,-80.5141525269
94623.6796875000,-80.5443191528
94841.8984375000,-80.6243515015
95060.5156250000,-80.6637268066
95279.6328125000,-80.6788711548
95499.2656250000,-80.6858520508
95719.3984375000,-80.6974716187
95940.0390625000,-80.7097091675
96161.1875000000,-80.7299194336
96382.9453125000,-80.7445449829
96605.1171875000,-80.7571868896
96827.7968750000,-80.7783889771
97050.9921875000,-80.7900848389
97274.7031250000,-80.8071823120
97498.9296875000,-80.8215942383
97723.6718750000,-80.8333511353
97949.0390625000,-80.8659286499
98174.8203125000,-80.8717269897
98401.1171875000,-80.8899993896
98627.9375000000,-80.9103088379
98855.2812500000,-80.9555435181
99083.1484375000,-80.9939575195
99311.6562500000,-81.0676727295
99540.5781250000,-81.0688018799
99770.0234375000,-81.1500473022
100000.0000000000,-81.2408599854
100230.5078125000,-81.2887954712
100461.5468750000,-81.3341827393
100693.1171875000,-81.3743515015
100925.3359375000,-81.4086837769
101157.9687500000,-81.4377059937
101391.1484375000,-81.4621582031
101624.8593750000,-81.4828948975
101859.1171875000,-81.5011367798
102093.9062500000,-81.5186614990
102329.3515625000,-81.5377655029
102565.2265625000,-81.5604858398
102801.6484375000,-81.5875778198
103038.6171875000,-81.6174316406
103276.1250000000,-81.6307067871
103514.1875000000,-81.6381988525
103752.7890625000,-81.6385650635
103992.0625000000,-81.6458206177
104231.7734375000,-81.6545486450
104472.0312500000,-81.6639938354
104712.8515625000,-81.6669235229
104954.2187500000,-81.6694946289
105196.1484375000,-81.6752395630
105438.6328125000,-81.7059783936
105681.7890625000,-81.7576446533
105925.3984375000,-81.8100128174
106169.5625000000,-81.8545379639
106414.2890625000,-81.8855438232
106659.5859375000,-81.9018402100
106905.4375000000,-81.9064178467
107151.9843750000,-81.9066772461
107398.9765625000,-81.9084396362
107646.5390625000,-81.9191665649
107894.6718750000,-81.9427185059
108143.3750000000,-81.9802169800
108392.6562500000,-82.0296401978
108642.5078125000,-82.0861282349
108893.0546875000,-82.1428222656
109144.0625000000,-82.1922149658
109395.6484375000,-82.2282791138
109647.8125000000,-82.2291488647
109900.5546875000,-82.2301559448
110153.8828125000,-82.2372207642
110407.9218750000,-82.2387313843
110662.4140625000,-82.2470092773
110917.5000000000,-82.2481079102
111173.1718750000,-82.2528076172
111429.4375000000,-82.2601852417
111686.2890625000,-82.2931213379
111943.7343750000,-82.3360137939
112201.8984375000,-82.3867721558
112460.5312500000,-82.4429702759
112719.7578125000,-82.5017776489
112979.5859375000,-82.5595016479
113240.0078125000,-82.6114044189
113501.0390625000,-82.6523132324
113762.7890625000,-82.6670532227
114025.0234375000,-82.6751861572
114287.8593750000,-82.6756820679
114551.2968750000,-82.6782073975
114815.3437500000,-82.6848831177
115080.0078125000,-82.6880569458
115345.2734375000,-82.7155456543
115611.2812500000,-82.7637786865
115877.7734375000,-82.8241043091
116144.8750000000,-82.8895568848
116412.6015625000,-82.9510879517
116680.9375000000,-82.9996337891
116949.8984375000,-83.0142059326
117219.4765625000,-83.0188598633
117489.8046875000,-83.0212173462
117760.6250000000,-83.0289840698
118032.0703125000,-83.0325927734
118304.1406250000,-83.0375442505
118576.8437500000,-83.0382766724
118850.1718750000,-83.0674209595
119124.2578125000,-83.1021499634
119398.8515625000,-83.1473464966
119674.0703125000,-83.1769561768
119949.9296875000,-83.1875076294
120226.4218750000,-83.1957321167
120503.5546875000,-83.2057418823
120781.3203125000,-83.2204895020
121059.8671875000,-83.2413177490
121338.9140625000,-83.2681655884
121618.6093750000,-83.3001480103
121898.9531250000,-83.3362121582
122179.9375000000,-83.3759078979
122461.5703125000,-83.4450607300
122743.9843750000,-83.5290298462
123026.9218750000,-83.5970382690
123310.5078125000,-83.6721954346
123594.7421875000,-83.7486572266
123879.6406250000,-83.8178329468
124165.1953125000,-83.8605804443
124451.3984375000,-83.8619842529
124738.4062500000,-83.8644561768
125025.9375000000,-83.8685836792
125314.1328125000,-83.8710861206
125602.9921875000,-83.8801422119
125892.5156250000,-83.8813552856
126182.7031250000,-83.8949279785
126473.7031250000,-83.9030456543
126765.2343750000,-83.9080581665
127057.4375000000,-83.9111404419
127350.3125000000,-83.9293975830
127643.8671875000,-83.9507293701
127938.0937500000,-83.9714126587
128233.0000000000,-83.9930038452
128528.7265625000,-84.0186462402
128824.9921875000,-84.0725326538
129121.9453125000,-84.1442413330
129419.5781250000,-84.2007827759
129717.8984375000,-84.2585601807
130016.9140625000,-84.2905578613
130316.6093750000,-84.2986450195
130617.1406250000,-84.3065567017
130918.2265625000,-84.3116531372
131220.0000000000,-84.3174667358
131522.4687500000,-84.3300857544
131825.6406250000,-84.3414840698
132129.5000000000,-84.3564834595
132434.2187500000,-84.3665313721
132739.4843750000,-84.3668899536
133045.4687500000,-84.3781204224
133352.1406250000,-84.3876342773
133659.5312500000,-84.4021453857
133967.6250000000,-84.4411468506
134276.4218750000,-84.4768371582
134586.0937500000,-84.5240249634
134896.3281250000,-84.6124191284
135207.2656250000,-84.7015686035
135518.9375000000,-84.7478561401
135831.3125000000,-84.7785873413
136144.4062500000,-84.7952499390
136458.3906250000,-84.8077926636
136772.9375000000,-84.8269958496
137088.2031250000,-84.8539657593
137404.2031250000,-84.8939743042
137720.9218750000,-84.9710235596
138038.3906250000,-85.0476150513
138356.5781250000,-85.0857696533
138675.6406250000,-85.1093444824
138995.2968750000,-85.1217956543
139315.7031250000,-85.1261291504
139636.8281250000,-85.1330490112
139958.7031250000,-85.1467895508
140281.3125000000,-85.1816406250
140604.6718750000,-85.2294921875
140928.9375000000,-85.2689971924
141253.7812500000,-85.3356704712
141579.3906250000,-85.4023056030
141905.7343750000,-85.4391784668
142232.8437500000,-85.4649810791
142560.7031250000,-85.4683151245
142889.4687500000,-85.4736251831
143218.8281250000,-85.4741973877
143548.9687500000,-85.4783706665
143879.8593750000,-85.4986495972
144211.5156250000,-85.5239562988
144543.9218750000,-85.5632858276
144877.1093750000,-85.5979309082
145211.2187500000,-85.6194610596
145545.9375000000,-85.6449432373
145881.4375000000,-85.7033462524
146217.7031250000,-85.7883834839
146554.7500000000,-85.8594131470
146892.5625000000,-85.9654693604
147231.3281250000,-86.0479583740
147570.7031250000,-86.0619049072
147910.8593750000,-86.0659866333
148251.8125000000,-86.0699462891
148593.5468750000,-86.0764465332
148936.0625000000,-86.0826568604
149279.3750000000,-86.0927886963
149623.6250000000,-86.0998001099
149968.5312500000,-86.1118698120
150314.2187500000,-86.1186447144
150660.7031250000,-86.1463012695
151007.9843750000,-86.1526107788
151356.0625000000,-86.1563568115
151705.1250000000,-86.1924819946
152054.8125000000,-86.2321701050
152405.3125000000,-86.2345657349
152756.6093750000,-86.2395782471
153108.7187500000,-86.2924957275
153461.6562500000,-86.3051528931
153815.3906250000,-86.3231048584
154170.1093750000,-86.3508758545
154525.4843750000,-86.3570632935
154881.6875000000,-86.3839950562
155238.7031250000,-86.4518508911
155596.5312500000,-86.5032653809
155955.1875000000,-86.5293350220
156314.6875000000,-86.5676116943
156675.1718750000,-86.6098327637
157036.3125000000,-86.6194763184
157398.2968750000,-86.6284866333
157761.1093750000,-86.6324920654
158124.7656250000,-86.6481399536
158489.2500000000,-86.6579742432
158854.7500000000,-86.6687164307
159220.9218750000,-86.6710891724
159587.9375000000,-86.7402343750
159955.7968750000,-86.8116989136
160324.5156250000,-86.8732452393
160694.0625000000,-86.9023971558
161064.4843750000,-86.9094848633
161435.9218750000,-86.9252624512
161808.0468750000,-86.9281234741
162181.0312500000,-86.9411087036
162554.8593750000,-86.9671096802
162929.5625000000,-86.9755477905
163305.1250000000,-86.9837951660
163681.7343750000,-87.0075759888
164059.0312500000,-87.0103302002
164437.2031250000,-87.0314636230
164816.2343750000,-87.1135025024
165196.1562500000,-87.2063522339
165576.9375000000,-87.2762832642
165958.6093750000,-87.2781982422
166341.3437500000,-87.2910690308
166724.7656250000,-87.2943191528
167109.0781250000,-87.2999649048
167494.2812500000,-87.3173904419
167880.3593750000,-87.3335418701
168267.3437500000,-87.3368148804
168655.3906250000,-87.3420944214
169044.1562500000,-87.3564300537
169433.8125000000,-87.3633956909
169824.3750000000,-87.3968124390
170215.8281250000,-87.4534988403
170608.1875000000,-87.5258941650
171001.4531250000,-87.6061401367
171395.8125000000,-87.6850967407
171790.8906250000,-87.7588577271
172186.8750000000,-87.8291320801
172583.7812500000,-87.8934631348
172981.6093750000,-87.9197158813
173380.3437500000,-87.9341201782
173779.9843750000,-87.9368896484
174180.7500000000,-87.9472579956
174582.2500000000,-87.9656295776
174984.6875000000,-87.9746170044
175388.0312500000,-87.9945907593
175792.3125000000,-88.1049041748
176197.5312500000,-88.1307907104
176603.8750000000,-88.1371688843
177010.9531250000,-88.1427230835
177418.9843750000,-88.1469116211
177827.9375000000,-88.1517028809
178237.8437500000,-88.1529693604
178648.7031250000,-88.1647491455
179060.5000000000,-88.1674423218
179473.4375000000,-88.1723937988
179887.1406250000,-88.1734390259
180301.7968750000,-88.1911315918
180717.4062500000,-88.2025222778
181133.9687500000,-88.2913665771
181551.5000000000,-88.3531036377
181970.1875000000,-88.3919296265
182389.6406250000,-88.4139251709
182810.0625000000,-88.4192352295
183231.4531250000,-88.4270324707
183653.8125000000,-88.4408721924
184077.1406250000,-88.4605712891
184501.4531250000,-88.4926834106
184926.9531250000,-88.5249557495
185353.2187500000,-88.5692596436
185780.4687500000,-88.6329650879
186208.7031250000,-88.6819686890
186637.9375000000,-88.7116775513
187068.1406250000,-88.7509765625
187499.3437500000,-88.8228530884
187931.7500000000,-88.8802185059
188364.9531250000,-88.9265213013
188799.1406250000,-88.9720382690
189234.3437500000,-88.9984436035
189670.5312500000,-89.0176696777
190107.7500000000,-89.0289535522
190546.1562500000,-89.0302734375
190985.3906250000,-89.0398178101
191425.6250000000,-89.0682983398
191866.8750000000,-89.1167068481
192309.1406250000,-89.1468505859
192752.4218750000,-89.1542282104
193196.7343750000,-89.1633453369
193642.2812500000,-89.2011718750
194088.6406250000,-89.2428665161
194536.0312500000,-89.2571792603
194984.4375000000,-89.2580184937
195433.8906250000,-89.2686843872
195884.3906250000,-89.3033142090
196336.1250000000,-89.3065567017
196788.7031250000,-89.3166351318
197242.3125000000,-89.3324050903
197696.9687500000,-89.3784484863
198152.6718750000,-89.4490432739
198609.4218750000,-89.4544525146
199067.2343750000,-89.4639434814
199526.3125000000,-89.4820098877
199986.2343750000,-89.4874725342
200447.2187500000,-89.5225372314
200909.2656250000,-89.5276565552
201372.3750000000,-89.5567398071
201836.5625000000,-89.5607757568
202302.0312500000,-89.5792541504
202768.3437500000,-89.6923904419
203235.7343750000,-89.7831726074
203704.2187500000,-89.8236846924
204173.7656250000,-89.8387756348
204644.4062500000,-89.8439865112
205116.1250000000,-89.8619461060
205589.1562500000,-89.9106445313
206063.0468750000,-89.9452819824
206538.0468750000,-89.9652862549
207014.1250000000,-89.9719467163
207491.3125000000,-89.9974288940
207969.5937500000,-90.0117874146
208448.9843750000,-90.0179672241
208929.7031250000,-90.0369720459
209411.2968750000,-90.0382003784
209894.0000000000,-90.1184768677
210377.8281250000,-90.1768646240
210862.7500000000,-90.2013549805
211348.8125000000,-90.2082366943
211836.2187500000,-90.2459945679
212324.5156250000,-90.2632598877
212813.9375000000,-90.2853546143
213304.4843750000,-90.3014297485
213796.1718750000,-90.3788604736
214288.9843750000,-90.4632568359
214782.9375000000,-90.5131759644
215278.2656250000,-90.5373229980
215774.5000000000,-90.5426177979
216271.8750000000,-90.5497894287
216770.3906250000,-90.5958633423
217270.0625000000,-90.6029281616
217770.8906250000,-90.6257629395
218273.1093750000,-90.6483154297
218776.2343750000,-90.6550750732
219280.5312500000,-90.7237167358
219785.9843750000,-90.7927322388
220292.6093750000,-90.8059692383
220800.4062500000,-90.8245315552
221309.3593750000,-90.8298645020
221819.7343750000,-90.8323516846
222331.0468750000,-90.8373031616
222843.5468750000,-90.8451690674
223357.2031250000,-90.8641510010
223872.0625000000,-90.9062423706
224388.1093750000,-90.9471817017
224905.5781250000,-90.9524993896
225424.0000000000,-91.0379714966
225943.6250000000,-91.0427017212
226464.4375000000,-91.0795745850
226986.4531250000,-91.2286224365
227509.6718750000,-91.2706680298
228034.1093750000,-91.2776412964
228559.9843750000,-91.2859954834
229086.8281250000,-91.2914352417
229614.8906250000,-91.3000793457
230144.1718750000,-91.3281936646
230674.6718750000,-91.3562469482
231206.3906250000,-91.3818359375
231739.3437500000,-91.3824310303
232273.7812500000,-91.3824539185
232809.1875000000,-91.3847885132
233345.8281250000,-91.3977355957
233883.7031250000,-91.4029388428
234422.8125000000,-91.4052505493
234963.1875000000,-91.4103622437
235505.0468750000,-91.4109573364
236047.9062500000,-91.4143295288
236592.0156250000,-91.4184036255
237137.3750000000,-91.4216308594
237683.9843750000,-91.5314254761
238231.8750000000,-91.7073516846
238781.0156250000,-91.7276840210
239331.6718750000,-91.7298889160
239883.3593750000,-91.7406845093
240436.2968750000,-91.7889404297
240990.5312500000,-91.7926483154
241546.0312500000,-91.8410415649
242102.8125000000,-91.8800735474
242661.1406250000,-91.8947296143
243220.4843750000,-91.9247970581
243781.1250000000,-91.9572372437
244343.0625000000,-91.9720535278
244906.2968750000,-91.9910964966
245470.8125000000,-92.0556640625
246036.6406250000,-92.1131591797
246604.0468750000,-92.1576232910
247172.4843750000,-92.2035827637
247742.2343750000,-92.2583389282
248313.2968750000,-92.3188018799
248885.6718750000,-92.3734817505
249459.3750000000,-92.3981170654
250034.4062500000,-92.4126358032
250611.0156250000,-92.4545822144
251188.7031250000,-92.4555587769
251767.7031250000,-92.4597930908
252348.0468750000,-92.4617919922
252929.7343750000,-92.4644775391
253512.7500000000,-92.4805145264
254097.3906250000,-92.4866867065
254683.1093750000,-92.4986877441
255270.1718750000,-92.5116577148
255858.5781250000,-92.5281600952
256448.3593750000,-92.5579452515
257039.4843750000,-92.5718002319
257631.9843750000,-92.5983047485
258226.1250000000,-92.5995407104
258821.3593750000,-92.6091003418
259417.9531250000,-92.6769561768
260015.9375000000,-92.7752532959
260615.2812500000,-92.8294677734
261216.0312500000,-92.8735046387
261818.4375000000,-92.9553833008
262421.9375000000,-92.9810714722
263026.8437500000,-93.0021972656
263633.1562500000,-93.0532226563
264240.8437500000,-93.0617523193
264849.9375000000,-93.0949859619
265460.4375000000,-93.1023788452
266072.6250000000,-93.1103591919
266685.9375000000,-93.1223907471
267300.6562500000,-93.1267547607
267916.8125000000,-93.1622314453
268534.3750000000,-93.1701431274
269153.3750000000,-93.1818084717
269774.0937500000,-93.1973495483
270395.9375000000,-93.2319488525
271019.2187500000,-93.2652435303
271643.9375000000,-93.3245773315
272270.0937500000,-93.3569717407
272897.6875000000,-93.3636245728
273526.7500000000,-93.3928146362
274157.5312500000,-93.4440460205
274789.5000000000,-93.4497146606
275422.9062500000,-93.4716644287
276057.7812500000,-93.4862976074
276694.0937500000,-93.4867401123
277331.9062500000,-93.4892730713
277971.1875000000,-93.4917221069
278612.2187500000,-93.5368576050
279254.4375000000,-93.5412521362
279898.1562500000,-93.5810317993
280543.3437500000,-93.6281509399
281190.0000000000,-93.8080902100
281838.1562500000,-93.9194869995
282488.1250000000,-93.9458236694
283139.2812500000,-93.9506759644
283791.9375000000,-93.9758071899
284446.0937500000,-93.9863357544
285101.7812500000,-93.9873733521
285758.9687500000,-93.9916915894
286417.6562500000,-93.9935150146
287078.1875000000,-94.0235748291
287739.9062500000,-94.0545959473
288403.1875000000,-94.0777206421
289067.9687500000,-94.0783157349
289734.2812500000,-94.1072463989
290402.1562500000,-94.1149291992
291071.8750000000,-94.1760559082
291742.8125000000,-94.1962966919
292415.2812500000,-94.2494888306
293089.3437500000,-94.3083267212
293764.9062500000,-94.3237152100
294442.0625000000,-94.3379745483
295120.7812500000,-94.3821640015
295801.3750000000,-94.4630050659
296483.2187500000,-94.5815658569
297166.6250000000,-94.6141357422
297851.6250000000,-94.6149749756
298538.1875000000,-94.6153717041
299226.3437500000,-94.6227798462
299916.4062500000,-94.6250381470
300607.7500000000,-94.6352310181
301300.6562500000,-94.6439895630
301995.1875000000,-94.6466674805
302691.3125000000,-94.6589431763
303389.0312500000,-94.6776733398
304088.3750000000,-94.7130432129
304789.6562500000,-94.7464599609
305492.2187500000,-94.7722473145
306196.3750000000,-94.7873458862
306902.1875000000,-94.7875289917
307609.6250000000,-94.7887420654
308318.6875000000,-94.7904510498
309029.3750000000,-94.7921981812
309742.0625000000,-94.7981185913
310456.0312500000,-94.8179855347
311171.6562500000,-94.8478698730
311888.9375000000,-94.8866043091
312607.8437500000,-94.9316787720
313328.4375000000,-94.9791107178
314051.0312500000,-95.0237045288
314774.9375000000,-95.0601119995
315500.5000000000,-95.0823059082
316227.7812500000,-95.0827865601
316956.6875000000,-95.0845947266
317687.3125000000,-95.0861434937
318419.5937500000,-95.0883636475
319153.9375000000,-95.0923767090
319889.5937500000,-95.0962448120
320626.9687500000,-95.0973587036
321366.0312500000,-95.0997772217
322106.8125000000,-95.1185684204
322849.2812500000,-95.1470184326
323593.8125000000,-95.1872482300
324339.7187500000,-95.2398147583
325087.3750000000,-95.3028411865
325836.7187500000,-95.3717193604
326587.7812500000,-95.4397888184
327340.5937500000,-95.4995422363
328095.1250000000,-95.5275955200
328851.7812500000,-95.5329208374
329609.8125000000,-95.5401916504
330369.5937500000,-95.5443115234
331131.0937500000,-95.5488052368
331894.3750000000,-95.5664138794
332659.4375000000,-95.5699234009
333426.2187500000,-95.5738067627
334195.1562500000,-95.5759887695
334965.5000000000,-95.6267547607
335737.6250000000,-95.6926651001
336511.5312500000,-95.7614440918
337287.2187500000,-95.8212814331
338064.6875000000,-95.8214263916
338844.3125000000,-95.8271484375
339625.3750000000,-95.8329925537
340408.2500000000,-95.8532028198
341192.9062500000,-95.8544158936
341979.3750000000,-95.8624801636
342767.6562500000,-95.8738937378
343557.7812500000,-95.8793716431
344350.0625000000,-95.8972091675
345143.8125000000,-95.9539642334
345939.4062500000,-96.0174942017
346736.8125000000,-96.0829086304
347536.0625000000,-96.1786422729
348337.1562500000,-96.2718353271
349140.5000000000,-96.3334197998
349945.2812500000,-96.3949966431
350751.9375000000,-96.4549255371
351560.4375000000,-96.5093841553
352370.8125000000,-96.5095672607
353183.0625000000,-96.5153808594
353997.1562500000,-96.5243606567
354813.5312500000,-96.5362319946
355631.4062500000,-96.5538253784
356451.1562500000,-96.5626296997
357272.8125000000,-96.5825653076
358096.3437500000,-96.5842895508
358921.7812500000,-96.5904846191
359749.5312500000,-96.5925750732
360578.7812500000,-96.6897354126
361409.9375000000,-96.7651672363
362243.0000000000,-96.8373260498
363078.0000000000,-96.8998413086
363914.9375000000,-96.9141311646
364753.7812500000,-96.9164733887
365594.9687500000,-96.9262390137
366437.6875000000,-96.9457778931
367282.3437500000,-96.9491043091
368128.9687500000,-96.9579849243
368977.5312500000,-96.9663009644
369828.0312500000,-96.9839935303
370680.5312500000,-96.9841690063
371535.3750000000,-96.9978637695
372391.7812500000,-97.0060729980
373250.1875000000,-97.0121002197
374110.5625000000,-97.0169296265
374972.9062500000,-97.0193328857
375837.2500000000,-97.0317077637
376703.9687500000,-97.0891647339
377572.3125000000,-97.1408843994
378442.6562500000,-97.1804809570
379314.9687500000,-97.2070312500
380189.3437500000,-97.2247619629
381065.6875000000,-97.2507095337
381944.0625000000,-97.2889251709
382824.9062500000,-97.3240585327
383707.3437500000,-97.3619842529
384591.8125000000,-97.3940887451
385478.3125000000,-97.3964691162
386366.8750000000,-97.3996887207
387257.5000000000,-97.4031600952
388150.5625000000,-97.4183120728
389045.2812500000,-97.4214172363
389942.0625000000,-97.4260711670
390840.9062500000,-97.4317626953
391741.8125000000,-97.5094451904
392644.8125000000,-97.6239624023
393549.8750000000,-97.7033309937
394457.4687500000,-97.7695999146
395366.7187500000,-97.7864990234
396278.0937500000,-97.8010940552
397191.5312500000,-97.8023376465
398107.0937500000,-97.8138275146
399024.7500000000,-97.8206787109
399944.9687500000,-97.8216400146
400866.8750000000,-97.8218231201
401790.9062500000,-97.8271560669
402717.0625000000,-97.8310012817
403645.3437500000,-97.8344116211
404575.7812500000,-97.8357772827
405508.3437500000,-97.8407821655
406443.5312500000,-97.8479309082
407380.4062500000,-97.8520202637
408319.4375000000,-97.8821182251
409260.6562500000,-97.9589157104
410204.0312500000,-98.0260696411
411149.5625000000,-98.0593566895
412097.3125000000,-98.0863494873
413047.6562500000,-98.1246795654
413999.7812500000,-98.1678161621
414954.0625000000,-98.2006835938
415910.5625000000,-98.2362365723
416869.2812500000,-98.2960815430
417830.1875000000,-98.3646926880
418793.7812500000,-98.4158782959
419759.1250000000,-98.4686737061
420726.6875000000,-98.5427551270
421696.5000000000,-98.6045913696
422668.5312500000,-98.6348114014
423642.8125000000,-98.6565856934
424619.3437500000,-98.6756057739
425598.5937500000,-98.6872482300
426579.6250000000,-98.6954727173
427562.9375000000,-98.7156295776
428548.5000000000,-98.7422485352
429536.3125000000,-98.7591094971
430526.4375000000,-98.7712554932
431519.3125000000,-98.7821044922
432514.0000000000,-98.7988967896
433510.9687500000,-98.8259277344
434510.2500000000,-98.9021224976
435511.8125000000,-99.0085144043
436515.6875000000,-99.0872421265
437521.9062500000,-99.1672439575
438530.9062500000,-99.1705093384
439541.7500000000,-99.1896209717
440554.9062500000,-99.1993484497
441570.4375000000,-99.2260208130
442588.2812500000,-99.2450485229
443608.4687500000,-99.2607498169
444631.0312500000,-99.2706985474
445656.4062500000,-99.2842483521
446683.6875000000,-99.2895736694
447713.3125000000,-99.3224105835
448745.3437500000,-99.3973541260
449779.7187500000,-99.4942779541
450816.5000000000,-99.5625686646
451856.1562500000,-99.5898818970
452897.7187500000,-99.6185150146
453941.6875000000,-99.6382446289
454988.0625000000,-99.6449279785
456036.8437500000,-99.6478195190
457088.0312500000,-99.6506881714
458141.6562500000,-99.6688308716
459198.1875000000,-99.6746978760
460256.6875000000,-99.6856613159
461317.6250000000,-99.7039566040
462380.9687500000,-99.7137603760
463446.8125000000,-99.7250213623
464515.0937500000,-99.7371368408
465586.3437500000,-99.7410812378
466659.5312500000,-99.7449417114
467735.2187500000,-99.7532653809
468813.3750000000,-99.7717361450
469894.0312500000,-99.7928161621
470977.1875000000,-99.8059082031
472062.8125000000,-99.8210449219
473151.4687500000,-99.8357315063
474242.1250000000,-99.8602523804
475335.2812500000,-99.8702850342
476430.9687500000,-99.8771438599
477529.1562500000,-99.8774032593
478629.9062500000,-99.8781509399
479733.7187500000,-99.9125671387
480839.5312500000,-99.9547195435
481947.9062500000,-100.0389099121
483058.8125000000,-100.1348495483
484172.3125000000,-100.2315368652
485288.3437500000,-100.3186035156
486406.9687500000,-100.3685989380
487528.7187500000,-100.3712387085
488652.5000000000,-100.3796920776
489778.8750000000,-100.3907546997
490907.8437500000,-100.3941497803
492039.4375000000,-100.4103240967
493173.6250000000,-100.4123458862
494310.4375000000,-100.4346008301
495450.3750000000,-100.4750061035
496592.4375000000,-100.5058898926
497737.1250000000,-100.5085296631
498884.4375000000,-100.5192794800
500034.4062500000,-100.5227890015
501187.0000000000,-100.5264358521
502342.8437500000,-100.5435638428
503500.7812500000,-100.5456237793
504661.3750000000,-100.5561141968
505824.6562500000,-100.5593719482
506990.6250000000,-100.5700683594
508159.2812500000,-100.6447906494
509330.6250000000,-100.7266235352
510505.2187500000,-100.7996520996
511681.9687500000,-100.8551330566
512861.4375000000,-100.8977508545
514043.6250000000,-100.9292755127
515228.5312500000,-100.9665222168
516416.1562500000,-100.9821853638
517607.0937500000,-100.9925308228
518800.2187500000,-100.9927902222
519996.0937500000,-100.9956588745
521194.7187500000,-101.0076446533
522396.1250000000,-101.0083236694
523600.2812500000,-101.0317001343
524807.1875000000,-101.0414810181
526017.5000000000,-101.0418853760
527230.0000000000,-101.0456161499
528445.3125000000,-101.0731811523
529663.4375000000,-101.0783309937
530884.3125000000,-101.0791091919
532108.0625000000,-101.0951004028
533335.1875000000,-101.0974655151
534564.5625000000,-101.1306533813
535796.7500000000,-101.2197952271
537031.8125000000,-101.2950363159
538269.6875000000,-101.3686523438
539510.4375000000,-101.4359741211
540754.0625000000,-101.4944229126
542001.1250000000,-101.5615539551
543250.5000000000,-101.5982437134
544502.7500000000,-101.6095962524
545757.8750000000,-101.6117477417
547015.8750000000,-101.6170425415
548276.7500000000,-101.6538085938
549540.5625000000,-101.7194519043
550807.9375000000,-101.7194976807
552077.5625000000,-101.7247467041
553350.1250000000,-101.7273178101
554625.6875000000,-101.7375411987
555904.1250000000,-101.7461471558
557185.5000000000,-101.7479782104
558470.5000000000,-101.7503662109
559757.8125000000,-101.7579956055
561048.0625000000,-101.7970199585
562341.3125000000,-101.8560638428
563637.5625000000,-101.8999328613
564936.8125000000,-101.9347305298
566239.0000000000,-101.9391174316
567544.8750000000,-101.9446945190
568853.0625000000,-102.0432357788
570164.3125000000,-102.0676574707
571478.6250000000,-102.0748138428
572795.8750000000,-102.1140823364
574116.2500000000,-102.1311874390
575440.2500000000,-102.2323684692
576766.6875000000,-102.2455596924
578096.1875000000,-102.2457962036
579428.6875000000,-102.2573089600
580764.3125000000,-102.2821807861
582103.0625000000,-102.2896575928
583444.8125000000,-102.3320388794
584790.3750000000,-102.3497390747
586138.3125000000,-102.3598861694
587489.4375000000,-102.3727798462
588843.6250000000,-102.3893508911
590200.9375000000,-102.4180603027
591561.4375000000,-102.4530181885
592925.0000000000,-102.4894866943
594292.3750000000,-102.5338058472
595662.2500000000,-102.5687942505
597035.3125000000,-102.5823211670
598411.5000000000,-102.5857543945
599790.9375000000,-102.5970993042
601173.4375000000,-102.6097488403
602559.8750000000,-102.6142807007
603948.8125000000,-102.6529846191
605340.9375000000,-102.6593856812
606736.3125000000,-102.7217788696
608134.8750000000,-102.7363281250
609536.6875000000,-102.7398376465
610941.6875000000,-102.7503433228
612350.6250000000,-102.7542037964
613762.1250000000,-102.7616500854
615176.9375000000,-102.7758865356
616594.9375000000,-102.8073959351
618016.2500000000,-102.8234329224
619440.8125000000,-102.8263397217
620869.3750000000,-102.8999404907
622300.5000000000,-102.9562759399
623734.9375000000,-102.9920654297
625172.6875000000,-103.0281219482
626613.7500000000,-103.0831298828
628058.1250000000,-103.1557846069
629505.8750000000,-103.2358016968
630957.6250000000,-103.2713699341
632412.0000000000,-103.2783508301
633869.7500000000,-103.2840652466
635330.8750000000,-103.2940063477
636795.3750000000,-103.3115692139
638263.2500000000,-103.3118286133
639735.1875000000,-103.3399734497
641209.8125000000,-103.3535614014
642687.8750000000,-103.3661422729
644169.3125000000,-103.3691864014
645654.1250000000,-103.4567489624
647142.4375000000,-103.4650421143
648634.1250000000,-103.4669952393
650130.0000000000,-103.4981384277
651628.5625000000,-103.4982986450
653130.6250000000,-103.5565414429
654636.1250000000,-103.5686035156
656145.1250000000,-103.5939025879
657657.6250000000,-103.6324234009
659173.5625000000,-103.6600265503
660693.6875000000,-103.6829910278
662216.6250000000,-103.7120590210
663743.1250000000,-103.7137527466
665273.0625000000,-103.7255706787
666806.5625000000,-103.7496490479
668343.6250000000,-103.7906875610
669884.9375000000,-103.7964553833
671429.0625000000,-103.7984008789
672976.7500000000,-103.9136962891
674528.0000000000,-103.9611206055
676082.8750000000,-103.9649276733
677641.2500000000,-103.9884796143
679203.3125000000,-103.9990310669
680769.6250000000,-104.0096511841
682338.8750000000,-104.0177001953
683911.6875000000,-104.0382766724
685488.1875000000,-104.0684890747
687068.2500000000,-104.1414947510
688652.0000000000,-104.2194671631
690240.1875000000,-104.3041229248
691831.1875000000,-104.3618927002
693425.9375000000,-104.3784332275
695024.3125000000,-104.4003982544
696626.4375000000,-104.4496231079
698232.1875000000,-104.4796218872
699841.6875000000,-104.4957656860
701455.6250000000,-104.5217666626
703072.5000000000,-104.5508499146
704693.1250000000,-104.5723266602
706317.5000000000,-104.5809783936
707945.6250000000,-104.6078109741
709577.5000000000,-104.6362457275
711213.8750000000,-104.6601943970
712853.3125000000,-104.6776199341
714496.5000000000,-104.6885681152
716143.4375000000,-104.7055511475
717794.1875000000,-104.7094268799
719448.7500000000,-104.7362213135
721107.1250000000,-104.7390136719
722770.1250000000,-104.7396621704
724436.1875000000,-104.7455139160
726106.0625000000,-104.7476348877
727779.8125000000,-104.7490615845
729457.3750000000,-104.7510452271
731138.8125000000,-104.7551651001
732824.1250000000,-104.7730941772
734514.1875000000,-104.7757949829
736207.2500000000,-104.8407440186
737904.3125000000,-104.9740219116
739605.1875000000,-105.0084152222
741310.0625000000,-105.0338592529
743018.8125000000,-105.0554428101
744732.3750000000,-105.0741348267
746449.0000000000,-105.1479110718
748169.6250000000,-105.1515808105
749894.1875000000,-105.1534729004
751622.7500000000,-105.1559829712
753355.3125000000,-105.1673736572
755091.8750000000,-105.1691894531
756833.2500000000,-105.1956558228
758577.7500000000,-105.2857971191
760326.3750000000,-105.3364944458
762078.9375000000,-105.3369140625
763835.6250000000,-105.3417816162
765596.3125000000,-105.3421478271
767361.8750000000,-105.3436813354
769130.6875000000,-105.3500442505
770903.6250000000,-105.3513717651
772680.6250000000,-105.3541564941
774461.6875000000,-105.4054031372
776246.8750000000,-105.5487670898
778036.1875000000,-105.7134246826
779830.4375000000,-105.7155075073
781628.0000000000,-105.7573165894
783429.7500000000,-105.7641677856
785235.6250000000,-105.7668228149
787045.6250000000,-105.7760009766
788859.8125000000,-105.8212966919
790678.1875000000,-105.8394165039
792501.6250000000,-105.8612365723
794328.4375000000,-105.8733978271
796159.3750000000,-105.8781967163
797994.6250000000,-105.8827514648
799834.0000000000,-105.8973846436
801677.6875000000,-105.9016799927
803526.5000000000,-105.9072341919
805378.6875000000,-105.9125976563
807235.1250000000,-105.9222869873
809095.8750000000,-105.9514312744
810960.9375000000,-105.9566497803
812830.2500000000,-105.9794769287
814703.8750000000,-105.9877853394
816582.6875000000,-105.9970626831
818465.0000000000,-106.1187438965
820351.6250000000,-106.1335754395
822242.5625000000,-106.1504364014
824137.8750000000,-106.1525650024
826037.6250000000,-106.1892547607
827942.5625000000,-106.1945343018
829851.0625000000,-106.2093124390
831763.9375000000,-106.2514266968
833681.1875000000,-106.2555694580
835602.8750000000,-106.2624588013
837529.0000000000,-106.2706146240
839459.5625000000,-106.2938690186
841395.5000000000,-106.3193054199
843335.0000000000,-106.3389282227
845278.9375000000,-106.3464431763
847227.3750000000,-106.4424438477
849180.2500000000,-106.4443206787
851137.6875000000,-106.4714355469
853100.5625000000,-106.4976730347
855067.0000000000,-106.5059738159
857038.0000000000,-106.5878601074
859013.5625000000,-106.6017227173
860993.6250000000,-106.6223678589
862978.3125000000,-106.6383209229
864967.5000000000,-106.6464538574
866962.2500000000,-106.6658477783
868960.6875000000,-106.6783370972
870963.6875000000,-106.6918563843
872971.3125000000,-106.7021408081
874983.6250000000,-106.7107849121
877000.5000000000,-106.7329940796
879022.0625000000,-106.7733383179
881049.2500000000,-106.8372573853
883080.1250000000,-106.9916915894
885115.6875000000,-107.0893249512
887155.9375000000,-107.1022796631
889200.8750000000,-107.1258392334
891250.5625000000,-107.1899795532
893305.9375000000,-107.2142639160
895365.0625000000,-107.2265014648
897428.9375000000,-107.2575225830
899497.5625000000,-107.2627029419
901571.0000000000,-107.2926940918
903649.1875000000,-107.3150177002
905732.1250000000,-107.3268280029
907820.9375000000,-107.3292846680
909913.5000000000,-107.4367675781
912010.9375000000,-107.4918136597
914113.1875000000,-107.4972457886
916220.2500000000,-107.5035629272
918332.1875000000,-107.5493316650
920450.0625000000,-107.5542221069
922571.7500000000,-107.5547256470
924698.3750000000,-107.6219253540
926829.8125000000,-107.6228713989
928966.2500000000,-107.6244735718
931107.5625000000,-107.6276626587
933253.8750000000,-107.6281585693
935406.0625000000,-107.6342468262
937562.2500000000,-107.6424560547
939723.4375000000,-107.7425308228
941889.5625000000,-107.7529220581
944060.6875000000,-107.7950820923
946236.8125000000,-107.8380966187
948419.0000000000,-107.8557205200
950605.1250000000,-107.8758544922
952796.3750000000,-107.9008255005
954992.6250000000,-107.9476547241
957193.9375000000,-107.9504089355
959400.3750000000,-107.9813079834
961611.8125000000,-107.9831771851
963829.5000000000,-107.9875793457
966051.1875000000,-107.9949645996
968278.0000000000,-108.0023040771
970509.9375000000,-108.0159606934
972747.0625000000,-108.0315628052
974989.3125000000,-108.0434341431
977236.6875000000,-108.0646133423
979490.3750000000,-108.0756454468
981748.1875000000,-108.0999145508
984011.1875000000,-108.1087493896
986279.3750000000,-108.1283645630
988552.8125000000,-108.1748580933
990831.5000000000,-108.2081527710
993116.5625000000,-108.2546691895
995405.7500000000,-108.3052139282
997700.2500000000,-108.3804855347
1000000.0000000000,-108.4167251587
1002305.0625000000,-108.4220275879
1004615.4375000000,-108.4242782593
1006931.1875000000,-108.4419937134
1009253.3125000000,-108.4423828125
1011579.7500000000,-108.4646072388
1013911.5000000000,-108.4785842896
1016248.6250000000,-108.4790649414
1018591.1250000000,-108.4801330566
1020939.0625000000,-108.5207214355
1023293.5625000000,-108.5620727539
1025652.3125000000,-108.5987472534
1028016.5000000000,-108.6245193481
1030386.1250000000,-108.6423950195
1032761.2500000000,-108.6587753296
1035141.8750000000,-108.6782684326
1037527.9375000000,-108.7064819336
1039920.6250000000,-108.7517242432
1042317.7500000000,-108.8081970215
1044720.3750000000,-108.8722610474
1047128.5000000000,-108.9396133423
1049542.2500000000,-109.0034637451
1051961.5000000000,-109.0553665161
1054386.3750000000,-109.0834426880
1056817.8750000000,-109.0854644775
1059254.0000000000,-109.0904769897
1061695.6250000000,-109.0941543579
1064142.8750000000,-109.0984497070
1066595.8750000000,-109.1024780273
1069054.3750000000,-109.1159591675
1071519.8750000000,-109.1189880371
1073989.7500000000,-109.1198501587
1076465.3750000000,-109.1271133423
1078946.7500000000,-109.1299743652
1081433.7500000000,-109.1486053467
1083926.5000000000,-109.1836929321
1086425.0000000000,-109.2243118286
1088930.5000000000,-109.2713546753
1091440.6250000000,-109.3221664429
1093956.5000000000,-109.3745651245
1096478.1250000000,-109.4255752563
1099005.5000000000,-109.4717636108
1101538.8750000000,-109.5089187622
1104079.1250000000,-109.5338516235
1106624.1250000000,-109.5496215820
1109175.0000000000,-109.5584945679
1111731.7500000000,-109.5629272461
1114294.3750000000,-109.5652542114
1116862.8750000000,-109.5673217773
1119437.3750000000,-109.5706863403
1122019.0000000000,-109.5761108398
1124605.2500000000,-109.5846099854
1127197.6250000000,-109.5973968506
1129795.8750000000,-109.6157531738
1132400.1250000000,-109.6407852173
1135010.3750000000,-109.6736984253
1137627.8750000000,-109.7127075195
1140250.2500000000,-109.7542343140
1142878.6250000000,-109.7951431274
1145513.0000000000,-109.8331069946
1148153.5000000000,-109.8674545288
1150800.0000000000,-109.8997192383
1153452.7500000000,-109.9336776733
1156112.7500000000,-109.9734878540
1158777.7500000000,-110.0177154541
1161448.7500000000,-110.0618820190
1164126.0000000000,-110.1004791260
1166809.3750000000,-110.1243896484
1169499.0000000000,-110.1293334961
1172194.7500000000,-110.1294250488
1174898.0000000000,-110.1332397461
1177606.2500000000,-110.1424484253
1180320.7500000000,-110.1473617554
1183041.3750000000,-110.1565017700
1185768.3750000000,-110.1570053101
1188501.7500000000,-110.1584930420
1191242.6250000000,-110.1626586914
1193988.5000000000,-110.1661911011
1196740.7500000000,-110.1671905518
1199499.2500000000,-110.1693496704
1202264.2500000000,-110.1988601685
1205035.5000000000,-110.2483978271
1207813.2500000000,-110.3008117676
1210598.6250000000,-110.3525543213
1213389.1250000000,-110.4023056030
1216186.1250000000,-110.4508743286
1218989.5000000000,-110.5000534058
1221799.3750000000,-110.5512313843
1224615.7500000000,-110.6038131714
1227439.8750000000,-110.6209030151
1230269.2500000000,-110.6247940063
1233105.0000000000,-110.6318054199
1235947.5000000000,-110.6412124634
1238796.3750000000,-110.6542587280
1241651.8750000000,-110.6578140259
1244514.0000000000,-110.6662597656
1247384.1250000000,-110.6943511963
1250259.3750000000,-110.6962890625
1253141.3750000000,-110.6967239380
1256029.8750000000,-110.7183380127
1258925.1250000000,-110.7231369019
1261827.0000000000,-110.7304763794
1264737.0000000000,-110.7435073853
1267652.3750000000,-110.7909240723
1270574.3750000000,-110.8314743042
1273503.1250000000,-110.8601074219
1276438.6250000000,-110.8767089844
1279380.8750000000,-110.8871612549
1282330.0000000000,-110.9017791748
1285287.2500000000,-110.9314727783
1288250.0000000000,-110.9827499390
1291219.5000000000,-111.0538711548
1294195.7500000000,-111.1339187622
1297179.0000000000,-111.1850509644
1300169.1250000000,-111.1850814819
1303166.1250000000,-111.2033004761
1306171.3750000000,-111.2055587769
1309182.2500000000,-111.2061157227
1312200.0000000000,-111.2323226929
1315224.7500000000,-111.2435684204
1318256.3750000000,-111.2545623779
1321295.1250000000,-111.2599945068
1324342.2500000000,-111.2714080811
1327394.8750000000,-111.2924194336
1330454.6250000000,-111.3360290527
1333521.3750000000,-111.3563766479
1336595.2500000000,-111.3590469360
1339676.2500000000,-111.3648681641
1342764.2500000000,-111.3689727783
1345860.8750000000,-111.3696899414
1348963.2500000000,-111.3744277954
1352072.7500000000,-111.4029006958
1355189.3750000000,-111.4549636841
1358313.1250000000,-111.5202865601
1361444.1250000000,-111.5894927979
1364583.8750000000,-111.6516799927
1367729.3750000000,-111.6986999512
1370882.0000000000,-111.7299118042
1374042.0000000000,-111.7534713745
1377209.2500000000,-111.7817077637
1380383.8750000000,-111.8232192993
1383565.7500000000,-111.8775939941
1386756.5000000000,-111.9370346069
1389953.0000000000,-111.9935379028
1393157.0000000000,-112.0703811646
1396368.2500000000,-112.1488876343
1399587.0000000000,-112.2024383545
1402813.1250000000,-112.2199554443
1406046.7500000000,-112.2256011963
1409289.3750000000,-112.2264633179
1412537.8750000000,-112.2417449951
1415793.8750000000,-112.2428817749
1419057.3750000000,-112.2485961914
1422328.3750000000,-112.2629699707
1425607.0000000000,-112.2648162842
1428894.6250000000,-112.2788009644
1432188.3750000000,-112.2815170288
1435489.6250000000,-112.2890319824
1438798.5000000000,-112.3020248413
1442115.1250000000,-112.3463516235
1445439.2500000000,-112.3843383789
1448771.1250000000,-112.4262161255
1452112.2500000000,-112.4635162354
1455459.5000000000,-112.4866867065
1458814.3750000000,-112.4885406494
1462177.0000000000,-112.4901504517
1465547.5000000000,-112.4925079346
1468925.6250000000,-112.5117034912
1472313.2500000000,-112.5902557373
1475707.0000000000,-112.6893768311
1479108.6250000000,-112.7214279175
1482518.1250000000,-112.7268600464
1485935.3750000000,-112.7285156250
1489360.6250000000,-112.7367401123
1492793.6250000000,-112.7409057617
1496236.3750000000,-112.7426376343
1499685.2500000000,-112.7435989380
1503142.1250000000,-112.7448806763
1506607.0000000000,-112.7463989258
1510079.7500000000,-112.7494964600
1513560.6250000000,-112.7518157959
1517051.1250000000,-112.7538223267
1520548.1250000000,-112.7610015869
1524053.0000000000,-112.7646179199
1527566.1250000000,-112.7723236084
1531087.2500000000,-112.7757797241
1534616.5000000000,-112.7773895264
1538153.8750000000,-112.8010711670
1541701.1250000000,-112.8362274170
1545254.8750000000,-112.8790206909
1548816.8750000000,-112.9547424316
1552387.0000000000,-113.0429840088
1555965.3750000000,-113.1097869873
1559551.8750000000,-113.1778411865
1563146.7500000000,-113.2397079468
1566751.7500000000,-113.2892074585
1570363.1250000000,-113.2922134399
1573983.0000000000,-113.3040161133
1577611.1250000000,-113.3064575195
1581247.6250000000,-113.3391113281
1584892.5000000000,-113.3459243774
1588547.5000000000,-113.3518981934
1592209.2500000000,-113.3757934570
1595879.3750000000,-113.3944320679
1599558.0000000000,-113.3950500488
1603245.1250000000,-113.4030532837
1606940.7500000000,-113.4371795654
1610644.8750000000,-113.5384140015
1614359.2500000000,-113.5984725952
1618080.5000000000,-113.6444625854
1621810.2500000000,-113.6689529419
1625548.6250000000,-113.6699447632
1629295.6250000000,-113.6733779907
1633051.2500000000,-113.6746902466
1636817.3750000000,-113.6796264648
1640590.3750000000,-113.6796875000
1644372.0000000000,-113.6827545166
1648162.3750000000,-113.6876449585
1651961.5000000000,-113.6900634766
1655769.5000000000,-113.6916809082
1659586.1250000000,-113.6946563721
1663413.3750000000,-113.6968460083
1667247.6250000000,-113.6980514526
1671090.7500000000,-113.7051315308
1674942.7500000000,-113.7495651245
1678803.6250000000,-113.8043518066
1682673.3750000000,-113.9227981567
1686554.0000000000,-113.9234161377
1690441.6250000000,-113.9332046509
1694338.1250000000,-113.9619827271
1698243.7500000000,-113.9707260132
1702158.2500000000,-114.0278015137
1706081.8750000000,-114.0445098877
1710014.5000000000,-114.0502548218
1713958.1250000000,-114.0694046021
1717908.8750000000,-114.0945205688
1721868.8750000000,-114.1042785645
1725837.8750000000,-114.1159286499
1729816.0000000000,-114.1580200195
1733803.3750000000,-114.1913604736
1737799.8750000000,-114.2463150024
1741807.6250000000,-114.2935333252
1745822.6250000000,-114.3142852783
1749846.7500000000,-114.3354034424
1753880.3750000000,-114.3606948853
1757923.1250000000,-114.3885574341
1761975.2500000000,-114.4287338257
1766038.7500000000,-114.4375686646
1770109.5000000000,-114.4442367554
1774189.7500000000,-114.4558715820
1778279.3750000000,-114.4760208130
1782378.5000000000,-114.4925537109
1786487.0000000000,-114.5020904541
1790605.0000000000,-114.5025177002
1794734.3750000000,-114.5297775269
1798871.3750000000,-114.5641555786
1803017.8750000000,-114.6083221436
1807174.0000000000,-114.6477737427
1811339.6250000000,-114.7005157471
1815514.8750000000,-114.7034225464
1819701.8750000000,-114.7158737183
1823896.3750000000,-114.7181472778
1828100.6250000000,-114.7361526489
1832314.5000000000,-114.7371673584
1836538.1250000000,-114.7630615234
1840771.3750000000,-114.8071746826
1845014.5000000000,-114.8790130615
1849269.5000000000,-114.9568939209
1853532.1250000000,-115.0371704102
1857804.6250000000,-115.0880966187
1862087.0000000000,-115.0982894897
1866379.2500000000,-115.1018676758
1870681.3750000000,-115.1130371094
1874993.5000000000,-115.1198348999
1879317.5000000000,-115.2031250000
1883649.5000000000,-115.2312850952
1887991.5000000000,-115.2529830933
1892343.3750000000,-115.2558212280
1896705.3750000000,-115.2809677124
1901077.3750000000,-115.2888412476
1905461.6250000000,-115.2969741821
1909853.8750000000,-115.2994613647
1914256.2500000000,-115.3096618652
1918668.7500000000,-115.3328094482
1923091.3750000000,-115.3515930176
1927524.2500000000,-115.3826446533
1931967.3750000000,-115.4068374634
1936422.7500000000,-115.4206771851
1940886.3750000000,-115.4322280884
1945360.2500000000,-115.4531326294
1949844.3750000000,-115.4540252686
1954339.0000000000,-115.4748382568
1958843.8750000000,-115.4850387573
1963361.2500000000,-115.4986419678
1967887.0000000000,-115.5023422241
1972423.1250000000,-115.5125503540
1976969.6250000000,-115.5146255493
1981526.7500000000,-115.5873565674
1986094.2500000000,-115.6032485962
1990672.3750000000,-115.6059112549
1995263.2500000000,-115.6250610352
1999862.3750000000,-115.6389389038
2004472.2500000000,-115.6788635254
2009092.7500000000,-115.6895065308
2013723.7500000000,-115.7017898560
2018365.6250000000,-115.7498703003
2023020.2500000000,-115.7755889893
2027683.5000000000,-115.8048095703
2032357.3750000000,-115.8080062866
2037042.1250000000,-115.8241882324
2041737.6250000000,-115.9258346558
2046444.0000000000,-116.0294189453
2051161.2500000000,-116.0419921875
2055891.5000000000,-116.0457534790
2060630.5000000000,-116.0738067627
2065380.3750000000,-116.0740432739
2070141.2500000000,-116.0984191895
2074913.1250000000,-116.1133728027
2079695.8750000000,-116.1332244873
2084489.7500000000,-116.1357269287
2089297.0000000000,-116.1517028809
2094112.8750000000,-116.1634216309
2098940.0000000000,-116.1749038696
2103778.2500000000,-116.1806259155
2108627.5000000000,-116.1834869385
2113488.0000000000,-116.1917266846
2118362.2500000000,-116.2181167603
2123245.2500000000,-116.2796249390
2128139.5000000000,-116.3171539307
2133045.0000000000,-116.3265838623
2137961.7500000000,-116.3473052979
2142889.7500000000,-116.3586425781
2147829.5000000000,-116.3732604980
2152782.7500000000,-116.4004821777
2157745.0000000000,-116.4201889038
2162718.7500000000,-116.4350357056
2167704.0000000000,-116.4624023438
2172700.7500000000,-116.4673614502
2177708.7500000000,-116.4700698853
2182731.0000000000,-116.5822219849
2187762.5000000000,-116.6849517822
2192805.2500000000,-116.7694549561
2197860.0000000000,-116.7749862671
2202926.2500000000,-116.7878494263
2208004.0000000000,-116.7958068848
2213093.7500000000,-116.8270874023
2218197.5000000000,-116.8464965820
2223310.5000000000,-116.8481140137
2228435.5000000000,-116.8520202637
2233572.0000000000,-116.8713912964
2238720.7500000000,-116.8714447021
2243881.0000000000,-116.8714523315
2249055.7500000000,-116.8792266846
2254240.0000000000,-116.8903350830
2259436.2500000000,-116.9251708984
2264644.5000000000,-117.0176086426
2269864.5000000000,-117.1022796631
2275096.7500000000,-117.1245727539
2280341.0000000000,-117.1495513916
2285600.0000000000,-117.1707382202
2290868.2500000000,-117.1732330322
2296149.0000000000,-117.1822052002
2301441.7500000000,-117.1930618286
2306746.7500000000,-117.2499542236
2312064.0000000000,-117.3013305664
2317393.5000000000,-117.3173904419
2322737.7500000000,-117.3186569214
2328091.7500000000,-117.3385391235
2333458.2500000000,-117.3427429199
2338837.0000000000,-117.4016265869
2344228.2500000000,-117.4046325684
2349631.7500000000,-117.4114227295
2355050.5000000000,-117.4191970825
2360479.0000000000,-117.4434509277
2365920.0000000000,-117.4728698730
2371373.7500000000,-117.4874877930
2376840.0000000000,-117.4944000244
2382318.7500000000,-117.5507583618
2387810.0000000000,-117.5607833862
2393316.7500000000,-117.5853271484
2398833.5000000000,-117.5977020264
2404363.0000000000,-117.6579284668
2409905.2500000000,-117.7977142334
2415460.2500000000,-117.9096145630
2421028.0000000000,-117.9155807495
2426611.2500000000,-117.9296493530
2432205.0000000000,-117.9378890991
2437811.2500000000,-117.9594345093
2443430.5000000000,-117.9631042480
2449063.0000000000,-117.9693679810
2454708.2500000000,-117.9694442749
2460366.5000000000,-117.9964218140
2466040.5000000000,-118.0064620972
2471724.7500000000,-118.0236663818
2477422.2500000000,-118.0375518799
2483133.0000000000,-118.0395126343
2488856.7500000000,-118.0415115356
2494593.7500000000,-118.0533828735
2500344.0000000000,-118.0614318848
2506110.2500000000,-118.0631637573
2511887.0000000000,-118.0651321411
2517677.0000000000,-118.0743484497
2523480.5000000000,-118.0793838501
2529297.2500000000,-118.0836944580
2535127.5000000000,-118.1033706665
2540974.0000000000,-118.1162185669
2546831.0000000000,-118.1260833740
2552701.7500000000,-118.1355514526
2558585.7500000000,-118.1461715698
2564483.5000000000,-118.1538619995
2570395.0000000000,-118.1541748047
2576319.7500000000,-118.1610641479
2582261.2500000000,-118.1899795532
2588213.5000000000,-118.2350997925
2594179.5000000000,-118.3112182617
2600159.2500000000,-118.4013442993
2606153.0000000000,-118.4889678955
2612160.2500000000,-118.5969467163
2618184.2500000000,-118.6749801636
2624219.5000000000,-118.7015609741
2630268.5000000000,-118.7059936523
2636331.5000000000,-118.7428741455
2642408.2500000000,-118.7570800781
2648499.2500000000,-118.7800064087
2654604.2500000000,-118.7821578979
2660726.2500000000,-118.7873458862
2666859.5000000000,-118.7904510498
2673006.7500000000,-118.7969741821
2679168.2500000000,-118.8079681396
2685343.7500000000,-118.8188323975
2691533.7500000000,-118.8212051392
2697741.0000000000,-118.8303833008
2703959.2500000000,-118.8475952148
2710192.2500000000,-118.8478240967
2716439.2500000000,-118.8777313232
2722701.0000000000,-118.8893966675
2728977.0000000000,-118.8904266357
2735267.5000000000,-118.8921051025
2741575.5000000000,-118.8926315308
2747895.0000000000,-118.9058761597
2754229.0000000000,-118.9189910889
2760577.7500000000,-118.9369659424
2766941.0000000000,-118.9486007690
2773319.0000000000,-118.9530792236
2779711.7500000000,-118.9717788696
2786122.2500000000,-119.0223846436
2792544.5000000000,-119.1155242920
2798981.5000000000,-119.2218475342
2805433.2500000000,-119.2313461304
2811900.0000000000,-119.2350082397
2818381.7500000000,-119.2923965454
2824881.2500000000,-119.3017578125
2831393.0000000000,-119.3057479858
2837919.5000000000,-119.3081436157
2844461.0000000000,-119.3152389526
2851017.7500000000,-119.3371429443
2857589.5000000000,-119.3487930298
2864176.5000000000,-119.3591537476
2870781.7500000000,-119.3911743164
2877399.2500000000,-119.3980484009
2884031.7500000000,-119.4204864502
2890679.7500000000,-119.4505691528
2897343.0000000000,-119.4653625488
2904021.5000000000,-119.5107574463
2910718.7500000000,-119.5227355957
2917428.0000000000,-119.5398330688
2924153.0000000000,-119.5519790649
2930893.2500000000,-119.5570068359
2937649.2500000000,-119.5577774048
2944420.7500000000,-119.6001815796
2951207.7500000000,-119.6149291992
2958013.7500000000,-119.7498779297
2964832.2500000000,-119.8193588257
2971666.2500000000,-119.8342742920
2978516.2500000000,-119.8444366455
2985382.0000000000,-119.8466949463
2992263.5000000000,-119.8643875122
2999164.2500000000,-119.8680496216
3006077.5000000000,-119.9119949341
3013006.7500000000,-119.9130630493
3019951.7500000000,-119.9170608521
3026913.0000000000,-119.9173889160
3033890.2500000000,-119.9207382202
3040883.7500000000,-119.9212951660
3047896.5000000000,-119.9338607788
3054922.0000000000,-119.9573745728
3061963.7500000000,-119.9895095825
3069022.0000000000,-120.0280990601
3076096.2500000000,-120.0692596436
3083186.7500000000,-120.1101150513
3090293.7500000000,-120.1489028931
3097420.5000000000,-120.1820678711
3104560.2500000000,-120.2094421387
3111716.5000000000,-120.2322082520
3118889.2500000000,-120.2491531372
3126078.5000000000,-120.2653198242
3133284.5000000000,-120.2828903198
3140510.2500000000,-120.3046951294
3147749.2500000000,-120.3315124512
3155005.2500000000,-120.3654937744
3162277.7500000000,-120.4017410278
3169567.0000000000,-120.4393920898
3176873.0000000000,-120.4742507935
3184196.0000000000,-120.5052032471
3191539.2500000000,-120.5297546387
3198896.0000000000,-120.5517120361
3206269.7500000000,-120.5691909790
3213660.2500000000,-120.5861816406
3221068.0000000000,-120.6025314331
3228492.7500000000,-120.6189804077
3235938.2500000000,-120.6354751587
3243397.2500000000,-120.6520385742
3250873.5000000000,-120.6688156128
3258367.0000000000,-120.6858062744
3265877.7500000000,-120.7043762207
3273406.0000000000,-120.7242584229
3280951.2500000000,-120.7472991943
3288517.7500000000,-120.7741088867
3296098.0000000000,-120.8031158447
3303695.7500000000,-120.8350143433
3311311.0000000000,-120.8651275635
3318944.0000000000,-120.8927841187
3326594.2500000000,-120.9128723145
3334262.2500000000,-120.9296722412
3341951.7500000000,-120.9409255981
3349655.2500000000,-120.9510650635
3357376.2500000000,-120.9607162476
3365115.2500000000,-120.9723815918
3372872.2500000000,-120.9866027832
3380646.7500000000,-121.0035858154
3388443.2500000000,-121.0293731689
3396253.7500000000,-121.0601196289
3404082.5000000000,-121.0986328125
3411929.0000000000,-121.1434936523
3419793.7500000000,-121.1901626587
3427676.7500000000,-121.2370681763
3435577.7500000000,-121.2795028687
3443500.7500000000,-121.3185348511
3451438.2500000000,-121.3492736816
3459394.0000000000,-121.3747940063
3467368.2500000000,-121.3965682983
3475360.7500000000,-121.4143600464
3483371.7500000000,-121.4326782227
3491405.0000000000,-121.4515380859
3499452.7500000000,-121.4742736816
3507519.2500000000,-121.4988174438
3515604.5000000000,-121.5251235962
3523708.2500000000,-121.5517425537
3531830.5000000000,-121.5759048462
3539971.7500000000,-121.5975265503
3548135.5000000000,-121.6098709106
3556314.2500000000,-121.6185684204
3564511.7500000000,-121.6236648560
3572728.2500000000,-121.6316070557
3580963.5000000000,-121.6464767456
3589218.0000000000,-121.6683120728
3597495.2500000000,-121.7045669556
3605787.7500000000,-121.7452774048
3614099.2500000000,-121.7892761230
3622430.0000000000,-121.8322067261
3630780.0000000000,-121.8708343506
3639149.2500000000,-121.9054565430
3647537.7500000000,-121.9328994751
3655949.5000000000,-121.9548950195
3664376.7500000000,-121.9736557007
3672823.5000000000,-121.9895095825
3681289.5000000000,-122.0047302246
3689775.2500000000,-122.0195236206
3698280.5000000000,-122.0338363647
3706805.2500000000,-122.0464630127
3715353.7500000000,-122.0590515137
3723918.0000000000,-122.0719680786
3732501.7500000000,-122.0877380371
3741105.5000000000,-122.1051864624
3749729.0000000000,-122.1233215332
3758372.5000000000,-122.1410140991
3767039.7500000000,-122.1589508057
3775723.2500000000,-122.1795196533
3784426.5000000000,-122.2037353516
3793149.7500000000,-122.2362594604
3801893.2500000000,-122.2700119019
3810657.0000000000,-122.3025207520
3819440.7500000000,-122.3286056519
3828249.0000000000,-122.3449249268
3837073.5000000000,-122.3573913574
3845918.2500000000,-122.3678741455
3854783.2500000000,-122.3835372925
3863668.7500000000,-122.4072189331
3872574.7500000000,-122.4381408691
3881505.7500000000,-122.4768371582
3890452.7500000000,-122.5233001709
3899420.5000000000,-122.5711288452
3908409.0000000000,-122.6179351807
3917418.2500000000,-122.6590499878
3926448.0000000000,-122.6592254639
3935498.7500000000,-122.6603851318
3944574.7500000000,-122.6679306030
3953667.2500000000,-122.6685562134
3962780.7500000000,-122.6788635254
3971915.2500000000,-122.6857528687
3981070.7500000000,-122.6914443970
3990247.5000000000,-122.6917572021
3999449.7500000000,-122.6995544434
4008668.7500000000,-122.7012557983
4017909.0000000000,-122.7312850952
4027170.5000000000,-122.7931671143
4036453.5000000000,-122.8703842163
4045757.7500000000,-122.9467773438
4055083.5000000000,-123.0149536133
4064435.2500000000,-123.0656356812
4073804.0000000000,-123.0952453613
4083194.5000000000,-123.1194610596
4092606.5000000000,-123.1263732910
4102040.2500000000,-123.1265182495
4111495.7500000000,-123.1277923584
4120973.0000000000,-123.1294326782
4130476.7500000000,-123.1345214844
4139997.7500000000,-123.1400680542
4149540.7500000000,-123.1431732178
4159105.7500000000,-123.1491317749
4168692.7500000000,-123.1600112915
4178301.7500000000,-123.1703567505
4187937.7500000000,-123.1725006104
4197591.0000000000,-123.1891250610
4207267.0000000000,-123.1979141235
4216965.0000000000,-123.1993331909
4226685.5000000000,-123.2136840820
4236428.0000000000,-123.2142715454
4246193.5000000000,-123.2212066650
4255986.0000000000,-123.2466659546
4265796.5000000000,-123.2646636963
4275629.5000000000,-123.2773590088
4285485.0000000000,-123.2892074585
4295363.0000000000,-123.3093872070
4305264.5000000000,-123.3431091309
4315193.0000000000,-123.3882522583
4325140.0000000000,-123.4417648315
4335109.5000000000,-123.4996490479
4345102.5000000000,-123.5573425293
4355118.0000000000,-123.6110839844
4365157.0000000000,-123.6603393555
4375219.0000000000,-123.7039642334
4385309.0000000000,-123.7406387329
4395417.5000000000,-123.7689666748
4405549.0000000000,-123.7867736816
4415704.5000000000,-123.7954177856
4425883.0000000000,-123.7956314087
4436085.0000000000,-123.7968063354
4446310.5000000000,-123.7978591919
4456564.0000000000,-123.7980117798
4466837.0000000000,-123.8079910278
4477133.5000000000,-123.8252258301
4487453.5000000000,-123.8453521729
4497797.5000000000,-123.8648376465
4508165.0000000000,-123.8812942505
4518561.5000000000,-123.8944168091
4528977.0000000000,-123.9066696167
4539417.0000000000,-123.9256515503
4549880.5000000000,-123.9555435181
4560368.5000000000,-123.9936904907
4570880.5000000000,-124.0325088501
4581416.5000000000,-124.0634307861
4591982.0000000000,-124.0812683105
4602567.0000000000,-124.0882720947
4613176.0000000000,-124.0960998535
4623810.0000000000,-124.1168975830
4634468.0000000000,-124.1538467407
4645151.0000000000,-124.2058792114
4655863.5000000000,-124.2679901123
4666595.5000000000,-124.3321304321
4677352.0000000000,-124.3899459839
4688134.0000000000,-124.4368820190
4698940.5000000000,-124.4765319824
4709771.5000000000,-124.5183486938
4720628.0000000000,-124.5462493896
4731514.5000000000,-124.5569839478
4742421.0000000000,-124.5636901855
4753353.0000000000,-124.5870742798
4764309.5000000000,-124.5916290283
4775291.5000000000,-124.6059341431
4786299.0000000000,-124.6258010864
4797337.0000000000,-124.6350402832
4808395.5000000000,-124.6425018311
4819479.0000000000,-124.6751251221
4830588.0000000000,-124.6969070435
4841723.0000000000,-124.6977157593
4852883.5000000000,-124.7017669678
4864070.0000000000,-124.7098464966
4875287.0000000000,-124.7108764648
4886525.0000000000,-124.7317962646
4897789.0000000000,-124.7361373901
4909078.5000000000,-124.7740859985
4920394.5000000000,-124.7758102417
4931736.0000000000,-124.7874145508
4943104.0000000000,-124.8257293701
4954504.0000000000,-124.8373031616
4965924.5000000000,-124.8799362183
4977371.0000000000,-124.8887863159
4988844.5000000000,-124.9051208496
5000344.0000000000,-124.9295120239
5011870.0000000000,-124.9477005005
5023428.5000000000,-124.9502563477
5035007.5000000000,-124.9661331177
5046614.0000000000,-124.9879379272
5058246.5000000000,-125.0016784668
5069906.0000000000,-125.0188903809
5081592.5000000000,-125.0491333008
5093306.0000000000,-125.0944747925
5105052.0000000000,-125.1474456787
5116819.5000000000,-125.1577224731
5128614.5000000000,-125.1579818726
5140436.0000000000,-125.1733322144
5152285.0000000000,-125.1759719849
5164161.5000000000,-125.1938400269
5176071.0000000000,-125.1955261230
5188002.0000000000,-125.2063751221
5199961.0000000000,-125.2155303955
5211947.0000000000,-125.2212142944
5223961.0000000000,-125.2265625000
5236002.5000000000,-125.2436676025
5248072.0000000000,-125.2867431641
5260175.0000000000,-125.3357925415
5272300.0000000000,-125.3878860474
5284453.0000000000,-125.4379959106
5296634.0000000000,-125.4829025269
5308843.5000000000,-125.5271148682
5321080.5000000000,-125.5649642944
5333352.0000000000,-125.5699996948
5345645.5000000000,-125.5753021240
5357967.5000000000,-125.5911178589
5370318.0000000000,-125.6006927490
5382697.0000000000,-125.6079864502
5395104.5000000000,-125.6199417114
5407541.0000000000,-125.6275863647
5420011.5000000000,-125.6353759766
5432505.0000000000,-125.6503982544
5445027.5000000000,-125.6852874756
5457578.5000000000,-125.7143554688
5470158.5000000000,-125.7510604858
5482767.5000000000,-125.7963485718
5495406.0000000000,-125.7982330322
5508079.0000000000,-125.8122787476
5520775.5000000000,-125.8149795532
5533501.5000000000,-125.8307952881
5546256.5000000000,-125.8351974487
5559041.0000000000,-125.8653640747
5571855.0000000000,-125.9450759888
5584704.5000000000,-126.0610275269
5597578.0000000000,-126.0653076172
5610480.5000000000,-126.0663223267
5623413.5000000000,-126.0919876099
5636375.5000000000,-126.0921173096
5649368.0000000000,-126.1267166138
5662390.0000000000,-126.1349639893
5675448.5000000000,-126.1368179321
5688531.0000000000,-126.1522140503
5701643.5000000000,-126.1551666260
5714786.0000000000,-126.1610260010
5727959.0000000000,-126.1870880127
5741162.5000000000,-126.2358093262
5754402.5000000000,-126.2833023071
5767666.5000000000,-126.3536376953
5780961.5000000000,-126.4118423462
5794287.0000000000,-126.4240646362
5807643.5000000000,-126.4362335205
5821030.5000000000,-126.4371871948
5834448.5000000000,-126.4385910034
5847903.5000000000,-126.4549560547
5861383.5000000000,-126.4638748169
5874894.0000000000,-126.4652862549
5888436.5000000000,-126.4733505249
5902009.5000000000,-126.4856414795
5915614.0000000000,-126.4872055054
5929250.0000000000,-126.4877929688
5942924.0000000000,-126.5297393799
5956622.5000000000,-126.5961837769
5970353.0000000000,-126.6786651611
5984115.5000000000,-126.7487716675
5997909.0000000000,-126.7585601807
6011734.5000000000,-126.7985382080
6025599.0000000000,-126.8184661865
6039488.0000000000,-126.8431015015
6053409.5000000000,-126.8463211060
6067363.0000000000,-126.8616867065
6081349.0000000000,-126.8690719604
6095367.0000000000,-126.8695068359
6109417.0000000000,-126.8852539063
6123506.5000000000,-126.8931045532
6137621.5000000000,-126.9276275635
6151769.0000000000,-126.9306640625
6165949.5000000000,-126.9333724976
6180162.5000000000,-126.9474105835
6194408.0000000000,-126.9567871094
6208693.5000000000,-126.9707336426
6223005.0000000000,-127.0470046997
6237349.5000000000,-127.0662612915
6251727.0000000000,-127.0909347534
6266137.5000000000,-127.1320419312
6280581.5000000000,-127.1595916748
6295058.5000000000,-127.1624908447
6309576.0000000000,-127.1664276123
6324120.0000000000,-127.1821670532
6338698.0000000000,-127.2127609253
6353309.0000000000,-127.2684860229
6367954.0000000000,-127.2918167114
6382632.5000000000,-127.3037414551
6397352.0000000000,-127.3084869385
6412098.0000000000,-127.3150863647
6426878.5000000000,-127.3453292847
6441693.0000000000,-127.3521881104
6456541.5000000000,-127.3652801514
6471424.0000000000,-127.3843612671
6486341.5000000000,-127.4175643921
6501300.0000000000,-127.4213485718
6516286.0000000000,-127.4568710327
6531306.5000000000,-127.5174636841
6546361.5000000000,-127.5562820435
6561451.5000000000,-127.5647430420
6576576.0000000000,-127.5655441284
6591735.5000000000,-127.5811538696
6606937.0000000000,-127.6057434082
6622166.5000000000,-127.6112594604
6637431.0000000000,-127.6126403809
6652731.0000000000,-127.6229019165
6668066.0000000000,-127.6368255615
6683436.0000000000,-127.6606674194
6698849.5000000000,-127.6767120361
6714290.5000000000,-127.6819305420
6729767.5000000000,-127.6927337646
6745280.0000000000,-127.7204513550
6760828.5000000000,-127.7224807739
6776413.0000000000,-127.7269058228
6792033.0000000000,-127.7698974609
6807696.5000000000,-127.7915573120
6823388.5000000000,-127.7935409546
6839117.0000000000,-127.7957077026
6854881.5000000000,-127.9513473511
6870682.5000000000,-128.0457916260
6886520.0000000000,-128.1009216309
6902401.5000000000,-128.1192932129
6918312.0000000000,-128.1495971680
6934259.5000000000,-128.1551666260
6950243.5000000000,-128.1610565186
6966264.0000000000,-128.1614685059
6982322.0000000000,-128.1620635986
6998416.5000000000,-128.1693115234
7014556.0000000000,-128.1901092529
7030725.0000000000,-128.1942901611
7046931.5000000000,-128.1976776123
7063175.0000000000,-128.2013244629
7079456.5000000000,-128.2296905518
7095775.0000000000,-128.2438812256
7112139.0000000000,-128.2499084473
7128533.0000000000,-128.2538452148
7144965.0000000000,-128.2660980225
7161434.5000000000,-128.2842559814
7177942.0000000000,-128.3087921143
7194487.5000000000,-128.3382415771
7211071.5000000000,-128.3415069580
7227701.5000000000,-128.3749694824
7244362.0000000000,-128.3884277344
7261060.5000000000,-128.4063720703
7277798.0000000000,-128.4470367432
7294573.5000000000,-128.4647064209
7311388.0000000000,-128.5324401855
7328241.5000000000,-128.5463256836
7345141.5000000000,-128.5628662109
7362072.5000000000,-128.6214294434
7379043.0000000000,-128.6283264160
7396052.0000000000,-128.6657867432
7413100.5000000000,-128.6846313477
7430188.0000000000,-128.7019958496
7447323.5000000000,-128.7051696777
7464490.0000000000,-128.7115631104
7481696.5000000000,-128.7379760742
7498942.0000000000,-128.7469787598
7516227.5000000000,-128.7533264160
7533553.0000000000,-128.7697906494
7550918.5000000000,-128.7992706299
7568332.0000000000,-128.8132476807
7585777.5000000000,-128.8565979004
7603263.5000000000,-128.8629302979
7620789.5000000000,-128.8690643311
7638356.0000000000,-128.8768005371
7655963.0000000000,-128.9119873047
7673619.0000000000,-128.9130706787
7691307.0000000000,-129.0406494141
7709036.0000000000,-129.0459899902
7726806.0000000000,-129.0755004883
7744617.0000000000,-129.0996551514
7762469.0000000000,-129.1157379150
7780362.0000000000,-129.1348114014
7798304.5000000000,-129.1444702148
7816280.5000000000,-129.1474304199
7834297.5000000000,-129.1622772217
7852356.0000000000,-129.1809387207
7870456.0000000000,-129.1982879639
7888598.0000000000,-129.2327117920
7906782.0000000000,-129.3163452148
7925016.5000000000,-129.4318237305
7943284.0000000000,-129.4371643066
7961594.0000000000,-129.4403839111
7979946.0000000000,-129.4504547119
7998340.5000000000,-129.4626007080
8016777.0000000000,-129.4673461914
8035265.0000000000,-129.4761505127
8053787.0000000000,-129.4826354980
8072351.5000000000,-129.4835815430
8090959.0000000000,-129.4948730469
8109609.0000000000,-129.4991607666
8128302.5000000000,-129.5012359619
8147038.5000000000,-129.5196228027
8165827.0000000000,-129.5295562744
8184650.0000000000,-129.5524597168
8203516.0000000000,-129.5571441650
8222426.0000000000,-129.5661468506
8241379.0000000000,-129.5814361572
8260376.0000000000,-129.5869750977
8279426.0000000000,-129.5980834961
8298510.5000000000,-129.6037139893
8317639.0000000000,-129.6222686768
8336812.0000000000,-129.6248931885
8356029.0000000000,-129.6323699951
8375290.0000000000,-129.6517791748
8394596.0000000000,-129.6520996094
8413955.0000000000,-129.7068176270
8433350.0000000000,-129.7358551025
8452789.0000000000,-129.7498474121
8472274.0000000000,-129.8251953125
8491803.0000000000,-129.8527832031
8511377.0000000000,-129.8719024658
8531006.0000000000,-129.8863220215
8550670.0000000000,-129.9039916992
8570380.0000000000,-129.9108734131
8590136.0000000000,-130.0153198242
8609936.0000000000,-130.1015472412
8629783.0000000000,-130.1104583740
8649675.0000000000,-130.1642456055
8669623.0000000000,-130.1916503906
8689607.0000000000,-130.1934967041
8709637.0000000000,-130.1996917725
8729713.0000000000,-130.2183990479
8749836.0000000000,-130.2396850586
8770005.0000000000,-130.2496948242
8790220.0000000000,-130.2609558105
8810492.0000000000,-130.2961120605
8830801.0000000000,-130.3582458496
8851157.0000000000,-130.3670196533
8871559.0000000000,-130.3901367188
8892009.0000000000,-130.3919219971
8912505.0000000000,-130.4414978027
8933059.0000000000,-130.4539947510
8953651.0000000000,-130.4759979248
8974289.0000000000,-130.5190734863
8994976.0000000000,-130.5224761963
9015710.0000000000,-130.5416107178
9036492.0000000000,-130.5416412354
9057321.0000000000,-130.5472106934
9078209.0000000000,-130.5594024658
9099135.0000000000,-130.5994415283
9120109.0000000000,-130.6323699951
9141132.0000000000,-130.6390228271
9162203.0000000000,-130.6710968018
9183322.0000000000,-130.7294158936
9204500.0000000000,-130.7306976318
9225718.0000000000,-130.7678680420
9246983.0000000000,-130.8114776611
9268298.0000000000,-130.8708343506
9289662.0000000000,-130.9139251709
9311076.0000000000,-130.9190979004
9332538.0000000000,-130.9286346436
9354061.0000000000,-130.9313354492
9375623.0000000000,-130.9426879883
9397234.0000000000,-130.9449310303
9418895.0000000000,-130.9573974609
9440607.0000000000,-130.9649963379
9462368.0000000000,-131.0002136230
9484190.0000000000,-131.0358581543
9506052.0000000000,-131.0400543213
9527964.0000000000,-131.0783386230
9549926.0000000000,-131.2478485107
9571940.0000000000,-131.2940368652
9594004.0000000000,-131.2983856201
9616118.0000000000,-131.3371429443
9638295.0000000000,-131.3665161133
9660512.0000000000,-131.3860473633
9682780.0000000000,-131.4128875732
9705099.0000000000,-131.4245605469
9727470.0000000000,-131.4247894287
9749893.0000000000,-131.4529113770
9772367.0000000000,-131.4795227051
9794904.0000000000,-131.4942016602
9817482.0000000000,-131.5255584717
9840112.0000000000,-131.5810546875
9862794.0000000000,-131.6351165771
9885528.0000000000,-131.7136535645
9908315.0000000000,-131.7990875244
9931165.0000000000,-131.8655853271
9954057.0000000000,-131.8862762451
9977002.0000000000,-131.8925018311
10000000.0000000000,-131.9029388428
10023051.0000000000,-131.9361724854
10046155.0000000000,-131.9605865479
10069312.0000000000,-131.9774627686
10092533.0000000000,-132.0368347168
10115797.0000000000,-132.0442810059
10139115.0000000000,-132.0487976074
10162486.0000000000,-132.1136474609
10185911.0000000000,-132.1208648682
10209391.0000000000,-132.1346435547
10232935.0000000000,-132.1494140625
10256523.0000000000,-132.1635894775
10280165.0000000000,-132.1677093506
10303861.0000000000,-132.1775207520
10327613.0000000000,-132.1813201904
10351418.0000000000,-132.1992034912
10375279.0000000000,-132.1996307373
10399206.0000000000,-132.2200317383
10423177.0000000000,-132.2258148193
10447203.0000000000,-132.2285919189
10471285.0000000000,-132.2285919189
10495422.0000000000,-132.2285919189
10519615.0000000000,-132.2285919189
10543863.0000000000,-132.2285919189
10568179.0000000000,-132.2285919189
10592540.0000000000,-132.2285919189
10616956.0000000000,-132.2285919189
10641429.0000000000,-132.2412261963
10665958.0000000000,-132.2446899414
10690544.0000000000,-132.2446899414
10715198.0000000000,-132.2468414307
10739898.0000000000,-132.2605743408
10764654.0000000000,-132.2783813477
10789467.0000000000,-132.3008270264
10814338.0000000000,-132.3040771484
10839265.0000000000,-132.3197021484
10864251.0000000000,-132.3340148926
10889305.0000000000,-132.3540039063
10914406.0000000000,-132.3616333008
10939565.0000000000,-132.3766174316
10964781.0000000000,-132.3811798096
10990056.0000000000,-132.4056396484
11015388.0000000000,-132.4056396484
11040792.0000000000,-132.4056396484
11066242.0000000000,-132.4056396484
11091750.0000000000,-132.4056396484
11117317.0000000000,-132.4056396484
11142944.0000000000,-132.4056396484
11168629.0000000000,-132.4056396484
11194373.0000000000,-132.4966583252
11220189.0000000000,-132.6448211670
11246053.0000000000,-132.7857666016
11271976.0000000000,-132.8138580322
11297958.0000000000,-132.8164672852
11324001.0000000000,-132.8471069336
11350104.0000000000,-132.8895111084
11376279.0000000000,-132.9093017578
11402502.0000000000,-132.9252624512
11428786.0000000000,-132.9872589111
11455130.0000000000,-132.9941101074
11481535.0000000000,-133.0252532959
11508000.0000000000,-133.0732116699
11534527.0000000000,-133.1224975586
11561128.0000000000,-133.1815948486
11587777.0000000000,-133.1941680908
11614488.0000000000,-133.2143707275
11641260.0000000000,-133.2943725586
11668094.0000000000,-133.3109436035
11694990.0000000000,-133.4067382813
11721947.0000000000,-133.4217071533
11748980.0000000000,-133.4263458252
11776062.0000000000,-133.5343627930
11803207.0000000000,-133.5412597656
11830414.0000000000,-133.6278381348
11857684.0000000000,-133.6294250488
11885017.0000000000,-133.6528015137
11912426.0000000000,-133.6751861572
11939885.0000000000,-133.6751861572
11967407.0000000000,-133.6751861572
11994993.0000000000,-133.6751861572
12022642.0000000000,-133.6786041260
12050355.0000000000,-133.6838226318
12078132.0000000000,-133.7871093750
12105986.0000000000,-133.8265228271
12133892.0000000000,-133.8427124023
12161861.0000000000,-133.8427124023
12189895.0000000000,-133.8427124023
12217994.0000000000,-133.8427124023
12246157.0000000000,-133.8427124023
12274399.0000000000,-133.8427124023
12302692.0000000000,-133.8427124023
12331051.0000000000,-133.8427124023
12359475.0000000000,-133.8427124023
12387964.0000000000,-133.8427124023
12416519.0000000000,-133.8427124023
12445140.0000000000,-133.8427124023
12473841.0000000000,-133.8427124023
12502594.0000000000,-133.8427124023
12531413.0000000000,-133.8427124023
12560299.0000000000,-133.8427124023
12589251.0000000000,-133.8427124023
12618270.0000000000,-133.8427124023
12647370.0000000000,-133.8427124023
12676523.0000000000,-133.8427124023
12705744.0000000000,-133.8427124023
12735031.0000000000,-133.8427124023
12764387.0000000000,-133.8427124023
12793809.0000000000,-133.8427124023
12823300.0000000000,-133.8427124023
12852873.0000000000,-133.8427124023
12882499.0000000000,-133.8427124023
12912195.0000000000,-133.8427124023
12941958.0000000000,-133.8427124023
12971790.0000000000,-133.8427124023
13001691.0000000000,-133.8427124023
13031661.0000000000,-133.8427124023
13061714.0000000000,-133.8594207764
13091822.0000000000,-133.8858642578
13122000.0000000000,-133.9070739746
13152247.0000000000,-134.0269927979
13182564.0000000000,-134.5199737549
13212951.0000000000,-134.6803588867
13243422.0000000000,-134.7384033203
13273949.0000000000,-134.7806549072
13304546.0000000000,-134.9174499512
13335214.0000000000,-134.9866638184
13365953.0000000000,-134.9908752441
13396762.0000000000,-135.1150817871
13427643.0000000000,-135.1440582275
13458609.0000000000,-135.1506347656
13489632.0000000000,-135.2036590576
13520727.0000000000,-135.2632904053
13551893.0000000000,-135.2851257324
13583131.0000000000,-135.3068237305
13614441.0000000000,-135.3293304443
13645839.0000000000,-135.3860778809
13677293.0000000000,-135.4244995117
13708820.0000000000,-135.4285278320
13740420.0000000000,-135.6173095703
13772093.0000000000,-135.7307434082
13803838.0000000000,-135.7797851563
13835657.0000000000,-135.9093322754
13867565.0000000000,-135.9334411621
13899530.0000000000,-135.9436798096
13931570.0000000000,-135.9592285156
13963683.0000000000,-135.9592285156
13995870.0000000000,-135.9592285156
14028132.0000000000,-135.9592285156
14060468.0000000000,-135.9592285156
14092893.0000000000,-135.9592285156
14125379.0000000000,-135.9592285156
14157939.0000000000,-135.9592285156
14190574.0000000000,-135.9592285156
14223284.0000000000,-135.9669189453
14256070.0000000000,-136.0016479492
14288946.0000000000,-136.0137023926
14321884.0000000000,-136.0137023926
14354896.0000000000,-136.0137023926
14387986.0000000000,-136.0584869385
14421151.0000000000,-136.0829315186
14454393.0000000000,-136.0869903564
14487711.0000000000,-136.1030426025
14521122.0000000000,-136.1087799072
14554594.0000000000,-136.1249084473
14588144.0000000000,-136.1425476074
14621770.0000000000,-136.2135009766
14655475.0000000000,-136.2135009766
14689257.0000000000,-136.2135009766
14723133.0000000000,-136.2135009766
14757070.0000000000,-136.2135009766
14791086.0000000000,-136.2135009766
14825181.0000000000,-136.2135009766
14859354.0000000000,-136.2135009766
14893606.0000000000,-136.2364196777
14927937.0000000000,-136.3505249023
14962363.0000000000,-136.3645019531
14996852.0000000000,-136.3914184570
15031421.0000000000,-136.4243621826
15066070.0000000000,-136.5030517578
15100798.0000000000,-136.6057128906
15135607.0000000000,-136.6279602051
15170512.0000000000,-136.6435394287
15205481.0000000000,-136.6822662354
15240531.0000000000,-136.6856536865
15275661.0000000000,-136.6822662354
15310873.0000000000,-136.6435394287
15346165.0000000000,-136.6279602051
15381539.0000000000,-136.6057128906
15417012.0000000000,-136.5030517578
15452549.0000000000,-136.4243621826
15488168.0000000000,-136.4243621826
15523870.0000000000,-136.4243621826
15559653.0000000000,-136.4243621826
15595519.0000000000,-136.4243621826
15631468.0000000000,-136.4243621826
15667517.0000000000,-136.5030517578
15703632.0000000000,-136.6057128906
15739830.0000000000,-136.6279602051
15776111.0000000000,-136.6822662354
15812476.0000000000,-136.6822662354
15848925.0000000000,-136.6822662354
15885475.0000000000,-136.6822662354
15922092.0000000000,-136.6856536865
15958794.0000000000,-136.7191772461
15995580.0000000000,-136.7848663330
16032451.0000000000,-136.7848663330
16069407.0000000000,-136.7848663330
16106448.0000000000,-136.7848663330
16143592.0000000000,-136.7848663330
16180804.0000000000,-136.7848663330
16218102.0000000000,-136.7848663330
16255486.0000000000,-136.7848663330
16292956.0000000000,-136.7848663330
16330513.0000000000,-136.8066558838
16368174.0000000000,-136.8164672852
16405903.0000000000,-136.8164672852
16443720.0000000000,-136.8164672852
16481624.0000000000,-136.8164672852
16519616.0000000000,-136.8164672852
16557694.0000000000,-136.8480072021
16595861.0000000000,-136.8589935303
16634134.0000000000,-136.8589935303
16672477.0000000000,-136.8589935303
16710908.0000000000,-136.8589935303
16749428.0000000000,-137.0830841064
16788036.0000000000,-137.0947875977
16826734.0000000000,-137.1101531982
16865540.0000000000,-137.2193298340
16904416.0000000000,-137.2384338379
16943382.0000000000,-137.3419952393
16982438.0000000000,-137.3419952393
17021582.0000000000,-137.3419952393
17060818.0000000000,-137.3419952393
17100146.0000000000,-137.2384338379
17139582.0000000000,-137.1233520508
17179090.0000000000,-137.1101531982
17218688.0000000000,-137.0947875977
17258378.0000000000,-137.0830841064
17298160.0000000000,-136.9533233643
17338034.0000000000,-137.0830841064
17378000.0000000000,-137.0947875977
17418076.0000000000,-137.1101531982
17458226.0000000000,-137.1233520508
17498468.0000000000,-137.1233520508
17538804.0000000000,-137.1233520508
17579232.0000000000,-137.1233520508
17619752.0000000000,-137.1233520508
17660388.0000000000,-137.1233520508
17701096.0000000000,-137.1233520508
17741898.0000000000,-137.1233520508
17782794.0000000000,-137.1233520508
17823784.0000000000,-137.1233520508
17864870.0000000000,-137.1233520508
17906050.0000000000,-137.1931457520
17947344.0000000000,-137.2483215332
17988714.0000000000,-137.2483215332
18030180.0000000000,-137.2483215332
18071740.0000000000,-137.2483215332
18113396.0000000000,-137.2483215332
18155150.0000000000,-137.2483215332
18197018.0000000000,-137.2483215332
18238964.0000000000,-137.2483215332
18281006.0000000000,-137.2483215332
18323144.0000000000,-137.2483215332
18365380.0000000000,-137.2483215332
18407714.0000000000,-137.2483215332
18450146.0000000000,-137.2483215332
18492694.0000000000,-137.2483215332
18535322.0000000000,-137.2483215332
18578046.0000000000,-137.2483215332
18620870.0000000000,-137.2483215332
18663792.0000000000,-137.2803039551
18706814.0000000000,-137.4553070068
18749934.0000000000,-137.4837493896
18793176.0000000000,-137.4837493896
18836496.0000000000,-137.4837493896
18879914.0000000000,-137.4873809814
18923434.0000000000,-137.8200225830
18967054.0000000000,-137.8978576660
19010774.0000000000,-137.9163665771
19054616.0000000000,-137.9312896729
19098538.0000000000,-138.0372467041
19142562.0000000000,-138.0864257813
19186688.0000000000,-138.1182708740
19230914.0000000000,-138.1232147217
19275242.0000000000,-138.1232147217
19319674.0000000000,-138.1356353760
19364228.0000000000,-138.1394500732
19408864.0000000000,-138.1847686768
19453602.0000000000,-138.2181091309
19498444.0000000000,-138.2809906006
19543390.0000000000,-138.3079376221
19588438.0000000000,-138.3327484131
19633612.0000000000,-138.3362274170
19678870.0000000000,-138.4251708984
19724230.0000000000,-138.4546508789
19769696.0000000000,-138.5741424561
19815268.0000000000,-138.5885772705
19860942.0000000000,-138.6155853271
19906724.0000000000,-138.6465759277
19952632.0000000000,-138.6465759277
19998624.0000000000,-138.6465759277
20044722.0000000000,-138.6465759277
20090926.0000000000,-138.8365631104
20137238.0000000000,-138.8648681641
20183656.0000000000,-138.8648681641
20230202.0000000000,-138.8648681641
20276834.0000000000,-138.8648681641
20323574.0000000000,-138.8648681641
20370422.0000000000,-138.8648681641
20417376.0000000000,-138.8648681641
20464440.0000000000,-138.6465759277
20511612.0000000000,-138.6155853271
20558916.0000000000,-138.6465759277
20606306.0000000000,-138.8648681641
20653804.0000000000,-138.9006958008
20701412.0000000000,-138.9009552002
20749130.0000000000,-138.9083404541
20796960.0000000000,-138.9083404541
20844898.0000000000,-138.9009552002
20892970.0000000000,-138.9009552002
20941130.0000000000,-138.9009552002
20989400.0000000000,-138.9009552002
21037782.0000000000,-138.9009552002
21086276.0000000000,-138.9009552002
21134882.0000000000,-138.9009552002
21183622.0000000000,-138.9884490967
21232452.0000000000,-139.1038360596
21281394.0000000000,-139.2256622314
21330448.0000000000,-139.2256622314
21379618.0000000000,-139.2256622314
21428898.0000000000,-139.1038360596
21478294.0000000000,-138.9884490967
21527826.0000000000,-138.9009552002
21577450.0000000000,-138.8930664063
21627188.0000000000,-138.8648681641
21677040.0000000000,-138.8234863281
21727006.0000000000,-138.5988311768
21777088.0000000000,-138.5730285645
21827310.0000000000,-138.5271453857
21877624.0000000000,-138.4687347412
21928054.0000000000,-138.3087463379
21978600.0000000000,-138.2826995850
22029262.0000000000,-138.2826995850
22080040.0000000000,-138.2826995850
22130936.0000000000,-138.2826995850
22181974.0000000000,-138.2826995850
22233106.0000000000,-138.3087463379
22284354.0000000000,-138.4687347412
22335722.0000000000,-138.5271453857
22387206.0000000000,-138.5988311768
22438810.0000000000,-138.5988311768
22490558.0000000000,-138.5988311768
22542400.0000000000,-138.8087615967
22594362.0000000000,-138.8087615967
22646444.0000000000,-138.8087615967
22698646.0000000000,-138.8087615967
22750968.0000000000,-138.8087615967
22803410.0000000000,-138.8087615967
22855998.0000000000,-138.8087615967
22908684.0000000000,-138.8087615967
22961490.0000000000,-138.8087615967
23014418.0000000000,-138.8234863281
23067468.0000000000,-138.9131774902
23120640.0000000000,-138.9131774902
23173934.0000000000,-138.9131774902
23227378.0000000000,-138.9131774902
23280918.0000000000,-138.8234863281
23334582.0000000000,-138.8234863281
23388370.0000000000,-138.8087615967
23442282.0000000000,-138.7830047607
23496318.0000000000,-138.5893402100
23550504.0000000000,-138.5271453857
23604790.0000000000,-138.4687347412
23659200.0000000000,-138.5893402100
23713738.0000000000,-138.7830047607
23768398.0000000000,-138.7975921631
23823186.0000000000,-138.7975921631
23878100.0000000000,-138.7975921631
23933168.0000000000,-138.7975921631
23988336.0000000000,-138.8087615967
24043630.0000000000,-138.9131774902
24099052.0000000000,-138.9245452881
24154602.0000000000,-138.9468688965
24210280.0000000000,-139.1085662842
24266114.0000000000,-138.9245452881
24322048.0000000000,-138.9131774902
24378112.0000000000,-138.8087615967
24434306.0000000000,-138.7975921631
24490628.0000000000,-138.7830047607
24547082.0000000000,-138.7830047607
24603664.0000000000,-138.7830047607
24660404.0000000000,-138.7975921631
24717248.0000000000,-138.8384399414
24774224.0000000000,-138.7975921631
24831330.0000000000,-138.7830047607
24888568.0000000000,-138.6955108643
24945938.0000000000,-138.5893402100
25003440.0000000000,-138.5893402100
25061102.0000000000,-138.5893402100
25118870.0000000000,-138.5893402100
25176770.0000000000,-138.5893402100
25234804.0000000000,-138.6955108643
25292972.0000000000,-138.2757110596
25351274.0000000000,-138.2291259766
25409740.0000000000,-138.2291259766
25468310.0000000000,-138.2291259766
25527016.0000000000,-138.2291259766
25585858.0000000000,-138.1997375488
25644836.0000000000,-138.1433410645
25703948.0000000000,-138.1433410645
25763198.0000000000,-138.1997375488
25822612.0000000000,-138.2757110596
25882136.0000000000,-138.6955108643
25941796.0000000000,-138.7377166748
26001594.0000000000,-138.7377166748
26061528.0000000000,-138.7377166748
26121602.0000000000,-138.7377166748
26181844.0000000000,-138.7377166748
26242194.0000000000,-138.7377166748
26302684.0000000000,-138.7377166748
26363314.0000000000,-138.7377166748
26424084.0000000000,-138.7377166748
26484992.0000000000,-138.7374877930
26546042.0000000000,-138.7249145508
26607262.0000000000,-138.5058593750
26668594.0000000000,-138.6222076416
26730066.0000000000,-138.7249145508
26791682.0000000000,-138.7249145508
26853438.0000000000,-138.7249145508
26915338.0000000000,-138.7249145508
26977408.0000000000,-138.6222076416
27039594.0000000000,-138.5773162842
27101922.0000000000,-138.5773162842
27164394.0000000000,-138.5773162842
27227010.0000000000,-138.5773162842
27289770.0000000000,-138.6094512939
27352674.0000000000,-138.6222076416
27415754.0000000000,-138.7249145508
27478950.0000000000,-138.7249145508
27542290.0000000000,-138.7249145508
27605778.0000000000,-138.7249145508
27669410.0000000000,-138.7249145508
27733190.0000000000,-138.7249145508
27797118.0000000000,-138.7374877930
27861222.0000000000,-138.7377166748
27925444.0000000000,-138.9874572754
27989814.0000000000,-139.2584533691
28054334.0000000000,-139.3598632813
28119000.0000000000,-139.7707366943
28183816.0000000000,-139.8214416504
28248814.0000000000,-140.2000732422
28313930.0000000000,-140.9930877686
28379194.0000000000,-140.2000732422
28444610.0000000000,-139.8214416504
28510178.0000000000,-139.8048095703
28575896.0000000000,-139.7707366943
28641766.0000000000,-139.7707366943
28707818.0000000000,-139.7707366943
28773992.0000000000,-139.8048095703
28840318.0000000000,-140.1261901855
28906796.0000000000,-140.2000732422
28973428.0000000000,-140.9930877686
29040214.0000000000,-141.2042999268
29107186.0000000000,-141.3226928711
29174280.0000000000,-141.5740203857
29241530.0000000000,-142.0519561768
29308932.0000000000,-142.0664825439
29376492.0000000000,-142.0664825439
29444208.0000000000,-142.0664825439
29512078.0000000000,-142.0664825439
29580138.0000000000,-142.0664825439
29648322.0000000000,-142.0664825439
29716664.0000000000,-142.0664825439
29785162.0000000000,-142.0664825439
29853820.0000000000,-142.0664825439
29922634.0000000000,-142.0664825439
29991642.0000000000,-142.0664825439
30060774.0000000000,-142.0664825439
30130066.0000000000,-142.0519561768
30199518.0000000000,-142.0519561768
30269130.0000000000,-142.0519561768
30338904.0000000000,-142.0519561768
30408836.0000000000,-142.0485839844
30478964.0000000000,-141.8631591797
30549220.0000000000,-141.7924957275
30619638.0000000000,-141.5740203857
30690220.0000000000,-141.5314331055
30760962.0000000000,-141.3666229248
30831868.0000000000,-141.3226928711
30902938.0000000000,-141.2085571289
30974206.0000000000,-141.2042999268
31045604.0000000000,-141.0455322266
31117166.0000000000,-140.4484558105
31188892.0000000000,-140.4484558105
31260786.0000000000,-140.4484558105
31332844.0000000000,-140.4484558105
31405102.0000000000,-140.4484558105
31477494.0000000000,-140.3783264160
31550052.0000000000,-140.3783264160
31622776.0000000000,-140.3700866699
31695670.0000000000,-139.7114257813
31768730.0000000000,-139.6928863525
31841960.0000000000,-139.6817779541
31915392.0000000000,-139.2937011719
31988960.0000000000,-139.1934356689
32062696.0000000000,-139.1564941406
32136604.0000000000,-139.1129760742
32210680.0000000000,-139.1129760742
32284928.0000000000,-139.1129760742
32359382.0000000000,-139.1129760742
32433974.0000000000,-139.1129760742
32508736.0000000000,-139.1129760742
32583670.0000000000,-139.1129760742
32658778.0000000000,-139.1129760742
32734060.0000000000,-139.1129760742
32809514.0000000000,-139.1564941406
32885178.0000000000,-139.1564941406
32960980.0000000000,-139.1564941406
33036958.0000000000,-139.1564941406
33113110.0000000000,-139.1564941406
33189438.0000000000,-139.1564941406
33265942.0000000000,-139.1564941406
33342624.0000000000,-139.1564941406
33419516.0000000000,-139.1564941406
33496552.0000000000,-139.1564941406
33573764.0000000000,-138.8872833252
33651152.0000000000,-138.7881469727
33728720.0000000000,-138.7733612061
33806468.0000000000,-138.7465667725
33884432.0000000000,-138.7465667725
33962536.0000000000,-138.7465667725
34040824.0000000000,-138.7465667725
34119292.0000000000,-138.7465667725
34197936.0000000000,-138.6043395996
34276768.0000000000,-138.5571441650
34355776.0000000000,-138.4411621094
34435008.0000000000,-138.5571441650
34514384.0000000000,-138.6043395996
34593940.0000000000,-139.0078887939
34673680.0000000000,-139.4961395264
34753608.0000000000,-139.6955718994
34833716.0000000000,-139.7705230713
34914048.0000000000,-139.8079223633
34994528.0000000000,-139.9053344727
35075192.0000000000,-140.2832183838
35156044.0000000000,-140.3620605469
35237080.0000000000,-140.9942932129
35318304.0000000000,-141.2317352295
35399716.0000000000,-141.2317352295
35481356.0000000000,-140.9942932129
35563140.0000000000,-140.2832183838
35645116.0000000000,-139.9869689941
35727280.0000000000,-139.9053344727
35809636.0000000000,-139.8079223633
35892180.0000000000,-139.7705230713
35974952.0000000000,-139.6955718994
36057876.0000000000,-139.6368560791
36140992.0000000000,-139.6368560791
36224300.0000000000,-139.6368560791
36307800.0000000000,-139.6368560791
36391492.0000000000,-139.6368560791
36475376.0000000000,-139.6368560791
36559496.0000000000,-139.6368560791
36643768.0000000000,-139.6368560791
36728236.0000000000,-139.4961395264
36812896.0000000000,-139.1062316895
36897752.0000000000,-139.1062316895
36982804.0000000000,-139.1062316895
37068052.0000000000,-139.1062316895
37153536.0000000000,-139.4506683350
37239180.0000000000,-139.4961395264
37325020.0000000000,-139.6368560791
37411056.0000000000,-139.7705230713
37497292.0000000000,-139.8079223633
37583724.0000000000,-139.9053344727
37670400.0000000000,-139.9600982666
37757232.0000000000,-139.9600982666
37844264.0000000000,-139.9600982666
37931500.0000000000,-139.9600982666
38018932.0000000000,-139.9600982666
38106568.0000000000,-139.9600982666
38194408.0000000000,-139.9600982666
38282492.0000000000,-139.8794250488
38370736.0000000000,-139.6368560791
38459180.0000000000,-139.4506683350
38547832.0000000000,-139.1062316895
38636688.0000000000,-139.0576477051
38725748.0000000000,-139.0321197510
38815056.0000000000,-138.9218597412
38904528.0000000000,-138.8456115723
38994204.0000000000,-138.8018341064
39084092.0000000000,-138.8456115723
39174180.0000000000,-138.9218597412
39264480.0000000000,-139.0576477051
39354988.0000000000,-139.1062316895
39445748.0000000000,-139.4506683350
39536672.0000000000,-139.6368560791
39627808.0000000000,-139.7098541260
39719152.0000000000,-139.7098541260
39810708.0000000000,-139.7098541260
39902476.0000000000,-139.7098541260
39994496.0000000000,-139.7098541260
40086688.0000000000,-139.7098541260
40179088.0000000000,-139.7098541260
40271704.0000000000,-139.7098541260
40364536.0000000000,-139.8794250488
40457576.0000000000,-140.2662963867
40550836.0000000000,-140.7279052734
40644352.0000000000,-141.1015625000
40738040.0000000000,-141.1015625000
40831944.0000000000,-141.1015625000
40926064.0000000000,-141.1015625000
41020404.0000000000,-140.7279052734
41114956.0000000000,-140.4194488525
41209732.0000000000,-139.8794250488
41304768.0000000000,-139.7369384766
41399976.0000000000,-139.7369384766
41495408.0000000000,-139.7369384766
41591056.0000000000,-140.3735351563
41686928.0000000000,-140.4194488525
41783020.0000000000,-141.2053985596
41879376.0000000000,-141.3162384033
41975912.0000000000,-141.4124908447
42072668.0000000000,-141.6130981445
42169652.0000000000,-141.9770355225
42266856.0000000000,-141.9819641113
42364284.0000000000,-141.9954986572
42461936.0000000000,-142.0963439941
42559860.0000000000,-142.1244812012
42657964.0000000000,-142.1838226318
42756292.0000000000,-142.2842864990
42854848.0000000000,-142.2842864990
42953632.0000000000,-142.2842864990
43052644.0000000000,-142.2842864990
43151932.0000000000,-142.1838226318
43251400.0000000000,-142.1838226318
43351096.0000000000,-142.1838226318
43451024.0000000000,-142.1838226318
43551180.0000000000,-142.2842864990
43651568.0000000000,-142.4535522461
43752188.0000000000,-142.4535522461
43853088.0000000000,-142.4535522461
43954176.0000000000,-142.4535522461
44055492.0000000000,-142.4535522461
44157044.0000000000,-142.4535522461
44258828.0000000000,-142.4535522461
44360848.0000000000,-142.4535522461
44463104.0000000000,-142.4535522461
44565644.0000000000,-142.4535522461
44668368.0000000000,-142.6516418457
44771332.0000000000,-142.6568298340
44874532.0000000000,-142.7532653809
44977972.0000000000,-142.7532653809
45081652.0000000000,-142.7532653809
45185616.0000000000,-142.7532653809
45289772.0000000000,-142.7532653809
45394168.0000000000,-142.7532653809
45498804.0000000000,-142.7532653809
45603684.0000000000,-142.7532653809
45708804.0000000000,-142.7532653809
45814164.0000000000,-142.7532653809
45919820.0000000000,-142.7532653809
46025668.0000000000,-142.6568298340
46131760.0000000000,-142.6568298340
46238100.0000000000,-142.7532653809
46344680.0000000000,-142.9211883545
46451508.0000000000,-142.9211883545
46558632.0000000000,-142.9211883545
46665956.0000000000,-142.9211883545
46773524.0000000000,-142.9765930176
46881340.0000000000,-143.2494201660
46989404.0000000000,-143.3327178955
47097716.0000000000,-143.4777526855
47206280.0000000000,-143.4777526855
47315148.0000000000,-143.4777526855
47424212.0000000000,-143.4777526855
47533528.0000000000,-143.4777526855
47643096.0000000000,-143.3327178955
47752916.0000000000,-143.2437133789
47862992.0000000000,-143.2437133789
47973372.0000000000,-143.2437133789
48083952.0000000000,-143.2437133789
48194788.0000000000,-143.2437133789
48305880.0000000000,-142.9765930176
48417232.0000000000,-142.9090270996
48528836.0000000000,-142.7523040771
48640696.0000000000,-142.7523040771
48752872.0000000000,-142.7523040771
48865252.0000000000,-142.7523040771
48977888.0000000000,-142.5367889404
49090784.0000000000,-142.4231567383
49203944.0000000000,-142.4210357666
49317364.0000000000,-142.3408355713
49431044.0000000000,-142.3408355713
49545040.0000000000,-142.3408355713
49659244.0000000000,-142.3408355713
49773712.0000000000,-142.3408355713
49888444.0000000000,-142.4210357666
50003440.0000000000,-142.4231567383
50118700.0000000000,-142.5367889404
50234284.0000000000,-142.5367889404
50350076.0000000000,-142.5367889404
50466136.0000000000,-142.5367889404
50582464.0000000000,-142.5367889404
50699060.0000000000,-142.5367889404
50815928.0000000000,-142.5367889404
50933060.0000000000,-142.5367889404
51050520.0000000000,-142.7523040771
51168196.0000000000,-142.7523040771
51286144.0000000000,-142.7523040771
51404360.0000000000,-142.4331970215
51522852.0000000000,-142.4210357666
51641616.0000000000,-142.3408355713
51760712.0000000000,-142.3343505859
51880024.0000000000,-142.2559967041
51999608.0000000000,-142.2559967041
52119472.0000000000,-142.2559967041
52239612.0000000000,-142.2559967041
52360028.0000000000,-142.2559967041
52480720.0000000000,-142.2559967041
52601752.0000000000,-142.2559967041
52723000.0000000000,-142.2559967041
52844532.0000000000,-142.2559967041
52966340.0000000000,-142.2559967041
53088432.0000000000,-142.2559967041
53210804.0000000000,-142.2559967041
53333520.0000000000,-142.2559967041
53456456.0000000000,-141.9238433838
53579676.0000000000,-141.8289642334
53703180.0000000000,-141.7700958252
53826972.0000000000,-141.5868072510
53951048.0000000000,-141.7700958252
54075408.0000000000,-141.8289642334
54200116.0000000000,-141.9238433838
54325048.0000000000,-142.2559967041
54450272.0000000000,-142.2559967041
54575784.0000000000,-142.2559967041
54701584.0000000000,-141.9238433838
54827676.0000000000,-141.9047088623
54954060.0000000000,-141.7700958252
55080792.0000000000,-141.7700958252
55207756.0000000000,-141.7700958252
55335016.0000000000,-141.9047088623
55462564.0000000000,-141.9238433838
55590412.0000000000,-142.9361267090
55718552.0000000000,-141.9238433838
55847048.0000000000,-141.9047088623
55975780.0000000000,-141.5868072510
56104808.0000000000,-141.5356903076
56234132.0000000000,-141.4969482422
56363756.0000000000,-141.4969482422
56493680.0000000000,-141.4969482422
56623900.0000000000,-141.4969482422
56754484.0000000000,-141.4969482422
56885308.0000000000,-141.4969482422
57016432.0000000000,-141.5356903076
57147860.0000000000,-141.9047088623
57279588.0000000000,-141.9238433838
57411624.0000000000,-141.9238433838
57544024.0000000000,-141.9047088623
57676668.0000000000,-141.4969482422
57809616.0000000000,-141.2815246582
57942872.0000000000,-141.0926818848
58076432.0000000000,-141.0228576660
58210304.0000000000,-140.7364349365
58344484.0000000000,-140.6529235840
58479036.0000000000,-140.5960998535
58613832.0000000000,-140.5960998535
58748944.0000000000,-140.5960998535
58884364.0000000000,-140.6529235840
59020096.0000000000,-140.6529235840
59156140.0000000000,-140.5960998535
59292500.0000000000,-140.4757232666
59429240.0000000000,-140.3156890869
59566228.0000000000,-140.1737060547
59703532.0000000000,-140.1737060547
59841152.0000000000,-140.1737060547
59979092.0000000000,-140.1737060547
60117348.0000000000,-140.3156890869
60255988.0000000000,-140.5960998535
60394884.0000000000,-140.5960998535
60534096.0000000000,-140.5960998535
60673632.0000000000,-140.5960998535
60813488.0000000000,-140.5960998535
60953668.0000000000,-140.5177612305
61094172.0000000000,-140.5177612305
61235064.0000000000,-140.5177612305
61376216.0000000000,-140.5960998535
61517692.0000000000,-140.7364349365
61659496.0000000000,-140.7364349365
61801624.0000000000,-140.7364349365
61944080.0000000000,-140.7364349365
62086936.0000000000,-140.7364349365
62230048.0000000000,-140.7419586182
62373496.0000000000,-140.9318237305
62517268.0000000000,-140.9318237305
62661376.0000000000,-140.9318237305
62805816.0000000000,-140.9318237305
62950588.0000000000,-140.9318237305
63095764.0000000000,-140.9475860596
63241204.0000000000,-140.9609680176
63386976.0000000000,-141.0571899414
63533088.0000000000,-141.1820068359
63679536.0000000000,-141.2308044434
63826324.0000000000,-141.2592163086
63973516.0000000000,-141.2592163086
64120980.0000000000,-141.2592163086
64268784.0000000000,-141.2592163086
64416928.0000000000,-141.3530426025
64565416.0000000000,-141.3530426025
64714244.0000000000,-141.3530426025
64863412.0000000000,-141.3651428223
65013000.0000000000,-141.4346466064
65162860.0000000000,-141.4589843750
65313064.0000000000,-141.5120544434
65463616.0000000000,-141.5252685547
65614512.0000000000,-141.7673797607
65765760.0000000000,-141.8316802979
65917356.0000000000,-141.8316802979
66069372.0000000000,-141.8316802979
66221664.0000000000,-141.7673797607
66374312.0000000000,-141.5252685547
66527308.0000000000,-141.5252685547
66680660.0000000000,-141.7673797607
66834364.0000000000,-141.8316802979
66988492.0000000000,-141.9304351807
67142904.0000000000,-142.0568847656
67297680.0000000000,-142.2885131836
67452800.0000000000,-142.3403472900
67608288.0000000000,-142.3451995850
67764128.0000000000,-142.3451995850
67920328.0000000000,-142.3451995850
68076968.0000000000,-142.3451995850
68233888.0000000000,-142.4315032959
68391168.0000000000,-142.6135711670
68548816.0000000000,-142.6780242920
68706824.0000000000,-142.9285278320
68865200.0000000000,-142.9643249512
69024016.0000000000,-142.9643249512
69183120.0000000000,-142.9643249512
69342592.0000000000,-142.9763488770
69502432.0000000000,-143.1996765137
69662640.0000000000,-143.2413635254
69823216.0000000000,-143.2776184082
69984168.0000000000,-143.2776184082
70145560.0000000000,-143.2776184082
70307248.0000000000,-143.2776184082
70469312.0000000000,-143.2776184082
70631752.0000000000,-143.2776184082
70794560.0000000000,-143.2776184082
70957752.0000000000,-143.2776184082
71121392.0000000000,-143.2776184082
71285328.0000000000,-143.2413635254
71449648.0000000000,-142.9643249512
71614344.0000000000,-142.9285278320
71779424.0000000000,-142.6780242920
71944880.0000000000,-142.6135711670
72110712.0000000000,-142.6135711670
72277016.0000000000,-142.6135711670
72443616.0000000000,-142.5282745361
72610608.0000000000,-142.5282745361
72777976.0000000000,-142.5282745361
72945736.0000000000,-142.5282745361
73113880.0000000000,-142.5282745361
73282416.0000000000,-142.5021514893
73451416.0000000000,-142.4315032959
73620728.0000000000,-142.3248748779
73790432.0000000000,-141.7454223633
73960520.0000000000,-141.5156250000
74131008.0000000000,-141.4624023438
74301880.0000000000,-141.3913269043
74473232.0000000000,-141.3427429199
74644904.0000000000,-141.3913269043
74816960.0000000000,-141.4624023438
74989424.0000000000,-141.4624023438
75162280.0000000000,-141.4624023438
75335528.0000000000,-141.4624023438
75509184.0000000000,-141.4624023438
75683320.0000000000,-141.3427429199
75857776.0000000000,-141.2854156494
76032632.0000000000,-141.2485351563
76207896.0000000000,-141.1805267334
76383560.0000000000,-141.1513214111
76559632.0000000000,-141.1513214111
76736192.0000000000,-141.1513214111
76913072.0000000000,-141.1218719482
77090360.0000000000,-141.0196380615
77268064.0000000000,-140.8797760010
77446168.0000000000,-140.8797760010
77624688.0000000000,-140.8797760010
77803616.0000000000,-140.9813079834
77983048.0000000000,-141.0196380615
78162800.0000000000,-141.1218719482
78342976.0000000000,-141.0196380615
78523560.0000000000,-140.9813079834
78704560.0000000000,-140.9813079834
78885984.0000000000,-140.9813079834
79067816.0000000000,-140.8603973389
79250160.0000000000,-140.7644958496
79432840.0000000000,-140.6554718018
79615936.0000000000,-140.5900268555
79799456.0000000000,-140.5338287354
79983400.0000000000,-140.5338287354
80167768.0000000000,-140.5338287354
80352648.0000000000,-140.5900268555
80537872.0000000000,-140.6554718018
80723512.0000000000,-140.5900268555
80909592.0000000000,-140.4580535889
81096088.0000000000,-140.3748168945
81283024.0000000000,-140.1367797852
81470384.0000000000,-140.0784301758
81658272.0000000000,-140.0784301758
81846496.0000000000,-139.6914978027
82035160.0000000000,-139.6914978027
82224256.0000000000,-139.6914978027
82413792.0000000000,-139.6914978027
82603760.0000000000,-139.6914978027
82794256.0000000000,-139.6914978027
82985104.0000000000,-139.6914978027
83176392.0000000000,-139.6914978027
83368120.0000000000,-140.1367797852
83560288.0000000000,-140.2979736328
83752904.0000000000,-140.3748168945
83945960.0000000000,-140.3748168945
84139552.0000000000,-140.3748168945
84333496.0000000000,-140.3748168945
84527896.0000000000,-140.4580535889
84722736.0000000000,-140.7169342041
84918032.0000000000,-140.7768707275
85113768.0000000000,-140.8194427490
85310056.0000000000,-140.9813079834
85506704.0000000000,-141.1486511230
85703800.0000000000,-141.1486511230
85901352.0000000000,-141.1486511230
86099360.0000000000,-141.1486511230
86297832.0000000000,-141.1486511230
86496752.0000000000,-141.1486511230
86696224.0000000000,-142.0020294189
86896072.0000000000,-142.3472137451
87096368.0000000000,-142.3899841309
87297136.0000000000,-142.4762725830
87498360.0000000000,-142.5457305908
87700048.0000000000,-142.6022491455
87902208.0000000000,-142.7439727783
88104920.0000000000,-142.7439727783
88308008.0000000000,-142.7439727783
88511568.0000000000,-142.6022491455
88715592.0000000000,-142.6022491455
88920088.0000000000,-142.7439727783
89125056.0000000000,-142.8286895752
89330592.0000000000,-142.8286895752
89536504.0000000000,-142.9338531494
89742896.0000000000,-143.1217803955
89949760.0000000000,-143.1217803955
90157096.0000000000,-143.1217803955
90364920.0000000000,-143.1217803955
90573216.0000000000,-143.1217803955
90782088.0000000000,-142.9338531494
90991352.0000000000,-142.9338531494
91201088.0000000000,-142.9338531494
91411320.0000000000,-142.9338531494
91622024.0000000000,-142.9338531494
91833224.0000000000,-143.1217803955
92045008.0000000000,-143.3341979980
92257176.0000000000,-143.3341979980
92469832.0000000000,-143.3341979980
92682984.0000000000,-143.3341979980
92896624.0000000000,-143.3341979980
93110760.0000000000,-143.1217803955
93325384.0000000000,-143.1217803955
93540608.0000000000,-143.1217803955
93756224.0000000000,-143.1217803955
93972344.0000000000,-143.1217803955
94188952.0000000000,-142.9338531494
94406064.0000000000,-142.6750640869
94623680.0000000000,-142.6750640869
94841896.0000000000,-142.6750640869
95060512.0000000000,-142.6750640869
95279640.0000000000,-142.6750640869
95499264.0000000000,-142.6141662598
95719392.0000000000,-142.3614654541
95940032.0000000000,-142.3614654541
96161184.0000000000,-142.3614654541
96382952.0000000000,-142.3614654541
96605120.0000000000,-142.3614654541
96827800.0000000000,-142.3614654541
97050992.0000000000,-142.3614654541
97274704.0000000000,-142.6141662598
97498928.0000000000,-142.6750640869
97723672.0000000000,-142.6141662598
97949040.0000000000,-142.5084228516
98174816.0000000000,-142.5084228516
98401120.0000000000,-142.5084228516
98627936.0000000000,-142.5084228516
98855280.0000000000,-142.6141662598
99083152.0000000000,-142.6141662598
99311656.0000000000,-142.6141662598
99540576.0000000000,-142.6141662598
99770024.0000000000,-142.6141662598
100000000.0000000000,-142.6141662598
