Type,FSWP-50
Version,3.02SP1
Date,03.Jul 2026
VSupply,ON
Mode,Voltage
Voltage Set,0.6000000000,V
Voltage Min,0.0000000000,V
Voltage Max,0.6500000000,V
Voltage Meas,0.6071799632,V
Current Max,20.0000000000,mA
Current Meas,19.1176470588,mA
VTune,OFF
Voltage Set,0.0000000000,V
Voltage Min,0.0000000000,V
Voltage Max,0.0100000000,V
Voltage Meas,-0.0191968612,V
Current Max,20.0000000000,mA
Current Meas,0.1467365992,mA
VAux,OFF
Voltage Set,0.0000000000,V
Voltage Min,-10.0000000000,V
Voltage Max,10.0000000000,V
Voltage Meas,-0.0053752174,V
Current Max,100.0000000000,mA
Current Meas,-0.0514148932,mA
Mode,Phase Noise
Measurement,Phase Noise
Input,RF
RF Att,0.0000000000,dB
Coupling,AC
RBW,2.0000000000,%
XCORR Factor,1000
XCORR Optimize,ON
Estimated Meas Time,3.7457527981,s
Sweep Count,5
Signal Frequency,20952778463.6867332458,Hz
Signal Level,-14.6891000000,dBm
Start,10000.0000000000,Hz
Stop,100000000.0000000000,Hz
SubSweep,1
Start,10000.0000000000,Hz
Stop,30000.0000000000,Hz
RBW,600.0000000000,Hz
XCORR Count,1000
SubSweep,2
Start,30000.0000000000,Hz
Stop,100000.0000000000,Hz
RBW,600.0000000000,Hz
XCORR Count,1000
SubSweep,3
Start,100000.0000000000,Hz
Stop,300000.0000000000,Hz
RBW,2000.0000000000,Hz
XCORR Count,3300
SubSweep,4
Start,300000.0000000000,Hz
Stop,1000000.0000000000,Hz
RBW,6000.0000000000,Hz
XCORR Count,10000
SubSweep,5
Start,1000000.0000000000,Hz
Stop,3000000.0000000000,Hz
RBW,20000.0000000000,Hz
XCORR Count,10000
SubSweep,6
Start,3000000.0000000000,Hz
Stop,10000000.0000000000,Hz
RBW,60000.0000000000,Hz
XCORR Count,10000
SubSweep,7
Start,10000000.0000000000,Hz
Stop,30000000.0000000000,Hz
RBW,200000.0000000000,Hz
XCORR Count,10000
SubSweep,8
Start,30000000.0000000000,Hz
Stop,100000000.0000000000,Hz
RBW,600000.0000000000,Hz
XCORR Count,10000
Integrated Measurements Range,1
Start,10000.0000000000,Hz
Stop,100000000.0000000000,Hz
Weighting,OFF
Integrated Measurements Range,2
Start,10000.0000000000,Hz
Stop,100000000.0000000000,Hz
Weighting,OFF
Integrated Measurements Range,3
Start,10000.0000000000,Hz
Stop,100000000.0000000000,Hz
Weighting,OFF
Integrated Measurements Range,4
Start,10000.0000000000,Hz
Stop,100000000.0000000000,Hz
Weighting,OFF
Integrated Measurements Range,5
Start,10000.0000000000,Hz
Stop,100000000.0000000000,Hz
Weighting,OFF
Integrated Measurements Range,6
Start,10000.0000000000,Hz
Stop,100000000.0000000000,Hz
Weighting,OFF
Integrated Measurements Range,7
Start,10000.0000000000,Hz
Stop,100000000.0000000000,Hz
Weighting,OFF
Integrated Measurements Range,8
Start,10000.0000000000,Hz
Stop,100000000.0000000000,Hz
Weighting,OFF
Integrated Measurements Range,9
Start,10000.0000000000,Hz
Stop,100000000.0000000000,Hz
Weighting,OFF
Integrated Measurements Range,10
Start,10000.0000000000,Hz
Stop,100000000.0000000000,Hz
Weighting,OFF
Spot Noise Decade Edges,OFF
Spot Noise User Defined,ON
Spot Noise User Defined Offset,1
State,OFF
Offset,1000.0000000000,Hz
Spot Noise User Defined Offset,2
State,OFF
Offset,10000.0000000000,Hz
Spot Noise User Defined Offset,3
State,ON
Offset,100000.0000000000,Hz
Spot Noise User Defined Offset,4
State,ON
Offset,1000000.0000000000,Hz
Spot Noise User Defined Offset,5
State,ON
Offset,10000000.0000000000,Hz
Spot Noise User Defined Offset,6
State,OFF
Offset,100000000.0000000000,Hz
Window,1,Noise Spectrum
Trace,1
Trace Mode,CLR/WRITE
Trace Result,PN
Smoothing,ON
Smoothing Value,1.0000000000,%
Spurious Removal,ON
Spurious Removal Threshold,6.0000000000,dB
Trace Offset,OFF
Trace Offset,0.0000000000,dB
Trace Label,OFF
Trace Label,Trace 1
x-Unit,Hz
y-Unit,dBc/Hz
Values,4001
10000.0000000000,-54.2291488647
10023.0507812500,-54.2593917847
10046.1542968750,-54.2896347046
10069.3115234375,-54.3198776245
10092.5332031250,-54.3436584473
10115.7968750000,-54.3669853210
10139.1152343750,-54.3903121948
10162.4863281250,-54.4136390686
10185.9111328125,-54.4307708740
10209.3906250000,-54.4432525635
10232.9355468750,-54.4557418823
10256.5234375000,-54.4682235718
10280.1650390625,-54.4784736633
10303.8613281250,-54.4820327759
10327.6123046875,-54.4855918884
10351.4189453125,-54.4891548157
10375.2792968750,-54.4927139282
10399.2060546875,-54.4947471619
10423.1777343750,-54.4967346191
10447.2031250000,-54.4987220764
10471.2851562500,-54.5007057190
10495.4218750000,-54.5076789856
10519.6152343750,-54.5164604187
10543.8632812500,-54.5252380371
10568.1787109375,-54.5340232849
10592.5400390625,-54.5490760803
10616.9560546875,-54.5695190430
10641.4287109375,-54.5899620056
10665.9580078125,-54.6104049683
10690.5439453125,-54.6350936890
10715.1982421875,-54.6666641235
10739.8974609375,-54.6982231140
10764.6533203125,-54.7297782898
10789.4667968750,-54.7629585266
10814.3378906250,-54.8006286621
10839.2656250000,-54.8382949829
10864.2509765625,-54.8759651184
10889.3056640625,-54.9135513306
10914.4062500000,-54.9506874084
10939.5644531250,-54.9878234863
10964.7812500000,-55.0249595642
10990.0556640625,-55.0612258911
11015.3886718750,-55.0924873352
11040.7919921875,-55.1237640381
11066.2412109375,-55.1550216675
11091.7500000000,-55.1850776672
11117.3173828125,-55.2080154419
11142.9433593750,-55.2309532166
11168.6289062500,-55.2538871765
11194.3730468750,-55.2754478455
11220.1894531250,-55.2906646729
11246.0527343750,-55.3058776855
11271.9755859375,-55.3210868835
11297.9580078125,-55.3351974487
11324.0009765625,-55.3459815979
11350.1035156250,-55.3567619324
11376.2792968750,-55.3675498962
11402.5019531250,-55.3786964417
11428.7861328125,-55.3905067444
11455.1298828125,-55.4023170471
11481.5351562500,-55.4141311646
11508.0000000000,-55.4295768738
11534.5273437500,-55.4487686157
11561.1279296875,-55.4679679871
11587.7773437500,-55.4871559143
11614.4873046875,-55.5146636963
11641.2597656250,-55.5463333130
11668.0937500000,-55.5780029297
11694.9892578125,-55.6096687317
11721.9472656250,-55.6537818909
11748.9804687500,-55.6997184753
11776.0625000000,-55.7456321716
11803.2070312500,-55.7928886414
11830.4140625000,-55.8506584167
11857.6845703125,-55.9084281921
11885.0166015625,-55.9661979675
11912.4257812500,-56.0264129639
11939.8847656250,-56.0904617310
11967.4072265625,-56.1545066833
11994.9931640625,-56.2185554504
12022.6425781250,-56.2824325562
12050.3554687500,-56.3462295532
12078.1318359375,-56.4100303650
12105.9863281250,-56.4737205505
12133.8916015625,-56.5319061279
12161.8613281250,-56.5900955200
12189.8955078125,-56.6482810974
12217.9931640625,-56.7029457092
12246.1572265625,-56.7521057129
12274.3984375000,-56.8012847900
12302.6923828125,-56.8504409790
12331.0507812500,-56.8910560608
12359.4746093750,-56.9293441772
12387.9638671875,-56.9676322937
12416.5195312500,-57.0035133362
12445.1396484375,-57.0304107666
12473.8408203125,-57.0573234558
12502.5937500000,-57.0842208862
12531.4130859375,-57.1044082642
12560.2988281250,-57.1212310791
12589.2509765625,-57.1380577087
12618.2705078125,-57.1539001465
12647.3701171875,-57.1641540527
12676.5234375000,-57.1744003296
12705.7441406250,-57.1846466064
12735.0312500000,-57.1935424805
12764.3867187500,-57.2017440796
12793.8095703125,-57.2099456787
12823.2998046875,-57.2183799744
12852.8730468750,-57.2277450562
12882.4990234375,-57.2371063232
12912.1943359375,-57.2464675903
12941.9580078125,-57.2569389343
12971.7900390625,-57.2677497864
13001.6914062500,-57.2785568237
13031.6611328125,-57.2892723083
13061.7138671875,-57.2998199463
13091.8222656250,-57.3103637695
13122.0000000000,-57.3209037781
13152.2470703125,-57.3304252625
13182.5634765625,-57.3399238586
13212.9501953125,-57.3494224548
13243.4218750000,-57.3597221375
13273.9492187500,-57.3704910278
13304.5468750000,-57.3812599182
13335.2138671875,-57.3936805725
13365.9531250000,-57.4099617004
13396.7626953125,-57.4262428284
13427.6425781250,-57.4425201416
13458.6093750000,-57.4667472839
13489.6328125000,-57.4909858704
13520.7265625000,-57.5152206421
13551.8935546875,-57.5436058044
13583.1308593750,-57.5736007690
13614.4414062500,-57.6035995483
13645.8388671875,-57.6334648132
13677.2929687500,-57.6631507874
13708.8203125000,-57.6928329468
13740.4199218750,-57.7210006714
13772.0927734375,-57.7442970276
13803.8388671875,-57.7675895691
13835.6572265625,-57.7906074524
13867.5644531250,-57.8052062988
13899.5302734375,-57.8197975159
13931.5693359375,-57.8343925476
13963.6826171875,-57.8437156677
13995.8701171875,-57.8521194458
14028.1318359375,-57.8605194092
14060.4677734375,-57.8689384460
14092.8935546875,-57.8773689270
14125.3789062500,-57.8857955933
14157.9384765625,-57.8988456726
14190.5732421875,-57.9155807495
14223.2841796875,-57.9323158264
14256.0693359375,-57.9562950134
14288.9462890625,-57.9894027710
14321.8837890625,-58.0224952698
14354.8964843750,-58.0628013611
14387.9853515625,-58.1163825989
14421.1503906250,-58.1699600220
14454.3925781250,-58.2283363342
14487.7109375000,-58.2988739014
14521.1220703125,-58.3694458008
14554.5947265625,-58.4412269592
14588.1435546875,-58.5170440674
14621.7705078125,-58.5928611755
14655.4746093750,-58.6667251587
14689.2568359375,-58.7331848145
14723.1328125000,-58.7996749878
14757.0703125000,-58.8623809814
14791.0869140625,-58.9103851318
14825.1806640625,-58.9583854675
14859.3544921875,-59.0026016235
14893.6054687500,-59.0332527161
14927.9365234375,-59.0639076233
14962.3632812500,-59.0921554565
14996.8525390625,-59.1132812500
15031.4208984375,-59.1344070435
15066.0693359375,-59.1547889709
15100.7978515625,-59.1735115051
15135.6064453125,-59.1922302246
15170.5117187500,-59.2108001709
15205.4804687500,-59.2291030884
15240.5302734375,-59.2474060059
15275.6611328125,-59.2610740662
15310.8730468750,-59.2622489929
15346.1650390625,-59.2642631531
15381.5390625000,-59.2653579712
15417.0117187500,-59.2678260803
15452.5488281250,-59.2696380615
15488.1679687500,-59.2734069824
15523.8691406250,-59.2795600891
15559.6533203125,-59.2821998596
15595.5195312500,-59.2828903198
15631.4677734375,-59.2920074463
15667.5166015625,-59.2948570251
15703.6318359375,-59.3005294800
15739.8300781250,-59.3018112183
15776.1113281250,-59.3060531616
15812.4765625000,-59.3095474243
15848.9248046875,-59.3144569397
15885.4755859375,-59.3171691895
15922.0927734375,-59.3181686401
15958.7939453125,-59.3228569031
15995.5800781250,-59.3239250183
16032.4511718750,-59.3243751526
16069.4072265625,-59.3248214722
16106.4482421875,-59.3488044739
16143.5927734375,-59.3806762695
16180.8046875000,-59.4146347046
16218.1025390625,-59.4585456848
16255.4863281250,-59.5024566650
16292.9560546875,-59.5493888855
16330.5126953125,-59.5999946594
16368.1738281250,-59.6506271362
16405.9042968750,-59.7009887695
16443.7207031250,-59.7512664795
16481.6250000000,-59.8012504578
16519.6152343750,-59.8462791443
16557.6953125000,-59.8913078308
16595.8613281250,-59.9344787598
16634.1347656250,-59.9746742249
16672.4765625000,-60.0148544312
16710.9082031250,-60.0546607971
16749.4277343750,-60.0943298340
16788.0371093750,-60.1341705322
16826.7343750000,-60.1758232117
16865.5390625000,-60.2174987793
16904.4160156250,-60.2582206726
16943.3808593750,-60.2978591919
16982.4375000000,-60.3374977112
17021.5820312500,-60.3678894043
17060.8183593750,-60.3967094421
17100.1445312500,-60.4210510254
17139.5820312500,-60.4226188660
17179.0898437500,-60.4235038757
17218.6875000000,-60.4251289368
17258.3789062500,-60.4252014160
17298.1601562500,-60.4324684143
17338.0332031250,-60.4327812195
17378.0000000000,-60.4397354126
17418.0761718750,-60.4432182312
17458.2265625000,-60.4433860779
17498.4687500000,-60.4445037842
17538.8027343750,-60.4461746216
17579.2324218750,-60.4616470337
17619.7519531250,-60.4909019470
17660.3867187500,-60.5301246643
17701.0957031250,-60.5697326660
17741.8984375000,-60.6271743774
17782.7949218750,-60.6846199036
17823.7851562500,-60.7471733093
17864.8691406250,-60.8141975403
17906.0488281250,-60.8810653687
17947.3437500000,-60.9454078674
17988.7148437500,-61.0097198486
18030.1796875000,-61.0658493042
18071.7402343750,-61.1164817810
18113.3964843750,-61.1643905640
18155.1484375000,-61.1969680786
18197.0175781250,-61.2295608521
18238.9628906250,-61.2515335083
18281.0058593750,-61.2693481445
18323.1445312500,-61.2848968506
18365.3808593750,-61.2951126099
18407.7148437500,-61.3053321838
18450.1445312500,-61.3147964478
18492.6953125000,-61.3241729736
18535.3222656250,-61.3358573914
18578.0468750000,-61.3498611450
18620.8710937500,-61.3651046753
18663.7929687500,-61.3894424438
18706.8144531250,-61.4137763977
18749.9355468750,-61.4503021240
18793.1757812500,-61.4908332825
18836.4941406250,-61.5388374329
18879.9140625000,-61.5980987549
18923.4335937500,-61.6581535339
18967.0546875000,-61.7311668396
19010.7734375000,-61.8041763306
19054.6171875000,-61.8776473999
19098.5390625000,-61.9512329102
19142.5625000000,-62.0185852051
19186.6875000000,-62.0770874023
19230.9140625000,-62.1329879761
19275.2421875000,-62.1676979065
19319.6738281250,-62.2024078369
19364.2285156250,-62.2207145691
19408.8632812500,-62.2353439331
19453.6015625000,-62.2460174561
19498.4433593750,-62.2532920837
19543.3886718750,-62.2621116638
19588.4375000000,-62.2751121521
19633.6132812500,-62.2882919312
19678.8691406250,-62.3134193420
19724.2304687500,-62.3184509277
19769.6972656250,-62.3250503540
19815.2675781250,-62.3322601318
19860.9433593750,-62.3374023438
19906.7226562500,-62.3385505676
19952.6328125000,-62.3480834961
19998.6250000000,-62.3610725403
20044.7226562500,-62.3709030151
20090.9277343750,-62.3886833191
20137.2382812500,-62.3915405273
20183.6562500000,-62.4054183960
20230.2031250000,-62.4239463806
20276.8339843750,-62.4292831421
20323.5742187500,-62.4394683838
20370.4218750000,-62.4586448669
20417.3769531250,-62.4731178284
20464.4394531250,-62.4895706177
20511.6113281250,-62.4902381897
20558.9160156250,-62.5024757385
20606.3046875000,-62.5139274597
20653.8046875000,-62.5224609375
20701.4121093750,-62.5355911255
20749.1308593750,-62.5378494263
20796.9589843750,-62.5401077271
20844.8984375000,-62.5510978699
20892.9687500000,-62.6213760376
20941.1289062500,-62.6935768127
20989.4003906250,-62.7644958496
21037.7812500000,-62.8348770142
21086.2753906250,-62.8968391418
21134.8808593750,-62.9532051086
21183.6210937500,-62.9985313416
21232.4511718750,-63.0331115723
21281.3945312500,-63.0590515137
21330.4492187500,-63.0732994080
21379.6171875000,-63.0844535828
21428.8984375000,-63.0899124146
21478.2929687500,-63.0974540710
21527.8261718750,-63.1101341248
21577.4492187500,-63.1273117065
21627.1875000000,-63.1591110229
21677.0390625000,-63.1950378418
21727.0058593750,-63.2483825684
21777.0878906250,-63.3040428162
21827.3105468750,-63.3721199036
21877.6230468750,-63.4405326843
21928.0527343750,-63.5113143921
21978.5996093750,-63.5810127258
22029.2617187500,-63.6425857544
22080.0410156250,-63.7022781372
22130.9355468750,-63.7469825745
22181.9746093750,-63.7896842957
22233.1054687500,-63.8167457581
22284.3535156250,-63.8423309326
22335.7207031250,-63.8577613831
22387.2070312500,-63.8728332520
22438.8105468750,-63.8858413696
22490.5585937500,-63.8996734619
22542.4003906250,-63.9172706604
22594.3632812500,-63.9361915588
22646.4433593750,-63.9598808289
22698.6464843750,-63.9845161438
22750.9667968750,-64.0117721558
22803.4101562500,-64.0395965576
22855.9980468750,-64.0686187744
22908.6835937500,-64.0990982056
22961.4902343750,-64.1318664551
23014.4179687500,-64.1680374146
23067.4667968750,-64.2081680298
23120.6386718750,-64.2521972656
23173.9335937500,-64.2994766235
23227.3769531250,-64.3470153809
23280.9179687500,-64.3946762085
23334.5820312500,-64.4357986450
23388.3710937500,-64.4745788574
23442.2812500000,-64.5026168823
23496.3183593750,-64.5286560059
23550.5039062500,-64.5474319458
23604.7910156250,-64.5660324097
23659.2011718750,-64.5862579346
23713.7363281250,-64.6081008911
23768.3984375000,-64.6358032227
23823.1875000000,-64.6658859253
23878.1015625000,-64.7002944946
23933.1679687500,-64.7364120483
23988.3359375000,-64.7741775513
24043.6308593750,-64.8136978149
24099.0527343750,-64.8541259766
24154.6035156250,-64.8989715576
24210.2812500000,-64.9447708130
24266.1132812500,-64.9978637695
24322.0488281250,-65.0516052246
24378.1132812500,-65.0968093872
24434.3066406250,-65.0979766846
24490.6289062500,-65.0999069214
24547.0820312500,-65.1051635742
24603.6640625000,-65.1055374146
24660.4042968750,-65.1083526611
24717.2480468750,-65.1158676147
24774.2226562500,-65.1163482666
24831.3300781250,-65.1287994385
24888.5683593750,-65.1369705200
24945.9375000000,-65.1477890015
25003.4394531250,-65.1612167358
25061.1015625000,-65.1626281738
25118.8691406250,-65.1697311401
25176.7714843750,-65.1949844360
25234.8046875000,-65.1967926025
25292.9726562500,-65.2125320435
25351.2753906250,-65.2253189087
25409.7402343750,-65.2328948975
25468.3105468750,-65.2515029907
25527.0175781250,-65.2548446655
25585.8593750000,-65.2758789063
25644.8359375000,-65.2761459351
25703.9492187500,-65.2816772461
25763.1972656250,-65.2915420532
25822.6132812500,-65.2948303223
25882.1347656250,-65.3230209351
25941.7949218750,-65.3717422485
26001.5937500000,-65.4233932495
26061.5292968750,-65.4761734009
26121.6015625000,-65.5312347412
26181.8437500000,-65.5904922485
26242.1953125000,-65.6520767212
26302.6835937500,-65.7218704224
26363.3144531250,-65.7936553955
26424.0839843750,-65.8696441650
26484.9921875000,-65.9443740845
26546.0429687500,-66.0182723999
26607.2617187500,-66.0824279785
26668.5937500000,-66.1418304443
26730.0664062500,-66.1904296875
26791.6816406250,-66.2299728394
26853.4375000000,-66.2638702393
26915.3378906250,-66.2851181030
26977.4082031250,-66.2877426147
27039.5937500000,-66.2880935669
27101.9218750000,-66.2886123657
27164.3945312500,-66.2902069092
27227.0097656250,-66.2905349731
27289.7695312500,-66.2926559448
27352.6738281250,-66.2950515747
27415.7539062500,-66.2973632813
27478.9492187500,-66.2982254028
27542.2910156250,-66.3018188477
27605.7773437500,-66.3022003174
27669.4101562500,-66.3064498901
27733.1914062500,-66.3079605103
27797.1171875000,-66.3107910156
27861.2226562500,-66.3115158081
27925.4453125000,-66.3147277832
27989.8144531250,-66.3149108887
28054.3339843750,-66.3260345459
28119.0000000000,-66.3522186279
28183.8164062500,-66.3835906982
28248.8144531250,-66.4254989624
28313.9296875000,-66.4713058472
28379.1953125000,-66.5206222534
28444.6113281250,-66.5711059570
28510.1777343750,-66.6194610596
28575.8964843750,-66.6647338867
28641.7656250000,-66.7006988525
28707.8183593750,-66.7305526733
28773.9921875000,-66.7505798340
28840.3183593750,-66.7591476440
28906.7968750000,-66.7594223022
28973.4296875000,-66.7600631714
29040.2148437500,-66.7624435425
29107.1855468750,-66.7665939331
29174.2812500000,-66.7905578613
29241.5292968750,-66.8374328613
29308.9335937500,-66.9000015259
29376.4921875000,-66.9872894287
29444.2070312500,-67.0820770264
29512.0781250000,-67.1780395508
29580.1386718750,-67.2622528076
29648.3222656250,-67.3254089355
29716.6640625000,-67.3384780884
29785.1621093750,-67.3594360352
29853.8203125000,-67.3728408813
29922.6347656250,-67.3932113647
29991.6406250000,-67.3954925537
30060.7734375000,-67.4060745239
30130.0664062500,-67.4113235474
30199.5175781250,-67.4156723022
30269.1308593750,-67.4385910034
30338.9023437500,-67.4925689697
30408.8359375000,-67.5465927124
30478.9648437500,-67.5941162109
30549.2207031250,-67.6306838989
30619.6386718750,-67.6538009644
30690.2187500000,-67.6621551514
30760.9628906250,-67.6626205444
30831.8691406250,-67.6633758545
30902.9375000000,-67.6694183350
30974.2050781250,-67.6897201538
31045.6035156250,-67.7261428833
31117.1660156250,-67.7791137695
31188.8925781250,-67.8468399048
31260.7851562500,-67.8807907104
31332.8437500000,-67.8878555298
31405.1035156250,-67.8965377808
31477.4941406250,-67.9141159058
31550.0507812500,-67.9212875366
31622.7773437500,-67.9307785034
31695.6699218750,-67.9562606812
31768.7304687500,-67.9779281616
31841.9589843750,-67.9945068359
31915.3925781250,-68.0094909668
31988.9589843750,-68.0314483643
32062.6972656250,-68.0604248047
32136.6035156250,-68.0682144165
32210.6796875000,-68.0839614868
32284.9277343750,-68.1136398315
32359.3828125000,-68.1269607544
32433.9726562500,-68.1280364990
32508.7363281250,-68.1498413086
32583.6718750000,-68.1572723389
32658.7792968750,-68.1658782959
32734.0585937500,-68.1813201904
32809.5156250000,-68.2286224365
32885.1796875000,-68.2677993774
32960.9804687500,-68.3010711670
33036.9570312500,-68.3316040039
33113.1093750000,-68.3623809814
33189.4375000000,-68.3961105347
33265.9414062500,-68.4348220825
33342.6250000000,-68.4796905518
33419.5156250000,-68.5310745239
33496.5507812500,-68.5883865356
33573.7617187500,-68.6500625610
33651.1523437500,-68.7127609253
33728.7226562500,-68.7703170776
33806.4687500000,-68.8169326782
33884.4335937500,-68.8493118286
33962.5390625000,-68.8685455322
34040.8242187500,-68.8801956177
34119.2890625000,-68.8917541504
34197.9375000000,-68.9089355469
34276.7656250000,-68.9324874878
34355.7773437500,-68.9490432739
34435.0078125000,-68.9548797607
34514.3828125000,-68.9573822021
34593.9414062500,-68.9651489258
34673.6835937500,-68.9698562622
34753.6054687500,-68.9752883911
34833.7187500000,-68.9794616699
34914.0507812500,-69.0061569214
34994.5273437500,-69.0663146973
35075.1953125000,-69.1342697144
35156.0429687500,-69.1985626221
35237.0820312500,-69.2523040771
35318.3046875000,-69.2945098877
35399.7148437500,-69.3281631470
35481.3554687500,-69.3568344116
35563.1406250000,-69.3823318481
35645.1171875000,-69.4047393799
35727.2812500000,-69.4239883423
35809.6367187500,-69.4414596558
35892.1796875000,-69.4599075317
35974.9531250000,-69.4816894531
36057.8789062500,-69.5065460205
36140.9921875000,-69.5310516357
36224.3007812500,-69.5503921509
36307.8007812500,-69.5616378784
36391.4921875000,-69.5663375854
36475.3789062500,-69.5708084106
36559.4960937500,-69.5839004517
36643.7695312500,-69.6133041382
36728.2343750000,-69.6619415283
36812.8945312500,-69.7073593140
36897.7539062500,-69.7762527466
36982.8046875000,-69.7766799927
37068.0507812500,-69.7844619751
37153.5390625000,-69.8034286499
37239.1796875000,-69.8157882690
37325.0195312500,-69.8364791870
37411.0546875000,-69.8530349731
37497.2890625000,-69.8664779663
37583.7226562500,-69.8726272583
37670.3984375000,-69.8768234253
37757.2304687500,-69.9579162598
37844.2656250000,-70.0618667603
37931.5000000000,-70.1588668823
38018.9335937500,-70.2538146973
38106.5703125000,-70.2814254761
38194.4062500000,-70.2815246582
38282.4921875000,-70.2834930420
38370.7343750000,-70.2848968506
38459.1796875000,-70.2882156372
38547.8320312500,-70.2902832031
38636.6875000000,-70.2909011841
38725.7500000000,-70.2990798950
38815.0585937500,-70.3203887939
38904.5273437500,-70.3539123535
38994.2070312500,-70.3974609375
39084.0898437500,-70.4465179443
39174.1835937500,-70.4971847534
39264.4804687500,-70.5475540161
39354.9882812500,-70.5810623169
39445.7460937500,-70.5912017822
39536.6718750000,-70.5914535522
39627.8085937500,-70.5962142944
39719.1523437500,-70.6176071167
39810.7070312500,-70.6202087402
39902.4765625000,-70.6396026611
39994.4960937500,-70.6500701904
40086.6875000000,-70.6609954834
40179.0898437500,-70.6712341309
40271.7070312500,-70.6800231934
40364.5351562500,-70.7073669434
40457.5781250000,-70.7567825317
40550.8359375000,-70.8119812012
40644.3515625000,-70.9192123413
40738.0390625000,-71.0530548096
40831.9453125000,-71.1450042725
40926.0664062500,-71.1500396729
41020.4023437500,-71.1539459229
41114.9570312500,-71.1846618652
41209.7304687500,-71.2185668945
41304.7656250000,-71.2228393555
41399.9765625000,-71.2281799316
41495.4062500000,-71.2583618164
41591.0585937500,-71.2589187622
41686.9257812500,-71.2997589111
41783.0195312500,-71.3827590942
41879.3789062500,-71.4581222534
41975.9140625000,-71.5169754028
42072.6679687500,-71.5577239990
42169.6484375000,-71.5985717773
42266.8554687500,-71.6440429688
42364.2812500000,-71.6898803711
42461.9335937500,-71.7081375122
42559.8593750000,-71.7159957886
42657.9648437500,-71.7409515381
42756.2929687500,-71.7482910156
42854.8476562500,-71.7985229492
42953.6328125000,-71.8006973267
43052.6445312500,-71.8125839233
43151.9296875000,-71.8650970459
43251.3984375000,-71.8720626831
43351.0976562500,-71.9053421021
43451.0234375000,-71.9147186279
43551.1796875000,-71.9213867188
43651.5703125000,-71.9585952759
43752.1914062500,-71.9877624512
43853.0898437500,-71.9987792969
43954.1757812500,-72.0048980713
44055.4921875000,-72.0175857544
44157.0429687500,-72.0344543457
44258.8281250000,-72.0587081909
44360.8476562500,-72.0908813477
44463.1015625000,-72.1521072388
44565.6406250000,-72.2190780640
44668.3671875000,-72.2626495361
44771.3320312500,-72.3045272827
44874.5351562500,-72.3461227417
44977.9726562500,-72.4106903076
45081.6484375000,-72.4314880371
45185.6171875000,-72.4398803711
45289.7734375000,-72.4595184326
45394.1679687500,-72.4656143188
45498.8046875000,-72.4744262695
45603.6835937500,-72.4967575073
45708.8046875000,-72.4971542358
45814.1640625000,-72.5093078613
45919.8203125000,-72.5296249390
46025.6679687500,-72.5313339233
46131.7617187500,-72.5401916504
46238.0976562500,-72.5975418091
46344.6796875000,-72.6387634277
46451.5078125000,-72.6588058472
46558.6328125000,-72.6830520630
46665.9531250000,-72.7554168701
46773.5234375000,-72.8835601807
46881.3398437500,-73.0027160645
46989.4023437500,-73.0379409790
47097.7187500000,-73.0414810181
47206.2812500000,-73.0625534058
47315.1484375000,-73.0696792603
47424.2109375000,-73.1028823853
47533.5273437500,-73.1069259644
47643.0976562500,-73.1252517700
47752.9179687500,-73.1281356812
47862.9921875000,-73.1421203613
47973.3710937500,-73.1597137451
48083.9531250000,-73.1605987549
48194.7890625000,-73.2220764160
48305.8828125000,-73.2348785400
48417.2304687500,-73.2644882202
48528.8359375000,-73.2657623291
48640.6992187500,-73.2903594971
48752.8710937500,-73.3053359985
48865.2500000000,-73.3580169678
48977.8867187500,-73.3580398560
49090.7851562500,-73.4156646729
49203.9453125000,-73.4369201660
49317.3632812500,-73.4404220581
49431.0429687500,-73.4868316650
49545.0390625000,-73.6234512329
49659.2421875000,-73.7408142090
49773.7109375000,-73.7465972900
49888.4453125000,-73.7492828369
50003.4414062500,-73.7660293579
50118.7031250000,-73.7799530029
50234.2851562500,-73.7906951904
50350.0781250000,-73.8072052002
50466.1367187500,-73.8128433228
50582.4648437500,-73.8303756714
50699.0625000000,-73.8427200317
50815.9257812500,-73.8562393188
50933.0625000000,-73.8934555054
51050.5234375000,-73.9021835327
51168.1953125000,-73.9281616211
51286.1445312500,-73.9379730225
51404.3593750000,-73.9630050659
51522.8515625000,-73.9635162354
51641.6171875000,-73.9920425415
51760.7109375000,-74.0733642578
51880.0234375000,-74.1212692261
51999.6093750000,-74.1226043701
52119.4726562500,-74.1263046265
52239.6093750000,-74.1329193115
52360.0273437500,-74.1795272827
52480.7187500000,-74.2419586182
52601.7500000000,-74.2862854004
52723.0000000000,-74.2886428833
52844.5312500000,-74.2920684814
52966.3398437500,-74.2990493774
53088.4335937500,-74.3004455566
53210.8046875000,-74.3374099731
53333.5195312500,-74.3952789307
53456.4570312500,-74.4762802124
53579.6757812500,-74.5794754028
53703.1835937500,-74.6980972290
53826.9726562500,-74.7422180176
53951.0468750000,-74.7603225708
54075.4062500000,-74.7637481689
54200.1132812500,-74.7968521118
54325.0507812500,-74.8010787964
54450.2734375000,-74.8022460938
54575.7851562500,-74.8053665161
54701.5859375000,-74.8073654175
54827.6757812500,-74.8104324341
54954.0585937500,-74.8244171143
55080.7929687500,-74.8266983032
55207.7578125000,-74.8438339233
55335.0156250000,-74.8502426147
55462.5664062500,-74.8531188965
55590.4101562500,-74.8626556396
55718.5507812500,-74.8803482056
55847.0468750000,-74.8824539185
55975.7773437500,-74.8896255493
56104.8085937500,-74.9361114502
56234.1328125000,-75.0698394775
56363.7578125000,-75.2246475220
56493.6796875000,-75.2777633667
56623.9023437500,-75.2912445068
56754.4843750000,-75.3296966553
56885.3085937500,-75.3485336304
57016.4335937500,-75.3651733398
57147.8593750000,-75.4071273804
57279.5898437500,-75.4312515259
57411.6210937500,-75.4719924927
57544.0234375000,-75.4832534790
57676.6679687500,-75.4940185547
57809.6171875000,-75.4948120117
57942.8710937500,-75.5214309692
58076.4335937500,-75.5245666504
58210.3046875000,-75.5308532715
58344.4843750000,-75.5362625122
58479.0351562500,-75.5464248657
58613.8320312500,-75.5670700073
58748.9414062500,-75.6304321289
58884.3632812500,-75.6427917480
59020.0937500000,-75.6504516602
59156.1406250000,-75.6939392090
59292.5000000000,-75.7075119019
59429.2382812500,-75.7679443359
59566.2265625000,-75.8585968018
59703.5312500000,-75.9283905029
59841.1523437500,-75.9517440796
59979.0898437500,-75.9636383057
60117.3476562500,-75.9667510986
60255.9882812500,-75.9906158447
60394.8828125000,-76.0023727417
60534.0976562500,-76.0058441162
60673.6328125000,-76.0367889404
60813.4882812500,-76.0427780151
60953.6679687500,-76.0590286255
61094.1718750000,-76.1373977661
61235.0625000000,-76.1495132446
61376.2148437500,-76.1695404053
61517.6914062500,-76.1733322144
61659.4960937500,-76.2169876099
61801.6250000000,-76.2227478027
61944.0820312500,-76.2526245117
62086.9335937500,-76.2558822632
62230.0507812500,-76.2710189819
62373.4960937500,-76.2712860107
62517.2695312500,-76.2737045288
62661.3750000000,-76.4101562500
62805.8164062500,-76.4987487793
62950.5859375000,-76.5748672485
63095.7617187500,-76.6343841553
63241.2031250000,-76.6352996826
63386.9765625000,-76.6714019775
63533.0898437500,-76.6771011353
63679.5390625000,-76.6935424805
63826.3242187500,-76.7313919067
63973.5195312500,-76.7466354370
64120.9804687500,-76.7584381104
64268.7851562500,-76.7671356201
64416.9296875000,-76.7904815674
64565.4140625000,-76.7937011719
64714.2421875000,-76.8087463379
64863.4140625000,-76.8394012451
65013.0000000000,-76.8689651489
65162.8593750000,-76.8697586060
65313.0625000000,-76.8912200928
65463.6132812500,-76.9002304077
65614.5156250000,-77.0170364380
65765.7578125000,-77.0529556274
65917.3515625000,-77.0628890991
66069.3671875000,-77.0692749023
66221.6640625000,-77.1128768921
66374.3125000000,-77.1262435913
66527.3125000000,-77.1266784668
66680.6562500000,-77.1679687500
66834.3593750000,-77.2069320679
66988.4921875000,-77.2788314819
67142.9062500000,-77.3255844116
67297.6796875000,-77.3687286377
67452.8046875000,-77.4093780518
67608.2890625000,-77.4229507446
67764.1250000000,-77.4281005859
67920.3281250000,-77.4391860962
68076.9609375000,-77.4500808716
68233.8906250000,-77.4634323120
68391.1718750000,-77.4867477417
68548.8203125000,-77.5105819702
68706.8281250000,-77.5364456177
68865.2031250000,-77.5973434448
69024.0156250000,-77.7126770020
69183.1250000000,-77.8451232910
69342.5937500000,-77.9033737183
69502.4296875000,-77.9160308838
69662.6406250000,-77.9185180664
69823.2187500000,-77.9397048950
69984.1640625000,-77.9555816650
70145.5625000000,-77.9722976685
70307.2500000000,-77.9753799438
70469.3125000000,-77.9874954224
70631.7500000000,-78.0155792236
70794.5625000000,-78.0226821899
70957.7500000000,-78.0571517944
71121.3906250000,-78.1003341675
71285.3281250000,-78.1472854614
71449.6484375000,-78.1728057861
71614.3437500000,-78.2106399536
71779.4218750000,-78.2112579346
71944.8750000000,-78.2418060303
72110.7187500000,-78.2451171875
72277.0156250000,-78.2459564209
72443.6171875000,-78.2802734375
72610.6093750000,-78.3072662354
72777.9765625000,-78.3094635010
72945.7343750000,-78.3298950195
73113.8828125000,-78.3373870850
73282.4140625000,-78.3568115234
73451.4140625000,-78.3583526611
73620.7265625000,-78.3621063232
73790.4296875000,-78.3808059692
73960.5234375000,-78.4479370117
74131.0078125000,-78.5246353149
74301.8828125000,-78.5262527466
74473.2343750000,-78.5316085815
74644.8984375000,-78.5325012207
74816.9609375000,-78.5425643921
74989.4218750000,-78.5498046875
75162.2734375000,-78.5838394165
75335.5312500000,-78.6246871948
75509.1875000000,-78.6516265869
75683.3203125000,-78.6924285889
75857.7812500000,-78.7653656006
76032.6328125000,-78.8488998413
76207.8984375000,-78.9057540894
76383.5625000000,-78.9248123169
76559.6328125000,-78.9336242676
76736.1875000000,-78.9343719482
76913.0703125000,-78.9412002563
77090.3593750000,-78.9679260254
77268.0625000000,-78.9696273804
77446.1718750000,-78.9720382690
77624.6875000000,-78.9848175049
77803.6171875000,-78.9851760864
77983.0468750000,-79.0067749023
78162.8046875000,-79.0488052368
78342.9765625000,-79.1360168457
78523.5625000000,-79.2049102783
78704.5625000000,-79.2961883545
78885.9843750000,-79.4085464478
79067.8203125000,-79.4884948730
79250.1640625000,-79.5362091064
79432.8437500000,-79.6467819214
79615.9375000000,-79.6588134766
79799.4609375000,-79.6845169067
79983.4062500000,-79.6866836548
80167.7734375000,-79.6978683472
80352.6484375000,-79.7351531982
80537.8671875000,-79.7379150391
80723.5156250000,-79.7637176514
80909.5859375000,-79.7639389038
81096.0937500000,-79.7720565796
81283.0234375000,-79.7834701538
81470.3828125000,-79.7869110107
81658.2734375000,-79.8694686890
81846.5000000000,-79.8755569458
82035.1640625000,-79.8903198242
82224.2578125000,-79.8966522217
82413.7890625000,-79.9423828125
82603.7578125000,-79.9569320679
82794.2578125000,-79.9645919800
82985.1015625000,-79.9861297607
83176.3906250000,-80.0173187256
83368.1171875000,-80.1000137329
83560.2890625000,-80.1337890625
83752.8984375000,-80.1352081299
83945.9609375000,-80.1460342407
84139.5546875000,-80.1496734619
84333.5000000000,-80.1637954712
84527.8906250000,-80.1648712158
84722.7343750000,-80.1847229004
84918.0312500000,-80.2598266602
85113.7734375000,-80.3707122803
85310.0546875000,-80.3876495361
85506.7031250000,-80.4243011475
85703.8046875000,-80.4733734131
85901.3515625000,-80.5213241577
86099.3671875000,-80.5383529663
86297.8281250000,-80.6326828003
86496.7500000000,-80.6532135010
86696.2265625000,-80.6632156372
86896.0703125000,-80.6651458740
87096.3671875000,-80.6922149658
87297.1328125000,-80.7159194946
87498.3593750000,-80.7793655396
87700.0468750000,-80.7948837280
87902.2031250000,-80.7986831665
88104.9218750000,-80.8120269775
88308.0078125000,-80.8123931885
88511.5703125000,-80.8202514648
88715.5937500000,-80.8211135864
88920.0859375000,-80.8421096802
89125.0546875000,-80.8445358276
89330.5937500000,-80.8541412354
89536.5078125000,-80.8891067505
89742.8906250000,-80.9884719849
89949.7578125000,-81.0182113647
90157.1015625000,-81.0197982788
90364.9140625000,-81.2107696533
90573.2109375000,-81.3284530640
90782.0937500000,-81.3584747314
90991.3515625000,-81.3643341064
91201.0937500000,-81.3726348877
91411.3203125000,-81.3807601929
91622.0234375000,-81.3937454224
91833.2187500000,-81.3937454224
92045.0078125000,-81.3982543945
92257.1718750000,-81.4063491821
92469.8359375000,-81.4107437134
92682.9843750000,-81.4131011963
92896.6250000000,-81.4282379150
93110.7578125000,-81.4332733154
93325.3828125000,-81.4681701660
93540.6093750000,-81.4735107422
93756.2265625000,-81.4850921631
93972.3437500000,-81.4928207397
94188.9531250000,-81.5136032104
94406.0703125000,-81.5136184692
94623.6796875000,-81.5334396362
94841.8984375000,-81.5881195068
95060.5156250000,-81.6281814575
95279.6328125000,-81.6281814575
95499.2656250000,-81.6281814575
95719.3984375000,-81.6567153931
95940.0390625000,-81.7714462280
96161.1875000000,-81.7903518677
96382.9453125000,-81.8679962158
96605.1171875000,-81.8748931885
96827.7968750000,-81.9002532959
97050.9921875000,-81.9511108398
97274.7031250000,-81.9952239990
97498.9296875000,-82.0287704468
97723.6718750000,-82.0427703857
97949.0390625000,-82.0549774170
98174.8203125000,-82.1314086914
98401.1171875000,-82.1527709961
98627.9375000000,-82.1563186646
98855.2812500000,-82.1777267456
99083.1484375000,-82.1988525391
99311.6562500000,-82.2187500000
99540.5781250000,-82.2191696167
99770.0234375000,-82.2443771362
100000.0000000000,-82.4040374756
100230.5078125000,-82.4753952026
100461.5468750000,-82.5422973633
100693.1171875000,-82.5999145508
100925.3359375000,-82.6453781128
101157.9687500000,-82.6782913208
101391.1484375000,-82.7001647949
101624.8593750000,-82.7141723633
101859.1171875000,-82.7241973877
102093.9062500000,-82.7287292480
102329.3515625000,-82.7314453125
102565.2265625000,-82.7334060669
102801.6484375000,-82.7394561768
103038.6171875000,-82.7422561646
103276.1250000000,-82.7431793213
103514.1875000000,-82.7525939941
103752.7890625000,-82.7535247803
103992.0625000000,-82.7590713501
104231.7734375000,-82.7597732544
104472.0312500000,-82.7652587891
104712.8515625000,-82.8034133911
104954.2187500000,-82.8479614258
105196.1484375000,-82.8920440674
105438.6328125000,-82.9304580688
105681.7890625000,-82.9612350464
105925.3984375000,-82.9856262207
106169.5625000000,-83.0069122314
106414.2890625000,-83.0285720825
106659.5859375000,-83.0529861450
106905.4375000000,-83.0808792114
107151.9843750000,-83.1114807129
107398.9765625000,-83.1429595947
107646.5390625000,-83.1731796265
107894.6718750000,-83.2003479004
108143.3750000000,-83.2237243652
108392.6562500000,-83.2440872192
108642.5078125000,-83.2638778687
108893.0546875000,-83.2867431641
109144.0625000000,-83.3164520264
109395.6484375000,-83.3556594849
109647.8125000000,-83.4045028687
109900.5546875000,-83.4597091675
110153.8828125000,-83.4695739746
110407.9218750000,-83.4785537720
110662.4140625000,-83.4813003540
110917.5000000000,-83.5071640015
111173.1718750000,-83.5098190308
111429.4375000000,-83.5145416260
111686.2890625000,-83.5460510254
111943.7343750000,-83.5511779785
112201.8984375000,-83.5599746704
112460.5312500000,-83.5777816772
112719.7578125000,-83.5861816406
112979.5859375000,-83.5934829712
113240.0078125000,-83.6054000854
113501.0390625000,-83.6649551392
113762.7890625000,-83.7253036499
114025.0234375000,-83.7814941406
114287.8593750000,-83.8279190063
114551.2968750000,-83.8322906494
114815.3437500000,-83.8396301270
115080.0078125000,-83.8421173096
115345.2734375000,-83.8593215942
115611.2812500000,-83.8624649048
115877.7734375000,-83.8727722168
116144.8750000000,-83.8744888306
116412.6015625000,-83.9302902222
116680.9375000000,-84.0053787231
116949.8984375000,-84.0909500122
117219.4765625000,-84.1753005981
117489.8046875000,-84.2470626831
117760.6250000000,-84.2990875244
118032.0703125000,-84.3311309814
118304.1406250000,-84.3495178223
118576.8437500000,-84.3637084961
118850.1718750000,-84.3816604614
119124.2578125000,-84.4063949585
119398.8515625000,-84.4490509033
119674.0703125000,-84.4828720093
119949.9296875000,-84.4934539795
120226.4218750000,-84.4965057373
120503.5546875000,-84.4970016479
120781.3203125000,-84.5003738403
121059.8671875000,-84.5103073120
121338.9140625000,-84.5277786255
121618.6093750000,-84.5515136719
121898.9531250000,-84.5792922974
122179.9375000000,-84.6095657349
122461.5703125000,-84.6608352661
122743.9843750000,-84.7224578857
123026.9218750000,-84.7723159790
123310.5078125000,-84.8269348145
123594.7421875000,-84.8815460205
123879.6406250000,-84.9299316406
124165.1953125000,-84.9667663574
124451.3984375000,-84.9897155762
124738.4062500000,-85.0017166138
125025.9375000000,-85.0034103394
125314.1328125000,-85.0054321289
125602.9921875000,-85.0110397339
125892.5156250000,-85.0200195313
126182.7031250000,-85.0314331055
126473.7031250000,-85.0451889038
126765.2343750000,-85.0754699707
127057.4375000000,-85.1234359741
127350.3125000000,-85.1706771851
127643.8671875000,-85.2280883789
127938.0937500000,-85.2912445068
128233.0000000000,-85.3543243408
128528.7265625000,-85.4120941162
128824.9921875000,-85.4803085327
129121.9453125000,-85.5268249512
129419.5781250000,-85.5381317139
129717.8984375000,-85.5422668457
130016.9140625000,-85.5428161621
130316.6093750000,-85.5465621948
130617.1406250000,-85.5549087524
130918.2265625000,-85.5894088745
131220.0000000000,-85.6406326294
131522.4687500000,-85.7020721436
131825.6406250000,-85.7653350830
132129.5000000000,-85.8482818604
132434.2187500000,-85.9144287109
132739.4843750000,-85.9488983154
133045.4687500000,-85.9782867432
133352.1406250000,-85.9939270020
133659.5312500000,-86.0035858154
133967.6250000000,-86.0039291382
134276.4218750000,-86.0167846680
134586.0937500000,-86.0352478027
134896.3281250000,-86.0472106934
135207.2656250000,-86.0593032837
135518.9375000000,-86.0637054443
135831.3125000000,-86.0826263428
136144.4062500000,-86.0828857422
136458.3906250000,-86.1015548706
136772.9375000000,-86.1114196777
137088.2031250000,-86.1231307983
137404.2031250000,-86.1268692017
137720.9218750000,-86.1451034546
138038.3906250000,-86.2359924316
138356.5781250000,-86.2922592163
138675.6406250000,-86.3428344727
138995.2968750000,-86.4058990479
139315.7031250000,-86.4564132690
139636.8281250000,-86.4829635620
139958.7031250000,-86.5058288574
140281.3125000000,-86.5342330933
140604.6718750000,-86.5554656982
140928.9375000000,-86.5641860962
141253.7812500000,-86.5759963989
141579.3906250000,-86.5996780396
141905.7343750000,-86.6317291260
142232.8437500000,-86.6775588989
142560.7031250000,-86.7604827881
142889.4687500000,-86.7649459839
143218.8281250000,-86.7670440674
143548.9687500000,-86.7863159180
143879.8593750000,-86.7924880981
144211.5156250000,-86.8138656616
144543.9218750000,-86.8233489990
144877.1093750000,-86.8345870972
145211.2187500000,-86.8596420288
145545.9375000000,-86.8623046875
145881.4375000000,-86.8629074097
146217.7031250000,-86.9143142700
146554.7500000000,-86.9465408325
146892.5625000000,-86.9845581055
147231.3281250000,-87.0120239258
147570.7031250000,-87.0297546387
147910.8593750000,-87.0739364624
148251.8125000000,-87.1440353394
148593.5468750000,-87.2047195435
148936.0625000000,-87.2969970703
149279.3750000000,-87.3726654053
149623.6250000000,-87.4114074707
149968.5312500000,-87.4193191528
150314.2187500000,-87.4216308594
150660.7031250000,-87.4221725464
151007.9843750000,-87.4433059692
151356.0625000000,-87.4717864990
151705.1250000000,-87.5239105225
152054.8125000000,-87.5735244751
152405.3125000000,-87.5926513672
152756.6093750000,-87.5961227417
153108.7187500000,-87.6003875732
153461.6562500000,-87.6116333008
153815.3906250000,-87.6301727295
154170.1093750000,-87.6302413940
154525.4843750000,-87.6304550171
154881.6875000000,-87.6485366821
155238.7031250000,-87.6493911743
155596.5312500000,-87.6764068604
155955.1875000000,-87.7062911987
156314.6875000000,-87.7448577881
156675.1718750000,-87.7854003906
157036.3125000000,-87.8424758911
157398.2968750000,-87.9108886719
157761.1093750000,-87.9689712524
158124.7656250000,-87.9914245605
158489.2500000000,-87.9940185547
158854.7500000000,-88.0001754761
159220.9218750000,-88.0022125244
159587.9375000000,-88.0052108765
159955.7968750000,-88.0257797241
160324.5156250000,-88.0421066284
160694.0625000000,-88.0515136719
161064.4843750000,-88.0573959351
161435.9218750000,-88.0661087036
161808.0468750000,-88.0768814087
162181.0312500000,-88.1073074341
162554.8593750000,-88.1570281982
162929.5625000000,-88.2259216309
163305.1250000000,-88.2919311523
163681.7343750000,-88.3150482178
164059.0312500000,-88.3235778809
164437.2031250000,-88.3253173828
164816.2343750000,-88.3266067505
165196.1562500000,-88.3758087158
165576.9375000000,-88.4564437866
165958.6093750000,-88.5442733765
166341.3437500000,-88.6154479980
166724.7656250000,-88.6529693604
167109.0781250000,-88.6698379517
167494.2812500000,-88.6836547852
167880.3593750000,-88.7105865479
168267.3437500000,-88.7259445190
168655.3906250000,-88.7337493896
169044.1562500000,-88.7544784546
169433.8125000000,-88.7589874268
169824.3750000000,-88.7869567871
170215.8281250000,-88.8000793457
170608.1875000000,-88.8012924194
171001.4531250000,-88.8290557861
171395.8125000000,-88.8294601440
171790.8906250000,-88.8830032349
172186.8750000000,-88.9852142334
172583.7812500000,-89.0589675903
172981.6093750000,-89.1000442505
173380.3437500000,-89.1167297363
173779.9843750000,-89.1436386108
174180.7500000000,-89.1780090332
174582.2500000000,-89.2189865112
174984.6875000000,-89.2555694580
175388.0312500000,-89.2824859619
175792.3125000000,-89.3141555786
176197.5312500000,-89.3419876099
176603.8750000000,-89.3734588623
177010.9531250000,-89.3997650146
177418.9843750000,-89.4008331299
177827.9375000000,-89.4030075073
178237.8437500000,-89.4082717896
178648.7031250000,-89.4407577515
179060.5000000000,-89.5107803345
179473.4375000000,-89.5746917725
179887.1406250000,-89.5892486572
180301.7968750000,-89.5988845825
180717.4062500000,-89.5999221802
181133.9687500000,-89.6289367676
181551.5000000000,-89.6574554443
181970.1875000000,-89.6884689331
182389.6406250000,-89.6890487671
182810.0625000000,-89.7118377686
183231.4531250000,-89.7536010742
183653.8125000000,-89.8081741333
184077.1406250000,-89.8179016113
184501.4531250000,-89.8379898071
184926.9531250000,-89.8526153564
185353.2187500000,-89.8670578003
185780.4687500000,-89.9110870361
186208.7031250000,-89.9130325317
186637.9375000000,-89.9468994141
187068.1406250000,-89.9622116089
187499.3437500000,-89.9625701904
187931.7500000000,-89.9665374756
188364.9531250000,-89.9742202759
188799.1406250000,-89.9771575928
189234.3437500000,-90.0061569214
189670.5312500000,-90.0083694458
190107.7500000000,-90.0889358521
190546.1562500000,-90.1954956055
190985.3906250000,-90.2609481812
191425.6250000000,-90.2906417847
191866.8750000000,-90.2976531982
192309.1406250000,-90.3180236816
192752.4218750000,-90.3669204712
193196.7343750000,-90.4466247559
193642.2812500000,-90.4635162354
194088.6406250000,-90.4834289551
194536.0312500000,-90.5382461548
194984.4375000000,-90.5586700439
195433.8906250000,-90.5661849976
195884.3906250000,-90.6317520142
196336.1250000000,-90.6363830566
196788.7031250000,-90.6368179321
197242.3125000000,-90.6671752930
197696.9687500000,-90.6732788086
198152.6718750000,-90.6824798584
198609.4218750000,-90.6913604736
199067.2343750000,-90.7360763550
199526.3125000000,-90.8326721191
199986.2343750000,-90.9030151367
200447.2187500000,-90.9874954224
200909.2656250000,-91.0335617065
201372.3750000000,-91.0458831787
201836.5625000000,-91.0543289185
202302.0312500000,-91.0654754639
202768.3437500000,-91.0843276978
203235.7343750000,-91.0918960571
203704.2187500000,-91.1075820923
204173.7656250000,-91.1488800049
204644.4062500000,-91.1829528809
205116.1250000000,-91.1942672729
205589.1562500000,-91.2093429565
206063.0468750000,-91.2479095459
206538.0468750000,-91.3017730713
207014.1250000000,-91.3382720947
207491.3125000000,-91.3616561890
207969.5937500000,-91.3795852661
208448.9843750000,-91.3979949951
208929.7031250000,-91.4291305542
209411.2968750000,-91.4431076050
209894.0000000000,-91.4616622925
210377.8281250000,-91.4650497437
210862.7500000000,-91.4790267944
211348.8125000000,-91.4803543091
211836.2187500000,-91.5435256958
212324.5156250000,-91.6115493774
212813.9375000000,-91.6639633179
213304.4843750000,-91.6793060303
213796.1718750000,-91.7014923096
214288.9843750000,-91.7363128662
214782.9375000000,-91.7580032349
215278.2656250000,-91.7583770752
215774.5000000000,-91.7718353271
216271.8750000000,-91.7743835449
216770.3906250000,-91.8060913086
217270.0625000000,-91.8228912354
217770.8906250000,-91.8425445557
218273.1093750000,-91.8592681885
218776.2343750000,-91.8834991455
219280.5312500000,-91.9337921143
219785.9843750000,-92.0503463745
220292.6093750000,-92.1534576416
220800.4062500000,-92.1721572876
221309.3593750000,-92.1887817383
221819.7343750000,-92.2257843018
222331.0468750000,-92.2289886475
222843.5468750000,-92.2327804565
223357.2031250000,-92.2710800171
223872.0625000000,-92.2726593018
224388.1093750000,-92.2935791016
224905.5781250000,-92.2943496704
225424.0000000000,-92.3011169434
225943.6250000000,-92.3572082520
226464.4375000000,-92.5047912598
226986.4531250000,-92.5048522949
227509.6718750000,-92.5194091797
228034.1093750000,-92.5471267700
228559.9843750000,-92.5676574707
229086.8281250000,-92.5819168091
229614.8906250000,-92.6193237305
230144.1718750000,-92.6285629272
230674.6718750000,-92.6471710205
231206.3906250000,-92.6486282349
231739.3437500000,-92.6979598999
232273.7812500000,-92.6983261108
232809.1875000000,-92.7048034668
233345.8281250000,-92.7435073853
233883.7031250000,-92.7471847534
234422.8125000000,-92.7984848022
234963.1875000000,-92.9141464233
235505.0468750000,-92.9431076050
236047.9062500000,-92.9690093994
236592.0156250000,-92.9691085815
237137.3750000000,-93.0130462646
237683.9843750000,-93.0274124146
238231.8750000000,-93.0294342041
238781.0156250000,-93.0508880615
239331.6718750000,-93.0636291504
239883.3593750000,-93.0674591064
240436.2968750000,-93.0859298706
240990.5312500000,-93.1280364990
241546.0312500000,-93.1805267334
242102.8125000000,-93.1867370605
242661.1406250000,-93.2000808716
243220.4843750000,-93.2247924805
243781.1250000000,-93.2340164185
244343.0625000000,-93.2726593018
244906.2968750000,-93.2749786377
245470.8125000000,-93.3634948730
246036.6406250000,-93.4276351929
246604.0468750000,-93.4296798706
247172.4843750000,-93.4843673706
247742.2343750000,-93.5033645630
248313.2968750000,-93.5098037720
248885.6718750000,-93.5267868042
249459.3750000000,-93.5329513550
250034.4062500000,-93.5452270508
250611.0156250000,-93.5509490967
251188.7031250000,-93.6024246216
251767.7031250000,-93.6090240479
252348.0468750000,-93.6769409180
252929.7343750000,-93.7639007568
253512.7500000000,-93.8124923706
254097.3906250000,-93.8230743408
254683.1093750000,-93.8478393555
255270.1718750000,-93.8559417725
255858.5781250000,-93.8682479858
256448.3593750000,-93.8883438110
257039.4843750000,-93.8936538696
257631.9843750000,-93.9648666382
258226.1250000000,-93.9764099121
258821.3593750000,-93.9955520630
259417.9531250000,-94.0513229370
260015.9375000000,-94.1049423218
260615.2812500000,-94.1186141968
261216.0312500000,-94.1345520020
261818.4375000000,-94.1359863281
262421.9375000000,-94.1514587402
263026.8437500000,-94.1904907227
263633.1562500000,-94.1967315674
264240.8437500000,-94.1981124878
264849.9375000000,-94.2226791382
265460.4375000000,-94.2561874390
266072.6250000000,-94.2837371826
266685.9375000000,-94.2880859375
267300.6562500000,-94.2990264893
267916.8125000000,-94.3075942993
268534.3750000000,-94.3397750854
269153.3750000000,-94.3754501343
269774.0937500000,-94.4399108887
270395.9375000000,-94.4487991333
271019.2187500000,-94.5027999878
271643.9375000000,-94.5448684692
272270.0937500000,-94.5756683350
272897.6875000000,-94.6497344971
273526.7500000000,-94.6772766113
274157.5312500000,-94.6922760010
274789.5000000000,-94.7140274048
275422.9062500000,-94.7232971191
276057.7812500000,-94.7241516113
276694.0937500000,-94.7456588745
277331.9062500000,-94.7560272217
277971.1875000000,-94.7806701660
278612.2187500000,-94.7934799194
279254.4375000000,-94.8297882080
279898.1562500000,-94.8974456787
280543.3437500000,-94.9061508179
281190.0000000000,-94.9181518555
281838.1562500000,-94.9659805298
282488.1250000000,-94.9680480957
283139.2812500000,-95.0017700195
283791.9375000000,-95.0255279541
284446.0937500000,-95.0411605835
285101.7812500000,-95.0743789673
285758.9687500000,-95.1337890625
286417.6562500000,-95.2678222656
287078.1875000000,-95.3708419800
287739.9062500000,-95.3926391602
288403.1875000000,-95.4054031372
289067.9687500000,-95.4497833252
289734.2812500000,-95.4701385498
290402.1562500000,-95.5119247437
291071.8750000000,-95.5193405151
291742.8125000000,-95.5422668457
292415.2812500000,-95.5449676514
293089.3437500000,-95.5703887939
293764.9062500000,-95.5710754395
294442.0625000000,-95.5949707031
295120.7812500000,-95.6020507813
295801.3750000000,-95.6093673706
296483.2187500000,-95.6155853271
297166.6250000000,-95.6367721558
297851.6250000000,-95.6908569336
298538.1875000000,-95.6937179565
299226.3437500000,-95.7316513062
299916.4062500000,-95.7327728271
300607.7500000000,-95.7391281128
301300.6562500000,-95.7455215454
301995.1875000000,-95.7473602295
302691.3125000000,-95.7621536255
303389.0312500000,-95.7629699707
304088.3750000000,-95.7820434570
304789.6562500000,-95.8338088989
305492.2187500000,-95.8967056274
306196.3750000000,-95.9621353149
306902.1875000000,-96.0211257935
307609.6250000000,-96.0672912598
308318.6875000000,-96.0990066528
309029.3750000000,-96.1198654175
309742.0625000000,-96.1368408203
310456.0312500000,-96.1572570801
311171.6562500000,-96.1840972900
311888.9375000000,-96.2158737183
312607.8437500000,-96.2480773926
313328.4375000000,-96.2755889893
314051.0312500000,-96.2950057983
314774.9375000000,-96.3061752319
315500.5000000000,-96.3123703003
316227.7812500000,-96.3190689087
316956.6875000000,-96.3319854736
317687.3125000000,-96.3550338745
318419.5937500000,-96.3888473511
319153.9375000000,-96.4303741455
319889.5937500000,-96.4735031128
320626.9687500000,-96.5110778809
321366.0312500000,-96.5207290649
322106.8125000000,-96.5249862671
322849.2812500000,-96.5317077637
323593.8125000000,-96.5365066528
324339.7187500000,-96.5370864868
325087.3750000000,-96.5468444824
325836.7187500000,-96.5486373901
326587.7812500000,-96.5636749268
327340.5937500000,-96.6185913086
328095.1250000000,-96.6936645508
328851.7812500000,-96.7819519043
329609.8125000000,-96.8742523193
330369.5937500000,-96.9622650146
331131.0937500000,-97.0404891968
331894.3750000000,-97.1052932739
332659.4375000000,-97.1580734253
333426.2187500000,-97.1968765259
334195.1562500000,-97.2212142944
334965.5000000000,-97.2248382568
335737.6250000000,-97.2274703979
336511.5312500000,-97.2304763794
337287.2187500000,-97.2318878174
338064.6875000000,-97.2320938110
338844.3125000000,-97.2486648560
339625.3750000000,-97.2807617188
340408.2500000000,-97.3248825073
341192.9062500000,-97.3760986328
341979.3750000000,-97.4273300171
342767.6562500000,-97.4710922241
343557.7812500000,-97.5016632080
344350.0625000000,-97.5098419189
345143.8125000000,-97.5145721436
345939.4062500000,-97.5169143677
346736.8125000000,-97.5169754028
347536.0625000000,-97.5193481445
348337.1562500000,-97.5427474976
349140.5000000000,-97.5686492920
349945.2812500000,-97.5949172974
350751.9375000000,-97.6168136597
351560.4375000000,-97.6319503784
352370.8125000000,-97.6409606934
353183.0625000000,-97.6466522217
353997.1562500000,-97.6521835327
354813.5312500000,-97.6594009399
355631.4062500000,-97.6683273315
356451.1562500000,-97.6778640747
357272.8125000000,-97.6871948242
358096.3437500000,-97.6969451904
358921.7812500000,-97.7092971802
359749.5312500000,-97.7404174805
360578.7812500000,-97.7894210815
361409.9375000000,-97.8339614868
362243.0000000000,-97.8843078613
363078.0000000000,-97.9360046387
363914.9375000000,-97.9841232300
364753.7812500000,-98.0245056152
365594.9687500000,-98.0548782349
366437.6875000000,-98.0611343384
367282.3437500000,-98.0626296997
368128.9687500000,-98.0722122192
368977.5312500000,-98.0752563477
369828.0312500000,-98.0835800171
370680.5312500000,-98.0875167847
371535.3750000000,-98.0914382935
372391.7812500000,-98.0925903320
373250.1875000000,-98.0960922241
374110.5625000000,-98.0976638794
374972.9062500000,-98.0991058350
375837.2500000000,-98.1633682251
376703.9687500000,-98.2357788086
377572.3125000000,-98.3168029785
378442.6562500000,-98.3954315186
379314.9687500000,-98.4619293213
380189.3437500000,-98.5108566284
381065.6875000000,-98.5510025024
381944.0625000000,-98.5692443848
382824.9062500000,-98.5747604370
383707.3437500000,-98.5789566040
384591.8125000000,-98.5831146240
385478.3125000000,-98.5884704590
386366.8750000000,-98.6045227051
387257.5000000000,-98.6359329224
388150.5625000000,-98.6704254150
389045.2812500000,-98.7143707275
389942.0625000000,-98.7640991211
390840.9062500000,-98.8143081665
391741.8125000000,-98.8667526245
392644.8125000000,-98.8689498901
393549.8750000000,-98.8777694702
394457.4687500000,-98.8837203979
395366.7187500000,-98.8949661255
396278.0937500000,-98.9204254150
397191.5312500000,-98.9209976196
398107.0937500000,-98.9238357544
399024.7500000000,-98.9337463379
399944.9687500000,-98.9342956543
400866.8750000000,-98.9767379761
401790.9062500000,-98.9814605713
402717.0625000000,-98.9963989258
403645.3437500000,-99.0001602173
404575.7812500000,-99.0004501343
405508.3437500000,-99.0437469482
406443.5312500000,-99.0514984131
407380.4062500000,-99.0614318848
408319.4375000000,-99.0695571899
409260.6562500000,-99.0778045654
410204.0312500000,-99.1211471558
411149.5625000000,-99.1775512695
412097.3125000000,-99.2388000488
413047.6562500000,-99.3338165283
413999.7812500000,-99.4284973145
414954.0625000000,-99.4909820557
415910.5625000000,-99.5533370972
416869.2812500000,-99.6431274414
417830.1875000000,-99.7218704224
418793.7812500000,-99.7607345581
419759.1250000000,-99.7833099365
420726.6875000000,-99.7849349976
421696.5000000000,-99.7860488892
422668.5312500000,-99.7898712158
423642.8125000000,-99.7971725464
424619.3437500000,-99.8160324097
425598.5937500000,-99.8754653931
426579.6250000000,-99.9249114990
427562.9375000000,-99.9895477295
428548.5000000000,-99.9895782471
429536.3125000000,-99.9946517944
430526.4375000000,-99.9961700439
431519.3125000000,-100.0149230957
432514.0000000000,-100.0149917603
433510.9687500000,-100.0297546387
434510.2500000000,-100.0332565308
435511.8125000000,-100.0373306274
436515.6875000000,-100.0373306274
437521.9062500000,-100.0822143555
438530.9062500000,-100.1359863281
439541.7500000000,-100.1602325439
440554.9062500000,-100.1627655029
441570.4375000000,-100.1654815674
442588.2812500000,-100.1735000610
443608.4687500000,-100.1783370972
444631.0312500000,-100.1785278320
445656.4062500000,-100.1953811646
446683.6875000000,-100.1960296631
447713.3125000000,-100.2113418579
448745.3437500000,-100.2191238403
449779.7187500000,-100.2243652344
450816.5000000000,-100.2437438965
451856.1562500000,-100.2438735962
452897.7187500000,-100.2498550415
453941.6875000000,-100.3067932129
454988.0625000000,-100.3811492920
456036.8437500000,-100.4585189819
457088.0312500000,-100.5068435669
458141.6562500000,-100.5749893188
459198.1875000000,-100.6444091797
460256.6875000000,-100.6930541992
461317.6250000000,-100.7635803223
462380.9687500000,-100.8026885986
463446.8125000000,-100.8075485229
464515.0937500000,-100.8166503906
465586.3437500000,-100.8232345581
466659.5312500000,-100.8266754150
467735.2187500000,-100.8419799805
468813.3750000000,-100.8501358032
469894.0312500000,-100.8608856201
470977.1875000000,-100.8703613281
472062.8125000000,-100.8799819946
473151.4687500000,-100.8814926147
474242.1250000000,-100.9057540894
475335.2812500000,-100.9914855957
476430.9687500000,-101.0900192261
477529.1562500000,-101.1816253662
478629.9062500000,-101.1838455200
479733.7187500000,-101.1979827881
480839.5312500000,-101.2045059204
481947.9062500000,-101.2373199463
483058.8125000000,-101.2458724976
484172.3125000000,-101.2531433105
485288.3437500000,-101.2749404907
486406.9687500000,-101.2765502930
487528.7187500000,-101.2776565552
488652.5000000000,-101.2819671631
489778.8750000000,-101.2828903198
490907.8437500000,-101.2933273315
492039.4375000000,-101.2986602783
493173.6250000000,-101.3258209229
494310.4375000000,-101.3942337036
495450.3750000000,-101.4756851196
496592.4375000000,-101.5596237183
497737.1250000000,-101.6427841187
498884.4375000000,-101.7189712524
500034.4062500000,-101.7724075317
501187.0000000000,-101.8024139404
502342.8437500000,-101.8111572266
503500.7812500000,-101.8134841919
504661.3750000000,-101.8154907227
505824.6562500000,-101.8192596436
506990.6250000000,-101.8291778564
508159.2812500000,-101.8496780396
509330.6250000000,-101.8872909546
510505.2187500000,-101.9342575073
511681.9687500000,-101.9767913818
512861.4375000000,-102.0029449463
514043.6250000000,-102.0086822510
515228.5312500000,-102.0241088867
516416.1562500000,-102.0676116943
517607.0937500000,-102.1360397339
518800.2187500000,-102.1412429810
519996.0937500000,-102.1536407471
521194.7187500000,-102.2017288208
522396.1250000000,-102.2130966187
523600.2812500000,-102.2340011597
524807.1875000000,-102.2541732788
526017.5000000000,-102.2732009888
527230.0000000000,-102.2816314697
528445.3125000000,-102.2913055420
529663.4375000000,-102.3312149048
530884.3125000000,-102.3316879272
532108.0625000000,-102.3376235962
533335.1875000000,-102.3543167114
534564.5625000000,-102.4071121216
535796.7500000000,-102.4505233765
537031.8125000000,-102.4537353516
538269.6875000000,-102.4578094482
539510.4375000000,-102.4644699097
540754.0625000000,-102.4692535400
542001.1250000000,-102.4701156616
543250.5000000000,-102.4706192017
544502.7500000000,-102.5106277466
545757.8750000000,-102.5737380981
547015.8750000000,-102.6151809692
548276.7500000000,-102.6573181152
549540.5625000000,-102.7310791016
550807.9375000000,-102.7562942505
552077.5625000000,-102.7756423950
553350.1250000000,-102.7826919556
554625.6875000000,-102.7907257080
555904.1250000000,-102.8102264404
557185.5000000000,-102.8234710693
558470.5000000000,-102.8363342285
559757.8125000000,-102.8615264893
561048.0625000000,-102.8730850220
562341.3125000000,-102.8947525024
563637.5625000000,-102.8953094482
564936.8125000000,-102.9134445190
566239.0000000000,-102.9278945923
567544.8750000000,-102.9360809326
568853.0625000000,-102.9759750366
570164.3125000000,-103.0686264038
571478.6250000000,-103.1286315918
572795.8750000000,-103.1644897461
574116.2500000000,-103.1868667603
575440.2500000000,-103.2144165039
576766.6875000000,-103.2565155029
578096.1875000000,-103.3133163452
579428.6875000000,-103.3673248291
580764.3125000000,-103.3732070923
582103.0625000000,-103.3732986450
583444.8125000000,-103.3767242432
584790.3750000000,-103.3873367310
586138.3125000000,-103.3955612183
587489.4375000000,-103.4125442505
588843.6250000000,-103.4231033325
590200.9375000000,-103.4336318970
591561.4375000000,-103.4602966309
592925.0000000000,-103.5303192139
594292.3750000000,-103.6189270020
595662.2500000000,-103.7333068848
597035.3125000000,-103.7926330566
598411.5000000000,-103.7943649292
599790.9375000000,-103.8099822998
601173.4375000000,-103.8141632080
602559.8750000000,-103.8320922852
603948.8125000000,-103.8339385986
605340.9375000000,-103.8362731934
606736.3125000000,-103.8383483887
608134.8750000000,-103.8570785522
609536.6875000000,-103.8635253906
610941.6875000000,-103.8707122803
612350.6250000000,-103.8728103638
613762.1250000000,-103.8893203735
615176.9375000000,-103.8907852173
616594.9375000000,-103.9253845215
618016.2500000000,-103.9303741455
619440.8125000000,-103.9769363403
620869.3750000000,-104.0524520874
622300.5000000000,-104.1333160400
623734.9375000000,-104.2141418457
625172.6875000000,-104.2813110352
626613.7500000000,-104.3349838257
628058.1250000000,-104.3872222900
629505.8750000000,-104.4408187866
630957.6250000000,-104.4645309448
632412.0000000000,-104.4659805298
633869.7500000000,-104.4707641602
635330.8750000000,-104.4716339111
636795.3750000000,-104.4755935669
638263.2500000000,-104.4798278809
639735.1875000000,-104.4851531982
641209.8125000000,-104.5108489990
642687.8750000000,-104.5162429810
644169.3125000000,-104.5256805420
645654.1250000000,-104.5276947021
647142.4375000000,-104.5380783081
648634.1250000000,-104.5509643555
650130.0000000000,-104.5520324707
651628.5625000000,-104.5578918457
653130.6250000000,-104.5612106323
654636.1250000000,-104.5819702148
656145.1250000000,-104.5828857422
657657.6250000000,-104.5843200684
659173.5625000000,-104.6568756104
660693.6875000000,-104.7897949219
662216.6250000000,-104.8755722046
663743.1250000000,-104.8781280518
665273.0625000000,-104.9129257202
666806.5625000000,-104.9130325317
668343.6250000000,-104.9376678467
669884.9375000000,-104.9555969238
671429.0625000000,-104.9758071899
672976.7500000000,-104.9884490967
674528.0000000000,-105.0078659058
676082.8750000000,-105.0198516846
677641.2500000000,-105.0213775635
679203.3125000000,-105.0380477905
680769.6250000000,-105.0405578613
682338.8750000000,-105.0483551025
683911.6875000000,-105.0635147095
685488.1875000000,-105.0773086548
687068.2500000000,-105.0891494751
688652.0000000000,-105.2123489380
690240.1875000000,-105.2697219849
691831.1875000000,-105.2932357788
693425.9375000000,-105.3367767334
695024.3125000000,-105.3538818359
696626.4375000000,-105.3729171753
698232.1875000000,-105.4425735474
699841.6875000000,-105.4432144165
701455.6250000000,-105.4475250244
703072.5000000000,-105.4750747681
704693.1250000000,-105.4773941040
706317.5000000000,-105.5027847290
707945.6250000000,-105.5090789795
709577.5000000000,-105.5527496338
711213.8750000000,-105.5903778076
712853.3125000000,-105.5942611694
714496.5000000000,-105.6461334229
716143.4375000000,-105.6526184082
717794.1875000000,-105.6725845337
719448.7500000000,-105.6883392334
721107.1250000000,-105.7517089844
722770.1250000000,-105.8080596924
724436.1875000000,-105.8237838745
726106.0625000000,-105.8294830322
727779.8125000000,-105.8566894531
729457.3750000000,-105.8702545166
731138.8125000000,-105.8726730347
732824.1250000000,-105.9048538208
734514.1875000000,-105.9194259644
736207.2500000000,-105.9230880737
737904.3125000000,-105.9429092407
739605.1875000000,-105.9982986450
741310.0625000000,-106.0897140503
743018.8125000000,-106.1995162964
744732.3750000000,-106.2002410889
746449.0000000000,-106.2070541382
748169.6250000000,-106.2541122437
749894.1875000000,-106.2709197998
751622.7500000000,-106.2784805298
753355.3125000000,-106.2863159180
755091.8750000000,-106.3770904541
756833.2500000000,-106.4846572876
758577.7500000000,-106.5248794556
760326.3750000000,-106.5282669067
762078.9375000000,-106.5291061401
763835.6250000000,-106.5352249146
765596.3125000000,-106.5363006592
767361.8750000000,-106.5364990234
769130.6875000000,-106.5376052856
770903.6250000000,-106.5488204956
772680.6250000000,-106.5548553467
774461.6875000000,-106.5648345947
776246.8750000000,-106.5697174072
778036.1875000000,-106.5714111328
779830.4375000000,-106.5732574463
781628.0000000000,-106.5767745972
783429.7500000000,-106.5827636719
785235.6250000000,-106.5847396851
787045.6250000000,-106.6022033691
788859.8125000000,-106.6109695435
790678.1875000000,-106.6265792847
792501.6250000000,-106.6272201538
794328.4375000000,-106.6309432983
796159.3750000000,-106.6371459961
797994.6250000000,-106.7066421509
799834.0000000000,-106.9141998291
801677.6875000000,-107.0546493530
803526.5000000000,-107.1164550781
805378.6875000000,-107.1353378296
807235.1250000000,-107.1479187012
809095.8750000000,-107.1580200195
810960.9375000000,-107.1703872681
812830.2500000000,-107.1782302856
814703.8750000000,-107.1819763184
816582.6875000000,-107.1935501099
818465.0000000000,-107.2132415771
820351.6250000000,-107.2164459229
822242.5625000000,-107.2409896851
824137.8750000000,-107.2535018921
826037.6250000000,-107.2657470703
827942.5625000000,-107.2888183594
829851.0625000000,-107.2977142334
831763.9375000000,-107.3012466431
833681.1875000000,-107.3292846680
835602.8750000000,-107.3742904663
837529.0000000000,-107.4263534546
839459.5625000000,-107.4379806519
841395.5000000000,-107.4871978760
843335.0000000000,-107.5092773438
845278.9375000000,-107.5748977661
847227.3750000000,-107.5750503540
849180.2500000000,-107.5778808594
851137.6875000000,-107.5911102295
853100.5625000000,-107.6160202026
855067.0000000000,-107.6447601318
857038.0000000000,-107.6471557617
859013.5625000000,-107.6502685547
860993.6250000000,-107.6966781616
862978.3125000000,-107.6991195679
864967.5000000000,-107.7754669189
866962.2500000000,-107.8807830811
868960.6875000000,-107.9289550781
870963.6875000000,-107.9292373657
872971.3125000000,-107.9339828491
874983.6250000000,-107.9427566528
877000.5000000000,-107.9461059570
879022.0625000000,-107.9475784302
881049.2500000000,-107.9998016357
883080.1250000000,-108.0050430298
885115.6875000000,-108.0159454346
887155.9375000000,-108.0218353271
889200.8750000000,-108.0221405029
891250.5625000000,-108.0338439941
893305.9375000000,-108.0370635986
895365.0625000000,-108.0415725708
897428.9375000000,-108.0619812012
899497.5625000000,-108.0641860962
901571.0000000000,-108.1110610962
903649.1875000000,-108.1841735840
905732.1250000000,-108.2964553833
907820.9375000000,-108.3304214478
909913.5000000000,-108.3591842651
912010.9375000000,-108.3804092407
914113.1875000000,-108.3931579590
916220.2500000000,-108.4122543335
918332.1875000000,-108.4398040771
920450.0625000000,-108.4511108398
922571.7500000000,-108.4707565308
924698.3750000000,-108.4848327637
926829.8125000000,-108.4911804199
928966.2500000000,-108.5087356567
931107.5625000000,-108.5299911499
933253.8750000000,-108.5526351929
935406.0625000000,-108.5781555176
937562.2500000000,-108.7181777954
939723.4375000000,-108.7374420166
941889.5625000000,-108.7435302734
944060.6875000000,-108.7596740723
946236.8125000000,-108.7653808594
948419.0000000000,-108.7958755493
950605.1250000000,-108.7985687256
952796.3750000000,-108.8320465088
954992.6250000000,-108.8373031616
957193.9375000000,-108.8540344238
959400.3750000000,-108.8814163208
961611.8125000000,-108.8903961182
963829.5000000000,-108.8939971924
966051.1875000000,-108.9001388550
968278.0000000000,-108.9147415161
970509.9375000000,-108.9354400635
972747.0625000000,-108.9405593872
974989.3125000000,-108.9822998047
977236.6875000000,-108.9891357422
979490.3750000000,-108.9906463623
981748.1875000000,-109.0985870361
984011.1875000000,-109.1548919678
986279.3750000000,-109.2500381470
988552.8125000000,-109.2689819336
990831.5000000000,-109.2707595825
993116.5625000000,-109.2949371338
995405.7500000000,-109.2968826294
997700.2500000000,-109.3087387085
1000000.0000000000,-109.3314971924
1002305.0625000000,-109.3659439087
1004615.4375000000,-109.3916168213
1006931.1875000000,-109.4074096680
1009253.3125000000,-109.4552078247
1011579.7500000000,-109.4600448608
1013911.5000000000,-109.5086593628
1016248.6250000000,-109.5320358276
1018591.1250000000,-109.5679092407
1020939.0625000000,-109.6287307739
1023293.5625000000,-109.6894912720
1025652.3125000000,-109.7485504150
1028016.5000000000,-109.8031387329
1030386.1250000000,-109.8521652222
1032761.2500000000,-109.8958282471
1035141.8750000000,-109.9337539673
1037527.9375000000,-109.9653930664
1039920.6250000000,-109.9895248413
1042317.7500000000,-110.0097961426
1044720.3750000000,-110.0277786255
1047128.5000000000,-110.0448455811
1049542.2500000000,-110.0622482300
1051961.5000000000,-110.0792388916
1054386.3750000000,-110.0941085815
1056817.8750000000,-110.1057205200
1059254.0000000000,-110.1133499146
1061695.6250000000,-110.1168594360
1064142.8750000000,-110.1198043823
1066595.8750000000,-110.1259002686
1069054.3750000000,-110.1378402710
1071519.8750000000,-110.1578063965
1073989.7500000000,-110.1879501343
1076465.3750000000,-110.2256088257
1078946.7500000000,-110.2638702393
1081433.7500000000,-110.2974243164
1083926.5000000000,-110.3216400146
1086425.0000000000,-110.3265991211
1088930.5000000000,-110.3269424438
1091440.6250000000,-110.3310623169
1093956.5000000000,-110.3331756592
1096478.1250000000,-110.3374557495
1099005.5000000000,-110.3610687256
1101538.8750000000,-110.3975067139
1104079.1250000000,-110.4396896362
1106624.1250000000,-110.4789657593
1109175.0000000000,-110.5110397339
1111731.7500000000,-110.5312805176
1114294.3750000000,-110.5334396362
1116862.8750000000,-110.5336532593
1119437.3750000000,-110.5356140137
1122019.0000000000,-110.5426330566
1124605.2500000000,-110.5453109741
1127197.6250000000,-110.5455017090
1129795.8750000000,-110.5478515625
1132400.1250000000,-110.5665664673
1135010.3750000000,-110.5949478149
1137627.8750000000,-110.6247253418
1140250.2500000000,-110.6536407471
1142878.6250000000,-110.6832885742
1145513.0000000000,-110.7174377441
1148153.5000000000,-110.7604598999
1150800.0000000000,-110.8153686523
1153452.7500000000,-110.8820571899
1156112.7500000000,-110.9540176392
1158777.7500000000,-111.0216217041
1161448.7500000000,-111.0779190063
1164126.0000000000,-111.1182708740
1166809.3750000000,-111.1271362305
1169499.0000000000,-111.1302490234
1172194.7500000000,-111.1408691406
1174898.0000000000,-111.1409988403
1177606.2500000000,-111.1414031982
1180320.7500000000,-111.1470031738
1183041.3750000000,-111.1782073975
1185768.3750000000,-111.2370910645
1188501.7500000000,-111.3118057251
1191242.6250000000,-111.3915557861
1193988.5000000000,-111.4393386841
1196740.7500000000,-111.4418640137
1199499.2500000000,-111.4530410767
1202264.2500000000,-111.4597167969
1205035.5000000000,-111.4633331299
1207813.2500000000,-111.4795837402
1210598.6250000000,-111.4892196655
1213389.1250000000,-111.5109176636
1216186.1250000000,-111.5153045654
1218989.5000000000,-111.5257949829
1221799.3750000000,-111.5356369019
1224615.7500000000,-111.5399703979
1227439.8750000000,-111.5655364990
1230269.2500000000,-111.6059417725
1233105.0000000000,-111.6460189819
1235947.5000000000,-111.6857681274
1238796.3750000000,-111.7256774902
1241651.8750000000,-111.7656936646
1244514.0000000000,-111.8046417236
1247384.1250000000,-111.8405838013
1250259.3750000000,-111.8721771240
1253141.3750000000,-111.9003219604
1256029.8750000000,-111.9285430908
1258925.1250000000,-111.9614944458
1261827.0000000000,-112.0023498535
1264737.0000000000,-112.0506362915
1267652.3750000000,-112.1020736694
1270574.3750000000,-112.1509780884
1273503.1250000000,-112.1934890747
1276438.6250000000,-112.2297210693
1279380.8750000000,-112.2632598877
1282330.0000000000,-112.2983703613
1285287.2500000000,-112.3369903564
1288250.0000000000,-112.3773574829
1291219.5000000000,-112.4152908325
1294195.7500000000,-112.4467086792
1297179.0000000000,-112.4700622559
1300169.1250000000,-112.4872512817
1303166.1250000000,-112.5025787354
1306171.3750000000,-112.5207290649
1309182.2500000000,-112.5446929932
1312200.0000000000,-112.5746383667
1315224.7500000000,-112.6081924438
1318256.3750000000,-112.6417312622
1321295.1250000000,-112.6716308594
1324342.2500000000,-112.6950149536
1327394.8750000000,-112.7106781006
1330454.6250000000,-112.7173004150
1333521.3750000000,-112.7192382813
1336595.2500000000,-112.7234573364
1339676.2500000000,-112.7382507324
1342764.2500000000,-112.7689895630
1345860.8750000000,-112.8141860962
1348963.2500000000,-112.8649063110
1352072.7500000000,-112.9087677002
1355189.3750000000,-112.9365081787
1358313.1250000000,-112.9449005127
1361444.1250000000,-112.9466018677
1364583.8750000000,-112.9469299316
1367729.3750000000,-112.9484024048
1370882.0000000000,-112.9585494995
1374042.0000000000,-112.9735183716
1377209.2500000000,-112.9916458130
1380383.8750000000,-113.0130691528
1383565.7500000000,-113.0382232666
1386756.5000000000,-113.0652923584
1389953.0000000000,-113.0775527954
1393157.0000000000,-113.0790176392
1396368.2500000000,-113.0873336792
1399587.0000000000,-113.0893630981
1402813.1250000000,-113.0979690552
1406046.7500000000,-113.1000900269
1409289.3750000000,-113.1061706543
1412537.8750000000,-113.1366577148
1415793.8750000000,-113.1923065186
1419057.3750000000,-113.2580871582
1422328.3750000000,-113.3258132935
1425607.0000000000,-113.3885726929
1428894.6250000000,-113.4413070679
1432188.3750000000,-113.4609680176
1435489.6250000000,-113.4649200439
1438798.5000000000,-113.4795303345
1442115.1250000000,-113.4813766479
1445439.2500000000,-113.4903793335
1448771.1250000000,-113.4989776611
1452112.2500000000,-113.5264205933
1455459.5000000000,-113.5864486694
1458814.3750000000,-113.6477737427
1462177.0000000000,-113.6998062134
1465547.5000000000,-113.7387084961
1468925.6250000000,-113.7661437988
1472313.2500000000,-113.7837524414
1475707.0000000000,-113.7907943726
1479108.6250000000,-113.7924499512
1482518.1250000000,-113.7964935303
1485935.3750000000,-113.8025512695
1489360.6250000000,-113.8077163696
1492793.6250000000,-113.8091583252
1496236.3750000000,-113.8418502808
1499685.2500000000,-113.9207687378
1503142.1250000000,-113.9827499390
1506607.0000000000,-113.9955749512
1510079.7500000000,-114.0233917236
1513560.6250000000,-114.0389251709
1517051.1250000000,-114.0593872070
1520548.1250000000,-114.0967102051
1524053.0000000000,-114.0985031128
1527566.1250000000,-114.1417922974
1531087.2500000000,-114.1474075317
1534616.5000000000,-114.1545181274
1538153.8750000000,-114.2101898193
1541701.1250000000,-114.2669143677
1545254.8750000000,-114.3253707886
1548816.8750000000,-114.4051895142
1552387.0000000000,-114.4067077637
1555965.3750000000,-114.4120635986
1559551.8750000000,-114.4155731201
1563146.7500000000,-114.4180297852
1566751.7500000000,-114.4255752563
1570363.1250000000,-114.4335021973
1573983.0000000000,-114.4402465820
1577611.1250000000,-114.4533767700
1581247.6250000000,-114.4573669434
1584892.5000000000,-114.4644622803
1588547.5000000000,-114.4848937988
1592209.2500000000,-114.5346984863
1595879.3750000000,-114.5385894775
1599558.0000000000,-114.5477371216
1603245.1250000000,-114.5589370728
1606940.7500000000,-114.5602798462
1610644.8750000000,-114.5615005493
1614359.2500000000,-114.5988388062
1618080.5000000000,-114.6411437988
1621810.2500000000,-114.6791229248
1625548.6250000000,-114.6896209717
1629295.6250000000,-114.6952514648
1633051.2500000000,-114.7155914307
1636817.3750000000,-114.7567214966
1640590.3750000000,-114.8513946533
1644372.0000000000,-114.9545593262
1648162.3750000000,-115.0067749023
1651961.5000000000,-115.0087585449
1655769.5000000000,-115.0089645386
1659586.1250000000,-115.0189895630
1663413.3750000000,-115.0405578613
1667247.6250000000,-115.0420913696
1671090.7500000000,-115.0424880981
1674942.7500000000,-115.0896072388
1678803.6250000000,-115.1181335449
1682673.3750000000,-115.1467361450
1686554.0000000000,-115.1654205322
1690441.6250000000,-115.1755294800
1694338.1250000000,-115.1859054565
1698243.7500000000,-115.2061386108
1702158.2500000000,-115.2374954224
1706081.8750000000,-115.2692031860
1710014.5000000000,-115.3079452515
1713958.1250000000,-115.3665084839
1717908.8750000000,-115.3895492554
1721868.8750000000,-115.4002075195
1725837.8750000000,-115.4049835205
1729816.0000000000,-115.4072341919
1733803.3750000000,-115.4137954712
1737799.8750000000,-115.4797897339
1741807.6250000000,-115.5942459106
1745822.6250000000,-115.6772003174
1749846.7500000000,-115.7805480957
1753880.3750000000,-115.8571929932
1757923.1250000000,-115.8952789307
1761975.2500000000,-115.9403839111
1766038.7500000000,-115.9411468506
1770109.5000000000,-115.9447479248
1774189.7500000000,-115.9460830688
1778279.3750000000,-115.9538116455
1782378.5000000000,-115.9578552246
1786487.0000000000,-115.9579010010
1790605.0000000000,-115.9594116211
1794734.3750000000,-115.9609909058
1798871.3750000000,-115.9759979248
1803017.8750000000,-115.9919433594
1807174.0000000000,-115.9967422485
1811339.6250000000,-116.0016784668
1815514.8750000000,-116.0112457275
1819701.8750000000,-116.0249404907
1823896.3750000000,-116.0313720703
1828100.6250000000,-116.0313949585
1832314.5000000000,-116.0414276123
1836538.1250000000,-116.0438537598
1840771.3750000000,-116.0449600220
1845014.5000000000,-116.0469360352
1849269.5000000000,-116.0493392944
1853532.1250000000,-116.0583419800
1857804.6250000000,-116.0884094238
1862087.0000000000,-116.1379394531
1866379.2500000000,-116.2131729126
1870681.3750000000,-116.2722320557
1874993.5000000000,-116.3116531372
1879317.5000000000,-116.3511810303
1883649.5000000000,-116.3832473755
1887991.5000000000,-116.4306640625
1892343.3750000000,-116.4626770020
1896705.3750000000,-116.4720840454
1901077.3750000000,-116.4819946289
1905461.6250000000,-116.5232772827
1909853.8750000000,-116.5985717773
1914256.2500000000,-116.6630020142
1918668.7500000000,-116.7533493042
1923091.3750000000,-116.8219223022
1927524.2500000000,-116.8627624512
1931967.3750000000,-116.8632583618
1936422.7500000000,-116.8641433716
1940886.3750000000,-116.8669357300
1945360.2500000000,-116.8774795532
1949844.3750000000,-116.8839797974
1954339.0000000000,-116.8896408081
1958843.8750000000,-116.8947219849
1963361.2500000000,-116.8952941895
1967887.0000000000,-116.9033584595
1972423.1250000000,-116.9062194824
1976969.6250000000,-116.9146347046
1981526.7500000000,-116.9170608521
1986094.2500000000,-116.9443359375
1990672.3750000000,-117.0087203979
1995263.2500000000,-117.0463180542
1999862.3750000000,-117.0636749268
2004472.2500000000,-117.0650024414
2009092.7500000000,-117.0694503784
2013723.7500000000,-117.0815429688
2018365.6250000000,-117.0966186523
2023020.2500000000,-117.1056976318
2027683.5000000000,-117.1175079346
2032357.3750000000,-117.1321487427
2037042.1250000000,-117.1340484619
2041737.6250000000,-117.1481857300
2046444.0000000000,-117.2678527832
2051161.2500000000,-117.3812561035
2055891.5000000000,-117.4682235718
2060630.5000000000,-117.4766921997
2065380.3750000000,-117.4906921387
2070141.2500000000,-117.4936065674
2074913.1250000000,-117.5199737549
2079695.8750000000,-117.5452499390
2084489.7500000000,-117.5506896973
2089297.0000000000,-117.5513229370
2094112.8750000000,-117.5555267334
2098940.0000000000,-117.5597076416
2103778.2500000000,-117.5749435425
2108627.5000000000,-117.6254196167
2113488.0000000000,-117.6257629395
2118362.2500000000,-117.6324615479
2123245.2500000000,-117.6904067993
2128139.5000000000,-117.6998214722
2133045.0000000000,-117.7152862549
2137961.7500000000,-117.7252273560
2142889.7500000000,-117.7306442261
2147829.5000000000,-117.7428283691
2152782.7500000000,-117.7599411011
2157745.0000000000,-117.7622146606
2162718.7500000000,-117.7703399658
2167704.0000000000,-117.7722244263
2172700.7500000000,-117.7839813232
2177708.7500000000,-117.8049087524
2182731.0000000000,-117.8625488281
2187762.5000000000,-117.8754119873
2192805.2500000000,-117.8899688721
2197860.0000000000,-117.9268951416
2202926.2500000000,-117.9693298340
2208004.0000000000,-117.9736404419
2213093.7500000000,-117.9864273071
2218197.5000000000,-117.9926986694
2223310.5000000000,-118.0148620605
2228435.5000000000,-118.0198364258
2233572.0000000000,-118.0485534668
2238720.7500000000,-118.0487365723
2243881.0000000000,-118.1014938354
2249055.7500000000,-118.1658630371
2254240.0000000000,-118.2257690430
2259436.2500000000,-118.3212203979
2264644.5000000000,-118.3707427979
2269864.5000000000,-118.3749465942
2275096.7500000000,-118.3944015503
2280341.0000000000,-118.4352722168
2285600.0000000000,-118.4364013672
2290868.2500000000,-118.4391174316
2296149.0000000000,-118.4530105591
2301441.7500000000,-118.4630355835
2306746.7500000000,-118.4642791748
2312064.0000000000,-118.5536193848
2317393.5000000000,-118.6558532715
2322737.7500000000,-118.6765136719
2328091.7500000000,-118.6794586182
2333458.2500000000,-118.6860656738
2338837.0000000000,-118.7191696167
2344228.2500000000,-118.7211227417
2349631.7500000000,-118.7318038940
2355050.5000000000,-118.8148956299
2360479.0000000000,-118.8163299561
2365920.0000000000,-118.8163909912
2371373.7500000000,-118.8530426025
2376840.0000000000,-118.8782958984
2382318.7500000000,-118.9104843140
2387810.0000000000,-118.9365158081
2393316.7500000000,-118.9605026245
2398833.5000000000,-118.9764556885
2404363.0000000000,-119.0057296753
2409905.2500000000,-119.0069656372
2415460.2500000000,-119.0071868896
2421028.0000000000,-119.0255508423
2426611.2500000000,-119.0653839111
2432205.0000000000,-119.1046142578
2437811.2500000000,-119.1404647827
2443430.5000000000,-119.1854171753
2449063.0000000000,-119.2373123169
2454708.2500000000,-119.2955245972
2460366.5000000000,-119.3185729980
2466040.5000000000,-119.3266830444
2471724.7500000000,-119.3300399780
2477422.2500000000,-119.3411483765
2483133.0000000000,-119.3516921997
2488856.7500000000,-119.3666839600
2494593.7500000000,-119.3920669556
2500344.0000000000,-119.3947677612
2506110.2500000000,-119.4035720825
2511887.0000000000,-119.4115905762
2517677.0000000000,-119.5284194946
2523480.5000000000,-119.5905990601
2529297.2500000000,-119.5939178467
2535127.5000000000,-119.6249923706
2540974.0000000000,-119.6389007568
2546831.0000000000,-119.6564865112
2552701.7500000000,-119.7030639648
2558585.7500000000,-119.7246322632
2564483.5000000000,-119.7566299438
2570395.0000000000,-119.7723693848
2576319.7500000000,-119.7741088867
2582261.2500000000,-119.7867889404
2588213.5000000000,-119.7892532349
2594179.5000000000,-119.8603363037
2600159.2500000000,-119.9574432373
2606153.0000000000,-119.9704055786
2612160.2500000000,-119.9808425903
2618184.2500000000,-120.0187072754
2624219.5000000000,-120.0288543701
2630268.5000000000,-120.0433807373
2636331.5000000000,-120.0546035767
2642408.2500000000,-120.0624618530
2648499.2500000000,-120.0905914307
2654604.2500000000,-120.0979309082
2660726.2500000000,-120.1268920898
2666859.5000000000,-120.1298751831
2673006.7500000000,-120.1410293579
2679168.2500000000,-120.1420364380
2685343.7500000000,-120.1610717773
2691533.7500000000,-120.1657714844
2697741.0000000000,-120.1776809692
2703959.2500000000,-120.2820587158
2710192.2500000000,-120.2993087769
2716439.2500000000,-120.3079833984
2722701.0000000000,-120.3702545166
2728977.0000000000,-120.3765792847
2735267.5000000000,-120.3841705322
2741575.5000000000,-120.3884582520
2747895.0000000000,-120.3948822021
2754229.0000000000,-120.4055404663
2760577.7500000000,-120.4328460693
2766941.0000000000,-120.4428787231
2773319.0000000000,-120.4643325806
2779711.7500000000,-120.4908370972
2786122.2500000000,-120.5267410278
2792544.5000000000,-120.6007690430
2798981.5000000000,-120.6101608276
2805433.2500000000,-120.6406936646
2811900.0000000000,-120.7034835815
2818381.7500000000,-120.7087402344
2824881.2500000000,-120.7124938965
2831393.0000000000,-120.7401275635
2837919.5000000000,-120.7414703369
2844461.0000000000,-120.7474288940
2851017.7500000000,-120.7537078857
2857589.5000000000,-120.7587051392
2864176.5000000000,-120.7729797363
2870781.7500000000,-120.8095321655
2877399.2500000000,-120.8127365112
2884031.7500000000,-120.8394241333
2890679.7500000000,-120.8660049438
2897343.0000000000,-120.8920059204
2904021.5000000000,-120.9206008911
2910718.7500000000,-120.9234085083
2917428.0000000000,-120.9371719360
2924153.0000000000,-121.1068420410
2930893.2500000000,-121.1854095459
2937649.2500000000,-121.2320861816
2944420.7500000000,-121.2402420044
2951207.7500000000,-121.2628784180
2958013.7500000000,-121.2681427002
2964832.2500000000,-121.2835540771
2971666.2500000000,-121.3037490845
2978516.2500000000,-121.3117294312
2985382.0000000000,-121.3260574341
2992263.5000000000,-121.3539199829
2999164.2500000000,-121.3544540405
3006077.5000000000,-121.3653259277
3013006.7500000000,-121.3741378784
3019951.7500000000,-121.3747024536
3026913.0000000000,-121.3844680786
3033890.2500000000,-121.4111022949
3040883.7500000000,-121.4196472168
3047896.5000000000,-121.4299545288
3054922.0000000000,-121.4570236206
3061963.7500000000,-121.4971008301
3069022.0000000000,-121.5375442505
3076096.2500000000,-121.5781326294
3083186.7500000000,-121.6125411987
3090293.7500000000,-121.6437225342
3097420.5000000000,-121.6663208008
3104560.2500000000,-121.6824417114
3111716.5000000000,-121.6934127808
3118889.2500000000,-121.6998901367
3126078.5000000000,-121.7059097290
3133284.5000000000,-121.7138519287
3140510.2500000000,-121.7243423462
3147749.2500000000,-121.7378692627
3155005.2500000000,-121.7555160522
3162277.7500000000,-121.7749938965
3169567.0000000000,-121.8004913330
3176873.0000000000,-121.8305511475
3184196.0000000000,-121.8670043945
3191539.2500000000,-121.9132232666
3198896.0000000000,-121.9632873535
3206269.7500000000,-122.0196914673
3213660.2500000000,-122.0736618042
3221068.0000000000,-122.1244430542
3228492.7500000000,-122.1627197266
3235938.2500000000,-122.1952514648
3243397.2500000000,-122.2137908936
3250873.5000000000,-122.2282180786
3258367.0000000000,-122.2386703491
3265877.7500000000,-122.2494964600
3273406.0000000000,-122.2609176636
3280951.2500000000,-122.2739257813
3288517.7500000000,-122.2853546143
3296098.0000000000,-122.2957153320
3303695.7500000000,-122.2998504639
3311311.0000000000,-122.3027267456
3318944.0000000000,-122.3038635254
3326594.2500000000,-122.3106689453
3334262.2500000000,-122.3221893311
3341951.7500000000,-122.3455429077
3349655.2500000000,-122.3780822754
3357376.2500000000,-122.4160385132
3365115.2500000000,-122.4579391479
3372872.2500000000,-122.4964599609
3380646.7500000000,-122.5313262939
3388443.2500000000,-122.5567245483
3396253.7500000000,-122.5794372559
3404082.5000000000,-122.5988769531
3411929.0000000000,-122.6200714111
3419793.7500000000,-122.6426773071
3427676.7500000000,-122.6683654785
3435577.7500000000,-122.6939086914
3443500.7500000000,-122.7187805176
3451438.2500000000,-122.7399063110
3459394.0000000000,-122.7591629028
3467368.2500000000,-122.7772521973
3475360.7500000000,-122.7961196899
3483371.7500000000,-122.8153152466
3491405.0000000000,-122.8347091675
3499452.7500000000,-122.8499603271
3507519.2500000000,-122.8618469238
3515604.5000000000,-122.8704681396
3523708.2500000000,-122.8768997192
3531830.5000000000,-122.8861236572
3539971.7500000000,-122.8982162476
3548135.5000000000,-122.9223098755
3556314.2500000000,-122.9541320801
3564511.7500000000,-122.9937744141
3572728.2500000000,-123.0468521118
3580963.5000000000,-123.1016540527
3589218.0000000000,-123.1574707031
3597495.2500000000,-123.2009429932
3605787.7500000000,-123.2307662964
3614099.2500000000,-123.2399902344
3622430.0000000000,-123.2436904907
3630780.0000000000,-123.2451858521
3639149.2500000000,-123.2474975586
3647537.7500000000,-123.2482528687
3655949.5000000000,-123.2634124756
3664376.7500000000,-123.2909545898
3672823.5000000000,-123.3300018311
3681289.5000000000,-123.3742065430
3689775.2500000000,-123.4175262451
3698280.5000000000,-123.4576492310
3706805.2500000000,-123.4862060547
3715353.7500000000,-123.5087966919
3723918.0000000000,-123.5262985229
3732501.7500000000,-123.5429992676
3741105.5000000000,-123.5655136108
3749729.0000000000,-123.5934906006
3758372.5000000000,-123.6291122437
3767039.7500000000,-123.6662826538
3775723.2500000000,-123.6998367310
3784426.5000000000,-123.7279510498
3793149.7500000000,-123.7446746826
3801893.2500000000,-123.7592849731
3810657.0000000000,-123.7745742798
3819440.7500000000,-123.7961044312
3828249.0000000000,-123.8278121948
3837073.5000000000,-123.8637008667
3845918.2500000000,-123.9018936157
3854783.2500000000,-123.9348297119
3863668.7500000000,-123.9595260620
3872574.7500000000,-123.9770736694
3881505.7500000000,-123.9872207642
3890452.7500000000,-123.9907150269
3899420.5000000000,-123.9935379028
3908409.0000000000,-123.9977340698
3917418.2500000000,-124.0071868896
3926448.0000000000,-124.0273208618
3935498.7500000000,-124.0546722412
3944574.7500000000,-124.0882492065
3953667.2500000000,-124.1266479492
3962780.7500000000,-124.1677703857
3971915.2500000000,-124.2109603882
3981070.7500000000,-124.2555694580
3990247.5000000000,-124.2995986938
3999449.7500000000,-124.3235168457
4008668.7500000000,-124.3284835815
4017909.0000000000,-124.3286437988
4027170.5000000000,-124.3341903687
4036453.5000000000,-124.3400726318
4045757.7500000000,-124.3448715210
4055083.5000000000,-124.3549346924
4064435.2500000000,-124.3559951782
4073804.0000000000,-124.3635864258
4083194.5000000000,-124.3678741455
4092606.5000000000,-124.3982009888
4102040.2500000000,-124.4366531372
4111495.7500000000,-124.4876937866
4120973.0000000000,-124.5446472168
4130476.7500000000,-124.6005783081
4139997.7500000000,-124.6493606567
4149540.7500000000,-124.6810989380
4159105.7500000000,-124.6816940308
4168692.7500000000,-124.6845092773
4178301.7500000000,-124.6905746460
4187937.7500000000,-124.6918334961
4197591.0000000000,-124.6919097900
4207267.0000000000,-124.7194824219
4216965.0000000000,-124.7592468262
4226685.5000000000,-124.8065490723
4236428.0000000000,-124.8553314209
4246193.5000000000,-124.8850021362
4255986.0000000000,-124.8864974976
4265796.5000000000,-124.8910217285
4275629.5000000000,-124.8937225342
4285485.0000000000,-124.8959197998
4295363.0000000000,-124.9034576416
4305264.5000000000,-124.9128112793
4315193.0000000000,-124.9154281616
4325140.0000000000,-124.9162826538
4335109.5000000000,-124.9219207764
4345102.5000000000,-124.9359283447
4355118.0000000000,-124.9614334106
4365157.0000000000,-124.9858779907
4375219.0000000000,-125.0086212158
4385309.0000000000,-125.0302963257
4395417.5000000000,-125.0525894165
4405549.0000000000,-125.0789031982
4415704.5000000000,-125.1120605469
4425883.0000000000,-125.1525878906
4436085.0000000000,-125.2002639771
4446310.5000000000,-125.2532348633
4456564.0000000000,-125.3077926636
4466837.0000000000,-125.3564224243
4477133.5000000000,-125.3913803101
4487453.5000000000,-125.4135513306
4497797.5000000000,-125.4269027710
4508165.0000000000,-125.4367599487
4518561.5000000000,-125.4480133057
4528977.0000000000,-125.4631652832
4539417.0000000000,-125.4818115234
4549880.5000000000,-125.5021133423
4560368.5000000000,-125.5244750977
4570880.5000000000,-125.5491561890
4581416.5000000000,-125.5753250122
4591982.0000000000,-125.6013183594
4602567.0000000000,-125.6257934570
4613176.0000000000,-125.6511154175
4623810.0000000000,-125.6823196411
4634468.0000000000,-125.7198257446
4645151.0000000000,-125.7598342896
4655863.5000000000,-125.7966232300
4666595.5000000000,-125.8248214722
4677352.0000000000,-125.8390960693
4688134.0000000000,-125.8413238525
4698940.5000000000,-125.8422546387
4709771.5000000000,-125.8452453613
4720628.0000000000,-125.8460464478
4731514.5000000000,-125.8656005859
4742421.0000000000,-125.9000167847
4753353.0000000000,-125.9432296753
4764309.5000000000,-125.9864349365
4775291.5000000000,-126.0205917358
4786299.0000000000,-126.0309677124
4797337.0000000000,-126.0364151001
4808395.5000000000,-126.0405426025
4819479.0000000000,-126.0409469604
4830588.0000000000,-126.0451660156
4841723.0000000000,-126.0480804443
4852883.5000000000,-126.0497055054
4864070.0000000000,-126.0498886108
4875287.0000000000,-126.0753097534
4886525.0000000000,-126.1329727173
4897789.0000000000,-126.2024459839
4909078.5000000000,-126.2682037354
4920394.5000000000,-126.3190841675
4931736.0000000000,-126.3522262573
4943104.0000000000,-126.3703536987
4954504.0000000000,-126.3802947998
4965924.5000000000,-126.3873062134
4977371.0000000000,-126.3955230713
4988844.5000000000,-126.4072952271
5000344.0000000000,-126.4226760864
5011870.0000000000,-126.4403381348
5023428.5000000000,-126.4596099854
5035007.5000000000,-126.4813079834
5046614.0000000000,-126.5057373047
5058246.5000000000,-126.5304946899
5069906.0000000000,-126.5523452759
5081592.5000000000,-126.5722579956
5093306.0000000000,-126.5964584351
5105052.0000000000,-126.6295623779
5116819.5000000000,-126.6677169800
5128614.5000000000,-126.7024154663
5140436.0000000000,-126.7318267822
5152285.0000000000,-126.7643890381
5164161.5000000000,-126.8083038330
5176071.0000000000,-126.8545227051
5188002.0000000000,-126.8601455688
5199961.0000000000,-126.8606643677
5211947.0000000000,-126.8681793213
5223961.0000000000,-126.8785247803
5236002.5000000000,-126.8957672119
5248072.0000000000,-126.8962860107
5260175.0000000000,-126.9063415527
5272300.0000000000,-126.9099426270
5284453.0000000000,-126.9244155884
5296634.0000000000,-126.9261856079
5308843.5000000000,-126.9340744019
5321080.5000000000,-126.9393920898
5333352.0000000000,-126.9553222656
5345645.5000000000,-126.9979858398
5357967.5000000000,-127.0451583862
5370318.0000000000,-127.0844497681
5382697.0000000000,-127.1099319458
5395104.5000000000,-127.1272430420
5407541.0000000000,-127.1478576660
5420011.5000000000,-127.1784210205
5432505.0000000000,-127.2164916992
5445027.5000000000,-127.2560195923
5457578.5000000000,-127.2955627441
5470158.5000000000,-127.3403549194
5482767.5000000000,-127.3954620361
5495406.0000000000,-127.4529113770
5508079.0000000000,-127.4570007324
5520775.5000000000,-127.4666290283
5533501.5000000000,-127.4753036499
5546256.5000000000,-127.4953765869
5559041.0000000000,-127.5079650879
5571855.0000000000,-127.5110549927
5584704.5000000000,-127.5261993408
5597578.0000000000,-127.5426177979
5610480.5000000000,-127.5458602905
5623413.5000000000,-127.5471343994
5636375.5000000000,-127.5872192383
5649368.0000000000,-127.6180191040
5662390.0000000000,-127.6222610474
5675448.5000000000,-127.6256561279
5688531.0000000000,-127.6318588257
5701643.5000000000,-127.6471023560
5714786.0000000000,-127.6503982544
5727959.0000000000,-127.6573181152
5741162.5000000000,-127.6580047607
5754402.5000000000,-127.7045822144
5767666.5000000000,-127.7790679932
5780961.5000000000,-127.8534088135
5794287.0000000000,-127.8962097168
5807643.5000000000,-127.9240417480
5821030.5000000000,-127.9389114380
5834448.5000000000,-127.9555358887
5847903.5000000000,-127.9741821289
5861383.5000000000,-127.9764099121
5874894.0000000000,-127.9854354858
5888436.5000000000,-128.0204010010
5902009.5000000000,-128.0227966309
5915614.0000000000,-128.0234222412
5929250.0000000000,-128.0374603271
5942924.0000000000,-128.0990905762
5956622.5000000000,-128.1799926758
5970353.0000000000,-128.2468872070
5984115.5000000000,-128.2897491455
5997909.0000000000,-128.3099365234
6011734.5000000000,-128.3181457520
6025599.0000000000,-128.3228149414
6039488.0000000000,-128.3253021240
6053409.5000000000,-128.3275604248
6067363.0000000000,-128.3356323242
6081349.0000000000,-128.3391418457
6095367.0000000000,-128.3497009277
6109417.0000000000,-128.3546905518
6123506.5000000000,-128.3627471924
6137621.5000000000,-128.3781433105
6151769.0000000000,-128.3817596436
6165949.5000000000,-128.4184417725
6180162.5000000000,-128.4863586426
6194408.0000000000,-128.5591888428
6208693.5000000000,-128.5869903564
6223005.0000000000,-128.5935211182
6237349.5000000000,-128.6092681885
6251727.0000000000,-128.6358184814
6266137.5000000000,-128.6564941406
6280581.5000000000,-128.6614837646
6295058.5000000000,-128.6626129150
6309576.0000000000,-128.6652984619
6324120.0000000000,-128.6769104004
6338698.0000000000,-128.6851959229
6353309.0000000000,-128.7476654053
6367954.0000000000,-128.8133239746
6382632.5000000000,-128.8427276611
6397352.0000000000,-128.8584594727
6412098.0000000000,-128.8695220947
6426878.5000000000,-128.8978576660
6441693.0000000000,-128.9117431641
6456541.5000000000,-128.9299621582
6471424.0000000000,-128.9357299805
6486341.5000000000,-128.9419097900
6501300.0000000000,-128.9574432373
6516286.0000000000,-128.9640197754
6531306.5000000000,-128.9689331055
6546361.5000000000,-128.9990234375
6561451.5000000000,-129.0054779053
6576576.0000000000,-129.0135498047
6591735.5000000000,-129.0498046875
6606937.0000000000,-129.0500488281
6622166.5000000000,-129.0848083496
6637431.0000000000,-129.1064910889
6652731.0000000000,-129.1067657471
6668066.0000000000,-129.1102600098
6683436.0000000000,-129.1171875000
6698849.5000000000,-129.1203918457
6714290.5000000000,-129.1251983643
6729767.5000000000,-129.1343688965
6745280.0000000000,-129.1424102783
6760828.5000000000,-129.1650238037
6776413.0000000000,-129.2028045654
6792033.0000000000,-129.2330169678
6807696.5000000000,-129.2517242432
6823388.5000000000,-129.2762145996
6839117.0000000000,-129.3118591309
6854881.5000000000,-129.3627624512
6870682.5000000000,-129.3990020752
6886520.0000000000,-129.4188995361
6902401.5000000000,-129.4443969727
6918312.0000000000,-129.4653167725
6934259.5000000000,-129.4890136719
6950243.5000000000,-129.5356292725
6966264.0000000000,-129.5370483398
6982322.0000000000,-129.5410614014
6998416.5000000000,-129.5554962158
7014556.0000000000,-129.5686645508
7030725.0000000000,-129.5699920654
7046931.5000000000,-129.5974884033
7063175.0000000000,-129.6425476074
7079456.5000000000,-129.6907348633
7095775.0000000000,-129.7174530029
7112139.0000000000,-129.7611694336
7128533.0000000000,-129.8260955811
7144965.0000000000,-129.8790893555
7161434.5000000000,-129.9583892822
7177942.0000000000,-129.9793090820
7194487.5000000000,-129.9965972900
7211071.5000000000,-130.0138854980
7227701.5000000000,-130.0260925293
7244362.0000000000,-130.0351867676
7261060.5000000000,-130.0728454590
7277798.0000000000,-130.0932617188
7294573.5000000000,-130.0976409912
7311388.0000000000,-130.1123352051
7328241.5000000000,-130.1361389160
7345141.5000000000,-130.1421813965
7362072.5000000000,-130.1469116211
7379043.0000000000,-130.1583557129
7396052.0000000000,-130.1799316406
7413100.5000000000,-130.2231445313
7430188.0000000000,-130.2648620605
7447323.5000000000,-130.2881317139
7464490.0000000000,-130.3016204834
7481696.5000000000,-130.3105926514
7498942.0000000000,-130.3316192627
7516227.5000000000,-130.3675842285
7533553.0000000000,-130.3928222656
7550918.5000000000,-130.4165954590
7568332.0000000000,-130.4293670654
7585777.5000000000,-130.4464111328
7603263.5000000000,-130.4705505371
7620789.5000000000,-130.4960327148
7638356.0000000000,-130.5226287842
7655963.0000000000,-130.5284118652
7673619.0000000000,-130.5310668945
7691307.0000000000,-130.5490570068
7709036.0000000000,-130.5529327393
7726806.0000000000,-130.5600128174
7744617.0000000000,-130.5648040771
7762469.0000000000,-130.5698699951
7780362.0000000000,-130.5933532715
7798304.5000000000,-130.6109161377
7816280.5000000000,-130.6245880127
7834297.5000000000,-130.6306915283
7852356.0000000000,-130.6434478760
7870456.0000000000,-130.6870422363
7888598.0000000000,-130.7031250000
7906782.0000000000,-130.7035217285
7925016.5000000000,-130.7178955078
7943284.0000000000,-130.7322692871
7961594.0000000000,-130.7326965332
7979946.0000000000,-130.8023223877
7998340.5000000000,-130.8974761963
8016777.0000000000,-130.9453735352
8035265.0000000000,-130.9454193115
8053787.0000000000,-130.9485168457
8072351.5000000000,-130.9521484375
8090959.0000000000,-130.9596252441
8109609.0000000000,-130.9947814941
8128302.5000000000,-131.0336151123
8147038.5000000000,-131.0812072754
8165827.0000000000,-131.1562042236
8184650.0000000000,-131.2420349121
8203516.0000000000,-131.2688598633
8222426.0000000000,-131.2772064209
8241379.0000000000,-131.2866821289
8260376.0000000000,-131.2973937988
8279426.0000000000,-131.3164672852
8298510.5000000000,-131.3285217285
8317639.0000000000,-131.3488311768
8336812.0000000000,-131.3498382568
8356029.0000000000,-131.3506164551
8375290.0000000000,-131.3611450195
8394596.0000000000,-131.3614501953
8413955.0000000000,-131.3628997803
8433350.0000000000,-131.3995819092
8452789.0000000000,-131.4316864014
8472274.0000000000,-131.4512329102
8491803.0000000000,-131.5054473877
8511377.0000000000,-131.6225128174
8531006.0000000000,-131.6372070313
8550670.0000000000,-131.6439666748
8570380.0000000000,-131.6579284668
8590136.0000000000,-131.6771240234
8609936.0000000000,-131.6879272461
8629783.0000000000,-131.6890869141
8649675.0000000000,-131.7005767822
8669623.0000000000,-131.7008361816
8689607.0000000000,-131.7410278320
8709637.0000000000,-131.7418670654
8729713.0000000000,-131.7583465576
8749836.0000000000,-131.8000488281
8770005.0000000000,-131.8039093018
8790220.0000000000,-131.8261718750
8810492.0000000000,-131.8280029297
8830801.0000000000,-131.8363800049
8851157.0000000000,-131.8568420410
8871559.0000000000,-131.8752288818
8892009.0000000000,-131.8803405762
8912505.0000000000,-131.9352111816
8933059.0000000000,-131.9519348145
8953651.0000000000,-131.9554290771
8974289.0000000000,-131.9842834473
8994976.0000000000,-131.9881134033
9015710.0000000000,-132.0166320801
9036492.0000000000,-132.0184326172
9057321.0000000000,-132.0216674805
9078209.0000000000,-132.0480651855
9099135.0000000000,-132.0804138184
9120109.0000000000,-132.1110534668
9141132.0000000000,-132.1147155762
9162203.0000000000,-132.1241760254
9183322.0000000000,-132.1681060791
9204500.0000000000,-132.1742553711
9225718.0000000000,-132.1877288818
9246983.0000000000,-132.1955413818
9268298.0000000000,-132.2924499512
9289662.0000000000,-132.3641510010
9311076.0000000000,-132.3938140869
9332538.0000000000,-132.4120025635
9354061.0000000000,-132.4133453369
9375623.0000000000,-132.4190826416
9397234.0000000000,-132.4457702637
9418895.0000000000,-132.4467163086
9440607.0000000000,-132.4531250000
9462368.0000000000,-132.4759216309
9484190.0000000000,-132.4800567627
9506052.0000000000,-132.5106353760
9527964.0000000000,-132.5865173340
9549926.0000000000,-132.5867309570
9571940.0000000000,-132.5901641846
9594004.0000000000,-132.6077880859
9616118.0000000000,-132.6089172363
9638295.0000000000,-132.6290435791
9660512.0000000000,-132.6308593750
9682780.0000000000,-132.6344604492
9705099.0000000000,-132.6479187012
9727470.0000000000,-132.6483612061
9749893.0000000000,-132.6524810791
9772367.0000000000,-132.6546020508
9794904.0000000000,-132.6825256348
9817482.0000000000,-132.7250823975
9840112.0000000000,-132.7799682617
9862794.0000000000,-132.8393707275
9885528.0000000000,-132.9025573730
9908315.0000000000,-132.9642181396
9931165.0000000000,-133.0016632080
9954057.0000000000,-133.0377655029
9977002.0000000000,-133.0564422607
10000000.0000000000,-133.0756225586
10023051.0000000000,-133.0893859863
10046155.0000000000,-133.1027984619
10069312.0000000000,-133.1300048828
10092533.0000000000,-133.1627044678
10115797.0000000000,-133.2030639648
10139115.0000000000,-133.2482757568
10162486.0000000000,-133.2876281738
10185911.0000000000,-133.3087921143
10209391.0000000000,-133.3143615723
10232935.0000000000,-133.3182525635
10256523.0000000000,-133.3214721680
10280165.0000000000,-133.3246765137
10303861.0000000000,-133.3316040039
10327613.0000000000,-133.3369750977
10351418.0000000000,-133.3436279297
10375279.0000000000,-133.3501281738
10399206.0000000000,-133.3504638672
10423177.0000000000,-133.3610076904
10447203.0000000000,-133.3922576904
10471285.0000000000,-133.4332275391
10495422.0000000000,-133.4741516113
10519615.0000000000,-133.5149078369
10543863.0000000000,-133.5163574219
10568179.0000000000,-133.5210876465
10592540.0000000000,-133.5284423828
10616956.0000000000,-133.5303955078
10641429.0000000000,-133.5433807373
10665958.0000000000,-133.5536041260
10690544.0000000000,-133.5614318848
10715198.0000000000,-133.5639038086
10739898.0000000000,-133.5768280029
10764654.0000000000,-133.5852050781
10789467.0000000000,-133.5919952393
10814338.0000000000,-133.5969238281
10839265.0000000000,-133.5986480713
10864251.0000000000,-133.6589050293
10889305.0000000000,-133.7225189209
10914406.0000000000,-133.7957000732
10939565.0000000000,-133.8625946045
10964781.0000000000,-133.9158020020
10990056.0000000000,-133.9556884766
11015388.0000000000,-133.9737701416
11040792.0000000000,-133.9771118164
11066242.0000000000,-133.9774169922
11091750.0000000000,-133.9792785645
11117317.0000000000,-133.9794158936
11142944.0000000000,-133.9813690186
11168629.0000000000,-133.9829559326
11194373.0000000000,-133.9876708984
11220189.0000000000,-133.9985809326
11246053.0000000000,-134.0297088623
11271976.0000000000,-134.0649871826
11297958.0000000000,-134.1303253174
11324001.0000000000,-134.1983795166
11350104.0000000000,-134.2795410156
11376279.0000000000,-134.3581542969
11402502.0000000000,-134.4021759033
11428786.0000000000,-134.4171142578
11455130.0000000000,-134.4212188721
11481535.0000000000,-134.4263610840
11508000.0000000000,-134.4574279785
11534527.0000000000,-134.4595031738
11561128.0000000000,-134.4874267578
11587777.0000000000,-134.5108184814
11614488.0000000000,-134.5262908936
11641260.0000000000,-134.5344543457
11668094.0000000000,-134.5665893555
11694990.0000000000,-134.5737457275
11721947.0000000000,-134.6001281738
11748980.0000000000,-134.6047668457
11776062.0000000000,-134.6136169434
11803207.0000000000,-134.6198120117
11830414.0000000000,-134.6258239746
11857684.0000000000,-134.7085418701
11885017.0000000000,-134.7416381836
11912426.0000000000,-134.7442779541
11939885.0000000000,-134.7482910156
11967407.0000000000,-134.7599945068
11994993.0000000000,-134.7760620117
12022642.0000000000,-134.7951965332
12050355.0000000000,-134.7987823486
12078132.0000000000,-134.8100585938
12105986.0000000000,-134.8473815918
12133892.0000000000,-134.8624267578
12161861.0000000000,-134.8762969971
12189895.0000000000,-134.9151916504
12217994.0000000000,-134.9295654297
12246157.0000000000,-134.9433746338
12274399.0000000000,-134.9685516357
12302692.0000000000,-134.9732971191
12331051.0000000000,-135.0012512207
12359475.0000000000,-135.0067443848
12387964.0000000000,-135.0223846436
12416519.0000000000,-135.0371551514
12445140.0000000000,-135.0371551514
12473841.0000000000,-135.0371551514
12502594.0000000000,-135.0371551514
12531413.0000000000,-135.0371551514
12560299.0000000000,-135.0371551514
12589251.0000000000,-135.0390777588
12618270.0000000000,-135.0408020020
12647370.0000000000,-135.0512084961
12676523.0000000000,-135.0680389404
12705744.0000000000,-135.0877685547
12735031.0000000000,-135.1869506836
12764387.0000000000,-135.3182067871
12793809.0000000000,-135.3436737061
12823300.0000000000,-135.3655090332
12852873.0000000000,-135.4464874268
12882499.0000000000,-135.4920806885
12912195.0000000000,-135.4922332764
12941958.0000000000,-135.5092773438
12971790.0000000000,-135.5153656006
13001691.0000000000,-135.5261230469
13031661.0000000000,-135.5500640869
13061714.0000000000,-135.5613098145
13091822.0000000000,-135.5691986084
13122000.0000000000,-135.5746612549
13152247.0000000000,-135.5784149170
13182564.0000000000,-135.6302795410
13212951.0000000000,-135.6611938477
13243422.0000000000,-135.6921997070
13273949.0000000000,-135.6956329346
13304546.0000000000,-135.7119903564
13335214.0000000000,-135.7121734619
13365953.0000000000,-135.7375793457
13396762.0000000000,-135.7486114502
13427643.0000000000,-135.7740783691
13458609.0000000000,-135.7798919678
13489632.0000000000,-135.8028717041
13520727.0000000000,-135.8135681152
13551893.0000000000,-135.8548278809
13583131.0000000000,-135.8793182373
13614441.0000000000,-135.8990631104
13645839.0000000000,-135.9243469238
13677293.0000000000,-135.9402618408
13708820.0000000000,-135.9562377930
13740420.0000000000,-135.9781799316
13772093.0000000000,-136.0072784424
13803838.0000000000,-136.0325317383
13835657.0000000000,-136.0345458984
13867565.0000000000,-136.0422668457
13899530.0000000000,-136.0745697021
13931570.0000000000,-136.0831756592
13963683.0000000000,-136.0884704590
13995870.0000000000,-136.1416320801
14028132.0000000000,-136.1620483398
14060468.0000000000,-136.1718444824
14092893.0000000000,-136.1777954102
14125379.0000000000,-136.1959381104
14157939.0000000000,-136.2087097168
14190574.0000000000,-136.2396545410
14223284.0000000000,-136.2429656982
14256070.0000000000,-136.2539215088
14288946.0000000000,-136.2540283203
14321884.0000000000,-136.3526916504
14354896.0000000000,-136.4592437744
14387986.0000000000,-136.5410461426
14421151.0000000000,-136.5498657227
14454393.0000000000,-136.5503082275
14487711.0000000000,-136.5646209717
14521122.0000000000,-136.5708160400
14554594.0000000000,-136.5803070068
14588144.0000000000,-136.5845184326
14621770.0000000000,-136.5944824219
14655475.0000000000,-136.6029815674
14689257.0000000000,-136.6188201904
14723133.0000000000,-136.7011566162
14757070.0000000000,-136.7795104980
14791086.0000000000,-136.8494110107
14825181.0000000000,-136.8864746094
14859354.0000000000,-136.9219512939
14893606.0000000000,-136.9625549316
14927937.0000000000,-137.0158081055
14962363.0000000000,-137.0252838135
14996852.0000000000,-137.0273284912
15031421.0000000000,-137.0710449219
15066070.0000000000,-137.0993804932
15100798.0000000000,-137.1046752930
15135607.0000000000,-137.1739196777
15170512.0000000000,-137.1764221191
15205481.0000000000,-137.2147369385
15240531.0000000000,-137.2147369385
15275661.0000000000,-137.2147369385
15310873.0000000000,-137.2229003906
15346165.0000000000,-137.2285614014
15381539.0000000000,-137.2320861816
15417012.0000000000,-137.2335510254
15452549.0000000000,-137.2465057373
15488168.0000000000,-137.2468109131
15523870.0000000000,-137.2469177246
15559653.0000000000,-137.2497863770
15595519.0000000000,-137.2538146973
15631468.0000000000,-137.2565917969
15667517.0000000000,-137.2637481689
15703632.0000000000,-137.2638702393
15739830.0000000000,-137.3028259277
15776111.0000000000,-137.3146667480
15812476.0000000000,-137.3265075684
15848925.0000000000,-137.3410186768
15885475.0000000000,-137.3679351807
15922092.0000000000,-137.3775634766
15958794.0000000000,-137.3844146729
15995580.0000000000,-137.3893585205
16032451.0000000000,-137.4109802246
16069407.0000000000,-137.4363098145
16106448.0000000000,-137.4363098145
16143592.0000000000,-137.4363098145
16180804.0000000000,-137.4363098145
16218102.0000000000,-137.4363098145
16255486.0000000000,-137.4363098145
16292956.0000000000,-137.4477691650
16330513.0000000000,-137.5113677979
16368174.0000000000,-137.5180816650
16405903.0000000000,-137.5445556641
16443720.0000000000,-137.5684967041
16481624.0000000000,-137.5725555420
16519616.0000000000,-137.6860809326
16557694.0000000000,-137.8766632080
16595861.0000000000,-137.9818115234
16634134.0000000000,-138.0034637451
16672477.0000000000,-138.0507202148
16710908.0000000000,-138.1146850586
16749428.0000000000,-138.1174774170
16788036.0000000000,-138.1181945801
16826734.0000000000,-138.1386871338
16865540.0000000000,-138.1413574219
16904416.0000000000,-138.1595458984
16943382.0000000000,-138.1611633301
16982438.0000000000,-138.1646575928
17021582.0000000000,-138.1667327881
17060818.0000000000,-138.1700897217
17100146.0000000000,-138.1979522705
17139582.0000000000,-138.2268676758
17179090.0000000000,-138.2642059326
17218688.0000000000,-138.2733154297
17258378.0000000000,-138.2839965820
17298160.0000000000,-138.3059997559
17338034.0000000000,-138.3354949951
17378000.0000000000,-138.3616943359
17418076.0000000000,-138.3622283936
17458226.0000000000,-138.3616943359
17498468.0000000000,-138.3354949951
17538804.0000000000,-138.3344421387
17579232.0000000000,-138.3344421387
17619752.0000000000,-138.3354949951
17660388.0000000000,-138.3909454346
17701096.0000000000,-138.4193420410
17741898.0000000000,-138.4266510010
17782794.0000000000,-138.4459838867
17823784.0000000000,-138.4548950195
17864870.0000000000,-138.4853210449
17906050.0000000000,-138.5499420166
17947344.0000000000,-138.6404724121
17988714.0000000000,-138.6863861084
18030180.0000000000,-138.7325439453
18071740.0000000000,-138.7528076172
18113396.0000000000,-138.8382415771
18155150.0000000000,-138.9082946777
18197018.0000000000,-138.9632568359
18238964.0000000000,-138.9886474609
18281006.0000000000,-139.0246734619
18323144.0000000000,-139.0250396729
18365380.0000000000,-139.0311431885
18407714.0000000000,-139.0375061035
18450146.0000000000,-139.0375061035
18492694.0000000000,-139.0375061035
18535322.0000000000,-139.0375061035
18578046.0000000000,-139.0375061035
18620870.0000000000,-139.0375061035
18663792.0000000000,-139.0375061035
18706814.0000000000,-139.0311431885
18749934.0000000000,-139.0250396729
18793176.0000000000,-139.0246734619
18836496.0000000000,-139.0122375488
18879914.0000000000,-138.9632568359
18923434.0000000000,-138.9101867676
18967054.0000000000,-138.9101867676
19010774.0000000000,-139.0122375488
19054616.0000000000,-139.0246734619
19098538.0000000000,-139.0250396729
19142562.0000000000,-139.0311431885
19186688.0000000000,-139.0375061035
19230914.0000000000,-139.0439605713
19275242.0000000000,-139.0468444824
19319674.0000000000,-139.0648956299
19364228.0000000000,-139.0648956299
19408864.0000000000,-139.0648956299
19453602.0000000000,-139.0661315918
19498444.0000000000,-139.0661315918
19543390.0000000000,-139.0959320068
19588438.0000000000,-139.0975952148
19633612.0000000000,-139.1547393799
19678870.0000000000,-139.1650848389
19724230.0000000000,-139.2346496582
19769696.0000000000,-139.2439575195
19815268.0000000000,-139.2741394043
19860942.0000000000,-139.2805786133
19906724.0000000000,-139.2879943848
19952632.0000000000,-139.2922210693
19998624.0000000000,-139.2922210693
20044722.0000000000,-139.3097076416
20090926.0000000000,-139.3539886475
20137238.0000000000,-139.3644409180
20183656.0000000000,-139.3687133789
20230202.0000000000,-139.3856811523
20276834.0000000000,-139.4004516602
20323574.0000000000,-139.4606475830
20370422.0000000000,-139.4746398926
20417376.0000000000,-139.4816284180
20464440.0000000000,-139.4816284180
20511612.0000000000,-139.4816284180
20558916.0000000000,-139.4816284180
20606306.0000000000,-139.4816284180
20653804.0000000000,-139.5366210938
20701412.0000000000,-139.5427093506
20749130.0000000000,-139.5582885742
20796960.0000000000,-139.5811462402
20844898.0000000000,-139.6495666504
20892970.0000000000,-139.6674652100
20941130.0000000000,-139.6734313965
20989400.0000000000,-139.6734313965
21037782.0000000000,-139.6734313965
21086276.0000000000,-139.6734313965
21134882.0000000000,-139.6734313965
21183622.0000000000,-139.6734313965
21232452.0000000000,-139.6734313965
21281394.0000000000,-139.6734313965
21330448.0000000000,-139.6734313965
21379618.0000000000,-139.6734313965
21428898.0000000000,-139.6748352051
21478294.0000000000,-139.7942199707
21527826.0000000000,-139.8940277100
21577450.0000000000,-139.9635162354
21627188.0000000000,-140.0850219727
21677040.0000000000,-140.0931549072
21727006.0000000000,-140.0988922119
21777088.0000000000,-140.1482543945
21827310.0000000000,-140.1482543945
21877624.0000000000,-140.1482543945
21928054.0000000000,-140.1482543945
21978600.0000000000,-140.1482543945
22029262.0000000000,-140.1482543945
22080040.0000000000,-140.1482543945
22130936.0000000000,-140.1482543945
22181974.0000000000,-140.1482543945
22233106.0000000000,-140.1482543945
22284354.0000000000,-140.1482543945
22335722.0000000000,-140.1482543945
22387206.0000000000,-140.3612823486
22438810.0000000000,-140.3628540039
22490558.0000000000,-140.3670654297
22542400.0000000000,-140.3986816406
22594362.0000000000,-140.4233703613
22646444.0000000000,-140.4293060303
22698646.0000000000,-140.4293060303
22750968.0000000000,-140.4432983398
22803410.0000000000,-140.4432983398
22855998.0000000000,-140.4293060303
22908684.0000000000,-140.4293060303
22961490.0000000000,-140.4293060303
23014418.0000000000,-140.4293060303
23067468.0000000000,-140.4293060303
23120640.0000000000,-140.4432983398
23173934.0000000000,-140.4432983398
23227378.0000000000,-140.4432983398
23280918.0000000000,-140.4432983398
23334582.0000000000,-140.4432983398
23388370.0000000000,-140.4797973633
23442282.0000000000,-140.4885864258
23496318.0000000000,-140.5073394775
23550504.0000000000,-140.5561065674
23604790.0000000000,-140.5762634277
23659200.0000000000,-140.6031036377
23713738.0000000000,-140.6031036377
23768398.0000000000,-140.6031036377
23823186.0000000000,-140.6031036377
23878100.0000000000,-140.6031036377
23933168.0000000000,-140.6031036377
23988336.0000000000,-140.6031036377
24043630.0000000000,-140.5762634277
24099052.0000000000,-140.5762634277
24154602.0000000000,-140.5762634277
24210280.0000000000,-140.5762634277
24266114.0000000000,-140.6141052246
24322048.0000000000,-140.6470794678
24378112.0000000000,-140.6532287598
24434306.0000000000,-140.6470794678
24490628.0000000000,-140.5762634277
24547082.0000000000,-140.5762634277
24603664.0000000000,-140.5762634277
24660404.0000000000,-140.6406097412
24717248.0000000000,-140.6470794678
24774224.0000000000,-140.6470794678
24831330.0000000000,-140.6406097412
24888568.0000000000,-140.5073394775
24945938.0000000000,-140.5073394775
25003440.0000000000,-140.5073394775
25061102.0000000000,-140.4797973633
25118870.0000000000,-140.4797973633
25176770.0000000000,-140.4797973633
25234804.0000000000,-140.4797973633
25292972.0000000000,-140.4797973633
25351274.0000000000,-140.4797973633
25409740.0000000000,-140.4343719482
25468310.0000000000,-140.4343719482
25527016.0000000000,-140.4744262695
25585858.0000000000,-140.6406097412
25644836.0000000000,-140.6470794678
25703948.0000000000,-140.6470794678
25763198.0000000000,-140.6470794678
25822612.0000000000,-140.6470794678
25882136.0000000000,-140.6470794678
25941796.0000000000,-140.6470794678
26001594.0000000000,-140.6470794678
26061528.0000000000,-140.6470794678
26121602.0000000000,-140.6470794678
26181844.0000000000,-140.6470794678
26242194.0000000000,-140.6470794678
26302684.0000000000,-140.6470794678
26363314.0000000000,-140.6532287598
26424084.0000000000,-140.6842193604
26484992.0000000000,-140.8246612549
26546042.0000000000,-140.8249511719
26607262.0000000000,-140.8735046387
26668594.0000000000,-140.9474029541
26730066.0000000000,-140.9474029541
26791682.0000000000,-140.9474029541
26853438.0000000000,-140.9474029541
26915338.0000000000,-140.9474029541
26977408.0000000000,-140.9742126465
27039594.0000000000,-140.9742126465
27101922.0000000000,-140.9742126465
27164394.0000000000,-140.9742126465
27227010.0000000000,-140.9742126465
27289770.0000000000,-141.0273590088
27352674.0000000000,-141.0298309326
27415754.0000000000,-141.0806274414
27478950.0000000000,-141.1031036377
27542290.0000000000,-141.1626434326
27605778.0000000000,-141.1803131104
27669410.0000000000,-141.1865386963
27733190.0000000000,-141.1865386963
27797118.0000000000,-141.1865386963
27861222.0000000000,-141.2635650635
27925444.0000000000,-141.2649841309
27989814.0000000000,-141.3475952148
28054334.0000000000,-141.3958892822
28119000.0000000000,-141.3958892822
28183816.0000000000,-141.4064941406
28248814.0000000000,-141.4152526855
28313930.0000000000,-141.4273986816
28379194.0000000000,-141.4528656006
28444610.0000000000,-141.4528656006
28510178.0000000000,-141.4528656006
28575896.0000000000,-141.4528656006
28641766.0000000000,-141.4528656006
28707818.0000000000,-141.4273986816
28773992.0000000000,-141.4064941406
28840318.0000000000,-141.4273986816
28906796.0000000000,-141.4319000244
28973428.0000000000,-141.4528656006
29040214.0000000000,-141.5299377441
29107186.0000000000,-141.5733184814
29174280.0000000000,-141.6400299072
29241530.0000000000,-141.6442718506
29308932.0000000000,-141.7242736816
29376492.0000000000,-141.7431793213
29444208.0000000000,-141.7726745605
29512078.0000000000,-141.7833099365
29580138.0000000000,-141.8648071289
29648322.0000000000,-141.8866882324
29716664.0000000000,-141.9205322266
29785162.0000000000,-141.9582824707
29853820.0000000000,-141.9852142334
29922634.0000000000,-141.9852142334
29991642.0000000000,-141.9852142334
30060774.0000000000,-141.9852142334
30130066.0000000000,-141.9852142334
30199518.0000000000,-142.0136718750
30269130.0000000000,-142.0387878418
30338904.0000000000,-142.0502319336
30408836.0000000000,-142.1515045166
30478964.0000000000,-142.1603851318
30549220.0000000000,-142.1778869629
30619638.0000000000,-142.2013854980
30690220.0000000000,-142.2335510254
30760962.0000000000,-142.3825073242
30831868.0000000000,-142.4920959473
30902938.0000000000,-142.4945220947
30974206.0000000000,-142.4988250732
31045604.0000000000,-142.5052490234
31117166.0000000000,-142.6175842285
31188892.0000000000,-142.6175842285
31260786.0000000000,-142.6175842285
31332844.0000000000,-142.6343536377
31405102.0000000000,-142.6684112549
31477494.0000000000,-142.6857299805
31550052.0000000000,-142.7075653076
31622776.0000000000,-142.7469024658
31695670.0000000000,-142.7499542236
31768730.0000000000,-142.7997283936
31841960.0000000000,-142.8191070557
31915392.0000000000,-142.8381195068
31988960.0000000000,-142.8854980469
32062696.0000000000,-142.9238891602
32136604.0000000000,-142.9984130859
32210680.0000000000,-143.0296936035
32284928.0000000000,-143.0296936035
32359382.0000000000,-142.9984130859
32433974.0000000000,-142.9548034668
32508736.0000000000,-142.9238891602
32583670.0000000000,-142.8854980469
32658778.0000000000,-142.8854980469
32734060.0000000000,-142.8854980469
32809514.0000000000,-142.8854980469
32885178.0000000000,-142.8854980469
32960980.0000000000,-142.8854980469
33036958.0000000000,-142.8854980469
33113110.0000000000,-142.9238891602
33189438.0000000000,-142.9548034668
33265942.0000000000,-142.9548034668
33342624.0000000000,-142.9548034668
33419516.0000000000,-142.9548034668
33496552.0000000000,-142.9548034668
33573764.0000000000,-142.9548034668
33651152.0000000000,-142.9548034668
33728720.0000000000,-142.9238891602
33806468.0000000000,-142.9238891602
33884432.0000000000,-142.9238891602
33962536.0000000000,-142.9238891602
34040824.0000000000,-142.9238891602
34119292.0000000000,-142.9238891602
34197936.0000000000,-142.9433135986
34276768.0000000000,-142.9548034668
34355776.0000000000,-143.0151062012
34435008.0000000000,-143.1285247803
34514384.0000000000,-143.1492462158
34593940.0000000000,-143.2669677734
34673680.0000000000,-143.3121490479
34753608.0000000000,-143.3121490479
34833716.0000000000,-143.3121490479
34914048.0000000000,-143.3121490479
34994528.0000000000,-143.3121490479
35075192.0000000000,-143.3121490479
35156044.0000000000,-143.3121490479
35237080.0000000000,-143.3121490479
35318304.0000000000,-143.3121490479
35399716.0000000000,-143.3121490479
35481356.0000000000,-143.3121490479
35563140.0000000000,-143.3121490479
35645116.0000000000,-143.3121490479
35727280.0000000000,-143.3121490479
35809636.0000000000,-143.3121490479
35892180.0000000000,-143.3121490479
35974952.0000000000,-143.3121490479
36057876.0000000000,-143.3121490479
36140992.0000000000,-143.3121490479
36224300.0000000000,-143.3121490479
36307800.0000000000,-143.3121490479
36391492.0000000000,-143.3121490479
36475376.0000000000,-143.2919006348
36559496.0000000000,-143.2756195068
36643768.0000000000,-143.2697448730
36728236.0000000000,-143.2669677734
36812896.0000000000,-143.2669677734
36897752.0000000000,-143.2697448730
36982804.0000000000,-143.2756195068
37068052.0000000000,-143.2919006348
37153536.0000000000,-143.3121490479
37239180.0000000000,-143.3475494385
37325020.0000000000,-143.3701019287
37411056.0000000000,-143.3701019287
37497292.0000000000,-143.3701019287
37583724.0000000000,-143.3701019287
37670400.0000000000,-143.3701019287
37757232.0000000000,-143.3475494385
37844264.0000000000,-143.2919006348
37931500.0000000000,-143.2919006348
38018932.0000000000,-143.2919006348
38106568.0000000000,-143.2919006348
38194408.0000000000,-143.2919006348
38282492.0000000000,-143.2919006348
38370736.0000000000,-143.2919006348
38459180.0000000000,-143.2919006348
38547832.0000000000,-143.2919006348
38636688.0000000000,-143.2919006348
38725748.0000000000,-143.2919006348
38815056.0000000000,-143.2919006348
38904528.0000000000,-143.2919006348
38994204.0000000000,-143.2919006348
39084092.0000000000,-143.3554534912
39174180.0000000000,-143.3693847656
39264480.0000000000,-143.3701019287
39354988.0000000000,-143.3916625977
39445748.0000000000,-143.4214019775
39536672.0000000000,-143.4323272705
39627808.0000000000,-143.4645538330
39719152.0000000000,-143.4782257080
39810708.0000000000,-143.4786834717
39902476.0000000000,-143.4857177734
39994496.0000000000,-143.4950561523
40086688.0000000000,-143.5111846924
40179088.0000000000,-143.5401000977
40271704.0000000000,-143.5525817871
40364536.0000000000,-143.5525817871
40457576.0000000000,-143.5525817871
40550836.0000000000,-143.5401000977
40644352.0000000000,-143.5111846924
40738040.0000000000,-143.4950561523
40831944.0000000000,-143.4950561523
40926064.0000000000,-143.4950561523
41020404.0000000000,-143.4950561523
41114956.0000000000,-143.4950561523
41209732.0000000000,-143.4950561523
41304768.0000000000,-143.4950561523
41399976.0000000000,-143.4950561523
41495408.0000000000,-143.5111846924
41591056.0000000000,-143.5204467773
41686928.0000000000,-143.5401000977
41783020.0000000000,-143.5525817871
41879376.0000000000,-143.5806579590
41975912.0000000000,-143.5835876465
42072668.0000000000,-143.5837707520
42169652.0000000000,-143.5838623047
42266856.0000000000,-143.5991058350
42364284.0000000000,-143.6744384766
42461936.0000000000,-143.6881713867
42559860.0000000000,-143.8280029297
42657964.0000000000,-143.9311676025
42756292.0000000000,-144.0949401855
42854848.0000000000,-144.1285552979
42953632.0000000000,-144.1455535889
43052644.0000000000,-144.1455535889
43151932.0000000000,-144.1455535889
43251400.0000000000,-144.1455535889
43351096.0000000000,-144.1285552979
43451024.0000000000,-144.1156005859
43551180.0000000000,-144.0949401855
43651568.0000000000,-144.0634918213
43752188.0000000000,-143.9951629639
43853088.0000000000,-143.9311676025
43954176.0000000000,-143.9311676025
44055492.0000000000,-143.9311676025
44157044.0000000000,-143.9311676025
44258828.0000000000,-143.9951629639
44360848.0000000000,-144.0634918213
44463104.0000000000,-144.0841369629
44565644.0000000000,-144.1156005859
44668368.0000000000,-144.1285552979
44771332.0000000000,-144.1285552979
44874532.0000000000,-144.1285552979
44977972.0000000000,-144.1285552979
45081652.0000000000,-144.1455535889
45185616.0000000000,-144.1915588379
45289772.0000000000,-144.2184600830
45394168.0000000000,-144.2468566895
45498804.0000000000,-144.3368682861
45603684.0000000000,-144.3595123291
45708804.0000000000,-144.4771423340
45814164.0000000000,-144.4834594727
45919820.0000000000,-144.5223236084
46025668.0000000000,-144.5245513916
46131760.0000000000,-144.5245513916
46238100.0000000000,-144.5245513916
46344680.0000000000,-144.5245513916
46451508.0000000000,-144.5245513916
46558632.0000000000,-144.5245513916
46665956.0000000000,-144.5245513916
46773524.0000000000,-144.5245513916
46881340.0000000000,-144.5245513916
46989404.0000000000,-144.5711975098
47097716.0000000000,-144.7220458984
47206280.0000000000,-144.7305145264
47315148.0000000000,-144.7656555176
47424212.0000000000,-144.7982940674
47533528.0000000000,-144.9050750732
47643096.0000000000,-144.9388427734
47752916.0000000000,-144.9873657227
47862992.0000000000,-145.0107269287
47973372.0000000000,-145.0377044678
48083952.0000000000,-145.0728759766
48194788.0000000000,-145.1244049072
48305880.0000000000,-145.1801147461
48417232.0000000000,-145.3329467773
48528836.0000000000,-145.3391876221
48640696.0000000000,-145.3465881348
48752872.0000000000,-145.4058837891
48865252.0000000000,-145.4330139160
48977888.0000000000,-145.5104370117
49090784.0000000000,-145.5895843506
49203944.0000000000,-145.5993041992
49317364.0000000000,-145.6615600586
49431044.0000000000,-145.6633605957
49545040.0000000000,-145.6636505127
49659244.0000000000,-145.6836090088
49773712.0000000000,-145.6836090088
49888444.0000000000,-145.6836090088
50003440.0000000000,-145.6836090088
50118700.0000000000,-145.6836090088
50234284.0000000000,-145.6836090088
50350076.0000000000,-145.6836090088
50466136.0000000000,-145.6836090088
50582464.0000000000,-145.6836090088
50699060.0000000000,-145.6836090088
50815928.0000000000,-145.6836090088
50933060.0000000000,-145.6636505127
51050520.0000000000,-145.6633605957
51168196.0000000000,-145.6615600586
51286144.0000000000,-145.5993041992
51404360.0000000000,-145.5895843506
51522852.0000000000,-145.4058837891
51641616.0000000000,-145.3391876221
51760712.0000000000,-145.3339538574
51880024.0000000000,-145.1885681152
51999608.0000000000,-145.1801147461
52119472.0000000000,-145.0728759766
52239612.0000000000,-145.0377044678
52360028.0000000000,-145.0103912354
52480720.0000000000,-144.9399719238
52601752.0000000000,-144.8668365479
52723000.0000000000,-144.8081207275
52844532.0000000000,-144.8003082275
52966340.0000000000,-144.7768554688
53088432.0000000000,-144.6902313232
53210804.0000000000,-144.6734161377
53333520.0000000000,-144.4819946289
53456456.0000000000,-144.4432373047
53579676.0000000000,-144.4140319824
53703180.0000000000,-144.4137573242
53826972.0000000000,-144.4137573242
53951048.0000000000,-144.4137573242
54075408.0000000000,-144.4137573242
54200116.0000000000,-144.4137573242
54325048.0000000000,-144.4137573242
54450272.0000000000,-144.4137573242
54575784.0000000000,-144.4137573242
54701584.0000000000,-144.4137573242
54827676.0000000000,-144.3999481201
54954060.0000000000,-144.3999481201
55080792.0000000000,-144.3999481201
55207756.0000000000,-144.3999481201
55335016.0000000000,-144.3999481201
55462564.0000000000,-144.3999481201
55590412.0000000000,-144.3999481201
55718552.0000000000,-144.3999481201
55847048.0000000000,-144.3999481201
55975780.0000000000,-144.3999481201
56104808.0000000000,-144.2430725098
56234132.0000000000,-144.2430725098
56363756.0000000000,-144.2430725098
56493680.0000000000,-144.2430725098
56623900.0000000000,-144.2430725098
56754484.0000000000,-144.1853485107
56885308.0000000000,-144.1737213135
57016432.0000000000,-144.1737213135
57147860.0000000000,-144.1853485107
57279588.0000000000,-144.2430725098
57411624.0000000000,-144.3999481201
57544024.0000000000,-144.4426269531
57676668.0000000000,-144.4426269531
57809616.0000000000,-144.4426269531
57942872.0000000000,-144.4426269531
58076432.0000000000,-144.4426269531
58210304.0000000000,-144.4426269531
58344484.0000000000,-144.5246276855
58479036.0000000000,-144.6703491211
58613832.0000000000,-144.7450256348
58748944.0000000000,-145.0260620117
58884364.0000000000,-145.1000671387
59020096.0000000000,-145.1627807617
59156140.0000000000,-145.1877288818
59292500.0000000000,-145.1877288818
59429240.0000000000,-145.1877288818
59566228.0000000000,-145.1627807617
59703532.0000000000,-145.1000671387
59841152.0000000000,-145.0186614990
59979092.0000000000,-144.7450256348
60117348.0000000000,-144.7450256348
60255988.0000000000,-144.7450256348
60394884.0000000000,-145.0186614990
60534096.0000000000,-145.1000671387
60673632.0000000000,-145.1000671387
60813488.0000000000,-145.1000671387
60953668.0000000000,-145.1000671387
61094172.0000000000,-145.1000671387
61235064.0000000000,-145.1000671387
61376216.0000000000,-145.1000671387
61517692.0000000000,-145.1000671387
61659496.0000000000,-145.1877288818
61801624.0000000000,-145.3102416992
61944080.0000000000,-145.4407196045
62086936.0000000000,-145.5028991699
62230048.0000000000,-145.5633239746
62373496.0000000000,-145.8537597656
62517268.0000000000,-145.8899078369
62661376.0000000000,-145.9813690186
62805816.0000000000,-145.9851989746
62950588.0000000000,-145.9851989746
63095764.0000000000,-145.9851989746
63241204.0000000000,-145.9851989746
63386976.0000000000,-145.9851989746
63533088.0000000000,-145.9851989746
63679536.0000000000,-145.9851989746
63826324.0000000000,-145.9851989746
63973516.0000000000,-145.9851989746
64120980.0000000000,-145.9851989746
64268784.0000000000,-145.9851989746
64416928.0000000000,-145.9813690186
64565416.0000000000,-145.8899078369
64714244.0000000000,-145.8899078369
64863412.0000000000,-145.8899078369
65013000.0000000000,-145.8899078369
65162860.0000000000,-145.8889007568
65313064.0000000000,-145.8889007568
65463616.0000000000,-145.8889007568
65614512.0000000000,-145.8889007568
65765760.0000000000,-145.8899078369
65917356.0000000000,-145.9813690186
66069372.0000000000,-145.9851989746
66221664.0000000000,-146.0471649170
66374312.0000000000,-146.0525970459
66527308.0000000000,-146.0525970459
66680660.0000000000,-146.0525970459
66834364.0000000000,-146.0525970459
66988492.0000000000,-146.0525970459
67142904.0000000000,-146.0525970459
67297680.0000000000,-146.0525970459
67452800.0000000000,-146.0525970459
67608288.0000000000,-146.0525970459
67764128.0000000000,-146.0525970459
67920328.0000000000,-146.0525970459
68076968.0000000000,-146.0525970459
68233888.0000000000,-146.0525970459
68391168.0000000000,-146.0671234131
68548816.0000000000,-146.0671234131
68706824.0000000000,-146.0671234131
68865200.0000000000,-146.0671234131
69024016.0000000000,-146.1183624268
69183120.0000000000,-146.1711730957
69342592.0000000000,-146.3405609131
69502432.0000000000,-146.3595123291
69662640.0000000000,-146.4082946777
69823216.0000000000,-146.5627746582
69984168.0000000000,-146.7199859619
70145560.0000000000,-146.7497253418
70307248.0000000000,-146.7497253418
70469312.0000000000,-146.7497253418
70631752.0000000000,-146.7497253418
70794560.0000000000,-146.7497253418
70957752.0000000000,-146.7510833740
71121392.0000000000,-146.7572479248
71285328.0000000000,-146.7752532959
71449648.0000000000,-147.4377899170
71614344.0000000000,-147.4377899170
71779424.0000000000,-147.4377899170
71944880.0000000000,-147.4553375244
72110712.0000000000,-147.4842987061
72277016.0000000000,-147.4842987061
72443616.0000000000,-147.4842987061
72610608.0000000000,-147.4842987061
72777976.0000000000,-147.4377899170
72945736.0000000000,-147.3285064697
73113880.0000000000,-147.1242218018
73282416.0000000000,-146.9588470459
73451416.0000000000,-146.7752532959
73620728.0000000000,-146.7752532959
73790432.0000000000,-146.7752532959
73960520.0000000000,-146.7510833740
74131008.0000000000,-146.7199859619
74301880.0000000000,-146.6621093750
74473232.0000000000,-146.4082946777
74644904.0000000000,-146.3625793457
74816960.0000000000,-146.3595123291
74989424.0000000000,-146.3405609131
75162280.0000000000,-146.3405609131
75335528.0000000000,-146.3405609131
75509184.0000000000,-146.3405609131
75683320.0000000000,-146.3405609131
75857776.0000000000,-146.3116607666
76032632.0000000000,-146.2883148193
76207896.0000000000,-146.2785186768
76383560.0000000000,-146.1665954590
76559632.0000000000,-146.1302185059
76736192.0000000000,-145.9239501953
76913072.0000000000,-145.8403015137
77090360.0000000000,-145.7681274414
77268064.0000000000,-145.7681274414
77446168.0000000000,-145.7681274414
77624688.0000000000,-145.7681274414
77803616.0000000000,-145.7681274414
77983048.0000000000,-145.7681274414
78162800.0000000000,-145.7681274414
78342976.0000000000,-145.7681274414
78523560.0000000000,-145.7681274414
78704560.0000000000,-145.7681274414
78885984.0000000000,-145.6901245117
79067816.0000000000,-145.2692565918
79250160.0000000000,-145.2334594727
79432840.0000000000,-145.2072906494
79615936.0000000000,-145.1689605713
79799456.0000000000,-145.0364990234
79983400.0000000000,-144.6994628906
80167768.0000000000,-144.6500701904
80352648.0000000000,-144.6500701904
80537872.0000000000,-144.6500701904
80723512.0000000000,-144.5984649658
80909592.0000000000,-144.5852661133
81096088.0000000000,-144.5852661133
81283024.0000000000,-144.5852661133
81470384.0000000000,-144.5852661133
81658272.0000000000,-144.5852661133
81846496.0000000000,-144.5984649658
82035160.0000000000,-144.6597290039
82224256.0000000000,-144.6597290039
82413792.0000000000,-144.6597290039
82603760.0000000000,-144.6597290039
82794256.0000000000,-144.6597290039
82985104.0000000000,-144.6672821045
83176392.0000000000,-144.6672821045
83368120.0000000000,-144.6672821045
83560288.0000000000,-144.6672821045
83752904.0000000000,-144.6672821045
83945960.0000000000,-144.6672821045
84139552.0000000000,-144.6672821045
84333496.0000000000,-144.6672821045
84527896.0000000000,-144.8366851807
84722736.0000000000,-145.0285186768
84918032.0000000000,-145.0285186768
85113768.0000000000,-144.9855194092
85310056.0000000000,-144.9855194092
85506704.0000000000,-144.9855194092
85703800.0000000000,-144.9855194092
85901352.0000000000,-144.9855194092
86099360.0000000000,-144.9855194092
86297832.0000000000,-144.9855194092
86496752.0000000000,-144.9855194092
86696224.0000000000,-144.9855194092
86896072.0000000000,-145.0106964111
87096368.0000000000,-145.0285186768
87297136.0000000000,-145.0956420898
87498360.0000000000,-145.1956481934
87700048.0000000000,-145.2111816406
87902208.0000000000,-145.2348785400
88104920.0000000000,-145.3999176025
88308008.0000000000,-145.4053192139
88511568.0000000000,-145.4053192139
88715592.0000000000,-145.4053192139
88920088.0000000000,-145.4667816162
89125056.0000000000,-145.5069427490
89330592.0000000000,-145.5849914551
89536504.0000000000,-145.6100158691
89742896.0000000000,-145.6100158691
89949760.0000000000,-145.6100158691
90157096.0000000000,-145.5849914551
90364920.0000000000,-145.5849914551
90573216.0000000000,-145.6100158691
90782088.0000000000,-145.6323699951
90991352.0000000000,-145.6323699951
91201088.0000000000,-145.6100158691
91411320.0000000000,-145.6100158691
91622024.0000000000,-145.6100158691
91833224.0000000000,-145.6100158691
92045008.0000000000,-145.6100158691
92257176.0000000000,-145.6323699951
92469832.0000000000,-145.7190093994
92682984.0000000000,-145.7252807617
92896624.0000000000,-145.8350219727
93110760.0000000000,-145.8350219727
93325384.0000000000,-145.8478088379
93540608.0000000000,-145.9444427490
93756224.0000000000,-145.9842987061
93972344.0000000000,-145.9842987061
94188952.0000000000,-145.9842987061
94406064.0000000000,-145.9842987061
94623680.0000000000,-145.9842987061
94841896.0000000000,-146.0191802979
95060512.0000000000,-146.0741729736
95279640.0000000000,-146.0741729736
95499264.0000000000,-146.0191802979
95719392.0000000000,-146.0191802979
95940032.0000000000,-146.0191802979
96161184.0000000000,-146.0191802979
96382952.0000000000,-145.9892272949
96605120.0000000000,-145.9892272949
96827800.0000000000,-145.9892272949
97050992.0000000000,-146.0191802979
97274704.0000000000,-146.0741729736
97498928.0000000000,-146.0932159424
97723672.0000000000,-146.1463012695
97949040.0000000000,-146.1463012695
98174816.0000000000,-146.1463012695
98401120.0000000000,-146.1463012695
98627936.0000000000,-146.1463012695
98855280.0000000000,-146.3890075684
99083152.0000000000,-146.4566955566
99311656.0000000000,-146.4566955566
99540576.0000000000,-146.4566955566
99770024.0000000000,-146.3890075684
100000000.0000000000,-146.3890075684
