Type,FSWP-50
Version,3.02SP1
Date,03.Jul 2026
VSupply,ON
Mode,Voltage
Voltage Set,0.6000000000,V
Voltage Min,0.0000000000,V
Voltage Max,0.6500000000,V
Voltage Meas,0.6045866403,V
Current Max,20.0000000000,mA
Current Meas,17.4264705882,mA
VTune,OFF
Voltage Set,0.0000000000,V
Voltage Min,0.0000000000,V
Voltage Max,0.0100000000,V
Voltage Meas,-0.0212622694,V
Current Max,20.0000000000,mA
Current Meas,0.1518235044,mA
VAux,OFF
Voltage Set,0.0000000000,V
Voltage Min,-10.0000000000,V
Voltage Max,10.0000000000,V
Voltage Meas,-0.0035910577,V
Current Max,100.0000000000,mA
Current Meas,-0.0602391064,mA
Mode,Phase Noise
Measurement,Phase Noise
Input,RF
RF Att,0.0000000000,dB
Coupling,AC
RBW,2.0000000000,%
XCORR Factor,1000
XCORR Optimize,ON
Estimated Meas Time,3.7457527981,s
Sweep Count,5
Signal Frequency,23683589043.4602737427,Hz
Signal Level,-14.6603000000,dBm
Start,10000.0000000000,Hz
Stop,100000000.0000000000,Hz
SubSweep,1
Start,10000.0000000000,Hz
Stop,30000.0000000000,Hz
RBW,600.0000000000,Hz
XCORR Count,1000
SubSweep,2
Start,30000.0000000000,Hz
Stop,100000.0000000000,Hz
RBW,600.0000000000,Hz
XCORR Count,1000
SubSweep,3
Start,100000.0000000000,Hz
Stop,300000.0000000000,Hz
RBW,2000.0000000000,Hz
XCORR Count,3300
SubSweep,4
Start,300000.0000000000,Hz
Stop,1000000.0000000000,Hz
RBW,6000.0000000000,Hz
XCORR Count,10000
SubSweep,5
Start,1000000.0000000000,Hz
Stop,3000000.0000000000,Hz
RBW,20000.0000000000,Hz
XCORR Count,10000
SubSweep,6
Start,3000000.0000000000,Hz
Stop,10000000.0000000000,Hz
RBW,60000.0000000000,Hz
XCORR Count,10000
SubSweep,7
Start,10000000.0000000000,Hz
Stop,30000000.0000000000,Hz
RBW,200000.0000000000,Hz
XCORR Count,10000
SubSweep,8
Start,30000000.0000000000,Hz
Stop,100000000.0000000000,Hz
RBW,600000.0000000000,Hz
XCORR Count,10000
Integrated Measurements Range,1
Start,10000.0000000000,Hz
Stop,100000000.0000000000,Hz
Weighting,OFF
Integrated Measurements Range,2
Start,10000.0000000000,Hz
Stop,100000000.0000000000,Hz
Weighting,OFF
Integrated Measurements Range,3
Start,10000.0000000000,Hz
Stop,100000000.0000000000,Hz
Weighting,OFF
Integrated Measurements Range,4
Start,10000.0000000000,Hz
Stop,100000000.0000000000,Hz
Weighting,OFF
Integrated Measurements Range,5
Start,10000.0000000000,Hz
Stop,100000000.0000000000,Hz
Weighting,OFF
Integrated Measurements Range,6
Start,10000.0000000000,Hz
Stop,100000000.0000000000,Hz
Weighting,OFF
Integrated Measurements Range,7
Start,10000.0000000000,Hz
Stop,100000000.0000000000,Hz
Weighting,OFF
Integrated Measurements Range,8
Start,10000.0000000000,Hz
Stop,100000000.0000000000,Hz
Weighting,OFF
Integrated Measurements Range,9
Start,10000.0000000000,Hz
Stop,100000000.0000000000,Hz
Weighting,OFF
Integrated Measurements Range,10
Start,10000.0000000000,Hz
Stop,100000000.0000000000,Hz
Weighting,OFF
Spot Noise Decade Edges,OFF
Spot Noise User Defined,ON
Spot Noise User Defined Offset,1
State,OFF
Offset,1000.0000000000,Hz
Spot Noise User Defined Offset,2
State,OFF
Offset,10000.0000000000,Hz
Spot Noise User Defined Offset,3
State,ON
Offset,100000.0000000000,Hz
Spot Noise User Defined Offset,4
State,ON
Offset,1000000.0000000000,Hz
Spot Noise User Defined Offset,5
State,ON
Offset,10000000.0000000000,Hz
Spot Noise User Defined Offset,6
State,OFF
Offset,100000000.0000000000,Hz
Window,1,Noise Spectrum
Trace,1
Trace Mode,CLR/WRITE
Trace Result,PN
Smoothing,ON
Smoothing Value,1.0000000000,%
Spurious Removal,ON
Spurious Removal Threshold,6.0000000000,dB
Trace Offset,OFF
Trace Offset,0.0000000000,dB
Trace Label,OFF
Trace Label,Trace 1
x-Unit,Hz
y-Unit,dBc/Hz
Values,4001
10000.0000000000,-53.3033027649
10023.0507812500,-53.3394889832
10046.1542968750,-53.3756713867
10069.3115234375,-53.4118537903
10092.5332031250,-53.4414634705
10115.7968750000,-53.4706077576
10139.1152343750,-53.4997558594
10162.4863281250,-53.5289001465
10185.9111328125,-53.5570678711
10209.3906250000,-53.5845031738
10232.9355468750,-53.6119499207
10256.5234375000,-53.6393814087
10280.1650390625,-53.6676445007
10303.8613281250,-53.6983985901
10327.6123046875,-53.7291564941
10351.4189453125,-53.7599105835
10375.2792968750,-53.7906646729
10399.2060546875,-53.8267250061
10423.1777343750,-53.8629264832
10447.2031250000,-53.8991279602
10471.2851562500,-53.9353294373
10495.4218750000,-53.9743423462
10519.6152343750,-54.0143775940
10543.8632812500,-54.0544090271
10568.1787109375,-54.0944595337
10592.5400390625,-54.1342086792
10616.9560546875,-54.1737022400
10641.4287109375,-54.2131996155
10665.9580078125,-54.2526969910
10690.5439453125,-54.2901268005
10715.1982421875,-54.3242263794
10739.8974609375,-54.3583030701
10764.6533203125,-54.3923835754
10789.4667968750,-54.4242057800
10814.3378906250,-54.4497718811
10839.2656250000,-54.4753379822
10864.2509765625,-54.5009040833
10889.3056640625,-54.5248527527
10914.4062500000,-54.5417289734
10939.5644531250,-54.5586090088
10964.7812500000,-54.5754852295
10990.0556640625,-54.5914382935
11015.3886718750,-54.6020507813
11040.7919921875,-54.6126670837
11066.2412109375,-54.6232795715
11091.7500000000,-54.6335678101
11117.3173828125,-54.6419258118
11142.9433593750,-54.6502838135
11168.6289062500,-54.6586456299
11194.3730468750,-54.6674270630
11220.1894531250,-54.6781730652
11246.0527343750,-54.6889114380
11271.9755859375,-54.6996498108
11297.9580078125,-54.7120437622
11324.0009765625,-54.7294464111
11350.1035156250,-54.7468528748
11376.2792968750,-54.7642631531
11402.5019531250,-54.7849845886
11428.7861328125,-54.8117675781
11455.1298828125,-54.8385505676
11481.5351562500,-54.8653373718
11508.0000000000,-54.8967399597
11534.5273437500,-54.9328994751
11561.1279296875,-54.9690780640
11587.7773437500,-55.0052375793
11614.4873046875,-55.0456771851
11641.2597656250,-55.0882606506
11668.0937500000,-55.1308403015
11694.9892578125,-55.1734199524
11721.9472656250,-55.2173690796
11748.9804687500,-55.2615318298
11776.0625000000,-55.3056755066
11803.2070312500,-55.3494186401
11830.4140625000,-55.3900299072
11857.6845703125,-55.4306449890
11885.0166015625,-55.4712562561
11912.4257812500,-55.5089874268
11939.8847656250,-55.5420799255
11967.4072265625,-55.5751762390
11994.9931640625,-55.6082687378
12022.6425781250,-55.6348381042
12050.3554687500,-55.6584625244
12078.1318359375,-55.6820907593
12105.9863281250,-55.7055244446
12133.8916015625,-55.7207984924
12161.8613281250,-55.7360725403
12189.8955078125,-55.7513504028
12217.9931640625,-55.7651634216
12246.1572265625,-55.7766952515
12274.3984375000,-55.7882347107
12302.6923828125,-55.7997627258
12331.0507812500,-55.8134002686
12359.4746093750,-55.8276138306
12387.9638671875,-55.8418235779
12416.5195312500,-55.8575973511
12445.1396484375,-55.8791885376
12473.8408203125,-55.9007911682
12502.5937500000,-55.9223861694
12531.4130859375,-55.9489936829
12560.2988281250,-55.9781112671
12589.2509765625,-56.0072326660
12618.2705078125,-56.0368804932
12647.3701171875,-56.0695304871
12676.5234375000,-56.1021652222
12705.7441406250,-56.1348037720
12735.0312500000,-56.1666984558
12764.3867187500,-56.1982192993
12793.8095703125,-56.2297401428
12823.2998046875,-56.2607154846
12852.8730468750,-56.2895240784
12882.4990234375,-56.3183174133
12912.1943359375,-56.3471145630
12941.9580078125,-56.3751220703
12971.7900390625,-56.4028892517
13001.6914062500,-56.4306564331
13031.6611328125,-56.4587669373
13061.7138671875,-56.4875068665
13091.8222656250,-56.5162315369
13122.0000000000,-56.5449562073
13152.2470703125,-56.5741729736
13182.5634765625,-56.6033973694
13212.9501953125,-56.6326217651
13243.4218750000,-56.6606597900
13273.9492187500,-56.6879730225
13304.5468750000,-56.7152900696
13335.2138671875,-56.7416343689
13365.9531250000,-56.7657203674
13396.7626953125,-56.7898063660
13427.6425781250,-56.8138923645
13458.6093750000,-56.8368797302
13489.6328125000,-56.8598480225
13520.7265625000,-56.8828201294
13551.8935546875,-56.9084739685
13583.1308593750,-56.9351654053
13614.4414062500,-56.9618606567
13645.8388671875,-56.9923591614
13677.2929687500,-57.0271682739
13708.8203125000,-57.0619773865
13740.4199218750,-57.0988349915
13772.0927734375,-57.1422805786
13803.8388671875,-57.1857223511
13835.6572265625,-57.2292785645
13867.5644531250,-57.2763366699
13899.5302734375,-57.3233718872
13931.5693359375,-57.3704071045
13963.6826171875,-57.4126892090
13995.8701171875,-57.4541397095
14028.1318359375,-57.4955902100
14060.4677734375,-57.5272102356
14092.8935546875,-57.5544662476
14125.3789062500,-57.5817108154
14157.9384765625,-57.5996665955
14190.5732421875,-57.6102256775
14223.2841796875,-57.6207809448
14256.0693359375,-57.6260566711
14288.9462890625,-57.6261100769
14321.8837890625,-57.6263198853
14354.8964843750,-57.6263351440
14387.9853515625,-57.6265602112
14421.1503906250,-57.6265792847
14454.3925781250,-57.6300239563
14487.7109375000,-57.6415481567
14521.1220703125,-57.6530761719
14554.5947265625,-57.6685028076
14588.1435546875,-57.6966056824
14621.7705078125,-57.7247085571
14655.4746093750,-57.7558135986
14689.2568359375,-57.7983169556
14723.1328125000,-57.8408355713
14757.0703125000,-57.8846092224
14791.0869140625,-57.9333534241
14825.1806640625,-57.9821014404
14859.3544921875,-58.0301704407
14893.6054687500,-58.0758209229
14927.9365234375,-58.1214714050
14962.3632812500,-58.1651268005
14996.8525390625,-58.2028503418
15031.4208984375,-58.2405738831
15066.0693359375,-58.2765731812
15100.7978515625,-58.3087272644
15135.6064453125,-58.3408851624
15170.5117187500,-58.3736534119
15205.4804687500,-58.4073638916
15240.5302734375,-58.4410743713
15275.6611328125,-58.4785995483
15310.8730468750,-58.5202522278
15346.1650390625,-58.5619049072
15381.5390625000,-58.6087837219
15417.0117187500,-58.6592597961
15452.5488281250,-58.7097053528
15488.1679687500,-58.7622909546
15523.8691406250,-58.8156776428
15559.6533203125,-58.8690643311
15595.5195312500,-58.9171791077
15631.4677734375,-58.9645729065
15667.5166015625,-59.0114212036
15703.6318359375,-59.0475502014
15739.8300781250,-59.0836791992
15776.1113281250,-59.1177406311
15812.4765625000,-59.1452331543
15848.9248046875,-59.1727256775
15885.4755859375,-59.1998901367
15922.0927734375,-59.2266235352
15958.7939453125,-59.2533531189
15995.5800781250,-59.2836151123
16032.4511718750,-59.3155975342
16069.4072265625,-59.3475837708
16106.4482421875,-59.3837242126
16143.5927734375,-59.4202728271
16180.8046875000,-59.4564743042
16218.1025390625,-59.4911117554
16255.4863281250,-59.5257492065
16292.9560546875,-59.5564193726
16330.5126953125,-59.5822601318
16368.1738281250,-59.6081123352
16405.9042968750,-59.6257133484
16443.7207031250,-59.6404991150
16481.6250000000,-59.6548614502
16519.6152343750,-59.6620903015
16557.6953125000,-59.6693191528
16595.8613281250,-59.6760063171
16634.1347656250,-59.6818199158
16672.4765625000,-59.6876296997
16710.9082031250,-59.6958847046
16749.4277343750,-59.7050552368
16788.0371093750,-59.7146873474
16826.7343750000,-59.7291831970
16865.5390625000,-59.7436866760
16904.4160156250,-59.7608909607
16943.3808593750,-59.7812385559
16982.4375000000,-59.8015861511
17021.5820312500,-59.8273582458
17060.8183593750,-59.8540573120
17100.1445312500,-59.8823623657
17139.5820312500,-59.9152336121
17179.0898437500,-59.9480895996
17218.6875000000,-59.9836540222
17258.3789062500,-60.0204658508
17298.1601562500,-60.0573692322
17338.0332031250,-60.0949020386
17378.0000000000,-60.1324386597
17418.0761718750,-60.1697654724
17458.2265625000,-60.2069091797
17498.4687500000,-60.2441520691
17538.8027343750,-60.2835807800
17579.2324218750,-60.3230094910
17619.7519531250,-60.3657722473
17660.3867187500,-60.4115791321
17701.0957031250,-60.4575271606
17741.8984375000,-60.5107383728
17782.7949218750,-60.5639495850
17823.7851562500,-60.6187133789
17864.8691406250,-60.6748275757
17906.0488281250,-60.7305793762
17947.3437500000,-60.7803993225
17988.7148437500,-60.8301925659
18030.1796875000,-60.8701248169
18071.7402343750,-60.8884887695
18113.3964843750,-60.8893127441
18155.1484375000,-60.8961524963
18197.0175781250,-60.8986244202
18238.9628906250,-60.9034309387
18281.0058593750,-60.9046211243
18323.1445312500,-60.9099044800
18365.3808593750,-60.9197731018
18407.7148437500,-60.9333839417
18450.1445312500,-60.9349250793
18492.6953125000,-60.9356079102
18535.3222656250,-60.9444808960
18578.0468750000,-60.9450302124
18620.8710937500,-60.9529914856
18663.7929687500,-60.9555854797
18706.8144531250,-60.9613075256
18749.9355468750,-60.9921989441
18793.1757812500,-61.0247993469
18836.4941406250,-61.0554695129
18879.9140625000,-61.0832557678
18923.4335937500,-61.1104354858
18967.0546875000,-61.1278762817
19010.7734375000,-61.1453170776
19054.6171875000,-61.1583709717
19098.5390625000,-61.1697883606
19142.5625000000,-61.1829605103
19186.6875000000,-61.1986122131
19230.9140625000,-61.2156486511
19275.2421875000,-61.2439422607
19319.6738281250,-61.2722358704
19364.2285156250,-61.3120880127
19408.8632812500,-61.3544921875
19453.6015625000,-61.4018516541
19498.4433593750,-61.4534645081
19543.3886718750,-61.5056953430
19588.4375000000,-61.5596008301
19633.6132812500,-61.6134948730
19678.8691406250,-61.6646194458
19724.2304687500,-61.7157440186
19769.6972656250,-61.7625389099
19815.2675781250,-61.8080329895
19860.9433593750,-61.8490486145
19906.7226562500,-61.8861885071
19952.6328125000,-61.9196472168
19998.6250000000,-61.9450378418
20044.7226562500,-61.9690399170
20090.9277343750,-61.9812049866
20137.2382812500,-61.9933700562
20183.6562500000,-61.9974250793
20230.2031250000,-62.0006446838
20276.8339843750,-62.0049896240
20323.5742187500,-62.0097770691
20370.4218750000,-62.0219345093
20417.3769531250,-62.0403366089
20464.4394531250,-62.0662841797
20511.6113281250,-62.1048126221
20558.9160156250,-62.1470031738
20606.3046875000,-62.2021026611
20653.8046875000,-62.2575263977
20701.4121093750,-62.3169326782
20749.1308593750,-62.3763465881
20796.9589843750,-62.4271545410
20844.8984375000,-62.4774284363
20892.9687500000,-62.5154876709
20941.1289062500,-62.5507965088
20989.4003906250,-62.5783843994
21037.7812500000,-62.6027259827
21086.2753906250,-62.6247329712
21134.8808593750,-62.6451911926
21183.6210937500,-62.6646118164
21232.4511718750,-62.6830101013
21281.3945312500,-62.6949844360
21330.4492187500,-62.6984367371
21379.6171875000,-62.6986007690
21428.8984375000,-62.7006454468
21478.2929687500,-62.7040557861
21527.8261718750,-62.7088241577
21577.4492187500,-62.7103843689
21627.1875000000,-62.7107963562
21677.0390625000,-62.7178878784
21727.0058593750,-62.7183456421
21777.0878906250,-62.7192726135
21827.3105468750,-62.7304992676
21877.6230468750,-62.7541351318
21928.0527343750,-62.7906646729
21978.5996093750,-62.8284111023
22029.2617187500,-62.8753242493
22080.0410156250,-62.9228515625
22130.9355468750,-62.9752922058
22181.9746093750,-63.0280036926
22233.1054687500,-63.0825614929
22284.3535156250,-63.1371879578
22335.7207031250,-63.1923065186
22387.2070312500,-63.2474327087
22438.8105468750,-63.3025588989
22490.5585937500,-63.3575248718
22542.4003906250,-63.4116210938
22594.3632812500,-63.4649581909
22646.4433593750,-63.5155754089
22698.6464843750,-63.5643615723
22750.9667968750,-63.6080894470
22803.4101562500,-63.6486015320
22855.9980468750,-63.6823921204
22908.6835937500,-63.7117042542
22961.4902343750,-63.7340049744
23014.4179687500,-63.7513046265
23067.4667968750,-63.7627983093
23120.6386718750,-63.7700004578
23173.9335937500,-63.7736167908
23227.3769531250,-63.7748603821
23280.9179687500,-63.7749061584
23334.5820312500,-63.7749366760
23388.3710937500,-63.7749443054
23442.2812500000,-63.7758102417
23496.3183593750,-63.7769508362
23550.5039062500,-63.7788085938
23604.7910156250,-63.7807769775
23659.2011718750,-63.7836418152
23713.7363281250,-63.7871170044
23768.3984375000,-63.7928314209
23823.1875000000,-63.8001251221
23878.1015625000,-63.8102989197
23933.1679687500,-63.8222846985
23988.3359375000,-63.8360481262
24043.6308593750,-63.8507385254
24099.0527343750,-63.8659133911
24154.6035156250,-63.8825759888
24210.2812500000,-63.8995628357
24266.1132812500,-63.9225730896
24322.0488281250,-63.9472198486
24378.1132812500,-63.9795608521
24434.3066406250,-64.0137252808
24490.6289062500,-64.0511322021
24547.0820312500,-64.0849151611
24603.6640625000,-64.1157836914
24660.4042968750,-64.1344757080
24717.2480468750,-64.1492233276
24774.2226562500,-64.1511001587
24831.3300781250,-64.1527709961
24888.5683593750,-64.1556091309
24945.9375000000,-64.1653289795
25003.4394531250,-64.1851730347
25061.1015625000,-64.2193832397
25118.8691406250,-64.2617874146
25176.7714843750,-64.3178100586
25234.8046875000,-64.3759307861
25292.9726562500,-64.4351501465
25351.2753906250,-64.4897766113
25409.7402343750,-64.5366439819
25468.3105468750,-64.5714569092
25527.0175781250,-64.5992279053
25585.8593750000,-64.6118774414
25644.8359375000,-64.6213836670
25703.9492187500,-64.6240081787
25763.1972656250,-64.6272506714
25822.6132812500,-64.6312408447
25882.1347656250,-64.6411437988
25941.7949218750,-64.6535110474
26001.5937500000,-64.6768188477
26061.5292968750,-64.7044906616
26121.6015625000,-64.7410049438
26181.8437500000,-64.7865829468
26242.1953125000,-64.8372573853
26302.6835937500,-64.8987197876
26363.3144531250,-64.9612808228
26424.0839843750,-65.0253372192
26484.9921875000,-65.0827713013
26546.0429687500,-65.1357574463
26607.2617187500,-65.1703109741
26668.5937500000,-65.1987304688
26730.0664062500,-65.2143325806
26791.6816406250,-65.2259445190
26853.4375000000,-65.2350616455
26915.3378906250,-65.2481231689
26977.4082031250,-65.2634887695
27039.5937500000,-65.2833404541
27101.9218750000,-65.3046035767
27164.3945312500,-65.3263778687
27227.0097656250,-65.3459777832
27289.7695312500,-65.3656921387
27352.6738281250,-65.3855514526
27415.7539062500,-65.4134597778
27478.9492187500,-65.4472656250
27542.2910156250,-65.4968414307
27605.7773437500,-65.5596847534
27669.4101562500,-65.6313323975
27733.1914062500,-65.7144851685
27797.1171875000,-65.7942047119
27861.2226562500,-65.8690032959
27925.4453125000,-65.9226531982
27989.8144531250,-65.9650039673
28054.3339843750,-65.9860076904
28119.0000000000,-65.9973373413
28183.8164062500,-66.0039291382
28248.8144531250,-66.0125198364
28313.9296875000,-66.0263595581
28379.1953125000,-66.0449218750
28444.6113281250,-66.0703964233
28510.1777343750,-66.0967178345
28575.8964843750,-66.1239166260
28641.7656250000,-66.1513671875
28707.8183593750,-66.1799468994
28773.9921875000,-66.2107696533
28840.3183593750,-66.2455902100
28906.7968750000,-66.2819442749
28973.4296875000,-66.3195648193
29040.2148437500,-66.3529129028
29107.1855468750,-66.3820495605
29174.2812500000,-66.4010238647
29241.5292968750,-66.4105377197
29308.9335937500,-66.4130172729
29376.4921875000,-66.4145736694
29444.2070312500,-66.4145965576
29512.0781250000,-66.4201049805
29580.1386718750,-66.4371490479
29648.3222656250,-66.4648818970
29716.6640625000,-66.4995422363
29785.1621093750,-66.5422286987
29853.8203125000,-66.5852813721
29922.6347656250,-66.6120681763
29991.6406250000,-66.6190948486
30060.7734375000,-66.6257019043
30130.0664062500,-66.6269073486
30199.5175781250,-66.6377792358
30269.1308593750,-66.6402664185
30338.9023437500,-66.6626892090
30408.8359375000,-66.6630783081
30478.9648437500,-66.6652526855
30549.2207031250,-66.6704483032
30619.6386718750,-66.6886367798
30690.2187500000,-66.6956405640
30760.9628906250,-66.7061767578
30831.8691406250,-66.7115173340
30902.9375000000,-66.7147903442
30974.2050781250,-66.7236785889
31045.6035156250,-66.8062744141
31117.1660156250,-66.9050827026
31188.8925781250,-67.0109558105
31260.7851562500,-67.1098556519
31332.8437500000,-67.1932983398
31405.1035156250,-67.2567138672
31477.4941406250,-67.2988815308
31550.0507812500,-67.3219146729
31622.7773437500,-67.3305816650
31695.6699218750,-67.3311462402
31768.7304687500,-67.3314056396
31841.9589843750,-67.3350677490
31915.3925781250,-67.3436737061
31988.9589843750,-67.3572540283
32062.6972656250,-67.3747406006
32136.6035156250,-67.3946075439
32210.6796875000,-67.4157638550
32284.9277343750,-67.4391403198
32359.3828125000,-67.4675292969
32433.9726562500,-67.5045623779
32508.7363281250,-67.5532684326
32583.6718750000,-67.6149215698
32658.7792968750,-67.6883316040
32734.0585937500,-67.7054290771
32809.5156250000,-67.7126922607
32885.1796875000,-67.7306442261
32960.9804687500,-67.7493286133
33036.9570312500,-67.7697906494
33113.1093750000,-67.7855834961
33189.4375000000,-67.8075561523
33265.9414062500,-67.8537063599
33342.6250000000,-67.8618927002
33419.5156250000,-67.8769454956
33496.5507812500,-67.9329376221
33573.7617187500,-67.9438018799
33651.1523437500,-67.9467544556
33728.7226562500,-68.0013961792
33806.4687500000,-68.0083847046
33884.4335937500,-68.0170593262
33962.5390625000,-68.0556564331
34040.8242187500,-68.0573883057
34119.2890625000,-68.0718078613
34197.9375000000,-68.0926055908
34276.7656250000,-68.0944747925
34355.7773437500,-68.1028671265
34435.0078125000,-68.1092605591
34514.3828125000,-68.1247863770
34593.9414062500,-68.1557083130
34673.6835937500,-68.1937408447
34753.6054687500,-68.2424087524
34833.7187500000,-68.3004226685
34914.0507812500,-68.3632659912
34994.5273437500,-68.4256973267
35075.1953125000,-68.4831771851
35156.0429687500,-68.5329666138
35237.0820312500,-68.5749664307
35318.3046875000,-68.6115188599
35399.7148437500,-68.6461334229
35481.3554687500,-68.6815185547
35563.1406250000,-68.7180023193
35645.1171875000,-68.7539367676
35727.2812500000,-68.7876052856
35809.6367187500,-68.8196945190
35892.1796875000,-68.8539276123
35974.9531250000,-68.8950042725
36057.8789062500,-68.9447250366
36140.9921875000,-68.9989624023
36224.3007812500,-69.0449600220
36307.8007812500,-69.0478057861
36391.4921875000,-69.0552291870
36475.3789062500,-69.0560226440
36559.4960937500,-69.0758895874
36643.7695312500,-69.0767669678
36728.2343750000,-69.0797042847
36812.8945312500,-69.0880126953
36897.7539062500,-69.1267395020
36982.8046875000,-69.1852951050
37068.0507812500,-69.2403488159
37153.5390625000,-69.2499771118
37239.1796875000,-69.2664260864
37325.0195312500,-69.2823410034
37411.0546875000,-69.2857742310
37497.2890625000,-69.3227691650
37583.7226562500,-69.3318176270
37670.3984375000,-69.3399810791
37757.2304687500,-69.3404159546
37844.2656250000,-69.3539886475
37931.5000000000,-69.3561859131
38018.9335937500,-69.3629302979
38106.5703125000,-69.3844985962
38194.4062500000,-69.3891983032
38282.4921875000,-69.4071426392
38370.7343750000,-69.4075164795
38459.1796875000,-69.4129638672
38547.8320312500,-69.4198226929
38636.6875000000,-69.4252548218
38725.7500000000,-69.4411239624
38815.0585937500,-69.4446716309
38904.5273437500,-69.4542999268
38994.2070312500,-69.4633331299
39084.0898437500,-69.4869842529
39174.1835937500,-69.4917831421
39264.4804687500,-69.5116729736
39354.9882812500,-69.6297378540
39445.7460937500,-69.7374496460
39536.6718750000,-69.8092422485
39627.8085937500,-69.8210067749
39719.1523437500,-69.8229598999
39810.7070312500,-69.8322067261
39902.4765625000,-69.8357391357
39994.4960937500,-69.8489685059
40086.6875000000,-69.8620910645
40179.0898437500,-69.8705291748
40271.7070312500,-69.8840866089
40364.5351562500,-69.9176635742
40457.5781250000,-69.9819107056
40550.8359375000,-70.0761566162
40644.3515625000,-70.2157287598
40738.0390625000,-70.2380523682
40831.9453125000,-70.2408752441
40926.0664062500,-70.2531585693
41020.4023437500,-70.3134994507
41114.9570312500,-70.3247604370
41209.7304687500,-70.3706893921
41304.7656250000,-70.3806533813
41399.9765625000,-70.4130630493
41495.4062500000,-70.4163055420
41591.0585937500,-70.4347381592
41686.9257812500,-70.4462127686
41783.0195312500,-70.4589920044
41879.3789062500,-70.4608459473
41975.9140625000,-70.4967041016
42072.6679687500,-70.5276718140
42169.6484375000,-70.5297775269
42266.8554687500,-70.5405273438
42364.2812500000,-70.5510177612
42461.9335937500,-70.5586090088
42559.8593750000,-70.5619659424
42657.9648437500,-70.5839462280
42756.2929687500,-70.5942001343
42854.8476562500,-70.6231079102
42953.6328125000,-70.7288970947
43052.6445312500,-70.8118362427
43151.9296875000,-70.8939666748
43251.3984375000,-70.9663467407
43351.0976562500,-70.9937438965
43451.0234375000,-70.9942703247
43551.1796875000,-71.0051193237
43651.5703125000,-71.0073699951
43752.1914062500,-71.0214385986
43853.0898437500,-71.0251693726
43954.1757812500,-71.0271377563
44055.4921875000,-71.0413970947
44157.0429687500,-71.0553131104
44258.8281250000,-71.0617752075
44360.8476562500,-71.0619583130
44463.1015625000,-71.0661544800
44565.6406250000,-71.0932006836
44668.3671875000,-71.1068649292
44771.3320312500,-71.1166458130
44874.5351562500,-71.1248703003
44977.9726562500,-71.1387176514
45081.6484375000,-71.1604690552
45185.6171875000,-71.1876907349
45289.7734375000,-71.2307434082
45394.1679687500,-71.3298950195
45498.8046875000,-71.4545593262
45603.6835937500,-71.5417404175
45708.8046875000,-71.6205902100
45814.1640625000,-71.6921157837
45919.8203125000,-71.7004852295
46025.6679687500,-71.7040557861
46131.7617187500,-71.7080841064
46238.0976562500,-71.7211990356
46344.6796875000,-71.7301712036
46451.5078125000,-71.7341156006
46558.6328125000,-71.7649917603
46665.9531250000,-71.8138122559
46773.5234375000,-71.8657302856
46881.3398437500,-71.9024810791
46989.4023437500,-71.9376754761
47097.7187500000,-71.9802780151
47206.2812500000,-72.0194091797
47315.1484375000,-72.0593719482
47424.2109375000,-72.1715850830
47533.5273437500,-72.1955642700
47643.0976562500,-72.2149505615
47752.9179687500,-72.2450942993
47862.9921875000,-72.3233871460
47973.3710937500,-72.3372726440
48083.9531250000,-72.3480377197
48194.7890625000,-72.4332809448
48305.8828125000,-72.4507141113
48417.2304687500,-72.4523696899
48528.8359375000,-72.4601058960
48640.6992187500,-72.4770050049
48752.8710937500,-72.4839630127
48865.2500000000,-72.4902725220
48977.8867187500,-72.5378494263
49090.7851562500,-72.5627517700
49203.9453125000,-72.5640792847
49317.3632812500,-72.5696334839
49431.0429687500,-72.5700302124
49545.0390625000,-72.6224822998
49659.2421875000,-72.6285705566
49773.7109375000,-72.6749649048
49888.4453125000,-72.6848373413
50003.4414062500,-72.7330245972
50118.7031250000,-72.7360229492
50234.2851562500,-72.7446594238
50350.0781250000,-72.7745742798
50466.1367187500,-72.8544616699
50582.4648437500,-72.8884277344
50699.0625000000,-72.9018096924
50815.9257812500,-72.9388732910
50933.0625000000,-72.9888381958
51050.5234375000,-72.9898147583
51168.1953125000,-73.0037612915
51286.1445312500,-73.0472869873
51404.3593750000,-73.0795059204
51522.8515625000,-73.0866394043
51641.6171875000,-73.1285171509
51760.7109375000,-73.1381072998
51880.0234375000,-73.1715164185
51999.6093750000,-73.1824874878
52119.4726562500,-73.2116851807
52239.6093750000,-73.2227935791
52360.0273437500,-73.2269210815
52480.7187500000,-73.2445526123
52601.7500000000,-73.2955932617
52723.0000000000,-73.3073043823
52844.5312500000,-73.3248367310
52966.3398437500,-73.3958587646
53088.4335937500,-73.4092559814
53210.8046875000,-73.4124984741
53333.5195312500,-73.4545974731
53456.4570312500,-73.4784088135
53579.6757812500,-73.5366516113
53703.1835937500,-73.5906372070
53826.9726562500,-73.6434402466
53951.0468750000,-73.6461334229
54075.4062500000,-73.6572799683
54200.1132812500,-73.6639251709
54325.0507812500,-73.6831893921
54450.2734375000,-73.6839904785
54575.7851562500,-73.6995620728
54701.5859375000,-73.7141342163
54827.6757812500,-73.7223815918
54954.0585937500,-73.7330780029
55080.7929687500,-73.7535324097
55207.7578125000,-73.7678985596
55335.0156250000,-73.7721328735
55462.5664062500,-73.8085098267
55590.4101562500,-73.8127975464
55718.5507812500,-73.8154067993
55847.0468750000,-73.8371658325
55975.7773437500,-73.8399047852
56104.8085937500,-73.8454589844
56234.1328125000,-73.8845901489
56363.7578125000,-73.9509124756
56493.6796875000,-74.0104141235
56623.9023437500,-74.0737686157
56754.4843750000,-74.1422958374
56885.3085937500,-74.2045898438
57016.4335937500,-74.2513351440
57147.8593750000,-74.2933883667
57279.5898437500,-74.3233718872
57411.6210937500,-74.3443298340
57544.0234375000,-74.3475952148
57676.6679687500,-74.3830413818
57809.6171875000,-74.4263381958
57942.8710937500,-74.4421539307
58076.4335937500,-74.4877014160
58210.3046875000,-74.5189208984
58344.4843750000,-74.5209808350
58479.0351562500,-74.5358352661
58613.8320312500,-74.5607910156
58748.9414062500,-74.5660400391
58884.3632812500,-74.7302474976
59020.0937500000,-74.9979629517
59156.1406250000,-75.0009231567
59292.5000000000,-75.0036621094
59429.2382812500,-75.0047988892
59566.2265625000,-75.0139999390
59703.5312500000,-75.0155639648
59841.1523437500,-75.0308456421
59979.0898437500,-75.0441970825
60117.3476562500,-75.0471496582
60255.9882812500,-75.0727615356
60394.8828125000,-75.0905456543
60534.0976562500,-75.1148529053
60673.6328125000,-75.1267623901
60813.4882812500,-75.1434249878
60953.6679687500,-75.1530303955
61094.1718750000,-75.1651000977
61235.0625000000,-75.1788558960
61376.2148437500,-75.1800918579
61517.6914062500,-75.1803359985
61659.4960937500,-75.2020339966
61801.6250000000,-75.2136917114
61944.0820312500,-75.2669219971
62086.9335937500,-75.2781524658
62230.0507812500,-75.2883529663
62373.4960937500,-75.3137359619
62517.2695312500,-75.3234024048
62661.3750000000,-75.4404449463
62805.8164062500,-75.5457458496
62950.5859375000,-75.6148147583
63095.7617187500,-75.6332626343
63241.2031250000,-75.6386566162
63386.9765625000,-75.6465530396
63533.0898437500,-75.6595764160
63679.5390625000,-75.6790695190
63826.3242187500,-75.7056274414
63973.5195312500,-75.7141036987
64120.9804687500,-75.7289962769
64268.7851562500,-75.7485504150
64416.9296875000,-75.7500686646
64565.4140625000,-75.8620910645
64714.2421875000,-76.0212554932
64863.4140625000,-76.0251083374
65013.0000000000,-76.0639801025
65162.8593750000,-76.0762176514
65313.0625000000,-76.0802230835
65463.6132812500,-76.0966873169
65614.5156250000,-76.1245346069
65765.7578125000,-76.1262130737
65917.3515625000,-76.1380310059
66069.3671875000,-76.1424331665
66221.6640625000,-76.2052993774
66374.3125000000,-76.2424545288
66527.3125000000,-76.2459564209
66680.6562500000,-76.2826461792
66834.3593750000,-76.3048095703
66988.4921875000,-76.3101577759
67142.9062500000,-76.3296279907
67297.6796875000,-76.3312377930
67452.8046875000,-76.3404464722
67608.2890625000,-76.3468093872
67764.1250000000,-76.3564071655
67920.3281250000,-76.3917770386
68076.9609375000,-76.3924407959
68233.8906250000,-76.3998641968
68391.1718750000,-76.4267120361
68548.8203125000,-76.4394607544
68706.8281250000,-76.5506362915
68865.2031250000,-76.5946350098
69024.0156250000,-76.6077957153
69183.1250000000,-76.6137542725
69342.5937500000,-76.6572799683
69502.4296875000,-76.6636505127
69662.6406250000,-76.6857299805
69823.2187500000,-76.7287292480
69984.1640625000,-76.7827529907
70145.5625000000,-76.7982330322
70307.2500000000,-76.7996902466
70469.3125000000,-76.8290481567
70631.7500000000,-76.8319778442
70794.5625000000,-76.8476486206
70957.7500000000,-76.8481063843
71121.3906250000,-76.9117050171
71285.3281250000,-76.9396209717
71449.6484375000,-76.9414978027
71614.3437500000,-76.9935455322
71779.4218750000,-77.0101394653
71944.8750000000,-77.0210723877
72110.7187500000,-77.0520477295
72277.0156250000,-77.0654373169
72443.6171875000,-77.0874786377
72610.6093750000,-77.1373214722
72777.9765625000,-77.2407989502
72945.7343750000,-77.2452468872
73113.8828125000,-77.3096466064
73282.4140625000,-77.3136749268
73451.4140625000,-77.3200836182
73620.7265625000,-77.3201522827
73790.4296875000,-77.3349075317
73960.5234375000,-77.3585052490
74131.0078125000,-77.3788375854
74301.8828125000,-77.3836059570
74473.2343750000,-77.4336013794
74644.8984375000,-77.4473953247
74816.9609375000,-77.4814453125
74989.4218750000,-77.5361022949
75162.2734375000,-77.5367584229
75335.5312500000,-77.5926208496
75509.1875000000,-77.5968627930
75683.3203125000,-77.6218948364
75857.7812500000,-77.6545028687
76032.6328125000,-77.6759338379
76207.8984375000,-77.7275619507
76383.5625000000,-77.9366912842
76559.6328125000,-77.9678878784
76736.1875000000,-77.9871063232
76913.0703125000,-78.0738983154
77090.3593750000,-78.0803298950
77268.0625000000,-78.0862579346
77446.1718750000,-78.0972442627
77624.6875000000,-78.1091918945
77803.6171875000,-78.1131973267
77983.0468750000,-78.1190185547
78162.8046875000,-78.1230468750
78342.9765625000,-78.1624603271
78523.5625000000,-78.1735000610
78704.5625000000,-78.2197036743
78885.9843750000,-78.2203445435
79067.8203125000,-78.2581787109
79250.1640625000,-78.2738037109
79432.8437500000,-78.2922134399
79615.9375000000,-78.4031524658
79799.4609375000,-78.4054794312
79983.4062500000,-78.4657897949
80167.7734375000,-78.4738998413
80352.6484375000,-78.5234222412
80537.8671875000,-78.5344924927
80723.5156250000,-78.5492477417
80909.5859375000,-78.5606231689
81096.0937500000,-78.5766677856
81283.0234375000,-78.6527786255
81470.3828125000,-78.6661682129
81658.2734375000,-78.6797256470
81846.5000000000,-78.6950607300
82035.1640625000,-78.7442092896
82224.2578125000,-78.7565307617
82413.7890625000,-78.7791671753
82603.7578125000,-78.7849349976
82794.2578125000,-78.7860870361
82985.1015625000,-78.7924728394
83176.3906250000,-78.7980194092
83368.1171875000,-78.8069229126
83560.2890625000,-78.8154602051
83752.8984375000,-78.8201599121
83945.9609375000,-78.8201599121
84139.5546875000,-78.8201599121
84333.5000000000,-78.8312683105
84527.8906250000,-78.8397903442
84722.7343750000,-78.8400802612
84918.0312500000,-78.8443069458
85113.7734375000,-78.8708801270
85310.0546875000,-78.8739776611
85506.7031250000,-78.9162597656
85703.8046875000,-78.9726562500
85901.3515625000,-79.1168136597
86099.3671875000,-79.2458267212
86297.8281250000,-79.3881454468
86496.7500000000,-79.4709854126
86696.2265625000,-79.5149230957
86896.0703125000,-79.6397399902
87096.3671875000,-79.7128753662
87297.1328125000,-79.7354736328
87498.3593750000,-79.7405242920
87700.0468750000,-79.7442016602
87902.2031250000,-79.7546005249
88104.9218750000,-79.7824020386
88308.0078125000,-79.7927017212
88511.5703125000,-79.7976226807
88715.5937500000,-79.8046798706
88920.0859375000,-79.8082656860
89125.0546875000,-79.8141479492
89330.5937500000,-79.8227157593
89536.5078125000,-79.8315353394
89742.8906250000,-79.8441314697
89949.7578125000,-79.8446044922
90157.1015625000,-79.8717498779
90364.9140625000,-79.8804702759
90573.2109375000,-79.8852310181
90782.0937500000,-79.9119491577
90991.3515625000,-79.9271926880
91201.0937500000,-79.9312973022
91411.3203125000,-79.9322204590
91622.0234375000,-79.9525299072
91833.2187500000,-80.0149383545
92045.0078125000,-80.0179138184
92257.1718750000,-80.0266189575
92469.8359375000,-80.0892410278
92682.9843750000,-80.1388397217
92896.6250000000,-80.2202987671
93110.7578125000,-80.2307510376
93325.3828125000,-80.2504119873
93540.6093750000,-80.3207855225
93756.2265625000,-80.3411636353
93972.3437500000,-80.3764343262
94188.9531250000,-80.3875732422
94406.0703125000,-80.4088363647
94623.6796875000,-80.4337921143
94841.8984375000,-80.4514389038
95060.5156250000,-80.4717941284
95279.6328125000,-80.5661926270
95499.2656250000,-80.5855026245
95719.3984375000,-80.6171035767
95940.0390625000,-80.6239395142
96161.1875000000,-80.6625289917
96382.9453125000,-80.6645812988
96605.1171875000,-80.6795959473
96827.7968750000,-80.6809539795
97050.9921875000,-80.6885757446
97274.7031250000,-80.7529373169
97498.9296875000,-80.8356018066
97723.6718750000,-80.8546524048
97949.0390625000,-80.8591384888
98174.8203125000,-80.9028320313
98401.1171875000,-80.9207382202
98627.9375000000,-80.9401016235
98855.2812500000,-80.9566040039
99083.1484375000,-80.9711608887
99311.6562500000,-81.0552444458
99540.5781250000,-81.0592803955
99770.0234375000,-81.0877075195
100000.0000000000,-81.1062240601
100230.5078125000,-81.1365509033
100461.5468750000,-81.1504745483
100693.1171875000,-81.1863327026
100925.3359375000,-81.2155303955
101157.9687500000,-81.2415313721
101391.1484375000,-81.2679595947
101624.8593750000,-81.2973098755
101859.1171875000,-81.3299026489
102093.9062500000,-81.3637084961
102329.3515625000,-81.3953323364
102565.2265625000,-81.4217681885
102801.6484375000,-81.4423675537
103038.6171875000,-81.4597778320
103276.1250000000,-81.4793395996
103514.1875000000,-81.5069427490
103752.7890625000,-81.5466003418
103992.0625000000,-81.5972976685
104231.7734375000,-81.6529922485
104472.0312500000,-81.7063140869
104712.8515625000,-81.7508316040
104954.2187500000,-81.7832641602
105196.1484375000,-81.8042144775
105438.6328125000,-81.8172760010
105681.7890625000,-81.8272399902
105925.3984375000,-81.8383255005
106169.5625000000,-81.8530807495
106414.2890625000,-81.8720779419
106659.5859375000,-81.8940963745
106905.4375000000,-81.9166564941
107151.9843750000,-81.9366302490
107398.9765625000,-81.9412612915
107646.5390625000,-81.9443054199
107894.6718750000,-81.9462509155
108143.3750000000,-81.9509887695
108392.6562500000,-81.9512481689
108642.5078125000,-81.9571533203
108893.0546875000,-81.9578323364
109144.0625000000,-81.9612121582
109395.6484375000,-81.9852981567
109647.8125000000,-82.0153579712
109900.5546875000,-82.0474853516
110153.8828125000,-82.0788421631
110407.9218750000,-82.1090011597
110662.4140625000,-82.1350784302
110917.5000000000,-82.1686706543
111173.1718750000,-82.2078399658
111429.4375000000,-82.2529907227
111686.2890625000,-82.3023605347
111943.7343750000,-82.3530273438
112201.8984375000,-82.4022293091
112460.5312500000,-82.4484939575
112719.7578125000,-82.4921112061
112979.5859375000,-82.5349884033
113240.0078125000,-82.5800399780
113501.0390625000,-82.6301879883
113762.7890625000,-82.6871337891
114025.0234375000,-82.7503051758
114287.8593750000,-82.8163833618
114551.2968750000,-82.8799209595
114815.3437500000,-82.9349899292
115080.0078125000,-82.9911270142
115345.2734375000,-83.0205917358
115611.2812500000,-83.0276031494
115877.7734375000,-83.0305709839
116144.8750000000,-83.0330581665
116412.6015625000,-83.0373077393
116680.9375000000,-83.0447463989
116949.8984375000,-83.0567169189
117219.4765625000,-83.0747146606
117489.8046875000,-83.0997390747
117760.6250000000,-83.1312332153
118032.0703125000,-83.1665115356
118304.1406250000,-83.2012786865
118576.8437500000,-83.2314071655
118850.1718750000,-83.2548751831
119124.2578125000,-83.2728118896
119398.8515625000,-83.2982330322
119674.0703125000,-83.3316040039
119949.9296875000,-83.3608245850
120226.4218750000,-83.3918533325
120503.5546875000,-83.4193878174
120781.3203125000,-83.4260025024
121059.8671875000,-83.4272384644
121338.9140625000,-83.4352111816
121618.6093750000,-83.4383697510
121898.9531250000,-83.4436111450
122179.9375000000,-83.4461135864
122461.5703125000,-83.4481964111
122743.9843750000,-83.4977569580
123026.9218750000,-83.5467071533
123310.5078125000,-83.6035003662
123594.7421875000,-83.6639480591
123879.6406250000,-83.7237396240
124165.1953125000,-83.7787094116
124451.3984375000,-83.7987670898
124738.4062500000,-83.8005142212
125025.9375000000,-83.8175582886
125314.1328125000,-83.8186874390
125602.9921875000,-83.8248672485
125892.5156250000,-83.8402862549
126182.7031250000,-83.8562545776
126473.7031250000,-83.8579635620
126765.2343750000,-83.8591384888
127057.4375000000,-83.8609008789
127350.3125000000,-83.8662567139
127643.8671875000,-83.8676300049
127938.0937500000,-83.8683090210
128233.0000000000,-83.8768081665
128528.7265625000,-83.8827972412
128824.9921875000,-83.8923873901
129121.9453125000,-83.9967956543
129419.5781250000,-84.0727081299
129717.8984375000,-84.1436996460
130016.9140625000,-84.2056427002
130316.6093750000,-84.2798843384
130617.1406250000,-84.3384475708
130918.2265625000,-84.3442077637
131220.0000000000,-84.3496322632
131522.4687500000,-84.3649444580
131825.6406250000,-84.3661346436
132129.5000000000,-84.3729324341
132434.2187500000,-84.3819732666
132739.4843750000,-84.3837356567
133045.4687500000,-84.4048919678
133352.1406250000,-84.4573822021
133659.5312500000,-84.5357666016
133967.6250000000,-84.5931625366
134276.4218750000,-84.6126708984
134586.0937500000,-84.6219558716
134896.3281250000,-84.6310348511
135207.2656250000,-84.6488418579
135518.9375000000,-84.6714096069
135831.3125000000,-84.7019805908
136144.4062500000,-84.7379684448
136458.3906250000,-84.7928009033
136772.9375000000,-84.8392257690
137088.2031250000,-84.8612670898
137404.2031250000,-84.8771820068
137720.9218750000,-84.8937683105
138038.3906250000,-84.9073333740
138356.5781250000,-84.9159698486
138675.6406250000,-84.9255218506
138995.2968750000,-84.9472503662
139315.7031250000,-84.9842605591
139636.8281250000,-85.0230865479
139958.7031250000,-85.0720901489
140281.3125000000,-85.1542816162
140604.6718750000,-85.2285537720
140928.9375000000,-85.2416305542
141253.7812500000,-85.2448730469
141579.3906250000,-85.2559204102
141905.7343750000,-85.2613754272
142232.8437500000,-85.2627334595
142560.7031250000,-85.2743301392
142889.4687500000,-85.2844696045
143218.8281250000,-85.2852859497
143548.9687500000,-85.3108062744
143879.8593750000,-85.3973236084
144211.5156250000,-85.4685516357
144543.9218750000,-85.5744171143
144877.1093750000,-85.6614837646
145211.2187500000,-85.6979446411
145545.9375000000,-85.7004699707
145881.4375000000,-85.7032470703
146217.7031250000,-85.7154312134
146554.7500000000,-85.7161788940
146892.5625000000,-85.7216873169
147231.3281250000,-85.7721099854
147570.7031250000,-85.8206100464
147910.8593750000,-85.8973846436
148251.8125000000,-85.9627609253
148593.5468750000,-85.9927825928
148936.0625000000,-86.0206069946
149279.3750000000,-86.0411529541
149623.6250000000,-86.0553283691
149968.5312500000,-86.0625076294
150314.2187500000,-86.0634689331
150660.7031250000,-86.0665893555
151007.9843750000,-86.0851593018
151356.0625000000,-86.0862579346
151705.1250000000,-86.0928955078
152054.8125000000,-86.1006317139
152405.3125000000,-86.1412887573
152756.6093750000,-86.2007141113
153108.7187500000,-86.2397155762
153461.6562500000,-86.2463455200
153815.3906250000,-86.2478027344
154170.1093750000,-86.2512512207
154525.4843750000,-86.2799987793
154881.6875000000,-86.3286819458
155238.7031250000,-86.3892288208
155596.5312500000,-86.4498977661
155955.1875000000,-86.4891586304
156314.6875000000,-86.5494766235
156675.1718750000,-86.6111373901
157036.3125000000,-86.6627578735
157398.2968750000,-86.6954956055
157761.1093750000,-86.7076950073
158124.7656250000,-86.7205429077
158489.2500000000,-86.7408523560
158854.7500000000,-86.7972564697
159220.9218750000,-86.8711547852
159587.9375000000,-86.9150695801
159955.7968750000,-86.9227523804
160324.5156250000,-86.9353256226
160694.0625000000,-86.9397583008
161064.4843750000,-86.9515991211
161435.9218750000,-86.9663085938
161808.0468750000,-86.9732131958
162181.0312500000,-87.0266647339
162554.8593750000,-87.0675888062
162929.5625000000,-87.0895156860
163305.1250000000,-87.1085357666
163681.7343750000,-87.1411819458
164059.0312500000,-87.1878051758
164437.2031250000,-87.2400207520
164816.2343750000,-87.2852630615
165196.1562500000,-87.3162460327
165576.9375000000,-87.3397674561
165958.6093750000,-87.3639907837
166341.3437500000,-87.3943176270
166724.7656250000,-87.4314880371
167109.0781250000,-87.4700241089
167494.2812500000,-87.5048599243
167880.3593750000,-87.5340576172
168267.3437500000,-87.5360412598
168655.3906250000,-87.5430297852
169044.1562500000,-87.5503158569
169433.8125000000,-87.5546188354
169824.3750000000,-87.5570755005
170215.8281250000,-87.5680923462
170608.1875000000,-87.5686950684
171001.4531250000,-87.5732192993
171395.8125000000,-87.5865631104
171790.8906250000,-87.6435012817
172186.8750000000,-87.7036056519
172583.7812500000,-87.7487487793
172981.6093750000,-87.7744445801
173380.3437500000,-87.7821578979
173779.9843750000,-87.7908935547
174180.7500000000,-87.8058090210
174582.2500000000,-87.8266220093
174984.6875000000,-87.8461914063
175388.0312500000,-87.8641433716
175792.3125000000,-87.8999328613
176197.5312500000,-87.9427261353
176603.8750000000,-87.9962463379
177010.9531250000,-88.0499496460
177418.9843750000,-88.0990295410
177827.9375000000,-88.1645431519
178237.8437500000,-88.2213897705
178648.7031250000,-88.2926864624
179060.5000000000,-88.3743591309
179473.4375000000,-88.4493331909
179887.1406250000,-88.4525222778
180301.7968750000,-88.4535217285
180717.4062500000,-88.4711227417
181133.9687500000,-88.4924163818
181551.5000000000,-88.5133438110
181970.1875000000,-88.5226058960
182389.6406250000,-88.5345153809
182810.0625000000,-88.5431060791
183231.4531250000,-88.6006774902
183653.8125000000,-88.6447677612
184077.1406250000,-88.6449584961
184501.4531250000,-88.6490859985
184926.9531250000,-88.6591415405
185353.2187500000,-88.6607971191
185780.4687500000,-88.6688842773
186208.7031250000,-88.6794509888
186637.9375000000,-88.6949844360
187068.1406250000,-88.7228469849
187499.3437500000,-88.7827377319
187931.7500000000,-88.8373947144
188364.9531250000,-88.8852386475
188799.1406250000,-88.9229965210
189234.3437500000,-88.9269866943
189670.5312500000,-88.9300842285
190107.7500000000,-88.9385681152
190546.1562500000,-88.9977416992
190985.3906250000,-89.0699462891
191425.6250000000,-89.1143798828
191866.8750000000,-89.1191940308
192309.1406250000,-89.1351776123
192752.4218750000,-89.1407394409
193196.7343750000,-89.1414566040
193642.2812500000,-89.1628646851
194088.6406250000,-89.1794891357
194536.0312500000,-89.1957321167
194984.4375000000,-89.1958847046
195433.8906250000,-89.1997833252
195884.3906250000,-89.2922744751
196336.1250000000,-89.3660659790
196788.7031250000,-89.4328765869
197242.3125000000,-89.5008087158
197696.9687500000,-89.5363235474
198152.6718750000,-89.5501480103
198609.4218750000,-89.5624618530
199067.2343750000,-89.5889816284
199526.3125000000,-89.6373214722
199986.2343750000,-89.6579360962
200447.2187500000,-89.6614074707
200909.2656250000,-89.6635284424
201372.3750000000,-89.6675109863
201836.5625000000,-89.6698455811
202302.0312500000,-89.6797103882
202768.3437500000,-89.6948623657
203235.7343750000,-89.7103195190
203704.2187500000,-89.7130126953
204173.7656250000,-89.7329254150
204644.4062500000,-89.7346572876
205116.1250000000,-89.7537231445
205589.1562500000,-89.7611312866
206063.0468750000,-89.7939758301
206538.0468750000,-89.8113937378
207014.1250000000,-89.8164062500
207491.3125000000,-89.8864822388
207969.5937500000,-89.8903808594
208448.9843750000,-89.9284133911
208929.7031250000,-89.9524841309
209411.2968750000,-89.9986495972
209894.0000000000,-90.0129318237
210377.8281250000,-90.0609207153
210862.7500000000,-90.0810089111
211348.8125000000,-90.0838470459
211836.2187500000,-90.1125030518
212324.5156250000,-90.1932144165
212813.9375000000,-90.3024673462
213304.4843750000,-90.3067855835
213796.1718750000,-90.3076171875
214288.9843750000,-90.3262557983
214782.9375000000,-90.3800964355
215278.2656250000,-90.5113525391
215774.5000000000,-90.5719451904
216271.8750000000,-90.5883865356
216770.3906250000,-90.6027679443
217270.0625000000,-90.6493988037
217770.8906250000,-90.6550445557
218273.1093750000,-90.6642990112
218776.2343750000,-90.6909179688
219280.5312500000,-90.7220764160
219785.9843750000,-90.7512435913
220292.6093750000,-90.7514266968
220800.4062500000,-90.7609558105
221309.3593750000,-90.7737884521
221819.7343750000,-90.8220825195
222331.0468750000,-90.8400039673
222843.5468750000,-90.8516845703
223357.2031250000,-90.8860549927
223872.0625000000,-90.9487991333
224388.1093750000,-91.0313186646
224905.5781250000,-91.1132049561
225424.0000000000,-91.1762771606
225943.6250000000,-91.2207794189
226464.4375000000,-91.2427291870
226986.4531250000,-91.2453002930
227509.6718750000,-91.2602462769
228034.1093750000,-91.3011856079
228559.9843750000,-91.3029251099
229086.8281250000,-91.3089447021
229614.8906250000,-91.3110580444
230144.1718750000,-91.3318328857
230674.6718750000,-91.3411788940
231206.3906250000,-91.3639755249
231739.3437500000,-91.3685150146
232273.7812500000,-91.3830871582
232809.1875000000,-91.3934936523
233345.8281250000,-91.4047012329
233883.7031250000,-91.4061279297
234422.8125000000,-91.4209518433
234963.1875000000,-91.4298934937
235505.0468750000,-91.4415664673
236047.9062500000,-91.6365814209
236592.0156250000,-91.6994094849
237137.3750000000,-91.7066726685
237683.9843750000,-91.7123336792
238231.8750000000,-91.7242660522
238781.0156250000,-91.7473297119
239331.6718750000,-91.7476272583
239883.3593750000,-91.7724304199
240436.2968750000,-91.7754592896
240990.5312500000,-91.8461074829
241546.0312500000,-91.9064483643
242102.8125000000,-91.9416809082
242661.1406250000,-91.9471054077
243220.4843750000,-91.9505920410
243781.1250000000,-91.9646530151
244343.0625000000,-91.9669876099
244906.2968750000,-91.9829406738
245470.8125000000,-92.0203552246
246036.6406250000,-92.0474548340
246604.0468750000,-92.1063308716
247172.4843750000,-92.2146987915
247742.2343750000,-92.2217788696
248313.2968750000,-92.2223052979
248885.6718750000,-92.2700195313
249459.3750000000,-92.2814788818
250034.4062500000,-92.2923812866
250611.0156250000,-92.3369064331
251188.7031250000,-92.3525695801
251767.7031250000,-92.3556823730
252348.0468750000,-92.3787994385
252929.7343750000,-92.3828430176
253512.7500000000,-92.4832229614
254097.3906250000,-92.5262680054
254683.1093750000,-92.5404891968
255270.1718750000,-92.5674057007
255858.5781250000,-92.5841140747
256448.3593750000,-92.5911483765
257039.4843750000,-92.5950546265
257631.9843750000,-92.7054672241
258226.1250000000,-92.7404327393
258821.3593750000,-92.7428283691
259417.9531250000,-92.7511901855
260015.9375000000,-92.7692108154
260615.2812500000,-92.7791366577
261216.0312500000,-92.7958755493
261818.4375000000,-92.8141403198
262421.9375000000,-92.8398742676
263026.8437500000,-92.8455657959
263633.1562500000,-92.8865280151
264240.8437500000,-92.8885803223
264849.9375000000,-92.9324645996
265460.4375000000,-92.9654083252
266072.6250000000,-92.9676589966
266685.9375000000,-92.9886016846
267300.6562500000,-93.0432662964
267916.8125000000,-93.0780639648
268534.3750000000,-93.0885696411
269153.3750000000,-93.0995254517
269774.0937500000,-93.2072601318
270395.9375000000,-93.2127380371
271019.2187500000,-93.2531356812
271643.9375000000,-93.2700347900
272270.0937500000,-93.3375778198
272897.6875000000,-93.3739318848
273526.7500000000,-93.3987731934
274157.5312500000,-93.4172668457
274789.5000000000,-93.4362182617
275422.9062500000,-93.4550857544
276057.7812500000,-93.4555816650
276694.0937500000,-93.4678344727
277331.9062500000,-93.5274353027
277971.1875000000,-93.5569610596
278612.2187500000,-93.5608978271
279254.4375000000,-93.5808486938
279898.1562500000,-93.6206359863
280543.3437500000,-93.6216812134
281190.0000000000,-93.6309204102
281838.1562500000,-93.6687011719
282488.1250000000,-93.7180480957
283139.2812500000,-93.7356033325
283791.9375000000,-93.7871627808
284446.0937500000,-93.7875747681
285101.7812500000,-93.8130340576
285758.9687500000,-93.8421020508
286417.6562500000,-93.8519897461
287078.1875000000,-93.8559951782
287739.9062500000,-93.8577499390
288403.1875000000,-93.8812789917
289067.9687500000,-93.9209365845
289734.2812500000,-93.9638366699
290402.1562500000,-93.9681015015
291071.8750000000,-94.0128402710
291742.8125000000,-94.0501937866
292415.2812500000,-94.1344528198
293089.3437500000,-94.2297515869
293764.9062500000,-94.2370529175
294442.0625000000,-94.2689590454
295120.7812500000,-94.3135604858
295801.3750000000,-94.3168106079
296483.2187500000,-94.3457641602
297166.6250000000,-94.3637237549
297851.6250000000,-94.3784790039
298538.1875000000,-94.4223632813
299226.3437500000,-94.4739303589
299916.4062500000,-94.5234832764
300607.7500000000,-94.5301513672
301300.6562500000,-94.5954513550
301995.1875000000,-94.6563415527
302691.3125000000,-94.7029266357
303389.0312500000,-94.7345428467
304088.3750000000,-94.7513809204
304789.6562500000,-94.7518310547
305492.2187500000,-94.7525863647
306196.3750000000,-94.7556381226
306902.1875000000,-94.7565155029
307609.6250000000,-94.7595214844
308318.6875000000,-94.7597579956
309029.3750000000,-94.7679977417
309742.0625000000,-94.7850570679
310456.0312500000,-94.8057632446
311171.6562500000,-94.8281478882
311888.9375000000,-94.8517837524
312607.8437500000,-94.8775939941
313328.4375000000,-94.9073333740
314051.0312500000,-94.9425506592
314774.9375000000,-94.9835205078
315500.5000000000,-95.0288009644
316227.7812500000,-95.0753250122
316956.6875000000,-95.1192932129
317687.3125000000,-95.1575775146
318419.5937500000,-95.1888961792
319153.9375000000,-95.2144699097
319889.5937500000,-95.2375411987
320626.9687500000,-95.2620086670
321366.0312500000,-95.2906265259
322106.8125000000,-95.3235549927
322849.2812500000,-95.3580932617
323593.8125000000,-95.3896942139
324339.7187500000,-95.4140548706
325087.3750000000,-95.4293899536
325836.7187500000,-95.4375839233
326587.7812500000,-95.4437561035
327340.5937500000,-95.4543914795
328095.1250000000,-95.4750213623
328851.7812500000,-95.5083236694
329609.8125000000,-95.5532531738
330369.5937500000,-95.6055068970
331131.0937500000,-95.6587524414
331894.3750000000,-95.7056121826
332659.4375000000,-95.7427368164
333426.2187500000,-95.7667999268
334195.1562500000,-95.7785873413
334965.5000000000,-95.7816925049
335737.6250000000,-95.7817382813
336511.5312500000,-95.7853393555
337287.2187500000,-95.7987976074
338064.6875000000,-95.8266906738
338844.3125000000,-95.8704071045
339625.3750000000,-95.9273529053
340408.2500000000,-95.9913024902
341192.9062500000,-96.0541229248
341979.3750000000,-96.1083526611
342767.6562500000,-96.1496582031
343557.7812500000,-96.1778640747
344350.0625000000,-96.1963272095
345143.8125000000,-96.2102279663
345939.4062500000,-96.2248382568
346736.8125000000,-96.2444076538
347536.0625000000,-96.2891693115
348337.1562500000,-96.3481369019
349140.5000000000,-96.3906936646
349945.2812500000,-96.4281616211
350751.9375000000,-96.4547424316
351560.4375000000,-96.4620208740
352370.8125000000,-96.4644012451
353183.0625000000,-96.4677429199
353997.1562500000,-96.4689788818
354813.5312500000,-96.4693298340
355631.4062500000,-96.4913787842
356451.1562500000,-96.5299682617
357272.8125000000,-96.5837707520
358096.3437500000,-96.6489486694
358921.7812500000,-96.7032546997
359749.5312500000,-96.7149887085
360578.7812500000,-96.7197647095
361409.9375000000,-96.7197647095
362243.0000000000,-96.7509536743
363078.0000000000,-96.7945632935
363914.9375000000,-96.8013305664
364753.7812500000,-96.8183975220
365594.9687500000,-96.8523254395
366437.6875000000,-96.8884124756
367282.3437500000,-96.8897476196
368128.9687500000,-96.9024658203
368977.5312500000,-96.9031372070
369828.0312500000,-96.9819030762
370680.5312500000,-97.0569992065
371535.3750000000,-97.1219177246
372391.7812500000,-97.1732254028
373250.1875000000,-97.2053375244
374110.5625000000,-97.2057495117
374972.9062500000,-97.2096939087
375837.2500000000,-97.2150039673
376703.9687500000,-97.2163162231
377572.3125000000,-97.2277450562
378442.6562500000,-97.2316436768
379314.9687500000,-97.2371978760
380189.3437500000,-97.2391052246
381065.6875000000,-97.2755661011
381944.0625000000,-97.3081741333
382824.9062500000,-97.3234786987
383707.3437500000,-97.3377380371
384591.8125000000,-97.3561401367
385478.3125000000,-97.3824462891
386366.8750000000,-97.4370574951
387257.5000000000,-97.4977874756
388150.5625000000,-97.5345916748
389045.2812500000,-97.5650405884
389942.0625000000,-97.5891265869
390840.9062500000,-97.6085968018
391741.8125000000,-97.6340179443
392644.8125000000,-97.6590805054
393549.8750000000,-97.6762237549
394457.4687500000,-97.6939849854
395366.7187500000,-97.7133712769
396278.0937500000,-97.7502975464
397191.5312500000,-97.7992172241
398107.0937500000,-97.8394699097
399024.7500000000,-97.8817214966
399944.9687500000,-97.9208450317
400866.8750000000,-97.9620666504
401790.9062500000,-97.9829559326
402717.0625000000,-97.9883499146
403645.3437500000,-97.9944763184
404575.7812500000,-98.0067901611
405508.3437500000,-98.0440597534
406443.5312500000,-98.0983428955
407380.4062500000,-98.1405334473
408319.4375000000,-98.1821517944
409260.6562500000,-98.2357177734
410204.0312500000,-98.2780609131
411149.5625000000,-98.3010787964
412097.3125000000,-98.3238525391
413047.6562500000,-98.3626403809
413999.7812500000,-98.3822402954
414954.0625000000,-98.3843994141
415910.5625000000,-98.3963012695
416869.2812500000,-98.4038085938
417830.1875000000,-98.4245681763
418793.7812500000,-98.4256362915
419759.1250000000,-98.4299316406
420726.6875000000,-98.4362106323
421696.5000000000,-98.5086135864
422668.5312500000,-98.5678787231
423642.8125000000,-98.6205749512
424619.3437500000,-98.6785659790
425598.5937500000,-98.7241897583
426579.6250000000,-98.7574157715
427562.9375000000,-98.8238677979
428548.5000000000,-98.9025192261
429536.3125000000,-98.9319458008
430526.4375000000,-98.9492797852
431519.3125000000,-98.9529876709
432514.0000000000,-98.9566345215
433510.9687500000,-98.9935760498
434510.2500000000,-99.0097274780
435511.8125000000,-99.0154647827
436515.6875000000,-99.0239028931
437521.9062500000,-99.0241928101
438530.9062500000,-99.0259628296
439541.7500000000,-99.0315093994
440554.9062500000,-99.0344772339
441570.4375000000,-99.0465774536
442588.2812500000,-99.0859146118
443608.4687500000,-99.1005325317
444631.0312500000,-99.1141891479
445656.4062500000,-99.1334457397
446683.6875000000,-99.1567306519
447713.3125000000,-99.1768798828
448745.3437500000,-99.1805267334
449779.7187500000,-99.2450942993
450816.5000000000,-99.3586959839
451856.1562500000,-99.3984069824
452897.7187500000,-99.3988571167
453941.6875000000,-99.4079971313
454988.0625000000,-99.4109573364
456036.8437500000,-99.4123229980
457088.0312500000,-99.4319915771
458141.6562500000,-99.4364013672
459198.1875000000,-99.4368362427
460256.6875000000,-99.4624938965
461317.6250000000,-99.5134506226
462380.9687500000,-99.5689163208
463446.8125000000,-99.6153945923
464515.0937500000,-99.6499481201
465586.3437500000,-99.6686096191
466659.5312500000,-99.7004394531
467735.2187500000,-99.7386398315
468813.3750000000,-99.7741317749
469894.0312500000,-99.7861404419
470977.1875000000,-99.7869338989
472062.8125000000,-99.7937927246
473151.4687500000,-99.7949371338
474242.1250000000,-99.8091583252
475335.2812500000,-99.8505706787
476430.9687500000,-99.8971176147
477529.1562500000,-99.9267883301
478629.9062500000,-99.9269638062
479733.7187500000,-99.9295425415
480839.5312500000,-99.9345932007
481947.9062500000,-99.9591979980
483058.8125000000,-100.0326385498
484172.3125000000,-100.1369552612
485288.3437500000,-100.2316055298
486406.9687500000,-100.2399597168
487528.7187500000,-100.2534790039
488652.5000000000,-100.2565155029
489778.8750000000,-100.2773056030
490907.8437500000,-100.2800064087
492039.4375000000,-100.2920608521
493173.6250000000,-100.3428649902
494310.4375000000,-100.3811950684
495450.3750000000,-100.3835678101
496592.4375000000,-100.3867568970
497737.1250000000,-100.3916015625
498884.4375000000,-100.3972015381
500034.4062500000,-100.4310989380
501187.0000000000,-100.5090637207
502342.8437500000,-100.6086578369
503500.7812500000,-100.6595458984
504661.3750000000,-100.6733093262
505824.6562500000,-100.6849136353
506990.6250000000,-100.6988220215
508159.2812500000,-100.7140197754
509330.6250000000,-100.7459716797
510505.2187500000,-100.7494277954
511681.9687500000,-100.7608642578
512861.4375000000,-100.8643951416
514043.6250000000,-100.9045257568
515228.5312500000,-100.9047927856
516416.1562500000,-100.9389801025
517607.0937500000,-100.9434051514
518800.2187500000,-100.9693527222
519996.0937500000,-100.9766159058
521194.7187500000,-101.0111236572
522396.1250000000,-101.0173416138
523600.2812500000,-101.0405273438
524807.1875000000,-101.0607757568
526017.5000000000,-101.0651626587
527230.0000000000,-101.0798568726
528445.3125000000,-101.1281356812
529663.4375000000,-101.2843017578
530884.3125000000,-101.3587799072
532108.0625000000,-101.3705902100
533335.1875000000,-101.3724136353
534564.5625000000,-101.3734588623
535796.7500000000,-101.3962478638
537031.8125000000,-101.4164123535
538269.6875000000,-101.4232177734
539510.4375000000,-101.4245223999
540754.0625000000,-101.4304275513
542001.1250000000,-101.5352020264
543250.5000000000,-101.6221466064
544502.7500000000,-101.6337738037
545757.8750000000,-101.6351089478
547015.8750000000,-101.6698760986
548276.7500000000,-101.6900863647
549540.5625000000,-101.7249832153
550807.9375000000,-101.7584381104
552077.5625000000,-101.7667236328
553350.1250000000,-101.8106536865
554625.6875000000,-101.8240356445
555904.1250000000,-101.8377609253
557185.5000000000,-101.8696441650
558470.5000000000,-101.9037094116
559757.8125000000,-101.9259414673
561048.0625000000,-101.9317245483
562341.3125000000,-101.9716720581
563637.5625000000,-102.0181961060
564936.8125000000,-102.0369033813
566239.0000000000,-102.0477142334
567544.8750000000,-102.0892181396
568853.0625000000,-102.1002502441
570164.3125000000,-102.1398239136
571478.6250000000,-102.2056427002
572795.8750000000,-102.2709045410
574116.2500000000,-102.3413619995
575440.2500000000,-102.3670883179
576766.6875000000,-102.3693771362
578096.1875000000,-102.3707656860
579428.6875000000,-102.4231338501
580764.3125000000,-102.4277572632
582103.0625000000,-102.4402542114
583444.8125000000,-102.4424209595
584790.3750000000,-102.4642868042
586138.3125000000,-102.4744338989
587489.4375000000,-102.4935684204
588843.6250000000,-102.5022659302
590200.9375000000,-102.5183029175
591561.4375000000,-102.5280990601
592925.0000000000,-102.5672378540
594292.3750000000,-102.5715332031
595662.2500000000,-102.5879287720
597035.3125000000,-102.6893386841
598411.5000000000,-102.7298355103
599790.9375000000,-102.7474365234
601173.4375000000,-102.7528228760
602559.8750000000,-102.7752151489
603948.8125000000,-102.7781372070
605340.9375000000,-102.7988281250
606736.3125000000,-102.8035507202
608134.8750000000,-102.8590087891
609536.6875000000,-102.8916091919
610941.6875000000,-102.9085693359
612350.6250000000,-102.9168930054
613762.1250000000,-102.9320220947
615176.9375000000,-102.9745712280
616594.9375000000,-103.0343933105
618016.2500000000,-103.0735473633
619440.8125000000,-103.0957412720
620869.3750000000,-103.1072387695
622300.5000000000,-103.1150054932
623734.9375000000,-103.1324310303
625172.6875000000,-103.1571350098
626613.7500000000,-103.1824722290
628058.1250000000,-103.2123184204
629505.8750000000,-103.2437973022
630957.6250000000,-103.2545089722
632412.0000000000,-103.2565536499
633869.7500000000,-103.2665328979
635330.8750000000,-103.2880172729
636795.3750000000,-103.2916183472
638263.2500000000,-103.2962570190
639735.1875000000,-103.3050689697
641209.8125000000,-103.3059921265
642687.8750000000,-103.3114624023
644169.3125000000,-103.3554382324
645654.1250000000,-103.4516601563
647142.4375000000,-103.5573501587
648634.1250000000,-103.5631103516
650130.0000000000,-103.5739669800
651628.5625000000,-103.5969390869
653130.6250000000,-103.6109619141
654636.1250000000,-103.6515274048
656145.1250000000,-103.7114257813
657657.6250000000,-103.7150573730
659173.5625000000,-103.7323150635
660693.6875000000,-103.7419967651
662216.6250000000,-103.7501754761
663743.1250000000,-103.7561950684
665273.0625000000,-103.7834396362
666806.5625000000,-103.7872238159
668343.6250000000,-103.7941360474
669884.9375000000,-103.8029251099
671429.0625000000,-103.8062362671
672976.7500000000,-103.8094329834
674528.0000000000,-103.8245315552
676082.8750000000,-103.8881607056
677641.2500000000,-103.9748458862
679203.3125000000,-104.0440826416
680769.6250000000,-104.0896987915
682338.8750000000,-104.1330566406
683911.6875000000,-104.1760330200
685488.1875000000,-104.2004852295
687068.2500000000,-104.2112274170
688652.0000000000,-104.2327880859
690240.1875000000,-104.2650680542
691831.1875000000,-104.2661285400
693425.9375000000,-104.2794265747
695024.3125000000,-104.2840194702
696626.4375000000,-104.2908401489
698232.1875000000,-104.3657379150
699841.6875000000,-104.3826522827
701455.6250000000,-104.3917236328
703072.5000000000,-104.4534835815
704693.1250000000,-104.4710464478
706317.5000000000,-104.4893722534
707945.6250000000,-104.5323028564
709577.5000000000,-104.5632781982
711213.8750000000,-104.5702819824
712853.3125000000,-104.5721359253
714496.5000000000,-104.5820159912
716143.4375000000,-104.6123275757
717794.1875000000,-104.6149597168
719448.7500000000,-104.6286697388
721107.1250000000,-104.7166442871
722770.1250000000,-104.7223434448
724436.1875000000,-104.7428817749
726106.0625000000,-104.7527618408
727779.8125000000,-104.8062896729
729457.3750000000,-104.8064498901
731138.8125000000,-104.8146820068
732824.1250000000,-104.8279113770
734514.1875000000,-104.8391799927
736207.2500000000,-104.8414840698
737904.3125000000,-104.8633956909
739605.1875000000,-104.8686828613
741310.0625000000,-104.8738861084
743018.8125000000,-104.9961929321
744732.3750000000,-105.0006561279
746449.0000000000,-105.0179290771
748169.6250000000,-105.0874176025
749894.1875000000,-105.0941696167
751622.7500000000,-105.1817474365
753355.3125000000,-105.1841583252
755091.8750000000,-105.2177124023
756833.2500000000,-105.2506942749
758577.7500000000,-105.2527847290
760326.3750000000,-105.3180847168
762078.9375000000,-105.4075775146
763835.6250000000,-105.4439697266
765596.3125000000,-105.4509735107
767361.8750000000,-105.4580993652
769130.6875000000,-105.4594955444
770903.6250000000,-105.4809265137
772680.6250000000,-105.4839553833
774461.6875000000,-105.4840545654
776246.8750000000,-105.5022659302
778036.1875000000,-105.5103302002
779830.4375000000,-105.5196228027
781628.0000000000,-105.5457305908
783429.7500000000,-105.5969161987
785235.6250000000,-105.6280136108
787045.6250000000,-105.6392440796
788859.8125000000,-105.6554260254
790678.1875000000,-105.7312164307
792501.6250000000,-105.7336502075
794328.4375000000,-105.7361602783
796159.3750000000,-105.7406463623
797994.6250000000,-105.7532730103
799834.0000000000,-105.7953643799
801677.6875000000,-105.8280487061
803526.5000000000,-105.8344345093
805378.6875000000,-105.8548431396
807235.1250000000,-105.8829269409
809095.8750000000,-105.8893127441
810960.9375000000,-105.8932571411
812830.2500000000,-105.9117355347
814703.8750000000,-105.9466018677
816582.6875000000,-105.9551239014
818465.0000000000,-106.1706771851
820351.6250000000,-106.2963485718
822242.5625000000,-106.3081207275
824137.8750000000,-106.3189392090
826037.6250000000,-106.3244628906
827942.5625000000,-106.4376831055
829851.0625000000,-106.4562072754
831763.9375000000,-106.4761962891
833681.1875000000,-106.4814987183
835602.8750000000,-106.4990997314
837529.0000000000,-106.5180511475
839459.5625000000,-106.5242156982
841395.5000000000,-106.5249710083
843335.0000000000,-106.5257797241
845278.9375000000,-106.5464477539
847227.3750000000,-106.5475769043
849180.2500000000,-106.5628204346
851137.6875000000,-106.5636978149
853100.5625000000,-106.5648040771
855067.0000000000,-106.6038284302
857038.0000000000,-106.6089324951
859013.5625000000,-106.7466354370
860993.6250000000,-106.7540359497
862978.3125000000,-106.7871551514
864967.5000000000,-106.7941131592
866962.2500000000,-106.8198242188
868960.6875000000,-106.8324737549
870963.6875000000,-106.8522491455
872971.3125000000,-106.8666152954
874983.6250000000,-106.8708953857
877000.5000000000,-106.8900833130
879022.0625000000,-106.9044418335
881049.2500000000,-106.9730606079
883080.1250000000,-107.0861816406
885115.6875000000,-107.1425552368
887155.9375000000,-107.1612625122
889200.8750000000,-107.1750030518
891250.5625000000,-107.1885604858
893305.9375000000,-107.1916122437
895365.0625000000,-107.1932983398
897428.9375000000,-107.2098999023
899497.5625000000,-107.3098373413
901571.0000000000,-107.3223266602
903649.1875000000,-107.3395080566
905732.1250000000,-107.3437728882
907820.9375000000,-107.3520050049
909913.5000000000,-107.3581695557
912010.9375000000,-107.3823471069
914113.1875000000,-107.4076309204
916220.2500000000,-107.4121551514
918332.1875000000,-107.4148864746
920450.0625000000,-107.4504623413
922571.7500000000,-107.4737472534
924698.3750000000,-107.5353698730
926829.8125000000,-107.6463012695
928966.2500000000,-107.6714019775
931107.5625000000,-107.6850204468
933253.8750000000,-107.6917648315
935406.0625000000,-107.7457275391
937562.2500000000,-107.7534484863
939723.4375000000,-107.7709274292
941889.5625000000,-107.7780914307
944060.6875000000,-107.7812652588
946236.8125000000,-107.7866821289
948419.0000000000,-107.8074493408
950605.1250000000,-107.8142013550
952796.3750000000,-107.8329925537
954992.6250000000,-107.8392257690
957193.9375000000,-107.8472824097
959400.3750000000,-107.9661254883
961611.8125000000,-107.9834136963
963829.5000000000,-108.0061950684
966051.1875000000,-108.0384826660
968278.0000000000,-108.0502014160
970509.9375000000,-108.0675277710
972747.0625000000,-108.0988845825
974989.3125000000,-108.1145477295
977236.6875000000,-108.1320495605
979490.3750000000,-108.1906967163
981748.1875000000,-108.2269668579
984011.1875000000,-108.2571563721
986279.3750000000,-108.3224411011
988552.8125000000,-108.3925399780
990831.5000000000,-108.4141921997
993116.5625000000,-108.4351806641
995405.7500000000,-108.4426116943
997700.2500000000,-108.4460906982
1000000.0000000000,-108.4473724365
1002305.0625000000,-108.4667053223
1004615.4375000000,-108.5067749023
1006931.1875000000,-108.5139617920
1009253.3125000000,-108.5486373901
1011579.7500000000,-108.5868072510
1013911.5000000000,-108.6198730469
1016248.6250000000,-108.6467361450
1018591.1250000000,-108.6667251587
1020939.0625000000,-108.6845397949
1023293.5625000000,-108.7011947632
1025652.3125000000,-108.7174224854
1028016.5000000000,-108.7332458496
1030386.1250000000,-108.7477111816
1032761.2500000000,-108.7604980469
1035141.8750000000,-108.7715911865
1037527.9375000000,-108.7812042236
1039920.6250000000,-108.7917327881
1042317.7500000000,-108.8064804077
1044720.3750000000,-108.8281097412
1047128.5000000000,-108.8590087891
1049542.2500000000,-108.9030532837
1051961.5000000000,-108.9597778320
1054386.3750000000,-109.0224761963
1056817.8750000000,-109.0863342285
1059254.0000000000,-109.1460647583
1061695.6250000000,-109.1934814453
1064142.8750000000,-109.2240676880
1066595.8750000000,-109.2402801514
1069054.3750000000,-109.2408447266
1071519.8750000000,-109.2410659790
1073989.7500000000,-109.2444229126
1076465.3750000000,-109.2463912964
1078946.7500000000,-109.2488327026
1081433.7500000000,-109.2636947632
1083926.5000000000,-109.2845153809
1086425.0000000000,-109.3089447021
1088930.5000000000,-109.3333358765
1091440.6250000000,-109.3562240601
1093956.5000000000,-109.3788528442
1096478.1250000000,-109.4033813477
1099005.5000000000,-109.4324493408
1101538.8750000000,-109.4692077637
1104079.1250000000,-109.5148773193
1106624.1250000000,-109.5649032593
1109175.0000000000,-109.6148452759
1111731.7500000000,-109.6598281860
1114294.3750000000,-109.6952819824
1116862.8750000000,-109.7174072266
1119437.3750000000,-109.7226715088
1122019.0000000000,-109.7238540649
1124605.2500000000,-109.7247772217
1127197.6250000000,-109.7248687744
1129795.8750000000,-109.7325439453
1132400.1250000000,-109.7510681152
1135010.3750000000,-109.7797622681
1137627.8750000000,-109.8137893677
1140250.2500000000,-109.8476867676
1142878.6250000000,-109.8776168823
1145513.0000000000,-109.9009399414
1148153.5000000000,-109.9096374512
1150800.0000000000,-109.9128341675
1153452.7500000000,-109.9138031006
1156112.7500000000,-109.9163894653
1158777.7500000000,-109.9190979004
1161448.7500000000,-109.9239349365
1164126.0000000000,-109.9241790771
1166809.3750000000,-109.9283676147
1169499.0000000000,-109.9539031982
1172194.7500000000,-109.9876556396
1174898.0000000000,-110.0234603882
1177606.2500000000,-110.0515060425
1180320.7500000000,-110.0582580566
1183041.3750000000,-110.0587310791
1185768.3750000000,-110.0643234253
1188501.7500000000,-110.0668411255
1191242.6250000000,-110.0695800781
1193988.5000000000,-110.0710906982
1196740.7500000000,-110.0975952148
1199499.2500000000,-110.1378555298
1202264.2500000000,-110.1909484863
1205035.5000000000,-110.2558059692
1207813.2500000000,-110.3308029175
1210598.6250000000,-110.4135437012
1213389.1250000000,-110.4990081787
1216186.1250000000,-110.5803756714
1218989.5000000000,-110.6510009766
1221799.3750000000,-110.7070083618
1224615.7500000000,-110.7454910278
1227439.8750000000,-110.7486495972
1230269.2500000000,-110.7502441406
1233105.0000000000,-110.7565612793
1235947.5000000000,-110.7697219849
1238796.3750000000,-110.7795181274
1241651.8750000000,-110.7795410156
1244514.0000000000,-110.8001708984
1247384.1250000000,-110.8035430908
1250259.3750000000,-110.8057022095
1253141.3750000000,-110.8216705322
1256029.8750000000,-110.8249664307
1258925.1250000000,-110.8306503296
1261827.0000000000,-110.8380813599
1264737.0000000000,-110.8814468384
1267652.3750000000,-110.9286270142
1270574.3750000000,-110.9762725830
1273503.1250000000,-111.0183792114
1276438.6250000000,-111.0482025146
1279380.8750000000,-111.0624465942
1282330.0000000000,-111.0647354126
1285287.2500000000,-111.0652160645
1288250.0000000000,-111.0753936768
1291219.5000000000,-111.1013870239
1294195.7500000000,-111.1401672363
1297179.0000000000,-111.1816482544
1300169.1250000000,-111.2155838013
1303166.1250000000,-111.2383346558
1306171.3750000000,-111.2541885376
1309182.2500000000,-111.2706375122
1312200.0000000000,-111.2920379639
1315224.7500000000,-111.3167800903
1318256.3750000000,-111.3396148682
1321295.1250000000,-111.3558349609
1324342.2500000000,-111.3645019531
1327394.8750000000,-111.3691558838
1330454.6250000000,-111.3750915527
1333521.3750000000,-111.3872375488
1336595.2500000000,-111.4070739746
1339676.2500000000,-111.4334106445
1342764.2500000000,-111.4643707275
1345860.8750000000,-111.4983215332
1348963.2500000000,-111.5324935913
1352072.7500000000,-111.5613861084
1355189.3750000000,-111.5786514282
1358313.1250000000,-111.5829925537
1361444.1250000000,-111.5832290649
1364583.8750000000,-111.5967483521
1367729.3750000000,-111.6408538818
1370882.0000000000,-111.7227478027
1374042.0000000000,-111.8342895508
1377209.2500000000,-111.9542083740
1380383.8750000000,-112.0566558838
1383565.7500000000,-112.1224060059
1386756.5000000000,-112.1329574585
1389953.0000000000,-112.1434173584
1393157.0000000000,-112.1473236084
1396368.2500000000,-112.1600875854
1399587.0000000000,-112.2105178833
1402813.1250000000,-112.2752761841
1406046.7500000000,-112.2790603638
1409289.3750000000,-112.2925109863
1412537.8750000000,-112.2971572876
1415793.8750000000,-112.3305282593
1419057.3750000000,-112.3399276733
1422328.3750000000,-112.3399581909
1425607.0000000000,-112.3757019043
1428894.6250000000,-112.3767242432
1432188.3750000000,-112.3775329590
1435489.6250000000,-112.3869552612
1438798.5000000000,-112.3900833130
1442115.1250000000,-112.3914642334
1445439.2500000000,-112.4050140381
1448771.1250000000,-112.4083404541
1452112.2500000000,-112.4097900391
1455459.5000000000,-112.4145202637
1458814.3750000000,-112.4189071655
1462177.0000000000,-112.4262161255
1465547.5000000000,-112.4433593750
1468925.6250000000,-112.4470748901
1472313.2500000000,-112.4813232422
1475707.0000000000,-112.5549850464
1479108.6250000000,-112.6052093506
1482518.1250000000,-112.6540603638
1485935.3750000000,-112.7009506226
1489360.6250000000,-112.7024307251
1492793.6250000000,-112.7153472900
1496236.3750000000,-112.7158660889
1499685.2500000000,-112.7439804077
1503142.1250000000,-112.7561111450
1506607.0000000000,-112.7607879639
1510079.7500000000,-112.7784423828
1513560.6250000000,-112.7969970703
1517051.1250000000,-112.7977752686
1520548.1250000000,-112.8130493164
1524053.0000000000,-112.8600997925
1527566.1250000000,-112.8688659668
1531087.2500000000,-112.8704071045
1534616.5000000000,-112.8734359741
1538153.8750000000,-112.8974761963
1541701.1250000000,-112.9079284668
1545254.8750000000,-112.9094696045
1548816.8750000000,-113.0063400269
1552387.0000000000,-113.1263580322
1555965.3750000000,-113.2041091919
1559551.8750000000,-113.2668533325
1563146.7500000000,-113.2981414795
1566751.7500000000,-113.3051223755
1570363.1250000000,-113.3060760498
1573983.0000000000,-113.3095092773
1577611.1250000000,-113.3199462891
1581247.6250000000,-113.3257141113
1584892.5000000000,-113.3556823730
1588547.5000000000,-113.4034118652
1592209.2500000000,-113.4440460205
1595879.3750000000,-113.4675979614
1599558.0000000000,-113.4924697876
1603245.1250000000,-113.5191116333
1606940.7500000000,-113.5527877808
1610644.8750000000,-113.5709915161
1614359.2500000000,-113.5752410889
1618080.5000000000,-113.5819625854
1621810.2500000000,-113.6157455444
1625548.6250000000,-113.6840667725
1629295.6250000000,-113.7515563965
1633051.2500000000,-113.8273696899
1636817.3750000000,-113.9002227783
1640590.3750000000,-113.9794845581
1644372.0000000000,-114.0240554810
1648162.3750000000,-114.0396270752
1651961.5000000000,-114.0524673462
1655769.5000000000,-114.0680847168
1659586.1250000000,-114.0757980347
1663413.3750000000,-114.0769882202
1667247.6250000000,-114.0808334351
1671090.7500000000,-114.1013565063
1674942.7500000000,-114.1347427368
1678803.6250000000,-114.1531143188
1682673.3750000000,-114.1579132080
1686554.0000000000,-114.1587066650
1690441.6250000000,-114.1643371582
1694338.1250000000,-114.1660537720
1698243.7500000000,-114.1867904663
1702158.2500000000,-114.1888961792
1706081.8750000000,-114.1917648315
1710014.5000000000,-114.2154693604
1713958.1250000000,-114.2169799805
1717908.8750000000,-114.2331390381
1721868.8750000000,-114.2389297485
1725837.8750000000,-114.2495880127
1729816.0000000000,-114.2560119629
1733803.3750000000,-114.2625198364
1737799.8750000000,-114.2685394287
1741807.6250000000,-114.3672561646
1745822.6250000000,-114.4297714233
1749846.7500000000,-114.4879608154
1753880.3750000000,-114.4979248047
1757923.1250000000,-114.5038070679
1761975.2500000000,-114.5048751831
1766038.7500000000,-114.5496139526
1770109.5000000000,-114.6020660400
1774189.7500000000,-114.6868515015
1778279.3750000000,-114.7586517334
1782378.5000000000,-114.7924575806
1786487.0000000000,-114.8053359985
1790605.0000000000,-114.8058471680
1794734.3750000000,-114.8170166016
1798871.3750000000,-114.8180694580
1803017.8750000000,-114.8539886475
1807174.0000000000,-114.9226531982
1811339.6250000000,-115.0474395752
1815514.8750000000,-115.0623779297
1819701.8750000000,-115.0724716187
1823896.3750000000,-115.0791320801
1828100.6250000000,-115.1067428589
1832314.5000000000,-115.1247100830
1836538.1250000000,-115.1327056885
1840771.3750000000,-115.1366806030
1845014.5000000000,-115.1371612549
1849269.5000000000,-115.1517944336
1853532.1250000000,-115.1620559692
1857804.6250000000,-115.1707763672
1862087.0000000000,-115.1885528564
1866379.2500000000,-115.1958770752
1870681.3750000000,-115.2229537964
1874993.5000000000,-115.2673416138
1879317.5000000000,-115.2776184082
1883649.5000000000,-115.3051605225
1887991.5000000000,-115.3088226318
1892343.3750000000,-115.3173751831
1896705.3750000000,-115.3174591064
1901077.3750000000,-115.3198852539
1905461.6250000000,-115.3217239380
1909853.8750000000,-115.3356628418
1914256.2500000000,-115.3468246460
1918668.7500000000,-115.3471832275
1923091.3750000000,-115.3502960205
1927524.2500000000,-115.3541870117
1931967.3750000000,-115.3714599609
1936422.7500000000,-115.3810348511
1940886.3750000000,-115.3906021118
1945360.2500000000,-115.4472503662
1949844.3750000000,-115.5873260498
1954339.0000000000,-115.6850585938
1958843.8750000000,-115.7465133667
1963361.2500000000,-115.7934417725
1967887.0000000000,-115.8403472900
1972423.1250000000,-115.8771743774
1976969.6250000000,-115.8992843628
1981526.7500000000,-115.9021987915
1986094.2500000000,-115.9048995972
1990672.3750000000,-115.9054412842
1995263.2500000000,-115.9302215576
1999862.3750000000,-115.9640197754
2004472.2500000000,-115.9648971558
2009092.7500000000,-115.9753112793
2013723.7500000000,-115.9926300049
2018365.6250000000,-116.0051040649
2023020.2500000000,-116.0057678223
2027683.5000000000,-116.0726089478
2032357.3750000000,-116.1448287964
2037042.1250000000,-116.1458282471
2041737.6250000000,-116.1665725708
2046444.0000000000,-116.1821060181
2051161.2500000000,-116.2391433716
2055891.5000000000,-116.2589035034
2060630.5000000000,-116.2707977295
2065380.3750000000,-116.3344421387
2070141.2500000000,-116.3616180420
2074913.1250000000,-116.3773422241
2079695.8750000000,-116.3945312500
2084489.7500000000,-116.4077453613
2089297.0000000000,-116.4496688843
2094112.8750000000,-116.4517669678
2098940.0000000000,-116.4699554443
2103778.2500000000,-116.4797744751
2108627.5000000000,-116.4842300415
2113488.0000000000,-116.5014419556
2118362.2500000000,-116.5287399292
2123245.2500000000,-116.5386352539
2128139.5000000000,-116.5538330078
2133045.0000000000,-116.5709838867
2137961.7500000000,-116.5901184082
2142889.7500000000,-116.6160049438
2147829.5000000000,-116.6463775635
2152782.7500000000,-116.6572265625
2157745.0000000000,-116.6851272583
2162718.7500000000,-116.6998443604
2167704.0000000000,-116.7006683350
2172700.7500000000,-116.7812118530
2177708.7500000000,-116.8181457520
2182731.0000000000,-116.8373641968
2187762.5000000000,-116.8419189453
2192805.2500000000,-116.8472366333
2197860.0000000000,-116.8595352173
2202926.2500000000,-116.9378280640
2208004.0000000000,-117.0495452881
2213093.7500000000,-117.0763854980
2218197.5000000000,-117.0974426270
2223310.5000000000,-117.1121673584
2228435.5000000000,-117.1169815063
2233572.0000000000,-117.1752624512
2238720.7500000000,-117.2315750122
2243881.0000000000,-117.2511978149
2249055.7500000000,-117.2553482056
2254240.0000000000,-117.2591323853
2259436.2500000000,-117.3089523315
2264644.5000000000,-117.3642730713
2269864.5000000000,-117.3785018921
2275096.7500000000,-117.3813323975
2280341.0000000000,-117.3980255127
2285600.0000000000,-117.3992843628
2290868.2500000000,-117.4132995605
2296149.0000000000,-117.4137649536
2301441.7500000000,-117.4242248535
2306746.7500000000,-117.4280929565
2312064.0000000000,-117.4376678467
2317393.5000000000,-117.4463424683
2322737.7500000000,-117.4573364258
2328091.7500000000,-117.5296249390
2333458.2500000000,-117.5622558594
2338837.0000000000,-117.5786056519
2344228.2500000000,-117.6070938110
2349631.7500000000,-117.6495971680
2355050.5000000000,-117.6871337891
2360479.0000000000,-117.7033996582
2365920.0000000000,-117.7472610474
2371373.7500000000,-117.7542114258
2376840.0000000000,-117.7980194092
2382318.7500000000,-117.8137969971
2387810.0000000000,-117.8214340210
2393316.7500000000,-117.8470001221
2398833.5000000000,-117.8537139893
2404363.0000000000,-117.8763580322
2409905.2500000000,-117.8770828247
2415460.2500000000,-117.8913269043
2421028.0000000000,-118.0299148560
2426611.2500000000,-118.0613632202
2432205.0000000000,-118.0647964478
2437811.2500000000,-118.0929260254
2443430.5000000000,-118.1625061035
2449063.0000000000,-118.1750640869
2454708.2500000000,-118.1931991577
2460366.5000000000,-118.2032241821
2466040.5000000000,-118.2438507080
2471724.7500000000,-118.2442474365
2477422.2500000000,-118.2545623779
2483133.0000000000,-118.2643966675
2488856.7500000000,-118.2748870850
2494593.7500000000,-118.2846221924
2500344.0000000000,-118.2960052490
2506110.2500000000,-118.3092803955
2511887.0000000000,-118.3135757446
2517677.0000000000,-118.3142700195
2523480.5000000000,-118.3151550293
2529297.2500000000,-118.3180465698
2535127.5000000000,-118.3226165771
2540974.0000000000,-118.3273086548
2546831.0000000000,-118.3273162842
2552701.7500000000,-118.3290100098
2558585.7500000000,-118.3992996216
2564483.5000000000,-118.5654296875
2570395.0000000000,-118.5654602051
2576319.7500000000,-118.5672988892
2582261.2500000000,-118.6142578125
2588213.5000000000,-118.6187820435
2594179.5000000000,-118.6530380249
2600159.2500000000,-118.6800918579
2606153.0000000000,-118.6820373535
2612160.2500000000,-118.6867294312
2618184.2500000000,-118.7177581787
2624219.5000000000,-118.7339019775
2630268.5000000000,-118.8078613281
2636331.5000000000,-118.9141082764
2642408.2500000000,-118.9701919556
2648499.2500000000,-118.9800491333
2654604.2500000000,-118.9813919067
2660726.2500000000,-118.9916610718
2666859.5000000000,-118.9937286377
2673006.7500000000,-118.9995880127
2679168.2500000000,-119.0086135864
2685343.7500000000,-119.0213546753
2691533.7500000000,-119.0257110596
2697741.0000000000,-119.0545120239
2703959.2500000000,-119.0632247925
2710192.2500000000,-119.0819244385
2716439.2500000000,-119.1551513672
2722701.0000000000,-119.1586914063
2728977.0000000000,-119.1714782715
2735267.5000000000,-119.2608032227
2741575.5000000000,-119.2718276978
2747895.0000000000,-119.2747650146
2754229.0000000000,-119.2828445435
2760577.7500000000,-119.2889022827
2766941.0000000000,-119.2985305786
2773319.0000000000,-119.3087921143
2779711.7500000000,-119.3899765015
2786122.2500000000,-119.5282363892
2792544.5000000000,-119.5530929565
2798981.5000000000,-119.6039581299
2805433.2500000000,-119.6040267944
2811900.0000000000,-119.6072540283
2818381.7500000000,-119.6217422485
2824881.2500000000,-119.6268005371
2831393.0000000000,-119.6417541504
2837919.5000000000,-119.6437301636
2844461.0000000000,-119.6551895142
2851017.7500000000,-119.6697845459
2857589.5000000000,-119.6789627075
2864176.5000000000,-119.6921463013
2870781.7500000000,-119.7173843384
2877399.2500000000,-119.7428359985
2884031.7500000000,-119.7520828247
2890679.7500000000,-119.8489456177
2897343.0000000000,-119.8598937988
2904021.5000000000,-119.8643264771
2910718.7500000000,-119.8857955933
2917428.0000000000,-119.9026565552
2924153.0000000000,-119.9622879028
2930893.2500000000,-119.9706039429
2937649.2500000000,-119.9798812866
2944420.7500000000,-120.0237579346
2951207.7500000000,-120.0568389893
2958013.7500000000,-120.0613174438
2964832.2500000000,-120.0622253418
2971666.2500000000,-120.0622253418
2978516.2500000000,-120.0745849609
2985382.0000000000,-120.0909194946
2992263.5000000000,-120.1636657715
2999164.2500000000,-120.1940536499
3006077.5000000000,-120.2237777710
3013006.7500000000,-120.2498703003
3019951.7500000000,-120.2743530273
3026913.0000000000,-120.2820816040
3033890.2500000000,-120.2929763794
3040883.7500000000,-120.3111648560
3047896.5000000000,-120.3291244507
3054922.0000000000,-120.3506698608
3061963.7500000000,-120.3766174316
3069022.0000000000,-120.4113998413
3076096.2500000000,-120.4496765137
3083186.7500000000,-120.4958038330
3090293.7500000000,-120.5407714844
3097420.5000000000,-120.5823974609
3104560.2500000000,-120.6144256592
3111716.5000000000,-120.6236953735
3118889.2500000000,-120.6246719360
3126078.5000000000,-120.6274795532
3133284.5000000000,-120.6280136108
3140510.2500000000,-120.6343383789
3147749.2500000000,-120.6347198486
3155005.2500000000,-120.6388244629
3162277.7500000000,-120.6418685913
3169567.0000000000,-120.6434860229
3176873.0000000000,-120.6462402344
3184196.0000000000,-120.6489410400
3191539.2500000000,-120.6575088501
3198896.0000000000,-120.6740875244
3206269.7500000000,-120.7002944946
3213660.2500000000,-120.7326202393
3221068.0000000000,-120.7729263306
3228492.7500000000,-120.8241958618
3235938.2500000000,-120.8797988892
3243397.2500000000,-120.9431762695
3250873.5000000000,-121.0072250366
3258367.0000000000,-121.0719223022
3265877.7500000000,-121.1302642822
3273406.0000000000,-121.1837310791
3280951.2500000000,-121.2255020142
3288517.7500000000,-121.2533950806
3296098.0000000000,-121.2657394409
3303695.7500000000,-121.2695312500
3311311.0000000000,-121.2712326050
3318944.0000000000,-121.2728652954
3326594.2500000000,-121.2733001709
3334262.2500000000,-121.2796783447
3341951.7500000000,-121.3045730591
3349655.2500000000,-121.3373641968
3357376.2500000000,-121.3745193481
3365115.2500000000,-121.4101486206
3372872.2500000000,-121.4400939941
3380646.7500000000,-121.4638824463
3388443.2500000000,-121.4765319824
3396253.7500000000,-121.4867477417
3404082.5000000000,-121.4944229126
3411929.0000000000,-121.5077209473
3419793.7500000000,-121.5255279541
3427676.7500000000,-121.5531997681
3435577.7500000000,-121.5870742798
3443500.7500000000,-121.6236724854
3451438.2500000000,-121.6593017578
3459394.0000000000,-121.6885604858
3467368.2500000000,-121.7126846313
3475360.7500000000,-121.7243728638
3483371.7500000000,-121.7317810059
3491405.0000000000,-121.7357025146
3499452.7500000000,-121.7430191040
3507519.2500000000,-121.7572860718
3515604.5000000000,-121.7782745361
3523708.2500000000,-121.8139953613
3531830.5000000000,-121.8521270752
3539971.7500000000,-121.8927001953
3548135.5000000000,-121.9248580933
3556314.2500000000,-121.9500808716
3564511.7500000000,-121.9683227539
3572728.2500000000,-121.9788742065
3580963.5000000000,-121.9901580811
3589218.0000000000,-122.0023117065
3597495.2500000000,-122.0191116333
3605787.7500000000,-122.0376739502
3614099.2500000000,-122.0578460693
3622430.0000000000,-122.0804367065
3630780.0000000000,-122.1068725586
3639149.2500000000,-122.1372985840
3647537.7500000000,-122.1760330200
3655949.5000000000,-122.2222518921
3664376.7500000000,-122.2726364136
3672823.5000000000,-122.3264846802
3681289.5000000000,-122.3750305176
3689775.2500000000,-122.4156036377
3698280.5000000000,-122.4451751709
3706805.2500000000,-122.4556503296
3715353.7500000000,-122.4603652954
3723918.0000000000,-122.4613723755
3732501.7500000000,-122.4693832397
3741105.5000000000,-122.4884338379
3749729.0000000000,-122.5155487061
3758372.5000000000,-122.5503311157
3767039.7500000000,-122.5807266235
3775723.2500000000,-122.6037292480
3784426.5000000000,-122.6178512573
3793149.7500000000,-122.6231079102
3801893.2500000000,-122.6331481934
3810657.0000000000,-122.6505355835
3819440.7500000000,-122.6826629639
3828249.0000000000,-122.7281112671
3837073.5000000000,-122.7762603760
3845918.2500000000,-122.8236312866
3854783.2500000000,-122.8578186035
3863668.7500000000,-122.8776168823
3872574.7500000000,-122.8777618408
3881505.7500000000,-122.8789367676
3890452.7500000000,-122.8832092285
3899420.5000000000,-122.8848037720
3908409.0000000000,-122.8865203857
3917418.2500000000,-122.9007034302
3926448.0000000000,-122.9325942993
3935498.7500000000,-122.9714202881
3944574.7500000000,-123.0142822266
3953667.2500000000,-123.0553588867
3962780.7500000000,-123.0857467651
3971915.2500000000,-123.1064987183
3981070.7500000000,-123.1182327271
3990247.5000000000,-123.1225967407
3999449.7500000000,-123.1266250610
4008668.7500000000,-123.1325988770
4017909.0000000000,-123.1412277222
4027170.5000000000,-123.1531066895
4036453.5000000000,-123.1679611206
4045757.7500000000,-123.1847457886
4055083.5000000000,-123.2027664185
4064435.2500000000,-123.2210464478
4073804.0000000000,-123.2372894287
4083194.5000000000,-123.2527618408
4092606.5000000000,-123.2692184448
4102040.2500000000,-123.2886123657
4111495.7500000000,-123.3153076172
4120973.0000000000,-123.3464736938
4130476.7500000000,-123.3787841797
4139997.7500000000,-123.4096298218
4149540.7500000000,-123.4356842041
4159105.7500000000,-123.4574279785
4168692.7500000000,-123.4801712036
4178301.7500000000,-123.5068893433
4187937.7500000000,-123.5400314331
4197591.0000000000,-123.5813751221
4207267.0000000000,-123.6252593994
4216965.0000000000,-123.6664962769
4226685.5000000000,-123.7019042969
4236428.0000000000,-123.7292404175
4246193.5000000000,-123.7479400635
4255986.0000000000,-123.7645339966
4265796.5000000000,-123.7816314697
4275629.5000000000,-123.8001785278
4285485.0000000000,-123.8203659058
4295363.0000000000,-123.8433303833
4305264.5000000000,-123.8713912964
4315193.0000000000,-123.9037322998
4325140.0000000000,-123.9379272461
4335109.5000000000,-123.9709548950
4345102.5000000000,-123.9998626709
4355118.0000000000,-124.0264129639
4365157.0000000000,-124.0539169312
4375219.0000000000,-124.0822830200
4385309.0000000000,-124.1104125977
4395417.5000000000,-124.1367187500
4405549.0000000000,-124.1611099243
4415704.5000000000,-124.1871871948
4425883.0000000000,-124.2167358398
4436085.0000000000,-124.2488250732
4446310.5000000000,-124.2802810669
4456564.0000000000,-124.3061828613
4466837.0000000000,-124.3095321655
4477133.5000000000,-124.3134002686
4487453.5000000000,-124.3140029907
4497797.5000000000,-124.3196182251
4508165.0000000000,-124.3198013306
4518561.5000000000,-124.3309402466
4528977.0000000000,-124.3644256592
4539417.0000000000,-124.4115600586
4549880.5000000000,-124.4581298828
4560368.5000000000,-124.4933929443
4570880.5000000000,-124.5124282837
4581416.5000000000,-124.5174255371
4591982.0000000000,-124.5175476074
4602567.0000000000,-124.5235061646
4613176.0000000000,-124.5448379517
4623810.0000000000,-124.5769805908
4634468.0000000000,-124.6112289429
4645151.0000000000,-124.6417999268
4655863.5000000000,-124.6667480469
4666595.5000000000,-124.6874771118
4677352.0000000000,-124.7070007324
4688134.0000000000,-124.7273178101
4698940.5000000000,-124.7469329834
4709771.5000000000,-124.7619552612
4720628.0000000000,-124.7728652954
4731514.5000000000,-124.7849578857
4742421.0000000000,-124.8047714233
4753353.0000000000,-124.8353652954
4764309.5000000000,-124.8736114502
4775291.5000000000,-124.9110870361
4786299.0000000000,-124.9385910034
4797337.0000000000,-124.9521255493
4808395.5000000000,-124.9577789307
4819479.0000000000,-124.9707565308
4830588.0000000000,-125.0017852783
4841723.0000000000,-125.0521545410
4852883.5000000000,-125.1128234863
4864070.0000000000,-125.1697692871
4875287.0000000000,-125.2116775513
4886525.0000000000,-125.2298583984
4897789.0000000000,-125.2343826294
4909078.5000000000,-125.2346725464
4920394.5000000000,-125.2358093262
4931736.0000000000,-125.2403717041
4943104.0000000000,-125.2619781494
4954504.0000000000,-125.3088912964
4965924.5000000000,-125.3626708984
4977371.0000000000,-125.4087677002
4988844.5000000000,-125.4336471558
5000344.0000000000,-125.4369812012
5011870.0000000000,-125.4375381470
5023428.5000000000,-125.4416351318
5035007.5000000000,-125.4467544556
5046614.0000000000,-125.4624099731
5058246.5000000000,-125.5112609863
5069906.0000000000,-125.5730438232
5081592.5000000000,-125.6287765503
5093306.0000000000,-125.6394042969
5105052.0000000000,-125.6402282715
5116819.5000000000,-125.6472625732
5128614.5000000000,-125.6500854492
5140436.0000000000,-125.6547775269
5152285.0000000000,-125.6605682373
5164161.5000000000,-125.6634979248
5176071.0000000000,-125.6687393188
5188002.0000000000,-125.7005844116
5199961.0000000000,-125.7519912720
5211947.0000000000,-125.8096542358
5223961.0000000000,-125.8581237793
5236002.5000000000,-125.8903656006
5248072.0000000000,-125.9088287354
5260175.0000000000,-125.9200286865
5272300.0000000000,-125.9296188354
5284453.0000000000,-125.9394454956
5296634.0000000000,-125.9473037720
5308843.5000000000,-125.9512786865
5321080.5000000000,-125.9546737671
5333352.0000000000,-125.9692382813
5345645.5000000000,-126.0034179688
5357967.5000000000,-126.0544815063
5370318.0000000000,-126.1084518433
5382697.0000000000,-126.1487045288
5395104.5000000000,-126.1562957764
5407541.0000000000,-126.1582565308
5420011.5000000000,-126.1624526978
5432505.0000000000,-126.1654434204
5445027.5000000000,-126.1664199829
5457578.5000000000,-126.1727828979
5470158.5000000000,-126.1874008179
5482767.5000000000,-126.2167129517
5495406.0000000000,-126.2698745728
5508079.0000000000,-126.3361892700
5520775.5000000000,-126.3808975220
5533501.5000000000,-126.3866729736
5546256.5000000000,-126.3892517090
5559041.0000000000,-126.3960113525
5571855.0000000000,-126.4010162354
5584704.5000000000,-126.4462738037
5597578.0000000000,-126.4765319824
5610480.5000000000,-126.4787673950
5623413.5000000000,-126.4792327881
5636375.5000000000,-126.4841766357
5649368.0000000000,-126.5091171265
5662390.0000000000,-126.5486984253
5675448.5000000000,-126.5924224854
5688531.0000000000,-126.6291732788
5701643.5000000000,-126.6553192139
5714786.0000000000,-126.6767959595
5727959.0000000000,-126.7038955688
5741162.5000000000,-126.7443313599
5754402.5000000000,-126.7988967896
5767666.5000000000,-126.8045730591
5780961.5000000000,-126.8143920898
5794287.0000000000,-126.8467483521
5807643.5000000000,-126.8538436890
5821030.5000000000,-126.8632049561
5834448.5000000000,-126.8653640747
5847903.5000000000,-126.8826370239
5861383.5000000000,-126.8890075684
5874894.0000000000,-126.9011154175
5888436.5000000000,-126.9038696289
5902009.5000000000,-126.9217758179
5915614.0000000000,-126.9247817993
5929250.0000000000,-126.9325561523
5942924.0000000000,-126.9366531372
5956622.5000000000,-126.9936904907
5970353.0000000000,-127.0468978882
5984115.5000000000,-127.0841827393
5997909.0000000000,-127.1116104126
6011734.5000000000,-127.1314468384
6025599.0000000000,-127.1319580078
6039488.0000000000,-127.1377944946
6053409.5000000000,-127.1414642334
6067363.0000000000,-127.1472854614
6081349.0000000000,-127.1479644775
6095367.0000000000,-127.1563949585
6109417.0000000000,-127.1576461792
6123506.5000000000,-127.1781616211
6137621.5000000000,-127.2114715576
6151769.0000000000,-127.2543640137
6165949.5000000000,-127.3021469116
6180162.5000000000,-127.3465576172
6194408.0000000000,-127.3768386841
6208693.5000000000,-127.3807601929
6223005.0000000000,-127.3849182129
6237349.5000000000,-127.3865966797
6251727.0000000000,-127.4088134766
6266137.5000000000,-127.4541320801
6280581.5000000000,-127.5178833008
6295058.5000000000,-127.5627517700
6309576.0000000000,-127.5844039917
6324120.0000000000,-127.6000213623
6338698.0000000000,-127.6081008911
6353309.0000000000,-127.6144027710
6367954.0000000000,-127.6277618408
6382632.5000000000,-127.6451110840
6397352.0000000000,-127.6668777466
6412098.0000000000,-127.6890945435
6426878.5000000000,-127.7184219360
6441693.0000000000,-127.7441329956
6456541.5000000000,-127.7557678223
6471424.0000000000,-127.7570037842
6486341.5000000000,-127.7592773438
6501300.0000000000,-127.7682495117
6516286.0000000000,-127.8215942383
6531306.5000000000,-127.8918151855
6546361.5000000000,-127.9788131714
6561451.5000000000,-127.9976272583
6576576.0000000000,-128.0074005127
6591735.5000000000,-128.0315246582
6606937.0000000000,-128.0495452881
6622166.5000000000,-128.0641632080
6637431.0000000000,-128.0806427002
6652731.0000000000,-128.0931243896
6668066.0000000000,-128.0976715088
6683436.0000000000,-128.1508483887
6698849.5000000000,-128.2043151855
6714290.5000000000,-128.2339630127
6729767.5000000000,-128.2544403076
6745280.0000000000,-128.2655487061
6760828.5000000000,-128.2684783936
6776413.0000000000,-128.2782745361
6792033.0000000000,-128.3162994385
6807696.5000000000,-128.3678283691
6823388.5000000000,-128.3993530273
6839117.0000000000,-128.4240570068
6854881.5000000000,-128.4595336914
6870682.5000000000,-128.5074615479
6886520.0000000000,-128.5442199707
6902401.5000000000,-128.5918731689
6918312.0000000000,-128.6201019287
6934259.5000000000,-128.6283264160
6950243.5000000000,-128.6434631348
6966264.0000000000,-128.6481475830
6982322.0000000000,-128.6650390625
6998416.5000000000,-128.6870117188
7014556.0000000000,-128.6919860840
7030725.0000000000,-128.6924133301
7046931.5000000000,-128.7225189209
7063175.0000000000,-128.7270660400
7079456.5000000000,-128.7517852783
7095775.0000000000,-128.7538452148
7112139.0000000000,-128.7542266846
7128533.0000000000,-128.7621765137
7144965.0000000000,-128.7646484375
7161434.5000000000,-128.7767486572
7177942.0000000000,-128.8034210205
7194487.5000000000,-128.8192596436
7211071.5000000000,-128.8400115967
7227701.5000000000,-128.8694000244
7244362.0000000000,-128.9305267334
7261060.5000000000,-128.9855957031
7277798.0000000000,-129.0102691650
7294573.5000000000,-129.0209655762
7311388.0000000000,-129.0266113281
7328241.5000000000,-129.0302429199
7345141.5000000000,-129.0337371826
7362072.5000000000,-129.0418243408
7379043.0000000000,-129.0441741943
7396052.0000000000,-129.0474548340
7413100.5000000000,-129.0510711670
7430188.0000000000,-129.0514068604
7447323.5000000000,-129.0797424316
7464490.0000000000,-129.1306304932
7481696.5000000000,-129.1777648926
7498942.0000000000,-129.2137298584
7516227.5000000000,-129.2419128418
7533553.0000000000,-129.2508087158
7550918.5000000000,-129.2641296387
7568332.0000000000,-129.3166961670
7585777.5000000000,-129.4382629395
7603263.5000000000,-129.4716644287
7620789.5000000000,-129.4840393066
7638356.0000000000,-129.5026092529
7655963.0000000000,-129.5238189697
7673619.0000000000,-129.5508270264
7691307.0000000000,-129.5566711426
7709036.0000000000,-129.5760192871
7726806.0000000000,-129.6000671387
7744617.0000000000,-129.6634521484
7762469.0000000000,-129.6922302246
7780362.0000000000,-129.6935272217
7798304.5000000000,-129.7154693604
7816280.5000000000,-129.7389221191
7834297.5000000000,-129.7406616211
7852356.0000000000,-129.7509307861
7870456.0000000000,-129.7868499756
7888598.0000000000,-129.7918853760
7906782.0000000000,-129.8072509766
7925016.5000000000,-129.8290710449
7943284.0000000000,-129.8872833252
7961594.0000000000,-129.8913574219
7979946.0000000000,-129.8925170898
7998340.5000000000,-129.8945770264
8016777.0000000000,-129.8975372314
8035265.0000000000,-129.9123229980
8053787.0000000000,-129.9145507813
8072351.5000000000,-129.9370727539
8090959.0000000000,-129.9432525635
8109609.0000000000,-130.0109100342
8128302.5000000000,-130.1020660400
8147038.5000000000,-130.1338348389
8165827.0000000000,-130.1446380615
8184650.0000000000,-130.1886596680
8203516.0000000000,-130.2016754150
8222426.0000000000,-130.2107238770
8241379.0000000000,-130.2467803955
8260376.0000000000,-130.2550354004
8279426.0000000000,-130.2641754150
8298510.5000000000,-130.2700958252
8317639.0000000000,-130.2708282471
8336812.0000000000,-130.2795867920
8356029.0000000000,-130.2805633545
8375290.0000000000,-130.2934265137
8394596.0000000000,-130.3004760742
8413955.0000000000,-130.3152465820
8433350.0000000000,-130.3337707520
8452789.0000000000,-130.3644409180
8472274.0000000000,-130.3758392334
8491803.0000000000,-130.3827972412
8511377.0000000000,-130.4014892578
8531006.0000000000,-130.4217224121
8550670.0000000000,-130.4422760010
8570380.0000000000,-130.4720458984
8590136.0000000000,-130.4723205566
8609936.0000000000,-130.5056915283
8629783.0000000000,-130.5377807617
8649675.0000000000,-130.6396942139
8669623.0000000000,-130.7240142822
8689607.0000000000,-130.7261352539
8709637.0000000000,-130.7414703369
8729713.0000000000,-130.7415313721
8749836.0000000000,-130.7529754639
8770005.0000000000,-130.7553558350
8790220.0000000000,-130.7603912354
8810492.0000000000,-130.7715148926
8830801.0000000000,-130.8026733398
8851157.0000000000,-130.8075103760
8871559.0000000000,-130.8137359619
8892009.0000000000,-130.8563537598
8912505.0000000000,-130.8586273193
8933059.0000000000,-130.8813629150
8953651.0000000000,-130.8979644775
8974289.0000000000,-130.9744720459
8994976.0000000000,-131.0837097168
9015710.0000000000,-131.1041870117
9036492.0000000000,-131.1174468994
9057321.0000000000,-131.1397857666
9078209.0000000000,-131.1499023438
9099135.0000000000,-131.1508331299
9120109.0000000000,-131.1590576172
9141132.0000000000,-131.1721496582
9162203.0000000000,-131.1762084961
9183322.0000000000,-131.1840057373
9204500.0000000000,-131.1967773438
9225718.0000000000,-131.1978759766
9246983.0000000000,-131.2451934814
9268298.0000000000,-131.3385772705
9289662.0000000000,-131.3510131836
9311076.0000000000,-131.3613281250
9332538.0000000000,-131.4057312012
9354061.0000000000,-131.4225769043
9375623.0000000000,-131.4400177002
9397234.0000000000,-131.4445648193
9418895.0000000000,-131.5730895996
9440607.0000000000,-131.6393280029
9462368.0000000000,-131.6549682617
9484190.0000000000,-131.6571960449
9506052.0000000000,-131.6571960449
9527964.0000000000,-131.6571960449
9549926.0000000000,-131.6571960449
9571940.0000000000,-131.6571960449
9594004.0000000000,-131.6571960449
9616118.0000000000,-131.6595764160
9638295.0000000000,-131.6808624268
9660512.0000000000,-131.6941070557
9682780.0000000000,-131.7188415527
9705099.0000000000,-131.7217559814
9727470.0000000000,-131.7250518799
9749893.0000000000,-131.7261657715
9772367.0000000000,-131.7262573242
9794904.0000000000,-131.7317657471
9817482.0000000000,-131.7408752441
9840112.0000000000,-131.7427673340
9862794.0000000000,-131.7748718262
9885528.0000000000,-131.7850036621
9908315.0000000000,-131.7977600098
9931165.0000000000,-131.8081054688
9954057.0000000000,-131.8220825195
9977002.0000000000,-131.8254089355
10000000.0000000000,-131.8300018311
10023051.0000000000,-131.8401794434
10046155.0000000000,-131.8475036621
10069312.0000000000,-131.8516387939
10092533.0000000000,-131.8529205322
10115797.0000000000,-131.9112701416
10139115.0000000000,-131.9997863770
10162486.0000000000,-132.0671081543
10185911.0000000000,-132.1146240234
10209391.0000000000,-132.1465148926
10232935.0000000000,-132.1579437256
10256523.0000000000,-132.1681671143
10280165.0000000000,-132.1763153076
10303861.0000000000,-132.1867980957
10327613.0000000000,-132.2028961182
10351418.0000000000,-132.2170562744
10375279.0000000000,-132.2251129150
10399206.0000000000,-132.2324523926
10423177.0000000000,-132.2368927002
10447203.0000000000,-132.2469787598
10471285.0000000000,-132.2868652344
10495422.0000000000,-132.3343353271
10519615.0000000000,-132.4309539795
10543863.0000000000,-132.5305480957
10568179.0000000000,-132.6525115967
10592540.0000000000,-132.7721710205
10616956.0000000000,-132.8302612305
10641429.0000000000,-132.8302612305
10665958.0000000000,-132.8302612305
10690544.0000000000,-132.8302612305
10715198.0000000000,-132.8302612305
10739898.0000000000,-132.8302612305
10764654.0000000000,-132.8302612305
10789467.0000000000,-132.8302612305
10814338.0000000000,-132.8427581787
10839265.0000000000,-132.8631286621
10864251.0000000000,-132.8634643555
10889305.0000000000,-132.8654327393
10914406.0000000000,-132.8737640381
10939565.0000000000,-132.8827667236
10964781.0000000000,-132.9004211426
10990056.0000000000,-132.9049072266
11015388.0000000000,-132.9245605469
11040792.0000000000,-132.9729156494
11066242.0000000000,-133.0195465088
11091750.0000000000,-133.0217437744
11117317.0000000000,-133.0527191162
11142944.0000000000,-133.1324157715
11168629.0000000000,-133.1355133057
11194373.0000000000,-133.1602325439
11220189.0000000000,-133.2113037109
11246053.0000000000,-133.2364807129
11271976.0000000000,-133.2364807129
11297958.0000000000,-133.2364807129
11324001.0000000000,-133.2364807129
11350104.0000000000,-133.2364807129
11376279.0000000000,-133.2364807129
11402502.0000000000,-133.2367553711
11428786.0000000000,-133.2495117188
11455130.0000000000,-133.2537078857
11481535.0000000000,-133.2651367188
11508000.0000000000,-133.2691040039
11534527.0000000000,-133.2768249512
11561128.0000000000,-133.2791900635
11587777.0000000000,-133.2848052979
11614488.0000000000,-133.2852325439
11641260.0000000000,-133.2868347168
11668094.0000000000,-133.2912292480
11694990.0000000000,-133.2970886230
11721947.0000000000,-133.2973022461
11748980.0000000000,-133.2990417480
11776062.0000000000,-133.2992706299
11803207.0000000000,-133.3026733398
11830414.0000000000,-133.3043670654
11857684.0000000000,-133.3051452637
11885017.0000000000,-133.3062896729
11912426.0000000000,-133.3448333740
11939885.0000000000,-133.3723907471
11967407.0000000000,-133.3906402588
11994993.0000000000,-133.3931732178
12022642.0000000000,-133.4340972900
12050355.0000000000,-133.5253143311
12078132.0000000000,-133.5400085449
12105986.0000000000,-133.5445861816
12133892.0000000000,-133.6725463867
12161861.0000000000,-133.6734619141
12189895.0000000000,-133.7241058350
12217994.0000000000,-133.8018035889
12246157.0000000000,-133.8384399414
12274399.0000000000,-133.9268341064
12302692.0000000000,-133.9431762695
12331051.0000000000,-133.9460754395
12359475.0000000000,-133.9868621826
12387964.0000000000,-134.0237274170
12416519.0000000000,-134.1235504150
12445140.0000000000,-134.2025451660
12473841.0000000000,-134.2114257813
12502594.0000000000,-134.2264251709
12531413.0000000000,-134.2316131592
12560299.0000000000,-134.2580871582
12589251.0000000000,-134.2667083740
12618270.0000000000,-134.2873382568
12647370.0000000000,-134.2874603271
12676523.0000000000,-134.3174896240
12705744.0000000000,-134.3490753174
12735031.0000000000,-134.3507385254
12764387.0000000000,-134.3630218506
12793809.0000000000,-134.3765869141
12823300.0000000000,-134.4039306641
12852873.0000000000,-134.4331512451
12882499.0000000000,-134.4368286133
12912195.0000000000,-134.4422302246
12941958.0000000000,-134.4916076660
12971790.0000000000,-134.4981689453
13001691.0000000000,-134.5436248779
13031661.0000000000,-134.5675048828
13061714.0000000000,-134.5824584961
13091822.0000000000,-134.6367492676
13122000.0000000000,-134.6550750732
13152247.0000000000,-134.7235412598
13182564.0000000000,-134.7328491211
13212951.0000000000,-134.7383270264
13243422.0000000000,-134.7790374756
13273949.0000000000,-134.7790374756
13304546.0000000000,-134.7790374756
13335214.0000000000,-134.9077453613
13365953.0000000000,-135.0950927734
13396762.0000000000,-135.2301025391
13427643.0000000000,-135.2301025391
13458609.0000000000,-135.2369232178
13489632.0000000000,-135.2406311035
13520727.0000000000,-135.2574462891
13551893.0000000000,-135.2597961426
13583131.0000000000,-135.2653350830
13614441.0000000000,-135.2657470703
13645839.0000000000,-135.2733612061
13677293.0000000000,-135.2796325684
13708820.0000000000,-135.3123779297
13740420.0000000000,-135.3125000000
13772093.0000000000,-135.3226470947
13803838.0000000000,-135.3280334473
13835657.0000000000,-135.3326110840
13867565.0000000000,-135.3363342285
13899530.0000000000,-135.4167022705
13931570.0000000000,-135.4241485596
13963683.0000000000,-135.4431762695
13995870.0000000000,-135.5677185059
14028132.0000000000,-135.5995635986
14060468.0000000000,-135.5995788574
14092893.0000000000,-135.6020660400
14125379.0000000000,-135.6034240723
14157939.0000000000,-135.6184082031
14190574.0000000000,-135.6228027344
14223284.0000000000,-135.6594696045
14256070.0000000000,-135.6700286865
14288946.0000000000,-135.7039031982
14321884.0000000000,-135.7039031982
14354896.0000000000,-135.7039031982
14387986.0000000000,-135.7039031982
14421151.0000000000,-135.7039031982
14454393.0000000000,-135.7196044922
14487711.0000000000,-135.7485961914
14521122.0000000000,-135.7705535889
14554594.0000000000,-135.7782287598
14588144.0000000000,-135.7899017334
14621770.0000000000,-135.8317260742
14655475.0000000000,-135.8390197754
14689257.0000000000,-135.8961334229
14723133.0000000000,-135.9205169678
14757070.0000000000,-135.9402160645
14791086.0000000000,-135.9660034180
14825181.0000000000,-135.9814453125
14859354.0000000000,-135.9929046631
14893606.0000000000,-135.9986572266
14927937.0000000000,-136.0107421875
14962363.0000000000,-136.0109405518
14996852.0000000000,-136.0113525391
15031421.0000000000,-136.0300598145
15066070.0000000000,-136.0310668945
15100798.0000000000,-136.0628662109
15135607.0000000000,-136.0765686035
15170512.0000000000,-136.1113586426
15205481.0000000000,-136.1437683105
15240531.0000000000,-136.1461486816
15275661.0000000000,-136.1569366455
15310873.0000000000,-136.1701049805
15346165.0000000000,-136.1916961670
15381539.0000000000,-136.2121582031
15417012.0000000000,-136.2333984375
15452549.0000000000,-136.2336578369
15488168.0000000000,-136.2471008301
15523870.0000000000,-136.2786865234
15559653.0000000000,-136.2881774902
15595519.0000000000,-136.3045349121
15631468.0000000000,-136.3088073730
15667517.0000000000,-136.3113861084
15703632.0000000000,-136.3149871826
15739830.0000000000,-136.3226928711
15776111.0000000000,-136.3343658447
15812476.0000000000,-136.3515472412
15848925.0000000000,-136.3773498535
15885475.0000000000,-136.4041595459
15922092.0000000000,-136.4229431152
15958794.0000000000,-136.4229431152
15995580.0000000000,-136.4229431152
16032451.0000000000,-136.4229431152
16069407.0000000000,-136.4397735596
16106448.0000000000,-136.4481964111
16143592.0000000000,-136.4721832275
16180804.0000000000,-136.4808349609
16218102.0000000000,-136.4885559082
16255486.0000000000,-136.4970245361
16292956.0000000000,-136.5234680176
16330513.0000000000,-136.5470123291
16368174.0000000000,-136.5534362793
16405903.0000000000,-136.5612335205
16443720.0000000000,-136.6287231445
16481624.0000000000,-136.6404418945
16519616.0000000000,-136.7219696045
16557694.0000000000,-136.7948150635
16595861.0000000000,-136.8056335449
16634134.0000000000,-136.8292083740
16672477.0000000000,-136.8292083740
16710908.0000000000,-136.8292083740
16749428.0000000000,-136.8292083740
16788036.0000000000,-136.9143981934
16826734.0000000000,-136.9171752930
16865540.0000000000,-136.9541625977
16904416.0000000000,-136.9600982666
16943382.0000000000,-136.9772949219
16982438.0000000000,-137.0078430176
17021582.0000000000,-137.0178070068
17060818.0000000000,-137.0307464600
17100146.0000000000,-137.0606079102
17139582.0000000000,-137.0692443848
17179090.0000000000,-137.0762939453
17218688.0000000000,-137.1066589355
17258378.0000000000,-137.1066589355
17298160.0000000000,-137.1066589355
17338034.0000000000,-137.1066589355
17378000.0000000000,-137.1066589355
17418076.0000000000,-137.1242675781
17458226.0000000000,-137.1477050781
17498468.0000000000,-137.2021026611
17538804.0000000000,-137.2095489502
17579232.0000000000,-137.2262573242
17619752.0000000000,-137.2420501709
17660388.0000000000,-137.2866210938
17701096.0000000000,-137.2959442139
17741898.0000000000,-137.3125305176
17782794.0000000000,-137.3671569824
17823784.0000000000,-137.3686828613
17864870.0000000000,-137.4241027832
17906050.0000000000,-137.4433135986
17947344.0000000000,-137.4449462891
17988714.0000000000,-137.4464569092
18030180.0000000000,-137.5355529785
18071740.0000000000,-137.5833740234
18113396.0000000000,-137.5833740234
18155150.0000000000,-137.5833740234
18197018.0000000000,-137.5833740234
18238964.0000000000,-137.6062622070
18281006.0000000000,-137.6510620117
18323144.0000000000,-137.6645507813
18365380.0000000000,-137.6799468994
18407714.0000000000,-137.6967163086
18450146.0000000000,-137.7242126465
18492694.0000000000,-137.7389678955
18535322.0000000000,-137.7389678955
18578046.0000000000,-137.7389678955
18620870.0000000000,-137.7389678955
18663792.0000000000,-137.7483673096
18706814.0000000000,-137.7722778320
18749934.0000000000,-137.8157501221
18793176.0000000000,-137.8565368652
18836496.0000000000,-137.8655548096
18879914.0000000000,-137.9191741943
18923434.0000000000,-137.9500274658
18967054.0000000000,-137.9552612305
19010774.0000000000,-137.9608612061
19054616.0000000000,-137.9608612061
19098538.0000000000,-137.9608612061
19142562.0000000000,-137.9608612061
19186688.0000000000,-137.9797515869
19230914.0000000000,-137.9975280762
19275242.0000000000,-138.0030517578
19319674.0000000000,-138.0054779053
19364228.0000000000,-138.0224609375
19408864.0000000000,-138.0311431885
19453602.0000000000,-138.0372161865
19498444.0000000000,-138.1357116699
19543390.0000000000,-138.1541137695
19588438.0000000000,-138.2501220703
19633612.0000000000,-138.2501220703
19678870.0000000000,-138.2501220703
19724230.0000000000,-138.2501220703
19769696.0000000000,-138.2501220703
19815268.0000000000,-138.2501220703
19860942.0000000000,-138.2501220703
19906724.0000000000,-138.2501220703
19952632.0000000000,-138.2501220703
19998624.0000000000,-138.2501220703
20044722.0000000000,-138.2501220703
20090926.0000000000,-138.2703094482
20137238.0000000000,-138.2703094482
20183656.0000000000,-138.2703094482
20230202.0000000000,-138.2703094482
20276834.0000000000,-138.2703094482
20323574.0000000000,-138.3130035400
20370422.0000000000,-138.4092712402
20417376.0000000000,-138.4951019287
20464440.0000000000,-138.5087585449
20511612.0000000000,-138.5437164307
20558916.0000000000,-138.5681304932
20606306.0000000000,-138.5693969727
20653804.0000000000,-138.6162261963
20701412.0000000000,-138.6514129639
20749130.0000000000,-138.6740875244
20796960.0000000000,-138.7134857178
20844898.0000000000,-138.7388610840
20892970.0000000000,-138.7592926025
20941130.0000000000,-138.7967224121
20989400.0000000000,-138.8015289307
21037782.0000000000,-138.8462982178
21086276.0000000000,-138.8462982178
21134882.0000000000,-138.8462982178
21183622.0000000000,-138.8462982178
21232452.0000000000,-138.8462982178
21281394.0000000000,-138.8462982178
21330448.0000000000,-138.8462982178
21379618.0000000000,-138.8462982178
21428898.0000000000,-138.8424987793
21478294.0000000000,-138.8424987793
21527826.0000000000,-138.8462982178
21577450.0000000000,-138.8591156006
21627188.0000000000,-138.9137573242
21677040.0000000000,-138.9157409668
21727006.0000000000,-138.9396362305
21777088.0000000000,-138.9823303223
21827310.0000000000,-139.0202026367
21877624.0000000000,-139.0786743164
21928054.0000000000,-139.1096038818
21978600.0000000000,-139.2477569580
22029262.0000000000,-139.2513122559
22080040.0000000000,-139.2553558350
22130936.0000000000,-139.2820587158
22181974.0000000000,-139.2955474854
22233106.0000000000,-139.2955474854
22284354.0000000000,-139.3546447754
22335722.0000000000,-139.5153503418
22387206.0000000000,-139.5691375732
22438810.0000000000,-139.5723419189
22490558.0000000000,-139.6395874023
22542400.0000000000,-139.6395874023
22594362.0000000000,-139.6395874023
22646444.0000000000,-139.6395874023
22698646.0000000000,-139.6669616699
22750968.0000000000,-139.6711578369
22803410.0000000000,-139.7299194336
22855998.0000000000,-139.6711578369
22908684.0000000000,-139.6669616699
22961490.0000000000,-139.6395874023
23014418.0000000000,-139.6163635254
23067468.0000000000,-139.6163635254
23120640.0000000000,-139.6163635254
23173934.0000000000,-139.6163635254
23227378.0000000000,-139.6163635254
23280918.0000000000,-139.6163635254
23334582.0000000000,-139.6163635254
23388370.0000000000,-139.5856018066
23442282.0000000000,-139.5856018066
23496318.0000000000,-139.5856018066
23550504.0000000000,-139.5856018066
23604790.0000000000,-139.5856018066
23659200.0000000000,-139.6163635254
23713738.0000000000,-139.6395874023
23768398.0000000000,-139.6163635254
23823186.0000000000,-139.5856018066
23878100.0000000000,-139.5856018066
23933168.0000000000,-139.5856018066
23988336.0000000000,-139.5856018066
24043630.0000000000,-139.5856018066
24099052.0000000000,-139.5856018066
24154602.0000000000,-139.5607452393
24210280.0000000000,-139.4323425293
24266114.0000000000,-139.3827972412
24322048.0000000000,-139.3816375732
24378112.0000000000,-139.3781127930
24434306.0000000000,-139.3622589111
24490628.0000000000,-139.3133087158
24547082.0000000000,-139.3133087158
24603664.0000000000,-139.3133087158
24660404.0000000000,-139.3133087158
24717248.0000000000,-139.3133087158
24774224.0000000000,-139.3133087158
24831330.0000000000,-139.3207244873
24888568.0000000000,-139.3207244873
24945938.0000000000,-139.3207244873
25003440.0000000000,-139.3207244873
25061102.0000000000,-139.3207244873
25118870.0000000000,-139.3207244873
25176770.0000000000,-139.3622589111
25234804.0000000000,-139.3781127930
25292972.0000000000,-139.3827972412
25351274.0000000000,-139.4323425293
25409740.0000000000,-139.5046539307
25468310.0000000000,-139.5046539307
25527016.0000000000,-139.5302429199
25585858.0000000000,-139.5607452393
25644836.0000000000,-139.6488342285
25703948.0000000000,-139.6707458496
25763198.0000000000,-139.6729278564
25822612.0000000000,-139.6729278564
25882136.0000000000,-139.6729278564
25941796.0000000000,-139.7102355957
26001594.0000000000,-139.7210845947
26061528.0000000000,-139.7559051514
26121602.0000000000,-139.7976074219
26181844.0000000000,-139.8938751221
26242194.0000000000,-139.9447937012
26302684.0000000000,-139.9447937012
26363314.0000000000,-139.9447937012
26424084.0000000000,-140.1276855469
26484992.0000000000,-140.1416168213
26546042.0000000000,-140.1416168213
26607262.0000000000,-140.1416168213
26668594.0000000000,-140.1416168213
26730066.0000000000,-140.4781036377
26791682.0000000000,-140.5920104980
26853438.0000000000,-140.5920104980
26915338.0000000000,-140.5920104980
26977408.0000000000,-140.5920104980
27039594.0000000000,-140.5920104980
27101922.0000000000,-140.5920104980
27164394.0000000000,-140.5920104980
27227010.0000000000,-140.5920104980
27289770.0000000000,-140.6221923828
27352674.0000000000,-140.6221923828
27415754.0000000000,-140.6221923828
27478950.0000000000,-140.6221923828
27542290.0000000000,-140.6221923828
27605778.0000000000,-140.6221923828
27669410.0000000000,-140.6221923828
27733190.0000000000,-140.5920104980
27797118.0000000000,-140.5306091309
27861222.0000000000,-140.5306091309
27925444.0000000000,-140.5306091309
27989814.0000000000,-140.5306091309
28054334.0000000000,-140.5306091309
28119000.0000000000,-140.5079650879
28183816.0000000000,-140.4781036377
28248814.0000000000,-140.4538269043
28313930.0000000000,-140.4497985840
28379194.0000000000,-140.4497985840
28444610.0000000000,-140.4538269043
28510178.0000000000,-140.4538269043
28575896.0000000000,-140.4538269043
28641766.0000000000,-140.4538269043
28707818.0000000000,-140.4538269043
28773992.0000000000,-140.4538269043
28840318.0000000000,-140.4538269043
28906796.0000000000,-140.4538269043
28973428.0000000000,-140.4538269043
29040214.0000000000,-140.4538269043
29107186.0000000000,-140.4538269043
29174280.0000000000,-140.4781036377
29241530.0000000000,-140.5079650879
29308932.0000000000,-140.5306091309
29376492.0000000000,-140.5920104980
29444208.0000000000,-140.7539367676
29512078.0000000000,-141.2431335449
29580138.0000000000,-141.3472747803
29648322.0000000000,-141.5917816162
29716664.0000000000,-141.7634124756
29785162.0000000000,-141.7634124756
29853820.0000000000,-141.7634124756
29922634.0000000000,-141.7634124756
29991642.0000000000,-141.7634124756
30060774.0000000000,-141.7634124756
30130066.0000000000,-141.7634124756
30199518.0000000000,-141.7634124756
30269130.0000000000,-141.3863677979
30338904.0000000000,-141.3863677979
30408836.0000000000,-141.8141937256
30478964.0000000000,-141.8517303467
30549220.0000000000,-141.9032287598
30619638.0000000000,-141.9548950195
30690220.0000000000,-142.0287628174
30760962.0000000000,-142.1658630371
30831868.0000000000,-142.2075653076
30902938.0000000000,-142.2095336914
30974206.0000000000,-142.2854766846
31045604.0000000000,-142.5504760742
31117166.0000000000,-142.6244964600
31188892.0000000000,-142.9958801270
31260786.0000000000,-143.1036682129
31332844.0000000000,-143.2161712646
31405102.0000000000,-143.2161712646
31477494.0000000000,-143.1036682129
31550052.0000000000,-142.9954986572
31622776.0000000000,-142.7688293457
31695670.0000000000,-142.6244964600
31768730.0000000000,-142.5504760742
31841960.0000000000,-142.5058593750
31915392.0000000000,-142.2854766846
31988960.0000000000,-142.2095336914
32062696.0000000000,-142.2075653076
32136604.0000000000,-142.2075653076
32210680.0000000000,-142.2075653076
32284928.0000000000,-142.2075653076
32359382.0000000000,-142.2075653076
32433974.0000000000,-142.1585388184
32508736.0000000000,-141.8517303467
32583670.0000000000,-141.8141937256
32658778.0000000000,-141.6800231934
32734060.0000000000,-141.6800231934
32809514.0000000000,-141.6800231934
32885178.0000000000,-141.6800231934
32960980.0000000000,-141.6800231934
33036958.0000000000,-141.6800231934
33113110.0000000000,-141.7093048096
33189438.0000000000,-141.8141937256
33265942.0000000000,-141.8793029785
33342624.0000000000,-142.1371612549
33419516.0000000000,-142.1371612549
33496552.0000000000,-142.1371612549
33573764.0000000000,-142.1371612549
33651152.0000000000,-142.1371612549
33728720.0000000000,-142.1371612549
33806468.0000000000,-142.1371612549
33884432.0000000000,-142.1371612549
33962536.0000000000,-142.1371612549
34040824.0000000000,-142.1371612549
34119292.0000000000,-142.1371612549
34197936.0000000000,-142.1371612549
34276768.0000000000,-142.1371612549
34355776.0000000000,-142.1371612549
34435008.0000000000,-142.1371612549
34514384.0000000000,-142.1371612549
34593940.0000000000,-142.1371612549
34673680.0000000000,-142.1371612549
34753608.0000000000,-142.1371612549
34833716.0000000000,-142.1371612549
34914048.0000000000,-142.2017822266
34994528.0000000000,-142.2118988037
35075192.0000000000,-142.2894592285
35156044.0000000000,-142.3388977051
35237080.0000000000,-142.4159393311
35318304.0000000000,-142.4956970215
35399716.0000000000,-142.6278839111
35481356.0000000000,-142.7136993408
35563140.0000000000,-142.7136993408
35645116.0000000000,-142.7136993408
35727280.0000000000,-142.7136993408
35809636.0000000000,-142.7136993408
35892180.0000000000,-142.7136993408
35974952.0000000000,-142.7136993408
36057876.0000000000,-142.7136993408
36140992.0000000000,-142.7136993408
36224300.0000000000,-142.7136993408
36307800.0000000000,-142.7136993408
36391492.0000000000,-142.7136993408
36475376.0000000000,-142.7136993408
36559496.0000000000,-142.7136993408
36643768.0000000000,-142.7136993408
36728236.0000000000,-142.7029876709
36812896.0000000000,-142.7029876709
36897752.0000000000,-142.7029876709
36982804.0000000000,-142.7029876709
37068052.0000000000,-142.7029876709
37153536.0000000000,-142.7029876709
37239180.0000000000,-142.6509094238
37325020.0000000000,-142.6509094238
37411056.0000000000,-142.6509094238
37497292.0000000000,-142.6509094238
37583724.0000000000,-142.6509094238
37670400.0000000000,-142.6509094238
37757232.0000000000,-142.6509094238
37844264.0000000000,-142.6352844238
37931500.0000000000,-142.5544128418
38018932.0000000000,-142.5544128418
38106568.0000000000,-142.5544128418
38194408.0000000000,-142.5544128418
38282492.0000000000,-142.5544128418
38370736.0000000000,-142.5544128418
38459180.0000000000,-142.5544128418
38547832.0000000000,-142.5544128418
38636688.0000000000,-142.5544128418
38725748.0000000000,-142.5544128418
38815056.0000000000,-142.5544128418
38904528.0000000000,-142.5544128418
38994204.0000000000,-142.5544128418
39084092.0000000000,-142.6352844238
39174180.0000000000,-142.6509094238
39264480.0000000000,-142.7029876709
39354988.0000000000,-142.7330474854
39445748.0000000000,-142.7556915283
39536672.0000000000,-142.7556915283
39627808.0000000000,-142.7556915283
39719152.0000000000,-142.7556915283
39810708.0000000000,-142.7556915283
39902476.0000000000,-142.7556915283
39994496.0000000000,-142.7556915283
40086688.0000000000,-142.7556915283
40179088.0000000000,-142.7556915283
40271704.0000000000,-142.8383941650
40364536.0000000000,-142.8865814209
40457576.0000000000,-142.9776611328
40550836.0000000000,-142.9966278076
40644352.0000000000,-142.9966278076
40738040.0000000000,-143.0548400879
40831944.0000000000,-143.2469024658
40926064.0000000000,-143.3009033203
41020404.0000000000,-143.3882904053
41114956.0000000000,-143.6896514893
41209732.0000000000,-144.2775726318
41304768.0000000000,-144.4280853271
41399976.0000000000,-144.7111816406
41495408.0000000000,-144.9448852539
41591056.0000000000,-144.9448852539
41686928.0000000000,-144.9448852539
41783020.0000000000,-145.0740966797
41879376.0000000000,-145.1146697998
41975912.0000000000,-145.1146697998
42072668.0000000000,-145.1146697998
42169652.0000000000,-145.1146697998
42266856.0000000000,-145.1146697998
42364284.0000000000,-145.1146697998
42461936.0000000000,-145.1146697998
42559860.0000000000,-145.1146697998
42657964.0000000000,-145.1146697998
42756292.0000000000,-145.3717193604
42854848.0000000000,-145.8321380615
42953632.0000000000,-145.8402862549
43052644.0000000000,-145.8402862549
43151932.0000000000,-145.8402862549
43251400.0000000000,-145.8402862549
43351096.0000000000,-145.8402862549
43451024.0000000000,-145.8402862549
43551180.0000000000,-145.8402862549
43651568.0000000000,-145.8402862549
43752188.0000000000,-145.8402862549
43853088.0000000000,-145.8402862549
43954176.0000000000,-145.8402862549
44055492.0000000000,-145.8402862549
44157044.0000000000,-145.8402862549
44258828.0000000000,-145.8402862549
44360848.0000000000,-145.8402862549
44463104.0000000000,-145.8321380615
44565644.0000000000,-145.4099578857
44668368.0000000000,-145.3717193604
44771332.0000000000,-145.1146697998
44874532.0000000000,-144.9448852539
44977972.0000000000,-144.8984680176
45081652.0000000000,-144.8984680176
45185616.0000000000,-144.8984680176
45289772.0000000000,-144.8984680176
45394168.0000000000,-144.8984680176
45498804.0000000000,-144.7555389404
45603684.0000000000,-144.7224578857
45708804.0000000000,-144.4275512695
45814164.0000000000,-144.3094482422
45919820.0000000000,-144.3094482422
46025668.0000000000,-144.3094482422
46131760.0000000000,-144.3094482422
46238100.0000000000,-144.3094482422
46344680.0000000000,-144.3094482422
46451508.0000000000,-144.3094482422
46558632.0000000000,-144.3094482422
46665956.0000000000,-144.3094482422
46773524.0000000000,-144.3094482422
46881340.0000000000,-144.3094482422
46989404.0000000000,-144.3094482422
47097716.0000000000,-144.3094482422
47206280.0000000000,-144.3094482422
47315148.0000000000,-144.3094482422
47424212.0000000000,-144.3094482422
47533528.0000000000,-144.3094482422
47643096.0000000000,-144.3094482422
47752916.0000000000,-144.3094482422
47862992.0000000000,-144.4275512695
47973372.0000000000,-144.4507904053
48083952.0000000000,-144.6609649658
48194788.0000000000,-145.0021057129
48305880.0000000000,-145.0021057129
48417232.0000000000,-145.0021057129
48528836.0000000000,-145.0021057129
48640696.0000000000,-145.0021057129
48752872.0000000000,-145.0021057129
48865252.0000000000,-145.0333251953
48977888.0000000000,-145.0431518555
49090784.0000000000,-145.1119689941
49203944.0000000000,-145.1888275146
49317364.0000000000,-145.2264251709
49431044.0000000000,-145.2490234375
49545040.0000000000,-145.2490234375
49659244.0000000000,-145.2490234375
49773712.0000000000,-145.2490234375
49888444.0000000000,-145.3899230957
50003440.0000000000,-145.5635223389
50118700.0000000000,-145.7841491699
50234284.0000000000,-146.1127929688
50350076.0000000000,-146.2219085693
50466136.0000000000,-146.2219085693
50582464.0000000000,-146.2219085693
50699060.0000000000,-146.2219085693
50815928.0000000000,-146.1127929688
50933060.0000000000,-145.5635223389
51050520.0000000000,-145.3899230957
51168196.0000000000,-145.3430786133
51286144.0000000000,-145.1888275146
51404360.0000000000,-145.1119689941
51522852.0000000000,-145.1119689941
51641616.0000000000,-145.1119689941
51760712.0000000000,-145.0758819580
51880024.0000000000,-145.0431518555
51999608.0000000000,-145.0333251953
52119472.0000000000,-145.0021057129
52239612.0000000000,-145.0021057129
52360028.0000000000,-145.0431518555
52480720.0000000000,-145.0758819580
52601752.0000000000,-145.1119689941
52723000.0000000000,-145.1888275146
52844532.0000000000,-145.3430786133
52966340.0000000000,-145.4094696045
53088432.0000000000,-145.7190093994
53210804.0000000000,-145.8436889648
53333520.0000000000,-145.9825439453
53456456.0000000000,-145.9825439453
53579676.0000000000,-145.9825439453
53703180.0000000000,-145.9825439453
53826972.0000000000,-145.8436889648
53951048.0000000000,-145.7714080811
54075408.0000000000,-145.7190093994
54200116.0000000000,-145.7190093994
54325048.0000000000,-145.7190093994
54450272.0000000000,-145.6088714600
54575784.0000000000,-145.6088714600
54701584.0000000000,-145.6088714600
54827676.0000000000,-145.6088714600
54954060.0000000000,-145.6088714600
55080792.0000000000,-145.6088714600
55207756.0000000000,-145.6088714600
55335016.0000000000,-145.5003509521
55462564.0000000000,-145.5003509521
55590412.0000000000,-145.5003509521
55718552.0000000000,-145.5003509521
55847048.0000000000,-145.5003509521
55975780.0000000000,-145.5003509521
56104808.0000000000,-145.5003509521
56234132.0000000000,-145.5003509521
56363756.0000000000,-145.5003509521
56493680.0000000000,-145.5003509521
56623900.0000000000,-145.4094696045
56754484.0000000000,-145.2636718750
56885308.0000000000,-145.2636718750
57016432.0000000000,-145.2636718750
57147860.0000000000,-145.2636718750
57279588.0000000000,-145.2636718750
57411624.0000000000,-145.2636718750
57544024.0000000000,-145.1576080322
57676668.0000000000,-144.6847534180
57809616.0000000000,-144.6547546387
57942872.0000000000,-143.8839874268
58076432.0000000000,-143.8264770508
58210304.0000000000,-143.8137359619
58344484.0000000000,-143.5718841553
58479036.0000000000,-143.5220947266
58613832.0000000000,-143.4584045410
58748944.0000000000,-143.4385223389
58884364.0000000000,-143.3649902344
59020096.0000000000,-143.3649902344
59156140.0000000000,-143.3649902344
59292500.0000000000,-143.3649902344
59429240.0000000000,-143.3649902344
59566228.0000000000,-143.2580413818
59703532.0000000000,-143.1995239258
59841152.0000000000,-143.1081695557
59979092.0000000000,-143.1081695557
60117348.0000000000,-143.1081695557
60255988.0000000000,-143.1081695557
60394884.0000000000,-143.1081695557
60534096.0000000000,-143.1081695557
60673632.0000000000,-143.1081695557
60813488.0000000000,-143.1081695557
60953668.0000000000,-143.1995239258
61094172.0000000000,-143.2580413818
61235064.0000000000,-143.3649902344
61376216.0000000000,-143.4385223389
61517692.0000000000,-143.4584045410
61659496.0000000000,-143.4584045410
61801624.0000000000,-143.4584045410
61944080.0000000000,-143.4584045410
62086936.0000000000,-143.4584045410
62230048.0000000000,-143.5077056885
62373496.0000000000,-143.6683044434
62517268.0000000000,-143.8643951416
62661376.0000000000,-143.8944549561
62805816.0000000000,-144.0057678223
62950588.0000000000,-144.2155914307
63095764.0000000000,-144.2657318115
63241204.0000000000,-144.2901763916
63386976.0000000000,-144.5261230469
63533088.0000000000,-144.5261230469
63679536.0000000000,-144.5261230469
63826324.0000000000,-144.5261230469
63973516.0000000000,-144.5261230469
64120980.0000000000,-144.5261230469
64268784.0000000000,-144.5261230469
64416928.0000000000,-144.5261230469
64565416.0000000000,-144.5261230469
64714244.0000000000,-144.5261230469
64863412.0000000000,-144.5261230469
65013000.0000000000,-144.5261230469
65162860.0000000000,-144.2901763916
65313064.0000000000,-144.3226013184
65463616.0000000000,-144.3226013184
65614512.0000000000,-144.3226013184
65765760.0000000000,-144.3226013184
65917356.0000000000,-144.3908233643
66069372.0000000000,-144.3908233643
66221664.0000000000,-144.3908233643
66374312.0000000000,-144.3908233643
66527308.0000000000,-144.3908233643
66680660.0000000000,-144.3908233643
66834364.0000000000,-144.3908233643
66988492.0000000000,-144.3908233643
67142904.0000000000,-144.3908233643
67297680.0000000000,-144.3908233643
67452800.0000000000,-144.5267333984
67608288.0000000000,-144.6457977295
67764128.0000000000,-144.7152099609
67920328.0000000000,-144.8133392334
68076968.0000000000,-144.8133392334
68233888.0000000000,-144.8133392334
68391168.0000000000,-145.5554809570
68548816.0000000000,-145.5794525146
68706824.0000000000,-145.5794525146
68865200.0000000000,-145.5554809570
69024016.0000000000,-145.3859710693
69183120.0000000000,-145.3859710693
69342592.0000000000,-145.5554809570
69502432.0000000000,-145.5554809570
69662640.0000000000,-145.5554809570
69823216.0000000000,-145.5794525146
69984168.0000000000,-145.5794525146
70145560.0000000000,-145.5794525146
70307248.0000000000,-145.5794525146
70469312.0000000000,-145.5794525146
70631752.0000000000,-145.5831909180
70794560.0000000000,-145.7367095947
70957752.0000000000,-145.7367095947
71121392.0000000000,-145.7367095947
71285328.0000000000,-145.7367095947
71449648.0000000000,-145.7367095947
71614344.0000000000,-145.7367095947
71779424.0000000000,-145.7367095947
71944880.0000000000,-145.7367095947
72110712.0000000000,-146.2929229736
72277016.0000000000,-146.2929229736
72443616.0000000000,-146.2929229736
72610608.0000000000,-146.2504882813
72777976.0000000000,-145.7367095947
72945736.0000000000,-145.7367095947
73113880.0000000000,-145.7367095947
73282416.0000000000,-145.7367095947
73451416.0000000000,-145.7367095947
73620728.0000000000,-145.7367095947
73790432.0000000000,-145.7367095947
73960520.0000000000,-145.7367095947
74131008.0000000000,-145.7367095947
74301880.0000000000,-145.5831909180
74473232.0000000000,-145.5794525146
74644904.0000000000,-145.5831909180
74816960.0000000000,-145.5831909180
74989424.0000000000,-145.4612731934
75162280.0000000000,-145.4612731934
75335528.0000000000,-145.4612731934
75509184.0000000000,-145.4552764893
75683320.0000000000,-145.4552764893
75857776.0000000000,-145.4552764893
76032632.0000000000,-145.4552764893
76207896.0000000000,-145.4061584473
76383560.0000000000,-145.1460723877
76559632.0000000000,-145.1460723877
76736192.0000000000,-145.0386352539
76913072.0000000000,-145.0386352539
77090360.0000000000,-145.0386352539
77268064.0000000000,-145.0386352539
77446168.0000000000,-145.0386352539
77624688.0000000000,-145.0386352539
77803616.0000000000,-145.0386352539
77983048.0000000000,-145.0386352539
78162800.0000000000,-145.4061584473
78342976.0000000000,-145.4552764893
78523560.0000000000,-145.4612731934
78704560.0000000000,-145.5568695068
78885984.0000000000,-145.5568695068
79067816.0000000000,-145.5568695068
79250160.0000000000,-145.4612731934
79432840.0000000000,-145.4612731934
79615936.0000000000,-145.5568695068
79799456.0000000000,-145.5568695068
79983400.0000000000,-145.5568695068
80167768.0000000000,-145.4612731934
80352648.0000000000,-145.4552764893
80537872.0000000000,-145.4552764893
80723512.0000000000,-145.4061584473
80909592.0000000000,-145.0362548828
81096088.0000000000,-144.7928161621
81283024.0000000000,-144.7393798828
81470384.0000000000,-144.7393798828
81658272.0000000000,-144.7393798828
81846496.0000000000,-144.7393798828
82035160.0000000000,-144.7393798828
82224256.0000000000,-144.7393798828
82413792.0000000000,-144.7141418457
82603760.0000000000,-144.5675964355
82794256.0000000000,-144.5675964355
82985104.0000000000,-144.7141418457
83176392.0000000000,-144.7928161621
83368120.0000000000,-144.9095458984
83560288.0000000000,-145.0289459229
83752904.0000000000,-145.0362548828
83945960.0000000000,-145.5389862061
84139552.0000000000,-145.5389862061
84333496.0000000000,-145.5389862061
84527896.0000000000,-145.5389862061
84722736.0000000000,-145.5389862061
84918032.0000000000,-145.5389862061
85113768.0000000000,-145.5389862061
85310056.0000000000,-145.0289459229
85506704.0000000000,-144.9095458984
85703800.0000000000,-144.7928161621
85901352.0000000000,-144.7141418457
86099360.0000000000,-144.7141418457
86297832.0000000000,-144.7141418457
86496752.0000000000,-144.7141418457
86696224.0000000000,-144.7928161621
86896072.0000000000,-144.9095458984
87096368.0000000000,-145.0289459229
87297136.0000000000,-145.0289459229
87498360.0000000000,-145.0289459229
87700048.0000000000,-145.2223815918
87902208.0000000000,-145.3442382813
88104920.0000000000,-145.3442382813
88308008.0000000000,-145.3442382813
88511568.0000000000,-145.3442382813
88715592.0000000000,-145.4723510742
88920088.0000000000,-145.5389862061
89125056.0000000000,-145.5992584229
89330592.0000000000,-145.9754943848
89536504.0000000000,-145.5992584229
89742896.0000000000,-145.5992584229
89949760.0000000000,-145.5992584229
90157096.0000000000,-145.5992584229
90364920.0000000000,-145.5992584229
90573216.0000000000,-145.5992584229
90782088.0000000000,-145.5992584229
90991352.0000000000,-145.8836517334
91201088.0000000000,-145.9754943848
91411320.0000000000,-145.9754943848
91622024.0000000000,-145.9754943848
91833224.0000000000,-145.9754943848
92045008.0000000000,-145.8857421875
92257176.0000000000,-145.8836517334
92469832.0000000000,-145.6333923340
92682984.0000000000,-145.8836517334
92896624.0000000000,-145.8857421875
93110760.0000000000,-145.9754943848
93325384.0000000000,-145.9754943848
93540608.0000000000,-146.0171661377
93756224.0000000000,-146.1006469727
93972344.0000000000,-146.1807861328
94188952.0000000000,-146.1825256348
94406064.0000000000,-146.5417022705
94623680.0000000000,-146.5417022705
94841896.0000000000,-146.1825256348
95060512.0000000000,-146.1825256348
95279640.0000000000,-146.1807861328
95499264.0000000000,-146.1807861328
95719392.0000000000,-146.1807861328
95940032.0000000000,-146.1807861328
96161184.0000000000,-146.1825256348
96382952.0000000000,-146.3822784424
96605120.0000000000,-146.4826965332
96827800.0000000000,-146.5417022705
97050992.0000000000,-146.5417022705
97274704.0000000000,-146.5417022705
97498928.0000000000,-146.5587768555
97723672.0000000000,-146.7595825195
97949040.0000000000,-146.5587768555
98174816.0000000000,-146.5587768555
98401120.0000000000,-146.8637695313
98627936.0000000000,-146.9616699219
98855280.0000000000,-146.8637695313
99083152.0000000000,-146.8637695313
99311656.0000000000,-146.8637695313
99540576.0000000000,-146.8637695313
99770024.0000000000,-146.8637695313
100000000.0000000000,-146.8637695313
