Type,FSWP-50
Version,3.02SP1
Date,03.Jul 2026
VSupply,ON
Mode,Voltage
Voltage Set,0.6000000000,V
Voltage Min,0.0000000000,V
Voltage Max,0.6500000000,V
Voltage Meas,0.6078905383,V
Current Max,20.0000000000,mA
Current Meas,19.5470042509,mA
VTune,OFF
Voltage Set,0.0000000000,V
Voltage Min,0.0000000000,V
Voltage Max,0.0100000000,V
Voltage Meas,-0.0246106059,V
Current Max,20.0000000000,mA
Current Meas,0.1476060881,mA
VAux,OFF
Voltage Set,0.0000000000,V
Voltage Min,-10.0000000000,V
Voltage Max,10.0000000000,V
Voltage Meas,-0.0104479488,V
Current Max,100.0000000000,mA
Current Meas,-0.0737325397,mA
Mode,Phase Noise
Measurement,Phase Noise
Input,RF
RF Att,0.0000000000,dB
Coupling,AC
RBW,2.0000000000,%
XCORR Factor,1000
XCORR Optimize,ON
Estimated Meas Time,3.7457527981,s
Sweep Count,5
Signal Frequency,19637789861.2922897339,Hz
Signal Level,-15.2615000000,dBm
Start,10000.0000000000,Hz
Stop,100000000.0000000000,Hz
SubSweep,1
Start,10000.0000000000,Hz
Stop,30000.0000000000,Hz
RBW,600.0000000000,Hz
XCORR Count,1000
SubSweep,2
Start,30000.0000000000,Hz
Stop,100000.0000000000,Hz
RBW,600.0000000000,Hz
XCORR Count,1000
SubSweep,3
Start,100000.0000000000,Hz
Stop,300000.0000000000,Hz
RBW,2000.0000000000,Hz
XCORR Count,3300
SubSweep,4
Start,300000.0000000000,Hz
Stop,1000000.0000000000,Hz
RBW,6000.0000000000,Hz
XCORR Count,10000
SubSweep,5
Start,1000000.0000000000,Hz
Stop,3000000.0000000000,Hz
RBW,20000.0000000000,Hz
XCORR Count,10000
SubSweep,6
Start,3000000.0000000000,Hz
Stop,10000000.0000000000,Hz
RBW,60000.0000000000,Hz
XCORR Count,10000
SubSweep,7
Start,10000000.0000000000,Hz
Stop,30000000.0000000000,Hz
RBW,200000.0000000000,Hz
XCORR Count,10000
SubSweep,8
Start,30000000.0000000000,Hz
Stop,100000000.0000000000,Hz
RBW,600000.0000000000,Hz
XCORR Count,10000
Integrated Measurements Range,1
Start,10000.0000000000,Hz
Stop,100000000.0000000000,Hz
Weighting,OFF
Integrated Measurements Range,2
Start,10000.0000000000,Hz
Stop,100000000.0000000000,Hz
Weighting,OFF
Integrated Measurements Range,3
Start,10000.0000000000,Hz
Stop,100000000.0000000000,Hz
Weighting,OFF
Integrated Measurements Range,4
Start,10000.0000000000,Hz
Stop,100000000.0000000000,Hz
Weighting,OFF
Integrated Measurements Range,5
Start,10000.0000000000,Hz
Stop,100000000.0000000000,Hz
Weighting,OFF
Integrated Measurements Range,6
Start,10000.0000000000,Hz
Stop,100000000.0000000000,Hz
Weighting,OFF
Integrated Measurements Range,7
Start,10000.0000000000,Hz
Stop,100000000.0000000000,Hz
Weighting,OFF
Integrated Measurements Range,8
Start,10000.0000000000,Hz
Stop,100000000.0000000000,Hz
Weighting,OFF
Integrated Measurements Range,9
Start,10000.0000000000,Hz
Stop,100000000.0000000000,Hz
Weighting,OFF
Integrated Measurements Range,10
Start,10000.0000000000,Hz
Stop,100000000.0000000000,Hz
Weighting,OFF
Spot Noise Decade Edges,OFF
Spot Noise User Defined,ON
Spot Noise User Defined Offset,1
State,OFF
Offset,1000.0000000000,Hz
Spot Noise User Defined Offset,2
State,OFF
Offset,10000.0000000000,Hz
Spot Noise User Defined Offset,3
State,ON
Offset,100000.0000000000,Hz
Spot Noise User Defined Offset,4
State,ON
Offset,1000000.0000000000,Hz
Spot Noise User Defined Offset,5
State,ON
Offset,10000000.0000000000,Hz
Spot Noise User Defined Offset,6
State,OFF
Offset,100000000.0000000000,Hz
Window,1,Noise Spectrum
Trace,1
Trace Mode,CLR/WRITE
Trace Result,PN
Smoothing,ON
Smoothing Value,1.0000000000,%
Spurious Removal,ON
Spurious Removal Threshold,6.0000000000,dB
Trace Offset,OFF
Trace Offset,0.0000000000,dB
Trace Label,OFF
Trace Label,Trace 1
x-Unit,Hz
y-Unit,dBc/Hz
Values,4001
10000.0000000000,-54.9313240051
10023.0507812500,-54.9619560242
10046.1542968750,-54.9925918579
10069.3115234375,-55.0232238770
10092.5332031250,-55.0565872192
10115.7968750000,-55.0901184082
10139.1152343750,-55.1236534119
10162.4863281250,-55.1571846008
10185.9111328125,-55.1914367676
10209.3906250000,-55.2262268066
10232.9355468750,-55.2610321045
10256.5234375000,-55.2958221436
10280.1650390625,-55.3308258057
10303.8613281250,-55.3664779663
10327.6123046875,-55.4021339417
10351.4189453125,-55.4377861023
10375.2792968750,-55.4734382629
10399.2060546875,-55.5100440979
10423.1777343750,-55.5466651917
10447.2031250000,-55.5832786560
10471.2851562500,-55.6198997498
10495.4218750000,-55.6565093994
10519.6152343750,-55.6931190491
10543.8632812500,-55.7297286987
10568.1787109375,-55.7663536072
10592.5400390625,-55.8018188477
10616.9560546875,-55.8363037109
10641.4287109375,-55.8707885742
10665.9580078125,-55.9052734375
10690.5439453125,-55.9384651184
10715.1982421875,-55.9695816040
10739.8974609375,-56.0006790161
10764.6533203125,-56.0317802429
10789.4667968750,-56.0623397827
10814.3378906250,-56.0914039612
10839.2656250000,-56.1204643250
10864.2509765625,-56.1495246887
10889.3056640625,-56.1787834167
10914.4062500000,-56.2088356018
10939.5644531250,-56.2388839722
10964.7812500000,-56.2689361572
10990.0556640625,-56.2994079590
11015.3886718750,-56.3323249817
11040.7919921875,-56.3652572632
11066.2412109375,-56.3981742859
11091.7500000000,-56.4313735962
11117.3173828125,-56.4662322998
11142.9433593750,-56.5010910034
11168.6289062500,-56.5359497070
11194.3730468750,-56.5707054138
11220.1894531250,-56.6049957275
11246.0527343750,-56.6392745972
11271.9755859375,-56.6735496521
11297.9580078125,-56.7072792053
11324.0009765625,-56.7393684387
11350.1035156250,-56.7714576721
11376.2792968750,-56.8035583496
11402.5019531250,-56.8349876404
11428.7861328125,-56.8652153015
11455.1298828125,-56.8954391479
11481.5351562500,-56.9256668091
11508.0000000000,-56.9554595947
11534.5273437500,-56.9848136902
11561.1279296875,-57.0141830444
11587.7773437500,-57.0435371399
11614.4873046875,-57.0722885132
11641.2597656250,-57.1007423401
11668.0937500000,-57.1291961670
11694.9892578125,-57.1576499939
11721.9472656250,-57.1843185425
11748.9804687500,-57.2107353210
11776.0625000000,-57.2371406555
11803.2070312500,-57.2632179260
11830.4140625000,-57.2867279053
11857.6845703125,-57.3102378845
11885.0166015625,-57.3337516785
11912.4257812500,-57.3564491272
11939.8847656250,-57.3778305054
11967.4072265625,-57.3992118835
11994.9931640625,-57.4205894470
12022.6425781250,-57.4419517517
12050.3554687500,-57.4633026123
12078.1318359375,-57.4846534729
12105.9863281250,-57.5060615540
12133.8916015625,-57.5292968750
12161.8613281250,-57.5525283813
12189.8955078125,-57.5757598877
12217.9931640625,-57.5999183655
12246.1572265625,-57.6255340576
12274.3984375000,-57.6511611938
12302.6923828125,-57.6767768860
12331.0507812500,-57.7037200928
12359.4746093750,-57.7310218811
12387.9638671875,-57.7583274841
12416.5195312500,-57.7858238220
12445.1396484375,-57.8140449524
12473.8408203125,-57.8422813416
12502.5937500000,-57.8705024719
12531.4130859375,-57.8992729187
12560.2988281250,-57.9283180237
12589.2509765625,-57.9573631287
12618.2705078125,-57.9866065979
12647.3701171875,-58.0169754028
12676.5234375000,-58.0473327637
12705.7441406250,-58.0776863098
12735.0312500000,-58.1093215942
12764.3867187500,-58.1416091919
12793.8095703125,-58.1739006042
12823.2998046875,-58.2066535950
12852.8730468750,-58.2412643433
12882.4990234375,-58.2758598328
12912.1943359375,-58.3104591370
12941.9580078125,-58.3464088440
12971.7900390625,-58.3827705383
13001.6914062500,-58.4191322327
13031.6611328125,-58.4552917480
13061.7138671875,-58.4911117554
13091.8222656250,-58.5269203186
13122.0000000000,-58.5627250671
13152.2470703125,-58.5941123962
13182.5634765625,-58.6254158020
13212.9501953125,-58.6567192078
13243.4218750000,-58.6830863953
13273.9492187500,-58.7065086365
13304.5468750000,-58.7299270630
13335.2138671875,-58.7510375977
13365.9531250000,-58.7667579651
13396.7626953125,-58.7824783325
13427.6425781250,-58.7981948853
13458.6093750000,-58.8107032776
13489.6328125000,-58.8231964111
13520.7265625000,-58.8356895447
13551.8935546875,-58.8501052856
13583.1308593750,-58.8652648926
13614.4414062500,-58.8804244995
13645.8388671875,-58.8984031677
13677.2929687500,-58.9195785522
13708.8203125000,-58.9407539368
13740.4199218750,-58.9632186890
13772.0927734375,-58.9898033142
13803.8388671875,-59.0163917542
13835.6572265625,-59.0430717468
13867.5644531250,-59.0725593567
13899.5302734375,-59.1020355225
13931.5693359375,-59.1315116882
13963.6826171875,-59.1621093750
13995.8701171875,-59.1929054260
14028.1318359375,-59.2236976624
14060.4677734375,-59.2553329468
14092.8935546875,-59.2873573303
14125.3789062500,-59.3193702698
14157.9384765625,-59.3518524170
14190.5732421875,-59.3847198486
14223.2841796875,-59.4175834656
14256.0693359375,-59.4501647949
14288.9462890625,-59.4824066162
14321.8837890625,-59.5146331787
14354.8964843750,-59.5462532043
14387.9853515625,-59.5767669678
14421.1503906250,-59.6072807312
14454.3925781250,-59.6376457214
14487.7109375000,-59.6676254272
14521.1220703125,-59.6976165771
14554.5947265625,-59.7281112671
14588.1435546875,-59.7602806091
14621.7705078125,-59.7924499512
14655.4746093750,-59.8254356384
14689.2568359375,-59.8615341187
14723.1328125000,-59.8976516724
14757.0703125000,-59.9344062805
14791.0869140625,-59.9737319946
14825.1806640625,-60.0130577087
14859.3544921875,-60.0525894165
14893.6054687500,-60.0928611755
14927.9365234375,-60.1331329346
14962.3632812500,-60.1731605530
14996.8525390625,-60.2123870850
15031.4208984375,-60.2516136169
15066.0693359375,-60.2903366089
15100.7978515625,-60.3279418945
15135.6064453125,-60.3655471802
15170.5117187500,-60.4027481079
15205.4804687500,-60.4392547607
15240.5302734375,-60.4757614136
15275.6611328125,-60.5116920471
15310.8730468750,-60.5469932556
15346.1650390625,-60.5822944641
15381.5390625000,-60.6152343750
15417.0117187500,-60.6465682983
15452.5488281250,-60.6778907776
15488.1679687500,-60.7025032043
15523.8691406250,-60.7246017456
15559.6533203125,-60.7467041016
15595.5195312500,-60.7574348450
15631.4677734375,-60.7666091919
15667.5166015625,-60.7671699524
15703.6318359375,-60.7686958313
15739.8300781250,-60.7694511414
15776.1113281250,-60.7717323303
15812.4765625000,-60.7731018066
15848.9248046875,-60.7741851807
15885.4755859375,-60.7749252319
15922.0927734375,-60.7752685547
15958.7939453125,-60.7811584473
15995.5800781250,-60.7959060669
16032.4511718750,-60.8148193359
16069.4072265625,-60.8337326050
16106.4482421875,-60.8615493774
16143.5927734375,-60.8902206421
16180.8046875000,-60.9194335938
16218.1025390625,-60.9513053894
16255.4863281250,-60.9831733704
16292.9560546875,-61.0142974854
16330.5126953125,-61.0445137024
16368.1738281250,-61.0747413635
16405.9042968750,-61.1034774780
16443.7207031250,-61.1317100525
16481.6250000000,-61.1599960327
16519.6152343750,-61.1892013550
16557.6953125000,-61.2184104919
16595.8613281250,-61.2490425110
16634.1347656250,-61.2819900513
16672.4765625000,-61.3149185181
16710.9082031250,-61.3506660461
16749.4277343750,-61.3874664307
16788.0371093750,-61.4243927002
16826.7343750000,-61.4626464844
16865.5390625000,-61.5009117126
16904.4160156250,-61.5381050110
16943.3808593750,-61.5740585327
16982.4375000000,-61.6100196838
17021.5820312500,-61.6406745911
17060.8183593750,-61.6704254150
17100.1445312500,-61.6978340149
17139.5820312500,-61.7186431885
17179.0898437500,-61.7394409180
17218.6875000000,-61.7542495728
17258.3789062500,-61.7662963867
17298.1601562500,-61.7777366638
17338.0332031250,-61.7848129272
17378.0000000000,-61.7918853760
17418.0761718750,-61.7990913391
17458.2265625000,-61.8063888550
17498.4687500000,-61.8138351440
17538.8027343750,-61.8245697021
17579.2324218750,-61.8353080750
17619.7519531250,-61.8477134705
17660.3867187500,-61.8616333008
17701.0957031250,-61.8755683899
17741.8984375000,-61.8904342651
17782.7949218750,-61.9053039551
17823.7851562500,-61.9198493958
17864.8691406250,-61.9341125488
17906.0488281250,-61.9483642578
17947.3437500000,-61.9624061584
17988.7148437500,-61.9764480591
18030.1796875000,-61.9914360046
18071.7402343750,-62.0070648193
18113.3964843750,-62.0232734680
18155.1484375000,-62.0427474976
18197.0175781250,-62.0622291565
18238.9628906250,-62.0860404968
18281.0058593750,-62.1115531921
18323.1445312500,-62.1394271851
18365.3808593750,-62.1728553772
18407.7148437500,-62.2062835693
18450.1445312500,-62.2474136353
18492.6953125000,-62.2894973755
18535.3222656250,-62.3349952698
18578.0468750000,-62.3839225769
18620.8710937500,-62.4330787659
18663.7929687500,-62.4839019775
18706.8144531250,-62.5347290039
18749.9355468750,-62.5815582275
18793.1757812500,-62.6271018982
18836.4941406250,-62.6677436829
18879.9140625000,-62.7010612488
18923.4335937500,-62.7334480286
18967.0546875000,-62.7478103638
19010.7734375000,-62.7492446899
19054.6171875000,-62.7507553101
19098.5390625000,-62.7525177002
19142.5625000000,-62.7546081543
19186.6875000000,-62.7614059448
19230.9140625000,-62.7650032043
19275.2421875000,-62.7680625916
19319.6738281250,-62.7682876587
19364.2285156250,-62.7744102478
19408.8632812500,-62.7751846313
19453.6015625000,-62.7766952515
19498.4433593750,-62.7853927612
19543.3886718750,-62.8106575012
19588.4375000000,-62.8491096497
19633.6132812500,-62.8877525330
19678.8691406250,-62.9385490417
19724.2304687500,-62.9893493652
19769.6972656250,-63.0428543091
19815.2675781250,-63.0971679688
19860.9433593750,-63.1499671936
19906.7226562500,-63.2014617920
19952.6328125000,-63.2518005371
19998.6250000000,-63.2995376587
20044.7226562500,-63.3470954895
20090.9277343750,-63.3931083679
20137.2382812500,-63.4391212463
20183.6562500000,-63.4841995239
20230.2031250000,-63.5292053223
20276.8339843750,-63.5722122192
20323.5742187500,-63.6144485474
20370.4218750000,-63.6542320251
20417.3769531250,-63.6919403076
20464.4394531250,-63.7278213501
20511.6113281250,-63.7606620789
20558.9160156250,-63.7923393250
20606.3046875000,-63.8198013306
20653.8046875000,-63.8466796875
20701.4121093750,-63.8663825989
20749.1308593750,-63.8860855103
20796.9589843750,-63.8962707520
20844.8984375000,-63.9058570862
20892.9687500000,-63.9086456299
20941.1289062500,-63.9099082947
20989.4003906250,-63.9102439880
21037.7812500000,-63.9102668762
21086.2753906250,-63.9144706726
21134.8808593750,-63.9215240479
21183.6210937500,-63.9344787598
21232.4511718750,-63.9531402588
21281.3945312500,-63.9763641357
21330.4492187500,-64.0057601929
21379.6171875000,-64.0376358032
21428.8984375000,-64.0740814209
21478.2929687500,-64.1116333008
21527.8261718750,-64.1519546509
21577.4492187500,-64.1926956177
21627.1875000000,-64.2348480225
21677.0390625000,-64.2769012451
21727.0058593750,-64.3184967041
21777.0878906250,-64.3595123291
21827.3105468750,-64.3974456787
21877.6230468750,-64.4347000122
21928.0527343750,-64.4677200317
21978.5996093750,-64.5005645752
22029.2617187500,-64.5321578979
22080.0410156250,-64.5643463135
22130.9355468750,-64.6013031006
22181.9746093750,-64.6394348145
22233.1054687500,-64.6864700317
22284.3535156250,-64.7345199585
22335.7207031250,-64.7895812988
22387.2070312500,-64.8446273804
22438.8105468750,-64.8994979858
22490.5585937500,-64.9528427124
22542.4003906250,-64.9990463257
22594.3632812500,-65.0429077148
22646.4433593750,-65.0783996582
22698.6464843750,-65.1126480103
22750.9667968750,-65.1434783936
22803.4101562500,-65.1758422852
22855.9980468750,-65.2114410400
22908.6835937500,-65.2510223389
22961.4902343750,-65.2969055176
23014.4179687500,-65.3461227417
23067.4667968750,-65.3991928101
23120.6386718750,-65.4311981201
23173.9335937500,-65.4341735840
23227.3769531250,-65.4359893799
23280.9179687500,-65.4498519897
23334.5820312500,-65.4525604248
23388.3710937500,-65.4548645020
23442.2812500000,-65.4751663208
23496.3183593750,-65.4826126099
23550.5039062500,-65.4984970093
23604.7910156250,-65.5054016113
23659.2011718750,-65.5190887451
23713.7363281250,-65.5350723267
23768.3984375000,-65.5359802246
23823.1875000000,-65.5578536987
23878.1015625000,-65.5630950928
23933.1679687500,-65.5647125244
23988.3359375000,-65.5740051270
24043.6308593750,-65.5759963989
24099.0527343750,-65.6109924316
24154.6035156250,-65.6638336182
24210.2812500000,-65.7177429199
24266.1132812500,-65.7732315063
24322.0488281250,-65.8283386230
24378.1132812500,-65.8816909790
24434.3066406250,-65.9334640503
24490.6289062500,-65.9824523926
24547.0820312500,-66.0287780762
24603.6640625000,-66.0729675293
24660.4042968750,-66.1136932373
24717.2480468750,-66.1532821655
24774.2226562500,-66.1874694824
24831.3300781250,-66.2199249268
24888.5683593750,-66.2409896851
24945.9375000000,-66.2412185669
25003.4394531250,-66.2454681396
25061.1015625000,-66.2487335205
25118.8691406250,-66.2550048828
25176.7714843750,-66.2611923218
25234.8046875000,-66.2660827637
25292.9726562500,-66.2729187012
25351.2753906250,-66.2767028809
25409.7402343750,-66.2794799805
25468.3105468750,-66.2831802368
25527.0175781250,-66.2838973999
25585.8593750000,-66.3154983521
25644.8359375000,-66.3574600220
25703.9492187500,-66.4053421021
25763.1972656250,-66.4511108398
25822.6132812500,-66.4943161011
25882.1347656250,-66.5317687988
25941.7949218750,-66.5670928955
26001.5937500000,-66.5996780396
26061.5292968750,-66.6328964233
26121.6015625000,-66.6673889160
26181.8437500000,-66.7020645142
26242.1953125000,-66.7368240356
26302.6835937500,-66.7477416992
26363.3144531250,-66.7511978149
26424.0839843750,-66.7595214844
26484.9921875000,-66.7650375366
26546.0429687500,-66.7686309814
26607.2617187500,-66.7756195068
26668.5937500000,-66.7891235352
26730.0664062500,-66.7906570435
26791.6816406250,-66.8003540039
26853.4375000000,-66.8029861450
26915.3378906250,-66.8044662476
26977.4082031250,-66.8070297241
27039.5937500000,-66.8527603149
27101.9218750000,-66.9232940674
27164.3945312500,-67.0027847290
27227.0097656250,-67.0948104858
27289.7695312500,-67.1855239868
27352.6738281250,-67.2745437622
27415.7539062500,-67.3502426147
27478.9492187500,-67.4183349609
27542.2910156250,-67.4688491821
27605.7773437500,-67.5071868896
27669.4101562500,-67.5374526978
27733.1914062500,-67.5542907715
27797.1171875000,-67.5687408447
27861.2226562500,-67.5797271729
27925.4453125000,-67.5907897949
27989.8144531250,-67.6027297974
28054.3339843750,-67.6173858643
28119.0000000000,-67.6351776123
28183.8164062500,-67.6549301147
28248.8144531250,-67.6783599854
28313.9296875000,-67.7031936646
28379.1953125000,-67.7293014526
28444.6113281250,-67.7572860718
28510.1777343750,-67.7859649658
28575.8964843750,-67.8155441284
28641.7656250000,-67.8450546265
28707.8183593750,-67.8737106323
28773.9921875000,-67.9005661011
28840.3183593750,-67.9257354736
28906.7968750000,-67.9518127441
28973.4296875000,-67.9819030762
29040.2148437500,-68.0246505737
29107.1855468750,-68.0772247314
29174.2812500000,-68.1492843628
29241.5292968750,-68.2336807251
29308.9335937500,-68.3231887817
29376.4921875000,-68.4106597900
29444.2070312500,-68.4813461304
29512.0781250000,-68.5381164551
29580.1386718750,-68.5673294067
29648.3222656250,-68.5820617676
29716.6640625000,-68.5901565552
29785.1621093750,-68.5991363525
29853.8203125000,-68.6199569702
29922.6347656250,-68.6494445801
29991.6406250000,-68.6917495728
30060.7734375000,-68.7344894409
30130.0664062500,-68.7344894409
30199.5175781250,-68.7344894409
30269.1308593750,-68.7491073608
30338.9023437500,-68.7544631958
30408.8359375000,-68.7901916504
30478.9648437500,-68.7993850708
30549.2207031250,-68.8270874023
30619.6386718750,-68.8369293213
30690.2187500000,-68.8583068848
30760.9628906250,-68.8650588989
30831.8691406250,-68.8832626343
30902.9375000000,-68.8958816528
30974.2050781250,-68.9063644409
31045.6035156250,-68.9167404175
31117.1660156250,-68.9245376587
31188.8925781250,-68.9264373779
31260.7851562500,-68.9286804199
31332.8437500000,-68.9434890747
31405.1035156250,-68.9628372192
31477.4941406250,-68.9834518433
31550.0507812500,-68.9852600098
31622.7773437500,-69.0073547363
31695.6699218750,-69.0187683105
31768.7304687500,-69.0242385864
31841.9589843750,-69.0266494751
31915.3925781250,-69.0300292969
31988.9589843750,-69.1190719604
32062.6972656250,-69.1917953491
32136.6035156250,-69.2421112061
32210.6796875000,-69.2767486572
32284.9277343750,-69.3144378662
32359.3828125000,-69.3718032837
32433.9726562500,-69.4557876587
32508.7363281250,-69.5636520386
32583.6718750000,-69.6263961792
32658.7792968750,-69.6381683350
32734.0585937500,-69.6435089111
32809.5156250000,-69.6759185791
32885.1796875000,-69.6831283569
32960.9804687500,-69.6883010864
33036.9570312500,-69.7332916260
33113.1093750000,-69.7546081543
33189.4375000000,-69.7952957153
33265.9414062500,-69.8007049561
33342.6250000000,-69.8307800293
33419.5156250000,-69.8653106689
33496.5507812500,-69.8797073364
33573.7617187500,-69.8995895386
33651.1523437500,-69.9115524292
33728.7226562500,-69.9209899902
33806.4687500000,-69.9481658936
33884.4335937500,-69.9714660645
33962.5390625000,-69.9717788696
34040.8242187500,-69.9752655029
34119.2890625000,-69.9767608643
34197.9375000000,-70.0056457520
34276.7656250000,-70.0662078857
34355.7773437500,-70.1575775146
34435.0078125000,-70.2700271606
34514.3828125000,-70.3871002197
34593.9414062500,-70.4904022217
34673.6835937500,-70.4907226563
34753.6054687500,-70.4960632324
34833.7187500000,-70.5031661987
34914.0507812500,-70.5216064453
34994.5273437500,-70.5299606323
35075.1953125000,-70.5382919312
35156.0429687500,-70.5516662598
35237.0820312500,-70.5647277832
35318.3046875000,-70.5648956299
35399.7148437500,-70.5806427002
35481.3554687500,-70.5968246460
35563.1406250000,-70.5981826782
35645.1171875000,-70.6029510498
35727.2812500000,-70.6097106934
35809.6367187500,-70.6911392212
35892.1796875000,-70.7973785400
35974.9531250000,-70.8942108154
36057.8789062500,-70.9073944092
36140.9921875000,-70.9210815430
36224.3007812500,-70.9210891724
36307.8007812500,-70.9517440796
36391.4921875000,-70.9617614746
36475.3789062500,-70.9627761841
36559.4960937500,-70.9813690186
36643.7695312500,-70.9897155762
36728.2343750000,-71.0240402222
36812.8945312500,-71.0743331909
36897.7539062500,-71.1103363037
36982.8046875000,-71.1217346191
37068.0507812500,-71.1279449463
37153.5390625000,-71.1354980469
37239.1796875000,-71.1492691040
37325.0195312500,-71.1758422852
37411.0546875000,-71.1766510010
37497.2890625000,-71.1792526245
37583.7226562500,-71.1888275146
37670.3984375000,-71.2560958862
37757.2304687500,-71.2575988770
37844.2656250000,-71.2673034668
37931.5000000000,-71.2876129150
38018.9335937500,-71.3278427124
38106.5703125000,-71.3453598022
38194.4062500000,-71.3460922241
38282.4921875000,-71.4189987183
38370.7343750000,-71.4307403564
38459.1796875000,-71.4344787598
38547.8320312500,-71.4578018188
38636.6875000000,-71.5747528076
38725.7500000000,-71.6530685425
38815.0585937500,-71.6668701172
38904.5273437500,-71.6770706177
38994.2070312500,-71.7236709595
39084.0898437500,-71.7288208008
39174.1835937500,-71.7293167114
39264.4804687500,-71.7881393433
39354.9882812500,-71.7981567383
39445.7460937500,-71.8632659912
39536.6718750000,-71.8729400635
39627.8085937500,-71.8788452148
39719.1523437500,-71.9407882690
39810.7070312500,-71.9597625732
39902.4765625000,-71.9846267700
39994.4960937500,-72.0138320923
40086.6875000000,-72.0256881714
40179.0898437500,-72.0484619141
40271.7070312500,-72.0599517822
40364.5351562500,-72.0790634155
40457.5781250000,-72.1368865967
40550.8359375000,-72.1897277832
40644.3515625000,-72.2639083862
40738.0390625000,-72.3351745605
40831.9453125000,-72.3709869385
40926.0664062500,-72.3810195923
41020.4023437500,-72.3812713623
41114.9570312500,-72.3997879028
41209.7304687500,-72.4119567871
41304.7656250000,-72.4250106812
41399.9765625000,-72.4549026489
41495.4062500000,-72.4559020996
41591.0585937500,-72.4639739990
41686.9257812500,-72.4869918823
41783.0195312500,-72.4915847778
41879.3789062500,-72.5005035400
41975.9140625000,-72.5050354004
42072.6679687500,-72.5526809692
42169.6484375000,-72.6113891602
42266.8554687500,-72.6563415527
42364.2812500000,-72.6827011108
42461.9335937500,-72.7139282227
42559.8593750000,-72.7553787231
42657.9648437500,-72.8083724976
42756.2929687500,-72.8686752319
42854.8476562500,-72.9509506226
42953.6328125000,-73.0037918091
43052.6445312500,-73.0132980347
43151.9296875000,-73.0151977539
43251.3984375000,-73.0153732300
43351.0976562500,-73.0157775879
43451.0234375000,-73.0331039429
43551.1796875000,-73.0629196167
43651.5703125000,-73.0935668945
43752.1914062500,-73.1376876831
43853.0898437500,-73.1986541748
43954.1757812500,-73.3162384033
44055.4921875000,-73.4338455200
44157.0429687500,-73.4373092651
44258.8281250000,-73.4382629395
44360.8476562500,-73.4614257813
44463.1015625000,-73.4657974243
44565.6406250000,-73.4864425659
44668.3671875000,-73.5023269653
44771.3320312500,-73.5049667358
44874.5351562500,-73.5186080933
44977.9726562500,-73.5323104858
45081.6484375000,-73.5485916138
45185.6171875000,-73.5622711182
45289.7734375000,-73.5776214600
45394.1679687500,-73.5813369751
45498.8046875000,-73.5954895020
45603.6835937500,-73.5979461670
45708.8046875000,-73.6024322510
45814.1640625000,-73.6561889648
45919.8203125000,-73.8240585327
46025.6679687500,-73.9364700317
46131.7617187500,-74.0375137329
46238.0976562500,-74.0575332642
46344.6796875000,-74.0661849976
46451.5078125000,-74.0708312988
46558.6328125000,-74.0748367310
46665.9531250000,-74.0854339600
46773.5234375000,-74.0920562744
46881.3398437500,-74.1042785645
46989.4023437500,-74.1108245850
47097.7187500000,-74.1331939697
47206.2812500000,-74.1335220337
47315.1484375000,-74.1536483765
47424.2109375000,-74.1562652588
47533.5273437500,-74.1681900024
47643.0976562500,-74.1706924438
47752.9179687500,-74.1739273071
47862.9921875000,-74.1742401123
47973.3710937500,-74.1810989380
48083.9531250000,-74.2270660400
48194.7890625000,-74.2312927246
48305.8828125000,-74.2425155640
48417.2304687500,-74.2771301270
48528.8359375000,-74.4620208740
48640.6992187500,-74.6771316528
48752.8710937500,-74.8221588135
48865.2500000000,-74.8909454346
48977.8867187500,-74.9094009399
49090.7851562500,-74.9381713867
49203.9453125000,-74.9565734863
49317.3632812500,-74.9581146240
49431.0429687500,-74.9837799072
49545.0390625000,-74.9982604980
49659.2421875000,-74.9999084473
49773.7109375000,-75.0102005005
49888.4453125000,-75.0179519653
50003.4414062500,-75.0455169678
50118.7031250000,-75.0488510132
50234.2851562500,-75.0793380737
50350.0781250000,-75.0807647705
50466.1367187500,-75.0822982788
50582.4648437500,-75.0962371826
50699.0625000000,-75.1134796143
50815.9257812500,-75.1165618896
50933.0625000000,-75.1225509644
51050.5234375000,-75.1309127808
51168.1953125000,-75.1411056519
51286.1445312500,-75.1415481567
51404.3593750000,-75.1516189575
51522.8515625000,-75.2493209839
51641.6171875000,-75.3316497803
51760.7109375000,-75.3425521851
51880.0234375000,-75.3533096313
51999.6093750000,-75.3642425537
52119.4726562500,-75.4140243530
52239.6093750000,-75.4142684937
52360.0273437500,-75.4202957153
52480.7187500000,-75.4489135742
52601.7500000000,-75.5210571289
52723.0000000000,-75.6333847046
52844.5312500000,-75.7133483887
52966.3398437500,-75.7606048584
53088.4335937500,-75.7804336548
53210.8046875000,-75.8123321533
53333.5195312500,-75.8482971191
53456.4570312500,-75.8777465820
53579.6757812500,-75.8987197876
53703.1835937500,-75.9225387573
53826.9726562500,-75.9609603882
53951.0468750000,-76.0195693970
54075.4062500000,-76.0890655518
54200.1132812500,-76.1661987305
54325.0507812500,-76.2440490723
54450.2734375000,-76.3021926880
54575.7851562500,-76.3042755127
54701.5859375000,-76.3056488037
54827.6757812500,-76.3259277344
54954.0585937500,-76.3293609619
55080.7929687500,-76.3341827393
55207.7578125000,-76.3895416260
55335.0156250000,-76.4507064819
55462.5664062500,-76.4667816162
55590.4101562500,-76.4680557251
55718.5507812500,-76.4754562378
55847.0468750000,-76.5139389038
55975.7773437500,-76.6282806396
56104.8085937500,-76.6307907104
56234.1328125000,-76.6337738037
56363.7578125000,-76.6789169312
56493.6796875000,-76.6892776489
56623.9023437500,-76.7413635254
56754.4843750000,-76.7437973022
56885.3085937500,-76.7539215088
57016.4335937500,-76.7676391602
57147.8593750000,-76.7762756348
57279.5898437500,-76.8030166626
57411.6210937500,-76.8297195435
57544.0234375000,-76.8351211548
57676.6679687500,-76.8580017090
57809.6171875000,-76.8621749878
57942.8710937500,-76.8666610718
58076.4335937500,-76.8793563843
58210.3046875000,-76.8946990967
58344.4843750000,-76.8966064453
58479.0351562500,-76.9016571045
58613.8320312500,-76.9733200073
58748.9414062500,-77.0981369019
58884.3632812500,-77.1340408325
59020.0937500000,-77.1377334595
59156.1406250000,-77.1713485718
59292.5000000000,-77.1740493774
59429.2382812500,-77.1965484619
59566.2265625000,-77.2123489380
59703.5312500000,-77.2248535156
59841.1523437500,-77.2273483276
59979.0898437500,-77.2363433838
60117.3476562500,-77.2429199219
60255.9882812500,-77.3120498657
60394.8828125000,-77.3410110474
60534.0976562500,-77.3467788696
60673.6328125000,-77.3828506470
60813.4882812500,-77.3953170776
60953.6679687500,-77.4516754150
61094.1718750000,-77.4624023438
61235.0625000000,-77.4735183716
61376.2148437500,-77.5107116699
61517.6914062500,-77.5222167969
61659.4960937500,-77.6072692871
61801.6250000000,-77.6412506104
61944.0820312500,-77.6452026367
62086.9335937500,-77.6584777832
62230.0507812500,-77.7047576904
62373.4960937500,-77.7821350098
62517.2695312500,-77.8702087402
62661.3750000000,-77.9106063843
62805.8164062500,-77.9334869385
62950.5859375000,-77.9689559937
63095.7617187500,-78.0091629028
63241.2031250000,-78.0099411011
63386.9765625000,-78.0167541504
63533.0898437500,-78.0170288086
63679.5390625000,-78.0566177368
63826.3242187500,-78.0906066895
63973.5195312500,-78.1251449585
64120.9804687500,-78.2153091431
64268.7851562500,-78.3886871338
64416.9296875000,-78.4929504395
64565.4140625000,-78.5140838623
64714.2421875000,-78.5309448242
64863.4140625000,-78.5575408936
65013.0000000000,-78.5776138306
65162.8593750000,-78.6120681763
65313.0625000000,-78.6241378784
65463.6132812500,-78.6285324097
65614.5156250000,-78.6341400146
65765.7578125000,-78.6449661255
65917.3515625000,-78.6538696289
66069.3671875000,-78.6686477661
66221.6640625000,-78.6798400879
66374.3125000000,-78.6903991699
66527.3125000000,-78.6942596436
66680.6562500000,-78.7572937012
66834.3593750000,-78.7691116333
66988.4921875000,-78.7717056274
67142.9062500000,-78.8066864014
67297.6796875000,-78.8157119751
67452.8046875000,-78.8259429932
67608.2890625000,-78.8810577393
67764.1250000000,-78.9102783203
67920.3281250000,-78.9299392700
68076.9609375000,-78.9451751709
68233.8906250000,-78.9780578613
68391.1718750000,-79.2097015381
68548.8203125000,-79.2911682129
68706.8281250000,-79.3224792480
68865.2031250000,-79.3447570801
69024.0156250000,-79.3557586670
69183.1250000000,-79.3846969604
69342.5937500000,-79.3990554810
69502.4296875000,-79.4068984985
69662.6406250000,-79.4133377075
69823.2187500000,-79.4267120361
69984.1640625000,-79.4581527710
70145.5625000000,-79.4808120728
70307.2500000000,-79.4845809937
70469.3125000000,-79.4961853027
70631.7500000000,-79.4972991943
70794.5625000000,-79.5214462280
70957.7500000000,-79.5462188721
71121.3906250000,-79.5855789185
71285.3281250000,-79.5873184204
71449.6484375000,-79.6220779419
71614.3437500000,-79.6413879395
71779.4218750000,-79.6478881836
71944.8750000000,-79.6523895264
72110.7187500000,-79.6675262451
72277.0156250000,-79.6937103271
72443.6171875000,-79.7027893066
72610.6093750000,-79.7188568115
72777.9765625000,-79.7191238403
72945.7343750000,-79.8083114624
73113.8828125000,-79.8287048340
73282.4140625000,-79.8390274048
73451.4140625000,-79.9244918823
73620.7265625000,-79.9458694458
73790.4296875000,-80.0581207275
73960.5234375000,-80.1152801514
74131.0078125000,-80.1700897217
74301.8828125000,-80.2304687500
74473.2343750000,-80.3263092041
74644.8984375000,-80.3337631226
74816.9609375000,-80.3396224976
74989.4218750000,-80.3673858643
75162.2734375000,-80.3762893677
75335.5312500000,-80.3854217529
75509.1875000000,-80.3901824951
75683.3203125000,-80.3938217163
75857.7812500000,-80.4164733887
76032.6328125000,-80.4894104004
76207.8984375000,-80.4930496216
76383.5625000000,-80.5200271606
76559.6328125000,-80.5452651978
76736.1875000000,-80.5487747192
76913.0703125000,-80.5493621826
77090.3593750000,-80.5870285034
77268.0625000000,-80.6055908203
77446.1718750000,-80.6160049438
77624.6875000000,-80.6164474487
77803.6171875000,-80.7447280884
77983.0468750000,-80.7491989136
78162.8046875000,-80.7591171265
78342.9765625000,-80.7598419189
78523.5625000000,-80.7896499634
78704.5625000000,-80.8017501831
78885.9843750000,-80.8487854004
79067.8203125000,-80.8594360352
79250.1640625000,-80.9008636475
79432.8437500000,-80.9014129639
79615.9375000000,-80.9111099243
79799.4609375000,-80.9778671265
79983.4062500000,-81.0274963379
80167.7734375000,-81.0419616699
80352.6484375000,-81.0512161255
80537.8671875000,-81.0520248413
80723.5156250000,-81.0784454346
80909.5859375000,-81.0820465088
81096.0937500000,-81.0865631104
81283.0234375000,-81.0924301147
81470.3828125000,-81.0975265503
81658.2734375000,-81.1006240845
81846.5000000000,-81.1223678589
82035.1640625000,-81.1328201294
82224.2578125000,-81.1643600464
82413.7890625000,-81.1733627319
82603.7578125000,-81.1804504395
82794.2578125000,-81.2001419067
82985.1015625000,-81.2308197021
83176.3906250000,-81.2550354004
83368.1171875000,-81.3260879517
83560.2890625000,-81.4700775146
83752.8984375000,-81.6161270142
83945.9609375000,-81.6766357422
84139.5546875000,-81.6827239990
84333.5000000000,-81.7054061890
84527.8906250000,-81.7305374146
84722.7343750000,-81.7746582031
84918.0312500000,-81.7761154175
85113.7734375000,-81.7959899902
85310.0546875000,-81.8184585571
85506.7031250000,-81.8188247681
85703.8046875000,-81.8296508789
85901.3515625000,-81.8611373901
86099.3671875000,-81.8661270142
86297.8281250000,-81.8957748413
86496.7500000000,-81.8991928101
86696.2265625000,-81.9665985107
86896.0703125000,-81.9862289429
87096.3671875000,-82.0257034302
87297.1328125000,-82.0263214111
87498.3593750000,-82.0873336792
87700.0468750000,-82.1023330688
87902.2031250000,-82.1227035522
88104.9218750000,-82.1333465576
88308.0078125000,-82.1498489380
88511.5703125000,-82.1644058228
88715.5937500000,-82.1714706421
88920.0859375000,-82.1956329346
89125.0546875000,-82.2408218384
89330.5937500000,-82.4442672729
89536.5078125000,-82.4499816895
89742.8906250000,-82.4690628052
89949.7578125000,-82.4745178223
90157.1015625000,-82.4839782715
90364.9140625000,-82.4906539917
90573.2109375000,-82.5672149658
90782.0937500000,-82.5749740601
90991.3515625000,-82.5848693848
91201.0937500000,-82.5949172974
91411.3203125000,-82.6510543823
91622.0234375000,-82.6529541016
91833.2187500000,-82.7981796265
92045.0078125000,-82.8115081787
92257.1718750000,-82.8221740723
92469.8359375000,-82.8381805420
92682.9843750000,-82.8712081909
92896.6250000000,-82.9197463989
93110.7578125000,-82.9377822876
93325.3828125000,-83.0407638550
93540.6093750000,-83.1097946167
93756.2265625000,-83.1252822876
93972.3437500000,-83.1353454590
94188.9531250000,-83.1579589844
94406.0703125000,-83.1680603027
94623.6796875000,-83.2069702148
94841.8984375000,-83.2079162598
95060.5156250000,-83.2108306885
95279.6328125000,-83.2275161743
95499.2656250000,-83.2504196167
95719.3984375000,-83.2591018677
95940.0390625000,-83.2661437988
96161.1875000000,-83.2993469238
96382.9453125000,-83.2993698120
96605.1171875000,-83.3089141846
96827.7968750000,-83.3702087402
97050.9921875000,-83.3762512207
97274.7031250000,-83.4124069214
97498.9296875000,-83.4556350708
97723.6718750000,-83.6422348022
97949.0390625000,-83.7873687744
98174.8203125000,-83.7962722778
98401.1171875000,-83.7980117798
98627.9375000000,-83.8048934937
98855.2812500000,-83.8081207275
99083.1484375000,-83.8240356445
99311.6562500000,-83.8248977661
99540.5781250000,-83.8430709839
99770.0234375000,-83.8560028076
100000.0000000000,-83.8623352051
100230.5078125000,-83.8706817627
100461.5468750000,-83.8776855469
100693.1171875000,-83.8792343140
100925.3359375000,-83.8967361450
101157.9687500000,-83.9447860718
101391.1484375000,-83.9576492310
101624.8593750000,-83.9663543701
101859.1171875000,-83.9667663574
102093.9062500000,-83.9976654053
102329.3515625000,-84.0137252808
102565.2265625000,-84.0283584595
102801.6484375000,-84.0531387329
103038.6171875000,-84.0703430176
103276.1250000000,-84.1093978882
103514.1875000000,-84.1647949219
103752.7890625000,-84.2172317505
103992.0625000000,-84.2640914917
104231.7734375000,-84.3030166626
104472.0312500000,-84.3323440552
104712.8515625000,-84.3468246460
104954.2187500000,-84.3486633301
105196.1484375000,-84.3515090942
105438.6328125000,-84.3518829346
105681.7890625000,-84.3586120605
105925.3984375000,-84.3611373901
106169.5625000000,-84.3627014160
106414.2890625000,-84.3627471924
106659.5859375000,-84.3927154541
106905.4375000000,-84.4392776489
107151.9843750000,-84.4989166260
107398.9765625000,-84.5645217896
107646.5390625000,-84.6274185181
107894.6718750000,-84.6797714233
108143.3750000000,-84.7166976929
108392.6562500000,-84.7250747681
108642.5078125000,-84.7267303467
108893.0546875000,-84.7311248779
109144.0625000000,-84.7370681763
109395.6484375000,-84.7391738892
109647.8125000000,-84.7404098511
109900.5546875000,-84.7430725098
110153.8828125000,-84.7682876587
110407.9218750000,-84.8101654053
110662.4140625000,-84.8550949097
110917.5000000000,-84.9162216187
111173.1718750000,-84.9822311401
111429.4375000000,-85.0490341187
111686.2890625000,-85.1125717163
111943.7343750000,-85.1692428589
112201.8984375000,-85.2168121338
112460.5312500000,-85.2552719116
112719.7578125000,-85.2870712280
112979.5859375000,-85.3161544800
113240.0078125000,-85.3461685181
113501.0390625000,-85.3702926636
113762.7890625000,-85.3786849976
114025.0234375000,-85.3786849976
114287.8593750000,-85.3818664551
114551.2968750000,-85.4013824463
114815.3437500000,-85.4123077393
115080.0078125000,-85.4143524170
115345.2734375000,-85.4430847168
115611.2812500000,-85.4431533813
115877.7734375000,-85.4631881714
116144.8750000000,-85.4659805298
116412.6015625000,-85.4731674194
116680.9375000000,-85.4767074585
116949.8984375000,-85.5196914673
117219.4765625000,-85.5742797852
117489.8046875000,-85.6203231812
117760.6250000000,-85.6565399170
118032.0703125000,-85.6868438721
118304.1406250000,-85.7176132202
118576.8437500000,-85.7542572021
118850.1718750000,-85.7985153198
119124.2578125000,-85.8476715088
119398.8515625000,-85.9154205322
119674.0703125000,-85.9246597290
119949.9296875000,-85.9248886108
120226.4218750000,-85.9353256226
120503.5546875000,-85.9392623901
120781.3203125000,-85.9512252808
121059.8671875000,-85.9608612061
121338.9140625000,-85.9652252197
121618.6093750000,-85.9681167603
121898.9531250000,-85.9702148438
122179.9375000000,-86.0088577271
122461.5703125000,-86.0804672241
122743.9843750000,-86.1475830078
123026.9218750000,-86.1820373535
123310.5078125000,-86.2081222534
123594.7421875000,-86.2290191650
123879.6406250000,-86.2489929199
124165.1953125000,-86.2709732056
124451.3984375000,-86.2949600220
124738.4062500000,-86.3269805908
125025.9375000000,-86.3462066650
125314.1328125000,-86.3490524292
125602.9921875000,-86.3492507935
125892.5156250000,-86.3509902954
126182.7031250000,-86.3592453003
126473.7031250000,-86.3749618530
126765.2343750000,-86.4084472656
127057.4375000000,-86.4458465576
127350.3125000000,-86.4730758667
127643.8671875000,-86.5050811768
127938.0937500000,-86.5448913574
128233.0000000000,-86.5936660767
128528.7265625000,-86.6496429443
128824.9921875000,-86.7360000610
129121.9453125000,-86.8103866577
129419.5781250000,-86.8441314697
129717.8984375000,-86.8640594482
130016.9140625000,-86.8724594116
130316.6093750000,-86.8760070801
130617.1406250000,-86.8889160156
130918.2265625000,-86.9154815674
131220.0000000000,-86.9611206055
131522.4687500000,-87.0258712769
131825.6406250000,-87.1052627563
132129.5000000000,-87.1898269653
132434.2187500000,-87.1946792603
132739.4843750000,-87.2060623169
133045.4687500000,-87.2115859985
133352.1406250000,-87.2312774658
133659.5312500000,-87.2404174805
133967.6250000000,-87.2431640625
134276.4218750000,-87.2779617310
134586.0937500000,-87.3062667847
134896.3281250000,-87.3159942627
135207.2656250000,-87.3386459351
135518.9375000000,-87.3682632446
135831.3125000000,-87.3835449219
136144.4062500000,-87.3911666870
136458.3906250000,-87.4027404785
136772.9375000000,-87.4042739868
137088.2031250000,-87.4544906616
137404.2031250000,-87.5157394409
137720.9218750000,-87.5877456665
138038.3906250000,-87.6320724487
138356.5781250000,-87.6471633911
138675.6406250000,-87.6610336304
138995.2968750000,-87.7004776001
139315.7031250000,-87.7678070068
139636.8281250000,-87.8256225586
139958.7031250000,-87.8821334839
140281.3125000000,-87.9419021606
140604.6718750000,-87.9624710083
140928.9375000000,-87.9665832520
141253.7812500000,-87.9674148560
141579.3906250000,-87.9753799438
141905.7343750000,-88.0032424927
142232.8437500000,-88.0463562012
142560.7031250000,-88.1324310303
142889.4687500000,-88.2254104614
143218.8281250000,-88.2810134888
143548.9687500000,-88.3428497314
143879.8593750000,-88.3843307495
144211.5156250000,-88.4040985107
144543.9218750000,-88.4310607910
144877.1093750000,-88.4551391602
145211.2187500000,-88.4643020630
145545.9375000000,-88.4663543701
145881.4375000000,-88.4686813354
146217.7031250000,-88.4733200073
146554.7500000000,-88.4818801880
146892.5625000000,-88.4944534302
147231.3281250000,-88.4966430664
147570.7031250000,-88.5118942261
147910.8593750000,-88.5123977661
148251.8125000000,-88.5318374634
148593.5468750000,-88.5383987427
148936.0625000000,-88.5515289307
149279.3750000000,-88.5592651367
149623.6250000000,-88.5638275146
149968.5312500000,-88.5661010742
150314.2187500000,-88.5667419434
150660.7031250000,-88.6576843262
151007.9843750000,-88.7481384277
151356.0625000000,-88.7952194214
151705.1250000000,-88.8394393921
152054.8125000000,-88.8642883301
152405.3125000000,-88.8775482178
152756.6093750000,-88.9090652466
153108.7187500000,-88.9559631348
153461.6562500000,-88.9879837036
153815.3906250000,-88.9956665039
154170.1093750000,-88.9991607666
154525.4843750000,-89.0070953369
154881.6875000000,-89.0093765259
155238.7031250000,-89.0256652832
155596.5312500000,-89.0331726074
155955.1875000000,-89.0412445068
156314.6875000000,-89.0447463989
156675.1718750000,-89.0578002930
157036.3125000000,-89.0878524780
157398.2968750000,-89.1270294189
157761.1093750000,-89.1805877686
158124.7656250000,-89.2455596924
158489.2500000000,-89.2940139771
158854.7500000000,-89.3660736084
159220.9218750000,-89.4314193726
159587.9375000000,-89.4873352051
159955.7968750000,-89.5406341553
160324.5156250000,-89.5924987793
160694.0625000000,-89.6386642456
161064.4843750000,-89.6728515625
161435.9218750000,-89.7020187378
161808.0468750000,-89.7238388062
162181.0312500000,-89.7661285400
162554.8593750000,-89.8153991699
162929.5625000000,-89.8640060425
163305.1250000000,-89.9078674316
163681.7343750000,-89.9468536377
164059.0312500000,-89.9819946289
164437.2031250000,-90.0059509277
164816.2343750000,-90.0164031982
165196.1562500000,-90.0168685913
165576.9375000000,-90.0235900879
165958.6093750000,-90.0517349243
166341.3437500000,-90.0944595337
166724.7656250000,-90.1369247437
167109.0781250000,-90.1659851074
167494.2812500000,-90.1770019531
167880.3593750000,-90.1833801270
168267.3437500000,-90.2004547119
168655.3906250000,-90.2326812744
169044.1562500000,-90.2773818970
169433.8125000000,-90.3373870850
169824.3750000000,-90.3795852661
170215.8281250000,-90.4191665649
170608.1875000000,-90.4511566162
171001.4531250000,-90.4647293091
171395.8125000000,-90.4660263062
171790.8906250000,-90.4682769775
172186.8750000000,-90.4806823730
172583.7812500000,-90.4991836548
172981.6093750000,-90.5109024048
173380.3437500000,-90.5121154785
173779.9843750000,-90.5237045288
174180.7500000000,-90.5534362793
174582.2500000000,-90.5956802368
174984.6875000000,-90.6316757202
175388.0312500000,-90.6526031494
175792.3125000000,-90.6832199097
176197.5312500000,-90.7278213501
176603.8750000000,-90.7995376587
177010.9531250000,-90.8703536987
177418.9843750000,-90.8846359253
177827.9375000000,-90.8938064575
178237.8437500000,-90.8960800171
178648.7031250000,-90.9501953125
179060.5000000000,-90.9525604248
179473.4375000000,-90.9704895020
179887.1406250000,-91.0213088989
180301.7968750000,-91.0468444824
180717.4062500000,-91.0646209717
181133.9687500000,-91.0935134888
181551.5000000000,-91.1099166870
181970.1875000000,-91.1180801392
182389.6406250000,-91.1226882935
182810.0625000000,-91.1259994507
183231.4531250000,-91.1266403198
183653.8125000000,-91.1282577515
184077.1406250000,-91.1312332153
184501.4531250000,-91.1348114014
184926.9531250000,-91.1407012939
185353.2187500000,-91.1429595947
185780.4687500000,-91.1510772705
186208.7031250000,-91.1620559692
186637.9375000000,-91.1642761230
187068.1406250000,-91.1792221069
187499.3437500000,-91.2163848877
187931.7500000000,-91.2781677246
188364.9531250000,-91.3505477905
188799.1406250000,-91.4749298096
189234.3437500000,-91.5725021362
189670.5312500000,-91.5768814087
190107.7500000000,-91.5901718140
190546.1562500000,-91.5993576050
190985.3906250000,-91.6379241943
191425.6250000000,-91.6506423950
191866.8750000000,-91.7057266235
192309.1406250000,-91.7087097168
192752.4218750000,-91.7400054932
193196.7343750000,-91.7587127686
193642.2812500000,-91.8041458130
194088.6406250000,-91.8099670410
194536.0312500000,-91.8104248047
194984.4375000000,-91.8130035400
195433.8906250000,-91.8169174194
195884.3906250000,-91.8340759277
196336.1250000000,-91.8354263306
196788.7031250000,-91.8439254761
197242.3125000000,-91.8560714722
197696.9687500000,-91.8566360474
198152.6718750000,-91.9067230225
198609.4218750000,-91.9804992676
199067.2343750000,-92.0533218384
199526.3125000000,-92.1253662109
199986.2343750000,-92.1722259521
200447.2187500000,-92.2265090942
200909.2656250000,-92.2814178467
201372.3750000000,-92.3375778198
201836.5625000000,-92.3577117920
202302.0312500000,-92.3598709106
202768.3437500000,-92.3836135864
203235.7343750000,-92.3843688965
203704.2187500000,-92.3852539063
204173.7656250000,-92.4371719360
204644.4062500000,-92.5114746094
205116.1250000000,-92.5626449585
205589.1562500000,-92.5896606445
206063.0468750000,-92.6202545166
206538.0468750000,-92.6710357666
207014.1250000000,-92.7141342163
207491.3125000000,-92.7496109009
207969.5937500000,-92.7896118164
208448.9843750000,-92.8154144287
208929.7031250000,-92.8199462891
209411.2968750000,-92.8449096680
209894.0000000000,-92.8634033203
210377.8281250000,-92.8655319214
210862.7500000000,-92.8670120239
211348.8125000000,-92.8700637817
211836.2187500000,-92.9026184082
212324.5156250000,-92.9101257324
212813.9375000000,-92.9116973877
213304.4843750000,-92.9129257202
213796.1718750000,-92.9151916504
214288.9843750000,-92.9153060913
214782.9375000000,-92.9171600342
215278.2656250000,-92.9222183228
215774.5000000000,-92.9242324829
216271.8750000000,-92.9501266479
216770.3906250000,-92.9879379272
217270.0625000000,-92.9880676270
217770.8906250000,-92.9918746948
218273.1093750000,-93.0434875488
218776.2343750000,-93.0890274048
219280.5312500000,-93.1662750244
219785.9843750000,-93.2839202881
220292.6093750000,-93.3848037720
220800.4062500000,-93.4066238403
221309.3593750000,-93.4156951904
221819.7343750000,-93.4248199463
222331.0468750000,-93.4353790283
222843.5468750000,-93.4571914673
223357.2031250000,-93.4739913940
223872.0625000000,-93.4926223755
224388.1093750000,-93.4985275269
224905.5781250000,-93.6188812256
225424.0000000000,-93.6259918213
225943.6250000000,-93.6303558350
226464.4375000000,-93.6766433716
226986.4531250000,-93.7085266113
227509.6718750000,-93.7271804810
228034.1093750000,-93.7379989624
228559.9843750000,-93.7903594971
229086.8281250000,-93.8290710449
229614.8906250000,-93.8430252075
230144.1718750000,-93.8797302246
230674.6718750000,-93.9292068481
231206.3906250000,-93.9550094604
231739.3437500000,-93.9654846191
232273.7812500000,-93.9665222168
232809.1875000000,-93.9717941284
233345.8281250000,-94.0071334839
233883.7031250000,-94.0804672241
234422.8125000000,-94.1165542603
234963.1875000000,-94.1180572510
235505.0468750000,-94.1504058838
236047.9062500000,-94.1638183594
236592.0156250000,-94.2083129883
237137.3750000000,-94.2217483521
237683.9843750000,-94.2218093872
238231.8750000000,-94.2736663818
238781.0156250000,-94.2871398926
239331.6718750000,-94.3554687500
239883.3593750000,-94.3589324951
240436.2968750000,-94.4285659790
240990.5312500000,-94.4634780884
241546.0312500000,-94.4833297729
242102.8125000000,-94.4955444336
242661.1406250000,-94.4955825806
243220.4843750000,-94.5055007935
243781.1250000000,-94.5131988525
244343.0625000000,-94.5221557617
244906.2968750000,-94.5326843262
245470.8125000000,-94.5760192871
246036.6406250000,-94.6542053223
246604.0468750000,-94.7270889282
247172.4843750000,-94.7307052612
247742.2343750000,-94.7390213013
248313.2968750000,-94.7515411377
248885.6718750000,-94.8026580811
249459.3750000000,-94.8236236572
250034.4062500000,-94.8429565430
250611.0156250000,-94.8554992676
251188.7031250000,-94.8592453003
251767.7031250000,-94.8680343628
252348.0468750000,-94.8820648193
252929.7343750000,-94.8956985474
253512.7500000000,-94.9084243774
254097.3906250000,-94.9138946533
254683.1093750000,-94.9255828857
255270.1718750000,-94.9556808472
255858.5781250000,-94.9771041870
256448.3593750000,-94.9898223877
257039.4843750000,-94.9940719604
257631.9843750000,-95.0243759155
258226.1250000000,-95.0507965088
258821.3593750000,-95.0640411377
259417.9531250000,-95.1327667236
260015.9375000000,-95.1464004517
260615.2812500000,-95.1508865356
261216.0312500000,-95.1823883057
261818.4375000000,-95.3179244995
262421.9375000000,-95.4266815186
263026.8437500000,-95.4330062866
263633.1562500000,-95.4670486450
264240.8437500000,-95.4825515747
264849.9375000000,-95.5083694458
265460.4375000000,-95.6330490112
266072.6250000000,-95.6365432739
266685.9375000000,-95.6664810181
267300.6562500000,-95.7252578735
267916.8125000000,-95.7571411133
268534.3750000000,-95.7662582397
269153.3750000000,-95.8074722290
269774.0937500000,-95.9001083374
270395.9375000000,-95.9340744019
271019.2187500000,-95.9488220215
271643.9375000000,-95.9916610718
272270.0937500000,-96.0232696533
272897.6875000000,-96.0349731445
273526.7500000000,-96.0381546021
274157.5312500000,-96.0503692627
274789.5000000000,-96.0625305176
275422.9062500000,-96.0638809204
276057.7812500000,-96.0937652588
276694.0937500000,-96.1263732910
277331.9062500000,-96.1394424438
277971.1875000000,-96.1447525024
278612.2187500000,-96.1702041626
279254.4375000000,-96.2184906006
279898.1562500000,-96.2417297363
280543.3437500000,-96.2494964600
281190.0000000000,-96.2784118652
281838.1562500000,-96.2845153809
282488.1250000000,-96.2905197144
283139.2812500000,-96.3049316406
283791.9375000000,-96.3301773071
284446.0937500000,-96.3320541382
285101.7812500000,-96.3429870605
285758.9687500000,-96.3534774780
286417.6562500000,-96.3613433838
287078.1875000000,-96.3649063110
287739.9062500000,-96.3846893311
288403.1875000000,-96.4355468750
289067.9687500000,-96.4542160034
289734.2812500000,-96.5133132935
290402.1562500000,-96.5866012573
291071.8750000000,-96.6274414063
291742.8125000000,-96.6450119019
292415.2812500000,-96.6510696411
293089.3437500000,-96.6855239868
293764.9062500000,-96.6905059814
294442.0625000000,-96.7005310059
295120.7812500000,-96.7043151855
295801.3750000000,-96.7050170898
296483.2187500000,-96.7113800049
297166.6250000000,-96.7144851685
297851.6250000000,-96.7169952393
298538.1875000000,-96.7234573364
299226.3437500000,-96.7348098755
299916.4062500000,-96.7470626831
300607.7500000000,-96.9007873535
301300.6562500000,-96.9420318604
301995.1875000000,-96.9799575806
302691.3125000000,-97.0109329224
303389.0312500000,-97.0328826904
304088.3750000000,-97.0456848145
304789.6562500000,-97.0510787964
305492.2187500000,-97.0522384644
306196.3750000000,-97.0532379150
306902.1875000000,-97.0585174561
307609.6250000000,-97.0723190308
308318.6875000000,-97.0981140137
309029.3750000000,-97.1378250122
309742.0625000000,-97.1913070679
310456.0312500000,-97.2553634644
311171.6562500000,-97.3238067627
311888.9375000000,-97.3908462524
312607.8437500000,-97.4520721436
313328.4375000000,-97.5056381226
314051.0312500000,-97.5524902344
314774.9375000000,-97.5954360962
315500.5000000000,-97.6378936768
316227.7812500000,-97.6824951172
316956.6875000000,-97.7303771973
317687.3125000000,-97.7811660767
318419.5937500000,-97.8334045410
319153.9375000000,-97.8851165771
319889.5937500000,-97.8959960938
320626.9687500000,-97.9002685547
321366.0312500000,-97.9119720459
322106.8125000000,-97.9221954346
322849.2812500000,-97.9338455200
323593.8125000000,-97.9466857910
324339.7187500000,-97.9552764893
325087.3750000000,-97.9766693115
325836.7187500000,-97.9905242920
326587.7812500000,-97.9951400757
327340.5937500000,-98.0099487305
328095.1250000000,-98.0187072754
328851.7812500000,-98.0297164917
329609.8125000000,-98.0328445435
330369.5937500000,-98.0502014160
331131.0937500000,-98.1042938232
331894.3750000000,-98.1506042480
332659.4375000000,-98.1882247925
333426.2187500000,-98.2181015015
334195.1562500000,-98.2461318970
334965.5000000000,-98.2799301147
335737.6250000000,-98.3256454468
336511.5312500000,-98.3851394653
337287.2187500000,-98.4406738281
338064.6875000000,-98.4438552856
338844.3125000000,-98.4516372681
339625.3750000000,-98.4545440674
340408.2500000000,-98.4631042480
341192.9062500000,-98.4864501953
341979.3750000000,-98.4972000122
342767.6562500000,-98.5249023438
343557.7812500000,-98.5288543701
344350.0625000000,-98.5410232544
345143.8125000000,-98.5562515259
345939.4062500000,-98.5804061890
346736.8125000000,-98.5847091675
347536.0625000000,-98.5857849121
348337.1562500000,-98.6007461548
349140.5000000000,-98.6175308228
349945.2812500000,-98.6206207275
350751.9375000000,-98.6235046387
351560.4375000000,-98.6313018799
352370.8125000000,-98.6353378296
353183.0625000000,-98.6424789429
353997.1562500000,-98.6513900757
354813.5312500000,-98.6586608887
355631.4062500000,-98.6658020020
356451.1562500000,-98.6754913330
357272.8125000000,-98.6913909912
358096.3437500000,-98.7173995972
358921.7812500000,-98.7564163208
359749.5312500000,-98.8406448364
360578.7812500000,-98.9412384033
361409.9375000000,-99.0075759888
362243.0000000000,-99.0566253662
363078.0000000000,-99.0630035400
363914.9375000000,-99.0642395020
364753.7812500000,-99.0703811646
365594.9687500000,-99.0811157227
366437.6875000000,-99.0992813110
367282.3437500000,-99.1061019897
368128.9687500000,-99.1078643799
368977.5312500000,-99.1199874878
369828.0312500000,-99.1311111450
370680.5312500000,-99.1350402832
371535.3750000000,-99.1388320923
372391.7812500000,-99.1399459839
373250.1875000000,-99.1699981689
374110.5625000000,-99.1991806030
374972.9062500000,-99.2405395508
375837.2500000000,-99.2862014771
376703.9687500000,-99.3248519897
377572.3125000000,-99.3727645874
378442.6562500000,-99.4309158325
379314.9687500000,-99.4987564087
380189.3437500000,-99.5740051270
381065.6875000000,-99.6904754639
381944.0625000000,-99.7960433960
382824.9062500000,-99.8490447998
383707.3437500000,-99.8851394653
384591.8125000000,-99.9059371948
385478.3125000000,-99.9169921875
386366.8750000000,-99.9324417114
387257.5000000000,-99.9600372314
388150.5625000000,-99.9876251221
389045.2812500000,-100.0172348022
389942.0625000000,-100.0431594849
390840.9062500000,-100.0614089966
391741.8125000000,-100.0748672485
392644.8125000000,-100.0864486694
393549.8750000000,-100.1034851074
394457.4687500000,-100.1328353882
395366.7187500000,-100.1738739014
396278.0937500000,-100.2437973022
397191.5312500000,-100.2783508301
398107.0937500000,-100.2821350098
399024.7500000000,-100.2869338989
399944.9687500000,-100.2905502319
400866.8750000000,-100.3003921509
401790.9062500000,-100.3013534546
402717.0625000000,-100.3066787720
403645.3437500000,-100.3175125122
404575.7812500000,-100.3178024292
405508.3437500000,-100.3219375610
406443.5312500000,-100.3503570557
407380.4062500000,-100.3761749268
408319.4375000000,-100.4059219360
409260.6562500000,-100.4500732422
410204.0312500000,-100.4840774536
411149.5625000000,-100.4917984009
412097.3125000000,-100.4922409058
413047.6562500000,-100.4952774048
413999.7812500000,-100.4975280762
414954.0625000000,-100.5077819824
415910.5625000000,-100.5403060913
416869.2812500000,-100.6196899414
417830.1875000000,-100.7133636475
418793.7812500000,-100.7692108154
419759.1250000000,-100.8100204468
420726.6875000000,-100.8377685547
421696.5000000000,-100.8444290161
422668.5312500000,-100.8480529785
423642.8125000000,-100.8591995239
424619.3437500000,-100.8643875122
425598.5937500000,-100.8649749756
426579.6250000000,-100.8752136230
427562.9375000000,-100.8899612427
428548.5000000000,-100.8940277100
429536.3125000000,-100.9033813477
430526.4375000000,-100.9283981323
431519.3125000000,-100.9389648438
432514.0000000000,-100.9395217896
433510.9687500000,-100.9635925293
434510.2500000000,-100.9661026001
435511.8125000000,-100.9817504883
436515.6875000000,-100.9867477417
437521.9062500000,-101.0200958252
438530.9062500000,-101.1350555420
439541.7500000000,-101.2134246826
440554.9062500000,-101.3093261719
441570.4375000000,-101.3745803833
442588.2812500000,-101.3828887939
443608.4687500000,-101.3883972168
444631.0312500000,-101.3993377686
445656.4062500000,-101.4010009766
446683.6875000000,-101.4071655273
447713.3125000000,-101.4189605713
448745.3437500000,-101.4229965210
449779.7187500000,-101.4262466431
450816.5000000000,-101.4522933960
451856.1562500000,-101.5074462891
452897.7187500000,-101.6064376831
453941.6875000000,-101.7012710571
454988.0625000000,-101.7623138428
456036.8437500000,-101.7908630371
457088.0312500000,-101.7969360352
458141.6562500000,-101.8087463379
459198.1875000000,-101.8314819336
460256.6875000000,-101.8505096436
461317.6250000000,-101.8710784912
462380.9687500000,-101.8742752075
463446.8125000000,-101.8750152588
464515.0937500000,-101.8781356812
465586.3437500000,-101.8798141479
466659.5312500000,-101.9006500244
467735.2187500000,-101.9347991943
468813.3750000000,-101.9834747314
469894.0312500000,-102.0367126465
470977.1875000000,-102.0598754883
472062.8125000000,-102.0689163208
473151.4687500000,-102.0774307251
474242.1250000000,-102.0848541260
475335.2812500000,-102.0881805420
476430.9687500000,-102.0941925049
477529.1562500000,-102.1390304565
478629.9062500000,-102.2160034180
479733.7187500000,-102.2980575562
480839.5312500000,-102.3491973877
481947.9062500000,-102.3632354736
483058.8125000000,-102.3647537231
484172.3125000000,-102.3768997192
485288.3437500000,-102.3857269287
486406.9687500000,-102.4090881348
487528.7187500000,-102.4117507935
488652.5000000000,-102.4167938232
489778.8750000000,-102.4412536621
490907.8437500000,-102.4435577393
492039.4375000000,-102.4693298340
493173.6250000000,-102.5573425293
494310.4375000000,-102.6597442627
495450.3750000000,-102.6700744629
496592.4375000000,-102.6801452637
497737.1250000000,-102.6976394653
498884.4375000000,-102.7108840942
500034.4062500000,-102.7477035522
501187.0000000000,-102.7478866577
502342.8437500000,-102.7488784790
503500.7812500000,-102.7787399292
504661.3750000000,-102.7921142578
505824.6562500000,-102.8005752563
506990.6250000000,-102.8007659912
508159.2812500000,-102.8185729980
509330.6250000000,-102.8350830078
510505.2187500000,-102.8483886719
511681.9687500000,-102.8516159058
512861.4375000000,-102.8520355225
514043.6250000000,-102.8528976440
515228.5312500000,-102.8630294800
516416.1562500000,-102.8768920898
517607.0937500000,-102.8949356079
518800.2187500000,-102.9195327759
519996.0937500000,-102.9544143677
521194.7187500000,-102.9944686890
522396.1250000000,-103.0345993042
523600.2812500000,-103.0830078125
524807.1875000000,-103.1150970459
526017.5000000000,-103.1457519531
527230.0000000000,-103.1786346436
528445.3125000000,-103.2137527466
529663.4375000000,-103.2517166138
530884.3125000000,-103.2687759399
532108.0625000000,-103.2847824097
533335.1875000000,-103.3115692139
534564.5625000000,-103.3521041870
535796.7500000000,-103.4008331299
537031.8125000000,-103.4211044312
538269.6875000000,-103.4320755005
539510.4375000000,-103.4486465454
540754.0625000000,-103.4799270630
542001.1250000000,-103.5341644287
543250.5000000000,-103.5761184692
544502.7500000000,-103.6127243042
545757.8750000000,-103.6394424438
547015.8750000000,-103.6458053589
548276.7500000000,-103.6465530396
549540.5625000000,-103.6534118652
550807.9375000000,-103.6534881592
552077.5625000000,-103.6995086670
553350.1250000000,-103.7988204956
554625.6875000000,-103.8863601685
555904.1250000000,-103.9632873535
557185.5000000000,-104.0333862305
558470.5000000000,-104.0653762817
559757.8125000000,-104.0962142944
561048.0625000000,-104.1590728760
562341.3125000000,-104.2219161987
563637.5625000000,-104.2815704346
564936.8125000000,-104.3343963623
566239.0000000000,-104.3428421021
567544.8750000000,-104.3430328369
568853.0625000000,-104.3575592041
570164.3125000000,-104.3592987061
571478.6250000000,-104.3700866699
572795.8750000000,-104.3719329834
574116.2500000000,-104.3721694946
575440.2500000000,-104.4037628174
576766.6875000000,-104.4043502808
578096.1875000000,-104.4137725830
579428.6875000000,-104.4151535034
580764.3125000000,-104.4211196899
582103.0625000000,-104.4309844971
583444.8125000000,-104.4369583130
584790.3750000000,-104.4384613037
586138.3125000000,-104.4546813965
587489.4375000000,-104.4646072388
588843.6250000000,-104.4803314209
590200.9375000000,-104.4810943604
591561.4375000000,-104.4831085205
592925.0000000000,-104.5169219971
594292.3750000000,-104.5212936401
595662.2500000000,-104.5405044556
597035.3125000000,-104.5415039063
598411.5000000000,-104.6232147217
599790.9375000000,-104.7151565552
601173.4375000000,-104.7874069214
602559.8750000000,-104.8547134399
603948.8125000000,-104.9051895142
605340.9375000000,-104.9082565308
606736.3125000000,-104.9208221436
608134.8750000000,-104.9224929810
609536.6875000000,-104.9251403809
610941.6875000000,-104.9411392212
612350.6250000000,-104.9428939819
613762.1250000000,-104.9478683472
615176.9375000000,-104.9480285645
616594.9375000000,-104.9696960449
618016.2500000000,-104.9712524414
619440.8125000000,-104.9747238159
620869.3750000000,-105.0010528564
622300.5000000000,-105.0052032471
623734.9375000000,-105.0085525513
625172.6875000000,-105.0324096680
626613.7500000000,-105.0390625000
628058.1250000000,-105.0429000854
629505.8750000000,-105.0541839600
630957.6250000000,-105.0927810669
632412.0000000000,-105.1090545654
633869.7500000000,-105.1288681030
635330.8750000000,-105.1423492432
636795.3750000000,-105.1432418823
638263.2500000000,-105.2247009277
639735.1875000000,-105.3040008545
641209.8125000000,-105.3730926514
642687.8750000000,-105.4317474365
644169.3125000000,-105.4689636230
645654.1250000000,-105.4931182861
647142.4375000000,-105.5297241211
648634.1250000000,-105.5765304565
650130.0000000000,-105.5877609253
651628.5625000000,-105.5882186890
653130.6250000000,-105.5986785889
654636.1250000000,-105.6294784546
656145.1250000000,-105.6570587158
657657.6250000000,-105.6709442139
659173.5625000000,-105.6899871826
660693.6875000000,-105.6924285889
662216.6250000000,-105.7130355835
663743.1250000000,-105.7288131714
665273.0625000000,-105.7379608154
666806.5625000000,-105.7656097412
668343.6250000000,-105.8381576538
669884.9375000000,-105.8534698486
671429.0625000000,-105.8819198608
672976.7500000000,-105.8888397217
674528.0000000000,-105.9411315918
676082.8750000000,-105.9803543091
677641.2500000000,-106.0122146606
679203.3125000000,-106.0305938721
680769.6250000000,-106.0820541382
682338.8750000000,-106.0937042236
683911.6875000000,-106.1191711426
685488.1875000000,-106.1303176880
687068.2500000000,-106.1309127808
688652.0000000000,-106.1329269409
690240.1875000000,-106.1632308960
691831.1875000000,-106.1665267944
693425.9375000000,-106.1716308594
695024.3125000000,-106.1782379150
696626.4375000000,-106.2117691040
698232.1875000000,-106.2309112549
699841.6875000000,-106.2581176758
701455.6250000000,-106.2592544556
703072.5000000000,-106.3452835083
704693.1250000000,-106.4133834839
706317.5000000000,-106.4574966431
707945.6250000000,-106.4811019897
709577.5000000000,-106.5241699219
711213.8750000000,-106.6124191284
712853.3125000000,-106.6991271973
714496.5000000000,-106.7017211914
716143.4375000000,-106.7164077759
717794.1875000000,-106.7449874878
719448.7500000000,-106.7759933472
721107.1250000000,-106.7864990234
722770.1250000000,-106.8240127563
724436.1875000000,-106.8279342651
726106.0625000000,-106.8314590454
727779.8125000000,-106.8456573486
729457.3750000000,-106.8509902954
731138.8125000000,-106.8538589478
732824.1250000000,-106.8794097900
734514.1875000000,-106.8830108643
736207.2500000000,-106.9726333618
737904.3125000000,-107.0478897095
739605.1875000000,-107.0702133179
741310.0625000000,-107.0830841064
743018.8125000000,-107.0959091187
744732.3750000000,-107.1323623657
746449.0000000000,-107.1741180420
748169.6250000000,-107.1805725098
749894.1875000000,-107.1948623657
751622.7500000000,-107.1972274780
753355.3125000000,-107.2379608154
755091.8750000000,-107.2414016724
756833.2500000000,-107.3156738281
758577.7500000000,-107.3666915894
760326.3750000000,-107.3930587769
762078.9375000000,-107.4340133667
763835.6250000000,-107.4762878418
765596.3125000000,-107.4799423218
767361.8750000000,-107.5062332153
769130.6875000000,-107.5293731689
770903.6250000000,-107.5923233032
772680.6250000000,-107.6044158936
774461.6875000000,-107.6220321655
776246.8750000000,-107.6600952148
778036.1875000000,-107.6799926758
779830.4375000000,-107.7045059204
781628.0000000000,-107.7046432495
783429.7500000000,-107.7181243896
785235.6250000000,-107.7266082764
787045.6250000000,-107.7337570190
788859.8125000000,-107.7387313843
790678.1875000000,-107.7702789307
792501.6250000000,-107.7741088867
794328.4375000000,-107.8888397217
796159.3750000000,-107.8947677612
797994.6250000000,-107.9108123779
799834.0000000000,-107.9141082764
801677.6875000000,-107.9146118164
803526.5000000000,-107.9259872437
805378.6875000000,-107.9321365356
807235.1250000000,-107.9559402466
809095.8750000000,-107.9567871094
810960.9375000000,-107.9760589600
812830.2500000000,-107.9784317017
814703.8750000000,-107.9850158691
816582.6875000000,-108.0133590698
818465.0000000000,-108.0187835693
820351.6250000000,-108.0271530151
822242.5625000000,-108.0427017212
824137.8750000000,-108.0767059326
826037.6250000000,-108.1314392090
827942.5625000000,-108.2061767578
829851.0625000000,-108.2772140503
831763.9375000000,-108.2957534790
833681.1875000000,-108.3133697510
835602.8750000000,-108.3155059814
837529.0000000000,-108.3215332031
839459.5625000000,-108.3255538940
841395.5000000000,-108.3279953003
843335.0000000000,-108.3599090576
845278.9375000000,-108.4404602051
847227.3750000000,-108.4835815430
849180.2500000000,-108.5288162231
851137.6875000000,-108.5407409668
853100.5625000000,-108.5759735107
855067.0000000000,-108.5986251831
857038.0000000000,-108.6316757202
859013.5625000000,-108.6604080200
860993.6250000000,-108.6814422607
862978.3125000000,-108.6990509033
864967.5000000000,-108.7294692993
866962.2500000000,-108.7955093384
868960.6875000000,-108.8375320435
870963.6875000000,-108.8550033569
872971.3125000000,-108.9131393433
874983.6250000000,-108.9737854004
877000.5000000000,-108.9952392578
879022.0625000000,-108.9957885742
881049.2500000000,-109.0355148315
883080.1250000000,-109.0453567505
885115.6875000000,-109.0823822021
887155.9375000000,-109.0856552124
889200.8750000000,-109.1209335327
891250.5625000000,-109.1523818970
893305.9375000000,-109.2677307129
895365.0625000000,-109.2814331055
897428.9375000000,-109.2968215942
899497.5625000000,-109.3129119873
901571.0000000000,-109.3364105225
903649.1875000000,-109.3619079590
905732.1250000000,-109.3692169189
907820.9375000000,-109.3738632202
909913.5000000000,-109.3957290649
912010.9375000000,-109.4127120972
914113.1875000000,-109.4574737549
916220.2500000000,-109.5077209473
918332.1875000000,-109.5581665039
920450.0625000000,-109.5614471436
922571.7500000000,-109.5739746094
924698.3750000000,-109.5865478516
926829.8125000000,-109.5893478394
928966.2500000000,-109.6108932495
931107.5625000000,-109.6125106812
933253.8750000000,-109.6249771118
935406.0625000000,-109.6284484863
937562.2500000000,-109.6567840576
939723.4375000000,-109.6596984863
941889.5625000000,-109.7407760620
944060.6875000000,-109.7509384155
946236.8125000000,-109.7618331909
948419.0000000000,-109.8286132813
950605.1250000000,-109.8325881958
952796.3750000000,-109.8521041870
954992.6250000000,-109.8570632935
957193.9375000000,-109.8630523682
959400.3750000000,-109.9367980957
961611.8125000000,-109.9392013550
963829.5000000000,-109.9556579590
966051.1875000000,-109.9574279785
968278.0000000000,-109.9699172974
970509.9375000000,-110.0058517456
972747.0625000000,-110.0118331909
974989.3125000000,-110.0781860352
977236.6875000000,-110.1762008667
979490.3750000000,-110.2472229004
981748.1875000000,-110.2797317505
984011.1875000000,-110.2839202881
986279.3750000000,-110.3009262085
988552.8125000000,-110.3084564209
990831.5000000000,-110.3351211548
993116.5625000000,-110.3524093628
995405.7500000000,-110.3575286865
997700.2500000000,-110.3735046387
1000000.0000000000,-110.4248962402
1002305.0625000000,-110.4607620239
1004615.4375000000,-110.4962692261
1006931.1875000000,-110.5305404663
1009253.3125000000,-110.5639648438
1011579.7500000000,-110.5975036621
1013911.5000000000,-110.6313095093
1016248.6250000000,-110.6654281616
1018591.1250000000,-110.6982498169
1020939.0625000000,-110.7280426025
1023293.5625000000,-110.7538833618
1025652.3125000000,-110.7750701904
1028016.5000000000,-110.7906265259
1030386.1250000000,-110.8035507202
1032761.2500000000,-110.8166275024
1035141.8750000000,-110.8316421509
1037527.9375000000,-110.8505554199
1039920.6250000000,-110.8761978149
1042317.7500000000,-110.9065628052
1044720.3750000000,-110.9410018921
1047128.5000000000,-110.9787445068
1049542.2500000000,-111.0190200806
1051961.5000000000,-111.0597534180
1054386.3750000000,-111.0983657837
1056817.8750000000,-111.1323928833
1059254.0000000000,-111.1502761841
1061695.6250000000,-111.1515426636
1064142.8750000000,-111.1584320068
1066595.8750000000,-111.1591262817
1069054.3750000000,-111.1680526733
1071519.8750000000,-111.1684570313
1073989.7500000000,-111.1735916138
1076465.3750000000,-111.1750183105
1078946.7500000000,-111.1964416504
1081433.7500000000,-111.2329788208
1083926.5000000000,-111.2725677490
1086425.0000000000,-111.3090362549
1088930.5000000000,-111.3172836304
1091440.6250000000,-111.3196792603
1093956.5000000000,-111.3247680664
1096478.1250000000,-111.3324127197
1099005.5000000000,-111.3342666626
1101538.8750000000,-111.3351669312
1104079.1250000000,-111.3427734375
1106624.1250000000,-111.3430099487
1109175.0000000000,-111.3632431030
1111731.7500000000,-111.4080734253
1114294.3750000000,-111.4692459106
1116862.8750000000,-111.5463790894
1119437.3750000000,-111.6360244751
1122019.0000000000,-111.7278518677
1124605.2500000000,-111.7838897705
1127197.6250000000,-111.7934417725
1129795.8750000000,-111.8122329712
1132400.1250000000,-111.8134841919
1135010.3750000000,-111.8374099731
1137627.8750000000,-111.8725891113
1140250.2500000000,-111.8855514526
1142878.6250000000,-111.9027328491
1145513.0000000000,-111.9391174316
1148153.5000000000,-111.9522857666
1150800.0000000000,-111.9668273926
1153452.7500000000,-111.9732208252
1156112.7500000000,-111.9916229248
1158777.7500000000,-112.0049285889
1161448.7500000000,-112.0097503662
1164126.0000000000,-112.0180358887
1166809.3750000000,-112.0283050537
1169499.0000000000,-112.0284271240
1172194.7500000000,-112.0362854004
1174898.0000000000,-112.1123046875
1177606.2500000000,-112.1735076904
1180320.7500000000,-112.2234802246
1183041.3750000000,-112.2627334595
1185768.3750000000,-112.2650985718
1188501.7500000000,-112.2667465210
1191242.6250000000,-112.2761840820
1193988.5000000000,-112.2932739258
1196740.7500000000,-112.2996444702
1199499.2500000000,-112.2997741699
1202264.2500000000,-112.3247528076
1205035.5000000000,-112.3265075684
1207813.2500000000,-112.3427124023
1210598.6250000000,-112.3437881470
1213389.1250000000,-112.3442001343
1216186.1250000000,-112.3494796753
1218989.5000000000,-112.4176025391
1221799.3750000000,-112.5072708130
1224615.7500000000,-112.6028213501
1227439.8750000000,-112.6913604736
1230269.2500000000,-112.7608718872
1233105.0000000000,-112.8051605225
1235947.5000000000,-112.8267822266
1238796.3750000000,-112.8355636597
1241651.8750000000,-112.8428649902
1244514.0000000000,-112.8531417847
1247384.1250000000,-112.8665008545
1250259.3750000000,-112.8710632324
1253141.3750000000,-112.8775863647
1256029.8750000000,-112.8821029663
1258925.1250000000,-112.8920211792
1261827.0000000000,-112.9003295898
1264737.0000000000,-112.9033966064
1267652.3750000000,-112.9214019775
1270574.3750000000,-112.9335632324
1273503.1250000000,-112.9394836426
1276438.6250000000,-112.9422302246
1279380.8750000000,-112.9533920288
1282330.0000000000,-112.9555282593
1285287.2500000000,-113.0059738159
1288250.0000000000,-113.0821685791
1291219.5000000000,-113.1602859497
1294195.7500000000,-113.2338485718
1297179.0000000000,-113.2955551147
1300169.1250000000,-113.3016967773
1303166.1250000000,-113.3143005371
1306171.3750000000,-113.3158874512
1309182.2500000000,-113.3367004395
1312200.0000000000,-113.3392715454
1315224.7500000000,-113.3506927490
1318256.3750000000,-113.3587570190
1321295.1250000000,-113.4254226685
1324342.2500000000,-113.4959487915
1327394.8750000000,-113.5557556152
1330454.6250000000,-113.5920867920
1333521.3750000000,-113.6029357910
1336595.2500000000,-113.6059646606
1339676.2500000000,-113.6104812622
1342764.2500000000,-113.6108627319
1345860.8750000000,-113.6123809814
1348963.2500000000,-113.6173934937
1352072.7500000000,-113.6177673340
1355189.3750000000,-113.6193542480
1358313.1250000000,-113.6368865967
1361444.1250000000,-113.6834106445
1364583.8750000000,-113.7456665039
1367729.3750000000,-113.8134002686
1370882.0000000000,-113.8762207031
1374042.0000000000,-113.9287185669
1377209.2500000000,-113.9712371826
1380383.8750000000,-114.0064697266
1383565.7500000000,-114.0355911255
1386756.5000000000,-114.0575637817
1389953.0000000000,-114.0713653564
1393157.0000000000,-114.0809555054
1396368.2500000000,-114.0926055908
1399587.0000000000,-114.1117630005
1402813.1250000000,-114.1435317993
1406046.7500000000,-114.1850891113
1409289.3750000000,-114.2116546631
1412537.8750000000,-114.2180938721
1415793.8750000000,-114.2239761353
1419057.3750000000,-114.2279663086
1422328.3750000000,-114.2444839478
1425607.0000000000,-114.2469100952
1428894.6250000000,-114.2608413696
1432188.3750000000,-114.2678909302
1435489.6250000000,-114.2747497559
1438798.5000000000,-114.3082046509
1442115.1250000000,-114.3717269897
1445439.2500000000,-114.3994445801
1448771.1250000000,-114.4118728638
1452112.2500000000,-114.4134902954
1455459.5000000000,-114.4154434204
1458814.3750000000,-114.4317550659
1462177.0000000000,-114.4726562500
1465547.5000000000,-114.5380783081
1468925.6250000000,-114.6154556274
1472313.2500000000,-114.6448669434
1475707.0000000000,-114.6507186890
1479108.6250000000,-114.6538848877
1482518.1250000000,-114.6642837524
1485935.3750000000,-114.6786346436
1489360.6250000000,-114.6786575317
1492793.6250000000,-114.7010803223
1496236.3750000000,-114.7046585083
1499685.2500000000,-114.7101516724
1503142.1250000000,-114.7313995361
1506607.0000000000,-114.7391204834
1510079.7500000000,-114.7845001221
1513560.6250000000,-114.8441314697
1517051.1250000000,-114.9093780518
1520548.1250000000,-114.9688873291
1524053.0000000000,-115.0142364502
1527566.1250000000,-115.0525894165
1531087.2500000000,-115.0726699829
1534616.5000000000,-115.0803070068
1538153.8750000000,-115.0854873657
1541701.1250000000,-115.0910186768
1545254.8750000000,-115.1033477783
1548816.8750000000,-115.1522293091
1552387.0000000000,-115.2324905396
1555965.3750000000,-115.2929916382
1559551.8750000000,-115.2950210571
1563146.7500000000,-115.2996902466
1566751.7500000000,-115.3073730469
1570363.1250000000,-115.3184204102
1573983.0000000000,-115.3431930542
1577611.1250000000,-115.3566131592
1581247.6250000000,-115.3576736450
1584892.5000000000,-115.3735809326
1588547.5000000000,-115.3810043335
1592209.2500000000,-115.4320831299
1595879.3750000000,-115.4904022217
1599558.0000000000,-115.5485076904
1603245.1250000000,-115.6004791260
1606940.7500000000,-115.6555404663
1610644.8750000000,-115.6720046997
1614359.2500000000,-115.6749877930
1618080.5000000000,-115.6836090088
1621810.2500000000,-115.6846694946
1625548.6250000000,-115.6884689331
1629295.6250000000,-115.6964340210
1633051.2500000000,-115.7313461304
1636817.3750000000,-115.7717666626
1640590.3750000000,-115.8233489990
1644372.0000000000,-115.8591766357
1648162.3750000000,-115.8731155396
1651961.5000000000,-115.8743438721
1655769.5000000000,-115.8804168701
1659586.1250000000,-115.8804779053
1663413.3750000000,-115.8829498291
1667247.6250000000,-115.9053573608
1671090.7500000000,-115.9653015137
1674942.7500000000,-116.0175704956
1678803.6250000000,-116.0231399536
1682673.3750000000,-116.0276184082
1686554.0000000000,-116.0313568115
1690441.6250000000,-116.0315322876
1694338.1250000000,-116.0467529297
1698243.7500000000,-116.0675659180
1702158.2500000000,-116.0805358887
1706081.8750000000,-116.0971603394
1710014.5000000000,-116.1380386353
1713958.1250000000,-116.2640075684
1717908.8750000000,-116.3988723755
1721868.8750000000,-116.4027023315
1725837.8750000000,-116.4255218506
1729816.0000000000,-116.4264144897
1733803.3750000000,-116.4284896851
1737799.8750000000,-116.4533081055
1741807.6250000000,-116.4801864624
1745822.6250000000,-116.4908294678
1749846.7500000000,-116.5230255127
1753880.3750000000,-116.5262603760
1757923.1250000000,-116.5402679443
1761975.2500000000,-116.5598831177
1766038.7500000000,-116.5752258301
1770109.5000000000,-116.5863189697
1774189.7500000000,-116.6084365845
1778279.3750000000,-116.6138763428
1782378.5000000000,-116.6410446167
1786487.0000000000,-116.6556777954
1790605.0000000000,-116.6666564941
1794734.3750000000,-116.7359085083
1798871.3750000000,-116.7433395386
1803017.8750000000,-116.7506103516
1807174.0000000000,-116.7732162476
1811339.6250000000,-116.8055648804
1815514.8750000000,-116.8088073730
1819701.8750000000,-116.8377761841
1823896.3750000000,-116.8544082642
1828100.6250000000,-116.8552322388
1832314.5000000000,-116.8783493042
1836538.1250000000,-117.0031509399
1840771.3750000000,-117.0675277710
1845014.5000000000,-117.1263885498
1849269.5000000000,-117.1394042969
1853532.1250000000,-117.1409683228
1857804.6250000000,-117.1606826782
1862087.0000000000,-117.1666870117
1866379.2500000000,-117.1767501831
1870681.3750000000,-117.1882705688
1874993.5000000000,-117.1894989014
1879317.5000000000,-117.2077941895
1883649.5000000000,-117.2094039917
1887991.5000000000,-117.2133255005
1892343.3750000000,-117.2329864502
1896705.3750000000,-117.2683715820
1901077.3750000000,-117.3282394409
1905461.6250000000,-117.4210891724
1909853.8750000000,-117.4530563354
1914256.2500000000,-117.4580764771
1918668.7500000000,-117.4610061646
1923091.3750000000,-117.4714813232
1927524.2500000000,-117.4960403442
1931967.3750000000,-117.5086135864
1936422.7500000000,-117.5319824219
1940886.3750000000,-117.5678558350
1945360.2500000000,-117.5715866089
1949844.3750000000,-117.6058578491
1954339.0000000000,-117.6426239014
1958843.8750000000,-117.6586380005
1963361.2500000000,-117.6907958984
1967887.0000000000,-117.7166137695
1972423.1250000000,-117.7182006836
1976969.6250000000,-117.7344818115
1981526.7500000000,-117.7558975220
1986094.2500000000,-117.7592849731
1990672.3750000000,-117.7700119019
1995263.2500000000,-117.7789154053
1999862.3750000000,-117.7929458618
2004472.2500000000,-117.8051605225
2009092.7500000000,-117.9018249512
2013723.7500000000,-118.0037994385
2018365.6250000000,-118.0130538940
2023020.2500000000,-118.0137863159
2027683.5000000000,-118.0269241333
2032357.3750000000,-118.0292892456
2037042.1250000000,-118.0325088501
2041737.6250000000,-118.0497665405
2046444.0000000000,-118.0638351440
2051161.2500000000,-118.0740127563
2055891.5000000000,-118.0742263794
2060630.5000000000,-118.0760040283
2065380.3750000000,-118.0793991089
2070141.2500000000,-118.0914230347
2074913.1250000000,-118.1115493774
2079695.8750000000,-118.1910476685
2084489.7500000000,-118.3006515503
2089297.0000000000,-118.3552169800
2094112.8750000000,-118.3731613159
2098940.0000000000,-118.3925628662
2103778.2500000000,-118.3976974487
2108627.5000000000,-118.4305343628
2113488.0000000000,-118.4468688965
2118362.2500000000,-118.4563751221
2123245.2500000000,-118.5011520386
2128139.5000000000,-118.5064010620
2133045.0000000000,-118.5119781494
2137961.7500000000,-118.5475082397
2142889.7500000000,-118.5521697998
2147829.5000000000,-118.5703506470
2152782.7500000000,-118.5731353760
2157745.0000000000,-118.5891647339
2162718.7500000000,-118.5981597900
2167704.0000000000,-118.7003784180
2172700.7500000000,-118.7644119263
2177708.7500000000,-118.7812805176
2182731.0000000000,-118.7820663452
2187762.5000000000,-118.7989120483
2192805.2500000000,-118.8463592529
2197860.0000000000,-118.8993453979
2202926.2500000000,-118.9030532837
2208004.0000000000,-118.9221496582
2213093.7500000000,-118.9446411133
2218197.5000000000,-118.9462280273
2223310.5000000000,-118.9578552246
2228435.5000000000,-119.0264816284
2233572.0000000000,-119.0780563354
2238720.7500000000,-119.0790939331
2243881.0000000000,-119.0817184448
2249055.7500000000,-119.1141586304
2254240.0000000000,-119.1331939697
2259436.2500000000,-119.1339340210
2264644.5000000000,-119.1367416382
2269864.5000000000,-119.1416015625
2275096.7500000000,-119.1556930542
2280341.0000000000,-119.1599349976
2285600.0000000000,-119.1717376709
2290868.2500000000,-119.1823120117
2296149.0000000000,-119.1885757446
2301441.7500000000,-119.1943130493
2306746.7500000000,-119.2009658813
2312064.0000000000,-119.2822952271
2317393.5000000000,-119.3400955200
2322737.7500000000,-119.3582763672
2328091.7500000000,-119.3861846924
2333458.2500000000,-119.4090270996
2338837.0000000000,-119.4259414673
2344228.2500000000,-119.4384231567
2349631.7500000000,-119.5120544434
2355050.5000000000,-119.5642776489
2360479.0000000000,-119.5932235718
2365920.0000000000,-119.6034164429
2371373.7500000000,-119.6040802002
2376840.0000000000,-119.6044616699
2382318.7500000000,-119.6077194214
2387810.0000000000,-119.6314544678
2393316.7500000000,-119.6802978516
2398833.5000000000,-119.7256927490
2404363.0000000000,-119.7721633911
2409905.2500000000,-119.7958602905
2415460.2500000000,-119.8011932373
2421028.0000000000,-119.8176422119
2426611.2500000000,-119.8401107788
2432205.0000000000,-119.8452148438
2437811.2500000000,-119.8650588989
2443430.5000000000,-119.8806686401
2449063.0000000000,-119.8880538940
2454708.2500000000,-119.9097671509
2460366.5000000000,-119.9144592285
2466040.5000000000,-119.9562911987
2471724.7500000000,-120.0361404419
2477422.2500000000,-120.1209106445
2483133.0000000000,-120.1216201782
2488856.7500000000,-120.1391677856
2494593.7500000000,-120.1575164795
2500344.0000000000,-120.1588363647
2506110.2500000000,-120.1678009033
2511887.0000000000,-120.1733703613
2517677.0000000000,-120.1805343628
2523480.5000000000,-120.1920242310
2529297.2500000000,-120.2903747559
2535127.5000000000,-120.3012847900
2540974.0000000000,-120.3130645752
2546831.0000000000,-120.3879699707
2552701.7500000000,-120.3939971924
2558585.7500000000,-120.4039306641
2564483.5000000000,-120.4081268311
2570395.0000000000,-120.4107284546
2576319.7500000000,-120.4155731201
2582261.2500000000,-120.4402160645
2588213.5000000000,-120.4769210815
2594179.5000000000,-120.5007705688
2600159.2500000000,-120.5167922974
2606153.0000000000,-120.5393295288
2612160.2500000000,-120.5569610596
2618184.2500000000,-120.6163787842
2624219.5000000000,-120.6537551880
2630268.5000000000,-120.7024307251
2636331.5000000000,-120.7876968384
2642408.2500000000,-120.8171463013
2648499.2500000000,-120.8359985352
2654604.2500000000,-120.8433227539
2660726.2500000000,-120.8477020264
2666859.5000000000,-120.9375381470
2673006.7500000000,-120.9510955811
2679168.2500000000,-120.9578552246
2685343.7500000000,-121.0006790161
2691533.7500000000,-121.0075302124
2697741.0000000000,-121.0159759521
2703959.2500000000,-121.0478668213
2710192.2500000000,-121.0596313477
2716439.2500000000,-121.0612945557
2722701.0000000000,-121.0623397827
2728977.0000000000,-121.0742874146
2735267.5000000000,-121.0895309448
2741575.5000000000,-121.1026611328
2747895.0000000000,-121.1107711792
2754229.0000000000,-121.1214370728
2760577.7500000000,-121.1295852661
2766941.0000000000,-121.1511764526
2773319.0000000000,-121.1611785889
2779711.7500000000,-121.1890792847
2786122.2500000000,-121.2513656616
2792544.5000000000,-121.2877578735
2798981.5000000000,-121.3013687134
2805433.2500000000,-121.3072814941
2811900.0000000000,-121.3757247925
2818381.7500000000,-121.3959960938
2824881.2500000000,-121.4006500244
2831393.0000000000,-121.4289245605
2837919.5000000000,-121.4332733154
2844461.0000000000,-121.4688110352
2851017.7500000000,-121.5041503906
2857589.5000000000,-121.5661087036
2864176.5000000000,-121.5733718872
2870781.7500000000,-121.5958404541
2877399.2500000000,-121.6156997681
2884031.7500000000,-121.6429901123
2890679.7500000000,-121.6498641968
2897343.0000000000,-121.6738662720
2904021.5000000000,-121.6765899658
2910718.7500000000,-121.7372512817
2917428.0000000000,-121.7497787476
2924153.0000000000,-121.7677078247
2930893.2500000000,-121.7751922607
2937649.2500000000,-121.7761688232
2944420.7500000000,-121.7789688110
2951207.7500000000,-121.7989044189
2958013.7500000000,-121.8076629639
2964832.2500000000,-121.8227920532
2971666.2500000000,-121.8524093628
2978516.2500000000,-121.8689956665
2985382.0000000000,-121.8881072998
2992263.5000000000,-121.8989334106
2999164.2500000000,-121.9007034302
3006077.5000000000,-121.9077758789
3013006.7500000000,-121.9356155396
3019951.7500000000,-121.9744873047
3026913.0000000000,-122.0151214600
3033890.2500000000,-122.0565872192
3040883.7500000000,-122.0972824097
3047896.5000000000,-122.1344833374
3054922.0000000000,-122.1681976318
3061963.7500000000,-122.1976928711
3069022.0000000000,-122.2217102051
3076096.2500000000,-122.2435607910
3083186.7500000000,-122.2607803345
3090293.7500000000,-122.2777328491
3097420.5000000000,-122.2940979004
3104560.2500000000,-122.3112945557
3111716.5000000000,-122.3291702271
3118889.2500000000,-122.3481063843
3126078.5000000000,-122.3671798706
3133284.5000000000,-122.3859939575
3140510.2500000000,-122.4044647217
3147749.2500000000,-122.4225082397
3155005.2500000000,-122.4409027100
3162277.7500000000,-122.4595947266
3169567.0000000000,-122.4801712036
3176873.0000000000,-122.5020599365
3184196.0000000000,-122.5257720947
3191539.2500000000,-122.5521697998
3198896.0000000000,-122.5797271729
3206269.7500000000,-122.6100692749
3213660.2500000000,-122.6409225464
3221068.0000000000,-122.6724472046
3228492.7500000000,-122.7029418945
3235938.2500000000,-122.7327804565
3243397.2500000000,-122.7602844238
3250873.5000000000,-122.7868957520
3258367.0000000000,-122.8126449585
3265877.7500000000,-122.8394546509
3273406.0000000000,-122.8672790527
3280951.2500000000,-122.8976364136
3288517.7500000000,-122.9288330078
3296098.0000000000,-122.9603500366
3303695.7500000000,-122.9868316650
3311311.0000000000,-123.0088348389
3318944.0000000000,-123.0246658325
3326594.2500000000,-123.0326766968
3334262.2500000000,-123.0383911133
3341951.7500000000,-123.0420913696
3349655.2500000000,-123.0484313965
3357376.2500000000,-123.0566558838
3365115.2500000000,-123.0714950562
3372872.2500000000,-123.0898742676
3380646.7500000000,-123.1120758057
3388443.2500000000,-123.1406402588
3396253.7500000000,-123.1715545654
3404082.5000000000,-123.2057495117
3411929.0000000000,-123.2400894165
3419793.7500000000,-123.2730941772
3427676.7500000000,-123.3014984131
3435577.7500000000,-123.3229293823
3443500.7500000000,-123.3397293091
3451438.2500000000,-123.3479232788
3459394.0000000000,-123.3530883789
3467368.2500000000,-123.3564758301
3475360.7500000000,-123.3625640869
3483371.7500000000,-123.3740310669
3491405.0000000000,-123.3902816772
3499452.7500000000,-123.4182739258
3507519.2500000000,-123.4508132935
3515604.5000000000,-123.4877471924
3523708.2500000000,-123.5280303955
3531830.5000000000,-123.5674362183
3539971.7500000000,-123.6059265137
3548135.5000000000,-123.6396026611
3556314.2500000000,-123.6709671021
3564511.7500000000,-123.7000579834
3572728.2500000000,-123.7282638550
3580963.5000000000,-123.7576522827
3589218.0000000000,-123.7881317139
3597495.2500000000,-123.8188323975
3605787.7500000000,-123.8459167480
3614099.2500000000,-123.8692550659
3622430.0000000000,-123.8832931519
3630780.0000000000,-123.8931274414
3639149.2500000000,-123.9006271362
3647537.7500000000,-123.9085845947
3655949.5000000000,-123.9185867310
3664376.7500000000,-123.9292144775
3672823.5000000000,-123.9394073486
3681289.5000000000,-123.9479827881
3689775.2500000000,-123.9573669434
3698280.5000000000,-123.9686126709
3706805.2500000000,-123.9881668091
3715353.7500000000,-124.0128173828
3723918.0000000000,-124.0422592163
3732501.7500000000,-124.0764846802
3741105.5000000000,-124.1125259399
3749729.0000000000,-124.1495742798
3758372.5000000000,-124.1869506836
3767039.7500000000,-124.2194290161
3775723.2500000000,-124.2450942993
3784426.5000000000,-124.2626724243
3793149.7500000000,-124.2672500610
3801893.2500000000,-124.2704162598
3810657.0000000000,-124.2753295898
3819440.7500000000,-124.2886734009
3828249.0000000000,-124.3165664673
3837073.5000000000,-124.3546218872
3845918.2500000000,-124.4024963379
3854783.2500000000,-124.4620056152
3863668.7500000000,-124.5256958008
3872574.7500000000,-124.5894470215
3881505.7500000000,-124.6497344971
3890452.7500000000,-124.6948089600
3899420.5000000000,-124.7289047241
3908409.0000000000,-124.7537078857
3917418.2500000000,-124.7710952759
3926448.0000000000,-124.7865905762
3935498.7500000000,-124.8010177612
3944574.7500000000,-124.8136978149
3953667.2500000000,-124.8218917847
3962780.7500000000,-124.8242950439
3971915.2500000000,-124.8243637085
3981070.7500000000,-124.8245010376
3990247.5000000000,-124.8279495239
3999449.7500000000,-124.8378067017
4008668.7500000000,-124.8515396118
4017909.0000000000,-124.8682937622
4027170.5000000000,-124.8870697021
4036453.5000000000,-124.9087371826
4045757.7500000000,-124.9339752197
4055083.5000000000,-124.9628677368
4064435.2500000000,-124.9953384399
4073804.0000000000,-125.0280838013
4083194.5000000000,-125.0586166382
4092606.5000000000,-125.0866012573
4102040.2500000000,-125.1119384766
4111495.7500000000,-125.1343383789
4120973.0000000000,-125.1529998779
4130476.7500000000,-125.1666488647
4139997.7500000000,-125.1745834351
4149540.7500000000,-125.1764221191
4159105.7500000000,-125.1772842407
4168692.7500000000,-125.1825561523
4178301.7500000000,-125.1945724487
4187937.7500000000,-125.2148895264
4197591.0000000000,-125.2448883057
4207267.0000000000,-125.2816696167
4216965.0000000000,-125.3236160278
4226685.5000000000,-125.3699798584
4236428.0000000000,-125.4197845459
4246193.5000000000,-125.4692077637
4255986.0000000000,-125.5108108521
4265796.5000000000,-125.5417327881
4275629.5000000000,-125.5620422363
4285485.0000000000,-125.5660934448
4295363.0000000000,-125.5674514771
4305264.5000000000,-125.5710983276
4315193.0000000000,-125.5740661621
4325140.0000000000,-125.5771484375
4335109.5000000000,-125.5802383423
4345102.5000000000,-125.5832901001
4355118.0000000000,-125.5910873413
4365157.0000000000,-125.5928039551
4375219.0000000000,-125.5985794067
4385309.0000000000,-125.5998229980
4395417.5000000000,-125.6000747681
4405549.0000000000,-125.6028900146
4415704.5000000000,-125.6323013306
4425883.0000000000,-125.6755676270
4436085.0000000000,-125.7248916626
4446310.5000000000,-125.7753829956
4456564.0000000000,-125.8214263916
4466837.0000000000,-125.8564453125
4477133.5000000000,-125.8793258667
4487453.5000000000,-125.8956298828
4497797.5000000000,-125.9103088379
4508165.0000000000,-125.9270629883
4518561.5000000000,-125.9474868774
4528977.0000000000,-125.9706344604
4539417.0000000000,-125.9946365356
4549880.5000000000,-126.0191116333
4560368.5000000000,-126.0448608398
4570880.5000000000,-126.0731353760
4581416.5000000000,-126.1058807373
4591982.0000000000,-126.1453323364
4602567.0000000000,-126.1928176880
4613176.0000000000,-126.2452621460
4623810.0000000000,-126.2922363281
4634468.0000000000,-126.3274917603
4645151.0000000000,-126.3511734009
4655863.5000000000,-126.3676834106
4666595.5000000000,-126.3825225830
4677352.0000000000,-126.3995971680
4688134.0000000000,-126.4202499390
4698940.5000000000,-126.4452896118
4709771.5000000000,-126.4755783081
4720628.0000000000,-126.5114440918
4731514.5000000000,-126.5531387329
4742421.0000000000,-126.5997619629
4753353.0000000000,-126.6481170654
4764309.5000000000,-126.6924362183
4775291.5000000000,-126.6945495605
4786299.0000000000,-126.6974563599
4797337.0000000000,-126.7017135620
4808395.5000000000,-126.7085189819
4819479.0000000000,-126.7163619995
4830588.0000000000,-126.7239608765
4841723.0000000000,-126.7261886597
4852883.5000000000,-126.7326126099
4864070.0000000000,-126.7421569824
4875287.0000000000,-126.7450180054
4886525.0000000000,-126.7453231812
4897789.0000000000,-126.7506256104
4909078.5000000000,-126.7646942139
4920394.5000000000,-126.7930755615
4931736.0000000000,-126.8259277344
4943104.0000000000,-126.8609695435
4954504.0000000000,-126.8984146118
4965924.5000000000,-126.9394989014
4977371.0000000000,-126.9823684692
4988844.5000000000,-127.0208740234
5000344.0000000000,-127.0479049683
5011870.0000000000,-127.0608062744
5023428.5000000000,-127.0650177002
5035007.5000000000,-127.0717773438
5046614.0000000000,-127.0900344849
5058246.5000000000,-127.1182937622
5069906.0000000000,-127.1390838623
5081592.5000000000,-127.1421966553
5093306.0000000000,-127.1445388794
5105052.0000000000,-127.1496124268
5116819.5000000000,-127.1521759033
5128614.5000000000,-127.1563568115
5140436.0000000000,-127.1739273071
5152285.0000000000,-127.2088012695
5164161.5000000000,-127.2500381470
5176071.0000000000,-127.2931442261
5188002.0000000000,-127.3329696655
5199961.0000000000,-127.3639602661
5211947.0000000000,-127.3830947876
5223961.0000000000,-127.3913116455
5236002.5000000000,-127.3926925659
5248072.0000000000,-127.3928604126
5260175.0000000000,-127.3984451294
5272300.0000000000,-127.4157638550
5284453.0000000000,-127.4468460083
5296634.0000000000,-127.4865570068
5308843.5000000000,-127.5298538208
5321080.5000000000,-127.5636444092
5333352.0000000000,-127.5966186523
5345645.5000000000,-127.6345672607
5357967.5000000000,-127.6738510132
5370318.0000000000,-127.7023315430
5382697.0000000000,-127.7132720947
5395104.5000000000,-127.7149124146
5407541.0000000000,-127.7228546143
5420011.5000000000,-127.7456054688
5432505.0000000000,-127.7800292969
5445027.5000000000,-127.8174972534
5457578.5000000000,-127.8506546021
5470158.5000000000,-127.8761596680
5482767.5000000000,-127.8960418701
5495406.0000000000,-127.9184341431
5508079.0000000000,-127.9538726807
5520775.5000000000,-128.0064544678
5533501.5000000000,-128.0667572021
5546256.5000000000,-128.1160430908
5559041.0000000000,-128.1408081055
5571855.0000000000,-128.1437530518
5584704.5000000000,-128.1438140869
5597578.0000000000,-128.1688995361
5610480.5000000000,-128.2003021240
5623413.5000000000,-128.2121276855
5636375.5000000000,-128.2130584717
5649368.0000000000,-128.2220916748
5662390.0000000000,-128.2239990234
5675448.5000000000,-128.2278289795
5688531.0000000000,-128.2365570068
5701643.5000000000,-128.2367858887
5714786.0000000000,-128.2405090332
5727959.0000000000,-128.2475585938
5741162.5000000000,-128.2517242432
5754402.5000000000,-128.2518615723
5767666.5000000000,-128.2658538818
5780961.5000000000,-128.3216552734
5794287.0000000000,-128.3934478760
5807643.5000000000,-128.4760131836
5821030.5000000000,-128.5470428467
5834448.5000000000,-128.5688781738
5847903.5000000000,-128.5698089600
5861383.5000000000,-128.5830841064
5874894.0000000000,-128.5880126953
5888436.5000000000,-128.5912780762
5902009.5000000000,-128.5954742432
5915614.0000000000,-128.6058807373
5929250.0000000000,-128.6078796387
5942924.0000000000,-128.6170196533
5956622.5000000000,-128.6475524902
5970353.0000000000,-128.6722717285
5984115.5000000000,-128.6906280518
5997909.0000000000,-128.7054290771
6011734.5000000000,-128.7188873291
6025599.0000000000,-128.7202453613
6039488.0000000000,-128.7249145508
6053409.5000000000,-128.7495574951
6067363.0000000000,-128.7971191406
6081349.0000000000,-128.8527374268
6095367.0000000000,-128.8950347900
6109417.0000000000,-128.9149475098
6123506.5000000000,-128.9189605713
6137621.5000000000,-128.9356842041
6151769.0000000000,-128.9686889648
6165949.5000000000,-129.0090179443
6180162.5000000000,-129.0437927246
6194408.0000000000,-129.0686340332
6208693.5000000000,-129.0722808838
6223005.0000000000,-129.0758666992
6237349.5000000000,-129.0953979492
6251727.0000000000,-129.1363983154
6266137.5000000000,-129.1909942627
6280581.5000000000,-129.2274017334
6295058.5000000000,-129.2315673828
6309576.0000000000,-129.2370452881
6324120.0000000000,-129.2421875000
6338698.0000000000,-129.2478027344
6353309.0000000000,-129.2553405762
6367954.0000000000,-129.2587738037
6382632.5000000000,-129.2605438232
6397352.0000000000,-129.2728271484
6412098.0000000000,-129.3119201660
6426878.5000000000,-129.4204864502
6441693.0000000000,-129.5182037354
6456541.5000000000,-129.5465850830
6471424.0000000000,-129.5474853516
6486341.5000000000,-129.5507507324
6501300.0000000000,-129.5553283691
6516286.0000000000,-129.5634460449
6531306.5000000000,-129.5637207031
6546361.5000000000,-129.5669097900
6561451.5000000000,-129.5730743408
6576576.0000000000,-129.6016387939
6591735.5000000000,-129.6197662354
6606937.0000000000,-129.6316375732
6622166.5000000000,-129.6457824707
6637431.0000000000,-129.6556549072
6652731.0000000000,-129.6563568115
6668066.0000000000,-129.6605072021
6683436.0000000000,-129.6975860596
6698849.5000000000,-129.7644958496
6714290.5000000000,-129.8152465820
6729767.5000000000,-129.8189086914
6745280.0000000000,-129.8192291260
6760828.5000000000,-129.8197784424
6776413.0000000000,-129.8342437744
6792033.0000000000,-129.8490600586
6807696.5000000000,-129.8628692627
6823388.5000000000,-129.8839569092
6839117.0000000000,-129.9079589844
6854881.5000000000,-129.9187164307
6870682.5000000000,-129.9330291748
6886520.0000000000,-129.9353942871
6902401.5000000000,-130.0023498535
6918312.0000000000,-130.0648040771
6934259.5000000000,-130.1045684814
6950243.5000000000,-130.1548767090
6966264.0000000000,-130.1794281006
6982322.0000000000,-130.1878509521
6998416.5000000000,-130.1933135986
7014556.0000000000,-130.2053833008
7030725.0000000000,-130.2132720947
7046931.5000000000,-130.2235260010
7063175.0000000000,-130.2383422852
7079456.5000000000,-130.2880554199
7095775.0000000000,-130.3094024658
7112139.0000000000,-130.3337860107
7128533.0000000000,-130.3607788086
7144965.0000000000,-130.3915100098
7161434.5000000000,-130.4215087891
7177942.0000000000,-130.4271240234
7194487.5000000000,-130.4330444336
7211071.5000000000,-130.4532775879
7227701.5000000000,-130.4614257813
7244362.0000000000,-130.4657135010
7261060.5000000000,-130.4885711670
7277798.0000000000,-130.4983673096
7294573.5000000000,-130.5460052490
7311388.0000000000,-130.5786895752
7328241.5000000000,-130.6119384766
7345141.5000000000,-130.6234436035
7362072.5000000000,-130.6282501221
7379043.0000000000,-130.6415557861
7396052.0000000000,-130.6474761963
7413100.5000000000,-130.6635589600
7430188.0000000000,-130.6636962891
7447323.5000000000,-130.6646270752
7464490.0000000000,-130.7026824951
7481696.5000000000,-130.7354736328
7498942.0000000000,-130.7505493164
7516227.5000000000,-130.7571563721
7533553.0000000000,-130.7576446533
7550918.5000000000,-130.7736663818
7568332.0000000000,-130.8412017822
7585777.5000000000,-130.9065246582
7603263.5000000000,-130.9222106934
7620789.5000000000,-130.9275054932
7638356.0000000000,-130.9425048828
7655963.0000000000,-130.9756622314
7673619.0000000000,-131.0269470215
7691307.0000000000,-131.0564727783
7709036.0000000000,-131.0627746582
7726806.0000000000,-131.0724945068
7744617.0000000000,-131.1019439697
7762469.0000000000,-131.1048278809
7780362.0000000000,-131.1393127441
7798304.5000000000,-131.2538604736
7816280.5000000000,-131.3186798096
7834297.5000000000,-131.3256225586
7852356.0000000000,-131.3287200928
7870456.0000000000,-131.3302001953
7888598.0000000000,-131.3352355957
7906782.0000000000,-131.3367614746
7925016.5000000000,-131.3417510986
7943284.0000000000,-131.3687591553
7961594.0000000000,-131.3742065430
7979946.0000000000,-131.4030303955
7998340.5000000000,-131.4131469727
8016777.0000000000,-131.4174499512
8035265.0000000000,-131.4311676025
8053787.0000000000,-131.5061645508
8072351.5000000000,-131.5859375000
8090959.0000000000,-131.6031494141
8109609.0000000000,-131.6041564941
8128302.5000000000,-131.6081695557
8147038.5000000000,-131.6083068848
8165827.0000000000,-131.6084136963
8184650.0000000000,-131.6119995117
8203516.0000000000,-131.6169128418
8222426.0000000000,-131.6231994629
8241379.0000000000,-131.6281433105
8260376.0000000000,-131.6441192627
8279426.0000000000,-131.6498107910
8298510.5000000000,-131.6688842773
8317639.0000000000,-131.6735687256
8336812.0000000000,-131.6968078613
8356029.0000000000,-131.8059234619
8375290.0000000000,-131.8251037598
8394596.0000000000,-131.8256378174
8413955.0000000000,-131.8520507813
8433350.0000000000,-131.8931121826
8452789.0000000000,-131.9309234619
8472274.0000000000,-131.9361267090
8491803.0000000000,-131.9570159912
8511377.0000000000,-131.9591064453
8531006.0000000000,-131.9630279541
8550670.0000000000,-131.9649200439
8570380.0000000000,-131.9866180420
8590136.0000000000,-132.0588836670
8609936.0000000000,-132.1876831055
8629783.0000000000,-132.2136230469
8649675.0000000000,-132.2252349854
8669623.0000000000,-132.2454223633
8689607.0000000000,-132.2505950928
8709637.0000000000,-132.2583618164
8729713.0000000000,-132.2624511719
8749836.0000000000,-132.2660675049
8770005.0000000000,-132.3045806885
8790220.0000000000,-132.3233337402
8810492.0000000000,-132.3397369385
8830801.0000000000,-132.3563690186
8851157.0000000000,-132.3751983643
8871559.0000000000,-132.3776550293
8892009.0000000000,-132.3869476318
8912505.0000000000,-132.3879394531
8933059.0000000000,-132.4120635986
8953651.0000000000,-132.4164886475
8974289.0000000000,-132.4542694092
8994976.0000000000,-132.5363922119
9015710.0000000000,-132.5775451660
9036492.0000000000,-132.6109313965
9057321.0000000000,-132.6470336914
9078209.0000000000,-132.6769866943
9099135.0000000000,-132.7023468018
9120109.0000000000,-132.7030639648
9141132.0000000000,-132.7116546631
9162203.0000000000,-132.7300262451
9183322.0000000000,-132.7513885498
9204500.0000000000,-132.7527618408
9225718.0000000000,-132.7626190186
9246983.0000000000,-132.7846832275
9268298.0000000000,-132.8095245361
9289662.0000000000,-132.8381500244
9311076.0000000000,-132.8505249023
9332538.0000000000,-132.8553009033
9354061.0000000000,-132.8911437988
9375623.0000000000,-132.9514465332
9397234.0000000000,-132.9575500488
9418895.0000000000,-132.9778289795
9440607.0000000000,-132.9857025146
9462368.0000000000,-132.9936981201
9484190.0000000000,-133.0071563721
9506052.0000000000,-133.0433654785
9527964.0000000000,-133.0914154053
9549926.0000000000,-133.1077117920
9571940.0000000000,-133.1077728271
9594004.0000000000,-133.1168365479
9616118.0000000000,-133.1353149414
9638295.0000000000,-133.1532135010
9660512.0000000000,-133.1535949707
9682780.0000000000,-133.1544342041
9705099.0000000000,-133.1547393799
9727470.0000000000,-133.1572723389
9749893.0000000000,-133.1593933105
9772367.0000000000,-133.1725006104
9794904.0000000000,-133.1762847900
9817482.0000000000,-133.1811523438
9840112.0000000000,-133.1912384033
9862794.0000000000,-133.1944732666
9885528.0000000000,-133.2051239014
9908315.0000000000,-133.2075958252
9931165.0000000000,-133.2317810059
9954057.0000000000,-133.2784271240
9977002.0000000000,-133.3489685059
10000000.0000000000,-133.4200286865
10023051.0000000000,-133.4772491455
10046155.0000000000,-133.5306701660
10069312.0000000000,-133.5567169189
10092533.0000000000,-133.5718841553
10115797.0000000000,-133.5805358887
10139115.0000000000,-133.5850524902
10162486.0000000000,-133.6004943848
10185911.0000000000,-133.6261444092
10209391.0000000000,-133.6615600586
10232935.0000000000,-133.7098083496
10256523.0000000000,-133.7512207031
10280165.0000000000,-133.7558288574
10303861.0000000000,-133.7585449219
10327613.0000000000,-133.7640686035
10351418.0000000000,-133.7773437500
10375279.0000000000,-133.7996215820
10399206.0000000000,-133.8082122803
10423177.0000000000,-133.8082122803
10447203.0000000000,-133.8353881836
10471285.0000000000,-133.8433837891
10495422.0000000000,-133.8516082764
10519615.0000000000,-133.8728942871
10543863.0000000000,-133.8793640137
10568179.0000000000,-133.8799743652
10592540.0000000000,-133.8923492432
10616956.0000000000,-133.8997650146
10641429.0000000000,-133.9089813232
10665958.0000000000,-133.9338226318
10690544.0000000000,-133.9586791992
10715198.0000000000,-133.9837493896
10739898.0000000000,-134.0109252930
10764654.0000000000,-134.0506744385
10789467.0000000000,-134.0917510986
10814338.0000000000,-134.1392211914
10839265.0000000000,-134.1847381592
10864251.0000000000,-134.2229461670
10889305.0000000000,-134.2594909668
10914406.0000000000,-134.2912139893
10939565.0000000000,-134.3282012939
10964781.0000000000,-134.3766479492
10990056.0000000000,-134.4338531494
11015388.0000000000,-134.4560699463
11040792.0000000000,-134.4576110840
11066242.0000000000,-134.4612884521
11091750.0000000000,-134.4786529541
11117317.0000000000,-134.4798278809
11142944.0000000000,-134.5045013428
11168629.0000000000,-134.5054016113
11194373.0000000000,-134.5080108643
11220189.0000000000,-134.5432891846
11246053.0000000000,-134.5464782715
11271976.0000000000,-134.5732574463
11297958.0000000000,-134.5826568604
11324001.0000000000,-134.6004333496
11350104.0000000000,-134.6161804199
11376279.0000000000,-134.6365661621
11402502.0000000000,-134.6479034424
11428786.0000000000,-134.6631927490
11455130.0000000000,-134.6708526611
11481535.0000000000,-134.6779479980
11508000.0000000000,-134.6905212402
11534527.0000000000,-134.7001800537
11561128.0000000000,-134.7016143799
11587777.0000000000,-134.7374725342
11614488.0000000000,-134.8146057129
11641260.0000000000,-134.8817901611
11668094.0000000000,-134.9449157715
11694990.0000000000,-134.9866485596
11721947.0000000000,-135.0227203369
11748980.0000000000,-135.0476074219
11776062.0000000000,-135.0705718994
11803207.0000000000,-135.0918273926
11830414.0000000000,-135.1128234863
11857684.0000000000,-135.1337127686
11885017.0000000000,-135.1513977051
11912426.0000000000,-135.1680297852
11939885.0000000000,-135.1798095703
11967407.0000000000,-135.1909027100
11994993.0000000000,-135.2008056641
12022642.0000000000,-135.2165832520
12050355.0000000000,-135.2361602783
12078132.0000000000,-135.2713928223
12105986.0000000000,-135.3101654053
12133892.0000000000,-135.3552856445
12161861.0000000000,-135.3924865723
12189895.0000000000,-135.4111175537
12217994.0000000000,-135.4114379883
12246157.0000000000,-135.4143066406
12274399.0000000000,-135.4172668457
12302692.0000000000,-135.4187164307
12331051.0000000000,-135.4573516846
12359475.0000000000,-135.5052490234
12387964.0000000000,-135.5211791992
12416519.0000000000,-135.5215911865
12445140.0000000000,-135.5229644775
12473841.0000000000,-135.5247039795
12502594.0000000000,-135.5264739990
12531413.0000000000,-135.5268402100
12560299.0000000000,-135.5368652344
12589251.0000000000,-135.5392761230
12618270.0000000000,-135.5609588623
12647370.0000000000,-135.5628509521
12676523.0000000000,-135.5641632080
12705744.0000000000,-135.5952301025
12735031.0000000000,-135.6023559570
12764387.0000000000,-135.6160278320
12793809.0000000000,-135.6194610596
12823300.0000000000,-135.6317443848
12852873.0000000000,-135.6777954102
12882499.0000000000,-135.6876678467
12912195.0000000000,-135.6952362061
12941958.0000000000,-135.7090911865
12971790.0000000000,-135.7238464355
13001691.0000000000,-135.7725219727
13031661.0000000000,-135.7838439941
13061714.0000000000,-135.7918853760
13091822.0000000000,-135.8401947021
13122000.0000000000,-135.8431243896
13152247.0000000000,-135.8453216553
13182564.0000000000,-135.8714752197
13212951.0000000000,-135.9013366699
13243422.0000000000,-135.9228668213
13273949.0000000000,-135.9271545410
13304546.0000000000,-135.9306945801
13335214.0000000000,-135.9333190918
13365953.0000000000,-135.9441070557
13396762.0000000000,-135.9592590332
13427643.0000000000,-136.0042724609
13458609.0000000000,-136.0691223145
13489632.0000000000,-136.1371765137
13520727.0000000000,-136.1791381836
13551893.0000000000,-136.1880340576
13583131.0000000000,-136.1882781982
13614441.0000000000,-136.2066955566
13645839.0000000000,-136.2078704834
13677293.0000000000,-136.2190399170
13708820.0000000000,-136.2465209961
13740420.0000000000,-136.2605895996
13772093.0000000000,-136.2680969238
13803838.0000000000,-136.2801361084
13835657.0000000000,-136.2948455811
13867565.0000000000,-136.3071594238
13899530.0000000000,-136.3591308594
13931570.0000000000,-136.4826965332
13963683.0000000000,-136.5374603271
13995870.0000000000,-136.5420074463
14028132.0000000000,-136.5615997314
14060468.0000000000,-136.5650177002
14092893.0000000000,-136.5785522461
14125379.0000000000,-136.5870056152
14157939.0000000000,-136.5887756348
14190574.0000000000,-136.5893096924
14223284.0000000000,-136.6120910645
14256070.0000000000,-136.6148681641
14288946.0000000000,-136.6212310791
14321884.0000000000,-136.6558380127
14354896.0000000000,-136.6971893311
14387986.0000000000,-136.7311401367
14421151.0000000000,-136.7528076172
14454393.0000000000,-136.8115997314
14487711.0000000000,-136.8439178467
14521122.0000000000,-136.8672332764
14554594.0000000000,-136.8679809570
14588144.0000000000,-136.9003906250
14621770.0000000000,-136.9029541016
14655475.0000000000,-137.0326538086
14689257.0000000000,-137.0467987061
14723133.0000000000,-137.0507659912
14757070.0000000000,-137.0621948242
14791086.0000000000,-137.0748443604
14825181.0000000000,-137.0751190186
14859354.0000000000,-137.0784454346
14893606.0000000000,-137.0892028809
14927937.0000000000,-137.1107635498
14962363.0000000000,-137.1139221191
14996852.0000000000,-137.1499938965
15031421.0000000000,-137.1590423584
15066070.0000000000,-137.1705322266
15100798.0000000000,-137.1771850586
15135607.0000000000,-137.2028656006
15170512.0000000000,-137.2074279785
15205481.0000000000,-137.2087249756
15240531.0000000000,-137.2505187988
15275661.0000000000,-137.3162231445
15310873.0000000000,-137.3393859863
15346165.0000000000,-137.3485870361
15381539.0000000000,-137.3534240723
15417012.0000000000,-137.3845825195
15452549.0000000000,-137.3852844238
15488168.0000000000,-137.3893585205
15523870.0000000000,-137.4014892578
15559653.0000000000,-137.4035034180
15595519.0000000000,-137.4195404053
15631468.0000000000,-137.4334259033
15667517.0000000000,-137.4432067871
15703632.0000000000,-137.4684448242
15739830.0000000000,-137.4734802246
15776111.0000000000,-137.4825897217
15812476.0000000000,-137.4886322021
15848925.0000000000,-137.5041046143
15885475.0000000000,-137.5080871582
15922092.0000000000,-137.5083312988
15958794.0000000000,-137.5099182129
15995580.0000000000,-137.6828308105
16032451.0000000000,-137.6888732910
16069407.0000000000,-137.7025146484
16106448.0000000000,-137.7034759521
16143592.0000000000,-137.7058258057
16180804.0000000000,-137.7178649902
16218102.0000000000,-137.7214355469
16255486.0000000000,-137.7232971191
16292956.0000000000,-137.7290191650
16330513.0000000000,-137.7432861328
16368174.0000000000,-137.7767791748
16405903.0000000000,-137.8335418701
16443720.0000000000,-137.8652954102
16481624.0000000000,-137.9118652344
16519616.0000000000,-137.9506072998
16557694.0000000000,-137.9765930176
16595861.0000000000,-138.0416564941
16634134.0000000000,-138.0656127930
16672477.0000000000,-138.0682067871
16710908.0000000000,-138.0802764893
16749428.0000000000,-138.0822296143
16788036.0000000000,-138.1056365967
16826734.0000000000,-138.1296691895
16865540.0000000000,-138.1422729492
16904416.0000000000,-138.1422729492
16943382.0000000000,-138.1422729492
16982438.0000000000,-138.1422729492
17021582.0000000000,-138.1422729492
17060818.0000000000,-138.1577758789
17100146.0000000000,-138.1870574951
17139582.0000000000,-138.1959686279
17179090.0000000000,-138.2527770996
17218688.0000000000,-138.2978973389
17258378.0000000000,-138.3260345459
17298160.0000000000,-138.3282165527
17338034.0000000000,-138.3297882080
17378000.0000000000,-138.3318023682
17418076.0000000000,-138.3358459473
17458226.0000000000,-138.3611297607
17498468.0000000000,-138.3696441650
17538804.0000000000,-138.4071350098
17579232.0000000000,-138.4305725098
17619752.0000000000,-138.4417724609
17660388.0000000000,-138.5108642578
17701096.0000000000,-138.5883789063
17741898.0000000000,-138.6181640625
17782794.0000000000,-138.6239318848
17823784.0000000000,-138.7326812744
17864870.0000000000,-138.7353820801
17906050.0000000000,-138.7793579102
17947344.0000000000,-138.7799835205
17988714.0000000000,-138.7854766846
18030180.0000000000,-138.7935333252
18071740.0000000000,-138.8033752441
18113396.0000000000,-138.8056945801
18155150.0000000000,-138.8227081299
18197018.0000000000,-138.8504333496
18238964.0000000000,-138.8542633057
18281006.0000000000,-138.9340515137
18323144.0000000000,-138.9418792725
18365380.0000000000,-138.9491729736
18407714.0000000000,-138.9539642334
18450146.0000000000,-138.9539642334
18492694.0000000000,-138.9539642334
18535322.0000000000,-138.9539642334
18578046.0000000000,-138.9632873535
18620870.0000000000,-138.9845123291
18663792.0000000000,-139.0092926025
18706814.0000000000,-139.0186157227
18749934.0000000000,-139.0187072754
18793176.0000000000,-139.0197601318
18836496.0000000000,-139.0289459229
18879914.0000000000,-139.0933380127
18923434.0000000000,-139.1200256348
18967054.0000000000,-139.1410827637
19010774.0000000000,-139.1507415771
19054616.0000000000,-139.2536773682
19098538.0000000000,-139.2601470947
19142562.0000000000,-139.2645568848
19186688.0000000000,-139.2876434326
19230914.0000000000,-139.3025054932
19275242.0000000000,-139.3074035645
19319674.0000000000,-139.3161163330
19364228.0000000000,-139.3755493164
19408864.0000000000,-139.3791503906
19453602.0000000000,-139.4015655518
19498444.0000000000,-139.4178924561
19543390.0000000000,-139.4390258789
19588438.0000000000,-139.4842071533
19633612.0000000000,-139.4842071533
19678870.0000000000,-139.4842071533
19724230.0000000000,-139.4842071533
19769696.0000000000,-139.4842071533
19815268.0000000000,-139.4842071533
19860942.0000000000,-139.4908905029
19906724.0000000000,-139.5234375000
19952632.0000000000,-139.5324859619
19998624.0000000000,-139.5453186035
20044722.0000000000,-139.5799102783
20090926.0000000000,-139.5830535889
20137238.0000000000,-139.6389923096
20183656.0000000000,-139.6634368896
20230202.0000000000,-139.6664581299
20276834.0000000000,-139.6700592041
20323574.0000000000,-139.6729888916
20370422.0000000000,-139.6854248047
20417376.0000000000,-139.7238311768
20464440.0000000000,-139.7238311768
20511612.0000000000,-139.7238311768
20558916.0000000000,-139.6882476807
20606306.0000000000,-139.6882476807
20653804.0000000000,-139.6882476807
20701412.0000000000,-139.6882476807
20749130.0000000000,-139.6882476807
20796960.0000000000,-139.7704772949
20844898.0000000000,-139.7736968994
20892970.0000000000,-139.8150787354
20941130.0000000000,-139.8827209473
20989400.0000000000,-139.9062347412
21037782.0000000000,-139.9114074707
21086276.0000000000,-139.9146575928
21134882.0000000000,-139.9236907959
21183622.0000000000,-139.9507446289
21232452.0000000000,-139.9772186279
21281394.0000000000,-139.9801330566
21330448.0000000000,-139.9895019531
21379618.0000000000,-140.0382385254
21428898.0000000000,-140.0570373535
21478294.0000000000,-140.0782012939
21527826.0000000000,-140.1093902588
21577450.0000000000,-140.1759185791
21627188.0000000000,-140.1781616211
21677040.0000000000,-140.1921081543
21727006.0000000000,-140.1977233887
21777088.0000000000,-140.2189483643
21827310.0000000000,-140.2302093506
21877624.0000000000,-140.2302093506
21928054.0000000000,-140.2302093506
21978600.0000000000,-140.2302093506
22029262.0000000000,-140.2424621582
22080040.0000000000,-140.2439727783
22130936.0000000000,-140.2470397949
22181974.0000000000,-140.2872924805
22233106.0000000000,-140.3123931885
22284354.0000000000,-140.2872924805
22335722.0000000000,-140.2470397949
22387206.0000000000,-140.2470397949
22438810.0000000000,-140.3123931885
22490558.0000000000,-140.3405914307
22542400.0000000000,-140.3412475586
22594362.0000000000,-140.3412475586
22646444.0000000000,-140.3412475586
22698646.0000000000,-140.3412475586
22750968.0000000000,-140.3412475586
22803410.0000000000,-140.3412475586
22855998.0000000000,-140.3412475586
22908684.0000000000,-140.3887939453
22961490.0000000000,-140.3887939453
23014418.0000000000,-140.3887939453
23067468.0000000000,-140.3887939453
23120640.0000000000,-140.3887939453
23173934.0000000000,-140.4114227295
23227378.0000000000,-140.4207153320
23280918.0000000000,-140.4513397217
23334582.0000000000,-140.4747314453
23388370.0000000000,-140.4788055420
23442282.0000000000,-140.5171966553
23496318.0000000000,-140.5676269531
23550504.0000000000,-140.5794219971
23604790.0000000000,-140.5828857422
23659200.0000000000,-140.5828857422
23713738.0000000000,-140.5794219971
23768398.0000000000,-140.5676269531
23823186.0000000000,-140.5489654541
23878100.0000000000,-140.5358428955
23933168.0000000000,-140.5234222412
23988336.0000000000,-140.5171966553
24043630.0000000000,-140.5171966553
24099052.0000000000,-140.5234222412
24154602.0000000000,-140.5358428955
24210280.0000000000,-140.5358428955
24266114.0000000000,-140.5358428955
24322048.0000000000,-140.5358428955
24378112.0000000000,-140.5358428955
24434306.0000000000,-140.5489654541
24490628.0000000000,-140.5676269531
24547082.0000000000,-140.5794219971
24603664.0000000000,-140.5828857422
24660404.0000000000,-140.5828857422
24717248.0000000000,-140.5828857422
24774224.0000000000,-140.5828857422
24831330.0000000000,-140.5828857422
24888568.0000000000,-140.5828857422
24945938.0000000000,-140.5828857422
25003440.0000000000,-140.5828857422
25061102.0000000000,-140.5828857422
25118870.0000000000,-140.5828857422
25176770.0000000000,-140.5924377441
25234804.0000000000,-140.5924377441
25292972.0000000000,-140.5924377441
25351274.0000000000,-140.6191711426
25409740.0000000000,-140.6256103516
25468310.0000000000,-140.6405181885
25527016.0000000000,-140.6573028564
25585858.0000000000,-140.6573028564
25644836.0000000000,-140.7442626953
25703948.0000000000,-140.7793121338
25763198.0000000000,-140.8106842041
25822612.0000000000,-140.8201446533
25882136.0000000000,-140.8277893066
25941796.0000000000,-140.8609313965
26001594.0000000000,-140.8891143799
26061528.0000000000,-140.9241333008
26121602.0000000000,-140.9448852539
26181844.0000000000,-140.9487152100
26242194.0000000000,-140.9605560303
26302684.0000000000,-140.9672851563
26363314.0000000000,-141.0224761963
26424084.0000000000,-141.0224761963
26484992.0000000000,-141.0224761963
26546042.0000000000,-141.0224761963
26607262.0000000000,-141.0690155029
26668594.0000000000,-141.1362762451
26730066.0000000000,-141.1374206543
26791682.0000000000,-141.1594085693
26853438.0000000000,-141.1925048828
26915338.0000000000,-141.2066497803
26977408.0000000000,-141.2090454102
27039594.0000000000,-141.2090454102
27101922.0000000000,-141.2090454102
27164394.0000000000,-141.2090454102
27227010.0000000000,-141.2901763916
27289770.0000000000,-141.2910614014
27352674.0000000000,-141.3084716797
27415754.0000000000,-141.3084716797
27478950.0000000000,-141.3163146973
27542290.0000000000,-141.3210754395
27605778.0000000000,-141.3395690918
27669410.0000000000,-141.3440704346
27733190.0000000000,-141.3551483154
27797118.0000000000,-141.3440704346
27861222.0000000000,-141.3395690918
27925444.0000000000,-141.3395690918
27989814.0000000000,-141.3551483154
28054334.0000000000,-141.3957672119
28119000.0000000000,-141.4075622559
28183816.0000000000,-141.4445343018
28248814.0000000000,-141.4474945068
28313930.0000000000,-141.4474945068
28379194.0000000000,-141.4474945068
28444610.0000000000,-141.4474945068
28510178.0000000000,-141.4474945068
28575896.0000000000,-141.4858703613
28641766.0000000000,-141.5330047607
28707818.0000000000,-141.5474853516
28773992.0000000000,-141.6303863525
28840318.0000000000,-141.6882476807
28906796.0000000000,-141.7433624268
28973428.0000000000,-141.7474365234
29040214.0000000000,-141.7711639404
29107186.0000000000,-141.8650665283
29174280.0000000000,-141.9104766846
29241530.0000000000,-141.9964447021
29308932.0000000000,-142.2247924805
29376492.0000000000,-142.2306671143
29444208.0000000000,-142.2397613525
29512078.0000000000,-142.2637939453
29580138.0000000000,-142.2737426758
29648322.0000000000,-142.3093719482
29716664.0000000000,-142.3367614746
29785162.0000000000,-142.3400115967
29853820.0000000000,-142.3400115967
29922634.0000000000,-142.3798065186
29991642.0000000000,-142.3831787109
30060774.0000000000,-142.3965759277
30130066.0000000000,-142.4054565430
30199518.0000000000,-142.4189758301
30269130.0000000000,-142.4270019531
30338904.0000000000,-142.4410705566
30408836.0000000000,-142.4607391357
30478964.0000000000,-142.4623718262
30549220.0000000000,-142.4954986572
30619638.0000000000,-142.4982604980
30690220.0000000000,-142.5037384033
30760962.0000000000,-142.5249633789
30831868.0000000000,-142.5520477295
30902938.0000000000,-142.5828704834
30974206.0000000000,-142.5828704834
31045604.0000000000,-142.5828704834
31117166.0000000000,-142.5828704834
31188892.0000000000,-142.5828704834
31260786.0000000000,-142.5828704834
31332844.0000000000,-142.5828704834
31405102.0000000000,-142.5828704834
31477494.0000000000,-142.5828704834
31550052.0000000000,-142.5828704834
31622776.0000000000,-142.5828704834
31695670.0000000000,-142.5520477295
31768730.0000000000,-142.5333557129
31841960.0000000000,-142.5077972412
31915392.0000000000,-142.5072021484
31988960.0000000000,-142.5053100586
32062696.0000000000,-142.4982604980
32136604.0000000000,-142.4954986572
32210680.0000000000,-142.4826812744
32284928.0000000000,-142.4623718262
32359382.0000000000,-142.4410705566
32433974.0000000000,-142.4270019531
32508736.0000000000,-142.4267272949
32583670.0000000000,-142.4267272949
32658778.0000000000,-142.4267272949
32734060.0000000000,-142.4267272949
32809514.0000000000,-142.4267272949
32885178.0000000000,-142.4267272949
32960980.0000000000,-142.4267272949
33036958.0000000000,-142.4267272949
33113110.0000000000,-142.4267272949
33189438.0000000000,-142.4267272949
33265942.0000000000,-142.4267272949
33342624.0000000000,-142.4267272949
33419516.0000000000,-142.4267272949
33496552.0000000000,-142.4267272949
33573764.0000000000,-142.4267272949
33651152.0000000000,-142.4267272949
33728720.0000000000,-142.4267272949
33806468.0000000000,-142.4267272949
33884432.0000000000,-142.4267272949
33962536.0000000000,-142.4267272949
34040824.0000000000,-142.4267272949
34119292.0000000000,-142.4267272949
34197936.0000000000,-142.4267272949
34276768.0000000000,-142.4267272949
34355776.0000000000,-142.4267272949
34435008.0000000000,-142.4561462402
34514384.0000000000,-142.5608978271
34593940.0000000000,-142.6300506592
34673680.0000000000,-142.6300506592
34753608.0000000000,-142.6300506592
34833716.0000000000,-142.6300506592
34914048.0000000000,-142.6300506592
34994528.0000000000,-142.6300506592
35075192.0000000000,-142.6300506592
35156044.0000000000,-142.6300506592
35237080.0000000000,-142.6300506592
35318304.0000000000,-142.6300506592
35399716.0000000000,-142.6300506592
35481356.0000000000,-142.6300506592
35563140.0000000000,-142.6300506592
35645116.0000000000,-142.6300506592
35727280.0000000000,-142.6911315918
35809636.0000000000,-142.6966705322
35892180.0000000000,-142.7901153564
35974952.0000000000,-142.8641967773
36057876.0000000000,-142.9735260010
36140992.0000000000,-142.9871673584
36224300.0000000000,-142.9931488037
36307800.0000000000,-143.0575714111
36391492.0000000000,-143.0583648682
36475376.0000000000,-143.0617065430
36559496.0000000000,-143.0617065430
36643768.0000000000,-143.0617065430
36728236.0000000000,-143.0617065430
36812896.0000000000,-143.0617065430
36897752.0000000000,-143.0617065430
36982804.0000000000,-143.0617065430
37068052.0000000000,-143.1610107422
37153536.0000000000,-143.1916198730
37239180.0000000000,-143.3230895996
37325020.0000000000,-143.3336181641
37411056.0000000000,-143.3230895996
37497292.0000000000,-143.2382812500
37583724.0000000000,-143.2382812500
37670400.0000000000,-143.2382812500
37757232.0000000000,-143.2548065186
37844264.0000000000,-143.3353271484
37931500.0000000000,-143.3544464111
38018932.0000000000,-143.4648895264
38106568.0000000000,-143.5156555176
38194408.0000000000,-143.5194396973
38282492.0000000000,-143.6412048340
38370736.0000000000,-143.6412048340
38459180.0000000000,-143.7414703369
38547832.0000000000,-143.7555084229
38636688.0000000000,-143.7670440674
38725748.0000000000,-143.7799530029
38815056.0000000000,-143.8617248535
38904528.0000000000,-143.9293670654
38994204.0000000000,-143.9293670654
39084092.0000000000,-143.9293670654
39174180.0000000000,-143.9293670654
39264480.0000000000,-143.9293670654
39354988.0000000000,-143.9437408447
39445748.0000000000,-143.9753723145
39536672.0000000000,-143.9760589600
39627808.0000000000,-143.9760589600
39719152.0000000000,-143.9760589600
39810708.0000000000,-143.9753723145
39902476.0000000000,-143.9745788574
39994496.0000000000,-143.9437408447
40086688.0000000000,-143.9293670654
40179088.0000000000,-143.8463897705
40271704.0000000000,-143.7799530029
40364536.0000000000,-143.7670440674
40457576.0000000000,-143.7670440674
40550836.0000000000,-143.7670440674
40644352.0000000000,-143.7670440674
40738040.0000000000,-143.7670440674
40831944.0000000000,-143.7670440674
40926064.0000000000,-143.8463897705
41020404.0000000000,-143.9293670654
41114956.0000000000,-143.9293670654
41209732.0000000000,-143.9293670654
41304768.0000000000,-143.9293670654
41399976.0000000000,-143.9437408447
41495408.0000000000,-143.9745788574
41591056.0000000000,-143.9753723145
41686928.0000000000,-143.9760589600
41783020.0000000000,-143.9760589600
41879376.0000000000,-143.9873046875
41975912.0000000000,-144.0209503174
42072668.0000000000,-144.0658874512
42169652.0000000000,-144.1748504639
42266856.0000000000,-144.1956024170
42364284.0000000000,-144.1956024170
42461936.0000000000,-144.1748504639
42559860.0000000000,-144.0658874512
42657964.0000000000,-144.0209503174
42756292.0000000000,-144.0209503174
42854848.0000000000,-144.1748504639
42953632.0000000000,-144.2047729492
43052644.0000000000,-144.2712402344
43151932.0000000000,-144.3141632080
43251400.0000000000,-144.3141632080
43351096.0000000000,-144.3141632080
43451024.0000000000,-144.2047729492
43551180.0000000000,-144.1748504639
43651568.0000000000,-144.0209503174
43752188.0000000000,-144.0209503174
43853088.0000000000,-144.0209503174
43954176.0000000000,-144.0601654053
44055492.0000000000,-144.1748504639
44157044.0000000000,-144.2047729492
44258828.0000000000,-144.3141632080
44360848.0000000000,-144.3410186768
44463104.0000000000,-144.3588562012
44565644.0000000000,-144.3588562012
44668368.0000000000,-144.3588562012
44771332.0000000000,-144.3588562012
44874532.0000000000,-144.3410186768
44977972.0000000000,-144.3410186768
45081652.0000000000,-144.3410186768
45185616.0000000000,-144.3410186768
45289772.0000000000,-144.3410186768
45394168.0000000000,-144.3588562012
45498804.0000000000,-144.3738708496
45603684.0000000000,-144.3819732666
45708804.0000000000,-144.3819732666
45814164.0000000000,-144.3738708496
45919820.0000000000,-144.3738708496
46025668.0000000000,-144.3738708496
46131760.0000000000,-144.3738708496
46238100.0000000000,-144.3410186768
46344680.0000000000,-144.3306121826
46451508.0000000000,-144.3306121826
46558632.0000000000,-144.3306121826
46665956.0000000000,-144.3306121826
46773524.0000000000,-144.3306121826
46881340.0000000000,-144.3306121826
46989404.0000000000,-144.3223876953
47097716.0000000000,-144.2838439941
47206280.0000000000,-144.2838439941
47315148.0000000000,-144.1174774170
47424212.0000000000,-144.1038208008
47533528.0000000000,-144.1038208008
47643096.0000000000,-144.1038208008
47752916.0000000000,-144.1038208008
47862992.0000000000,-144.1098022461
47973372.0000000000,-144.1174774170
48083952.0000000000,-144.2838439941
48194788.0000000000,-144.3191680908
48305880.0000000000,-144.3223876953
48417232.0000000000,-144.3191680908
48528836.0000000000,-144.2838439941
48640696.0000000000,-144.2482910156
48752872.0000000000,-144.2320861816
48865252.0000000000,-144.2083129883
48977888.0000000000,-144.2070312500
49090784.0000000000,-144.1174774170
49203944.0000000000,-144.1098022461
49317364.0000000000,-144.1098022461
49431044.0000000000,-144.1098022461
49545040.0000000000,-144.1098022461
49659244.0000000000,-144.1098022461
49773712.0000000000,-144.1098022461
49888444.0000000000,-144.1038208008
50003440.0000000000,-144.0796203613
50118700.0000000000,-144.0499877930
50234284.0000000000,-144.0499877930
50350076.0000000000,-144.0499877930
50466136.0000000000,-144.0499877930
50582464.0000000000,-144.0499877930
50699060.0000000000,-144.0499877930
50815928.0000000000,-144.0499877930
50933060.0000000000,-144.0796203613
51050520.0000000000,-144.1038208008
51168196.0000000000,-144.1098022461
51286144.0000000000,-144.1174774170
51404360.0000000000,-144.2070312500
51522852.0000000000,-144.2083129883
51641616.0000000000,-144.2320861816
51760712.0000000000,-144.2320861816
51880024.0000000000,-144.2320861816
51999608.0000000000,-144.2337188721
52119472.0000000000,-144.2482910156
52239612.0000000000,-144.3430786133
52360028.0000000000,-144.4035797119
52480720.0000000000,-144.4468994141
52601752.0000000000,-144.4832611084
52723000.0000000000,-144.5652618408
52844532.0000000000,-144.9298858643
52966340.0000000000,-145.4436798096
53088432.0000000000,-145.5671081543
53210804.0000000000,-145.6678161621
53333520.0000000000,-145.7411651611
53456456.0000000000,-145.7940521240
53579676.0000000000,-145.9206237793
53703180.0000000000,-145.9894714355
53826972.0000000000,-145.9928283691
53951048.0000000000,-146.1559448242
54075408.0000000000,-146.1611938477
54200116.0000000000,-146.1611938477
54325048.0000000000,-146.1611938477
54450272.0000000000,-146.1611938477
54575784.0000000000,-146.1611938477
54701584.0000000000,-146.1611938477
54827676.0000000000,-146.1611938477
54954060.0000000000,-146.1611938477
55080792.0000000000,-146.1611938477
55207756.0000000000,-146.1611938477
55335016.0000000000,-146.1611938477
55462564.0000000000,-146.1611938477
55590412.0000000000,-146.1611938477
55718552.0000000000,-146.1611938477
55847048.0000000000,-146.1559448242
55975780.0000000000,-145.9928283691
56104808.0000000000,-145.9894714355
56234132.0000000000,-145.9894714355
56363756.0000000000,-145.8770751953
56493680.0000000000,-145.7940521240
56623900.0000000000,-145.7890472412
56754484.0000000000,-145.7411651611
56885308.0000000000,-145.6678161621
57016432.0000000000,-145.6669311523
57147860.0000000000,-145.6251983643
57279588.0000000000,-145.4749450684
57411624.0000000000,-145.4564971924
57544024.0000000000,-145.4564971924
57676668.0000000000,-145.4564971924
57809616.0000000000,-145.4564971924
57942872.0000000000,-145.4564971924
58076432.0000000000,-145.4564971924
58210304.0000000000,-145.4564971924
58344484.0000000000,-145.4564971924
58479036.0000000000,-145.4564971924
58613832.0000000000,-145.4564971924
58748944.0000000000,-145.4564971924
58884364.0000000000,-145.4275207520
59020096.0000000000,-145.4206085205
59156140.0000000000,-145.3785247803
59292500.0000000000,-145.3775939941
59429240.0000000000,-145.2271881104
59566228.0000000000,-145.1990661621
59703532.0000000000,-145.1990661621
59841152.0000000000,-145.1990661621
59979092.0000000000,-145.1990661621
60117348.0000000000,-145.1454925537
60255988.0000000000,-144.9382019043
60394884.0000000000,-144.9246215820
60534096.0000000000,-144.9168243408
60673632.0000000000,-144.6964111328
60813488.0000000000,-144.6660766602
60953668.0000000000,-144.6514434814
61094172.0000000000,-144.6514434814
61235064.0000000000,-144.6514434814
61376216.0000000000,-144.6514434814
61517692.0000000000,-144.6514434814
61659496.0000000000,-144.6514434814
61801624.0000000000,-144.6514434814
61944080.0000000000,-144.6514434814
62086936.0000000000,-144.6514434814
62230048.0000000000,-144.6514434814
62373496.0000000000,-144.6660766602
62517268.0000000000,-144.9168243408
62661376.0000000000,-145.2271881104
62805816.0000000000,-145.3032989502
62950588.0000000000,-145.3032989502
63095764.0000000000,-145.3032989502
63241204.0000000000,-145.3032989502
63386976.0000000000,-145.3032989502
63533088.0000000000,-145.3032989502
63679536.0000000000,-145.3032989502
63826324.0000000000,-145.3032989502
63973516.0000000000,-144.8540496826
64120980.0000000000,-144.7969360352
64268784.0000000000,-144.7969360352
64416928.0000000000,-144.7969360352
64565416.0000000000,-144.7969360352
64714244.0000000000,-144.7969360352
64863412.0000000000,-144.8540496826
65013000.0000000000,-145.2401885986
65162860.0000000000,-145.3032989502
65313064.0000000000,-145.4246978760
65463616.0000000000,-145.5508880615
65614512.0000000000,-145.5635681152
65765760.0000000000,-145.6003570557
65917356.0000000000,-145.6660766602
66069372.0000000000,-145.6660766602
66221664.0000000000,-145.6660766602
66374312.0000000000,-145.6660766602
66527308.0000000000,-145.6758575439
66680660.0000000000,-145.7131042480
66834364.0000000000,-145.8238067627
66988492.0000000000,-145.9097900391
67142904.0000000000,-145.9168548584
67297680.0000000000,-145.9514465332
67452800.0000000000,-146.0728759766
67608288.0000000000,-146.1976928711
67764128.0000000000,-146.2291564941
67920328.0000000000,-146.2291564941
68076968.0000000000,-146.2291564941
68233888.0000000000,-146.2291564941
68391168.0000000000,-146.2355499268
68548816.0000000000,-146.2515411377
68706824.0000000000,-146.2649688721
68865200.0000000000,-146.2845153809
69024016.0000000000,-146.3044281006
69183120.0000000000,-146.3044281006
69342592.0000000000,-146.3799896240
69502432.0000000000,-146.3970336914
69662640.0000000000,-146.3799896240
69823216.0000000000,-146.3106384277
69984168.0000000000,-146.3106384277
70145560.0000000000,-146.3799896240
70307248.0000000000,-146.3799896240
70469312.0000000000,-146.3799896240
70631752.0000000000,-146.4830322266
70794560.0000000000,-146.5417633057
70957752.0000000000,-146.5543518066
71121392.0000000000,-146.6963043213
71285328.0000000000,-146.6963043213
71449648.0000000000,-146.6963043213
71614344.0000000000,-146.6963043213
71779424.0000000000,-146.7050170898
71944880.0000000000,-146.7050170898
72110712.0000000000,-146.6963043213
72277016.0000000000,-146.6963043213
72443616.0000000000,-146.6963043213
72610608.0000000000,-146.6963043213
72777976.0000000000,-146.6963043213
72945736.0000000000,-146.7050170898
73113880.0000000000,-146.7363433838
73282416.0000000000,-146.7363433838
73451416.0000000000,-146.7363433838
73620728.0000000000,-146.7363433838
73790432.0000000000,-146.7050170898
73960520.0000000000,-146.6963043213
74131008.0000000000,-146.6963043213
74301880.0000000000,-146.6963043213
74473232.0000000000,-146.5543518066
74644904.0000000000,-146.5543518066
74816960.0000000000,-146.5543518066
74989424.0000000000,-146.5543518066
75162280.0000000000,-146.5417633057
75335528.0000000000,-146.5417633057
75509184.0000000000,-146.5258789063
75683320.0000000000,-146.4830322266
75857776.0000000000,-146.4817962646
76032632.0000000000,-146.4789123535
76207896.0000000000,-146.4480133057
76383560.0000000000,-146.3942108154
76559632.0000000000,-146.3942108154
76736192.0000000000,-146.3942108154
76913072.0000000000,-146.1888732910
77090360.0000000000,-146.1334838867
77268064.0000000000,-146.1334838867
77446168.0000000000,-146.1888732910
77624688.0000000000,-146.1888732910
77803616.0000000000,-146.1888732910
77983048.0000000000,-146.1888732910
78162800.0000000000,-146.1334838867
78342976.0000000000,-146.1888732910
78523560.0000000000,-146.1991577148
78704560.0000000000,-146.3942108154
78885984.0000000000,-146.1991577148
79067816.0000000000,-146.1888732910
79250160.0000000000,-146.0584106445
79432840.0000000000,-146.0584106445
79615936.0000000000,-145.9706268311
79799456.0000000000,-145.9363555908
79983400.0000000000,-145.7823638916
80167768.0000000000,-145.7823638916
80352648.0000000000,-145.7823638916
80537872.0000000000,-145.6882781982
80723512.0000000000,-145.5931243896
80909592.0000000000,-145.5931243896
81096088.0000000000,-145.5931243896
81283024.0000000000,-145.5931243896
81470384.0000000000,-145.5931243896
81658272.0000000000,-145.5931243896
81846496.0000000000,-145.5931243896
82035160.0000000000,-145.6882781982
82224256.0000000000,-145.7823638916
82413792.0000000000,-145.9363555908
82603760.0000000000,-145.9363555908
82794256.0000000000,-145.9363555908
82985104.0000000000,-146.0592041016
83176392.0000000000,-146.0592041016
83368120.0000000000,-146.0592041016
83560288.0000000000,-146.1434478760
83752904.0000000000,-146.1991577148
83945960.0000000000,-146.2575683594
84139552.0000000000,-146.2575683594
84333496.0000000000,-146.2575683594
84527896.0000000000,-146.2575683594
84722736.0000000000,-146.2575683594
84918032.0000000000,-146.2575683594
85113768.0000000000,-146.1991577148
85310056.0000000000,-146.1991577148
85506704.0000000000,-146.1991577148
85703800.0000000000,-146.2575683594
85901352.0000000000,-146.3739776611
86099360.0000000000,-146.2575683594
86297832.0000000000,-146.1434478760
86496752.0000000000,-146.0592041016
86696224.0000000000,-146.0592041016
86896072.0000000000,-146.0592041016
87096368.0000000000,-146.0592041016
87297136.0000000000,-146.0592041016
87498360.0000000000,-146.0592041016
87700048.0000000000,-146.0592041016
87902208.0000000000,-146.0592041016
88104920.0000000000,-145.6135253906
88308008.0000000000,-145.6007080078
88511568.0000000000,-145.6007080078
88715592.0000000000,-145.6007080078
88920088.0000000000,-145.5789031982
89125056.0000000000,-145.4162292480
89330592.0000000000,-145.3438110352
89536504.0000000000,-145.3438110352
89742896.0000000000,-145.3438110352
89949760.0000000000,-145.3438110352
90157096.0000000000,-145.3438110352
90364920.0000000000,-145.3438110352
90573216.0000000000,-145.3438110352
90782088.0000000000,-145.3438110352
90991352.0000000000,-145.3438110352
91201088.0000000000,-145.3438110352
91411320.0000000000,-145.3683471680
91622024.0000000000,-145.3683471680
91833224.0000000000,-145.3683471680
92045008.0000000000,-145.3683471680
92257176.0000000000,-145.3683471680
92469832.0000000000,-145.3438110352
92682984.0000000000,-145.3683471680
92896624.0000000000,-145.4162292480
93110760.0000000000,-145.5650024414
93325384.0000000000,-145.6007080078
93540608.0000000000,-145.6031341553
93756224.0000000000,-145.6031341553
93972344.0000000000,-145.6031341553
94188952.0000000000,-145.6031341553
94406064.0000000000,-145.6031341553
94623680.0000000000,-145.6540222168
94841896.0000000000,-145.6540222168
95060512.0000000000,-145.6540222168
95279640.0000000000,-145.6540222168
95499264.0000000000,-145.6540222168
95719392.0000000000,-145.6540222168
95940032.0000000000,-145.6540222168
96161184.0000000000,-145.6540222168
96382952.0000000000,-145.6540222168
96605120.0000000000,-145.8922882080
96827800.0000000000,-145.9241485596
97050992.0000000000,-145.9243927002
97274704.0000000000,-146.0000457764
97498928.0000000000,-146.2095031738
97723672.0000000000,-146.2996215820
97949040.0000000000,-146.3338623047
98174816.0000000000,-146.4023437500
98401120.0000000000,-146.4023437500
98627936.0000000000,-146.4023437500
98855280.0000000000,-146.4023437500
99083152.0000000000,-146.3338623047
99311656.0000000000,-146.2996215820
99540576.0000000000,-146.2095031738
99770024.0000000000,-146.2996215820
100000000.0000000000,-146.3338623047
