Type,FSWP-50
Version,3.02SP1
Date,03.Jul 2026
VSupply,ON
Mode,Voltage
Voltage Set,0.6000000000,V
Voltage Min,0.0000000000,V
Voltage Max,0.6500000000,V
Voltage Meas,0.6069199917,V
Current Max,20.0000000000,mA
Current Meas,18.2352941176,mA
VTune,OFF
Voltage Set,0.0000000000,V
Voltage Min,0.0000000000,V
Voltage Max,0.0100000000,V
Voltage Meas,-0.0252143772,V
Current Max,20.0000000000,mA
Current Meas,0.1492510757,mA
VAux,OFF
Voltage Set,0.0000000000,V
Voltage Min,-10.0000000000,V
Voltage Max,10.0000000000,V
Voltage Meas,-0.0059012297,V
Current Max,100.0000000000,mA
Current Meas,-0.0957083196,mA
Mode,Phase Noise
Measurement,Phase Noise
Input,RF
RF Att,0.0000000000,dB
Coupling,AC
RBW,2.0000000000,%
XCORR Factor,1000
XCORR Optimize,ON
Estimated Meas Time,3.7457527981,s
Sweep Count,5
Signal Frequency,22541569115.3246421814,Hz
Signal Level,-13.3795000000,dBm
Start,10000.0000000000,Hz
Stop,100000000.0000000000,Hz
SubSweep,1
Start,10000.0000000000,Hz
Stop,30000.0000000000,Hz
RBW,600.0000000000,Hz
XCORR Count,1000
SubSweep,2
Start,30000.0000000000,Hz
Stop,100000.0000000000,Hz
RBW,600.0000000000,Hz
XCORR Count,1000
SubSweep,3
Start,100000.0000000000,Hz
Stop,300000.0000000000,Hz
RBW,2000.0000000000,Hz
XCORR Count,3300
SubSweep,4
Start,300000.0000000000,Hz
Stop,1000000.0000000000,Hz
RBW,6000.0000000000,Hz
XCORR Count,10000
SubSweep,5
Start,1000000.0000000000,Hz
Stop,3000000.0000000000,Hz
RBW,20000.0000000000,Hz
XCORR Count,10000
SubSweep,6
Start,3000000.0000000000,Hz
Stop,10000000.0000000000,Hz
RBW,60000.0000000000,Hz
XCORR Count,10000
SubSweep,7
Start,10000000.0000000000,Hz
Stop,30000000.0000000000,Hz
RBW,200000.0000000000,Hz
XCORR Count,10000
SubSweep,8
Start,30000000.0000000000,Hz
Stop,100000000.0000000000,Hz
RBW,600000.0000000000,Hz
XCORR Count,10000
Integrated Measurements Range,1
Start,10000.0000000000,Hz
Stop,100000000.0000000000,Hz
Weighting,OFF
Integrated Measurements Range,2
Start,10000.0000000000,Hz
Stop,100000000.0000000000,Hz
Weighting,OFF
Integrated Measurements Range,3
Start,10000.0000000000,Hz
Stop,100000000.0000000000,Hz
Weighting,OFF
Integrated Measurements Range,4
Start,10000.0000000000,Hz
Stop,100000000.0000000000,Hz
Weighting,OFF
Integrated Measurements Range,5
Start,10000.0000000000,Hz
Stop,100000000.0000000000,Hz
Weighting,OFF
Integrated Measurements Range,6
Start,10000.0000000000,Hz
Stop,100000000.0000000000,Hz
Weighting,OFF
Integrated Measurements Range,7
Start,10000.0000000000,Hz
Stop,100000000.0000000000,Hz
Weighting,OFF
Integrated Measurements Range,8
Start,10000.0000000000,Hz
Stop,100000000.0000000000,Hz
Weighting,OFF
Integrated Measurements Range,9
Start,10000.0000000000,Hz
Stop,100000000.0000000000,Hz
Weighting,OFF
Integrated Measurements Range,10
Start,10000.0000000000,Hz
Stop,100000000.0000000000,Hz
Weighting,OFF
Spot Noise Decade Edges,OFF
Spot Noise User Defined,ON
Spot Noise User Defined Offset,1
State,OFF
Offset,1000.0000000000,Hz
Spot Noise User Defined Offset,2
State,OFF
Offset,10000.0000000000,Hz
Spot Noise User Defined Offset,3
State,ON
Offset,100000.0000000000,Hz
Spot Noise User Defined Offset,4
State,ON
Offset,1000000.0000000000,Hz
Spot Noise User Defined Offset,5
State,ON
Offset,10000000.0000000000,Hz
Spot Noise User Defined Offset,6
State,OFF
Offset,100000000.0000000000,Hz
Window,1,Noise Spectrum
Trace,1
Trace Mode,CLR/WRITE
Trace Result,PN
Smoothing,ON
Smoothing Value,1.0000000000,%
Spurious Removal,ON
Spurious Removal Threshold,6.0000000000,dB
Trace Offset,OFF
Trace Offset,0.0000000000,dB
Trace Label,OFF
Trace Label,Trace 1
x-Unit,Hz
y-Unit,dBc/Hz
Values,4001
10000.0000000000,-53.4780464172
10023.0507812500,-53.5052909851
10046.1542968750,-53.5325317383
10069.3115234375,-53.5597763062
10092.5332031250,-53.5915031433
10115.7968750000,-53.6235275269
10139.1152343750,-53.6555480957
10162.4863281250,-53.6875686646
10185.9111328125,-53.7223052979
10209.3906250000,-53.7590751648
10232.9355468750,-53.7958679199
10256.5234375000,-53.8326416016
10280.1650390625,-53.8701210022
10303.8613281250,-53.9097213745
10327.6123046875,-53.9493255615
10351.4189453125,-53.9889297485
10375.2792968750,-54.0285301208
10399.2060546875,-54.0680274963
10423.1777343750,-54.1075057983
10447.2031250000,-54.1469802856
10471.2851562500,-54.1864585876
10495.4218750000,-54.2243080139
10519.6152343750,-54.2615661621
10543.8632812500,-54.2988243103
10568.1787109375,-54.3361015320
10592.5400390625,-54.3719520569
10616.9560546875,-54.4065971375
10641.4287109375,-54.4412384033
10665.9580078125,-54.4758834839
10690.5439453125,-54.5096321106
10715.1982421875,-54.5419464111
10739.8974609375,-54.5742454529
10764.6533203125,-54.6065444946
10789.4667968750,-54.6381607056
10814.3378906250,-54.6678848267
10839.2656250000,-54.6976051331
10864.2509765625,-54.7273292542
10889.3056640625,-54.7565383911
10914.4062500000,-54.7834396362
10939.5644531250,-54.8103446960
10964.7812500000,-54.8372459412
10990.0556640625,-54.8639144897
11015.3886718750,-54.8892211914
11040.7919921875,-54.9145431519
11066.2412109375,-54.9398498535
11091.7500000000,-54.9653549194
11117.3173828125,-54.9920272827
11142.9433593750,-55.0187034607
11168.6289062500,-55.0453758240
11194.3730468750,-55.0727996826
11220.1894531250,-55.1036834717
11246.0527343750,-55.1345558167
11271.9755859375,-55.1654243469
11297.9580078125,-55.1973991394
11324.0009765625,-55.2327270508
11350.1035156250,-55.2680511475
11376.2792968750,-55.3033943176
11402.5019531250,-55.3392753601
11428.7861328125,-55.3761672974
11455.1298828125,-55.4130592346
11481.5351562500,-55.4499511719
11508.0000000000,-55.4856796265
11534.5273437500,-55.5202102661
11561.1279296875,-55.5547599792
11587.7773437500,-55.5892944336
11614.4873046875,-55.6208801270
11641.2597656250,-55.6509971619
11668.0937500000,-55.6811103821
11694.9892578125,-55.7112274170
11721.9472656250,-55.7380371094
11748.9804687500,-55.7643775940
11776.0625000000,-55.7907066345
11803.2070312500,-55.8167915344
11830.4140625000,-55.8409500122
11857.6845703125,-55.8651123047
11885.0166015625,-55.8892745972
11912.4257812500,-55.9130096436
11939.8847656250,-55.9360351563
11967.4072265625,-55.9590606689
11994.9931640625,-55.9820861816
12022.6425781250,-56.0050773621
12050.3554687500,-56.0280532837
12078.1318359375,-56.0510292053
12105.9863281250,-56.0740814209
12133.8916015625,-56.0996932983
12161.8613281250,-56.1253051758
12189.8955078125,-56.1509208679
12217.9931640625,-56.1790390015
12246.1572265625,-56.2110862732
12274.3984375000,-56.2431449890
12302.6923828125,-56.2751922607
12331.0507812500,-56.3136978149
12359.4746093750,-56.3539619446
12387.9638671875,-56.3942260742
12416.5195312500,-56.4355430603
12445.1396484375,-56.4807891846
12473.8408203125,-56.5260620117
12502.5937500000,-56.5713081360
12531.4130859375,-56.6146087646
12560.2988281250,-56.6569290161
12589.2509765625,-56.6992530823
12618.2705078125,-56.7398834229
12647.3701171875,-56.7708702087
12676.5234375000,-56.8018493652
12705.7441406250,-56.8301162720
12735.0312500000,-56.8328247070
12764.3867187500,-56.8338356018
12793.8095703125,-56.8354949951
12823.2998046875,-56.8375511169
12852.8730468750,-56.8413810730
12882.4990234375,-56.8462600708
12912.1943359375,-56.8511924744
12941.9580078125,-56.8535003662
12971.7900390625,-56.8570251465
13001.6914062500,-56.8610038757
13031.6611328125,-56.8689079285
13061.7138671875,-56.8708190918
13091.8222656250,-56.8739929199
13122.0000000000,-56.8793296814
13152.2470703125,-56.8843116760
13182.5634765625,-56.8871078491
13212.9501953125,-56.8948860168
13243.4218750000,-56.8968772888
13273.9492187500,-56.8981056213
13304.5468750000,-56.8993377686
13335.2138671875,-56.9005699158
13365.9531250000,-56.9054489136
13396.7626953125,-56.9369049072
13427.6425781250,-56.9683570862
13458.6093750000,-57.0212402344
13489.6328125000,-57.0741653442
13520.7265625000,-57.1270866394
13551.8935546875,-57.1905250549
13583.1308593750,-57.2580604553
13614.4414062500,-57.3255958557
13645.8388671875,-57.3935737610
13677.2929687500,-57.4619941711
13708.8203125000,-57.5304145813
13740.4199218750,-57.5953941345
13772.0927734375,-57.6493415833
13803.8388671875,-57.7032890320
13835.6572265625,-57.7565002441
13867.5644531250,-57.7874870300
13899.5302734375,-57.8184547424
13931.5693359375,-57.8494262695
13963.6826171875,-57.8642463684
13995.8701171875,-57.8762321472
14028.1318359375,-57.8882179260
14060.4677734375,-57.8963050842
14092.8935546875,-57.9026603699
14125.3789062500,-57.9090080261
14157.9384765625,-57.9194869995
14190.5732421875,-57.9332466125
14223.2841796875,-57.9470100403
14256.0693359375,-57.9660682678
14288.9462890625,-57.9917945862
14321.8837890625,-58.0175094604
14354.8964843750,-58.0454864502
14387.9853515625,-58.0776329041
14421.1503906250,-58.1097755432
14454.3925781250,-58.1407814026
14487.7109375000,-58.1688880920
14521.1220703125,-58.1970100403
14554.5947265625,-58.2223930359
14588.1435546875,-58.2389068604
14621.7705078125,-58.2554206848
14655.4746093750,-58.2695236206
14689.2568359375,-58.2744941711
14723.1328125000,-58.2794647217
14757.0703125000,-58.2819137573
14791.0869140625,-58.2821884155
14825.1806640625,-58.2826576233
14859.3544921875,-58.2827491760
14893.6054687500,-58.2833061218
14927.9365234375,-58.2833976746
14962.3632812500,-58.2854843140
14996.8525390625,-58.2915153503
15031.4208984375,-58.2975463867
15066.0693359375,-58.3055686951
15100.7978515625,-58.3180236816
15135.6064453125,-58.3304786682
15170.5117187500,-58.3455734253
15205.4804687500,-58.3648605347
15240.5302734375,-58.3841514587
15275.6611328125,-58.4073486328
15310.8730468750,-58.4347801208
15346.1650390625,-58.4622077942
15381.5390625000,-58.4955329895
15417.0117187500,-58.5329055786
15452.5488281250,-58.5702552795
15488.1679687500,-58.6152229309
15523.8691406250,-58.6630363464
15559.6533203125,-58.7108497620
15595.5195312500,-58.7662391663
15631.4677734375,-58.8226623535
15667.5166015625,-58.8793525696
15703.6318359375,-58.9404487610
15739.8300781250,-59.0015411377
15776.1113281250,-59.0625457764
15812.4765625000,-59.1232643127
15848.9248046875,-59.1839790344
15885.4755859375,-59.2421646118
15922.0927734375,-59.2971496582
15958.7939453125,-59.3521347046
15995.5800781250,-59.4001312256
16032.4511718750,-59.4447135925
16069.4072265625,-59.4892921448
16106.4482421875,-59.5222358704
16143.5927734375,-59.5541000366
16180.8046875000,-59.5839347839
16218.1025390625,-59.6042404175
16255.4863281250,-59.6245460510
16292.9560546875,-59.6413383484
16330.5126953125,-59.6538581848
16368.1738281250,-59.6663856506
16405.9042968750,-59.6759033203
16443.7207031250,-59.6843948364
16481.6250000000,-59.6927757263
16519.6152343750,-59.6992263794
16557.6953125000,-59.7056808472
16595.8613281250,-59.7115592957
16634.1347656250,-59.7165184021
16672.4765625000,-59.7214736938
16710.9082031250,-59.7257652283
16749.4277343750,-59.7298011780
16788.0371093750,-59.7338829041
16826.7343750000,-59.7384452820
16865.5390625000,-59.7430038452
16904.4160156250,-59.7486915588
16943.3808593750,-59.7556915283
16982.4375000000,-59.7626876831
17021.5820312500,-59.7731704712
17060.8183593750,-59.7842445374
17100.1445312500,-59.7966880798
17139.5820312500,-59.8130073547
17179.0898437500,-59.8293151855
17218.6875000000,-59.8498306274
17258.3789062500,-59.8722877502
17298.1601562500,-59.8955955505
17338.0332031250,-59.9249954224
17378.0000000000,-59.9544029236
17418.0761718750,-59.9881401062
17458.2265625000,-60.0250587463
17498.4687500000,-60.0622940063
17538.8027343750,-60.1066665649
17579.2324218750,-60.1510391235
17619.7519531250,-60.1984786987
17660.3867187500,-60.2487220764
17701.0957031250,-60.2989692688
17741.8984375000,-60.3507652283
17782.7949218750,-60.4025611877
17823.7851562500,-60.4517478943
17864.8691406250,-60.4986457825
17906.0488281250,-60.5449409485
17947.3437500000,-60.5814819336
17988.7148437500,-60.6180076599
18030.1796875000,-60.6479644775
18071.7402343750,-60.6735115051
18113.3964843750,-60.6981506348
18155.1484375000,-60.7176704407
18197.0175781250,-60.7371978760
18238.9628906250,-60.7575721741
18281.0058593750,-60.7782821655
18323.1445312500,-60.8010253906
18365.3808593750,-60.8285446167
18407.7148437500,-60.8560638428
18450.1445312500,-60.8918571472
18492.6953125000,-60.9286689758
18535.3222656250,-60.9698257446
18578.0468750000,-61.0153465271
18620.8710937500,-61.0615119934
18663.7929687500,-61.1124076843
18706.8144531250,-61.1633033752
18749.9355468750,-61.2137718201
18793.1757812500,-61.2641258240
18836.4941406250,-61.3114624023
18879.9140625000,-61.3543052673
18923.4335937500,-61.3964347839
18967.0546875000,-61.4270591736
19010.7734375000,-61.4576797485
19054.6171875000,-61.4793968201
19098.5390625000,-61.4977989197
19142.5625000000,-61.5130157471
19186.6875000000,-61.5237083435
19230.9140625000,-61.5342750549
19275.2421875000,-61.5438041687
19319.6738281250,-61.5533370972
19364.2285156250,-61.5670051575
19408.8632812500,-61.5815849304
19453.6015625000,-61.6015014648
19498.4433593750,-61.6259994507
19543.3886718750,-61.6540184021
19588.4375000000,-61.6915740967
19633.6132812500,-61.7293395996
19678.8691406250,-61.7804298401
19724.2304687500,-61.8315238953
19769.6972656250,-61.8899841309
19815.2675781250,-61.9506530762
19860.9433593750,-62.0112648010
19906.7226562500,-62.0718193054
19952.6328125000,-62.1101341248
19998.6250000000,-62.1111145020
20044.7226562500,-62.1129379272
20090.9277343750,-62.1195259094
20137.2382812500,-62.1253662109
20183.6562500000,-62.1280593872
20230.2031250000,-62.1289215088
20276.8339843750,-62.1407775879
20323.5742187500,-62.1454505920
20370.4218750000,-62.1622734070
20417.3769531250,-62.1624336243
20464.4394531250,-62.1748161316
20511.6113281250,-62.1844596863
20558.9160156250,-62.1874237061
20606.3046875000,-62.2075996399
20653.8046875000,-62.2116203308
20701.4121093750,-62.2189102173
20749.1308593750,-62.2346916199
20796.9589843750,-62.2350502014
20844.8984375000,-62.2403450012
20892.9687500000,-62.2528762817
20941.1289062500,-62.2586059570
20989.4003906250,-62.2617797852
21037.7812500000,-62.2643089294
21086.2753906250,-62.2960357666
21134.8808593750,-62.3294067383
21183.6210937500,-62.3621559143
21232.4511718750,-62.3942718506
21281.3945312500,-62.4234237671
21330.4492187500,-62.4485588074
21379.6171875000,-62.4707603455
21428.8984375000,-62.4875526428
21478.2929687500,-62.5032844543
21527.8261718750,-62.5164108276
21577.4492187500,-62.5305747986
21627.1875000000,-62.5481147766
21677.0390625000,-62.5679092407
21727.0058593750,-62.5972366333
21777.0878906250,-62.6289520264
21827.3105468750,-62.6735076904
21877.6230468750,-62.7197418213
21928.0527343750,-62.7770767212
21978.5996093750,-62.8349723816
22029.2617187500,-62.8970947266
22080.0410156250,-62.9586753845
22130.9355468750,-63.0159149170
22181.9746093750,-63.0720596313
22233.1054687500,-63.1194915771
22284.3535156250,-63.1660652161
22335.7207031250,-63.2067489624
22387.2070312500,-63.2474784851
22438.8105468750,-63.2884750366
22490.5585937500,-63.3301429749
22542.4003906250,-63.3747711182
22594.3632812500,-63.4192237854
22646.4433593750,-63.4630699158
22698.6464843750,-63.5044021606
22750.9667968750,-63.5387916565
22803.4101562500,-63.5684471130
22855.9980468750,-63.5881881714
22908.6835937500,-63.6035995483
22961.4902343750,-63.6122169495
23014.4179687500,-63.6206130981
23067.4667968750,-63.6287422180
23120.6386718750,-63.6422424316
23173.9335937500,-63.6602172852
23227.3769531250,-63.6857604980
23280.9179687500,-63.7156105042
23334.5820312500,-63.7473716736
23388.3710937500,-63.7798194885
23442.2812500000,-63.7858657837
23496.3183593750,-63.7875099182
23550.5039062500,-63.7962646484
23604.7910156250,-63.7971229553
23659.2011718750,-63.8019485474
23713.7363281250,-63.8085327148
23768.3984375000,-63.8211174011
23823.1875000000,-63.8217658997
23878.1015625000,-63.8221588135
23933.1679687500,-63.8229293823
23988.3359375000,-63.8576583862
24043.6308593750,-63.9086647034
24099.0527343750,-63.9671401978
24154.6035156250,-64.0390548706
24210.2812500000,-64.1138534546
24266.1132812500,-64.1998748779
24322.0488281250,-64.2865753174
24378.1132812500,-64.3763504028
24434.3066406250,-64.4629440308
24490.6289062500,-64.5438766479
24547.0820312500,-64.6125030518
24603.6640625000,-64.6712112427
24660.4042968750,-64.6776657104
24717.2480468750,-64.6831512451
24774.2226562500,-64.6832275391
24831.3300781250,-64.6953201294
24888.5683593750,-64.7057647705
24945.9375000000,-64.7091217041
25003.4394531250,-64.7109069824
25061.1015625000,-64.7264099121
25118.8691406250,-64.7380218506
25176.7714843750,-64.7383651733
25234.8046875000,-64.7402801514
25292.9726562500,-64.7477035522
25351.2753906250,-64.7507324219
25409.7402343750,-64.7539978027
25468.3105468750,-64.7572555542
25527.0175781250,-64.7584609985
25585.8593750000,-64.7929992676
25644.8359375000,-64.8516998291
25703.9492187500,-64.9179687500
25763.1972656250,-64.9790039063
25822.6132812500,-65.0336914063
25882.1347656250,-65.0692596436
25941.7949218750,-65.0909729004
26001.5937500000,-65.0911102295
26061.5292968750,-65.0937957764
26121.6015625000,-65.0972671509
26181.8437500000,-65.1009140015
26242.1953125000,-65.1009674072
26302.6835937500,-65.1074981689
26363.3144531250,-65.1291961670
26424.0839843750,-65.1624679565
26484.9921875000,-65.1990737915
26546.0429687500,-65.2379226685
26607.2617187500,-65.2719192505
26668.5937500000,-65.3028869629
26730.0664062500,-65.3266983032
26791.6816406250,-65.3458404541
26853.4375000000,-65.3620681763
26915.3378906250,-65.3753356934
26977.4082031250,-65.3884201050
27039.5937500000,-65.4013137817
27101.9218750000,-65.4142990112
27164.3945312500,-65.4272994995
27227.0097656250,-65.4399719238
27289.7695312500,-65.4523849487
27352.6738281250,-65.4644699097
27415.7539062500,-65.4763107300
27478.9492187500,-65.4882659912
27542.2910156250,-65.5008697510
27605.7773437500,-65.5152587891
27669.4101562500,-65.5308380127
27733.1914062500,-65.5517196655
27797.1171875000,-65.5752792358
27861.2226562500,-65.6027374268
27925.4453125000,-65.6355361938
27989.8144531250,-65.6710052490
28054.3339843750,-65.7112884521
28119.0000000000,-65.7560577393
28183.8164062500,-65.8037948608
28248.8144531250,-65.8582000732
28313.9296875000,-65.9158706665
28379.1953125000,-65.9765167236
28444.6113281250,-66.0393524170
28510.1777343750,-66.1003494263
28575.8964843750,-66.1586303711
28641.7656250000,-66.2066116333
28707.8183593750,-66.2480773926
28773.9921875000,-66.2791595459
28840.3183593750,-66.3004455566
28906.7968750000,-66.3175430298
28973.4296875000,-66.3302078247
29040.2148437500,-66.3424911499
29107.1855468750,-66.3549652100
29174.2812500000,-66.3687438965
29241.5292968750,-66.3841247559
29308.9335937500,-66.4009017944
29376.4921875000,-66.4207305908
29444.2070312500,-66.4441680908
29512.0781250000,-66.4703216553
29580.1386718750,-66.5011215210
29648.3222656250,-66.5349273682
29716.6640625000,-66.5709457397
29785.1621093750,-66.6102752686
29853.8203125000,-66.6538085938
29922.6347656250,-66.7010955811
29991.6406250000,-66.7552871704
30060.7734375000,-66.7910308838
30130.0664062500,-66.8523483276
30199.5175781250,-66.9159774780
30269.1308593750,-66.9447174072
30338.9023437500,-66.9569473267
30408.8359375000,-66.9604568481
30478.9648437500,-66.9792709351
30549.2207031250,-66.9919357300
30619.6386718750,-67.0042724609
30690.2187500000,-67.0222549438
30760.9628906250,-67.0284500122
30831.8691406250,-67.0301742554
30902.9375000000,-67.0378265381
30974.2050781250,-67.0403594971
31045.6035156250,-67.0444641113
31117.1660156250,-67.0536575317
31188.8925781250,-67.0598373413
31260.7851562500,-67.0652313232
31332.8437500000,-67.0869293213
31405.1035156250,-67.0871353149
31477.4941406250,-67.0894699097
31550.0507812500,-67.0908508301
31622.7773437500,-67.1086120605
31695.6699218750,-67.1087417603
31768.7304687500,-67.1242599487
31841.9589843750,-67.1243515015
31915.3925781250,-67.1309890747
31988.9589843750,-67.1332550049
32062.6972656250,-67.1332550049
32136.6035156250,-67.1332550049
32210.6796875000,-67.1387176514
32284.9277343750,-67.1435470581
32359.3828125000,-67.1640167236
32433.9726562500,-67.2022552490
32508.7363281250,-67.2470397949
32583.6718750000,-67.2953872681
32658.7792968750,-67.3431472778
32734.0585937500,-67.3864135742
32809.5156250000,-67.4230422974
32885.1796875000,-67.4534454346
32960.9804687500,-67.4818801880
33036.9570312500,-67.5125656128
33113.1093750000,-67.5485458374
33189.4375000000,-67.5918579102
33265.9414062500,-67.6439743042
33342.6250000000,-67.7060928345
33419.5156250000,-67.7790832520
33496.5507812500,-67.8624496460
33573.7617187500,-67.9532089233
33651.1523437500,-68.0446853638
33728.7226562500,-68.1269302368
33806.4687500000,-68.1937713623
33884.4335937500,-68.2444229126
33962.5390625000,-68.2834396362
34040.8242187500,-68.3181533813
34119.2890625000,-68.3546371460
34197.9375000000,-68.3946456909
34276.7656250000,-68.4288482666
34355.7773437500,-68.4347534180
34435.0078125000,-68.4359893799
34514.3828125000,-68.4404983521
34593.9414062500,-68.4496002197
34673.6835937500,-68.4515075684
34753.6054687500,-68.4521102905
34833.7187500000,-68.4564590454
34914.0507812500,-68.4598388672
34994.5273437500,-68.4666824341
35075.1953125000,-68.4682693481
35156.0429687500,-68.4690628052
35237.0820312500,-68.4704284668
35318.3046875000,-68.4727096558
35399.7148437500,-68.4757614136
35481.3554687500,-68.4854278564
35563.1406250000,-68.4888000488
35645.1171875000,-68.4936828613
35727.2812500000,-68.5323944092
35809.6367187500,-68.6019439697
35892.1796875000,-68.6731796265
35974.9531250000,-68.7367706299
36057.8789062500,-68.7885208130
36140.9921875000,-68.8301239014
36224.3007812500,-68.8664169312
36307.8007812500,-68.9011917114
36391.4921875000,-68.9259262085
36475.3789062500,-68.9306564331
36559.4960937500,-68.9337921143
36643.7695312500,-68.9449005127
36728.2343750000,-68.9487380981
36812.8945312500,-68.9587860107
36897.7539062500,-68.9627304077
36982.8046875000,-68.9692993164
37068.0507812500,-69.0028991699
37153.5390625000,-69.0826416016
37239.1796875000,-69.1762008667
37325.0195312500,-69.2704544067
37411.0546875000,-69.3062133789
37497.2890625000,-69.3300628662
37583.7226562500,-69.3538665771
37670.3984375000,-69.3602371216
37757.2304687500,-69.3782501221
37844.2656250000,-69.4168624878
37931.5000000000,-69.4257659912
38018.9335937500,-69.4445037842
38106.5703125000,-69.4516983032
38194.4062500000,-69.4539489746
38282.4921875000,-69.5455932617
38370.7343750000,-69.6425170898
38459.1796875000,-69.7195892334
38547.8320312500,-69.7725524902
38636.6875000000,-69.8081741333
38725.7500000000,-69.8377151489
38815.0585937500,-69.8686218262
38904.5273437500,-69.8998794556
38994.2070312500,-69.9206314087
39084.0898437500,-69.9237747192
39174.1835937500,-69.9251098633
39264.4804687500,-69.9283599854
39354.9882812500,-69.9330139160
39445.7460937500,-69.9524536133
39536.6718750000,-70.0024871826
39627.8085937500,-70.0943222046
39719.1523437500,-70.1708526611
39810.7070312500,-70.2024154663
39902.4765625000,-70.2242431641
39994.4960937500,-70.2442398071
40086.6875000000,-70.2684936523
40179.0898437500,-70.2834243774
40271.7070312500,-70.2917480469
40364.5351562500,-70.2975921631
40457.5781250000,-70.2993469238
40550.8359375000,-70.3247375488
40644.3515625000,-70.3354873657
40738.0390625000,-70.3565750122
40831.9453125000,-70.3603363037
40926.0664062500,-70.3730545044
41020.4023437500,-70.3876800537
41114.9570312500,-70.4069824219
41209.7304687500,-70.4147949219
41304.7656250000,-70.4324035645
41399.9765625000,-70.4353256226
41495.4062500000,-70.4462356567
41591.0585937500,-70.4684829712
41686.9257812500,-70.5369338989
41783.0195312500,-70.5623626709
41879.3789062500,-70.5757522583
41975.9140625000,-70.5788269043
42072.6679687500,-70.5861129761
42169.6484375000,-70.5882339478
42266.8554687500,-70.6679687500
42364.2812500000,-70.7488555908
42461.9335937500,-70.8318099976
42559.8593750000,-70.9040222168
42657.9648437500,-70.9580993652
42756.2929687500,-70.9784317017
42854.8476562500,-70.9923629761
42953.6328125000,-70.9935684204
43052.6445312500,-71.0046157837
43151.9296875000,-71.0115356445
43251.3984375000,-71.0129699707
43351.0976562500,-71.0145645142
43451.0234375000,-71.0250091553
43551.1796875000,-71.0423736572
43651.5703125000,-71.0458526611
43752.1914062500,-71.0716552734
43853.0898437500,-71.0765686035
43954.1757812500,-71.0808410645
44055.4921875000,-71.0930862427
44157.0429687500,-71.1865539551
44258.8281250000,-71.3155059814
44360.8476562500,-71.3946838379
44463.1015625000,-71.3989715576
44565.6406250000,-71.4132995605
44668.3671875000,-71.4206161499
44771.3320312500,-71.4358291626
44874.5351562500,-71.4473266602
44977.9726562500,-71.4565277100
45081.6484375000,-71.4614486694
45185.6171875000,-71.4946136475
45289.7734375000,-71.4966201782
45394.1679687500,-71.4985122681
45498.8046875000,-71.5077285767
45603.6835937500,-71.5110244751
45708.8046875000,-71.5276184082
45814.1640625000,-71.5331649780
45919.8203125000,-71.5706710815
46025.6679687500,-71.5902709961
46131.7617187500,-71.6154327393
46238.0976562500,-71.6257629395
46344.6796875000,-71.6400756836
46451.5078125000,-71.6940841675
46558.6328125000,-71.7641525269
46665.9531250000,-71.8585586548
46773.5234375000,-71.9233169556
46881.3398437500,-71.9390258789
46989.4023437500,-71.9403686523
47097.7187500000,-71.9523468018
47206.2812500000,-72.0102996826
47315.1484375000,-72.0843582153
47424.2109375000,-72.2097244263
47533.5273437500,-72.3077316284
47643.0976562500,-72.3141555786
47752.9179687500,-72.3230895996
47862.9921875000,-72.3406295776
47973.3710937500,-72.3420562744
48083.9531250000,-72.3475265503
48194.7890625000,-72.3575592041
48305.8828125000,-72.3576354980
48417.2304687500,-72.4026260376
48528.8359375000,-72.5103149414
48640.6992187500,-72.6116104126
48752.8710937500,-72.6593017578
48865.2500000000,-72.7001953125
48977.8867187500,-72.7286453247
49090.7851562500,-72.7548294067
49203.9453125000,-72.8213119507
49317.3632812500,-72.8369598389
49431.0429687500,-72.8407363892
49545.0390625000,-72.8704528809
49659.2421875000,-72.8833847046
49773.7109375000,-72.9087219238
49888.4453125000,-72.9155883789
50003.4414062500,-72.9332122803
50118.7031250000,-72.9449462891
50234.2851562500,-72.9655380249
50350.0781250000,-72.9835205078
50466.1367187500,-73.0162963867
50582.4648437500,-73.0163955688
50699.0625000000,-73.0182037354
50815.9257812500,-73.0297393799
50933.0625000000,-73.0845870972
51050.5234375000,-73.1097717285
51168.1953125000,-73.1172256470
51286.1445312500,-73.1191406250
51404.3593750000,-73.1321411133
51522.8515625000,-73.1749572754
51641.6171875000,-73.2207565308
51760.7109375000,-73.3026733398
51880.0234375000,-73.3863983154
51999.6093750000,-73.4344787598
52119.4726562500,-73.4552536011
52239.6093750000,-73.4577102661
52360.0273437500,-73.4653396606
52480.7187500000,-73.5017089844
52601.7500000000,-73.5026550293
52723.0000000000,-73.5182647705
52844.5312500000,-73.5386428833
52966.3398437500,-73.5459976196
53088.4335937500,-73.5693130493
53210.8046875000,-73.5760803223
53333.5195312500,-73.6061248779
53456.4570312500,-73.6192398071
53579.6757812500,-73.6356735229
53703.1835937500,-73.6961746216
53826.9726562500,-73.7227401733
53951.0468750000,-73.7339096069
54075.4062500000,-73.7629089355
54200.1132812500,-73.8291168213
54325.0507812500,-73.9167785645
54450.2734375000,-74.0044555664
54575.7851562500,-74.0218429565
54701.5859375000,-74.0391006470
54827.6757812500,-74.0471572876
54954.0585937500,-74.0694503784
55080.7929687500,-74.0713119507
55207.7578125000,-74.0877151489
55335.0156250000,-74.1106948853
55462.5664062500,-74.2025375366
55590.4101562500,-74.2303848267
55718.5507812500,-74.2542114258
55847.0468750000,-74.2557678223
55975.7773437500,-74.2898712158
56104.8085937500,-74.3051147461
56234.1328125000,-74.3385009766
56363.7578125000,-74.3388214111
56493.6796875000,-74.3389205933
56623.9023437500,-74.3439865112
56754.4843750000,-74.3641128540
56885.3085937500,-74.4154815674
57016.4335937500,-74.4301757813
57147.8593750000,-74.4312744141
57279.5898437500,-74.4646530151
57411.6210937500,-74.6137237549
57544.0234375000,-74.7599411011
57676.6679687500,-74.7628021240
57809.6171875000,-74.7816009521
57942.8710937500,-74.7905044556
58076.4335937500,-74.8279800415
58210.3046875000,-74.8493499756
58344.4843750000,-74.8812255859
58479.0351562500,-74.8850936890
58613.8320312500,-74.8851699829
58748.9414062500,-74.8881835938
58884.3632812500,-74.8883972168
59020.0937500000,-74.8948822021
59156.1406250000,-74.9217300415
59292.5000000000,-74.9272232056
59429.2382812500,-74.9631576538
59566.2265625000,-75.0073242188
59703.5312500000,-75.0131301880
59841.1523437500,-75.0169754028
59979.0898437500,-75.0496139526
60117.3476562500,-75.1149826050
60255.9882812500,-75.2259140015
60394.8828125000,-75.3279113770
60534.0976562500,-75.3679122925
60673.6328125000,-75.3681106567
60813.4882812500,-75.3809967041
60953.6679687500,-75.4125213623
61094.1718750000,-75.4210510254
61235.0625000000,-75.4581222534
61376.2148437500,-75.4906463623
61517.6914062500,-75.5180435181
61659.4960937500,-75.5484771729
61801.6250000000,-75.5527191162
61944.0820312500,-75.5575027466
62086.9335937500,-75.5582351685
62230.0507812500,-75.5809402466
62373.4960937500,-75.5871276855
62517.2695312500,-75.5990371704
62661.3750000000,-75.6045455933
62805.8164062500,-75.6046600342
62950.5859375000,-75.6317138672
63095.7617187500,-75.7204360962
63241.2031250000,-75.8076324463
63386.9765625000,-75.8153762817
63533.0898437500,-75.8232498169
63679.5390625000,-75.8831558228
63826.3242187500,-75.8958129883
63973.5195312500,-75.9111862183
64120.9804687500,-75.9521102905
64268.7851562500,-76.0000228882
64416.9296875000,-76.0141448975
64565.4140625000,-76.0234909058
64714.2421875000,-76.0346374512
64863.4140625000,-76.0425033569
65013.0000000000,-76.0933151245
65162.8593750000,-76.0941162109
65313.0625000000,-76.1290130615
65463.6132812500,-76.1403045654
65614.5156250000,-76.1481094360
65765.7578125000,-76.1640472412
65917.3515625000,-76.1692581177
66069.3671875000,-76.1848983765
66221.6640625000,-76.1987533569
66374.3125000000,-76.2432174683
66527.3125000000,-76.3354034424
66680.6562500000,-76.4273605347
66834.3593750000,-76.4859390259
66988.4921875000,-76.5295486450
67142.9062500000,-76.5657501221
67297.6796875000,-76.6108551025
67452.8046875000,-76.6827087402
67608.2890625000,-76.6860809326
67764.1250000000,-76.6905517578
67920.3281250000,-76.6951065063
68076.9609375000,-76.6985549927
68233.8906250000,-76.7241210938
68391.1718750000,-76.7576370239
68548.8203125000,-76.7613754272
68706.8281250000,-76.7788238525
68865.2031250000,-76.7855987549
69024.0156250000,-76.8026504517
69183.1250000000,-76.8068313599
69342.5937500000,-76.8079452515
69502.4296875000,-76.8302001953
69662.6406250000,-76.9113082886
69823.2187500000,-76.9167175293
69984.1640625000,-76.9354400635
70145.5625000000,-76.9433593750
70307.2500000000,-76.9528045654
70469.3125000000,-76.9598922729
70631.7500000000,-76.9818344116
70794.5625000000,-77.0335769653
70957.7500000000,-77.1812057495
71121.3906250000,-77.2170028687
71285.3281250000,-77.2189178467
71449.6484375000,-77.2507858276
71614.3437500000,-77.3686370850
71779.4218750000,-77.4337081909
71944.8750000000,-77.4343872070
72110.7187500000,-77.4609832764
72277.0156250000,-77.4687347412
72443.6171875000,-77.4922561646
72610.6093750000,-77.4974060059
72777.9765625000,-77.5039215088
72945.7343750000,-77.5280303955
73113.8828125000,-77.5491485596
73282.4140625000,-77.5943603516
73451.4140625000,-77.6280212402
73620.7265625000,-77.6286544800
73790.4296875000,-77.6688537598
73960.5234375000,-77.6974182129
74131.0078125000,-77.7086639404
74301.8828125000,-77.7738342285
74473.2343750000,-77.8100280762
74644.8984375000,-77.8241653442
74816.9609375000,-77.8531951904
74989.4218750000,-77.8932952881
75162.2734375000,-77.9508972168
75335.5312500000,-77.9592437744
75509.1875000000,-77.9683151245
75683.3203125000,-77.9908294678
75857.7812500000,-78.0396652222
76032.6328125000,-78.0604095459
76207.8984375000,-78.0681076050
76383.5625000000,-78.0826339722
76559.6328125000,-78.0974273682
76736.1875000000,-78.1403732300
76913.0703125000,-78.1844558716
77090.3593750000,-78.2121505737
77268.0625000000,-78.2449035645
77446.1718750000,-78.2699279785
77624.6875000000,-78.2995147705
77803.6171875000,-78.4090805054
77983.0468750000,-78.4639205933
78162.8046875000,-78.4694366455
78342.9765625000,-78.4915008545
78523.5625000000,-78.4927749634
78704.5625000000,-78.4938583374
78885.9843750000,-78.5046234131
79067.8203125000,-78.5085906982
79250.1640625000,-78.5228576660
79432.8437500000,-78.5256423950
79615.9375000000,-78.5299758911
79799.4609375000,-78.5397338867
79983.4062500000,-78.5464172363
80167.7734375000,-78.5478591919
80352.6484375000,-78.5725173950
80537.8671875000,-78.5914077759
80723.5156250000,-78.6172027588
80909.5859375000,-78.7087707520
81096.0937500000,-78.7972793579
81283.0234375000,-78.8312835693
81470.3828125000,-78.8529052734
81658.2734375000,-78.8540954590
81846.5000000000,-78.8555450439
82035.1640625000,-78.8864974976
82224.2578125000,-78.9028015137
82413.7890625000,-78.9403915405
82603.7578125000,-78.9620742798
82794.2578125000,-78.9664764404
82985.1015625000,-79.0240402222
83176.3906250000,-79.1786575317
83368.1171875000,-79.2337799072
83560.2890625000,-79.2345428467
83752.8984375000,-79.2538299561
83945.9609375000,-79.2645568848
84139.5546875000,-79.2837371826
84333.5000000000,-79.2921142578
84527.8906250000,-79.2982864380
84722.7343750000,-79.3655548096
84918.0312500000,-79.3748092651
85113.7734375000,-79.3830261230
85310.0546875000,-79.3907394409
85506.7031250000,-79.4442291260
85703.8046875000,-79.4493408203
85901.3515625000,-79.4687042236
86099.3671875000,-79.4731674194
86297.8281250000,-79.4823532104
86496.7500000000,-79.4880676270
86696.2265625000,-79.5012283325
86896.0703125000,-79.5068740845
87096.3671875000,-79.5125732422
87297.1328125000,-79.5363006592
87498.3593750000,-79.5392227173
87700.0468750000,-79.5859146118
87902.2031250000,-79.5931625366
88104.9218750000,-79.8308868408
88308.0078125000,-79.8556213379
88511.5703125000,-79.8660278320
88715.5937500000,-79.9474945068
88920.0859375000,-80.0012130737
89125.0546875000,-80.0863571167
89330.5937500000,-80.1373291016
89536.5078125000,-80.1590805054
89742.8906250000,-80.1605911255
89949.7578125000,-80.1658020020
90157.1015625000,-80.1745986938
90364.9140625000,-80.1858596802
90573.2109375000,-80.2227096558
90782.0937500000,-80.2619018555
90991.3515625000,-80.2637634277
91201.0937500000,-80.2726287842
91411.3203125000,-80.2797241211
91622.0234375000,-80.2808685303
91833.2187500000,-80.2844314575
92045.0078125000,-80.2854843140
92257.1718750000,-80.2877960205
92469.8359375000,-80.3096237183
92682.9843750000,-80.3292617798
92896.6250000000,-80.3497543335
93110.7578125000,-80.3754043579
93325.3828125000,-80.3934097290
93540.6093750000,-80.4108352661
93756.2265625000,-80.4147033691
93972.3437500000,-80.4216690063
94188.9531250000,-80.4324645996
94406.0703125000,-80.4477005005
94623.6796875000,-80.4521560669
94841.8984375000,-80.4866485596
95060.5156250000,-80.4949493408
95279.6328125000,-80.5449295044
95499.2656250000,-80.5786132813
95719.3984375000,-80.6095428467
95940.0390625000,-80.6492385864
96161.1875000000,-80.6662521362
96382.9453125000,-80.6811370850
96605.1171875000,-80.8787536621
96827.7968750000,-81.0102691650
97050.9921875000,-81.0296936035
97274.7031250000,-81.0304183960
97498.9296875000,-81.1160888672
97723.6718750000,-81.1205596924
97949.0390625000,-81.1252899170
98174.8203125000,-81.1565475464
98401.1171875000,-81.1605453491
98627.9375000000,-81.1691207886
98855.2812500000,-81.1870651245
99083.1484375000,-81.2225952148
99311.6562500000,-81.2286071777
99540.5781250000,-81.2385559082
99770.0234375000,-81.2437133789
100000.0000000000,-81.2501602173
100230.5078125000,-81.2559356689
100461.5468750000,-81.2576065063
100693.1171875000,-81.2609481812
100925.3359375000,-81.2787094116
101157.9687500000,-81.3050765991
101391.1484375000,-81.3409042358
101624.8593750000,-81.3856430054
101859.1171875000,-81.4371185303
102093.9062500000,-81.4919128418
102329.3515625000,-81.5462417603
102565.2265625000,-81.5970153809
102801.6484375000,-81.6428756714
103038.6171875000,-81.6843109131
103276.1250000000,-81.7229156494
103514.1875000000,-81.7601776123
103752.7890625000,-81.7962036133
103992.0625000000,-81.8292999268
104231.7734375000,-81.8572082520
104472.0312500000,-81.8785705566
104712.8515625000,-81.8941421509
104954.2187500000,-81.9070968628
105196.1484375000,-81.9223175049
105438.6328125000,-81.9448623657
105681.7890625000,-81.9783706665
105925.3984375000,-82.0239257813
106169.5625000000,-82.0800399780
106414.2890625000,-82.1433639526
106659.5859375000,-82.2100219727
106905.4375000000,-82.2767791748
107151.9843750000,-82.3416442871
107398.9765625000,-82.4035263062
107646.5390625000,-82.4616546631
107894.6718750000,-82.5148162842
108143.3750000000,-82.5612335205
108392.6562500000,-82.5991363525
108642.5078125000,-82.6275329590
108893.0546875000,-82.6466979980
109144.0625000000,-82.6468048096
109395.6484375000,-82.6489791870
109647.8125000000,-82.6532821655
109900.5546875000,-82.6580352783
110153.8828125000,-82.6611251831
110407.9218750000,-82.6635284424
110662.4140625000,-82.6641998291
110917.5000000000,-82.6644210815
111173.1718750000,-82.6648559570
111429.4375000000,-82.6651840210
111686.2890625000,-82.6654739380
111943.7343750000,-82.6658782959
112201.8984375000,-82.6667556763
112460.5312500000,-82.6672210693
112719.7578125000,-82.7058563232
112979.5859375000,-82.7638244629
113240.0078125000,-82.8345642090
113501.0390625000,-82.9080581665
113762.7890625000,-82.9744796753
114025.0234375000,-83.0275802612
114287.8593750000,-83.0663375854
114551.2968750000,-83.0940399170
114815.3437500000,-83.1156005859
115080.0078125000,-83.1444473267
115345.2734375000,-83.1726608276
115611.2812500000,-83.1912689209
115877.7734375000,-83.2110824585
116144.8750000000,-83.2346496582
116412.6015625000,-83.2645416260
116680.9375000000,-83.3017272949
116949.8984375000,-83.3445587158
117219.4765625000,-83.3890380859
117489.8046875000,-83.4302139282
117760.6250000000,-83.4640579224
118032.0703125000,-83.4887084961
118304.1406250000,-83.5047531128
118576.8437500000,-83.5146484375
118850.1718750000,-83.5219039917
119124.2578125000,-83.5304412842
119398.8515625000,-83.5545196533
119674.0703125000,-83.5943527222
119949.9296875000,-83.6293182373
120226.4218750000,-83.6372451782
120503.5546875000,-83.6417999268
120781.3203125000,-83.6424942017
121059.8671875000,-83.6545562744
121338.9140625000,-83.6578674316
121618.6093750000,-83.6648254395
121898.9531250000,-83.6741180420
122179.9375000000,-83.6747360229
122461.5703125000,-83.6932601929
122743.9843750000,-83.6943893433
123026.9218750000,-83.7017364502
123310.5078125000,-83.7090759277
123594.7421875000,-83.7125549316
123879.6406250000,-83.7169570923
124165.1953125000,-83.7373352051
124451.3984375000,-83.7794265747
124738.4062500000,-83.8461990356
125025.9375000000,-83.9035644531
125314.1328125000,-83.9278335571
125602.9921875000,-83.9403381348
125892.5156250000,-83.9450302124
126182.7031250000,-83.9489974976
126473.7031250000,-83.9599456787
126765.2343750000,-84.0021133423
127057.4375000000,-84.0695877075
127350.3125000000,-84.1237869263
127643.8671875000,-84.1773834229
127938.0937500000,-84.2261810303
128233.0000000000,-84.2687301636
128528.7265625000,-84.3055191040
128824.9921875000,-84.3506774902
129121.9453125000,-84.3857192993
129419.5781250000,-84.4032058716
129717.8984375000,-84.4198608398
130016.9140625000,-84.4405059814
130316.6093750000,-84.4881973267
130617.1406250000,-84.5510559082
130918.2265625000,-84.5946044922
131220.0000000000,-84.6315536499
131522.4687500000,-84.6588745117
131825.6406250000,-84.6784286499
132129.5000000000,-84.7074966431
132434.2187500000,-84.7516860962
132739.4843750000,-84.7953948975
133045.4687500000,-84.8470611572
133352.1406250000,-84.9014434814
133659.5312500000,-84.9749679565
133967.6250000000,-85.0307312012
134276.4218750000,-85.0418853760
134586.0937500000,-85.0441131592
134896.3281250000,-85.0502243042
135207.2656250000,-85.0522003174
135518.9375000000,-85.0560455322
135831.3125000000,-85.0613098145
136144.4062500000,-85.0714035034
136458.3906250000,-85.1274261475
136772.9375000000,-85.2010803223
137088.2031250000,-85.2540206909
137404.2031250000,-85.3017883301
137720.9218750000,-85.3478546143
138038.3906250000,-85.3629455566
138356.5781250000,-85.3640441895
138675.6406250000,-85.3648529053
138995.2968750000,-85.3935241699
139315.7031250000,-85.4515991211
139636.8281250000,-85.5005416870
139958.7031250000,-85.5457077026
140281.3125000000,-85.5891647339
140604.6718750000,-85.6059570313
140928.9375000000,-85.6062622070
141253.7812500000,-85.6076126099
141579.3906250000,-85.6177978516
141905.7343750000,-85.6301956177
142232.8437500000,-85.6438293457
142560.7031250000,-85.6606216431
142889.4687500000,-85.6709747314
143218.8281250000,-85.6745452881
143548.9687500000,-85.6818542480
143879.8593750000,-85.6985626221
144211.5156250000,-85.7189025879
144543.9218750000,-85.7584457397
144877.1093750000,-85.7960128784
145211.2187500000,-85.8132629395
145545.9375000000,-85.8243789673
145881.4375000000,-85.8395690918
146217.7031250000,-85.8650054932
146554.7500000000,-85.8910064697
146892.5625000000,-85.9331436157
147231.3281250000,-85.9678192139
147570.7031250000,-85.9851379395
147910.8593750000,-86.0159759521
148251.8125000000,-86.0643463135
148593.5468750000,-86.1104049683
148936.0625000000,-86.1907272339
149279.3750000000,-86.2733383179
149623.6250000000,-86.3543930054
149968.5312500000,-86.4336624146
150314.2187500000,-86.4805603027
150660.7031250000,-86.5286636353
151007.9843750000,-86.5512924194
151356.0625000000,-86.5559844971
151705.1250000000,-86.5667953491
152054.8125000000,-86.5881729126
152405.3125000000,-86.6050338745
152756.6093750000,-86.6200790405
153108.7187500000,-86.6226501465
153461.6562500000,-86.6248931885
153815.3906250000,-86.6395797729
154170.1093750000,-86.6401367188
154525.4843750000,-86.6442947388
154881.6875000000,-86.6536254883
155238.7031250000,-86.6588592529
155596.5312500000,-86.6804504395
155955.1875000000,-86.6826400757
156314.6875000000,-86.6852951050
156675.1718750000,-86.6960525513
157036.3125000000,-86.7543411255
157398.2968750000,-86.8347473145
157761.1093750000,-86.9073715210
158124.7656250000,-86.9738540649
158489.2500000000,-87.0205078125
158854.7500000000,-87.1035537720
159220.9218750000,-87.1977462769
159587.9375000000,-87.2869415283
159955.7968750000,-87.3043823242
160324.5156250000,-87.3135986328
160694.0625000000,-87.3152923584
161064.4843750000,-87.3452529907
161435.9218750000,-87.3511199951
161808.0468750000,-87.3540649414
162181.0312500000,-87.3743286133
162554.8593750000,-87.3799972534
162929.5625000000,-87.4157791138
163305.1250000000,-87.4877243042
163681.7343750000,-87.5449981689
164059.0312500000,-87.5612106323
164437.2031250000,-87.5640487671
164816.2343750000,-87.5734786987
165196.1562500000,-87.5757446289
165576.9375000000,-87.5900039673
165958.6093750000,-87.6363143921
166341.3437500000,-87.6855773926
166724.7656250000,-87.7259979248
167109.0781250000,-87.7515869141
167494.2812500000,-87.7534942627
167880.3593750000,-87.7561874390
168267.3437500000,-87.7593231201
168655.3906250000,-87.7610855103
169044.1562500000,-87.7797470093
169433.8125000000,-87.7813262939
169824.3750000000,-87.7887954712
170215.8281250000,-87.7907409668
170608.1875000000,-87.7965164185
171001.4531250000,-87.8288650513
171395.8125000000,-87.8871917725
171790.8906250000,-87.9428482056
172186.8750000000,-87.9793548584
172583.7812500000,-87.9902877808
172981.6093750000,-87.9931182861
173380.3437500000,-88.0057449341
173779.9843750000,-88.0511474609
174180.7500000000,-88.1046676636
174582.2500000000,-88.1685409546
174984.6875000000,-88.2339935303
175388.0312500000,-88.2418212891
175792.3125000000,-88.2451858521
176197.5312500000,-88.2620849609
176603.8750000000,-88.2672653198
177010.9531250000,-88.2890319824
177418.9843750000,-88.2919616699
177827.9375000000,-88.3142929077
178237.8437500000,-88.3397750854
178648.7031250000,-88.3433380127
179060.5000000000,-88.3435363770
179473.4375000000,-88.3544540405
179887.1406250000,-88.4925842285
180301.7968750000,-88.6050186157
180717.4062500000,-88.6833724976
181133.9687500000,-88.7360534668
181551.5000000000,-88.7489700317
181970.1875000000,-88.7552261353
182389.6406250000,-88.7802352905
182810.0625000000,-88.8228225708
183231.4531250000,-88.8883743286
183653.8125000000,-88.9597930908
184077.1406250000,-89.0140762329
184501.4531250000,-89.0192718506
184926.9531250000,-89.0261688232
185353.2187500000,-89.0393829346
185780.4687500000,-89.0405349731
186208.7031250000,-89.0421371460
186637.9375000000,-89.0654449463
187068.1406250000,-89.0665817261
187499.3437500000,-89.0945281982
187931.7500000000,-89.1085357666
188364.9531250000,-89.1374893188
188799.1406250000,-89.1597061157
189234.3437500000,-89.1768188477
189670.5312500000,-89.1833190918
190107.7500000000,-89.1865844727
190546.1562500000,-89.2017211914
190985.3906250000,-89.2248306274
191425.6250000000,-89.2356185913
191866.8750000000,-89.2463531494
192309.1406250000,-89.3015823364
192752.4218750000,-89.3781890869
193196.7343750000,-89.4295120239
193642.2812500000,-89.4767532349
194088.6406250000,-89.5176239014
194536.0312500000,-89.5466003418
194984.4375000000,-89.5664062500
195433.8906250000,-89.5767669678
195884.3906250000,-89.5851211548
196336.1250000000,-89.6083221436
196788.7031250000,-89.6601181030
197242.3125000000,-89.7556381226
197696.9687500000,-89.7990493774
198152.6718750000,-89.8018875122
198609.4218750000,-89.8320083618
199067.2343750000,-89.8324508667
199526.3125000000,-89.8432083130
199986.2343750000,-89.8767013550
200447.2187500000,-89.8843765259
200909.2656250000,-89.8902130127
201372.3750000000,-89.8996429443
201836.5625000000,-89.9021301270
202302.0312500000,-89.9367065430
202768.3437500000,-89.9934539795
203235.7343750000,-90.0483245850
203704.2187500000,-90.0819549561
204173.7656250000,-90.1165313721
204644.4062500000,-90.1845321655
205116.1250000000,-90.2771759033
205589.1562500000,-90.3643112183
206063.0468750000,-90.3889846802
206538.0468750000,-90.3904800415
207014.1250000000,-90.3957214355
207491.3125000000,-90.4057464600
207969.5937500000,-90.4123687744
208448.9843750000,-90.4191436768
208929.7031250000,-90.4231033325
209411.2968750000,-90.4332885742
209894.0000000000,-90.4473571777
210377.8281250000,-90.4951324463
210862.7500000000,-90.4968261719
211348.8125000000,-90.4990158081
211836.2187500000,-90.5219039917
212324.5156250000,-90.5312118530
212813.9375000000,-90.5365524292
213304.4843750000,-90.6072311401
213796.1718750000,-90.6763992310
214288.9843750000,-90.7383422852
214782.9375000000,-90.7649154663
215278.2656250000,-90.7706069946
215774.5000000000,-90.7707748413
216271.8750000000,-90.7739562988
216770.3906250000,-90.7866439819
217270.0625000000,-90.7910461426
217770.8906250000,-90.8066940308
218273.1093750000,-90.8097534180
218776.2343750000,-90.9248046875
219280.5312500000,-91.0576858521
219785.9843750000,-91.1011505127
220292.6093750000,-91.1075820923
220800.4062500000,-91.1360626221
221309.3593750000,-91.1478271484
221819.7343750000,-91.1541976929
222331.0468750000,-91.1592178345
222843.5468750000,-91.1637039185
223357.2031250000,-91.1663894653
223872.0625000000,-91.2710266113
224388.1093750000,-91.3741149902
224905.5781250000,-91.3998947144
225424.0000000000,-91.4151458740
225943.6250000000,-91.4267654419
226464.4375000000,-91.4351119995
226986.4531250000,-91.4353408813
227509.6718750000,-91.4417724609
228034.1093750000,-91.4536819458
228559.9843750000,-91.4839096069
229086.8281250000,-91.4962615967
229614.8906250000,-91.5027847290
230144.1718750000,-91.5213775635
230674.6718750000,-91.5787734985
231206.3906250000,-91.5865249634
231739.3437500000,-91.5932312012
232273.7812500000,-91.5952148438
232809.1875000000,-91.6220169067
233345.8281250000,-91.6271133423
233883.7031250000,-91.6333389282
234422.8125000000,-91.6375045776
234963.1875000000,-91.6390838623
235505.0468750000,-91.6767807007
236047.9062500000,-91.6873168945
236592.0156250000,-91.6893234253
237137.3750000000,-91.7149658203
237683.9843750000,-91.7655792236
238231.8750000000,-91.8255081177
238781.0156250000,-91.9151687622
239331.6718750000,-92.0248413086
239883.3593750000,-92.0923614502
240436.2968750000,-92.1130371094
240990.5312500000,-92.1132507324
241546.0312500000,-92.1417007446
242102.8125000000,-92.2139739990
242661.1406250000,-92.2166824341
243220.4843750000,-92.2183456421
243781.1250000000,-92.2206115723
244343.0625000000,-92.2261886597
244906.2968750000,-92.2408218384
245470.8125000000,-92.2528991699
246036.6406250000,-92.2795867920
246604.0468750000,-92.3236923218
247172.4843750000,-92.3500823975
247742.2343750000,-92.4043884277
248313.2968750000,-92.4069061279
248885.6718750000,-92.4309539795
249459.3750000000,-92.4350967407
250034.4062500000,-92.4389953613
250611.0156250000,-92.5957641602
251188.7031250000,-92.5994415283
251767.7031250000,-92.6499176025
252348.0468750000,-92.6523132324
252929.7343750000,-92.7362289429
253512.7500000000,-92.7416763306
254097.3906250000,-92.7888183594
254683.1093750000,-92.8291091919
255270.1718750000,-92.8574447632
255858.5781250000,-92.8719177246
256448.3593750000,-92.9011611938
257039.4843750000,-92.9387817383
257631.9843750000,-92.9564590454
258226.1250000000,-92.9579315186
258821.3593750000,-92.9594879150
259417.9531250000,-92.9895095825
260015.9375000000,-93.0355682373
260615.2812500000,-93.0674972534
261216.0312500000,-93.0706024170
261818.4375000000,-93.0824737549
262421.9375000000,-93.1439437866
263026.8437500000,-93.1605987549
263633.1562500000,-93.1899185181
264240.8437500000,-93.2013931274
264849.9375000000,-93.3359451294
265460.4375000000,-93.3894348145
266072.6250000000,-93.4031600952
266685.9375000000,-93.4089279175
267300.6562500000,-93.4117507935
267916.8125000000,-93.4187088013
268534.3750000000,-93.4281463623
269153.3750000000,-93.4349822998
269774.0937500000,-93.4633026123
270395.9375000000,-93.5100631714
271019.2187500000,-93.5786285400
271643.9375000000,-93.5957717896
272270.0937500000,-93.6183929443
272897.6875000000,-93.6394500732
273526.7500000000,-93.6920089722
274157.5312500000,-93.6983566284
274789.5000000000,-93.7424926758
275422.9062500000,-93.7665100098
276057.7812500000,-93.7983932495
276694.0937500000,-93.8178787231
277331.9062500000,-93.8415908813
277971.1875000000,-93.8525848389
278612.2187500000,-93.8835830688
279254.4375000000,-93.9080963135
279898.1562500000,-93.9569702148
280543.3437500000,-93.9588623047
281190.0000000000,-93.9653549194
281838.1562500000,-94.0086746216
282488.1250000000,-94.0892257690
283139.2812500000,-94.1560897827
283791.9375000000,-94.1702423096
284446.0937500000,-94.1726074219
285101.7812500000,-94.1787033081
285758.9687500000,-94.1856460571
286417.6562500000,-94.1929626465
287078.1875000000,-94.2073669434
287739.9062500000,-94.2704238892
288403.1875000000,-94.3504791260
289067.9687500000,-94.4183578491
289734.2812500000,-94.4236755371
290402.1562500000,-94.4292297363
291071.8750000000,-94.4435119629
291742.8125000000,-94.4509735107
292415.2812500000,-94.4636764526
293089.3437500000,-94.4658584595
293764.9062500000,-94.4740066528
294442.0625000000,-94.4897308350
295120.7812500000,-94.5112152100
295801.3750000000,-94.5202789307
296483.2187500000,-94.5561370850
297166.6250000000,-94.6092910767
297851.6250000000,-94.6452331543
298538.1875000000,-94.7450103760
299226.3437500000,-94.8119964600
299916.4062500000,-94.8159790039
300607.7500000000,-94.8634643555
301300.6562500000,-94.9248123169
301995.1875000000,-94.9738540649
302691.3125000000,-95.0061721802
303389.0312500000,-95.0166778564
304088.3750000000,-95.0194931030
304789.6562500000,-95.0199508667
305492.2187500000,-95.0215377808
306196.3750000000,-95.0239257813
306902.1875000000,-95.0308609009
307609.6250000000,-95.0501708984
308318.6875000000,-95.0747070313
309029.3750000000,-95.1011123657
309742.0625000000,-95.1265640259
310456.0312500000,-95.1423645020
311171.6562500000,-95.1439208984
311888.9375000000,-95.1489715576
312607.8437500000,-95.1526794434
313328.4375000000,-95.1632919312
314051.0312500000,-95.1670532227
314774.9375000000,-95.1672134399
315500.5000000000,-95.1789550781
316227.7812500000,-95.1791381836
316956.6875000000,-95.1834030151
317687.3125000000,-95.2027359009
318419.5937500000,-95.2602996826
319153.9375000000,-95.3306961060
319889.5937500000,-95.4072036743
320626.9687500000,-95.4839019775
321366.0312500000,-95.5567550659
322106.8125000000,-95.6236648560
322849.2812500000,-95.6836090088
323593.8125000000,-95.7359848022
324339.7187500000,-95.7803497314
325087.3750000000,-95.8169860840
325836.7187500000,-95.8472518921
326587.7812500000,-95.8733596802
327340.5937500000,-95.8976821899
328095.1250000000,-95.9217376709
328851.7812500000,-95.9455566406
329609.8125000000,-95.9675750732
330369.5937500000,-95.9853134155
331131.0937500000,-95.9965591431
331894.3750000000,-95.9985275269
332659.4375000000,-96.0000839233
333426.2187500000,-96.0008087158
334195.1562500000,-96.0009765625
334965.5000000000,-96.0109024048
335737.6250000000,-96.0289840698
336511.5312500000,-96.0530853271
337287.2187500000,-96.0796356201
338064.6875000000,-96.1056518555
338844.3125000000,-96.1303100586
339625.3750000000,-96.1552429199
340408.2500000000,-96.1837005615
341192.9062500000,-96.2191085815
341979.3750000000,-96.2638549805
342767.6562500000,-96.3187942505
343557.7812500000,-96.3832702637
344350.0625000000,-96.4553985596
345143.8125000000,-96.5320053101
345939.4062500000,-96.6085052490
346736.8125000000,-96.6789321899
347536.0625000000,-96.7146301270
348337.1562500000,-96.7167739868
349140.5000000000,-96.7209167480
349945.2812500000,-96.7310791016
350751.9375000000,-96.7312011719
351560.4375000000,-96.7423248291
352370.8125000000,-96.7534561157
353183.0625000000,-96.7568664551
353997.1562500000,-96.7588043213
354813.5312500000,-96.7655029297
355631.4062500000,-96.7790756226
356451.1562500000,-96.7924423218
357272.8125000000,-96.7975463867
358096.3437500000,-96.7980117798
358921.7812500000,-96.8007965088
359749.5312500000,-96.8673248291
360578.7812500000,-96.9323883057
361409.9375000000,-96.9652023315
362243.0000000000,-96.9882659912
363078.0000000000,-97.0033493042
363914.9375000000,-97.0138702393
364753.7812500000,-97.0236511230
365594.9687500000,-97.0361862183
366437.6875000000,-97.0544128418
367282.3437500000,-97.0807647705
368128.9687500000,-97.1389694214
368977.5312500000,-97.2117614746
369828.0312500000,-97.2615890503
370680.5312500000,-97.3037796021
371535.3750000000,-97.3181457520
372391.7812500000,-97.3205718994
373250.1875000000,-97.3305206299
374110.5625000000,-97.3326034546
374972.9062500000,-97.3358154297
375837.2500000000,-97.3451461792
376703.9687500000,-97.3457717896
377572.3125000000,-97.3536682129
378442.6562500000,-97.3852310181
379314.9687500000,-97.4221801758
380189.3437500000,-97.4625473022
381065.6875000000,-97.5310440063
381944.0625000000,-97.6118545532
382824.9062500000,-97.6739883423
383707.3437500000,-97.7384262085
384591.8125000000,-97.7999420166
385478.3125000000,-97.8545150757
386366.8750000000,-97.9220962524
387257.5000000000,-97.9820327759
388150.5625000000,-98.0195312500
389045.2812500000,-98.0294265747
389942.0625000000,-98.0318527222
390840.9062500000,-98.0398712158
391741.8125000000,-98.0451660156
392644.8125000000,-98.0525283813
393549.8750000000,-98.0716476440
394457.4687500000,-98.0758209229
395366.7187500000,-98.0769424438
396278.0937500000,-98.0850296021
397191.5312500000,-98.1272201538
398107.0937500000,-98.1648178101
399024.7500000000,-98.2039184570
399944.9687500000,-98.2445831299
400866.8750000000,-98.3089447021
401790.9062500000,-98.3743286133
402717.0625000000,-98.4141006470
403645.3437500000,-98.4465332031
404575.7812500000,-98.4689178467
405508.3437500000,-98.4835128784
406443.5312500000,-98.4885253906
407380.4062500000,-98.4937057495
408319.4375000000,-98.5040893555
409260.6562500000,-98.5268173218
410204.0312500000,-98.5428619385
411149.5625000000,-98.5443496704
412097.3125000000,-98.5471267700
413047.6562500000,-98.5520324707
413999.7812500000,-98.5530242920
414954.0625000000,-98.5537719727
415910.5625000000,-98.5766906738
416869.2812500000,-98.6320419312
417830.1875000000,-98.6989288330
418793.7812500000,-98.7427520752
419759.1250000000,-98.7804946899
420726.6875000000,-98.8201293945
421696.5000000000,-98.8449401855
422668.5312500000,-98.8567886353
423642.8125000000,-98.8705139160
424619.3437500000,-98.9043197632
425598.5937500000,-98.9561004639
426579.6250000000,-99.0014266968
427562.9375000000,-99.0754470825
428548.5000000000,-99.1437149048
429536.3125000000,-99.1777725220
430526.4375000000,-99.1932830811
431519.3125000000,-99.1939010620
432514.0000000000,-99.1996536255
433510.9687500000,-99.2008743286
434510.2500000000,-99.2085037231
435511.8125000000,-99.2133712769
436515.6875000000,-99.2375946045
437521.9062500000,-99.2795486450
438530.9062500000,-99.3182754517
439541.7500000000,-99.3402786255
440554.9062500000,-99.3740234375
441570.4375000000,-99.4163055420
442588.2812500000,-99.4531021118
443608.4687500000,-99.5185470581
444631.0312500000,-99.5861129761
445656.4062500000,-99.6032867432
446683.6875000000,-99.6092376709
447713.3125000000,-99.6138229370
448745.3437500000,-99.6244888306
449779.7187500000,-99.6250228882
450816.5000000000,-99.6359863281
451856.1562500000,-99.6376266479
452897.7187500000,-99.6550445557
453941.6875000000,-99.6574172974
454988.0625000000,-99.6627960205
456036.8437500000,-99.6733093262
457088.0312500000,-99.6769943237
458141.6562500000,-99.6845016479
459198.1875000000,-99.7128067017
460256.6875000000,-99.7204055786
461317.6250000000,-99.7254028320
462380.9687500000,-99.7264556885
463446.8125000000,-99.7297897339
464515.0937500000,-99.7416915894
465586.3437500000,-99.7449874878
466659.5312500000,-99.7475585938
467735.2187500000,-99.7526397705
468813.3750000000,-99.7802200317
469894.0312500000,-99.8293075562
470977.1875000000,-99.9035415649
472062.8125000000,-100.0029373169
473151.4687500000,-100.0830154419
474242.1250000000,-100.2064819336
475335.2812500000,-100.3160324097
476430.9687500000,-100.3938064575
477529.1562500000,-100.4504165649
478629.9062500000,-100.4873962402
479733.7187500000,-100.4884262085
480839.5312500000,-100.4928359985
481947.9062500000,-100.4948577881
483058.8125000000,-100.5006027222
484172.3125000000,-100.5014648438
485288.3437500000,-100.5023345947
486406.9687500000,-100.5030899048
487528.7187500000,-100.5112991333
488652.5000000000,-100.5140228271
489778.8750000000,-100.5274887085
490907.8437500000,-100.5275115967
492039.4375000000,-100.5284347534
493173.6250000000,-100.5431671143
494310.4375000000,-100.5454788208
495450.3750000000,-100.5515670776
496592.4375000000,-100.5537338257
497737.1250000000,-100.6134262085
498884.4375000000,-100.6962890625
500034.4062500000,-100.7746963501
501187.0000000000,-100.8058776855
502342.8437500000,-100.8122177124
503500.7812500000,-100.8201904297
504661.3750000000,-100.8223648071
505824.6562500000,-100.8260498047
506990.6250000000,-100.8644866943
508159.2812500000,-100.9303970337
509330.6250000000,-101.0121383667
510505.2187500000,-101.0913543701
511681.9687500000,-101.1445617676
512861.4375000000,-101.1453247070
514043.6250000000,-101.1488952637
515228.5312500000,-101.1513137817
516416.1562500000,-101.1650009155
517607.0937500000,-101.1668624878
518800.2187500000,-101.1702804565
519996.0937500000,-101.2028121948
521194.7187500000,-101.2633819580
522396.1250000000,-101.3498077393
523600.2812500000,-101.4755859375
524807.1875000000,-101.5194931030
526017.5000000000,-101.5252075195
527230.0000000000,-101.5503082275
528445.3125000000,-101.5543975830
529663.4375000000,-101.5685119629
530884.3125000000,-101.5930099487
532108.0625000000,-101.5946197510
533335.1875000000,-101.5986022949
534564.5625000000,-101.5993270874
535796.7500000000,-101.6052627563
537031.8125000000,-101.6124877930
538269.6875000000,-101.6179656982
539510.4375000000,-101.6309967041
540754.0625000000,-101.6704940796
542001.1250000000,-101.7253494263
543250.5000000000,-101.7646026611
544502.7500000000,-101.8017578125
545757.8750000000,-101.8538208008
547015.8750000000,-101.9033432007
548276.7500000000,-101.9710617065
549540.5625000000,-102.0760574341
550807.9375000000,-102.0956192017
552077.5625000000,-102.1009521484
553350.1250000000,-102.1280059814
554625.6875000000,-102.1379928589
555904.1250000000,-102.1512298584
557185.5000000000,-102.1897354126
558470.5000000000,-102.1952514648
559757.8125000000,-102.2114257813
561048.0625000000,-102.2630157471
562341.3125000000,-102.2674636841
563637.5625000000,-102.2762908936
564936.8125000000,-102.2838439941
566239.0000000000,-102.2942810059
567544.8750000000,-102.2999649048
568853.0625000000,-102.3240585327
570164.3125000000,-102.3328018188
571478.6250000000,-102.3339080811
572795.8750000000,-102.3439331055
574116.2500000000,-102.3500671387
575440.2500000000,-102.3833084106
576766.6875000000,-102.3956222534
578096.1875000000,-102.4130935669
579428.6875000000,-102.4281692505
580764.3125000000,-102.4340286255
582103.0625000000,-102.4689254761
583444.8125000000,-102.4690628052
584790.3750000000,-102.4889602661
586138.3125000000,-102.4993515015
587489.4375000000,-102.5005569458
588843.6250000000,-102.5054473877
590200.9375000000,-102.5502700806
591561.4375000000,-102.6801147461
592925.0000000000,-102.7679595947
594292.3750000000,-102.8044128418
595662.2500000000,-102.8205642700
597035.3125000000,-102.8337249756
598411.5000000000,-102.8572540283
599790.9375000000,-102.8916091919
601173.4375000000,-102.9011306763
602559.8750000000,-102.9133911133
603948.8125000000,-102.9408187866
605340.9375000000,-102.9520568848
606736.3125000000,-102.9625244141
608134.8750000000,-102.9686126709
609536.6875000000,-103.0311508179
610941.6875000000,-103.0395202637
612350.6250000000,-103.0511550903
613762.1250000000,-103.0784454346
615176.9375000000,-103.0939178467
616594.9375000000,-103.0975570679
618016.2500000000,-103.1156387329
619440.8125000000,-103.1608047485
620869.3750000000,-103.2373046875
622300.5000000000,-103.3010101318
623734.9375000000,-103.3307342529
625172.6875000000,-103.3478469849
626613.7500000000,-103.3656845093
628058.1250000000,-103.3677597046
629505.8750000000,-103.3891830444
630957.6250000000,-103.4175567627
632412.0000000000,-103.4335479736
633869.7500000000,-103.4348831177
635330.8750000000,-103.4414291382
636795.3750000000,-103.4682006836
638263.2500000000,-103.4714889526
639735.1875000000,-103.5079040527
641209.8125000000,-103.5961761475
642687.8750000000,-103.6069335938
644169.3125000000,-103.6232681274
645654.1250000000,-103.6720886230
647142.4375000000,-103.7136764526
648634.1250000000,-103.7210235596
650130.0000000000,-103.7312316895
651628.5625000000,-103.7585144043
653130.6250000000,-103.7703170776
654636.1250000000,-103.7752227783
656145.1250000000,-103.7846603394
657657.6250000000,-103.8095550537
659173.5625000000,-103.8512268066
660693.6875000000,-103.8529357910
662216.6250000000,-103.8600158691
663743.1250000000,-103.9202957153
665273.0625000000,-103.9251174927
666806.5625000000,-103.9636306763
668343.6250000000,-104.0214080811
669884.9375000000,-104.0459442139
671429.0625000000,-104.0662231445
672976.7500000000,-104.0794143677
674528.0000000000,-104.0835571289
676082.8750000000,-104.0905761719
677641.2500000000,-104.1159744263
679203.3125000000,-104.1594085693
680769.6250000000,-104.1773757935
682338.8750000000,-104.1835174561
683911.6875000000,-104.1993942261
685488.1875000000,-104.2068939209
687068.2500000000,-104.2328033447
688652.0000000000,-104.3458862305
690240.1875000000,-104.3554153442
691831.1875000000,-104.3574829102
693425.9375000000,-104.4407577515
695024.3125000000,-104.4793014526
696626.4375000000,-104.4817962646
698232.1875000000,-104.5371551514
699841.6875000000,-104.5827789307
701455.6250000000,-104.5996627808
703072.5000000000,-104.6165313721
704693.1250000000,-104.6982498169
706317.5000000000,-104.7362365723
707945.6250000000,-104.7579956055
709577.5000000000,-104.7597885132
711213.8750000000,-104.7877426147
712853.3125000000,-104.8142471313
714496.5000000000,-104.8274765015
716143.4375000000,-104.8473510742
717794.1875000000,-104.8981704712
719448.7500000000,-105.0188751221
721107.1250000000,-105.1030578613
722770.1250000000,-105.1199798584
724436.1875000000,-105.1209335327
726106.0625000000,-105.1364517212
727779.8125000000,-105.1738433838
729457.3750000000,-105.1985015869
731138.8125000000,-105.2020950317
732824.1250000000,-105.2022628784
734514.1875000000,-105.2068481445
736207.2500000000,-105.2920532227
737904.3125000000,-105.4503784180
739605.1875000000,-105.4696426392
741310.0625000000,-105.4706344604
743018.8125000000,-105.4829101563
744732.3750000000,-105.4885559082
746449.0000000000,-105.4936141968
748169.6250000000,-105.5143508911
749894.1875000000,-105.5260086060
751622.7500000000,-105.5267410278
753355.3125000000,-105.5910263062
755091.8750000000,-105.5917510986
756833.2500000000,-105.6017150879
758577.7500000000,-105.6025009155
760326.3750000000,-105.6077270508
762078.9375000000,-105.6136169434
763835.6250000000,-105.6154785156
765596.3125000000,-105.6352844238
767361.8750000000,-105.6387863159
769130.6875000000,-105.6487197876
770903.6250000000,-105.6626129150
772680.6250000000,-105.6665878296
774461.6875000000,-105.6763687134
776246.8750000000,-105.6835708618
778036.1875000000,-105.6867218018
779830.4375000000,-105.7076950073
781628.0000000000,-105.7398147583
783429.7500000000,-105.7445678711
785235.6250000000,-105.7557373047
787045.6250000000,-105.7596664429
788859.8125000000,-105.7821197510
790678.1875000000,-105.7947235107
792501.6250000000,-105.8394165039
794328.4375000000,-105.8802947998
796159.3750000000,-105.9183197021
797994.6250000000,-105.9736404419
799834.0000000000,-106.0287246704
801677.6875000000,-106.0676116943
803526.5000000000,-106.1039352417
805378.6875000000,-106.1120681763
807235.1250000000,-106.1299285889
809095.8750000000,-106.2158584595
810960.9375000000,-106.3304824829
812830.2500000000,-106.3451232910
814703.8750000000,-106.3560180664
816582.6875000000,-106.3779525757
818465.0000000000,-106.3935012817
820351.6250000000,-106.3973846436
822242.5625000000,-106.4013137817
824137.8750000000,-106.4344406128
826037.6250000000,-106.4384231567
827942.5625000000,-106.4429473877
829851.0625000000,-106.4439010620
831763.9375000000,-106.4541015625
833681.1875000000,-106.4631423950
835602.8750000000,-106.4824752808
837529.0000000000,-106.4860916138
839459.5625000000,-106.5216217041
841395.5000000000,-106.5464706421
843335.0000000000,-106.6839828491
845278.9375000000,-106.7928771973
847227.3750000000,-106.8552703857
849180.2500000000,-106.8667373657
851137.6875000000,-106.8800354004
853100.5625000000,-106.8951644897
855067.0000000000,-106.8967056274
857038.0000000000,-106.8971176147
859013.5625000000,-106.9003372192
860993.6250000000,-106.9056015015
862978.3125000000,-106.9067153931
864967.5000000000,-106.9331665039
866962.2500000000,-106.9641571045
868960.6875000000,-106.9872436523
870963.6875000000,-107.0478210449
872971.3125000000,-107.1714019775
874983.6250000000,-107.3070068359
877000.5000000000,-107.3210754395
879022.0625000000,-107.3295059204
881049.2500000000,-107.3506011963
883080.1250000000,-107.3554840088
885115.6875000000,-107.3590316772
887155.9375000000,-107.3596191406
889200.8750000000,-107.3696136475
891250.5625000000,-107.3754119873
893305.9375000000,-107.3832092285
895365.0625000000,-107.3903808594
897428.9375000000,-107.3924636841
899497.5625000000,-107.4070816040
901571.0000000000,-107.4183502197
903649.1875000000,-107.4889144897
905732.1250000000,-107.5385131836
907820.9375000000,-107.5455856323
909913.5000000000,-107.5595855713
912010.9375000000,-107.5788345337
914113.1875000000,-107.5926895142
916220.2500000000,-107.5962371826
918332.1875000000,-107.6003112793
920450.0625000000,-107.6211471558
922571.7500000000,-107.6213531494
924698.3750000000,-107.6272048950
926829.8125000000,-107.6674194336
928966.2500000000,-107.6907424927
931107.5625000000,-107.7372817993
933253.8750000000,-107.7374496460
935406.0625000000,-107.7406921387
937562.2500000000,-107.8499984741
939723.4375000000,-107.9024276733
941889.5625000000,-107.9082183838
944060.6875000000,-107.9244461060
946236.8125000000,-107.9570770264
948419.0000000000,-107.9763793945
950605.1250000000,-108.0330200195
952796.3750000000,-108.0528640747
954992.6250000000,-108.0790710449
957193.9375000000,-108.0949783325
959400.3750000000,-108.1139373779
961611.8125000000,-108.1273345947
963829.5000000000,-108.1465072632
966051.1875000000,-108.1535491943
968278.0000000000,-108.1598510742
970509.9375000000,-108.1915283203
972747.0625000000,-108.2277069092
974989.3125000000,-108.3007125854
977236.6875000000,-108.3081207275
979490.3750000000,-108.3517684937
981748.1875000000,-108.3898391724
984011.1875000000,-108.4035491943
986279.3750000000,-108.4837951660
988552.8125000000,-108.5720520020
990831.5000000000,-108.5723724365
993116.5625000000,-108.6070480347
995405.7500000000,-108.6221542358
997700.2500000000,-108.6268615723
1000000.0000000000,-108.6482620239
1002305.0625000000,-108.6587295532
1004615.4375000000,-108.7154922485
1006931.1875000000,-108.7763824463
1009253.3125000000,-108.8388824463
1011579.7500000000,-108.8993835449
1013911.5000000000,-108.9560089111
1016248.6250000000,-109.0068588257
1018591.1250000000,-109.0466232300
1020939.0625000000,-109.0792083740
1023293.5625000000,-109.1057739258
1025652.3125000000,-109.1063079834
1028016.5000000000,-109.1094818115
1030386.1250000000,-109.1148681641
1032761.2500000000,-109.1265869141
1035141.8750000000,-109.1295471191
1037527.9375000000,-109.1364898682
1039920.6250000000,-109.1501007080
1042317.7500000000,-109.1510086060
1044720.3750000000,-109.1695175171
1047128.5000000000,-109.1712417603
1049542.2500000000,-109.1733551025
1051961.5000000000,-109.1882476807
1054386.3750000000,-109.1921844482
1056817.8750000000,-109.1998367310
1059254.0000000000,-109.2029190063
1061695.6250000000,-109.2126693726
1064142.8750000000,-109.2609405518
1066595.8750000000,-109.3100814819
1069054.3750000000,-109.3576507568
1071519.8750000000,-109.4017410278
1073989.7500000000,-109.4406433105
1076465.3750000000,-109.4755706787
1078946.7500000000,-109.5095825195
1081433.7500000000,-109.5442657471
1083926.5000000000,-109.5804901123
1086425.0000000000,-109.6182022095
1088930.5000000000,-109.6554183960
1091440.6250000000,-109.6906356812
1093956.5000000000,-109.6934967041
1096478.1250000000,-109.6954498291
1099005.5000000000,-109.7049789429
1101538.8750000000,-109.7051696777
1104079.1250000000,-109.7206039429
1106624.1250000000,-109.7240676880
1109175.0000000000,-109.7340698242
1111731.7500000000,-109.7411880493
1114294.3750000000,-109.7563705444
1116862.8750000000,-109.7669067383
1119437.3750000000,-109.7795104980
1122019.0000000000,-109.7882156372
1124605.2500000000,-109.7972259521
1127197.6250000000,-109.8193206787
1129795.8750000000,-109.8281784058
1132400.1250000000,-109.8386383057
1135010.3750000000,-109.8451614380
1137627.8750000000,-109.8519210815
1140250.2500000000,-109.8609771729
1142878.6250000000,-109.8635025024
1145513.0000000000,-109.9072189331
1148153.5000000000,-109.9804077148
1150800.0000000000,-110.0535964966
1153452.7500000000,-110.1225433350
1156112.7500000000,-110.1825637817
1158777.7500000000,-110.2316970825
1161448.7500000000,-110.2692184448
1164126.0000000000,-110.2969436646
1166809.3750000000,-110.3192749023
1169499.0000000000,-110.3422546387
1172194.7500000000,-110.3717575073
1174898.0000000000,-110.4111251831
1177606.2500000000,-110.4582595825
1180320.7500000000,-110.5042114258
1183041.3750000000,-110.5417251587
1185768.3750000000,-110.5671844482
1188501.7500000000,-110.5818328857
1191242.6250000000,-110.5908126831
1193988.5000000000,-110.6004943848
1196740.7500000000,-110.6153793335
1199499.2500000000,-110.6360015869
1202264.2500000000,-110.6592330933
1205035.5000000000,-110.6808090210
1207813.2500000000,-110.6995697021
1210598.6250000000,-110.7164764404
1213389.1250000000,-110.7325286865
1216186.1250000000,-110.7474746704
1218989.5000000000,-110.7601013184
1221799.3750000000,-110.7699661255
1224615.7500000000,-110.7791824341
1227439.8750000000,-110.7927551270
1230269.2500000000,-110.8165206909
1233105.0000000000,-110.8538436890
1235947.5000000000,-110.9030838013
1238796.3750000000,-110.9575653076
1241651.8750000000,-111.0092468262
1244514.0000000000,-111.0541992188
1247384.1250000000,-111.0922622681
1250259.3750000000,-111.1250076294
1253141.3750000000,-111.1533737183
1256029.8750000000,-111.1767730713
1258925.1250000000,-111.1946105957
1261827.0000000000,-111.2085418701
1264737.0000000000,-111.2233352661
1267652.3750000000,-111.2449569702
1270574.3750000000,-111.2767715454
1273503.1250000000,-111.3164215088
1276438.6250000000,-111.3467712402
1279380.8750000000,-111.3526611328
1282330.0000000000,-111.3558502197
1285287.2500000000,-111.3644561768
1288250.0000000000,-111.3711624146
1291219.5000000000,-111.3848571777
1294195.7500000000,-111.3894729614
1297179.0000000000,-111.3962402344
1300169.1250000000,-111.4113922119
1303166.1250000000,-111.4847640991
1306171.3750000000,-111.5723800659
1309182.2500000000,-111.6556549072
1312200.0000000000,-111.7178192139
1315224.7500000000,-111.7526321411
1318256.3750000000,-111.7669448853
1321295.1250000000,-111.7764129639
1324342.2500000000,-111.7966537476
1327394.8750000000,-111.8366241455
1330454.6250000000,-111.8895187378
1333521.3750000000,-111.9427337646
1336595.2500000000,-111.9818572998
1339676.2500000000,-111.9868316650
1342764.2500000000,-111.9898681641
1345860.8750000000,-111.9914703369
1348963.2500000000,-111.9979629517
1352072.7500000000,-111.9992599487
1355189.3750000000,-111.9995956421
1358313.1250000000,-112.0052337646
1361444.1250000000,-112.0080718994
1364583.8750000000,-112.0082397461
1367729.3750000000,-112.0117568970
1370882.0000000000,-112.0252456665
1374042.0000000000,-112.0524215698
1377209.2500000000,-112.0924453735
1380383.8750000000,-112.1404495239
1383565.7500000000,-112.1900405884
1386756.5000000000,-112.2367935181
1389953.0000000000,-112.2805328369
1393157.0000000000,-112.3485794067
1396368.2500000000,-112.4243164063
1399587.0000000000,-112.4749908447
1402813.1250000000,-112.5176315308
1406046.7500000000,-112.5468368530
1409289.3750000000,-112.5607833862
1412537.8750000000,-112.5613555908
1415793.8750000000,-112.5613632202
1419057.3750000000,-112.5617294312
1422328.3750000000,-112.5626831055
1425607.0000000000,-112.5647659302
1428894.6250000000,-112.5655441284
1432188.3750000000,-112.5658874512
1435489.6250000000,-112.5774002075
1438798.5000000000,-112.6181182861
1442115.1250000000,-112.6794738770
1445439.2500000000,-112.7245941162
1448771.1250000000,-112.7623825073
1452112.2500000000,-112.7625961304
1455459.5000000000,-112.7630386353
1458814.3750000000,-112.7723159790
1462177.0000000000,-112.7852325439
1465547.5000000000,-112.7857894897
1468925.6250000000,-112.7893295288
1472313.2500000000,-112.7923126221
1475707.0000000000,-112.8365783691
1479108.6250000000,-112.8764343262
1482518.1250000000,-112.9185867310
1485935.3750000000,-112.9590606689
1489360.6250000000,-112.9769210815
1492793.6250000000,-112.9917526245
1496236.3750000000,-112.9944305420
1499685.2500000000,-112.9995498657
1503142.1250000000,-113.0091323853
1506607.0000000000,-113.0096511841
1510079.7500000000,-113.0522537231
1513560.6250000000,-113.1268081665
1517051.1250000000,-113.2088851929
1520548.1250000000,-113.2822036743
1524053.0000000000,-113.3350219727
1527566.1250000000,-113.3734588623
1531087.2500000000,-113.3989334106
1534616.5000000000,-113.4309234619
1538153.8750000000,-113.4839859009
1541701.1250000000,-113.5552673340
1545254.8750000000,-113.6353759766
1548816.8750000000,-113.7476501465
1552387.0000000000,-113.8373031616
1555965.3750000000,-113.8423233032
1559551.8750000000,-113.8445434570
1563146.7500000000,-113.8507919312
1566751.7500000000,-113.8532714844
1570363.1250000000,-113.8652267456
1573983.0000000000,-113.8701324463
1577611.1250000000,-113.8729553223
1581247.6250000000,-113.8784561157
1584892.5000000000,-113.8804321289
1588547.5000000000,-113.8813095093
1592209.2500000000,-113.8972167969
1595879.3750000000,-113.9047393799
1599558.0000000000,-113.9094161987
1603245.1250000000,-113.9150085449
1606940.7500000000,-113.9289169312
1610644.8750000000,-113.9292449951
1614359.2500000000,-113.9419326782
1618080.5000000000,-113.9428787231
1621810.2500000000,-113.9581909180
1625548.6250000000,-113.9720611572
1629295.6250000000,-113.9756469727
1633051.2500000000,-113.9765396118
1636817.3750000000,-113.9839935303
1640590.3750000000,-113.9994506836
1644372.0000000000,-114.0023040771
1648162.3750000000,-114.0135498047
1651961.5000000000,-114.0157852173
1655769.5000000000,-114.0652389526
1659586.1250000000,-114.1771697998
1663413.3750000000,-114.2456054688
1667247.6250000000,-114.2932968140
1671090.7500000000,-114.2981262207
1674942.7500000000,-114.3035812378
1678803.6250000000,-114.3143005371
1682673.3750000000,-114.3221969604
1686554.0000000000,-114.3757476807
1690441.6250000000,-114.4163665771
1694338.1250000000,-114.4505081177
1698243.7500000000,-114.4933242798
1702158.2500000000,-114.5458297729
1706081.8750000000,-114.5922012329
1710014.5000000000,-114.6388778687
1713958.1250000000,-114.6781463623
1717908.8750000000,-114.6788177490
1721868.8750000000,-114.6821060181
1725837.8750000000,-114.6885528564
1729816.0000000000,-114.7101211548
1733803.3750000000,-114.7525329590
1737799.8750000000,-114.8114547729
1741807.6250000000,-114.8192901611
1745822.6250000000,-114.8226776123
1749846.7500000000,-114.8341064453
1753880.3750000000,-114.8518371582
1757923.1250000000,-114.8535003662
1761975.2500000000,-114.8593826294
1766038.7500000000,-114.8714675903
1770109.5000000000,-114.8742446899
1774189.7500000000,-114.8771286011
1778279.3750000000,-114.8807220459
1782378.5000000000,-114.8941116333
1786487.0000000000,-114.9126510620
1790605.0000000000,-114.9206237793
1794734.3750000000,-114.9343948364
1798871.3750000000,-114.9345626831
1803017.8750000000,-115.0156860352
1807174.0000000000,-115.0771408081
1811339.6250000000,-115.1559219360
1815514.8750000000,-115.1773452759
1819701.8750000000,-115.1850051880
1823896.3750000000,-115.1934356689
1828100.6250000000,-115.1963348389
1832314.5000000000,-115.2184371948
1836538.1250000000,-115.2197494507
1840771.3750000000,-115.2290039063
1845014.5000000000,-115.2422485352
1849269.5000000000,-115.2485275269
1853532.1250000000,-115.2654953003
1857804.6250000000,-115.2687454224
1862087.0000000000,-115.2730255127
1866379.2500000000,-115.2909698486
1870681.3750000000,-115.2941589355
1874993.5000000000,-115.2971649170
1879317.5000000000,-115.2990875244
1883649.5000000000,-115.3166046143
1887991.5000000000,-115.3867034912
1892343.3750000000,-115.4957885742
1896705.3750000000,-115.6262512207
1901077.3750000000,-115.7498626709
1905461.6250000000,-115.8502197266
1909853.8750000000,-115.8737487793
1914256.2500000000,-115.8871459961
1918668.7500000000,-115.8954238892
1923091.3750000000,-115.9246673584
1927524.2500000000,-115.9281997681
1931967.3750000000,-115.9348678589
1936422.7500000000,-115.9476928711
1940886.3750000000,-115.9707489014
1945360.2500000000,-116.0024948120
1949844.3750000000,-116.0270767212
1954339.0000000000,-116.0546722412
1958843.8750000000,-116.0899505615
1963361.2500000000,-116.1213455200
1967887.0000000000,-116.1343917847
1972423.1250000000,-116.1358413696
1976969.6250000000,-116.1369552612
1981526.7500000000,-116.1376495361
1986094.2500000000,-116.1477584839
1990672.3750000000,-116.1540908813
1995263.2500000000,-116.1542968750
1999862.3750000000,-116.1735153198
2004472.2500000000,-116.1736831665
2009092.7500000000,-116.1920471191
2013723.7500000000,-116.2518386841
2018365.6250000000,-116.3302459717
2023020.2500000000,-116.4312591553
2027683.5000000000,-116.5485305786
2032357.3750000000,-116.6508331299
2037042.1250000000,-116.7033767700
2041737.6250000000,-116.7180862427
2046444.0000000000,-116.7183761597
2051161.2500000000,-116.7261199951
2055891.5000000000,-116.7461090088
2060630.5000000000,-116.7517013550
2065380.3750000000,-116.7596435547
2070141.2500000000,-116.7632369995
2074913.1250000000,-116.7733535767
2079695.8750000000,-116.7773895264
2084489.7500000000,-116.7778625488
2089297.0000000000,-116.7857055664
2094112.8750000000,-116.7860946655
2098940.0000000000,-116.7879180908
2103778.2500000000,-116.7913436890
2108627.5000000000,-116.7986373901
2113488.0000000000,-116.8229522705
2118362.2500000000,-116.8246307373
2123245.2500000000,-116.8395233154
2128139.5000000000,-116.9095764160
2133045.0000000000,-116.9906463623
2137961.7500000000,-117.0230102539
2142889.7500000000,-117.0556411743
2147829.5000000000,-117.0611495972
2152782.7500000000,-117.1148834229
2157745.0000000000,-117.1567687988
2162718.7500000000,-117.1867446899
2167704.0000000000,-117.2353668213
2172700.7500000000,-117.2443161011
2177708.7500000000,-117.2498626709
2182731.0000000000,-117.2554092407
2187762.5000000000,-117.2795028687
2192805.2500000000,-117.2930603027
2197860.0000000000,-117.3198318481
2202926.2500000000,-117.3267669678
2208004.0000000000,-117.3303909302
2213093.7500000000,-117.3862075806
2218197.5000000000,-117.4358215332
2223310.5000000000,-117.4476318359
2228435.5000000000,-117.4529724121
2233572.0000000000,-117.4883651733
2238720.7500000000,-117.5010375977
2243881.0000000000,-117.5059127808
2249055.7500000000,-117.5246429443
2254240.0000000000,-117.5434417725
2259436.2500000000,-117.5661315918
2264644.5000000000,-117.5664978027
2269864.5000000000,-117.5734481812
2275096.7500000000,-117.5791168213
2280341.0000000000,-117.6218032837
2285600.0000000000,-117.6382293701
2290868.2500000000,-117.6393890381
2296149.0000000000,-117.6498184204
2301441.7500000000,-117.6635284424
2306746.7500000000,-117.7076034546
2312064.0000000000,-117.7323150635
2317393.5000000000,-117.7349090576
2322737.7500000000,-117.7372741699
2328091.7500000000,-117.8106994629
2333458.2500000000,-117.8627166748
2338837.0000000000,-117.8989181519
2344228.2500000000,-117.9689483643
2349631.7500000000,-117.9743804932
2355050.5000000000,-117.9808044434
2360479.0000000000,-118.0126953125
2365920.0000000000,-118.0407257080
2371373.7500000000,-118.0572738647
2376840.0000000000,-118.0879669189
2382318.7500000000,-118.1057052612
2387810.0000000000,-118.2028579712
2393316.7500000000,-118.2613983154
2398833.5000000000,-118.2818832397
2404363.0000000000,-118.3088150024
2409905.2500000000,-118.3114852905
2415460.2500000000,-118.3137130737
2421028.0000000000,-118.3156509399
2426611.2500000000,-118.3479309082
2432205.0000000000,-118.3505630493
2437811.2500000000,-118.3780212402
2443430.5000000000,-118.3948593140
2449063.0000000000,-118.3966293335
2454708.2500000000,-118.3987197876
2460366.5000000000,-118.4315567017
2466040.5000000000,-118.4516448975
2471724.7500000000,-118.4574890137
2477422.2500000000,-118.4591445923
2483133.0000000000,-118.4622726440
2488856.7500000000,-118.4670181274
2494593.7500000000,-118.4922866821
2500344.0000000000,-118.5654754639
2506110.2500000000,-118.6161804199
2511887.0000000000,-118.6425552368
2517677.0000000000,-118.6601943970
2523480.5000000000,-118.6665649414
2529297.2500000000,-118.6697158813
2535127.5000000000,-118.6766662598
2540974.0000000000,-118.7319946289
2546831.0000000000,-118.8168334961
2552701.7500000000,-118.9085006714
2558585.7500000000,-118.9839324951
2564483.5000000000,-118.9959716797
2570395.0000000000,-118.9982681274
2576319.7500000000,-119.0035400391
2582261.2500000000,-119.0076828003
2588213.5000000000,-119.0098190308
2594179.5000000000,-119.0134048462
2600159.2500000000,-119.0259170532
2606153.0000000000,-119.0290145874
2612160.2500000000,-119.0360412598
2618184.2500000000,-119.1147613525
2624219.5000000000,-119.1187820435
2630268.5000000000,-119.1212387085
2636331.5000000000,-119.1791915894
2642408.2500000000,-119.1884002686
2648499.2500000000,-119.1911697388
2654604.2500000000,-119.1946792603
2660726.2500000000,-119.2034454346
2666859.5000000000,-119.2041854858
2673006.7500000000,-119.2143478394
2679168.2500000000,-119.2902297974
2685343.7500000000,-119.3238449097
2691533.7500000000,-119.3659133911
2697741.0000000000,-119.3694152832
2703959.2500000000,-119.3699111938
2710192.2500000000,-119.4412612915
2716439.2500000000,-119.4419326782
2722701.0000000000,-119.4499282837
2728977.0000000000,-119.4668045044
2735267.5000000000,-119.4758529663
2741575.5000000000,-119.4778976440
2747895.0000000000,-119.5077667236
2754229.0000000000,-119.6108169556
2760577.7500000000,-119.6524047852
2766941.0000000000,-119.6567764282
2773319.0000000000,-119.6649627686
2779711.7500000000,-119.6769714355
2786122.2500000000,-119.7238540649
2792544.5000000000,-119.8124618530
2798981.5000000000,-119.8819808960
2805433.2500000000,-119.9090576172
2811900.0000000000,-119.9538803101
2818381.7500000000,-119.9723129272
2824881.2500000000,-119.9765548706
2831393.0000000000,-120.0510177612
2837919.5000000000,-120.0514602661
2844461.0000000000,-120.0882339478
2851017.7500000000,-120.0885772705
2857589.5000000000,-120.0975036621
2864176.5000000000,-120.1208496094
2870781.7500000000,-120.1316070557
2877399.2500000000,-120.1396865845
2884031.7500000000,-120.1736907959
2890679.7500000000,-120.1752929688
2897343.0000000000,-120.1819229126
2904021.5000000000,-120.1988754272
2910718.7500000000,-120.2025146484
2917428.0000000000,-120.2031173706
2924153.0000000000,-120.2424087524
2930893.2500000000,-120.2734756470
2937649.2500000000,-120.2782592773
2944420.7500000000,-120.3955154419
2951207.7500000000,-120.4865570068
2958013.7500000000,-120.5293731689
2964832.2500000000,-120.5699996948
2971666.2500000000,-120.5701141357
2978516.2500000000,-120.5709686279
2985382.0000000000,-120.5734558105
2992263.5000000000,-120.5774841309
2999164.2500000000,-120.5804443359
3006077.5000000000,-120.5833358765
3013006.7500000000,-120.5877761841
3019951.7500000000,-120.6040496826
3026913.0000000000,-120.6078643799
3033890.2500000000,-120.6085739136
3040883.7500000000,-120.6335601807
3047896.5000000000,-120.6591339111
3054922.0000000000,-120.6628570557
3061963.7500000000,-120.6661148071
3069022.0000000000,-120.7044448853
3076096.2500000000,-120.7450637817
3083186.7500000000,-120.7849502563
3090293.7500000000,-120.8218460083
3097420.5000000000,-120.8506546021
3104560.2500000000,-120.8696594238
3111716.5000000000,-120.8728027344
3118889.2500000000,-120.8761215210
3126078.5000000000,-120.8766479492
3133284.5000000000,-120.8798904419
3140510.2500000000,-120.8808670044
3147749.2500000000,-120.8879623413
3155005.2500000000,-120.9185638428
3162277.7500000000,-120.9564743042
3169567.0000000000,-121.0117111206
3176873.0000000000,-121.0676269531
3184196.0000000000,-121.1244812012
3191539.2500000000,-121.1681289673
3198896.0000000000,-121.2051010132
3206269.7500000000,-121.2192611694
3213660.2500000000,-121.2260589600
3221068.0000000000,-121.2268981934
3228492.7500000000,-121.2277069092
3235938.2500000000,-121.2320861816
3243397.2500000000,-121.2486267090
3250873.5000000000,-121.2711257935
3258367.0000000000,-121.2993698120
3265877.7500000000,-121.3296127319
3273406.0000000000,-121.3592224121
3280951.2500000000,-121.3861389160
3288517.7500000000,-121.4113006592
3296098.0000000000,-121.4354553223
3303695.7500000000,-121.4602813721
3311311.0000000000,-121.4867019653
3318944.0000000000,-121.5153121948
3326594.2500000000,-121.5488204956
3334262.2500000000,-121.5845794678
3341951.7500000000,-121.6243820190
3349655.2500000000,-121.6638565063
3357376.2500000000,-121.7027053833
3365115.2500000000,-121.7339935303
3372872.2500000000,-121.7597427368
3380646.7500000000,-121.7795028687
3388443.2500000000,-121.7913894653
3396253.7500000000,-121.8018722534
3404082.5000000000,-121.8111801147
3411929.0000000000,-121.8240737915
3419793.7500000000,-121.8391723633
3427676.7500000000,-121.8582992554
3435577.7500000000,-121.8763046265
3443500.7500000000,-121.8924484253
3451438.2500000000,-121.9003677368
3459394.0000000000,-121.9032516479
3467368.2500000000,-121.9033203125
3475360.7500000000,-121.9063720703
3483371.7500000000,-121.9177703857
3491405.0000000000,-121.9365005493
3499452.7500000000,-121.9723968506
3507519.2500000000,-122.0140533447
3515604.5000000000,-122.0612792969
3523708.2500000000,-122.1119308472
3531830.5000000000,-122.1621704102
3539971.7500000000,-122.2119750977
3548135.5000000000,-122.2598037720
3556314.2500000000,-122.3056640625
3564511.7500000000,-122.3495025635
3572728.2500000000,-122.3857192993
3580963.5000000000,-122.4168395996
3589218.0000000000,-122.4430313110
3597495.2500000000,-122.4628143311
3605787.7500000000,-122.4815368652
3614099.2500000000,-122.4970245361
3622430.0000000000,-122.4992675781
3630780.0000000000,-122.5020599365
3639149.2500000000,-122.5118103027
3647537.7500000000,-122.5134124756
3655949.5000000000,-122.5151977539
3664376.7500000000,-122.5249328613
3672823.5000000000,-122.5257644653
3681289.5000000000,-122.5309066772
3689775.2500000000,-122.5408935547
3698280.5000000000,-122.5861663818
3706805.2500000000,-122.6448745728
3715353.7500000000,-122.7040863037
3723918.0000000000,-122.7623825073
3732501.7500000000,-122.8143920898
3741105.5000000000,-122.8615798950
3749729.0000000000,-122.9035491943
3758372.5000000000,-122.9131774902
3767039.7500000000,-122.9172973633
3775723.2500000000,-122.9271240234
3784426.5000000000,-122.9304122925
3793149.7500000000,-122.9371032715
3801893.2500000000,-122.9493484497
3810657.0000000000,-122.9540176392
3819440.7500000000,-122.9581375122
3828249.0000000000,-122.9624252319
3837073.5000000000,-123.0088195801
3845918.2500000000,-123.0637435913
3854783.2500000000,-123.1195983887
3863668.7500000000,-123.1668624878
3872574.7500000000,-123.2041549683
3881505.7500000000,-123.2184295654
3890452.7500000000,-123.2192916870
3899420.5000000000,-123.2265625000
3908409.0000000000,-123.2286071777
3917418.2500000000,-123.2305679321
3926448.0000000000,-123.2334518433
3935498.7500000000,-123.2350387573
3944574.7500000000,-123.2527236938
3953667.2500000000,-123.2869186401
3962780.7500000000,-123.3243865967
3971915.2500000000,-123.3580017090
3981070.7500000000,-123.3846206665
3990247.5000000000,-123.3984832764
3999449.7500000000,-123.4024734497
4008668.7500000000,-123.4046630859
4017909.0000000000,-123.4091796875
4027170.5000000000,-123.4232177734
4036453.5000000000,-123.4515151978
4045757.7500000000,-123.4891738892
4055083.5000000000,-123.5343551636
4064435.2500000000,-123.5848617554
4073804.0000000000,-123.6370239258
4083194.5000000000,-123.6873779297
4092606.5000000000,-123.7342529297
4102040.2500000000,-123.7761154175
4111495.7500000000,-123.8099288940
4120973.0000000000,-123.8383026123
4130476.7500000000,-123.8624191284
4139997.7500000000,-123.8829345703
4149540.7500000000,-123.9002609253
4159105.7500000000,-123.9165496826
4168692.7500000000,-123.9347305298
4178301.7500000000,-123.9564666748
4187937.7500000000,-123.9831237793
4197591.0000000000,-124.0161666870
4207267.0000000000,-124.0516052246
4216965.0000000000,-124.0845336914
4226685.5000000000,-124.1112136841
4236428.0000000000,-124.1174011230
4246193.5000000000,-124.1182098389
4255986.0000000000,-124.1218185425
4265796.5000000000,-124.1279296875
4275629.5000000000,-124.1282653809
4285485.0000000000,-124.1285324097
4295363.0000000000,-124.1318206787
4305264.5000000000,-124.1474609375
4315193.0000000000,-124.1723327637
4325140.0000000000,-124.2015075684
4335109.5000000000,-124.2334823608
4345102.5000000000,-124.2670059204
4355118.0000000000,-124.2990112305
4365157.0000000000,-124.3265075684
4375219.0000000000,-124.3489837646
4385309.0000000000,-124.3682250977
4395417.5000000000,-124.3879013062
4405549.0000000000,-124.4131546021
4415704.5000000000,-124.4410400391
4425883.0000000000,-124.4638442993
4436085.0000000000,-124.4774627686
4446310.5000000000,-124.4825820923
4456564.0000000000,-124.4855346680
4466837.0000000000,-124.4998855591
4477133.5000000000,-124.5328674316
4487453.5000000000,-124.5740661621
4497797.5000000000,-124.6112442017
4508165.0000000000,-124.6355209351
4518561.5000000000,-124.6450119019
4528977.0000000000,-124.6471023560
4539417.0000000000,-124.6586761475
4549880.5000000000,-124.6882781982
4560368.5000000000,-124.7351303101
4570880.5000000000,-124.7937393188
4581416.5000000000,-124.8557052612
4591982.0000000000,-124.9121551514
4602567.0000000000,-124.9566040039
4613176.0000000000,-124.9873352051
4623810.0000000000,-125.0109024048
4634468.0000000000,-125.0312957764
4645151.0000000000,-125.0487899780
4655863.5000000000,-125.0626602173
4666595.5000000000,-125.0730361938
4677352.0000000000,-125.0819168091
4688134.0000000000,-125.0926742554
4698940.5000000000,-125.1089172363
4709771.5000000000,-125.1319427490
4720628.0000000000,-125.1596527100
4731514.5000000000,-125.1882171631
4742421.0000000000,-125.2146835327
4753353.0000000000,-125.2405319214
4764309.5000000000,-125.2718887329
4775291.5000000000,-125.3153762817
4786299.0000000000,-125.3707733154
4797337.0000000000,-125.4266204834
4808395.5000000000,-125.4572753906
4819479.0000000000,-125.4577255249
4830588.0000000000,-125.4613037109
4841723.0000000000,-125.4625091553
4852883.5000000000,-125.4628448486
4864070.0000000000,-125.4632797241
4875287.0000000000,-125.4636077881
4886525.0000000000,-125.4664535522
4897789.0000000000,-125.4689483643
4909078.5000000000,-125.4736862183
4920394.5000000000,-125.4764328003
4931736.0000000000,-125.4925842285
4943104.0000000000,-125.5257949829
4954504.0000000000,-125.5623474121
4965924.5000000000,-125.5953979492
4977371.0000000000,-125.6177368164
4988844.5000000000,-125.6268386841
5000344.0000000000,-125.6295928955
5011870.0000000000,-125.6397094727
5023428.5000000000,-125.6683578491
5035007.5000000000,-125.7158355713
5046614.0000000000,-125.7718429565
5058246.5000000000,-125.8237609863
5069906.0000000000,-125.8660507202
5081592.5000000000,-125.9028930664
5093306.0000000000,-125.9419021606
5105052.0000000000,-125.9844131470
5116819.5000000000,-126.0125579834
5128614.5000000000,-126.0192337036
5140436.0000000000,-126.0210418701
5152285.0000000000,-126.0249862671
5164161.5000000000,-126.0341186523
5176071.0000000000,-126.0387420654
5188002.0000000000,-126.0538940430
5199961.0000000000,-126.0863647461
5211947.0000000000,-126.1078796387
5223961.0000000000,-126.1111068726
5236002.5000000000,-126.1132583618
5248072.0000000000,-126.1158447266
5260175.0000000000,-126.1321182251
5272300.0000000000,-126.1366043091
5284453.0000000000,-126.1451492310
5296634.0000000000,-126.1460952759
5308843.5000000000,-126.1492538452
5321080.5000000000,-126.1537246704
5333352.0000000000,-126.1746444702
5345645.5000000000,-126.2116165161
5357967.5000000000,-126.2439422607
5370318.0000000000,-126.2669677734
5382697.0000000000,-126.2861709595
5395104.5000000000,-126.3102493286
5407541.0000000000,-126.3445510864
5420011.5000000000,-126.3881988525
5432505.0000000000,-126.4327239990
5445027.5000000000,-126.4658126831
5457578.5000000000,-126.4831848145
5470158.5000000000,-126.4969711304
5482767.5000000000,-126.5254898071
5495406.0000000000,-126.5720367432
5508079.0000000000,-126.6189575195
5520775.5000000000,-126.6474685669
5533501.5000000000,-126.6600265503
5546256.5000000000,-126.6755294800
5559041.0000000000,-126.7049331665
5571855.0000000000,-126.7397384644
5584704.5000000000,-126.7684783936
5597578.0000000000,-126.7734832764
5610480.5000000000,-126.7799835205
5623413.5000000000,-126.8002319336
5636375.5000000000,-126.8312072754
5649368.0000000000,-126.8633193970
5662390.0000000000,-126.8911132813
5675448.5000000000,-126.9170532227
5688531.0000000000,-126.9439163208
5701643.5000000000,-126.9689941406
5714786.0000000000,-126.9886550903
5727959.0000000000,-127.0050430298
5741162.5000000000,-127.0260543823
5754402.5000000000,-127.0607376099
5767666.5000000000,-127.1459732056
5780961.5000000000,-127.1999282837
5794287.0000000000,-127.2123718262
5807643.5000000000,-127.2143630981
5821030.5000000000,-127.2145233154
5834448.5000000000,-127.2264633179
5847903.5000000000,-127.2287521362
5861383.5000000000,-127.2303771973
5874894.0000000000,-127.2362136841
5888436.5000000000,-127.2367858887
5902009.5000000000,-127.2565078735
5915614.0000000000,-127.2643280029
5929250.0000000000,-127.2883834839
5942924.0000000000,-127.3343200684
5956622.5000000000,-127.3660583496
5970353.0000000000,-127.3956451416
5984115.5000000000,-127.4376449585
5997909.0000000000,-127.4881744385
6011734.5000000000,-127.5118408203
6025599.0000000000,-127.5208969116
6039488.0000000000,-127.5232009888
6053409.5000000000,-127.5308532715
6067363.0000000000,-127.5549087524
6081349.0000000000,-127.6053314209
6095367.0000000000,-127.6571426392
6109417.0000000000,-127.7014770508
6123506.5000000000,-127.7051925659
6137621.5000000000,-127.7053527832
6151769.0000000000,-127.7246246338
6165949.5000000000,-127.7628021240
6180162.5000000000,-127.8071212769
6194408.0000000000,-127.8419342041
6208693.5000000000,-127.8423767090
6223005.0000000000,-127.8611984253
6237349.5000000000,-127.8654403687
6251727.0000000000,-127.8703918457
6266137.5000000000,-127.8873291016
6280581.5000000000,-127.9044494629
6295058.5000000000,-127.9057922363
6309576.0000000000,-127.9058761597
6324120.0000000000,-127.9542236328
6338698.0000000000,-128.0100555420
6353309.0000000000,-128.0478210449
6367954.0000000000,-128.0498046875
6382632.5000000000,-128.0619812012
6397352.0000000000,-128.0715332031
6412098.0000000000,-128.0759429932
6426878.5000000000,-128.0808868408
6441693.0000000000,-128.1119079590
6456541.5000000000,-128.1437988281
6471424.0000000000,-128.1838378906
6486341.5000000000,-128.2302246094
6501300.0000000000,-128.3013000488
6516286.0000000000,-128.3028106689
6531306.5000000000,-128.3087768555
6546361.5000000000,-128.3367767334
6561451.5000000000,-128.3497314453
6576576.0000000000,-128.3584442139
6591735.5000000000,-128.3666229248
6606937.0000000000,-128.3923797607
6622166.5000000000,-128.4685363770
6637431.0000000000,-128.5147247314
6652731.0000000000,-128.5180664063
6668066.0000000000,-128.5188293457
6683436.0000000000,-128.5271759033
6698849.5000000000,-128.5390319824
6714290.5000000000,-128.5508270264
6729767.5000000000,-128.5529632568
6745280.0000000000,-128.5532531738
6760828.5000000000,-128.5923461914
6776413.0000000000,-128.6129608154
6792033.0000000000,-128.6372375488
6807696.5000000000,-128.6600952148
6823388.5000000000,-128.6743316650
6839117.0000000000,-128.6837921143
6854881.5000000000,-128.6919555664
6870682.5000000000,-128.7160034180
6886520.0000000000,-128.7514801025
6902401.5000000000,-128.8114471436
6918312.0000000000,-128.8121490479
6934259.5000000000,-128.8395538330
6950243.5000000000,-128.8401947021
6966264.0000000000,-128.8593902588
6982322.0000000000,-128.8774108887
6998416.5000000000,-128.8826141357
7014556.0000000000,-128.8934478760
7030725.0000000000,-128.9062042236
7046931.5000000000,-128.9084777832
7063175.0000000000,-128.9899597168
7079456.5000000000,-129.0738372803
7095775.0000000000,-129.1082916260
7112139.0000000000,-129.1345214844
7128533.0000000000,-129.1350708008
7144965.0000000000,-129.1396636963
7161434.5000000000,-129.1463623047
7177942.0000000000,-129.1476593018
7194487.5000000000,-129.1985931396
7211071.5000000000,-129.2358856201
7227701.5000000000,-129.2531127930
7244362.0000000000,-129.2628326416
7261060.5000000000,-129.2858428955
7277798.0000000000,-129.2883148193
7294573.5000000000,-129.3263244629
7311388.0000000000,-129.3311920166
7328241.5000000000,-129.3321533203
7345141.5000000000,-129.3812713623
7362072.5000000000,-129.3967590332
7379043.0000000000,-129.4123535156
7396052.0000000000,-129.4613952637
7413100.5000000000,-129.5231628418
7430188.0000000000,-129.5462036133
7447323.5000000000,-129.5559082031
7464490.0000000000,-129.5572357178
7481696.5000000000,-129.5894775391
7498942.0000000000,-129.5935516357
7516227.5000000000,-129.6224365234
7533553.0000000000,-129.6340026855
7550918.5000000000,-129.6351165771
7568332.0000000000,-129.6572570801
7585777.5000000000,-129.6589202881
7603263.5000000000,-129.6629180908
7620789.5000000000,-129.6788482666
7638356.0000000000,-129.6874847412
7655963.0000000000,-129.6934204102
7673619.0000000000,-129.7115173340
7691307.0000000000,-129.7136993408
7709036.0000000000,-129.7207489014
7726806.0000000000,-129.7904205322
7744617.0000000000,-129.8778076172
7762469.0000000000,-129.8978118896
7780362.0000000000,-129.9117279053
7798304.5000000000,-129.9328308105
7816280.5000000000,-129.9409179688
7834297.5000000000,-129.9776153564
7852356.0000000000,-130.0483398438
7870456.0000000000,-130.0938110352
7888598.0000000000,-130.1002044678
7906782.0000000000,-130.1036987305
7925016.5000000000,-130.1136779785
7943284.0000000000,-130.1150817871
7961594.0000000000,-130.1216278076
7979946.0000000000,-130.1305847168
7998340.5000000000,-130.1362304688
8016777.0000000000,-130.1365051270
8035265.0000000000,-130.1559448242
8053787.0000000000,-130.1681671143
8072351.5000000000,-130.1924133301
8090959.0000000000,-130.2738800049
8109609.0000000000,-130.3199615479
8128302.5000000000,-130.3216094971
8147038.5000000000,-130.3273010254
8165827.0000000000,-130.3379821777
8184650.0000000000,-130.3412933350
8203516.0000000000,-130.3651275635
8222426.0000000000,-130.3777008057
8241379.0000000000,-130.4099121094
8260376.0000000000,-130.4682159424
8279426.0000000000,-130.5046234131
8298510.5000000000,-130.5132141113
8317639.0000000000,-130.5824432373
8336812.0000000000,-130.5965881348
8356029.0000000000,-130.6196746826
8375290.0000000000,-130.6433258057
8394596.0000000000,-130.6706695557
8413955.0000000000,-130.6818847656
8433350.0000000000,-130.6986694336
8452789.0000000000,-130.7215576172
8472274.0000000000,-130.7317657471
8491803.0000000000,-130.8283843994
8511377.0000000000,-130.8389892578
8531006.0000000000,-130.8502349854
8550670.0000000000,-130.8981018066
8570380.0000000000,-130.9255218506
8590136.0000000000,-130.9280242920
8609936.0000000000,-130.9308166504
8629783.0000000000,-130.9386291504
8649675.0000000000,-130.9394378662
8669623.0000000000,-130.9523925781
8689607.0000000000,-130.9636383057
8709637.0000000000,-131.0266113281
8729713.0000000000,-131.0277252197
8749836.0000000000,-131.0290679932
8770005.0000000000,-131.0981445313
8790220.0000000000,-131.1359252930
8810492.0000000000,-131.1434020996
8830801.0000000000,-131.1472320557
8851157.0000000000,-131.1478424072
8871559.0000000000,-131.1516571045
8892009.0000000000,-131.1956939697
8912505.0000000000,-131.2060241699
8933059.0000000000,-131.2061309814
8953651.0000000000,-131.2063140869
8974289.0000000000,-131.2355194092
8994976.0000000000,-131.2432250977
9015710.0000000000,-131.2611083984
9036492.0000000000,-131.3284301758
9057321.0000000000,-131.4208526611
9078209.0000000000,-131.4651641846
9099135.0000000000,-131.4742736816
9120109.0000000000,-131.4751281738
9141132.0000000000,-131.4784545898
9162203.0000000000,-131.5073394775
9183322.0000000000,-131.5541534424
9204500.0000000000,-131.5561523438
9225718.0000000000,-131.5690765381
9246983.0000000000,-131.5863494873
9268298.0000000000,-131.5998077393
9289662.0000000000,-131.6122436523
9311076.0000000000,-131.6182556152
9332538.0000000000,-131.6467285156
9354061.0000000000,-131.7280883789
9375623.0000000000,-131.8175048828
9397234.0000000000,-131.8186492920
9418895.0000000000,-131.8207550049
9440607.0000000000,-131.8257598877
9462368.0000000000,-131.8304748535
9484190.0000000000,-131.8318634033
9506052.0000000000,-131.8397827148
9527964.0000000000,-131.8822937012
9549926.0000000000,-131.8883972168
9571940.0000000000,-131.8970489502
9594004.0000000000,-131.9033050537
9616118.0000000000,-131.9408416748
9638295.0000000000,-131.9912109375
9660512.0000000000,-132.0248870850
9682780.0000000000,-132.0433807373
9705099.0000000000,-132.0572052002
9727470.0000000000,-132.0805816650
9749893.0000000000,-132.1189422607
9772367.0000000000,-132.1552276611
9794904.0000000000,-132.1871795654
9817482.0000000000,-132.2167358398
9840112.0000000000,-132.2331085205
9862794.0000000000,-132.2461853027
9885528.0000000000,-132.2541351318
9908315.0000000000,-132.2585754395
9931165.0000000000,-132.2605590820
9954057.0000000000,-132.2616271973
9977002.0000000000,-132.2655029297
10000000.0000000000,-132.2657318115
10023051.0000000000,-132.2811584473
10046155.0000000000,-132.2992858887
10069312.0000000000,-132.3300018311
10092533.0000000000,-132.3657379150
10115797.0000000000,-132.4029541016
10139115.0000000000,-132.4411315918
10162486.0000000000,-132.4718322754
10185911.0000000000,-132.4955749512
10209391.0000000000,-132.5156402588
10232935.0000000000,-132.5308990479
10256523.0000000000,-132.5500335693
10280165.0000000000,-132.5761413574
10303861.0000000000,-132.6051025391
10327613.0000000000,-132.6409149170
10351418.0000000000,-132.6737518311
10375279.0000000000,-132.6972045898
10399206.0000000000,-132.7171020508
10423177.0000000000,-132.7223815918
10447203.0000000000,-132.7280578613
10471285.0000000000,-132.7359008789
10495422.0000000000,-132.7462158203
10519615.0000000000,-132.7725524902
10543863.0000000000,-132.8003082275
10568179.0000000000,-132.8388671875
10592540.0000000000,-132.8773956299
10616956.0000000000,-132.9159088135
10641429.0000000000,-132.9543609619
10665958.0000000000,-132.9922637939
10690544.0000000000,-133.0309143066
10715198.0000000000,-133.0749664307
10739898.0000000000,-133.1198577881
10764654.0000000000,-133.1699218750
10789467.0000000000,-133.2193908691
10814338.0000000000,-133.2661132813
10839265.0000000000,-133.3093872070
10864251.0000000000,-133.3195953369
10889305.0000000000,-133.3225860596
10914406.0000000000,-133.3256988525
10939565.0000000000,-133.3351135254
10964781.0000000000,-133.3392944336
10990056.0000000000,-133.3398590088
11015388.0000000000,-133.3533325195
11040792.0000000000,-133.3559722900
11066242.0000000000,-133.3637390137
11091750.0000000000,-133.3676452637
11117317.0000000000,-133.3687286377
11142944.0000000000,-133.3820190430
11168629.0000000000,-133.4111938477
11194373.0000000000,-133.4388122559
11220189.0000000000,-133.4658355713
11246053.0000000000,-133.4900665283
11271976.0000000000,-133.5137481689
11297958.0000000000,-133.5396728516
11324001.0000000000,-133.5658264160
11350104.0000000000,-133.5930175781
11376279.0000000000,-133.6179504395
11402502.0000000000,-133.6335449219
11428786.0000000000,-133.6434936523
11455130.0000000000,-133.6436309814
11481535.0000000000,-133.6437988281
11508000.0000000000,-133.6442260742
11534527.0000000000,-133.6558837891
11561128.0000000000,-133.6738128662
11587777.0000000000,-133.7013397217
11614488.0000000000,-133.7312316895
11641260.0000000000,-133.7554779053
11668094.0000000000,-133.7771453857
11694990.0000000000,-133.7851562500
11721947.0000000000,-133.7916107178
11748980.0000000000,-133.7949981689
11776062.0000000000,-133.8105621338
11803207.0000000000,-133.8369445801
11830414.0000000000,-133.8897399902
11857684.0000000000,-133.9522857666
11885017.0000000000,-134.0299530029
11912426.0000000000,-134.1071472168
11939885.0000000000,-134.1760559082
11967407.0000000000,-134.2391967773
11994993.0000000000,-134.2641448975
12022642.0000000000,-134.2679748535
12050355.0000000000,-134.2679748535
12078132.0000000000,-134.2679748535
12105986.0000000000,-134.2679748535
12133892.0000000000,-134.2679748535
12161861.0000000000,-134.2679748535
12189895.0000000000,-134.2679748535
12217994.0000000000,-134.2679748535
12246157.0000000000,-134.2739562988
12274399.0000000000,-134.2921600342
12302692.0000000000,-134.2928009033
12331051.0000000000,-134.3050384521
12359475.0000000000,-134.3227844238
12387964.0000000000,-134.3322448730
12416519.0000000000,-134.3332214355
12445140.0000000000,-134.3400421143
12473841.0000000000,-134.3567199707
12502594.0000000000,-134.3609619141
12531413.0000000000,-134.3650970459
12560299.0000000000,-134.3650970459
12589251.0000000000,-134.3786315918
12618270.0000000000,-134.4147491455
12647370.0000000000,-134.4249877930
12676523.0000000000,-134.4473571777
12705744.0000000000,-134.4723052979
12735031.0000000000,-134.4724121094
12764387.0000000000,-134.4942626953
12793809.0000000000,-134.4945526123
12823300.0000000000,-134.4983062744
12852873.0000000000,-134.5892028809
12882499.0000000000,-134.8293762207
12912195.0000000000,-134.9214477539
12941958.0000000000,-134.9290466309
12971790.0000000000,-134.9308624268
13001691.0000000000,-134.9523620605
13031661.0000000000,-134.9557342529
13061714.0000000000,-134.9776153564
13091822.0000000000,-134.9916534424
13122000.0000000000,-135.0122680664
13152247.0000000000,-135.0725097656
13182564.0000000000,-135.0775756836
13212951.0000000000,-135.0808410645
13243422.0000000000,-135.0913085938
13273949.0000000000,-135.1163177490
13304546.0000000000,-135.1251068115
13335214.0000000000,-135.1384735107
13365953.0000000000,-135.1536865234
13396762.0000000000,-135.1558990479
13427643.0000000000,-135.1611022949
13458609.0000000000,-135.1622772217
13489632.0000000000,-135.1671447754
13520727.0000000000,-135.1741790771
13551893.0000000000,-135.2006378174
13583131.0000000000,-135.2111358643
13614441.0000000000,-135.2305755615
13645839.0000000000,-135.2453765869
13677293.0000000000,-135.2500000000
13708820.0000000000,-135.2712249756
13740420.0000000000,-135.2801513672
13772093.0000000000,-135.2980957031
13803838.0000000000,-135.3729858398
13835657.0000000000,-135.4401550293
13867565.0000000000,-135.5014953613
13899530.0000000000,-135.5505523682
13931570.0000000000,-135.5923614502
13963683.0000000000,-135.6308898926
13995870.0000000000,-135.6586303711
14028132.0000000000,-135.6687622070
14060468.0000000000,-135.6713104248
14092893.0000000000,-135.6865692139
14125379.0000000000,-135.7081604004
14157939.0000000000,-135.7187347412
14190574.0000000000,-135.7367248535
14223284.0000000000,-135.7695617676
14256070.0000000000,-135.7825469971
14288946.0000000000,-135.7974853516
14321884.0000000000,-135.8150024414
14354896.0000000000,-135.8171081543
14387986.0000000000,-135.8215332031
14421151.0000000000,-135.8329010010
14454393.0000000000,-135.8400573730
14487711.0000000000,-135.8402709961
14521122.0000000000,-135.8490753174
14554594.0000000000,-135.8629150391
14588144.0000000000,-135.8742980957
14621770.0000000000,-135.9042205811
14655475.0000000000,-135.9049530029
14689257.0000000000,-135.9103393555
14723133.0000000000,-135.9247894287
14757070.0000000000,-136.0304412842
14791086.0000000000,-136.1550140381
14825181.0000000000,-136.2114257813
14859354.0000000000,-136.2161712646
14893606.0000000000,-136.2307128906
14927937.0000000000,-136.2366180420
14962363.0000000000,-136.2508239746
14996852.0000000000,-136.2737884521
15031421.0000000000,-136.2774047852
15066070.0000000000,-136.2884674072
15100798.0000000000,-136.2949981689
15135607.0000000000,-136.3060760498
15170512.0000000000,-136.3195190430
15205481.0000000000,-136.3224639893
15240531.0000000000,-136.3269195557
15275661.0000000000,-136.3276519775
15310873.0000000000,-136.3550109863
15346165.0000000000,-136.3702545166
15381539.0000000000,-136.3720703125
15417012.0000000000,-136.3771362305
15452549.0000000000,-136.4090118408
15488168.0000000000,-136.4244079590
15523870.0000000000,-136.4246215820
15559653.0000000000,-136.4457855225
15595519.0000000000,-136.4745330811
15631468.0000000000,-136.4856872559
15667517.0000000000,-136.4883575439
15703632.0000000000,-136.5173492432
15739830.0000000000,-136.5236663818
15776111.0000000000,-136.5482025146
15812476.0000000000,-136.5491333008
15848925.0000000000,-136.5526580811
15885475.0000000000,-136.5696563721
15922092.0000000000,-136.5739440918
15958794.0000000000,-136.5835723877
15995580.0000000000,-136.5901184082
16032451.0000000000,-136.5954284668
16069407.0000000000,-136.5973205566
16106448.0000000000,-136.6128845215
16143592.0000000000,-136.6146545410
16180804.0000000000,-136.6553192139
16218102.0000000000,-136.7189636230
16255486.0000000000,-136.7757110596
16292956.0000000000,-136.8058624268
16330513.0000000000,-136.8290405273
16368174.0000000000,-136.8617095947
16405903.0000000000,-136.9154968262
16443720.0000000000,-136.9874420166
16481624.0000000000,-136.9959716797
16519616.0000000000,-137.0042572021
16557694.0000000000,-137.0141906738
16595861.0000000000,-137.0367889404
16634134.0000000000,-137.0743103027
16672477.0000000000,-137.1093597412
16710908.0000000000,-137.1115722656
16749428.0000000000,-137.1608428955
16788036.0000000000,-137.2119445801
16826734.0000000000,-137.2179565430
16865540.0000000000,-137.2530059814
16904416.0000000000,-137.3019104004
16943382.0000000000,-137.3271484375
16982438.0000000000,-137.3406677246
17021582.0000000000,-137.3701019287
17060818.0000000000,-137.3754425049
17100146.0000000000,-137.3915557861
17139582.0000000000,-137.4045562744
17179090.0000000000,-137.4108276367
17218688.0000000000,-137.4119415283
17258378.0000000000,-137.4154663086
17298160.0000000000,-137.4178466797
17338034.0000000000,-137.4215240479
17378000.0000000000,-137.4218902588
17418076.0000000000,-137.4432525635
17458226.0000000000,-137.4539947510
17498468.0000000000,-137.4573211670
17538804.0000000000,-137.4871368408
17579232.0000000000,-137.5108337402
17619752.0000000000,-137.5355834961
17660388.0000000000,-137.6870117188
17701096.0000000000,-137.6892395020
17741898.0000000000,-137.7008209229
17782794.0000000000,-137.7277832031
17823784.0000000000,-137.7700653076
17864870.0000000000,-137.8097381592
17906050.0000000000,-137.8097381592
17947344.0000000000,-137.8097381592
17988714.0000000000,-137.8097381592
18030180.0000000000,-137.8241577148
18071740.0000000000,-137.8250427246
18113396.0000000000,-137.8288879395
18155150.0000000000,-137.8392486572
18197018.0000000000,-137.8459930420
18238964.0000000000,-137.8678131104
18281006.0000000000,-137.8885040283
18323144.0000000000,-137.9047546387
18365380.0000000000,-137.9237976074
18407714.0000000000,-137.9277343750
18450146.0000000000,-137.9397430420
18492694.0000000000,-137.9959411621
18535322.0000000000,-138.0089721680
18578046.0000000000,-138.0211944580
18620870.0000000000,-138.0211944580
18663792.0000000000,-138.0211944580
18706814.0000000000,-138.0211944580
18749934.0000000000,-138.0211944580
18793176.0000000000,-138.0211944580
18836496.0000000000,-138.0486602783
18879914.0000000000,-138.0587310791
18923434.0000000000,-138.0698699951
18967054.0000000000,-138.0753784180
19010774.0000000000,-138.2482452393
19054616.0000000000,-138.2998352051
19098538.0000000000,-138.3392181396
19142562.0000000000,-138.3755493164
19186688.0000000000,-138.3769378662
19230914.0000000000,-138.3825683594
19275242.0000000000,-138.3979492188
19319674.0000000000,-138.4126129150
19364228.0000000000,-138.4300994873
19408864.0000000000,-138.4370574951
19453602.0000000000,-138.4578704834
19498444.0000000000,-138.4637603760
19543390.0000000000,-138.4776763916
19588438.0000000000,-138.4831695557
19633612.0000000000,-138.4988403320
19678870.0000000000,-138.5308380127
19724230.0000000000,-138.5471954346
19769696.0000000000,-138.5545654297
19815268.0000000000,-138.5707244873
19860942.0000000000,-138.5863952637
19906724.0000000000,-138.6100006104
19952632.0000000000,-138.6137542725
19998624.0000000000,-138.6264343262
20044722.0000000000,-138.6264343262
20090926.0000000000,-138.6264343262
20137238.0000000000,-138.8227539063
20183656.0000000000,-138.8636474609
20230202.0000000000,-138.8695068359
20276834.0000000000,-138.9072265625
20323574.0000000000,-138.9603729248
20370422.0000000000,-138.9648437500
20417376.0000000000,-139.0191497803
20464440.0000000000,-139.0559387207
20511612.0000000000,-139.0598602295
20558916.0000000000,-139.0906066895
20606306.0000000000,-139.1373748779
20653804.0000000000,-139.1520538330
20701412.0000000000,-139.2454681396
20749130.0000000000,-139.2454681396
20796960.0000000000,-139.2454681396
20844898.0000000000,-139.2951812744
20892970.0000000000,-139.3248596191
20941130.0000000000,-139.3250122070
20989400.0000000000,-139.3637237549
21037782.0000000000,-139.4129943848
21086276.0000000000,-139.4129943848
21134882.0000000000,-139.4129943848
21183622.0000000000,-139.4129943848
21232452.0000000000,-139.4129943848
21281394.0000000000,-139.4129943848
21330448.0000000000,-139.4129943848
21379618.0000000000,-139.4129943848
21428898.0000000000,-139.4129943848
21478294.0000000000,-139.4129943848
21527826.0000000000,-139.4129943848
21577450.0000000000,-139.4275207520
21627188.0000000000,-139.4405822754
21677040.0000000000,-139.4990386963
21727006.0000000000,-139.5080413818
21777088.0000000000,-139.5080718994
21827310.0000000000,-139.5620269775
21877624.0000000000,-139.5660705566
21928054.0000000000,-139.5662994385
21978600.0000000000,-139.5946197510
22029262.0000000000,-139.6740722656
22080040.0000000000,-139.6833953857
22130936.0000000000,-139.7163848877
22181974.0000000000,-139.7489013672
22233106.0000000000,-139.7520751953
22284354.0000000000,-139.7859649658
22335722.0000000000,-139.7958221436
22387206.0000000000,-139.8792266846
22438810.0000000000,-139.8917541504
22490558.0000000000,-139.8931427002
22542400.0000000000,-139.9404602051
22594362.0000000000,-139.9854888916
22646444.0000000000,-140.0083923340
22698646.0000000000,-140.0216674805
22750968.0000000000,-140.0286712646
22803410.0000000000,-140.0286712646
22855998.0000000000,-140.0286712646
22908684.0000000000,-140.0626678467
22961490.0000000000,-140.0626678467
23014418.0000000000,-140.0626678467
23067468.0000000000,-140.1253356934
23120640.0000000000,-140.1303863525
23173934.0000000000,-140.1457977295
23227378.0000000000,-140.1871643066
23280918.0000000000,-140.1871643066
23334582.0000000000,-140.1871643066
23388370.0000000000,-140.2109069824
23442282.0000000000,-140.2109069824
23496318.0000000000,-140.2109069824
23550504.0000000000,-140.2109069824
23604790.0000000000,-140.1871643066
23659200.0000000000,-140.1457977295
23713738.0000000000,-140.1828613281
23768398.0000000000,-140.1871643066
23823186.0000000000,-140.2109069824
23878100.0000000000,-140.2109069824
23933168.0000000000,-140.2109069824
23988336.0000000000,-140.2164001465
24043630.0000000000,-140.2552642822
24099052.0000000000,-140.2641448975
24154602.0000000000,-140.3074035645
24210280.0000000000,-140.3190155029
24266114.0000000000,-140.3284759521
24322048.0000000000,-140.3322296143
24378112.0000000000,-140.3488922119
24434306.0000000000,-140.3488922119
24490628.0000000000,-140.3488922119
24547082.0000000000,-140.3488922119
24603664.0000000000,-140.3488922119
24660404.0000000000,-140.3518066406
24717248.0000000000,-140.3606414795
24774224.0000000000,-140.3813323975
24831330.0000000000,-140.3856048584
24888568.0000000000,-140.3856048584
24945938.0000000000,-140.3813323975
25003440.0000000000,-140.3813323975
25061102.0000000000,-140.3856048584
25118870.0000000000,-140.3880310059
25176770.0000000000,-140.3944854736
25234804.0000000000,-140.4112091064
25292972.0000000000,-140.4121704102
25351274.0000000000,-140.4435424805
25409740.0000000000,-140.4435424805
25468310.0000000000,-140.4435424805
25527016.0000000000,-140.4527587891
25585858.0000000000,-140.4527587891
25644836.0000000000,-140.4527587891
25703948.0000000000,-140.4527587891
25763198.0000000000,-140.4435424805
25822612.0000000000,-140.4140625000
25882136.0000000000,-140.4140625000
25941796.0000000000,-140.4140625000
26001594.0000000000,-140.4140625000
26061528.0000000000,-140.4435424805
26121602.0000000000,-140.4527587891
26181844.0000000000,-140.4835968018
26242194.0000000000,-140.4882507324
26302684.0000000000,-140.5494842529
26363314.0000000000,-140.5691223145
26424084.0000000000,-140.5691223145
26484992.0000000000,-140.5691223145
26546042.0000000000,-140.5804290771
26607262.0000000000,-140.6162872314
26668594.0000000000,-140.6162872314
26730066.0000000000,-140.6162872314
26791682.0000000000,-140.6162872314
26853438.0000000000,-140.6162872314
26915338.0000000000,-140.6162872314
26977408.0000000000,-140.6162872314
27039594.0000000000,-140.6486511230
27101922.0000000000,-140.6497039795
27164394.0000000000,-140.6497039795
27227010.0000000000,-140.6486511230
27289770.0000000000,-140.6486511230
27352674.0000000000,-140.6486511230
27415754.0000000000,-140.6497039795
27478950.0000000000,-140.6837158203
27542290.0000000000,-140.7267608643
27605778.0000000000,-140.7915496826
27669410.0000000000,-140.8251037598
27733190.0000000000,-140.8329467773
27797118.0000000000,-140.8734283447
27861222.0000000000,-140.8734283447
27925444.0000000000,-140.8734283447
27989814.0000000000,-140.8734283447
28054334.0000000000,-140.9391021729
28119000.0000000000,-141.0553131104
28183816.0000000000,-141.0688781738
28248814.0000000000,-141.1390380859
28313930.0000000000,-141.1390380859
28379194.0000000000,-141.1390380859
28444610.0000000000,-141.1422119141
28510178.0000000000,-141.2003631592
28575896.0000000000,-141.2346801758
28641766.0000000000,-141.2484436035
28707818.0000000000,-141.2606811523
28773992.0000000000,-141.2834320068
28840318.0000000000,-141.3072814941
28906796.0000000000,-141.3547668457
28973428.0000000000,-141.3567657471
29040214.0000000000,-141.3582611084
29107186.0000000000,-141.4202423096
29174280.0000000000,-141.4605407715
29241530.0000000000,-141.4922027588
29308932.0000000000,-141.5129241943
29376492.0000000000,-141.5590209961
29444208.0000000000,-141.5932464600
29512078.0000000000,-141.7270660400
29580138.0000000000,-141.7956237793
29648322.0000000000,-141.8247833252
29716664.0000000000,-141.8445892334
29785162.0000000000,-141.9928588867
29853820.0000000000,-142.0082550049
29922634.0000000000,-142.1990203857
29991642.0000000000,-142.2002868652
30060774.0000000000,-142.2122955322
30130066.0000000000,-142.2229003906
30199518.0000000000,-142.2289428711
30269130.0000000000,-142.2534027100
30338904.0000000000,-142.3047637939
30408836.0000000000,-142.3246307373
30478964.0000000000,-142.3260192871
30549220.0000000000,-142.3281402588
30619638.0000000000,-142.3407135010
30690220.0000000000,-142.3420410156
30760962.0000000000,-142.3598632813
30831868.0000000000,-142.3886871338
30902938.0000000000,-142.4208984375
30974206.0000000000,-142.4208984375
31045604.0000000000,-142.4208984375
31117166.0000000000,-142.4208984375
31188892.0000000000,-142.4208984375
31260786.0000000000,-142.4208984375
31332844.0000000000,-142.4208984375
31405102.0000000000,-142.4208984375
31477494.0000000000,-142.4208984375
31550052.0000000000,-142.4357147217
31622776.0000000000,-142.4958190918
31695670.0000000000,-142.4978942871
31768730.0000000000,-142.5135345459
31841960.0000000000,-142.6031341553
31915392.0000000000,-142.6237182617
31988960.0000000000,-142.7943572998
32062696.0000000000,-142.9148864746
32136604.0000000000,-142.9368286133
32210680.0000000000,-142.9554290771
32284928.0000000000,-143.1021423340
32359382.0000000000,-143.1257781982
32433974.0000000000,-143.1421966553
32508736.0000000000,-143.1969146729
32583670.0000000000,-143.2566680908
32658778.0000000000,-143.2566680908
32734060.0000000000,-143.2566680908
32809514.0000000000,-143.2821807861
32885178.0000000000,-143.2821807861
32960980.0000000000,-143.2821807861
33036958.0000000000,-143.2821807861
33113110.0000000000,-143.2821807861
33189438.0000000000,-143.2821807861
33265942.0000000000,-143.2821807861
33342624.0000000000,-143.2566680908
33419516.0000000000,-143.2263793945
33496552.0000000000,-143.2231750488
33573764.0000000000,-143.1969146729
33651152.0000000000,-143.1421966553
33728720.0000000000,-143.1421966553
33806468.0000000000,-143.1421966553
33884432.0000000000,-143.1750183105
33962536.0000000000,-143.1969146729
34040824.0000000000,-143.2231750488
34119292.0000000000,-143.2263793945
34197936.0000000000,-143.2566680908
34276768.0000000000,-143.2821807861
34355776.0000000000,-143.2881774902
34435008.0000000000,-143.2881774902
34514384.0000000000,-143.2881774902
34593940.0000000000,-143.2881774902
34673680.0000000000,-143.2881774902
34753608.0000000000,-143.2881774902
34833716.0000000000,-143.2821807861
34914048.0000000000,-143.2566680908
34994528.0000000000,-143.2263793945
35075192.0000000000,-143.2231750488
35156044.0000000000,-143.2263793945
35237080.0000000000,-143.2566680908
35318304.0000000000,-143.2821807861
35399716.0000000000,-143.2881774902
35481356.0000000000,-143.2881774902
35563140.0000000000,-143.2881774902
35645116.0000000000,-143.2881774902
35727280.0000000000,-143.2881774902
35809636.0000000000,-143.3072967529
35892180.0000000000,-143.3072967529
35974952.0000000000,-143.3072967529
36057876.0000000000,-143.3072967529
36140992.0000000000,-143.1750183105
36224300.0000000000,-143.1163635254
36307800.0000000000,-143.0939941406
36391492.0000000000,-143.0813903809
36475376.0000000000,-143.0535430908
36559496.0000000000,-142.9369354248
36643768.0000000000,-142.9369354248
36728236.0000000000,-142.9734954834
36812896.0000000000,-142.9734954834
36897752.0000000000,-142.9734954834
36982804.0000000000,-142.9734954834
37068052.0000000000,-142.9734954834
37153536.0000000000,-142.9734954834
37239180.0000000000,-142.9570770264
37325020.0000000000,-142.9570770264
37411056.0000000000,-142.9570770264
37497292.0000000000,-142.9570770264
37583724.0000000000,-142.9570770264
37670400.0000000000,-142.9570770264
37757232.0000000000,-142.9570770264
37844264.0000000000,-142.9570770264
37931500.0000000000,-142.9570770264
38018932.0000000000,-142.9570770264
38106568.0000000000,-142.9570770264
38194408.0000000000,-142.9570770264
38282492.0000000000,-142.9570770264
38370736.0000000000,-142.9570770264
38459180.0000000000,-142.9570770264
38547832.0000000000,-142.8340301514
38636688.0000000000,-142.8340301514
38725748.0000000000,-142.8340301514
38815056.0000000000,-142.8340301514
38904528.0000000000,-142.8340301514
38994204.0000000000,-142.8340301514
39084092.0000000000,-142.8340301514
39174180.0000000000,-142.8340301514
39264480.0000000000,-142.8340301514
39354988.0000000000,-142.8340301514
39445748.0000000000,-142.8340301514
39536672.0000000000,-142.9233093262
39627808.0000000000,-142.9570770264
39719152.0000000000,-142.9734954834
39810708.0000000000,-142.9877624512
39902476.0000000000,-143.0768737793
39994496.0000000000,-143.1145782471
40086688.0000000000,-143.2378997803
40179088.0000000000,-143.2419281006
40271704.0000000000,-143.2630462646
40364536.0000000000,-143.3540191650
40457576.0000000000,-143.3625793457
40550836.0000000000,-143.3668670654
40644352.0000000000,-143.3976440430
40738040.0000000000,-143.4123077393
40831944.0000000000,-143.5107574463
40926064.0000000000,-143.5581207275
41020404.0000000000,-143.5839996338
41114956.0000000000,-143.5839996338
41209732.0000000000,-143.5839996338
41304768.0000000000,-143.5839996338
41399976.0000000000,-143.5839996338
41495408.0000000000,-143.6425018311
41591056.0000000000,-143.7211303711
41686928.0000000000,-143.7527008057
41783020.0000000000,-143.7731475830
41879376.0000000000,-143.8281097412
41975912.0000000000,-143.8426361084
42072668.0000000000,-143.9390716553
42169652.0000000000,-143.9456176758
42266856.0000000000,-144.0037536621
42364284.0000000000,-144.0423126221
42461936.0000000000,-144.0538940430
42559860.0000000000,-144.1196594238
42657964.0000000000,-144.1332550049
42756292.0000000000,-144.1735382080
42854848.0000000000,-144.3740844727
42953632.0000000000,-144.6836090088
43052644.0000000000,-144.6877593994
43151932.0000000000,-144.8489990234
43251400.0000000000,-144.9412841797
43351096.0000000000,-145.0108032227
43451024.0000000000,-145.3645782471
43551180.0000000000,-145.3694763184
43651568.0000000000,-145.3694763184
43752188.0000000000,-145.3694763184
43853088.0000000000,-145.3694763184
43954176.0000000000,-145.3694763184
44055492.0000000000,-145.3694763184
44157044.0000000000,-145.3803100586
44258828.0000000000,-145.4901580811
44360848.0000000000,-145.4901580811
44463104.0000000000,-145.4901580811
44565644.0000000000,-145.4901580811
44668368.0000000000,-145.4901580811
44771332.0000000000,-145.4901580811
44874532.0000000000,-145.4901580811
44977972.0000000000,-145.4901580811
45081652.0000000000,-145.5377960205
45185616.0000000000,-145.5377960205
45289772.0000000000,-145.4901580811
45394168.0000000000,-145.3803100586
45498804.0000000000,-145.3694763184
45603684.0000000000,-145.3645782471
45708804.0000000000,-145.3605346680
45814164.0000000000,-145.3605346680
45919820.0000000000,-145.3605346680
46025668.0000000000,-145.3605346680
46131760.0000000000,-145.3605346680
46238100.0000000000,-145.3456268311
46344680.0000000000,-145.3243560791
46451508.0000000000,-145.2116241455
46558632.0000000000,-145.1182556152
46665956.0000000000,-145.0594329834
46773524.0000000000,-145.0494384766
46881340.0000000000,-145.0317230225
46989404.0000000000,-144.9929351807
47097716.0000000000,-144.9780120850
47206280.0000000000,-144.9324645996
47315148.0000000000,-144.8906707764
47424212.0000000000,-144.8906707764
47533528.0000000000,-144.8906707764
47643096.0000000000,-144.8906707764
47752916.0000000000,-144.8906707764
47862992.0000000000,-144.8906707764
47973372.0000000000,-144.8906707764
48083952.0000000000,-144.8906707764
48194788.0000000000,-144.9324645996
48305880.0000000000,-144.9780120850
48417232.0000000000,-144.9780120850
48528836.0000000000,-144.9780120850
48640696.0000000000,-144.9780120850
48752872.0000000000,-144.9780120850
48865252.0000000000,-144.9780120850
48977888.0000000000,-144.9929351807
49090784.0000000000,-145.0498657227
49203944.0000000000,-145.1182556152
49317364.0000000000,-145.3243560791
49431044.0000000000,-145.3243560791
49545040.0000000000,-145.3243560791
49659244.0000000000,-145.3243560791
49773712.0000000000,-145.6663665771
49888444.0000000000,-145.8135986328
50003440.0000000000,-145.8586120605
50118700.0000000000,-145.8586120605
50234284.0000000000,-145.8586120605
50350076.0000000000,-145.8586120605
50466136.0000000000,-145.8586120605
50582464.0000000000,-145.8586120605
50699060.0000000000,-145.8586120605
50815928.0000000000,-145.8586120605
50933060.0000000000,-145.8822479248
51050520.0000000000,-145.9264373779
51168196.0000000000,-145.9264373779
51286144.0000000000,-145.9264373779
51404360.0000000000,-145.9264373779
51522852.0000000000,-145.9264373779
51641616.0000000000,-145.9264373779
51760712.0000000000,-145.9264373779
51880024.0000000000,-146.2545471191
51999608.0000000000,-146.3133239746
52119472.0000000000,-146.6669921875
52239612.0000000000,-146.6741180420
52360028.0000000000,-146.6741180420
52480720.0000000000,-146.6669921875
52601752.0000000000,-146.3133239746
52723000.0000000000,-146.2545471191
52844532.0000000000,-146.2545471191
52966340.0000000000,-146.6669921875
53088432.0000000000,-146.6669921875
53210804.0000000000,-146.6669921875
53333520.0000000000,-146.2825469971
53456456.0000000000,-146.2545471191
53579676.0000000000,-146.2545471191
53703180.0000000000,-146.2545471191
53826972.0000000000,-146.2545471191
53951048.0000000000,-146.2545471191
54075408.0000000000,-146.2545471191
54200116.0000000000,-146.2545471191
54325048.0000000000,-146.2545471191
54450272.0000000000,-146.2545471191
54575784.0000000000,-146.2353057861
54701584.0000000000,-146.0299072266
54827676.0000000000,-145.9471893311
54954060.0000000000,-145.9471893311
55080792.0000000000,-146.0094757080
55207756.0000000000,-146.0299072266
55335016.0000000000,-146.2353057861
55462564.0000000000,-146.2545471191
55590412.0000000000,-146.2825469971
55718552.0000000000,-146.3178100586
55847048.0000000000,-146.3457031250
55975780.0000000000,-146.3457031250
56104808.0000000000,-146.3178100586
56234132.0000000000,-146.3178100586
56363756.0000000000,-146.3178100586
56493680.0000000000,-146.3178100586
56623900.0000000000,-146.3178100586
56754484.0000000000,-146.3457031250
56885308.0000000000,-146.3499145508
57016432.0000000000,-146.3499145508
57147860.0000000000,-146.3499145508
57279588.0000000000,-146.3499145508
57411624.0000000000,-146.3499145508
57544024.0000000000,-146.3499145508
57676668.0000000000,-146.4080352783
57809616.0000000000,-146.4080352783
57942872.0000000000,-146.4080352783
58076432.0000000000,-146.3499145508
58210304.0000000000,-146.3457031250
58344484.0000000000,-146.3457031250
58479036.0000000000,-146.3457031250
58613832.0000000000,-146.3457031250
58748944.0000000000,-146.3457031250
58884364.0000000000,-146.3178100586
59020096.0000000000,-146.3178100586
59156140.0000000000,-146.3178100586
59292500.0000000000,-146.3178100586
59429240.0000000000,-146.3178100586
59566228.0000000000,-146.3178100586
59703532.0000000000,-146.3178100586
59841152.0000000000,-146.4974212646
59979092.0000000000,-146.6844482422
60117348.0000000000,-146.7245483398
60255988.0000000000,-146.7892303467
60394884.0000000000,-146.8870391846
60534096.0000000000,-147.0557708740
60673632.0000000000,-147.0557708740
60813488.0000000000,-146.8870391846
60953668.0000000000,-146.7892303467
61094172.0000000000,-146.7245483398
61235064.0000000000,-146.5156860352
61376216.0000000000,-146.4974212646
61517692.0000000000,-146.4974212646
61659496.0000000000,-146.5156860352
61801624.0000000000,-146.6373138428
61944080.0000000000,-146.7245483398
62086936.0000000000,-146.7892303467
62230048.0000000000,-146.7892303467
62373496.0000000000,-146.7892303467
62517268.0000000000,-146.7245483398
62661376.0000000000,-146.6373138428
62805816.0000000000,-146.6010589600
62950588.0000000000,-146.5156860352
63095764.0000000000,-146.3229980469
63241204.0000000000,-146.2310485840
63386976.0000000000,-146.1893463135
63533088.0000000000,-146.1893463135
63679536.0000000000,-146.1893463135
63826324.0000000000,-146.1893463135
63973516.0000000000,-146.2310485840
64120980.0000000000,-146.3229980469
64268784.0000000000,-146.5156860352
64416928.0000000000,-146.6010589600
64565416.0000000000,-146.6373138428
64714244.0000000000,-146.6373138428
64863412.0000000000,-146.6010589600
65013000.0000000000,-146.5156860352
65162860.0000000000,-146.3229980469
65313064.0000000000,-146.2310485840
65463616.0000000000,-146.1893463135
65614512.0000000000,-146.0717163086
65765760.0000000000,-146.0717163086
65917356.0000000000,-146.0717163086
66069372.0000000000,-146.0717163086
66221664.0000000000,-146.0717163086
66374312.0000000000,-146.0717163086
66527308.0000000000,-146.0717163086
66680660.0000000000,-146.0717163086
66834364.0000000000,-146.0717163086
66988492.0000000000,-146.0717163086
67142904.0000000000,-146.1194763184
67297680.0000000000,-146.1893463135
67452800.0000000000,-146.6010589600
67608288.0000000000,-146.6373138428
67764128.0000000000,-147.0127105713
67920328.0000000000,-147.0127105713
68076968.0000000000,-147.0127105713
68233888.0000000000,-147.0127105713
68391168.0000000000,-147.0127105713
68548816.0000000000,-147.0127105713
68706824.0000000000,-147.0127105713
68865200.0000000000,-147.1815185547
69024016.0000000000,-147.2706756592
69183120.0000000000,-147.3665161133
69342592.0000000000,-147.3685455322
69502432.0000000000,-147.5758209229
69662640.0000000000,-147.5892639160
69823216.0000000000,-147.7167053223
69984168.0000000000,-147.8255462646
70145560.0000000000,-147.8255462646
70307248.0000000000,-147.8255462646
70469312.0000000000,-147.7167053223
70631752.0000000000,-147.5892639160
70794560.0000000000,-147.5758209229
70957752.0000000000,-147.3665161133
71121392.0000000000,-147.3665161133
71285328.0000000000,-147.3665161133
71449648.0000000000,-147.3665161133
71614344.0000000000,-147.3665161133
71779424.0000000000,-147.3665161133
71944880.0000000000,-147.3665161133
72110712.0000000000,-147.3665161133
72277016.0000000000,-147.3665161133
72443616.0000000000,-147.3665161133
72610608.0000000000,-147.2706756592
72777976.0000000000,-147.2706756592
72945736.0000000000,-147.2706756592
73113880.0000000000,-147.1815185547
73282416.0000000000,-147.1745147705
73451416.0000000000,-147.0674438477
73620728.0000000000,-146.6594696045
73790432.0000000000,-146.6594696045
73960520.0000000000,-146.6401672363
74131008.0000000000,-146.6306915283
74301880.0000000000,-146.6245880127
74473232.0000000000,-146.3249816895
74644904.0000000000,-146.3176727295
74816960.0000000000,-146.3010406494
74989424.0000000000,-146.3010406494
75162280.0000000000,-146.3010406494
75335528.0000000000,-146.3176727295
75509184.0000000000,-146.3176727295
75683320.0000000000,-146.3176727295
75857776.0000000000,-146.3176727295
76032632.0000000000,-146.3010406494
76207896.0000000000,-146.2775878906
76383560.0000000000,-146.2488708496
76559632.0000000000,-146.2488708496
76736192.0000000000,-146.2488708496
76913072.0000000000,-146.2488708496
77090360.0000000000,-146.2488708496
77268064.0000000000,-146.2775878906
77446168.0000000000,-146.3010406494
77624688.0000000000,-146.3176727295
77803616.0000000000,-146.3249816895
77983048.0000000000,-146.4302673340
78162800.0000000000,-146.4302673340
78342976.0000000000,-146.4302673340
78523560.0000000000,-146.5595550537
78704560.0000000000,-146.5595550537
78885984.0000000000,-146.5595550537
79067816.0000000000,-146.5595550537
79250160.0000000000,-146.5595550537
79432840.0000000000,-146.5595550537
79615936.0000000000,-146.5595550537
79799456.0000000000,-146.5498657227
79983400.0000000000,-146.4302673340
80167768.0000000000,-146.4302673340
80352648.0000000000,-146.5498657227
80537872.0000000000,-146.5595550537
80723512.0000000000,-146.7049560547
80909592.0000000000,-146.7081146240
81096088.0000000000,-146.7081146240
81283024.0000000000,-146.7081146240
81470384.0000000000,-146.7081146240
81658272.0000000000,-146.7081146240
81846496.0000000000,-146.7081146240
82035160.0000000000,-146.7081146240
82224256.0000000000,-146.7081146240
82413792.0000000000,-146.8711395264
82603760.0000000000,-146.8711395264
82794256.0000000000,-146.8711395264
82985104.0000000000,-146.8711395264
83176392.0000000000,-146.8711395264
83368120.0000000000,-147.0277099609
83560288.0000000000,-147.0750885010
83752904.0000000000,-147.0901031494
83945960.0000000000,-147.1064758301
84139552.0000000000,-147.2557830811
84333496.0000000000,-147.5299987793
84527896.0000000000,-147.5581207275
84722736.0000000000,-147.6007537842
84918032.0000000000,-147.6007537842
85113768.0000000000,-147.6007537842
85310056.0000000000,-147.6007537842
85506704.0000000000,-147.6007537842
85703800.0000000000,-147.6007537842
85901352.0000000000,-148.4890594482
86099360.0000000000,-148.6163177490
86297832.0000000000,-148.7245330811
86496752.0000000000,-148.7577209473
86696224.0000000000,-148.8928833008
86896072.0000000000,-149.0010375977
87096368.0000000000,-149.0391235352
87297136.0000000000,-149.0391235352
87498360.0000000000,-149.0391235352
87700048.0000000000,-149.0391235352
87902208.0000000000,-149.0851135254
88104920.0000000000,-149.0851135254
88308008.0000000000,-149.0851135254
88511568.0000000000,-149.0851135254
88715592.0000000000,-149.0851135254
88920088.0000000000,-149.0010375977
89125056.0000000000,-149.0010375977
89330592.0000000000,-149.1276702881
89536504.0000000000,-149.2230072021
89742896.0000000000,-149.4496002197
89949760.0000000000,-149.4496459961
90157096.0000000000,-149.4496459961
90364920.0000000000,-149.4496459961
90573216.0000000000,-149.4496459961
90782088.0000000000,-149.4496459961
90991352.0000000000,-149.4496459961
91201088.0000000000,-149.4496002197
91411320.0000000000,-149.4496002197
91622024.0000000000,-149.2230072021
91833224.0000000000,-149.0010375977
92045008.0000000000,-148.9852447510
92257176.0000000000,-149.0010375977
92469832.0000000000,-148.9852447510
92682984.0000000000,-148.9824676514
92896624.0000000000,-148.8928833008
93110760.0000000000,-148.8379669189
93325384.0000000000,-148.8379669189
93540608.0000000000,-148.8379669189
93756224.0000000000,-148.7065429688
93972344.0000000000,-148.6906738281
94188952.0000000000,-148.2645568848
94406064.0000000000,-148.2645568848
94623680.0000000000,-148.2645568848
94841896.0000000000,-148.2645568848
95060512.0000000000,-148.1915130615
95279640.0000000000,-148.1266326904
95499264.0000000000,-148.1266326904
95719392.0000000000,-148.1266326904
95940032.0000000000,-148.1915130615
96161184.0000000000,-148.1266326904
96382952.0000000000,-148.1053466797
96605120.0000000000,-148.1053466797
96827800.0000000000,-148.1053466797
97050992.0000000000,-148.1266326904
97274704.0000000000,-148.1266326904
97498928.0000000000,-148.1915130615
97723672.0000000000,-148.3414916992
97949040.0000000000,-148.5411376953
98174816.0000000000,-148.3414916992
98401120.0000000000,-148.1915130615
98627936.0000000000,-148.1915130615
98855280.0000000000,-148.1915130615
99083152.0000000000,-148.3414916992
99311656.0000000000,-148.3414916992
99540576.0000000000,-148.3414916992
99770024.0000000000,-148.5411376953
100000000.0000000000,-148.5411376953
