Type,FSWP-50
Version,3.02SP1
Date,03.Jul 2026
VSupply,ON
Mode,Voltage
Voltage Set,0.6000000000,V
Voltage Min,0.0000000000,V
Voltage Max,0.6500000000,V
Voltage Meas,0.6065599889,V
Current Max,20.0000000000,mA
Current Meas,18.1470588235,mA
VTune,OFF
Voltage Set,0.0000000000,V
Voltage Min,0.0000000000,V
Voltage Max,0.0100000000,V
Voltage Meas,-0.0246046235,V
Current Max,20.0000000000,mA
Current Meas,0.1496479647,mA
VAux,OFF
Voltage Set,0.0000000000,V
Voltage Min,-10.0000000000,V
Voltage Max,10.0000000000,V
Voltage Meas,-0.0034000311,V
Current Max,100.0000000000,mA
Current Meas,-0.0676050922,mA
Mode,Phase Noise
Measurement,Phase Noise
Input,RF
RF Att,0.0000000000,dB
Coupling,AC
RBW,2.0000000000,%
XCORR Factor,1000
XCORR Optimize,ON
Estimated Meas Time,3.7457527981,s
Sweep Count,5
Signal Frequency,22765847376.3285827637,Hz
Signal Level,-13.2247000000,dBm
Start,10000.0000000000,Hz
Stop,100000000.0000000000,Hz
SubSweep,1
Start,10000.0000000000,Hz
Stop,30000.0000000000,Hz
RBW,600.0000000000,Hz
XCORR Count,1000
SubSweep,2
Start,30000.0000000000,Hz
Stop,100000.0000000000,Hz
RBW,600.0000000000,Hz
XCORR Count,1000
SubSweep,3
Start,100000.0000000000,Hz
Stop,300000.0000000000,Hz
RBW,2000.0000000000,Hz
XCORR Count,3300
SubSweep,4
Start,300000.0000000000,Hz
Stop,1000000.0000000000,Hz
RBW,6000.0000000000,Hz
XCORR Count,10000
SubSweep,5
Start,1000000.0000000000,Hz
Stop,3000000.0000000000,Hz
RBW,20000.0000000000,Hz
XCORR Count,10000
SubSweep,6
Start,3000000.0000000000,Hz
Stop,10000000.0000000000,Hz
RBW,60000.0000000000,Hz
XCORR Count,10000
SubSweep,7
Start,10000000.0000000000,Hz
Stop,30000000.0000000000,Hz
RBW,200000.0000000000,Hz
XCORR Count,10000
SubSweep,8
Start,30000000.0000000000,Hz
Stop,100000000.0000000000,Hz
RBW,600000.0000000000,Hz
XCORR Count,10000
Integrated Measurements Range,1
Start,10000.0000000000,Hz
Stop,100000000.0000000000,Hz
Weighting,OFF
Integrated Measurements Range,2
Start,10000.0000000000,Hz
Stop,100000000.0000000000,Hz
Weighting,OFF
Integrated Measurements Range,3
Start,10000.0000000000,Hz
Stop,100000000.0000000000,Hz
Weighting,OFF
Integrated Measurements Range,4
Start,10000.0000000000,Hz
Stop,100000000.0000000000,Hz
Weighting,OFF
Integrated Measurements Range,5
Start,10000.0000000000,Hz
Stop,100000000.0000000000,Hz
Weighting,OFF
Integrated Measurements Range,6
Start,10000.0000000000,Hz
Stop,100000000.0000000000,Hz
Weighting,OFF
Integrated Measurements Range,7
Start,10000.0000000000,Hz
Stop,100000000.0000000000,Hz
Weighting,OFF
Integrated Measurements Range,8
Start,10000.0000000000,Hz
Stop,100000000.0000000000,Hz
Weighting,OFF
Integrated Measurements Range,9
Start,10000.0000000000,Hz
Stop,100000000.0000000000,Hz
Weighting,OFF
Integrated Measurements Range,10
Start,10000.0000000000,Hz
Stop,100000000.0000000000,Hz
Weighting,OFF
Spot Noise Decade Edges,OFF
Spot Noise User Defined,ON
Spot Noise User Defined Offset,1
State,OFF
Offset,1000.0000000000,Hz
Spot Noise User Defined Offset,2
State,OFF
Offset,10000.0000000000,Hz
Spot Noise User Defined Offset,3
State,ON
Offset,100000.0000000000,Hz
Spot Noise User Defined Offset,4
State,ON
Offset,1000000.0000000000,Hz
Spot Noise User Defined Offset,5
State,ON
Offset,10000000.0000000000,Hz
Spot Noise User Defined Offset,6
State,OFF
Offset,100000000.0000000000,Hz
Window,1,Noise Spectrum
Trace,1
Trace Mode,CLR/WRITE
Trace Result,PN
Smoothing,ON
Smoothing Value,1.0000000000,%
Spurious Removal,ON
Spurious Removal Threshold,6.0000000000,dB
Trace Offset,OFF
Trace Offset,0.0000000000,dB
Trace Label,OFF
Trace Label,Trace 1
x-Unit,Hz
y-Unit,dBc/Hz
Values,4001
10000.0000000000,-53.0750579834
10023.0507812500,-53.0781478882
10046.1542968750,-53.0913963318
10069.3115234375,-53.1078109741
10092.5332031250,-53.1321601868
10115.7968750000,-53.1570396423
10139.1152343750,-53.1819229126
10162.4863281250,-53.2068061829
10185.9111328125,-53.2346115112
10209.3906250000,-53.2646102905
10232.9355468750,-53.2946281433
10256.5234375000,-53.3246269226
10280.1650390625,-53.3551597595
10303.8613281250,-53.3872985840
10327.6123046875,-53.4194374084
10351.4189453125,-53.4515762329
10375.2792968750,-53.4837150574
10399.2060546875,-53.5162658691
10423.1777343750,-53.5488204956
10447.2031250000,-53.5813674927
10471.2851562500,-53.6139183044
10495.4218750000,-53.6468925476
10519.6152343750,-53.6800193787
10543.8632812500,-53.7131462097
10568.1787109375,-53.7462882996
10592.5400390625,-53.7808609009
10616.9560546875,-53.8166694641
10641.4287109375,-53.8524818420
10665.9580078125,-53.8882904053
10690.5439453125,-53.9261665344
10715.1982421875,-53.9674110413
10739.8974609375,-54.0086326599
10764.6533203125,-54.0498542786
10789.4667968750,-54.0926971436
10814.3378906250,-54.1400337219
10839.2656250000,-54.1873664856
10864.2509765625,-54.2346992493
10889.3056640625,-54.2825202942
10914.4062500000,-54.3323402405
10939.5644531250,-54.3821601868
10964.7812500000,-54.4319801331
10990.0556640625,-54.4810638428
11015.3886718750,-54.5258750916
11040.7919921875,-54.5707130432
11066.2412109375,-54.6155242920
11091.7500000000,-54.6585960388
11117.3173828125,-54.6913795471
11142.9433593750,-54.7241592407
11168.6289062500,-54.7569427490
11194.3730468750,-54.7874259949
11220.1894531250,-54.8073310852
11246.0527343750,-54.8272247314
11271.9755859375,-54.8471183777
11297.9580078125,-54.8655395508
11324.0009765625,-54.8795051575
11350.1035156250,-54.8934707642
11376.2792968750,-54.9074440002
11402.5019531250,-54.9228439331
11428.7861328125,-54.9408683777
11455.1298828125,-54.9588928223
11481.5351562500,-54.9769172668
11508.0000000000,-54.9998016357
11534.5273437500,-55.0276908875
11561.1279296875,-55.0555953979
11587.7773437500,-55.0834846497
11614.4873046875,-55.1164703369
11641.2597656250,-55.1520118713
11668.0937500000,-55.1875534058
11694.9892578125,-55.2230911255
11721.9472656250,-55.2583770752
11748.9804687500,-55.2936401367
11776.0625000000,-55.3288879395
11803.2070312500,-55.3633193970
11830.4140625000,-55.3913688660
11857.6845703125,-55.4194221497
11885.0166015625,-55.4474754333
11912.4257812500,-55.4726829529
11939.8847656250,-55.4933357239
11967.4072265625,-55.5139846802
11994.9931640625,-55.5346336365
12022.6425781250,-55.5542373657
12050.3554687500,-55.5733718872
12078.1318359375,-55.5925025940
12105.9863281250,-55.6117668152
12133.8916015625,-55.6358947754
12161.8613281250,-55.6600189209
12189.8955078125,-55.6841430664
12217.9931640625,-55.7112617493
12246.1572265625,-55.7430686951
12274.3984375000,-55.7748908997
12302.6923828125,-55.8066940308
12331.0507812500,-55.8435058594
12359.4746093750,-55.8816757202
12387.9638671875,-55.9198455811
12416.5195312500,-55.9587745667
12445.1396484375,-56.0005340576
12473.8408203125,-56.0423164368
12502.5937500000,-56.0840797424
12531.4130859375,-56.1268310547
12560.2988281250,-56.1700820923
12589.2509765625,-56.2133293152
12618.2705078125,-56.2566413879
12647.3701171875,-56.3003044128
12676.5234375000,-56.3439483643
12705.7441406250,-56.3875961304
12735.0312500000,-56.4310226440
12764.3867187500,-56.4743385315
12793.8095703125,-56.5176506042
12823.2998046875,-56.5606956482
12852.8730468750,-56.6026878357
12882.4990234375,-56.6446533203
12912.1943359375,-56.6866226196
12941.9580078125,-56.7261657715
12971.7900390625,-56.7649726868
13001.6914062500,-56.8037796021
13031.6611328125,-56.8405075073
13061.7138671875,-56.8735809326
13091.8222656250,-56.9066429138
13122.0000000000,-56.9397010803
13152.2470703125,-56.9651451111
13182.5634765625,-56.9904518127
13212.9501953125,-57.0157546997
13243.4218750000,-57.0365371704
13273.9492187500,-57.0546264648
13304.5468750000,-57.0727119446
13335.2138671875,-57.0896263123
13365.9531250000,-57.1038017273
13396.7626953125,-57.1179771423
13427.6425781250,-57.1321525574
13458.6093750000,-57.1460609436
13489.6328125000,-57.1599617004
13520.7265625000,-57.1738586426
13551.8935546875,-57.1884803772
13583.1308593750,-57.2033843994
13614.4414062500,-57.2182884216
13645.8388671875,-57.2332000732
13677.2929687500,-57.2481040955
13708.8203125000,-57.2630081177
13740.4199218750,-57.2777557373
13772.0927734375,-57.2919960022
13803.8388671875,-57.3062324524
13835.6572265625,-57.3205032349
13867.5644531250,-57.3356666565
13899.5302734375,-57.3508262634
13931.5693359375,-57.3659820557
13963.6826171875,-57.3842048645
13995.8701171875,-57.4029617310
14028.1318359375,-57.4217224121
14060.4677734375,-57.4437332153
14092.8935546875,-57.4672012329
14125.3789062500,-57.4906578064
14157.9384765625,-57.5159530640
14190.5732421875,-57.5427207947
14223.2841796875,-57.5694847107
14256.0693359375,-57.5968399048
14288.9462890625,-57.6249580383
14321.8837890625,-57.6530570984
14354.8964843750,-57.6815948486
14387.9853515625,-57.7109260559
14421.1503906250,-57.7402572632
14454.3925781250,-57.7705001831
14487.7109375000,-57.8030433655
14521.1220703125,-57.8355979919
14554.5947265625,-57.8693237305
14588.1435546875,-57.9068832397
14621.7705078125,-57.9444465637
14655.4746093750,-57.9828567505
14689.2568359375,-58.0244674683
14723.1328125000,-58.0661010742
14757.0703125000,-58.1076126099
14791.0869140625,-58.1487274170
14825.1806640625,-58.1898384094
14859.3544921875,-58.2295036316
14893.6054687500,-58.2639846802
14927.9365234375,-58.2984695435
14962.3632812500,-58.3303337097
14996.8525390625,-58.3544464111
15031.4208984375,-58.3785591125
15066.0693359375,-58.3999786377
15100.7978515625,-58.4153862000
15135.6064453125,-58.4307899475
15170.5117187500,-58.4452514648
15205.4804687500,-58.4581871033
15240.5302734375,-58.4711189270
15275.6611328125,-58.4860610962
15310.8730468750,-58.5031814575
15346.1650390625,-58.5202980042
15381.5390625000,-58.5418663025
15417.0117187500,-58.5664863586
15452.5488281250,-58.5910911560
15488.1679687500,-58.6206703186
15523.8691406250,-58.6521072388
15559.6533203125,-58.6835441589
15595.5195312500,-58.7186927795
15631.4677734375,-58.7543449402
15667.5166015625,-58.7901115417
15703.6318359375,-58.8275566101
15739.8300781250,-58.8650016785
15776.1113281250,-58.9024848938
15812.4765625000,-58.9400863647
15848.9248046875,-58.9776878357
15885.4755859375,-59.0148200989
15922.0927734375,-59.0513305664
15958.7939453125,-59.0878372192
15995.5800781250,-59.1229400635
16032.4511718750,-59.1573562622
16069.4072265625,-59.1917762756
16106.4482421875,-59.2237777710
16143.5927734375,-59.2555694580
16180.8046875000,-59.2867660522
16218.1025390625,-59.3152046204
16255.4863281250,-59.3436431885
16292.9560546875,-59.3695793152
16330.5126953125,-59.3924674988
16368.1738281250,-59.4153633118
16405.9042968750,-59.4313583374
16443.7207031250,-59.4366455078
16481.6250000000,-59.4405860901
16519.6152343750,-59.4420356750
16557.6953125000,-59.4449996948
16595.8613281250,-59.4454193115
16634.1347656250,-59.4474258423
16672.4765625000,-59.4504814148
16710.9082031250,-59.4561614990
16749.4277343750,-59.4580039978
16788.0371093750,-59.4595565796
16826.7343750000,-59.4603042603
16865.5390625000,-59.4618415833
16904.4160156250,-59.4626007080
16943.3808593750,-59.4794960022
16982.4375000000,-59.4994354248
17021.5820312500,-59.5295867920
17060.8183593750,-59.5614776611
17100.1445312500,-59.5946731567
17139.5820312500,-59.6315879822
17179.0898437500,-59.6684799194
17218.6875000000,-59.7043037415
17258.3789062500,-59.7396392822
17298.1601562500,-59.7744750977
17338.0332031250,-59.8057441711
17378.0000000000,-59.8370132446
17418.0761718750,-59.8671569824
17458.2265625000,-59.8964500427
17498.4687500000,-59.9258384705
17538.8027343750,-59.9573554993
17579.2324218750,-59.9888687134
17619.7519531250,-60.0229492188
17660.3867187500,-60.0593719482
17701.0957031250,-60.0958518982
17741.8984375000,-60.1358680725
17782.7949218750,-60.1758842468
17823.7851562500,-60.2152519226
17864.8691406250,-60.2540550232
17906.0488281250,-60.2924804688
17947.3437500000,-60.3248710632
17988.7148437500,-60.3572463989
18030.1796875000,-60.3847427368
18071.7402343750,-60.4089622498
18113.3964843750,-60.4324531555
18155.1484375000,-60.4518318176
18197.0175781250,-60.4712181091
18238.9628906250,-60.4916877747
18281.0058593750,-60.5125808716
18323.1445312500,-60.5356750488
18365.3808593750,-60.5639381409
18407.7148437500,-60.5921974182
18450.1445312500,-60.6298179626
18492.6953125000,-60.6685867310
18535.3222656250,-60.7127304077
18578.0468750000,-60.7622718811
18620.8710937500,-60.8129043579
18663.7929687500,-60.8715553284
18706.8144531250,-60.9302062988
18749.9355468750,-60.9932861328
18793.1757812500,-61.0578460693
18836.4941406250,-61.1227607727
18879.9140625000,-61.1882629395
18923.4335937500,-61.2534332275
18967.0546875000,-61.3132934570
19010.7734375000,-61.3731536865
19054.6171875000,-61.4236564636
19098.5390625000,-61.4706497192
19142.5625000000,-61.5102539063
19186.6875000000,-61.5393753052
19230.9140625000,-61.5666198730
19275.2421875000,-61.5785827637
19319.6738281250,-61.5905456543
19364.2285156250,-61.5946350098
19408.8632812500,-61.5969657898
19453.6015625000,-61.6000175476
19498.4433593750,-61.6036911011
19543.3886718750,-61.6101264954
19588.4375000000,-61.6240196228
19633.6132812500,-61.6381111145
19678.8691406250,-61.6654968262
19724.2304687500,-61.6928825378
19769.6972656250,-61.7293624878
19815.2675781250,-61.7685623169
19860.9433593750,-61.8122367859
19906.7226562500,-61.8597755432
19952.6328125000,-61.9090309143
19998.6250000000,-61.9619445801
20044.7226562500,-62.0151481628
20090.9277343750,-62.0708770752
20137.2382812500,-62.1266021729
20183.6562500000,-62.1819114685
20230.2031250000,-62.2372055054
20276.8339843750,-62.2892341614
20323.5742187500,-62.3399925232
20370.4218750000,-62.3861999512
20417.3769531250,-62.4285469055
20464.4394531250,-62.4327545166
20511.6113281250,-62.4342765808
20558.9160156250,-62.4384613037
20606.3046875000,-62.4466323853
20653.8046875000,-62.4550552368
20701.4121093750,-62.4664649963
20749.1308593750,-62.4694747925
20796.9589843750,-62.4735946655
20844.8984375000,-62.4967651367
20892.9687500000,-62.4970054626
20941.1289062500,-62.4982872009
20989.4003906250,-62.5187454224
21037.7812500000,-62.5242652893
21086.2753906250,-62.5351753235
21134.8808593750,-62.5353355408
21183.6210937500,-62.5398101807
21232.4511718750,-62.5510368347
21281.3945312500,-62.5525550842
21330.4492187500,-62.5540771484
21379.6171875000,-62.5724525452
21428.8984375000,-62.6104431152
21478.2929687500,-62.6459388733
21527.8261718750,-62.6752929688
21577.4492187500,-62.7024154663
21627.1875000000,-62.7223587036
21677.0390625000,-62.7416954041
21727.0058593750,-62.7584915161
21777.0878906250,-62.7758407593
21827.3105468750,-62.7961578369
21877.6230468750,-62.8173103333
21928.0527343750,-62.8439674377
21978.5996093750,-62.8713684082
22029.2617187500,-62.9043655396
22080.0410156250,-62.9380989075
22130.9355468750,-62.9777183533
22181.9746093750,-63.0182685852
22233.1054687500,-63.0657958984
22284.3535156250,-63.1142082214
22335.7207031250,-63.1687088013
22387.2070312500,-63.2232322693
22438.8105468750,-63.2778854370
22490.5585937500,-63.3305358887
22542.4003906250,-63.3738594055
22594.3632812500,-63.4128684998
22646.4433593750,-63.4364433289
22698.6464843750,-63.4555397034
22750.9667968750,-63.4622955322
22803.4101562500,-63.4682121277
22855.9980468750,-63.4723587036
22908.6835937500,-63.4816589355
22961.4902343750,-63.4990539551
23014.4179687500,-63.5256690979
23067.4667968750,-63.5629844666
23120.6386718750,-63.6075820923
23173.9335937500,-63.6582603455
23227.3769531250,-63.7078742981
23280.9179687500,-63.7568435669
23334.5820312500,-63.7944564819
23388.3710937500,-63.8279876709
23442.2812500000,-63.8449707031
23496.3183593750,-63.8588829041
23550.5039062500,-63.8602027893
23604.7910156250,-63.8602981567
23659.2011718750,-63.8608703613
23713.7363281250,-63.8616142273
23768.3984375000,-63.8698387146
23823.1875000000,-63.8827667236
23878.1015625000,-63.9042320251
23933.1679687500,-63.9315719604
23988.3359375000,-63.9646873474
24043.6308593750,-64.0019531250
24099.0527343750,-64.0413589478
24154.6035156250,-64.0809631348
24210.2812500000,-64.1206054688
24266.1132812500,-64.1559448242
24322.0488281250,-64.1901321411
24378.1132812500,-64.2189865112
24434.3066406250,-64.2457962036
24490.6289062500,-64.2689819336
24547.0820312500,-64.2911911011
24603.6640625000,-64.3126144409
24660.4042968750,-64.3374557495
24717.2480468750,-64.3633804321
24774.2226562500,-64.3994216919
24831.3300781250,-64.4381332397
24888.5683593750,-64.4871978760
24945.9375000000,-64.5397567749
25003.4394531250,-64.5974426270
25061.1015625000,-64.6546096802
25118.8691406250,-64.7114410400
25176.7714843750,-64.7582397461
25234.8046875000,-64.8015289307
25292.9726562500,-64.8296051025
25351.2753906250,-64.8522109985
25409.7402343750,-64.8655776978
25468.3105468750,-64.8753890991
25527.0175781250,-64.8831253052
25585.8593750000,-64.8944778442
25644.8359375000,-64.9076995850
25703.9492187500,-64.9280090332
25763.1972656250,-64.9510955811
25822.6132812500,-64.9775848389
25882.1347656250,-65.0035858154
25941.7949218750,-65.0291976929
26001.5937500000,-65.0479354858
26061.5292968750,-65.0637817383
26121.6015625000,-65.0737762451
26181.8437500000,-65.0813751221
26242.1953125000,-65.0876159668
26302.6835937500,-65.0997772217
26363.3144531250,-65.1166915894
26424.0839843750,-65.1455841064
26484.9921875000,-65.1868820190
26546.0429687500,-65.2365341187
26607.2617187500,-65.2998199463
26668.5937500000,-65.3637466431
26730.0664062500,-65.4267044067
26791.6816406250,-65.4778289795
26853.4375000000,-65.5215530396
26915.3378906250,-65.5355758667
26977.4082031250,-65.5387496948
27039.5937500000,-65.5402984619
27101.9218750000,-65.5428466797
27164.3945312500,-65.5451507568
27227.0097656250,-65.5486221313
27289.7695312500,-65.5567245483
27352.6738281250,-65.5791320801
27415.7539062500,-65.6067276001
27478.9492187500,-65.6346969604
27542.2910156250,-65.6597671509
27605.7773437500,-65.6816482544
27669.4101562500,-65.7014236450
27733.1914062500,-65.7221298218
27797.1171875000,-65.7454681396
27861.2226562500,-65.7726440430
27925.4453125000,-65.8042602539
27989.8144531250,-65.8371276855
28054.3339843750,-65.8709259033
28119.0000000000,-65.9056167603
28183.8164062500,-65.9414443970
28248.8144531250,-65.9840774536
28313.9296875000,-66.0335464478
28379.1953125000,-66.0891876221
28444.6113281250,-66.1548080444
28510.1777343750,-66.2199859619
28575.8964843750,-66.2840423584
28641.7656250000,-66.3329696655
28707.8183593750,-66.3419570923
28773.9921875000,-66.3473205566
28840.3183593750,-66.3506164551
28906.7968750000,-66.3642883301
28973.4296875000,-66.3668899536
29040.2148437500,-66.3708114624
29107.1855468750,-66.3816375732
29174.2812500000,-66.3901138306
29241.5292968750,-66.3902359009
29308.9335937500,-66.3953094482
29376.4921875000,-66.4349822998
29444.2070312500,-66.4757156372
29512.0781250000,-66.5154724121
29580.1386718750,-66.5480575562
29648.3222656250,-66.5724563599
29716.6640625000,-66.5913925171
29785.1621093750,-66.6034545898
29853.8203125000,-66.6142272949
29922.6347656250,-66.6254425049
29991.6406250000,-66.6401214600
30060.7734375000,-66.6754608154
30130.0664062500,-66.7062072754
30199.5175781250,-66.7444458008
30269.1308593750,-66.7902297974
30338.9023437500,-66.8423767090
30408.8359375000,-66.8932189941
30478.9648437500,-66.9021377563
30549.2207031250,-66.9112167358
30619.6386718750,-66.9114227295
30690.2187500000,-66.9329071045
30760.9628906250,-66.9348831177
30831.8691406250,-66.9408798218
30902.9375000000,-66.9573822021
30974.2050781250,-66.9612579346
31045.6035156250,-66.9687576294
31117.1660156250,-66.9881210327
31188.8925781250,-67.0465850830
31260.7851562500,-67.1038436890
31332.8437500000,-67.1518402100
31405.1035156250,-67.1867065430
31477.4941406250,-67.2079086304
31550.0507812500,-67.2182159424
31622.7773437500,-67.2231826782
31695.6699218750,-67.2315444946
31768.7304687500,-67.2507858276
31841.9589843750,-67.2832565308
31915.3925781250,-67.3282775879
31988.9589843750,-67.3823318481
32062.6972656250,-67.4401397705
32136.6035156250,-67.4958953857
32210.6796875000,-67.5447158813
32284.9277343750,-67.5844116211
32359.3828125000,-67.6182556152
32433.9726562500,-67.6495590210
32508.7363281250,-67.6818008423
32583.6718750000,-67.7179107666
32658.7792968750,-67.7598114014
32734.0585937500,-67.8079910278
32809.5156250000,-67.8610229492
32885.1796875000,-67.9144439697
32960.9804687500,-67.9566650391
33036.9570312500,-67.9593429565
33113.1093750000,-67.9604187012
33189.4375000000,-67.9682846069
33265.9414062500,-67.9780578613
33342.6250000000,-67.9868927002
33419.5156250000,-67.9923248291
33496.5507812500,-68.0025558472
33573.7617187500,-68.0061950684
33651.1523437500,-68.0078430176
33728.7226562500,-68.0373153687
33806.4687500000,-68.0570449829
33884.4335937500,-68.0594787598
33962.5390625000,-68.0621719360
34040.8242187500,-68.0640869141
34119.2890625000,-68.0645065308
34197.9375000000,-68.0821990967
34276.7656250000,-68.1119461060
34355.7773437500,-68.1481628418
34435.0078125000,-68.1833724976
34514.3828125000,-68.2120666504
34593.9414062500,-68.2336883545
34673.6835937500,-68.2525405884
34753.6054687500,-68.2750549316
34833.7187500000,-68.3054885864
34914.0507812500,-68.3439178467
34994.5273437500,-68.3894577026
35075.1953125000,-68.4432754517
35156.0429687500,-68.5094375610
35237.0820312500,-68.5921707153
35318.3046875000,-68.6909332275
35399.7148437500,-68.7969894409
35481.3554687500,-68.8924713135
35563.1406250000,-68.8945541382
35645.1171875000,-68.8983154297
35727.2812500000,-68.9146957397
35809.6367187500,-68.9426651001
35892.1796875000,-68.9500198364
35974.9531250000,-68.9671173096
36057.8789062500,-68.9834899902
36140.9921875000,-68.9983444214
36224.3007812500,-69.0004501343
36307.8007812500,-69.0011062622
36391.4921875000,-69.0046844482
36475.3789062500,-69.0062103271
36559.4960937500,-69.0062332153
36643.7695312500,-69.0090408325
36728.2343750000,-69.0106811523
36812.8945312500,-69.0157012939
36897.7539062500,-69.1119918823
36982.8046875000,-69.2345581055
37068.0507812500,-69.2502899170
37153.5390625000,-69.2522125244
37239.1796875000,-69.2945480347
37325.0195312500,-69.3102569580
37411.0546875000,-69.3933715820
37497.2890625000,-69.3962783813
37583.7226562500,-69.4177627563
37670.3984375000,-69.4924240112
37757.2304687500,-69.5102462769
37844.2656250000,-69.5190353394
37931.5000000000,-69.5535278320
38018.9335937500,-69.5563354492
38106.5703125000,-69.5580673218
38194.4062500000,-69.5635223389
38282.4921875000,-69.5724563599
38370.7343750000,-69.5743713379
38459.1796875000,-69.5784530640
38547.8320312500,-69.5841751099
38636.6875000000,-69.5911636353
38725.7500000000,-69.5955657959
38815.0585937500,-69.6077728271
38904.5273437500,-69.6173400879
38994.2070312500,-69.6205673218
39084.0898437500,-69.6263046265
39174.1835937500,-69.6263046265
39264.4804687500,-69.6263046265
39354.9882812500,-69.6353912354
39445.7460937500,-69.6544570923
39536.6718750000,-69.7003784180
39627.8085937500,-69.7747497559
39719.1523437500,-69.8467407227
39810.7070312500,-69.8943405151
39902.4765625000,-69.9456481934
39994.4960937500,-70.0021820068
40086.6875000000,-70.0620422363
40179.0898437500,-70.1206130981
40271.7070312500,-70.1727523804
40364.5351562500,-70.2148284912
40457.5781250000,-70.2459106445
40550.8359375000,-70.2681350708
40644.3515625000,-70.2977676392
40738.0390625000,-70.3420791626
40831.9453125000,-70.3894729614
40926.0664062500,-70.4472961426
41020.4023437500,-70.5048751831
41114.9570312500,-70.5454177856
41209.7304687500,-70.5480270386
41304.7656250000,-70.5493850708
41399.9765625000,-70.5567016602
41495.4062500000,-70.5647888184
41591.0585937500,-70.5725936890
41686.9257812500,-70.5750656128
41783.0195312500,-70.5768737793
41879.3789062500,-70.6025848389
41975.9140625000,-70.6285400391
42072.6679687500,-70.6495132446
42169.6484375000,-70.6683425903
42266.8554687500,-70.6849899292
42364.2812500000,-70.7041397095
42461.9335937500,-70.7324447632
42559.8593750000,-70.7682952881
42657.9648437500,-70.8097534180
42756.2929687500,-70.8571472168
42854.8476562500,-70.9442825317
42953.6328125000,-71.0387115479
43052.6445312500,-71.0440597534
43151.9296875000,-71.0457687378
43251.3984375000,-71.0709457397
43351.0976562500,-71.1028366089
43451.0234375000,-71.1063385010
43551.1796875000,-71.1416473389
43651.5703125000,-71.1514358521
43752.1914062500,-71.1594390869
43853.0898437500,-71.1701049805
43954.1757812500,-71.2879562378
44055.4921875000,-71.4280395508
44157.0429687500,-71.4973602295
44258.8281250000,-71.5493850708
44360.8476562500,-71.5912094116
44463.1015625000,-71.6456985474
44565.6406250000,-71.6972503662
44668.3671875000,-71.7340316772
44771.3320312500,-71.7676315308
44874.5351562500,-71.7746124268
44977.9726562500,-71.7748031616
45081.6484375000,-71.7756271362
45185.6171875000,-71.7770843506
45289.7734375000,-71.7785720825
45394.1679687500,-71.7786178589
45498.8046875000,-71.7842178345
45603.6835937500,-71.7891387939
45708.8046875000,-71.7906188965
45814.1640625000,-71.7914276123
45919.8203125000,-71.7949523926
46025.6679687500,-71.7999191284
46131.7617187500,-71.8021163940
46238.0976562500,-71.8048553467
46344.6796875000,-71.8168258667
46451.5078125000,-71.8235549927
46558.6328125000,-71.8261871338
46665.9531250000,-71.8455810547
46773.5234375000,-71.8602676392
46881.3398437500,-71.8666229248
46989.4023437500,-71.8930587769
47097.7187500000,-71.9015121460
47206.2812500000,-71.9043960571
47315.1484375000,-71.9043960571
47424.2109375000,-71.9043960571
47533.5273437500,-71.9474182129
47643.0976562500,-71.9777526855
47752.9179687500,-72.0080184937
47862.9921875000,-72.0489807129
47973.3710937500,-72.0812072754
48083.9531250000,-72.0983505249
48194.7890625000,-72.1343841553
48305.8828125000,-72.1953811646
48417.2304687500,-72.2525024414
48528.8359375000,-72.3410339355
48640.6992187500,-72.4167633057
48752.8710937500,-72.4604949951
48865.2500000000,-72.5356674194
48977.8867187500,-72.6260147095
49090.7851562500,-72.6550064087
49203.9453125000,-72.6680831909
49317.3632812500,-72.6875839233
49431.0429687500,-72.6969375610
49545.0390625000,-72.7314682007
49659.2421875000,-72.7620239258
49773.7109375000,-72.7857360840
49888.4453125000,-72.8057861328
50003.4414062500,-72.8156890869
50118.7031250000,-72.8404235840
50234.2851562500,-72.8414306641
50350.0781250000,-72.8570404053
50466.1367187500,-72.8812866211
50582.4648437500,-72.8901062012
50699.0625000000,-72.9048233032
50815.9257812500,-72.9049758911
50933.0625000000,-72.9308700562
51050.5234375000,-72.9471282959
51168.1953125000,-72.9487304688
51286.1445312500,-72.9504623413
51404.3593750000,-72.9658584595
51522.8515625000,-72.9660644531
51641.6171875000,-72.9989471436
51760.7109375000,-73.0828857422
51880.0234375000,-73.1615524292
51999.6093750000,-73.2175979614
52119.4726562500,-73.2537918091
52239.6093750000,-73.2675247192
52360.0273437500,-73.2830047607
52480.7187500000,-73.3089904785
52601.7500000000,-73.3774871826
52723.0000000000,-73.4938354492
52844.5312500000,-73.6478271484
52966.3398437500,-73.7073287964
53088.4335937500,-73.7191848755
53210.8046875000,-73.7372741699
53333.5195312500,-73.7538757324
53456.4570312500,-73.7896881104
53579.6757812500,-73.7920608521
53703.1835937500,-73.7932739258
53826.9726562500,-73.8085098267
53951.0468750000,-73.8085556030
54075.4062500000,-73.8090667725
54200.1132812500,-73.8350296021
54325.0507812500,-73.8544616699
54450.2734375000,-73.8589859009
54575.7851562500,-73.8926467896
54701.5859375000,-73.8988418579
54827.6757812500,-73.9027862549
54954.0585937500,-73.9758377075
55080.7929687500,-74.0612869263
55207.7578125000,-74.1467437744
55335.0156250000,-74.2486648560
55462.5664062500,-74.2505798340
55590.4101562500,-74.2570648193
55718.5507812500,-74.2685546875
55847.0468750000,-74.2755661011
55975.7773437500,-74.3004455566
56104.8085937500,-74.3436660767
56234.1328125000,-74.3470230103
56363.7578125000,-74.3838119507
56493.6796875000,-74.3931503296
56623.9023437500,-74.4030380249
56754.4843750000,-74.4250946045
56885.3085937500,-74.4358520508
57016.4335937500,-74.4611129761
57147.8593750000,-74.4742279053
57279.5898437500,-74.5001144409
57411.6210937500,-74.5082168579
57544.0234375000,-74.5309295654
57676.6679687500,-74.5406341553
57809.6171875000,-74.5560760498
57942.8710937500,-74.5596237183
58076.4335937500,-74.5689620972
58210.3046875000,-74.6586380005
58344.4843750000,-74.7212066650
58479.0351562500,-74.7586135864
58613.8320312500,-74.7784042358
58748.9414062500,-74.8082962036
58884.3632812500,-74.8085937500
59020.0937500000,-74.8248062134
59156.1406250000,-74.8377304077
59292.5000000000,-74.8532409668
59429.2382812500,-74.8707199097
59566.2265625000,-74.8709640503
59703.5312500000,-74.8735351563
59841.1523437500,-74.8781204224
59979.0898437500,-74.9229431152
60117.3476562500,-74.9463272095
60255.9882812500,-74.9590682983
60394.8828125000,-74.9835815430
60534.0976562500,-74.9892501831
60673.6328125000,-74.9946594238
60813.4882812500,-75.1486282349
60953.6679687500,-75.2603073120
61094.1718750000,-75.3358535767
61235.0625000000,-75.3572769165
61376.2148437500,-75.3591156006
61517.6914062500,-75.3962326050
61659.4960937500,-75.4217453003
61801.6250000000,-75.4537887573
61944.0820312500,-75.4817352295
62086.9335937500,-75.4852828979
62230.0507812500,-75.4898147583
62373.4960937500,-75.5754089355
62517.2695312500,-75.6963195801
62661.3750000000,-75.7106704712
62805.8164062500,-75.7216033936
62950.5859375000,-75.7287292480
63095.7617187500,-75.8104782104
63241.2031250000,-75.8222274780
63386.9765625000,-75.8414840698
63533.0898437500,-75.9059600830
63679.5390625000,-75.9080657959
63826.3242187500,-75.9119033813
63973.5195312500,-75.9363174438
64120.9804687500,-75.9462051392
64268.7851562500,-75.9499206543
64416.9296875000,-75.9583129883
64565.4140625000,-76.0081329346
64714.2421875000,-76.0346298218
64863.4140625000,-76.0567398071
65013.0000000000,-76.0774993896
65162.8593750000,-76.1044082642
65313.0625000000,-76.1295089722
65463.6132812500,-76.1693801880
65614.5156250000,-76.2001724243
65765.7578125000,-76.2185821533
65917.3515625000,-76.2457885742
66069.3671875000,-76.2566604614
66221.6640625000,-76.2747344971
66374.3125000000,-76.2797393799
66527.3125000000,-76.2995452881
66680.6562500000,-76.3565979004
66834.3593750000,-76.4063339233
66988.4921875000,-76.4163742065
67142.9062500000,-76.4557418823
67297.6796875000,-76.5192260742
67452.8046875000,-76.5226898193
67608.2890625000,-76.5443801880
67764.1250000000,-76.5900115967
67920.3281250000,-76.6368255615
68076.9609375000,-76.6793899536
68233.8906250000,-76.6897201538
68391.1718750000,-76.7574081421
68548.8203125000,-76.7908325195
68706.8281250000,-76.8697967529
68865.2031250000,-76.8879470825
69024.0156250000,-76.8935089111
69183.1250000000,-76.8995971680
69342.5937500000,-76.9216842651
69502.4296875000,-76.9315109253
69662.6406250000,-76.9520263672
69823.2187500000,-76.9786911011
69984.1640625000,-76.9915390015
70145.5625000000,-76.9991912842
70307.2500000000,-77.0441055298
70469.3125000000,-77.0618438721
70631.7500000000,-77.0819854736
70794.5625000000,-77.1156387329
70957.7500000000,-77.1391677856
71121.3906250000,-77.1493072510
71285.3281250000,-77.1587295532
71449.6484375000,-77.1931076050
71614.3437500000,-77.1966476440
71779.4218750000,-77.2097091675
71944.8750000000,-77.2130203247
72110.7187500000,-77.2611541748
72277.0156250000,-77.2811279297
72443.6171875000,-77.3166809082
72610.6093750000,-77.3311309814
72777.9765625000,-77.3531494141
72945.7343750000,-77.4398803711
73113.8828125000,-77.4399414063
73282.4140625000,-77.4450683594
73451.4140625000,-77.5248336792
73620.7265625000,-77.5276184082
73790.4296875000,-77.5694885254
73960.5234375000,-77.5897293091
74131.0078125000,-77.6248626709
74301.8828125000,-77.6401062012
74473.2343750000,-77.6538085938
74644.8984375000,-77.6747283936
74816.9609375000,-77.6801147461
74989.4218750000,-77.6896438599
75162.2734375000,-77.6916885376
75335.5312500000,-77.6989898682
75509.1875000000,-77.7162017822
75683.3203125000,-77.7360305786
75857.7812500000,-77.7688446045
76032.6328125000,-77.7753601074
76207.8984375000,-77.7921524048
76383.5625000000,-77.9196014404
76559.6328125000,-77.9406967163
76736.1875000000,-77.9853820801
76913.0703125000,-78.0124664307
77090.3593750000,-78.0780258179
77268.0625000000,-78.0933685303
77446.1718750000,-78.1154785156
77624.6875000000,-78.1463394165
77803.6171875000,-78.1750717163
77983.0468750000,-78.2090759277
78162.8046875000,-78.2094802856
78342.9765625000,-78.3164749146
78523.5625000000,-78.4094848633
78704.5625000000,-78.4226913452
78885.9843750000,-78.4487838745
79067.8203125000,-78.4555816650
79250.1640625000,-78.4750671387
79432.8437500000,-78.4977188110
79615.9375000000,-78.5005950928
79799.4609375000,-78.5073394775
79983.4062500000,-78.5213851929
80167.7734375000,-78.5334548950
80352.6484375000,-78.5439834595
80537.8671875000,-78.5493316650
80723.5156250000,-78.5646820068
80909.5859375000,-78.6009063721
81096.0937500000,-78.6219940186
81283.0234375000,-78.6581726074
81470.3828125000,-78.7072372437
81658.2734375000,-78.7212753296
81846.5000000000,-78.7377395630
82035.1640625000,-78.7722396851
82224.2578125000,-78.8078689575
82413.7890625000,-78.8150329590
82603.7578125000,-78.8550720215
82794.2578125000,-78.8916244507
82985.1015625000,-78.8993301392
83176.3906250000,-78.9151840210
83368.1171875000,-78.9767150879
83560.2890625000,-78.9850082397
83752.8984375000,-78.9874725342
83945.9609375000,-78.9996795654
84139.5546875000,-79.0198974609
84333.5000000000,-79.0374298096
84527.8906250000,-79.0415725708
84722.7343750000,-79.0960693359
84918.0312500000,-79.1058349609
85113.7734375000,-79.1136856079
85310.0546875000,-79.1439132690
85506.7031250000,-79.1567382813
85703.8046875000,-79.1633987427
85901.3515625000,-79.3921966553
86099.3671875000,-79.5481719971
86297.8281250000,-79.5661010742
86496.7500000000,-79.5755691528
86696.2265625000,-79.5771560669
86896.0703125000,-79.6051254272
87096.3671875000,-79.6254196167
87297.1328125000,-79.6433105469
87498.3593750000,-79.6531524658
87700.0468750000,-79.6577453613
87902.2031250000,-79.6582183838
88104.9218750000,-79.6803741455
88308.0078125000,-79.6885681152
88511.5703125000,-79.6986312866
88715.5937500000,-79.7137603760
88920.0859375000,-79.7179183960
89125.0546875000,-79.7215881348
89330.5937500000,-79.7349014282
89536.5078125000,-79.7454452515
89742.8906250000,-79.7484970093
89949.7578125000,-79.7731628418
90157.1015625000,-79.7732620239
90364.9140625000,-79.9017715454
90573.2109375000,-79.9129486084
90782.0937500000,-79.9341583252
90991.3515625000,-80.0907211304
91201.0937500000,-80.1735763550
91411.3203125000,-80.2172851563
91622.0234375000,-80.2174301147
91833.2187500000,-80.2212295532
92045.0078125000,-80.2393341064
92257.1718750000,-80.2546844482
92469.8359375000,-80.2626419067
92682.9843750000,-80.2636642456
92896.6250000000,-80.2678756714
93110.7578125000,-80.2956695557
93325.3828125000,-80.3137969971
93540.6093750000,-80.3328247070
93756.2265625000,-80.3452377319
93972.3437500000,-80.3638381958
94188.9531250000,-80.3713607788
94406.0703125000,-80.3833160400
94623.6796875000,-80.3993682861
94841.8984375000,-80.4354171753
95060.5156250000,-80.5006256104
95279.6328125000,-80.6026077271
95499.2656250000,-80.6488647461
95719.3984375000,-80.6890869141
95940.0390625000,-80.7638626099
96161.1875000000,-80.7945709229
96382.9453125000,-80.8051223755
96605.1171875000,-80.8367843628
96827.7968750000,-80.8475494385
97050.9921875000,-80.8555679321
97274.7031250000,-80.8734207153
97498.9296875000,-80.9016952515
97723.6718750000,-80.9924621582
97949.0390625000,-81.0243225098
98174.8203125000,-81.0574951172
98401.1171875000,-81.0675125122
98627.9375000000,-81.0721740723
98855.2812500000,-81.1125411987
99083.1484375000,-81.1405639648
99311.6562500000,-81.1719665527
99540.5781250000,-81.1787567139
99770.0234375000,-81.2305068970
100000.0000000000,-81.2674636841
100230.5078125000,-81.3392257690
100461.5468750000,-81.4025650024
100693.1171875000,-81.4278411865
100925.3359375000,-81.4309768677
101157.9687500000,-81.4397888184
101391.1484375000,-81.4452896118
101624.8593750000,-81.4484252930
101859.1171875000,-81.4631958008
102093.9062500000,-81.4664688110
102329.3515625000,-81.4721374512
102565.2265625000,-81.4751281738
102801.6484375000,-81.5039978027
103038.6171875000,-81.5465698242
103276.1250000000,-81.5883941650
103514.1875000000,-81.6256332397
103752.7890625000,-81.6574401855
103992.0625000000,-81.6866760254
104231.7734375000,-81.7178115845
104472.0312500000,-81.7545852661
104712.8515625000,-81.7984695435
104954.2187500000,-81.8480377197
105196.1484375000,-81.8994674683
105438.6328125000,-81.9479293823
105681.7890625000,-81.9892425537
105925.3984375000,-82.0208969116
106169.5625000000,-82.0423202515
106414.2890625000,-82.0525360107
106659.5859375000,-82.0540466309
106905.4375000000,-82.0543594360
107151.9843750000,-82.0574951172
107398.9765625000,-82.0577926636
107646.5390625000,-82.0586547852
107894.6718750000,-82.0742111206
108143.3750000000,-82.1045074463
108392.6562500000,-82.1488037109
108642.5078125000,-82.2046127319
108893.0546875000,-82.2674179077
109144.0625000000,-82.3316345215
109395.6484375000,-82.3918304443
109647.8125000000,-82.4436798096
109900.5546875000,-82.4849166870
110153.8828125000,-82.5159149170
110407.9218750000,-82.5394515991
110662.4140625000,-82.5566711426
110917.5000000000,-82.5763549805
111173.1718750000,-82.5974273682
111429.4375000000,-82.6193237305
111686.2890625000,-82.6400375366
111943.7343750000,-82.6576766968
112201.8984375000,-82.6716537476
112460.5312500000,-82.6827545166
112719.7578125000,-82.6921310425
112979.5859375000,-82.7001876831
113240.0078125000,-82.7061996460
113501.0390625000,-82.7071914673
113762.7890625000,-82.7074966431
114025.0234375000,-82.7088241577
114287.8593750000,-82.7090988159
114551.2968750000,-82.7129135132
114815.3437500000,-82.7246093750
115080.0078125000,-82.7495956421
115345.2734375000,-82.7731170654
115611.2812500000,-82.7843551636
115877.7734375000,-82.7940063477
116144.8750000000,-82.8063278198
116412.6015625000,-82.8257980347
116680.9375000000,-82.8554382324
116949.8984375000,-82.8962860107
117219.4765625000,-82.9480133057
117489.8046875000,-83.0098800659
117760.6250000000,-83.0811920166
118032.0703125000,-83.1607971191
118304.1406250000,-83.2462387085
118576.8437500000,-83.3330383301
118850.1718750000,-83.4148941040
119124.2578125000,-83.4847030640
119398.8515625000,-83.5514373779
119674.0703125000,-83.5581970215
119949.9296875000,-83.5632934570
120226.4218750000,-83.5641555786
120503.5546875000,-83.5726013184
120781.3203125000,-83.5767135620
121059.8671875000,-83.5837249756
121338.9140625000,-83.6153106689
121618.6093750000,-83.6547470093
121898.9531250000,-83.6973953247
122179.9375000000,-83.7394866943
122461.5703125000,-83.7955703735
122743.9843750000,-83.8410263062
123026.9218750000,-83.8629760742
123310.5078125000,-83.8791198730
123594.7421875000,-83.8911514282
123879.6406250000,-83.9015045166
124165.1953125000,-83.9125976563
124451.3984375000,-83.9258956909
124738.4062500000,-83.9488220215
125025.9375000000,-83.9506835938
125314.1328125000,-83.9555206299
125602.9921875000,-83.9617996216
125892.5156250000,-83.9645690918
126182.7031250000,-83.9684524536
126473.7031250000,-83.9722442627
126765.2343750000,-83.9741134644
127057.4375000000,-83.9922256470
127350.3125000000,-84.0200881958
127643.8671875000,-84.0478515625
127938.0937500000,-84.0724182129
128233.0000000000,-84.0939254761
128528.7265625000,-84.1159515381
128824.9921875000,-84.1639251709
129121.9453125000,-84.2372741699
129419.5781250000,-84.3021850586
129717.8984375000,-84.3716125488
130016.9140625000,-84.4364089966
130316.6093750000,-84.5082092285
130617.1406250000,-84.5554428101
130918.2265625000,-84.5816040039
131220.0000000000,-84.6143722534
131522.4687500000,-84.6583251953
131825.6406250000,-84.6710052490
132129.5000000000,-84.6806411743
132434.2187500000,-84.7096557617
132739.4843750000,-84.7119369507
133045.4687500000,-84.7178878784
133352.1406250000,-84.7787475586
133659.5312500000,-84.7915115356
133967.6250000000,-84.8081207275
134276.4218750000,-84.8216857910
134586.0937500000,-84.8434906006
134896.3281250000,-84.8456802368
135207.2656250000,-84.9040832520
135518.9375000000,-84.9557647705
135831.3125000000,-84.9937210083
136144.4062500000,-85.0205230713
136458.3906250000,-85.0520248413
136772.9375000000,-85.0871276855
137088.2031250000,-85.1166458130
137404.2031250000,-85.1493911743
137720.9218750000,-85.1595764160
138038.3906250000,-85.1602630615
138356.5781250000,-85.1730880737
138675.6406250000,-85.1831817627
138995.2968750000,-85.1943969727
139315.7031250000,-85.2124633789
139636.8281250000,-85.2168045044
139958.7031250000,-85.2224807739
140281.3125000000,-85.2238464355
140604.6718750000,-85.2739562988
140928.9375000000,-85.3142852783
141253.7812500000,-85.3707275391
141579.3906250000,-85.4203338623
141905.7343750000,-85.4476852417
142232.8437500000,-85.4707794189
142560.7031250000,-85.5013961792
142889.4687500000,-85.5364685059
143218.8281250000,-85.5687179565
143548.9687500000,-85.6337509155
143879.8593750000,-85.7098999023
144211.5156250000,-85.7611236572
144543.9218750000,-85.8279037476
144877.1093750000,-85.8812637329
145211.2187500000,-85.9088287354
145545.9375000000,-85.9329757690
145881.4375000000,-85.9681396484
146217.7031250000,-86.0044326782
146554.7500000000,-86.0265579224
146892.5625000000,-86.0283660889
147231.3281250000,-86.0328216553
147570.7031250000,-86.0379486084
147910.8593750000,-86.0458755493
148251.8125000000,-86.0461120605
148593.5468750000,-86.0464630127
148936.0625000000,-86.0743026733
149279.3750000000,-86.1058959961
149623.6250000000,-86.1417007446
149968.5312500000,-86.1831130981
150314.2187500000,-86.2151107788
150660.7031250000,-86.2714538574
151007.9843750000,-86.3385467529
151356.0625000000,-86.3901596069
151705.1250000000,-86.4686126709
152054.8125000000,-86.4787521362
152405.3125000000,-86.4845352173
152756.6093750000,-86.5038375854
153108.7187500000,-86.5195159912
153461.6562500000,-86.5332336426
153815.3906250000,-86.5525512695
154170.1093750000,-86.5563125610
154525.4843750000,-86.5784454346
154881.6875000000,-86.6689605713
155238.7031250000,-86.7422866821
155596.5312500000,-86.7841033936
155955.1875000000,-86.7882614136
156314.6875000000,-86.7907714844
156675.1718750000,-86.7918472290
157036.3125000000,-86.7932281494
157398.2968750000,-86.7938613892
157761.1093750000,-86.8073883057
158124.7656250000,-86.8123016357
158489.2500000000,-86.8258514404
158854.7500000000,-86.8328704834
159220.9218750000,-86.8346633911
159587.9375000000,-86.8407440186
159955.7968750000,-86.8880844116
160324.5156250000,-86.9369201660
160694.0625000000,-86.9655914307
161064.4843750000,-86.9689788818
161435.9218750000,-86.9700241089
161808.0468750000,-86.9745788574
162181.0312500000,-87.0024948120
162554.8593750000,-87.0480041504
162929.5625000000,-87.1030349731
163305.1250000000,-87.1569595337
163681.7343750000,-87.2071456909
164059.0312500000,-87.2568054199
164437.2031250000,-87.3076477051
164816.2343750000,-87.3579177856
165196.1562500000,-87.4007186890
165576.9375000000,-87.4250793457
165958.6093750000,-87.4305114746
166341.3437500000,-87.4312515259
166724.7656250000,-87.4381103516
167109.0781250000,-87.4383926392
167494.2812500000,-87.4870376587
167880.3593750000,-87.5558319092
168267.3437500000,-87.6232757568
168655.3906250000,-87.6732635498
169044.1562500000,-87.6935729980
169433.8125000000,-87.7030487061
169824.3750000000,-87.7031173706
170215.8281250000,-87.7316818237
170608.1875000000,-87.7419738770
171001.4531250000,-87.7799835205
171395.8125000000,-87.7841949463
171790.8906250000,-87.7867355347
172186.8750000000,-87.8127441406
172583.7812500000,-87.8210296631
172981.6093750000,-87.9031066895
173380.3437500000,-88.0171966553
173779.9843750000,-88.0986862183
174180.7500000000,-88.1033477783
174582.2500000000,-88.1060791016
174984.6875000000,-88.1097717285
175388.0312500000,-88.1162033081
175792.3125000000,-88.1589813232
176197.5312500000,-88.2198333740
176603.8750000000,-88.2784118652
177010.9531250000,-88.2900161743
177418.9843750000,-88.2952117920
177827.9375000000,-88.2959976196
178237.8437500000,-88.3294906616
178648.7031250000,-88.3386306763
179060.5000000000,-88.3522109985
179473.4375000000,-88.3661422729
179887.1406250000,-88.3876571655
180301.7968750000,-88.3907852173
180717.4062500000,-88.3909988403
181133.9687500000,-88.4384918213
181551.5000000000,-88.4503707886
181970.1875000000,-88.4582290649
182389.6406250000,-88.4990386963
182810.0625000000,-88.5564346313
183231.4531250000,-88.6191101074
183653.8125000000,-88.6691665649
184077.1406250000,-88.7031478882
184501.4531250000,-88.7559814453
184926.9531250000,-88.8162384033
185353.2187500000,-88.8874893188
185780.4687500000,-88.9257583618
186208.7031250000,-88.9268951416
186637.9375000000,-88.9278106689
187068.1406250000,-88.9337310791
187499.3437500000,-88.9396057129
187931.7500000000,-88.9511260986
188364.9531250000,-88.9567642212
188799.1406250000,-88.9681015015
189234.3437500000,-88.9740295410
189670.5312500000,-89.0419845581
190107.7500000000,-89.0618133545
190546.1562500000,-89.0731430054
190985.3906250000,-89.0964736938
191425.6250000000,-89.0973510742
191866.8750000000,-89.1213226318
192309.1406250000,-89.1384506226
192752.4218750000,-89.1428604126
193196.7343750000,-89.1510238647
193642.2812500000,-89.1711044312
194088.6406250000,-89.1946105957
194536.0312500000,-89.2415618896
194984.4375000000,-89.2933654785
195433.8906250000,-89.3538513184
195884.3906250000,-89.4039916992
196336.1250000000,-89.4403839111
196788.7031250000,-89.4759140015
197242.3125000000,-89.5155105591
197696.9687500000,-89.5423965454
198152.6718750000,-89.5663833618
198609.4218750000,-89.5882568359
199067.2343750000,-89.6093521118
199526.3125000000,-89.6269912720
199986.2343750000,-89.6416931152
200447.2187500000,-89.6748123169
200909.2656250000,-89.7127532959
201372.3750000000,-89.7580490112
201836.5625000000,-89.8325195313
202302.0312500000,-89.9364929199
202768.3437500000,-89.9933776855
203235.7343750000,-90.0180358887
203704.2187500000,-90.0341720581
204173.7656250000,-90.0390472412
204644.4062500000,-90.0551300049
205116.1250000000,-90.0568008423
205589.1562500000,-90.0678176880
206063.0468750000,-90.0917816162
206538.0468750000,-90.1159439087
207014.1250000000,-90.1208801270
207491.3125000000,-90.1323165894
207969.5937500000,-90.1326065063
208448.9843750000,-90.1368637085
208929.7031250000,-90.1674270630
209411.2968750000,-90.1685333252
209894.0000000000,-90.1960754395
210377.8281250000,-90.2504577637
210862.7500000000,-90.2702560425
211348.8125000000,-90.2808227539
211836.2187500000,-90.3008193970
212324.5156250000,-90.3286361694
212813.9375000000,-90.3515853882
213304.4843750000,-90.3553543091
213796.1718750000,-90.3749389648
214288.9843750000,-90.4377288818
214782.9375000000,-90.5347595215
215278.2656250000,-90.6371307373
215774.5000000000,-90.7185974121
216271.8750000000,-90.7668914795
216770.3906250000,-90.7867355347
217270.0625000000,-90.7948150635
217770.8906250000,-90.8061752319
218273.1093750000,-90.8269500732
218776.2343750000,-90.8578720093
219280.5312500000,-90.8930358887
219785.9843750000,-90.9251022339
220292.6093750000,-90.9548645020
220800.4062500000,-90.9802551270
221309.3593750000,-90.9954986572
221819.7343750000,-91.0140914917
222331.0468750000,-91.0575637817
222843.5468750000,-91.1167907715
223357.2031250000,-91.1590728760
223872.0625000000,-91.1744155884
224388.1093750000,-91.1839218140
224905.5781250000,-91.2034988403
225424.0000000000,-91.2274093628
225943.6250000000,-91.2440948486
226464.4375000000,-91.2515411377
226986.4531250000,-91.2609024048
227509.6718750000,-91.2875900269
228034.1093750000,-91.3350067139
228559.9843750000,-91.3887176514
229086.8281250000,-91.4087677002
229614.8906250000,-91.4250488281
230144.1718750000,-91.4282836914
230674.6718750000,-91.4307937622
231206.3906250000,-91.5133285522
231739.3437500000,-91.6323394775
232273.7812500000,-91.7128524780
232809.1875000000,-91.7217254639
233345.8281250000,-91.7232971191
233883.7031250000,-91.7339019775
234422.8125000000,-91.7480010986
234963.1875000000,-91.7555694580
235505.0468750000,-91.7572402954
236047.9062500000,-91.7770919800
236592.0156250000,-91.7773513794
237137.3750000000,-91.8235855103
237683.9843750000,-91.8251800537
238231.8750000000,-91.8472595215
238781.0156250000,-91.8871765137
239331.6718750000,-91.9192657471
239883.3593750000,-91.9353866577
240436.2968750000,-91.9781188965
240990.5312500000,-91.9816436768
241546.0312500000,-91.9937438965
242102.8125000000,-92.0087890625
242661.1406250000,-92.0571594238
243220.4843750000,-92.0954360962
243781.1250000000,-92.1089324951
244343.0625000000,-92.1693649292
244906.2968750000,-92.1698226929
245470.8125000000,-92.2698593140
246036.6406250000,-92.2980194092
246604.0468750000,-92.3047790527
247172.4843750000,-92.3465194702
247742.2343750000,-92.4218292236
248313.2968750000,-92.4418640137
248885.6718750000,-92.4498672485
249459.3750000000,-92.4561462402
250034.4062500000,-92.4624023438
250611.0156250000,-92.4656677246
251188.7031250000,-92.5096588135
251767.7031250000,-92.5489044189
252348.0468750000,-92.5720596313
252929.7343750000,-92.6019973755
253512.7500000000,-92.6051788330
254097.3906250000,-92.6415863037
254683.1093750000,-92.6667556763
255270.1718750000,-92.7703323364
255858.5781250000,-92.7767181396
256448.3593750000,-92.7840118408
257039.4843750000,-92.8257217407
257631.9843750000,-92.8722534180
258226.1250000000,-92.9680786133
258821.3593750000,-93.0007705688
259417.9531250000,-93.0028305054
260015.9375000000,-93.0468292236
260615.2812500000,-93.0561447144
261216.0312500000,-93.0614700317
261818.4375000000,-93.0764465332
262421.9375000000,-93.0779800415
263026.8437500000,-93.0902938843
263633.1562500000,-93.0923843384
264240.8437500000,-93.1051254272
264849.9375000000,-93.1353149414
265460.4375000000,-93.1405563354
266072.6250000000,-93.1997756958
266685.9375000000,-93.3015594482
267300.6562500000,-93.3325729370
267916.8125000000,-93.3736190796
268534.3750000000,-93.4071960449
269153.3750000000,-93.4351806641
269774.0937500000,-93.4433593750
270395.9375000000,-93.4437103271
271019.2187500000,-93.4446105957
271643.9375000000,-93.4490432739
272270.0937500000,-93.4690628052
272897.6875000000,-93.4880294800
273526.7500000000,-93.5104904175
274157.5312500000,-93.5479965210
274789.5000000000,-93.5787429810
275422.9062500000,-93.6146926880
276057.7812500000,-93.6247711182
276694.0937500000,-93.6785736084
277331.9062500000,-93.6839447021
277971.1875000000,-93.6851272583
278612.2187500000,-93.7004165649
279254.4375000000,-93.7581481934
279898.1562500000,-93.8449401855
280543.3437500000,-93.9049530029
281190.0000000000,-93.9660110474
281838.1562500000,-94.0453338623
282488.1250000000,-94.0742263794
283139.2812500000,-94.0936279297
283791.9375000000,-94.1077423096
284446.0937500000,-94.1113586426
285101.7812500000,-94.1128311157
285758.9687500000,-94.1188812256
286417.6562500000,-94.1241073608
287078.1875000000,-94.1774826050
287739.9062500000,-94.2011795044
288403.1875000000,-94.2376785278
289067.9687500000,-94.2859725952
289734.2812500000,-94.3305053711
290402.1562500000,-94.3397445679
291071.8750000000,-94.3895416260
291742.8125000000,-94.3908615112
292415.2812500000,-94.3957748413
293089.3437500000,-94.4139099121
293764.9062500000,-94.4313278198
294442.0625000000,-94.4321594238
295120.7812500000,-94.4585418701
295801.3750000000,-94.4806213379
296483.2187500000,-94.4964523315
297166.6250000000,-94.5061645508
297851.6250000000,-94.5382308960
298538.1875000000,-94.5419311523
299226.3437500000,-94.5607681274
299916.4062500000,-94.6144409180
300607.7500000000,-94.8148422241
301300.6562500000,-94.8609466553
301995.1875000000,-94.9084243774
302691.3125000000,-94.9496841431
303389.0312500000,-94.9508514404
304088.3750000000,-94.9525299072
304789.6562500000,-94.9589309692
305492.2187500000,-94.9628753662
306196.3750000000,-94.9756164551
306902.1875000000,-94.9823226929
307609.6250000000,-94.9886703491
308318.6875000000,-94.9953460693
309029.3750000000,-95.0048751831
309742.0625000000,-95.0131454468
310456.0312500000,-95.0134124756
311171.6562500000,-95.0243148804
311888.9375000000,-95.0251617432
312607.8437500000,-95.0262298584
313328.4375000000,-95.0437469482
314051.0312500000,-95.0574874878
314774.9375000000,-95.0704116821
315500.5000000000,-95.0875244141
316227.7812500000,-95.1143646240
316956.6875000000,-95.1552047729
317687.3125000000,-95.2116699219
318419.5937500000,-95.2820358276
319153.9375000000,-95.3614501953
319889.5937500000,-95.4427642822
320626.9687500000,-95.5182647705
321366.0312500000,-95.5810775757
322106.8125000000,-95.6266021729
322849.2812500000,-95.6458206177
323593.8125000000,-95.6464309692
324339.7187500000,-95.6527099609
325087.3750000000,-95.6533584595
325836.7187500000,-95.6592941284
326587.7812500000,-95.6608276367
327340.5937500000,-95.6632003784
328095.1250000000,-95.6869354248
328851.7812500000,-95.7289962769
329609.8125000000,-95.7815780640
330369.5937500000,-95.8374557495
331131.0937500000,-95.8875503540
331894.3750000000,-95.9235000610
332659.4375000000,-95.9429168701
333426.2187500000,-95.9465942383
334195.1562500000,-95.9478836060
334965.5000000000,-95.9493789673
335737.6250000000,-95.9649810791
336511.5312500000,-95.9980773926
337287.2187500000,-96.0489196777
338064.6875000000,-96.1145477295
338844.3125000000,-96.1904907227
339625.3750000000,-96.2718811035
340408.2500000000,-96.3535614014
341192.9062500000,-96.4297180176
341979.3750000000,-96.4940261841
342767.6562500000,-96.5409851074
343557.7812500000,-96.5481567383
344350.0625000000,-96.5498504639
345143.8125000000,-96.5599822998
345939.4062500000,-96.5654525757
346736.8125000000,-96.5678634644
347536.0625000000,-96.5710449219
348337.1562500000,-96.5761032104
349140.5000000000,-96.5900878906
349945.2812500000,-96.6228027344
350751.9375000000,-96.6605834961
351560.4375000000,-96.6995315552
352370.8125000000,-96.7360153198
353183.0625000000,-96.7678298950
353997.1562500000,-96.7947616577
354813.5312500000,-96.8181762695
355631.4062500000,-96.8398437500
356451.1562500000,-96.8608245850
357272.8125000000,-96.8809661865
358096.3437500000,-96.8993301392
358921.7812500000,-96.9150466919
359749.5312500000,-96.9339218140
360578.7812500000,-96.9510955811
361409.9375000000,-96.9631805420
362243.0000000000,-96.9756164551
363078.0000000000,-96.9872436523
363914.9375000000,-96.9973907471
364753.7812500000,-97.0071029663
365594.9687500000,-97.0195083618
366437.6875000000,-97.0386505127
367282.3437500000,-97.0675659180
368128.9687500000,-97.1297531128
368977.5312500000,-97.2018127441
369828.0312500000,-97.2477645874
370680.5312500000,-97.2870254517
371535.3750000000,-97.3181610107
372391.7812500000,-97.3421478271
373250.1875000000,-97.3617172241
374110.5625000000,-97.3803863525
374972.9062500000,-97.4140930176
375837.2500000000,-97.4568252563
376703.9687500000,-97.4898452759
377572.3125000000,-97.5233001709
378442.6562500000,-97.5547180176
379314.9687500000,-97.5826416016
380189.3437500000,-97.6066665649
381065.6875000000,-97.6350402832
381944.0625000000,-97.6549835205
382824.9062500000,-97.6617660522
383707.3437500000,-97.6639404297
384591.8125000000,-97.6640625000
385478.3125000000,-97.6647720337
386366.8750000000,-97.6770019531
387257.5000000000,-97.7063674927
388150.5625000000,-97.7380371094
389045.2812500000,-97.7765350342
389942.0625000000,-97.8184432983
390840.9062500000,-97.8601150513
391741.8125000000,-97.9168395996
392644.8125000000,-97.9689941406
393549.8750000000,-98.0040740967
394457.4687500000,-98.0410232544
395366.7187500000,-98.0784301758
396278.0937500000,-98.1267547607
397191.5312500000,-98.1600646973
398107.0937500000,-98.1715774536
399024.7500000000,-98.1777496338
399944.9687500000,-98.1817016602
400866.8750000000,-98.1894302368
401790.9062500000,-98.2029190063
402717.0625000000,-98.2170104980
403645.3437500000,-98.2348403931
404575.7812500000,-98.2555007935
405508.3437500000,-98.2887039185
406443.5312500000,-98.3209228516
407380.4062500000,-98.3403625488
408319.4375000000,-98.3581237793
409260.6562500000,-98.3835067749
410204.0312500000,-98.4121093750
411149.5625000000,-98.4371948242
412097.3125000000,-98.4691314697
413047.6562500000,-98.5301437378
413999.7812500000,-98.5981445313
414954.0625000000,-98.6413726807
415910.5625000000,-98.6783065796
416869.2812500000,-98.7171936035
417830.1875000000,-98.7414245605
418793.7812500000,-98.7509460449
419759.1250000000,-98.7515792847
420726.6875000000,-98.7549438477
421696.5000000000,-98.7549591064
422668.5312500000,-98.7573928833
423642.8125000000,-98.7591476440
424619.3437500000,-98.7613372803
425598.5937500000,-98.7710494995
426579.6250000000,-98.7907867432
427562.9375000000,-98.8320846558
428548.5000000000,-98.8830718994
429536.3125000000,-98.9217529297
430526.4375000000,-98.9623184204
431519.3125000000,-99.0237655640
432514.0000000000,-99.0836029053
433510.9687500000,-99.1207809448
434510.2500000000,-99.1679382324
435511.8125000000,-99.2026443481
436515.6875000000,-99.2170639038
437521.9062500000,-99.2313919067
438530.9062500000,-99.2448730469
439541.7500000000,-99.2554931641
440554.9062500000,-99.2732086182
441570.4375000000,-99.2928009033
442588.2812500000,-99.3098068237
443608.4687500000,-99.3505020142
444631.0312500000,-99.4025497437
445656.4062500000,-99.4039230347
446683.6875000000,-99.4137268066
447713.3125000000,-99.4514846802
448745.3437500000,-99.4725112915
449779.7187500000,-99.4734954834
450816.5000000000,-99.5086746216
451856.1562500000,-99.5762176514
452897.7187500000,-99.5800857544
453941.6875000000,-99.6139068604
454988.0625000000,-99.6528549194
456036.8437500000,-99.6749725342
457088.0312500000,-99.7178039551
458141.6562500000,-99.7183456421
459198.1875000000,-99.7250747681
460256.6875000000,-99.7928085327
461317.6250000000,-99.8645858765
462380.9687500000,-99.8676986694
463446.8125000000,-99.8708267212
464515.0937500000,-99.8854598999
465586.3437500000,-99.8864746094
466659.5312500000,-99.9069366455
467735.2187500000,-99.9077758789
468813.3750000000,-99.9334564209
469894.0312500000,-99.9681777954
470977.1875000000,-99.9751815796
472062.8125000000,-99.9815292358
473151.4687500000,-99.9900894165
474242.1250000000,-99.9903106689
475335.2812500000,-100.0002517700
476430.9687500000,-100.0013580322
477529.1562500000,-100.0040054321
478629.9062500000,-100.0261383057
479733.7187500000,-100.0363845825
480839.5312500000,-100.0452804565
481947.9062500000,-100.0515975952
483058.8125000000,-100.0753784180
484172.3125000000,-100.0779647827
485288.3437500000,-100.1092529297
486406.9687500000,-100.1809387207
487528.7187500000,-100.2448501587
488652.5000000000,-100.3016052246
489778.8750000000,-100.3714065552
490907.8437500000,-100.4781036377
492039.4375000000,-100.6074752808
493173.6250000000,-100.6859436035
494310.4375000000,-100.6937408447
495450.3750000000,-100.7132568359
496592.4375000000,-100.7188491821
497737.1250000000,-100.7284469604
498884.4375000000,-100.7582092285
500034.4062500000,-100.7691040039
501187.0000000000,-100.7792587280
502342.8437500000,-100.8081512451
503500.7812500000,-100.8508758545
504661.3750000000,-100.8590087891
505824.6562500000,-100.8686447144
506990.6250000000,-100.8694381714
508159.2812500000,-100.8745803833
509330.6250000000,-100.8796463013
510505.2187500000,-100.9001922607
511681.9687500000,-100.9425964355
512861.4375000000,-100.9785842896
514043.6250000000,-100.9971389771
515228.5312500000,-101.0085601807
516416.1562500000,-101.0206527710
517607.0937500000,-101.0463790894
518800.2187500000,-101.0814361572
519996.0937500000,-101.1183471680
521194.7187500000,-101.1511688232
522396.1250000000,-101.1824722290
523600.2812500000,-101.2323074341
524807.1875000000,-101.2410583496
526017.5000000000,-101.2464675903
527230.0000000000,-101.2655944824
528445.3125000000,-101.2712249756
529663.4375000000,-101.2754364014
530884.3125000000,-101.2896347046
532108.0625000000,-101.2923965454
533335.1875000000,-101.3131027222
534564.5625000000,-101.3549957275
535796.7500000000,-101.4252166748
537031.8125000000,-101.4910659790
538269.6875000000,-101.5496749878
539510.4375000000,-101.5626831055
540754.0625000000,-101.5722503662
542001.1250000000,-101.5773315430
543250.5000000000,-101.5817184448
544502.7500000000,-101.6057434082
545757.8750000000,-101.6560592651
547015.8750000000,-101.6853561401
548276.7500000000,-101.7070999146
549540.5625000000,-101.7347335815
550807.9375000000,-101.7537994385
552077.5625000000,-101.7663269043
553350.1250000000,-101.7843170166
554625.6875000000,-101.8200988770
555904.1250000000,-101.9016113281
557185.5000000000,-102.0500259399
558470.5000000000,-102.0556411743
559757.8125000000,-102.0607986450
561048.0625000000,-102.0963439941
562341.3125000000,-102.1315917969
563637.5625000000,-102.1809539795
564936.8125000000,-102.1828689575
566239.0000000000,-102.2061004639
567544.8750000000,-102.2474365234
568853.0625000000,-102.2533035278
570164.3125000000,-102.2617568970
571478.6250000000,-102.2718353271
572795.8750000000,-102.2801742554
574116.2500000000,-102.2858352661
575440.2500000000,-102.2941360474
576766.6875000000,-102.3213348389
578096.1875000000,-102.3824310303
579428.6875000000,-102.4785079956
580764.3125000000,-102.5093231201
582103.0625000000,-102.5333633423
583444.8125000000,-102.5415191650
584790.3750000000,-102.5702209473
586138.3125000000,-102.5709533691
587489.4375000000,-102.5813827515
588843.6250000000,-102.5940322876
590200.9375000000,-102.6088027954
591561.4375000000,-102.6213684082
592925.0000000000,-102.6230621338
594292.3750000000,-102.6394500732
595662.2500000000,-102.7189712524
597035.3125000000,-102.7629241943
598411.5000000000,-102.7717819214
599790.9375000000,-102.7841796875
601173.4375000000,-102.8068466187
602559.8750000000,-102.8274765015
603948.8125000000,-102.8357315063
605340.9375000000,-102.8552246094
606736.3125000000,-102.8713455200
608134.8750000000,-102.8969879150
609536.6875000000,-102.9048156738
610941.6875000000,-102.9197692871
612350.6250000000,-102.9781265259
613762.1250000000,-103.0792083740
615176.9375000000,-103.1758804321
616594.9375000000,-103.2337646484
618016.2500000000,-103.2628402710
619440.8125000000,-103.3014297485
620869.3750000000,-103.3102493286
622300.5000000000,-103.3210601807
623734.9375000000,-103.3383483887
625172.6875000000,-103.3677749634
626613.7500000000,-103.3712005615
628058.1250000000,-103.3729629517
629505.8750000000,-103.4048385620
630957.6250000000,-103.4182357788
632412.0000000000,-103.4242095947
633869.7500000000,-103.4318923950
635330.8750000000,-103.4453201294
636795.3750000000,-103.4587173462
638263.2500000000,-103.4798583984
639735.1875000000,-103.5100326538
641209.8125000000,-103.5531539917
642687.8750000000,-103.6155624390
644169.3125000000,-103.6937332153
645654.1250000000,-103.7797088623
647142.4375000000,-103.8746566772
648634.1250000000,-103.9626770020
650130.0000000000,-103.9643402100
651628.5625000000,-103.9670562744
653130.6250000000,-104.0025711060
654636.1250000000,-104.0166549683
656145.1250000000,-104.0194091797
657657.6250000000,-104.0341491699
659173.5625000000,-104.0615158081
660693.6875000000,-104.0659103394
662216.6250000000,-104.0803527832
663743.1250000000,-104.1175994873
665273.0625000000,-104.1216354370
666806.5625000000,-104.1303100586
668343.6250000000,-104.1369171143
669884.9375000000,-104.1428756714
671429.0625000000,-104.1454544067
672976.7500000000,-104.1614532471
674528.0000000000,-104.1639785767
676082.8750000000,-104.1837921143
677641.2500000000,-104.1970214844
679203.3125000000,-104.2029190063
680769.6250000000,-104.2062454224
682338.8750000000,-104.2491531372
683911.6875000000,-104.2494201660
685488.1875000000,-104.2581329346
687068.2500000000,-104.2756958008
688652.0000000000,-104.2902069092
690240.1875000000,-104.3023452759
691831.1875000000,-104.3069229126
693425.9375000000,-104.3082199097
695024.3125000000,-104.3091735840
696626.4375000000,-104.3163681030
698232.1875000000,-104.3412933350
699841.6875000000,-104.4286651611
701455.6250000000,-104.4572296143
703072.5000000000,-104.4794769287
704693.1250000000,-104.4806671143
706317.5000000000,-104.4821701050
707945.6250000000,-104.5611267090
709577.5000000000,-104.6535949707
711213.8750000000,-104.6828002930
712853.3125000000,-104.6955108643
714496.5000000000,-104.7351226807
716143.4375000000,-104.8003692627
717794.1875000000,-104.8768310547
719448.7500000000,-104.9534912109
721107.1250000000,-104.9788360596
722770.1250000000,-104.9790039063
724436.1875000000,-104.9796371460
726106.0625000000,-104.9802322388
727779.8125000000,-104.9897003174
729457.3750000000,-104.9897079468
731138.8125000000,-105.0053024292
732824.1250000000,-105.0060882568
734514.1875000000,-105.0062561035
736207.2500000000,-105.0787734985
737904.3125000000,-105.1347808838
739605.1875000000,-105.1376724243
741310.0625000000,-105.1537322998
743018.8125000000,-105.1672897339
744732.3750000000,-105.1794281006
746449.0000000000,-105.1931838989
748169.6250000000,-105.2957992554
749894.1875000000,-105.4492645264
751622.7500000000,-105.5454101563
753355.3125000000,-105.5482864380
755091.8750000000,-105.5525283813
756833.2500000000,-105.5651855469
758577.7500000000,-105.6193542480
760326.3750000000,-105.6679534912
762078.9375000000,-105.6693038940
763835.6250000000,-105.6998291016
765596.3125000000,-105.7066421509
767361.8750000000,-105.7076110840
769130.6875000000,-105.7407073975
770903.6250000000,-105.7462768555
772680.6250000000,-105.7815399170
774461.6875000000,-105.8443908691
776246.8750000000,-105.8675689697
778036.1875000000,-105.8720092773
779830.4375000000,-105.8818969727
781628.0000000000,-105.8823394775
783429.7500000000,-105.8894653320
785235.6250000000,-105.8908538818
787045.6250000000,-105.8945770264
788859.8125000000,-105.9074325562
790678.1875000000,-105.9569778442
792501.6250000000,-106.0055084229
794328.4375000000,-106.0136184692
796159.3750000000,-106.0136337280
797994.6250000000,-106.0241165161
799834.0000000000,-106.0305938721
801677.6875000000,-106.0348968506
803526.5000000000,-106.0435943604
805378.6875000000,-106.0485229492
807235.1250000000,-106.0532073975
809095.8750000000,-106.0547485352
810960.9375000000,-106.0585403442
812830.2500000000,-106.0907135010
814703.8750000000,-106.1117782593
816582.6875000000,-106.1269607544
818465.0000000000,-106.1402511597
820351.6250000000,-106.1482162476
822242.5625000000,-106.1681976318
824137.8750000000,-106.2168197632
826037.6250000000,-106.3374710083
827942.5625000000,-106.5162200928
829851.0625000000,-106.5243759155
831763.9375000000,-106.5583419800
833681.1875000000,-106.5816879272
835602.8750000000,-106.6030654907
837529.0000000000,-106.6119155884
839459.5625000000,-106.6156387329
841395.5000000000,-106.6220169067
843335.0000000000,-106.6854171753
845278.9375000000,-106.7592086792
847227.3750000000,-106.7619857788
849180.2500000000,-106.7662506104
851137.6875000000,-106.7823333740
853100.5625000000,-106.7848052979
855067.0000000000,-106.7917785645
857038.0000000000,-106.8630218506
859013.5625000000,-106.9475479126
860993.6250000000,-106.9562911987
862978.3125000000,-106.9732208252
864967.5000000000,-106.9841537476
866962.2500000000,-106.9909439087
868960.6875000000,-106.9909591675
870963.6875000000,-107.0031738281
872971.3125000000,-107.0397872925
874983.6250000000,-107.0451202393
877000.5000000000,-107.0846252441
879022.0625000000,-107.0948410034
881049.2500000000,-107.0967483521
883080.1250000000,-107.1043624878
885115.6875000000,-107.1059341431
887155.9375000000,-107.1222763062
889200.8750000000,-107.2292251587
891250.5625000000,-107.2541427612
893305.9375000000,-107.2749862671
895365.0625000000,-107.2911682129
897428.9375000000,-107.3872604370
899497.5625000000,-107.4443206787
901571.0000000000,-107.4457931519
903649.1875000000,-107.4659423828
905732.1250000000,-107.4743576050
907820.9375000000,-107.4763946533
909913.5000000000,-107.5184631348
912010.9375000000,-107.5699844360
914113.1875000000,-107.6090850830
916220.2500000000,-107.6116027832
918332.1875000000,-107.6361846924
920450.0625000000,-107.6738433838
922571.7500000000,-107.7050704956
924698.3750000000,-107.7396545410
926829.8125000000,-107.7499694824
928966.2500000000,-107.7695846558
931107.5625000000,-107.8065719604
933253.8750000000,-107.8461303711
935406.0625000000,-107.8477478027
937562.2500000000,-107.8528137207
939723.4375000000,-107.9180450439
941889.5625000000,-107.9198379517
944060.6875000000,-107.9982452393
946236.8125000000,-108.0277938843
948419.0000000000,-108.0317916870
950605.1250000000,-108.0931091309
952796.3750000000,-108.1169586182
954992.6250000000,-108.1283187866
957193.9375000000,-108.1323547363
959400.3750000000,-108.1337814331
961611.8125000000,-108.1387023926
963829.5000000000,-108.1412200928
966051.1875000000,-108.1639328003
968278.0000000000,-108.1727905273
970509.9375000000,-108.1846313477
972747.0625000000,-108.1875381470
974989.3125000000,-108.1963348389
977236.6875000000,-108.2116241455
979490.3750000000,-108.2615356445
981748.1875000000,-108.2780761719
984011.1875000000,-108.3289031982
986279.3750000000,-108.3364639282
988552.8125000000,-108.3661270142
990831.5000000000,-108.4313125610
993116.5625000000,-108.4803390503
995405.7500000000,-108.5811386108
997700.2500000000,-108.6215133667
1000000.0000000000,-108.6549224854
1002305.0625000000,-108.6854019165
1004615.4375000000,-108.6901473999
1006931.1875000000,-108.7132034302
1009253.3125000000,-108.7414245605
1011579.7500000000,-108.7711334229
1013911.5000000000,-108.8018875122
1016248.6250000000,-108.8330001831
1018591.1250000000,-108.8606567383
1020939.0625000000,-108.8836059570
1023293.5625000000,-108.9017639160
1025652.3125000000,-108.9153137207
1028016.5000000000,-108.9251480103
1030386.1250000000,-108.9348526001
1032761.2500000000,-108.9457702637
1035141.8750000000,-108.9580154419
1037527.9375000000,-108.9643020630
1039920.6250000000,-108.9687652588
1042317.7500000000,-108.9709854126
1044720.3750000000,-108.9720153809
1047128.5000000000,-108.9799041748
1049542.2500000000,-108.9801406860
1051961.5000000000,-108.9830856323
1054386.3750000000,-108.9907836914
1056817.8750000000,-109.0331268311
1059254.0000000000,-109.0963211060
1061695.6250000000,-109.1785888672
1064142.8750000000,-109.2654724121
1066595.8750000000,-109.3449325562
1069054.3750000000,-109.4102325439
1071519.8750000000,-109.4572296143
1073989.7500000000,-109.4806442261
1076465.3750000000,-109.4842300415
1078946.7500000000,-109.4865417480
1081433.7500000000,-109.4875869751
1083926.5000000000,-109.4993209839
1086425.0000000000,-109.5024795532
1088930.5000000000,-109.5045776367
1091440.6250000000,-109.5113143921
1093956.5000000000,-109.5195922852
1096478.1250000000,-109.5223922729
1099005.5000000000,-109.5266952515
1101538.8750000000,-109.5323410034
1104079.1250000000,-109.5331497192
1106624.1250000000,-109.5383300781
1109175.0000000000,-109.5478515625
1111731.7500000000,-109.5649490356
1114294.3750000000,-109.5776443481
1116862.8750000000,-109.5895233154
1119437.3750000000,-109.6109848022
1122019.0000000000,-109.6481323242
1124605.2500000000,-109.7026062012
1127197.6250000000,-109.7714767456
1129795.8750000000,-109.8475341797
1132400.1250000000,-109.9203186035
1135010.3750000000,-109.9758834839
1137627.8750000000,-110.0074996948
1140250.2500000000,-110.0203552246
1142878.6250000000,-110.0224761963
1145513.0000000000,-110.0232696533
1148153.5000000000,-110.0312347412
1150800.0000000000,-110.0520706177
1153452.7500000000,-110.0883026123
1156112.7500000000,-110.1383743286
1158777.7500000000,-110.1962203979
1161448.7500000000,-110.2572174072
1164126.0000000000,-110.3166580200
1166809.3750000000,-110.3703079224
1169499.0000000000,-110.4150390625
1172194.7500000000,-110.4192581177
1174898.0000000000,-110.4209899902
1177606.2500000000,-110.4240875244
1180320.7500000000,-110.4301223755
1183041.3750000000,-110.4350433350
1185768.3750000000,-110.4493179321
1188501.7500000000,-110.4493331909
1191242.6250000000,-110.4505462646
1193988.5000000000,-110.4674148560
1196740.7500000000,-110.4732208252
1199499.2500000000,-110.4819183350
1202264.2500000000,-110.4828262329
1205035.5000000000,-110.4870223999
1207813.2500000000,-110.4909820557
1210598.6250000000,-110.4928741455
1213389.1250000000,-110.5332336426
1216186.1250000000,-110.5993270874
1218989.5000000000,-110.6753540039
1221799.3750000000,-110.7526397705
1224615.7500000000,-110.8227539063
1227439.8750000000,-110.8807449341
1230269.2500000000,-110.9265899658
1233105.0000000000,-110.9640502930
1235947.5000000000,-110.9972229004
1238796.3750000000,-111.0267562866
1241651.8750000000,-111.0498886108
1244514.0000000000,-111.0634841919
1247384.1250000000,-111.0675277710
1250259.3750000000,-111.0678558350
1253141.3750000000,-111.0686569214
1256029.8750000000,-111.0751113892
1258925.1250000000,-111.0862579346
1261827.0000000000,-111.0983352661
1264737.0000000000,-111.1084136963
1267652.3750000000,-111.1177749634
1270574.3750000000,-111.1319351196
1273503.1250000000,-111.1572265625
1276438.6250000000,-111.1965332031
1279380.8750000000,-111.2473373413
1282330.0000000000,-111.3030014038
1285287.2500000000,-111.3558502197
1288250.0000000000,-111.4000320435
1291219.5000000000,-111.4331512451
1294195.7500000000,-111.4561004639
1297179.0000000000,-111.4721450806
1300169.1250000000,-111.4854736328
1303166.1250000000,-111.4997787476
1306171.3750000000,-111.5170974731
1309182.2500000000,-111.5276794434
1312200.0000000000,-111.5324707031
1315224.7500000000,-111.5372009277
1318256.3750000000,-111.5465087891
1321295.1250000000,-111.5505599976
1324342.2500000000,-111.5577621460
1327394.8750000000,-111.5707015991
1330454.6250000000,-111.5754089355
1333521.3750000000,-111.5854415894
1336595.2500000000,-111.5870971680
1339676.2500000000,-111.5907897949
1342764.2500000000,-111.5928421021
1345860.8750000000,-111.6614379883
1348963.2500000000,-111.7404022217
1352072.7500000000,-111.8174514771
1355189.3750000000,-111.8861618042
1358313.1250000000,-111.9480819702
1361444.1250000000,-112.0095291138
1364583.8750000000,-112.0753936768
1367729.3750000000,-112.1440963745
1370882.0000000000,-112.2073135376
1374042.0000000000,-112.2551116943
1377209.2500000000,-112.2837371826
1380383.8750000000,-112.2999725342
1383565.7500000000,-112.3179473877
1386756.5000000000,-112.3503723145
1389953.0000000000,-112.4004211426
1393157.0000000000,-112.4816818237
1396368.2500000000,-112.4841995239
1399587.0000000000,-112.4858169556
1402813.1250000000,-112.4954986572
1406046.7500000000,-112.4988784790
1409289.3750000000,-112.5020065308
1412537.8750000000,-112.5065841675
1415793.8750000000,-112.5121154785
1419057.3750000000,-112.5169830322
1422328.3750000000,-112.5173950195
1425607.0000000000,-112.5204620361
1428894.6250000000,-112.5380783081
1432188.3750000000,-112.5409240723
1435489.6250000000,-112.5445632935
1438798.5000000000,-112.5513153076
1442115.1250000000,-112.6457824707
1445439.2500000000,-112.7288360596
1448771.1250000000,-112.8036804199
1452112.2500000000,-112.8602294922
1455459.5000000000,-112.8959045410
1458814.3750000000,-112.9148864746
1462177.0000000000,-112.9243621826
1465547.5000000000,-112.9301834106
1468925.6250000000,-112.9344482422
1472313.2500000000,-112.9362106323
1475707.0000000000,-112.9371948242
1479108.6250000000,-112.9474639893
1482518.1250000000,-112.9738159180
1485935.3750000000,-113.0181732178
1489360.6250000000,-113.0274658203
1492793.6250000000,-113.0389862061
1496236.3750000000,-113.0760650635
1499685.2500000000,-113.0802917480
1503142.1250000000,-113.0833816528
1506607.0000000000,-113.1391830444
1510079.7500000000,-113.1419754028
1513560.6250000000,-113.1480102539
1517051.1250000000,-113.1990356445
1520548.1250000000,-113.2021789551
1524053.0000000000,-113.2229156494
1527566.1250000000,-113.2487258911
1531087.2500000000,-113.2528991699
1534616.5000000000,-113.2857360840
1538153.8750000000,-113.2892379761
1541701.1250000000,-113.2913742065
1545254.8750000000,-113.3465728760
1548816.8750000000,-113.4089508057
1552387.0000000000,-113.4659118652
1555965.3750000000,-113.5042037964
1559551.8750000000,-113.5384674072
1563146.7500000000,-113.5635147095
1566751.7500000000,-113.5779953003
1570363.1250000000,-113.5910949707
1573983.0000000000,-113.6143112183
1577611.1250000000,-113.6447219849
1581247.6250000000,-113.6863403320
1584892.5000000000,-113.7349929810
1588547.5000000000,-113.8073348999
1592209.2500000000,-113.8079299927
1595879.3750000000,-113.8123855591
1599558.0000000000,-113.8268890381
1603245.1250000000,-113.8348999023
1606940.7500000000,-113.8669281006
1610644.8750000000,-113.8699340820
1614359.2500000000,-113.8720703125
1618080.5000000000,-113.9014205933
1621810.2500000000,-113.9094390869
1625548.6250000000,-113.9270248413
1629295.6250000000,-113.9334716797
1633051.2500000000,-113.9484252930
1636817.3750000000,-113.9670944214
1640590.3750000000,-113.9729309082
1644372.0000000000,-113.9769515991
1648162.3750000000,-113.9876708984
1651961.5000000000,-113.9878616333
1655769.5000000000,-114.0731430054
1659586.1250000000,-114.0779113770
1663413.3750000000,-114.0892333984
1667247.6250000000,-114.1382141113
1671090.7500000000,-114.1638107300
1674942.7500000000,-114.1937942505
1678803.6250000000,-114.2055358887
1682673.3750000000,-114.2555084229
1686554.0000000000,-114.2726516724
1690441.6250000000,-114.2790069580
1694338.1250000000,-114.2917175293
1698243.7500000000,-114.4387893677
1702158.2500000000,-114.5459365845
1706081.8750000000,-114.5567855835
1710014.5000000000,-114.5631256104
1713958.1250000000,-114.5635299683
1717908.8750000000,-114.6269912720
1721868.8750000000,-114.7030334473
1725837.8750000000,-114.8092422485
1729816.0000000000,-114.8385620117
1733803.3750000000,-114.8500289917
1737799.8750000000,-114.8570556641
1741807.6250000000,-114.8584671021
1745822.6250000000,-114.8616790771
1749846.7500000000,-114.8669357300
1753880.3750000000,-114.8843231201
1757923.1250000000,-114.8880691528
1761975.2500000000,-114.8958816528
1766038.7500000000,-114.9267349243
1770109.5000000000,-114.9462585449
1774189.7500000000,-114.9496536255
1778279.3750000000,-114.9866256714
1782378.5000000000,-114.9866561890
1786487.0000000000,-114.9971084595
1790605.0000000000,-115.0686035156
1794734.3750000000,-115.1095199585
1798871.3750000000,-115.1523590088
1803017.8750000000,-115.1807479858
1807174.0000000000,-115.1947021484
1811339.6250000000,-115.1979675293
1815514.8750000000,-115.2084808350
1819701.8750000000,-115.2092971802
1823896.3750000000,-115.2309341431
1828100.6250000000,-115.2405090332
1832314.5000000000,-115.2480316162
1836538.1250000000,-115.2646713257
1840771.3750000000,-115.2675628662
1845014.5000000000,-115.2881164551
1849269.5000000000,-115.2925338745
1853532.1250000000,-115.2959747314
1857804.6250000000,-115.3051223755
1862087.0000000000,-115.3074417114
1866379.2500000000,-115.4046401978
1870681.3750000000,-115.5367965698
1874993.5000000000,-115.6535491943
1879317.5000000000,-115.6757125854
1883649.5000000000,-115.6769409180
1887991.5000000000,-115.7212142944
1892343.3750000000,-115.7256927490
1896705.3750000000,-115.7328033447
1901077.3750000000,-115.7614517212
1905461.6250000000,-115.7666473389
1909853.8750000000,-115.7756576538
1914256.2500000000,-115.7782135010
1918668.7500000000,-115.8416213989
1923091.3750000000,-115.8835906982
1927524.2500000000,-115.9007263184
1931967.3750000000,-115.9105072021
1936422.7500000000,-115.9210433960
1940886.3750000000,-115.9383316040
1945360.2500000000,-115.9390563965
1949844.3750000000,-115.9700393677
1954339.0000000000,-115.9756240845
1958843.8750000000,-115.9875717163
1963361.2500000000,-116.0219726563
1967887.0000000000,-116.0255279541
1972423.1250000000,-116.0457077026
1976969.6250000000,-116.0954742432
1981526.7500000000,-116.2190780640
1986094.2500000000,-116.3168258667
1990672.3750000000,-116.3168640137
1995263.2500000000,-116.3272628784
1999862.3750000000,-116.3468322754
2004472.2500000000,-116.3661880493
2009092.7500000000,-116.3754882813
2013723.7500000000,-116.3783798218
2018365.6250000000,-116.4483032227
2023020.2500000000,-116.5022048950
2027683.5000000000,-116.5244979858
2032357.3750000000,-116.5353164673
2037042.1250000000,-116.5601196289
2041737.6250000000,-116.6096954346
2046444.0000000000,-116.6772003174
2051161.2500000000,-116.6797103882
2055891.5000000000,-116.6799011230
2060630.5000000000,-116.6896209717
2065380.3750000000,-116.6972503662
2070141.2500000000,-116.6981964111
2074913.1250000000,-116.7061614990
2079695.8750000000,-116.7127761841
2084489.7500000000,-116.7302474976
2089297.0000000000,-116.7351837158
2094112.8750000000,-116.7402877808
2098940.0000000000,-116.7534179688
2103778.2500000000,-116.7538681030
2108627.5000000000,-116.7735977173
2113488.0000000000,-116.7922515869
2118362.2500000000,-116.8046417236
2123245.2500000000,-116.8295211792
2128139.5000000000,-116.8404388428
2133045.0000000000,-116.8771896362
2137961.7500000000,-116.9566192627
2142889.7500000000,-116.9814300537
2147829.5000000000,-116.9895019531
2152782.7500000000,-116.9991989136
2157745.0000000000,-117.0088882446
2162718.7500000000,-117.0206375122
2167704.0000000000,-117.0362167358
2172700.7500000000,-117.0926055908
2177708.7500000000,-117.1200103760
2182731.0000000000,-117.1378097534
2187762.5000000000,-117.1444320679
2192805.2500000000,-117.1657714844
2197860.0000000000,-117.2101745605
2202926.2500000000,-117.2206344604
2208004.0000000000,-117.2445144653
2213093.7500000000,-117.2525863647
2218197.5000000000,-117.3161468506
2223310.5000000000,-117.4117813110
2228435.5000000000,-117.4620742798
2233572.0000000000,-117.4693450928
2238720.7500000000,-117.4711685181
2243881.0000000000,-117.4781265259
2249055.7500000000,-117.4788742065
2254240.0000000000,-117.4803237915
2259436.2500000000,-117.4900970459
2264644.5000000000,-117.4937362671
2269864.5000000000,-117.5037841797
2275096.7500000000,-117.5107345581
2280341.0000000000,-117.5191040039
2285600.0000000000,-117.5366363525
2290868.2500000000,-117.5443420410
2296149.0000000000,-117.5449447632
2301441.7500000000,-117.5935668945
2306746.7500000000,-117.6156768799
2312064.0000000000,-117.6413650513
2317393.5000000000,-117.6501846313
2322737.7500000000,-117.6730880737
2328091.7500000000,-117.7310409546
2333458.2500000000,-117.7706909180
2338837.0000000000,-117.8010025024
2344228.2500000000,-117.8166275024
2349631.7500000000,-117.8733291626
2355050.5000000000,-117.9180526733
2360479.0000000000,-117.9334793091
2365920.0000000000,-117.9360122681
2371373.7500000000,-117.9635162354
2376840.0000000000,-117.9667053223
2382318.7500000000,-118.0079650879
2387810.0000000000,-118.1003952026
2393316.7500000000,-118.1424102783
2398833.5000000000,-118.1700134277
2404363.0000000000,-118.1838989258
2409905.2500000000,-118.2276687622
2415460.2500000000,-118.2456512451
2421028.0000000000,-118.2531738281
2426611.2500000000,-118.2818984985
2432205.0000000000,-118.2933044434
2437811.2500000000,-118.3321838379
2443430.5000000000,-118.3401718140
2449063.0000000000,-118.3502044678
2454708.2500000000,-118.3591613770
2460366.5000000000,-118.4309005737
2466040.5000000000,-118.5042190552
2471724.7500000000,-118.5293273926
2477422.2500000000,-118.5353927612
2483133.0000000000,-118.5552978516
2488856.7500000000,-118.5624313354
2494593.7500000000,-118.5713958740
2500344.0000000000,-118.5912628174
2506110.2500000000,-118.5935516357
2511887.0000000000,-118.6091918945
2517677.0000000000,-118.6228179932
2523480.5000000000,-118.6513900757
2529297.2500000000,-118.6683883667
2535127.5000000000,-118.6857757568
2540974.0000000000,-118.6966857910
2546831.0000000000,-118.7127838135
2552701.7500000000,-118.7155685425
2558585.7500000000,-118.7976379395
2564483.5000000000,-118.8159713745
2570395.0000000000,-118.8216857910
2576319.7500000000,-118.8401794434
2582261.2500000000,-118.8826675415
2588213.5000000000,-118.9990386963
2594179.5000000000,-119.0862045288
2600159.2500000000,-119.0917434692
2606153.0000000000,-119.1009674072
2612160.2500000000,-119.1088180542
2618184.2500000000,-119.1463241577
2624219.5000000000,-119.1536026001
2630268.5000000000,-119.1666870117
2636331.5000000000,-119.1858673096
2642408.2500000000,-119.2424697876
2648499.2500000000,-119.3005905151
2654604.2500000000,-119.3163833618
2660726.2500000000,-119.3231430054
2666859.5000000000,-119.3331909180
2673006.7500000000,-119.3533630371
2679168.2500000000,-119.3623657227
2685343.7500000000,-119.3720245361
2691533.7500000000,-119.3781585693
2697741.0000000000,-119.3858718872
2703959.2500000000,-119.3890380859
2710192.2500000000,-119.3941879272
2716439.2500000000,-119.4316253662
2722701.0000000000,-119.4514083862
2728977.0000000000,-119.4843444824
2735267.5000000000,-119.4995117188
2741575.5000000000,-119.5132827759
2747895.0000000000,-119.5408935547
2754229.0000000000,-119.5878372192
2760577.7500000000,-119.6175003052
2766941.0000000000,-119.6177444458
2773319.0000000000,-119.6325607300
2779711.7500000000,-119.6832351685
2786122.2500000000,-119.7567672729
2792544.5000000000,-119.8089294434
2798981.5000000000,-119.8124923706
2805433.2500000000,-119.8174514771
2811900.0000000000,-119.8328475952
2818381.7500000000,-119.8338317871
2824881.2500000000,-119.8368453979
2831393.0000000000,-119.8890151978
2837919.5000000000,-119.9098510742
2844461.0000000000,-119.9103927612
2851017.7500000000,-119.9283905029
2857589.5000000000,-119.9481277466
2864176.5000000000,-119.9849853516
2870781.7500000000,-120.0355834961
2877399.2500000000,-120.0667037964
2884031.7500000000,-120.1353912354
2890679.7500000000,-120.1643905640
2897343.0000000000,-120.2325668335
2904021.5000000000,-120.2529144287
2910718.7500000000,-120.2556533813
2917428.0000000000,-120.3287811279
2924153.0000000000,-120.3755264282
2930893.2500000000,-120.3907012939
2937649.2500000000,-120.4131774902
2944420.7500000000,-120.4187850952
2951207.7500000000,-120.4569702148
2958013.7500000000,-120.4613571167
2964832.2500000000,-120.4907226563
2971666.2500000000,-120.4950103760
2978516.2500000000,-120.4983291626
2985382.0000000000,-120.5081558228
2992263.5000000000,-120.5113983154
2999164.2500000000,-120.5268859863
3006077.5000000000,-120.5393905640
3013006.7500000000,-120.5461425781
3019951.7500000000,-120.5502243042
3026913.0000000000,-120.5756301880
3033890.2500000000,-120.5872650146
3040883.7500000000,-120.6073150635
3047896.5000000000,-120.6076049805
3054922.0000000000,-120.6434936523
3061963.7500000000,-120.6841888428
3069022.0000000000,-120.7309494019
3076096.2500000000,-120.7801132202
3083186.7500000000,-120.8344497681
3090293.7500000000,-120.8883361816
3097420.5000000000,-120.9408798218
3104560.2500000000,-120.9867248535
3111716.5000000000,-121.0272369385
3118889.2500000000,-121.0334854126
3126078.5000000000,-121.0345382690
3133284.5000000000,-121.0357818604
3140510.2500000000,-121.0423583984
3147749.2500000000,-121.0427627563
3155005.2500000000,-121.0502700806
3162277.7500000000,-121.0513000488
3169567.0000000000,-121.0572891235
3176873.0000000000,-121.0617446899
3184196.0000000000,-121.0667495728
3191539.2500000000,-121.0671615601
3198896.0000000000,-121.0755157471
3206269.7500000000,-121.1058959961
3213660.2500000000,-121.1415405273
3221068.0000000000,-121.1840515137
3228492.7500000000,-121.2305221558
3235938.2500000000,-121.2777175903
3243397.2500000000,-121.3226623535
3250873.5000000000,-121.3642349243
3258367.0000000000,-121.4025573730
3265877.7500000000,-121.4339599609
3273406.0000000000,-121.4624099731
3280951.2500000000,-121.4849929810
3288517.7500000000,-121.5038986206
3296098.0000000000,-121.5206604004
3303695.7500000000,-121.5360565186
3311311.0000000000,-121.5527572632
3318944.0000000000,-121.5712432861
3326594.2500000000,-121.5937576294
3334262.2500000000,-121.6177520752
3341951.7500000000,-121.6438064575
3349655.2500000000,-121.6680679321
3357376.2500000000,-121.6909103394
3365115.2500000000,-121.7069320679
3372872.2500000000,-121.7201614380
3380646.7500000000,-121.7303619385
3388443.2500000000,-121.7421569824
3396253.7500000000,-121.7575454712
3404082.5000000000,-121.7794418335
3411929.0000000000,-121.8112792969
3419793.7500000000,-121.8475570679
3427676.7500000000,-121.8896026611
3435577.7500000000,-121.9289550781
3443500.7500000000,-121.9347152710
3451438.2500000000,-121.9422073364
3459394.0000000000,-121.9505615234
3467368.2500000000,-121.9646759033
3475360.7500000000,-121.9656753540
3483371.7500000000,-121.9684829712
3491405.0000000000,-121.9857254028
3499452.7500000000,-121.9882049561
3507519.2500000000,-121.9923171997
3515604.5000000000,-122.0046081543
3523708.2500000000,-122.0664291382
3531830.5000000000,-122.1314773560
3539971.7500000000,-122.1997909546
3548135.5000000000,-122.2597351074
3556314.2500000000,-122.3112564087
3564511.7500000000,-122.3542480469
3572728.2500000000,-122.3810882568
3580963.5000000000,-122.4042053223
3589218.0000000000,-122.4241333008
3597495.2500000000,-122.4487915039
3605787.7500000000,-122.4794540405
3614099.2500000000,-122.5151748657
3622430.0000000000,-122.5553741455
3630780.0000000000,-122.5655212402
3639149.2500000000,-122.5699539185
3647537.7500000000,-122.5751800537
3655949.5000000000,-122.5847854614
3664376.7500000000,-122.5900955200
3672823.5000000000,-122.6062469482
3681289.5000000000,-122.6072998047
3689775.2500000000,-122.6179885864
3698280.5000000000,-122.6224060059
3706805.2500000000,-122.6283874512
3715353.7500000000,-122.6437988281
3723918.0000000000,-122.6857681274
3732501.7500000000,-122.7226791382
3741105.5000000000,-122.7496414185
3749729.0000000000,-122.7682037354
3758372.5000000000,-122.7764511108
3767039.7500000000,-122.7801208496
3775723.2500000000,-122.7849349976
3784426.5000000000,-122.7927780151
3793149.7500000000,-122.8127975464
3801893.2500000000,-122.8420944214
3810657.0000000000,-122.8791503906
3819440.7500000000,-122.9236373901
3828249.0000000000,-122.9684524536
3837073.5000000000,-123.0100936890
3845918.2500000000,-123.0472869873
3854783.2500000000,-123.0763168335
3863668.7500000000,-123.0994033813
3872574.7500000000,-123.1168746948
3881505.7500000000,-123.1268005371
3890452.7500000000,-123.1280593872
3899420.5000000000,-123.1285171509
3908409.0000000000,-123.1298675537
3917418.2500000000,-123.1298828125
3926448.0000000000,-123.1488418579
3935498.7500000000,-123.1823577881
3944574.7500000000,-123.2303314209
3953667.2500000000,-123.2935562134
3962780.7500000000,-123.3616714478
3971915.2500000000,-123.4261474609
3981070.7500000000,-123.4831161499
3990247.5000000000,-123.5252304077
3999449.7500000000,-123.5518341064
4008668.7500000000,-123.5687103271
4017909.0000000000,-123.5778808594
4027170.5000000000,-123.5815124512
4036453.5000000000,-123.5833740234
4045757.7500000000,-123.5861511230
4055083.5000000000,-123.5915832520
4064435.2500000000,-123.6022415161
4073804.0000000000,-123.6240386963
4083194.5000000000,-123.6544799805
4092606.5000000000,-123.6912765503
4102040.2500000000,-123.7314224243
4111495.7500000000,-123.7659378052
4120973.0000000000,-123.7900314331
4130476.7500000000,-123.8055419922
4139997.7500000000,-123.8151245117
4149540.7500000000,-123.8246459961
4159105.7500000000,-123.8444213867
4168692.7500000000,-123.8737640381
4178301.7500000000,-123.9094314575
4187937.7500000000,-123.9466552734
4197591.0000000000,-123.9753723145
4207267.0000000000,-123.9923095703
4216965.0000000000,-124.0014495850
4226685.5000000000,-124.0026473999
4236428.0000000000,-124.0045700073
4246193.5000000000,-124.0049896240
4255986.0000000000,-124.0050277710
4265796.5000000000,-124.0181198120
4275629.5000000000,-124.0475234985
4285485.0000000000,-124.0938415527
4295363.0000000000,-124.1491622925
4305264.5000000000,-124.1926803589
4315193.0000000000,-124.2151565552
4325140.0000000000,-124.2172851563
4335109.5000000000,-124.2186584473
4345102.5000000000,-124.2238082886
4355118.0000000000,-124.2309494019
4365157.0000000000,-124.2645263672
4375219.0000000000,-124.3091049194
4385309.0000000000,-124.3562164307
4395417.5000000000,-124.3977661133
4405549.0000000000,-124.4307556152
4415704.5000000000,-124.4638595581
4425883.0000000000,-124.5015182495
4436085.0000000000,-124.5418090820
4446310.5000000000,-124.5800323486
4456564.0000000000,-124.6108245850
4466837.0000000000,-124.6323394775
4477133.5000000000,-124.6520462036
4487453.5000000000,-124.6742935181
4497797.5000000000,-124.6977081299
4508165.0000000000,-124.7195892334
4518561.5000000000,-124.7384567261
4528977.0000000000,-124.7567291260
4539417.0000000000,-124.7809829712
4549880.5000000000,-124.8031387329
4560368.5000000000,-124.8078002930
4570880.5000000000,-124.8109283447
4581416.5000000000,-124.8153228760
4591982.0000000000,-124.8254699707
4602567.0000000000,-124.8276901245
4613176.0000000000,-124.8336410522
4623810.0000000000,-124.8461227417
4634468.0000000000,-124.8875274658
4645151.0000000000,-124.9322738647
4655863.5000000000,-124.9739456177
4666595.5000000000,-125.0072021484
4677352.0000000000,-125.0149841309
4688134.0000000000,-125.0164260864
4698940.5000000000,-125.0184936523
4709771.5000000000,-125.0226440430
4720628.0000000000,-125.0273971558
4731514.5000000000,-125.0282592773
4742421.0000000000,-125.0311813354
4753353.0000000000,-125.0356292725
4764309.5000000000,-125.0443191528
4775291.5000000000,-125.0735244751
4786299.0000000000,-125.1167526245
4797337.0000000000,-125.1667327881
4808395.5000000000,-125.1706771851
4819479.0000000000,-125.1796035767
4830588.0000000000,-125.1874465942
4841723.0000000000,-125.2011337280
4852883.5000000000,-125.2055892944
4864070.0000000000,-125.2252502441
4875287.0000000000,-125.3024368286
4886525.0000000000,-125.3962936401
4897789.0000000000,-125.4918060303
4909078.5000000000,-125.5779724121
4920394.5000000000,-125.6465148926
4931736.0000000000,-125.6911926270
4943104.0000000000,-125.7104949951
4954504.0000000000,-125.7154235840
4965924.5000000000,-125.7183609009
4977371.0000000000,-125.7272567749
4988844.5000000000,-125.7385787964
5000344.0000000000,-125.7417984009
5011870.0000000000,-125.7436065674
5023428.5000000000,-125.7471084595
5035007.5000000000,-125.7536621094
5046614.0000000000,-125.7549667358
5058246.5000000000,-125.7593841553
5069906.0000000000,-125.7734451294
5081592.5000000000,-125.8141860962
5093306.0000000000,-125.8569335938
5105052.0000000000,-125.8864288330
5116819.5000000000,-125.8946533203
5128614.5000000000,-125.8948898315
5140436.0000000000,-125.8963165283
5152285.0000000000,-125.9026947021
5164161.5000000000,-125.9133682251
5176071.0000000000,-125.9202270508
5188002.0000000000,-125.9222030640
5199961.0000000000,-125.9237670898
5211947.0000000000,-125.9303207397
5223961.0000000000,-125.9454269409
5236002.5000000000,-125.9719848633
5248072.0000000000,-126.0141601563
5260175.0000000000,-126.0749206543
5272300.0000000000,-126.1482162476
5284453.0000000000,-126.2164077759
5296634.0000000000,-126.2626190186
5308843.5000000000,-126.2905807495
5321080.5000000000,-126.3142395020
5333352.0000000000,-126.3515472412
5345645.5000000000,-126.3532104492
5357967.5000000000,-126.3559417725
5370318.0000000000,-126.3796691895
5382697.0000000000,-126.3814926147
5395104.5000000000,-126.3931503296
5407541.0000000000,-126.4094619751
5420011.5000000000,-126.4165649414
5432505.0000000000,-126.4254455566
5445027.5000000000,-126.4712142944
5457578.5000000000,-126.5010910034
5470158.5000000000,-126.5130462646
5482767.5000000000,-126.5179977417
5495406.0000000000,-126.5282363892
5508079.0000000000,-126.5436325073
5520775.5000000000,-126.5456542969
5533501.5000000000,-126.5517349243
5546256.5000000000,-126.5520324707
5559041.0000000000,-126.5604782104
5571855.0000000000,-126.5620422363
5584704.5000000000,-126.6015548706
5597578.0000000000,-126.6715927124
5610480.5000000000,-126.7218399048
5623413.5000000000,-126.7691802979
5636375.5000000000,-126.8096847534
5649368.0000000000,-126.8419342041
5662390.0000000000,-126.8673782349
5675448.5000000000,-126.8897018433
5688531.0000000000,-126.9151153564
5701643.5000000000,-126.9357147217
5714786.0000000000,-126.9448852539
5727959.0000000000,-126.9475784302
5741162.5000000000,-126.9489059448
5754402.5000000000,-126.9657516479
5767666.5000000000,-126.9848098755
5780961.5000000000,-126.9874038696
5794287.0000000000,-126.9961853027
5807643.5000000000,-127.0172500610
5821030.5000000000,-127.0291366577
5834448.5000000000,-127.0308532715
5847903.5000000000,-127.0353088379
5861383.5000000000,-127.0508575439
5874894.0000000000,-127.0736160278
5888436.5000000000,-127.0785064697
5902009.5000000000,-127.0807418823
5915614.0000000000,-127.2059249878
5929250.0000000000,-127.3025512695
5942924.0000000000,-127.3837814331
5956622.5000000000,-127.4393692017
5970353.0000000000,-127.4680786133
5984115.5000000000,-127.4725723267
5997909.0000000000,-127.4755020142
6011734.5000000000,-127.4938888550
6025599.0000000000,-127.5077285767
6039488.0000000000,-127.5310821533
6053409.5000000000,-127.5395431519
6067363.0000000000,-127.5483322144
6081349.0000000000,-127.5972900391
6095367.0000000000,-127.6103897095
6109417.0000000000,-127.6206359863
6123506.5000000000,-127.6465530396
6137621.5000000000,-127.6642532349
6151769.0000000000,-127.7067871094
6165949.5000000000,-127.7874450684
6180162.5000000000,-127.7935333252
6194408.0000000000,-127.7962722778
6208693.5000000000,-127.8003387451
6223005.0000000000,-127.8253555298
6237349.5000000000,-127.8390731812
6251727.0000000000,-127.8441314697
6266137.5000000000,-127.8676986694
6280581.5000000000,-127.9004058838
6295058.5000000000,-127.9015274048
6309576.0000000000,-127.9205703735
6324120.0000000000,-127.9248275757
6338698.0000000000,-127.9403915405
6353309.0000000000,-127.9483261108
6367954.0000000000,-128.0016479492
6382632.5000000000,-128.0259857178
6397352.0000000000,-128.0501861572
6412098.0000000000,-128.0795898438
6426878.5000000000,-128.0983886719
6441693.0000000000,-128.1019134521
6456541.5000000000,-128.1080780029
6471424.0000000000,-128.1247253418
6486341.5000000000,-128.1837615967
6501300.0000000000,-128.2460479736
6516286.0000000000,-128.2492065430
6531306.5000000000,-128.2577514648
6546361.5000000000,-128.2718811035
6561451.5000000000,-128.2770843506
6576576.0000000000,-128.2828216553
6591735.5000000000,-128.2990264893
6606937.0000000000,-128.2994995117
6622166.5000000000,-128.3132171631
6637431.0000000000,-128.3677520752
6652731.0000000000,-128.3953247070
6668066.0000000000,-128.3961944580
6683436.0000000000,-128.4013519287
6698849.5000000000,-128.4159240723
6714290.5000000000,-128.4543914795
6729767.5000000000,-128.5014648438
6745280.0000000000,-128.5531921387
6760828.5000000000,-128.5551910400
6776413.0000000000,-128.5632324219
6792033.0000000000,-128.5725860596
6807696.5000000000,-128.6269531250
6823388.5000000000,-128.6741943359
6839117.0000000000,-128.7212066650
6854881.5000000000,-128.7791442871
6870682.5000000000,-128.8104858398
6886520.0000000000,-128.8162536621
6902401.5000000000,-128.8423614502
6918312.0000000000,-128.9021301270
6934259.5000000000,-128.9379272461
6950243.5000000000,-128.9450988770
6966264.0000000000,-128.9451446533
6982322.0000000000,-128.9526977539
6998416.5000000000,-128.9691009521
7014556.0000000000,-129.0082855225
7030725.0000000000,-129.0644226074
7046931.5000000000,-129.0727691650
7063175.0000000000,-129.0752563477
7079456.5000000000,-129.0776672363
7095775.0000000000,-129.0799713135
7112139.0000000000,-129.0836944580
7128533.0000000000,-129.0856170654
7144965.0000000000,-129.0949096680
7161434.5000000000,-129.1011657715
7177942.0000000000,-129.1259002686
7194487.5000000000,-129.1491699219
7211071.5000000000,-129.1562347412
7227701.5000000000,-129.1615295410
7244362.0000000000,-129.2125701904
7261060.5000000000,-129.3198852539
7277798.0000000000,-129.3988494873
7294573.5000000000,-129.4155578613
7311388.0000000000,-129.4160614014
7328241.5000000000,-129.4330139160
7345141.5000000000,-129.4385528564
7362072.5000000000,-129.4506835938
7379043.0000000000,-129.4538116455
7396052.0000000000,-129.4681396484
7413100.5000000000,-129.4868469238
7430188.0000000000,-129.5034179688
7447323.5000000000,-129.5132904053
7464490.0000000000,-129.5381317139
7481696.5000000000,-129.5571899414
7498942.0000000000,-129.5579071045
7516227.5000000000,-129.5619659424
7533553.0000000000,-129.5844268799
7550918.5000000000,-129.6033172607
7568332.0000000000,-129.6108245850
7585777.5000000000,-129.6175994873
7603263.5000000000,-129.6197357178
7620789.5000000000,-129.6251983643
7638356.0000000000,-129.6415863037
7655963.0000000000,-129.6869964600
7673619.0000000000,-129.7667236328
7691307.0000000000,-129.8385925293
7709036.0000000000,-129.8403167725
7726806.0000000000,-129.8415985107
7744617.0000000000,-129.8753814697
7762469.0000000000,-129.8777618408
7780362.0000000000,-129.9182739258
7798304.5000000000,-129.9335937500
7816280.5000000000,-129.9460906982
7834297.5000000000,-129.9661712646
7852356.0000000000,-130.0255584717
7870456.0000000000,-130.0908813477
7888598.0000000000,-130.0952148438
7906782.0000000000,-130.1293792725
7925016.5000000000,-130.1323699951
7943284.0000000000,-130.1460266113
7961594.0000000000,-130.1468048096
7979946.0000000000,-130.1499481201
7998340.5000000000,-130.1993103027
8016777.0000000000,-130.2362213135
8035265.0000000000,-130.3030548096
8053787.0000000000,-130.3148345947
8072351.5000000000,-130.3229064941
8090959.0000000000,-130.4448089600
8109609.0000000000,-130.4543457031
8128302.5000000000,-130.4591064453
8147038.5000000000,-130.4789428711
8165827.0000000000,-130.4917602539
8184650.0000000000,-130.5125122070
8203516.0000000000,-130.5360565186
8222426.0000000000,-130.5364685059
8241379.0000000000,-130.5419616699
8260376.0000000000,-130.5426788330
8279426.0000000000,-130.5516815186
8298510.5000000000,-130.5738067627
8317639.0000000000,-130.5811004639
8336812.0000000000,-130.5985107422
8356029.0000000000,-130.6150970459
8375290.0000000000,-130.6286621094
8394596.0000000000,-130.6315460205
8413955.0000000000,-130.6399688721
8433350.0000000000,-130.6443939209
8452789.0000000000,-130.6711273193
8472274.0000000000,-130.6855621338
8491803.0000000000,-130.6881866455
8511377.0000000000,-130.6900634766
8531006.0000000000,-130.6973571777
8550670.0000000000,-130.7118072510
8570380.0000000000,-130.7315368652
8590136.0000000000,-130.7608337402
8609936.0000000000,-130.8160858154
8629783.0000000000,-130.9201202393
8649675.0000000000,-130.9972229004
8669623.0000000000,-131.0749664307
8689607.0000000000,-131.0773010254
8709637.0000000000,-131.0786285400
8729713.0000000000,-131.0833129883
8749836.0000000000,-131.0931549072
8770005.0000000000,-131.1108245850
8790220.0000000000,-131.1286468506
8810492.0000000000,-131.1319885254
8830801.0000000000,-131.1712036133
8851157.0000000000,-131.1740112305
8871559.0000000000,-131.1871337891
8892009.0000000000,-131.1882629395
8912505.0000000000,-131.1919708252
8933059.0000000000,-131.2048645020
8953651.0000000000,-131.2189941406
8974289.0000000000,-131.2285003662
8994976.0000000000,-131.2416534424
9015710.0000000000,-131.3015289307
9036492.0000000000,-131.3894958496
9057321.0000000000,-131.4474487305
9078209.0000000000,-131.4927978516
9099135.0000000000,-131.5172424316
9120109.0000000000,-131.5242004395
9141132.0000000000,-131.5419311523
9162203.0000000000,-131.5444335938
9183322.0000000000,-131.5489349365
9204500.0000000000,-131.5910339355
9225718.0000000000,-131.6058349609
9246983.0000000000,-131.6616973877
9268298.0000000000,-131.6622924805
9289662.0000000000,-131.6825561523
9311076.0000000000,-131.7602996826
9332538.0000000000,-131.7896118164
9354061.0000000000,-131.7922058105
9375623.0000000000,-131.8069152832
9397234.0000000000,-131.8587799072
9418895.0000000000,-131.9158477783
9440607.0000000000,-131.9311981201
9462368.0000000000,-131.9327850342
9484190.0000000000,-131.9352722168
9506052.0000000000,-131.9371948242
9527964.0000000000,-131.9582824707
9549926.0000000000,-131.9599761963
9571940.0000000000,-131.9694519043
9594004.0000000000,-131.9734039307
9616118.0000000000,-131.9880981445
9638295.0000000000,-132.0416717529
9660512.0000000000,-132.0455017090
9682780.0000000000,-132.0513610840
9705099.0000000000,-132.0932922363
9727470.0000000000,-132.1498870850
9749893.0000000000,-132.1981658936
9772367.0000000000,-132.2346649170
9794904.0000000000,-132.2744293213
9817482.0000000000,-132.3049926758
9840112.0000000000,-132.3368988037
9862794.0000000000,-132.3506622314
9885528.0000000000,-132.3539428711
9908315.0000000000,-132.3547363281
9931165.0000000000,-132.3684234619
9954057.0000000000,-132.3693695068
9977002.0000000000,-132.3818206787
10000000.0000000000,-132.4109497070
10023051.0000000000,-132.4533538818
10046155.0000000000,-132.4993591309
10069312.0000000000,-132.5429687500
10092533.0000000000,-132.5856323242
10115797.0000000000,-132.6196441650
10139115.0000000000,-132.6481628418
10162486.0000000000,-132.6754302979
10185911.0000000000,-132.7015533447
10209391.0000000000,-132.7321014404
10232935.0000000000,-132.7684783936
10256523.0000000000,-132.8076477051
10280165.0000000000,-132.8518218994
10303861.0000000000,-132.8959655762
10327613.0000000000,-132.9400787354
10351418.0000000000,-132.9837646484
10375279.0000000000,-133.0260925293
10399206.0000000000,-133.0325927734
10423177.0000000000,-133.0335998535
10447203.0000000000,-133.0342102051
10471285.0000000000,-133.0514526367
10495422.0000000000,-133.0526428223
10519615.0000000000,-133.0677795410
10543863.0000000000,-133.0715942383
10568179.0000000000,-133.0742187500
10592540.0000000000,-133.1055755615
10616956.0000000000,-133.1067047119
10641429.0000000000,-133.1077575684
10665958.0000000000,-133.1419830322
10690544.0000000000,-133.1428222656
10715198.0000000000,-133.1436767578
10739898.0000000000,-133.1692657471
10764654.0000000000,-133.1703186035
10789467.0000000000,-133.1874694824
10814338.0000000000,-133.1936798096
10839265.0000000000,-133.1946411133
10864251.0000000000,-133.1957702637
10889305.0000000000,-133.2336273193
10914406.0000000000,-133.2816772461
10939565.0000000000,-133.3282623291
10964781.0000000000,-133.3716430664
10990056.0000000000,-133.4121246338
11015388.0000000000,-133.4479064941
11040792.0000000000,-133.4808197021
11066242.0000000000,-133.5101928711
11091750.0000000000,-133.5363616943
11117317.0000000000,-133.5597381592
11142944.0000000000,-133.5775604248
11168629.0000000000,-133.5920104980
11194373.0000000000,-133.5998535156
11220189.0000000000,-133.6051788330
11246053.0000000000,-133.6090240479
11271976.0000000000,-133.6125793457
11297958.0000000000,-133.6233367920
11324001.0000000000,-133.6348571777
11350104.0000000000,-133.6423034668
11376279.0000000000,-133.6457977295
11402502.0000000000,-133.6507415771
11428786.0000000000,-133.6537628174
11455130.0000000000,-133.6572875977
11481535.0000000000,-133.6641693115
11508000.0000000000,-133.6658935547
11534527.0000000000,-133.6676635742
11561128.0000000000,-133.6827392578
11587777.0000000000,-133.7213592529
11614488.0000000000,-133.7632446289
11641260.0000000000,-133.7931976318
11668094.0000000000,-133.8203430176
11694990.0000000000,-133.8334655762
11721947.0000000000,-133.8514404297
11748980.0000000000,-133.8790588379
11776062.0000000000,-133.9287567139
11803207.0000000000,-133.9981231689
11830414.0000000000,-134.0876617432
11857684.0000000000,-134.0995788574
11885017.0000000000,-134.1300354004
11912426.0000000000,-134.1324462891
11939885.0000000000,-134.1766815186
11967407.0000000000,-134.1820373535
11994993.0000000000,-134.1846771240
12022642.0000000000,-134.2551574707
12050355.0000000000,-134.2624206543
12078132.0000000000,-134.2671508789
12105986.0000000000,-134.3169403076
12133892.0000000000,-134.3430175781
12161861.0000000000,-134.3430633545
12189895.0000000000,-134.3739166260
12217994.0000000000,-134.3875732422
12246157.0000000000,-134.3919372559
12274399.0000000000,-134.4054260254
12302692.0000000000,-134.4086151123
12331051.0000000000,-134.4161071777
12359475.0000000000,-134.4241180420
12387964.0000000000,-134.4285583496
12416519.0000000000,-134.4473876953
12445140.0000000000,-134.4596557617
12473841.0000000000,-134.4611053467
12502594.0000000000,-134.4673004150
12531413.0000000000,-134.4850158691
12560299.0000000000,-134.4909515381
12589251.0000000000,-134.4916534424
12618270.0000000000,-134.5298614502
12647370.0000000000,-134.6042327881
12676523.0000000000,-134.6797637939
12705744.0000000000,-134.6915893555
12735031.0000000000,-134.7003936768
12764387.0000000000,-134.7101745605
12793809.0000000000,-134.7229919434
12823300.0000000000,-134.7244110107
12852873.0000000000,-134.7444763184
12882499.0000000000,-134.7491760254
12912195.0000000000,-134.7999114990
12941958.0000000000,-134.8441619873
12971790.0000000000,-134.8693389893
13001691.0000000000,-134.8847503662
13031661.0000000000,-134.8948974609
13061714.0000000000,-134.9136047363
13091822.0000000000,-134.9309387207
13122000.0000000000,-134.9438934326
13152247.0000000000,-134.9461212158
13182564.0000000000,-134.9466552734
13212951.0000000000,-134.9467010498
13243422.0000000000,-134.9704132080
13273949.0000000000,-135.0110015869
13304546.0000000000,-135.0719451904
13335214.0000000000,-135.1271514893
13365953.0000000000,-135.1702423096
13396762.0000000000,-135.1986083984
13427643.0000000000,-135.2268981934
13458609.0000000000,-135.2741088867
13489632.0000000000,-135.3443908691
13520727.0000000000,-135.4146575928
13551893.0000000000,-135.4286193848
13583131.0000000000,-135.4288330078
13614441.0000000000,-135.4448547363
13645839.0000000000,-135.4661712646
13677293.0000000000,-135.4865722656
13708820.0000000000,-135.4977111816
13740420.0000000000,-135.5307312012
13772093.0000000000,-135.5329742432
13803838.0000000000,-135.5401763916
13835657.0000000000,-135.6215972900
13867565.0000000000,-135.6988525391
13899530.0000000000,-135.7472381592
13931570.0000000000,-135.7526397705
13963683.0000000000,-135.7556610107
13995870.0000000000,-135.7566223145
14028132.0000000000,-135.7630004883
14060468.0000000000,-135.7644500732
14092893.0000000000,-135.7666931152
14125379.0000000000,-135.7672882080
14157939.0000000000,-135.7716522217
14190574.0000000000,-135.7946472168
14223284.0000000000,-135.8569183350
14256070.0000000000,-135.9356842041
14288946.0000000000,-136.0240936279
14321884.0000000000,-136.1073760986
14354896.0000000000,-136.1862640381
14387986.0000000000,-136.2425231934
14421151.0000000000,-136.2572784424
14454393.0000000000,-136.2753143311
14487711.0000000000,-136.2892761230
14521122.0000000000,-136.3162689209
14554594.0000000000,-136.3249206543
14588144.0000000000,-136.3620452881
14621770.0000000000,-136.3620452881
14655475.0000000000,-136.3620452881
14689257.0000000000,-136.3620452881
14723133.0000000000,-136.3771514893
14757070.0000000000,-136.3792724609
14791086.0000000000,-136.3793945313
14825181.0000000000,-136.3796844482
14859354.0000000000,-136.3835144043
14893606.0000000000,-136.3849487305
14927937.0000000000,-136.4004516602
14962363.0000000000,-136.4033813477
14996852.0000000000,-136.4204559326
15031421.0000000000,-136.4658660889
15066070.0000000000,-136.4914245605
15100798.0000000000,-136.5260772705
15135607.0000000000,-136.5631103516
15170512.0000000000,-136.5745697021
15205481.0000000000,-136.5793457031
15240531.0000000000,-136.5897064209
15275661.0000000000,-136.5994873047
15310873.0000000000,-136.6017303467
15346165.0000000000,-136.6149444580
15381539.0000000000,-136.6153869629
15417012.0000000000,-136.6213989258
15452549.0000000000,-136.6358642578
15488168.0000000000,-136.7250518799
15523870.0000000000,-136.7374572754
15559653.0000000000,-136.7405395508
15595519.0000000000,-136.8008422852
15631468.0000000000,-136.8126373291
15667517.0000000000,-136.8716888428
15703632.0000000000,-136.8970184326
15739830.0000000000,-136.9340209961
15776111.0000000000,-136.9752960205
15812476.0000000000,-137.0026855469
15848925.0000000000,-137.0485076904
15885475.0000000000,-137.0569458008
15922092.0000000000,-137.0798187256
15958794.0000000000,-137.1098937988
15995580.0000000000,-137.1257171631
16032451.0000000000,-137.1287078857
16069407.0000000000,-137.1571350098
16106448.0000000000,-137.1660156250
16143592.0000000000,-137.1761627197
16180804.0000000000,-137.1873016357
16218102.0000000000,-137.2168884277
16255486.0000000000,-137.2302551270
16292956.0000000000,-137.2486724854
16330513.0000000000,-137.3009185791
16368174.0000000000,-137.3072814941
16405903.0000000000,-137.3078002930
16443720.0000000000,-137.3201904297
16481624.0000000000,-137.3325805664
16519616.0000000000,-137.3362884521
16557694.0000000000,-137.3498992920
16595861.0000000000,-137.3575286865
16634134.0000000000,-137.3664550781
16672477.0000000000,-137.3827209473
16710908.0000000000,-137.3864440918
16749428.0000000000,-137.4178161621
16788036.0000000000,-137.4299468994
16826734.0000000000,-137.5518951416
16865540.0000000000,-137.5673828125
16904416.0000000000,-137.6049652100
16943382.0000000000,-137.6054840088
16982438.0000000000,-137.6696166992
17021582.0000000000,-137.6864318848
17060818.0000000000,-137.6954345703
17100146.0000000000,-137.7062225342
17139582.0000000000,-137.7149353027
17179090.0000000000,-137.7569427490
17218688.0000000000,-137.7788696289
17258378.0000000000,-137.7925872803
17298160.0000000000,-137.8042755127
17338034.0000000000,-137.8156433105
17378000.0000000000,-137.8556213379
17418076.0000000000,-137.8954620361
17458226.0000000000,-137.9042510986
17498468.0000000000,-137.9077301025
17538804.0000000000,-137.9617767334
17579232.0000000000,-137.9682006836
17619752.0000000000,-137.9747467041
17660388.0000000000,-137.9915161133
17701096.0000000000,-138.0254516602
17741898.0000000000,-138.0473022461
17782794.0000000000,-138.0473022461
17823784.0000000000,-138.0473022461
17864870.0000000000,-138.0473022461
17906050.0000000000,-138.0499572754
17947344.0000000000,-138.0590667725
17988714.0000000000,-138.0614471436
18030180.0000000000,-138.0875091553
18071740.0000000000,-138.1425476074
18113396.0000000000,-138.1490020752
18155150.0000000000,-138.1610107422
18197018.0000000000,-138.1974792480
18238964.0000000000,-138.2220611572
18281006.0000000000,-138.2670135498
18323144.0000000000,-138.2689361572
18365380.0000000000,-138.2701568604
18407714.0000000000,-138.3092041016
18450146.0000000000,-138.3524322510
18492694.0000000000,-138.5422515869
18535322.0000000000,-138.5439910889
18578046.0000000000,-138.6195220947
18620870.0000000000,-138.8046264648
18663792.0000000000,-138.8152465820
18706814.0000000000,-138.8223266602
18749934.0000000000,-138.8250732422
18793176.0000000000,-138.8272094727
18836496.0000000000,-138.8282470703
18879914.0000000000,-138.8342437744
18923434.0000000000,-138.8427734375
18967054.0000000000,-138.8645782471
19010774.0000000000,-138.8786315918
19054616.0000000000,-138.8786315918
19098538.0000000000,-138.8786315918
19142562.0000000000,-138.8786315918
19186688.0000000000,-138.8786315918
19230914.0000000000,-138.8786315918
19275242.0000000000,-138.8786315918
19319674.0000000000,-138.8786315918
19364228.0000000000,-138.8786315918
19408864.0000000000,-138.8645782471
19453602.0000000000,-138.8427734375
19498444.0000000000,-138.8427734375
19543390.0000000000,-138.8427734375
19588438.0000000000,-138.8427734375
19633612.0000000000,-138.8427734375
19678870.0000000000,-138.8645782471
19724230.0000000000,-138.8786315918
19769696.0000000000,-138.8958587646
19815268.0000000000,-138.8969573975
19860942.0000000000,-138.8969573975
19906724.0000000000,-138.8969573975
19952632.0000000000,-138.8969573975
19998624.0000000000,-138.8969573975
20044722.0000000000,-138.8969573975
20090926.0000000000,-138.8969573975
20137238.0000000000,-138.9039001465
20183656.0000000000,-138.9039001465
20230202.0000000000,-138.9039001465
20276834.0000000000,-138.9039001465
20323574.0000000000,-138.9109344482
20370422.0000000000,-138.9301605225
20417376.0000000000,-138.9334106445
20464440.0000000000,-138.9518890381
20511612.0000000000,-138.9532775879
20558916.0000000000,-138.9837646484
20606306.0000000000,-139.0124359131
20653804.0000000000,-139.0207519531
20701412.0000000000,-139.0299224854
20749130.0000000000,-139.0369567871
20796960.0000000000,-139.0369567871
20844898.0000000000,-139.0369567871
20892970.0000000000,-139.1022186279
20941130.0000000000,-139.1496734619
20989400.0000000000,-139.1632843018
21037782.0000000000,-139.1819610596
21086276.0000000000,-139.1931304932
21134882.0000000000,-139.2184448242
21183622.0000000000,-139.2241668701
21232452.0000000000,-139.2297058105
21281394.0000000000,-139.2497406006
21330448.0000000000,-139.3210144043
21379618.0000000000,-139.3457946777
21428898.0000000000,-139.3890838623
21478294.0000000000,-139.4026336670
21527826.0000000000,-139.4657440186
21577450.0000000000,-139.4858245850
21627188.0000000000,-139.5032501221
21677040.0000000000,-139.5970916748
21727006.0000000000,-139.6635894775
21777088.0000000000,-139.6807250977
21827310.0000000000,-139.6906890869
21877624.0000000000,-139.6964111328
21928054.0000000000,-139.7101745605
21978600.0000000000,-139.7135162354
22029262.0000000000,-139.7185821533
22080040.0000000000,-139.7942047119
22130936.0000000000,-139.8429870605
22181974.0000000000,-139.9044647217
22233106.0000000000,-139.9245147705
22284354.0000000000,-140.1972808838
22335722.0000000000,-140.2011566162
22387206.0000000000,-140.2278900146
22438810.0000000000,-140.3233032227
22490558.0000000000,-140.3287353516
22542400.0000000000,-140.3675079346
22594362.0000000000,-140.3871612549
22646444.0000000000,-140.4004211426
22698646.0000000000,-140.4004211426
22750968.0000000000,-140.4004211426
22803410.0000000000,-140.4004211426
22855998.0000000000,-140.4015960693
22908684.0000000000,-140.4439697266
22961490.0000000000,-140.4448089600
23014418.0000000000,-140.4726715088
23067468.0000000000,-140.5157623291
23120640.0000000000,-140.5364990234
23173934.0000000000,-140.5590362549
23227378.0000000000,-140.6221923828
23280918.0000000000,-140.6245727539
23334582.0000000000,-140.6256866455
23388370.0000000000,-140.6256866455
23442282.0000000000,-140.6245727539
23496318.0000000000,-140.6221923828
23550504.0000000000,-140.6221923828
23604790.0000000000,-140.6221923828
23659200.0000000000,-140.5739746094
23713738.0000000000,-140.5590362549
23768398.0000000000,-140.4726715088
23823186.0000000000,-140.4726715088
23878100.0000000000,-140.4726715088
23933168.0000000000,-140.4726715088
23988336.0000000000,-140.4726715088
24043630.0000000000,-140.4726715088
24099052.0000000000,-140.4726715088
24154602.0000000000,-140.5590362549
24210280.0000000000,-140.5739746094
24266114.0000000000,-140.6221923828
24322048.0000000000,-140.6221923828
24378112.0000000000,-140.6221923828
24434306.0000000000,-140.7781066895
24490628.0000000000,-140.8257141113
24547082.0000000000,-140.9045104980
24603664.0000000000,-140.9050140381
24660404.0000000000,-140.9050140381
24717248.0000000000,-140.9050140381
24774224.0000000000,-140.9458923340
24831330.0000000000,-140.9532623291
24888568.0000000000,-140.9762878418
24945938.0000000000,-141.0531921387
25003440.0000000000,-141.0588836670
25061102.0000000000,-141.0588836670
25118870.0000000000,-141.0588836670
25176770.0000000000,-141.0588836670
25234804.0000000000,-141.0588836670
25292972.0000000000,-141.0588836670
25351274.0000000000,-141.0588836670
25409740.0000000000,-141.0531921387
25468310.0000000000,-141.0531921387
25527016.0000000000,-141.0531921387
25585858.0000000000,-141.0531921387
25644836.0000000000,-141.0531921387
25703948.0000000000,-141.0531921387
25763198.0000000000,-141.0531921387
25822612.0000000000,-141.0531921387
25882136.0000000000,-141.0531921387
25941796.0000000000,-141.0531921387
26001594.0000000000,-141.0531921387
26061528.0000000000,-141.0588836670
26121602.0000000000,-141.0599822998
26181844.0000000000,-141.1137695313
26242194.0000000000,-141.1328430176
26302684.0000000000,-141.1328430176
26363314.0000000000,-141.1328430176
26424084.0000000000,-141.1328430176
26484992.0000000000,-141.1328430176
26546042.0000000000,-141.1580047607
26607262.0000000000,-141.1580047607
26668594.0000000000,-141.1580047607
26730066.0000000000,-141.1580047607
26791682.0000000000,-141.1580047607
26853438.0000000000,-141.1580047607
26915338.0000000000,-141.1580047607
26977408.0000000000,-141.1580047607
27039594.0000000000,-141.1591644287
27101922.0000000000,-141.1591644287
27164394.0000000000,-141.1591644287
27227010.0000000000,-141.1962738037
27289770.0000000000,-141.1962738037
27352674.0000000000,-141.1962738037
27415754.0000000000,-141.1962738037
27478950.0000000000,-141.1986541748
27542290.0000000000,-141.2398376465
27605778.0000000000,-141.3226165771
27669410.0000000000,-141.3236541748
27733190.0000000000,-141.3801574707
27797118.0000000000,-141.3801574707
27861222.0000000000,-141.4319610596
27925444.0000000000,-141.4384155273
27989814.0000000000,-141.5086059570
28054334.0000000000,-141.5352020264
28119000.0000000000,-141.5517730713
28183816.0000000000,-141.5526428223
28248814.0000000000,-141.5796661377
28313930.0000000000,-141.6493988037
28379194.0000000000,-141.6493988037
28444610.0000000000,-141.7602996826
28510178.0000000000,-141.7775573730
28575896.0000000000,-141.7885742188
28641766.0000000000,-141.7885742188
28707818.0000000000,-141.7923583984
28773992.0000000000,-141.8534851074
28840318.0000000000,-141.8758087158
28906796.0000000000,-141.9011077881
28973428.0000000000,-141.9054565430
29040214.0000000000,-141.9054565430
29107186.0000000000,-141.9054565430
29174280.0000000000,-141.9054565430
29241530.0000000000,-141.9054565430
29308932.0000000000,-141.9054565430
29376492.0000000000,-141.9054565430
29444208.0000000000,-141.9011077881
29512078.0000000000,-141.8758087158
29580138.0000000000,-141.8534851074
29648322.0000000000,-141.7885742188
29716664.0000000000,-141.7885742188
29785162.0000000000,-141.7885742188
29853820.0000000000,-141.7885742188
29922634.0000000000,-141.7885742188
29991642.0000000000,-141.7602996826
30060774.0000000000,-141.7121124268
30130066.0000000000,-141.6305389404
30199518.0000000000,-141.5526428223
30269130.0000000000,-141.5411529541
30338904.0000000000,-141.5352020264
30408836.0000000000,-141.4384155273
30478964.0000000000,-141.3984375000
30549220.0000000000,-141.3525543213
30619638.0000000000,-141.2750091553
30690220.0000000000,-141.2750091553
30760962.0000000000,-141.2750091553
30831868.0000000000,-141.2750091553
30902938.0000000000,-141.2750091553
30974206.0000000000,-141.2750091553
31045604.0000000000,-141.2750091553
31117166.0000000000,-141.2750091553
31188892.0000000000,-141.2750091553
31260786.0000000000,-141.2750091553
31332844.0000000000,-141.2750091553
31405102.0000000000,-141.2750091553
31477494.0000000000,-141.2750091553
31550052.0000000000,-141.2750091553
31622776.0000000000,-141.2750091553
31695670.0000000000,-141.2750091553
31768730.0000000000,-141.2750091553
31841960.0000000000,-141.2750091553
31915392.0000000000,-141.2750091553
31988960.0000000000,-141.2750091553
32062696.0000000000,-141.2750091553
32136604.0000000000,-141.3255310059
32210680.0000000000,-141.5591278076
32284928.0000000000,-141.5774383545
32359382.0000000000,-141.6423339844
32433974.0000000000,-141.6450805664
32508736.0000000000,-141.7933502197
32583670.0000000000,-141.8112335205
32658778.0000000000,-141.8735656738
32734060.0000000000,-141.9789428711
32809514.0000000000,-142.0133056641
32885178.0000000000,-142.0133056641
32960980.0000000000,-142.0133056641
33036958.0000000000,-142.0133056641
33113110.0000000000,-142.0133056641
33189438.0000000000,-142.0133056641
33265942.0000000000,-142.0133056641
33342624.0000000000,-142.0133056641
33419516.0000000000,-142.0133056641
33496552.0000000000,-142.1271057129
33573764.0000000000,-142.1275329590
33651152.0000000000,-142.2106628418
33728720.0000000000,-142.3176727295
33806468.0000000000,-142.3205718994
33884432.0000000000,-142.3205718994
33962536.0000000000,-142.3205718994
34040824.0000000000,-142.3205718994
34119292.0000000000,-142.3205718994
34197936.0000000000,-142.4660034180
34276768.0000000000,-142.4736022949
34355776.0000000000,-142.6152038574
34435008.0000000000,-142.6277008057
34514384.0000000000,-142.6549530029
34593940.0000000000,-142.6699676514
34673680.0000000000,-142.7519683838
34753608.0000000000,-142.7908477783
34833716.0000000000,-142.7908477783
34914048.0000000000,-142.7908477783
34994528.0000000000,-142.7908477783
35075192.0000000000,-142.7908477783
35156044.0000000000,-142.7908477783
35237080.0000000000,-142.7908477783
35318304.0000000000,-142.7908477783
35399716.0000000000,-142.7908477783
35481356.0000000000,-142.7908477783
35563140.0000000000,-142.7908477783
35645116.0000000000,-142.7908477783
35727280.0000000000,-142.7908477783
35809636.0000000000,-142.7908477783
35892180.0000000000,-142.7908477783
35974952.0000000000,-143.1786193848
36057876.0000000000,-143.4152069092
36140992.0000000000,-143.4161071777
36224300.0000000000,-143.5105133057
36307800.0000000000,-143.5105133057
36391492.0000000000,-143.5105133057
36475376.0000000000,-143.5105133057
36559496.0000000000,-143.5105133057
36643768.0000000000,-143.5105133057
36728236.0000000000,-143.5105133057
36812896.0000000000,-143.5105133057
36897752.0000000000,-143.5105133057
36982804.0000000000,-143.5105133057
37068052.0000000000,-143.5105133057
37153536.0000000000,-143.5111541748
37239180.0000000000,-143.5532379150
37325020.0000000000,-143.5540924072
37411056.0000000000,-143.6712799072
37497292.0000000000,-143.6851348877
37583724.0000000000,-143.7537078857
37670400.0000000000,-143.8268737793
37757232.0000000000,-143.8484954834
37844264.0000000000,-143.8823852539
37931500.0000000000,-143.8823852539
38018932.0000000000,-143.8484954834
38106568.0000000000,-143.7537078857
38194408.0000000000,-143.7537078857
38282492.0000000000,-143.7537078857
38370736.0000000000,-143.7537078857
38459180.0000000000,-143.7657623291
38547832.0000000000,-143.8823852539
38636688.0000000000,-143.9011383057
38725748.0000000000,-143.9633636475
38815056.0000000000,-143.9633636475
38904528.0000000000,-143.9633636475
38994204.0000000000,-143.8823852539
39084092.0000000000,-143.8032073975
39174180.0000000000,-143.7657623291
39264480.0000000000,-143.7537078857
39354988.0000000000,-143.5540924072
39445748.0000000000,-143.4733123779
39536672.0000000000,-143.4305114746
39627808.0000000000,-143.2769165039
39719152.0000000000,-143.2732696533
39810708.0000000000,-143.2732696533
39902476.0000000000,-143.2732696533
39994496.0000000000,-143.2769165039
40086688.0000000000,-143.4458923340
40179088.0000000000,-143.4733123779
40271704.0000000000,-143.5540924072
40364536.0000000000,-143.7159729004
40457576.0000000000,-143.7657623291
40550836.0000000000,-143.8032073975
40644352.0000000000,-143.8823852539
40738040.0000000000,-143.9633636475
40831944.0000000000,-144.0719909668
40926064.0000000000,-144.1517944336
41020404.0000000000,-144.3701171875
41114956.0000000000,-144.3701171875
41209732.0000000000,-144.3701171875
41304768.0000000000,-144.3701171875
41399976.0000000000,-144.3701171875
41495408.0000000000,-144.4763336182
41591056.0000000000,-144.4763336182
41686928.0000000000,-144.4763336182
41783020.0000000000,-144.4763336182
41879376.0000000000,-144.4763336182
41975912.0000000000,-144.4763336182
42072668.0000000000,-144.4763336182
42169652.0000000000,-144.4763336182
42266856.0000000000,-144.5153808594
42364284.0000000000,-144.5153808594
42461936.0000000000,-144.5153808594
42559860.0000000000,-144.5153808594
42657964.0000000000,-144.5153808594
42756292.0000000000,-144.5999450684
42854848.0000000000,-144.7838592529
42953632.0000000000,-144.8899841309
43052644.0000000000,-145.1912841797
43151932.0000000000,-145.2380218506
43251400.0000000000,-145.2464294434
43351096.0000000000,-145.2741546631
43451024.0000000000,-145.3208770752
43551180.0000000000,-145.3873901367
43651568.0000000000,-145.5260314941
43752188.0000000000,-145.5409545898
43853088.0000000000,-145.5715789795
43954176.0000000000,-145.7313079834
44055492.0000000000,-145.7747955322
44157044.0000000000,-145.7747955322
44258828.0000000000,-145.7747955322
44360848.0000000000,-145.7747955322
44463104.0000000000,-145.7747955322
44565644.0000000000,-145.7739257813
44668368.0000000000,-145.5409545898
44771332.0000000000,-145.5409545898
44874532.0000000000,-145.5409545898
44977972.0000000000,-145.5409545898
45081652.0000000000,-145.5409545898
45185616.0000000000,-145.5409545898
45289772.0000000000,-145.5409545898
45394168.0000000000,-145.5409545898
45498804.0000000000,-145.6047821045
45603684.0000000000,-145.7739257813
45708804.0000000000,-146.0218505859
45814164.0000000000,-146.0218505859
45919820.0000000000,-146.0218505859
46025668.0000000000,-146.0218505859
46131760.0000000000,-146.0218505859
46238100.0000000000,-146.0218505859
46344680.0000000000,-146.0218505859
46451508.0000000000,-146.0478210449
46558632.0000000000,-146.0543670654
46665956.0000000000,-146.1232757568
46773524.0000000000,-146.1871337891
46881340.0000000000,-146.1871337891
46989404.0000000000,-146.1871337891
47097716.0000000000,-146.1871337891
47206280.0000000000,-146.1871337891
47315148.0000000000,-146.1232757568
47424212.0000000000,-146.0543670654
47533528.0000000000,-146.0478210449
47643096.0000000000,-146.0478210449
47752916.0000000000,-146.0478210449
47862992.0000000000,-146.0478210449
47973372.0000000000,-146.0478210449
48083952.0000000000,-146.0478210449
48194788.0000000000,-146.0478210449
48305880.0000000000,-146.0478210449
48417232.0000000000,-146.0478210449
48528836.0000000000,-146.0543670654
48640696.0000000000,-146.1232757568
48752872.0000000000,-146.1871337891
48865252.0000000000,-146.2206573486
48977888.0000000000,-146.3199157715
49090784.0000000000,-146.3766174316
49203944.0000000000,-146.3856506348
49317364.0000000000,-146.4492340088
49431044.0000000000,-146.4492340088
49545040.0000000000,-146.4492340088
49659244.0000000000,-146.4492340088
49773712.0000000000,-146.4492340088
49888444.0000000000,-146.5168151855
50003440.0000000000,-146.6617279053
50118700.0000000000,-146.7335815430
50234284.0000000000,-146.7733001709
50350076.0000000000,-146.7733001709
50466136.0000000000,-146.7733001709
50582464.0000000000,-146.7733001709
50699060.0000000000,-146.7733001709
50815928.0000000000,-146.7733001709
50933060.0000000000,-146.7733001709
51050520.0000000000,-146.7991180420
51168196.0000000000,-146.7991180420
51286144.0000000000,-146.7991180420
51404360.0000000000,-146.7991180420
51522852.0000000000,-146.7991180420
51641616.0000000000,-146.7991180420
51760712.0000000000,-146.7991180420
51880024.0000000000,-146.7991180420
51999608.0000000000,-146.7991180420
52119472.0000000000,-146.7991180420
52239612.0000000000,-146.7991180420
52360028.0000000000,-146.8711242676
52480720.0000000000,-146.8711242676
52601752.0000000000,-146.7991180420
52723000.0000000000,-146.7733001709
52844532.0000000000,-146.7501525879
52966340.0000000000,-146.6334838867
53088432.0000000000,-146.5168151855
53210804.0000000000,-146.5168151855
53333520.0000000000,-146.5168151855
53456456.0000000000,-146.5168151855
53579676.0000000000,-146.5168151855
53703180.0000000000,-146.5168151855
53826972.0000000000,-146.5168151855
53951048.0000000000,-146.6334838867
54075408.0000000000,-146.7501525879
54200116.0000000000,-146.7501525879
54325048.0000000000,-146.7501525879
54450272.0000000000,-146.7501525879
54575784.0000000000,-146.7501525879
54701584.0000000000,-146.7501525879
54827676.0000000000,-146.7501525879
54954060.0000000000,-146.7501525879
55080792.0000000000,-146.7501525879
55207756.0000000000,-146.7501525879
55335016.0000000000,-147.1291961670
55462564.0000000000,-147.2807617188
55590412.0000000000,-147.3877716064
55718552.0000000000,-147.4669189453
55847048.0000000000,-147.4669189453
55975780.0000000000,-147.4669189453
56104808.0000000000,-147.3877716064
56234132.0000000000,-147.3877716064
56363756.0000000000,-147.3877716064
56493680.0000000000,-147.3877716064
56623900.0000000000,-147.3877716064
56754484.0000000000,-147.4669189453
56885308.0000000000,-147.4769592285
57016432.0000000000,-147.4897918701
57147860.0000000000,-147.4897918701
57279588.0000000000,-147.4897918701
57411624.0000000000,-147.4897918701
57544024.0000000000,-147.4769592285
57676668.0000000000,-147.4669189453
57809616.0000000000,-147.4669189453
57942872.0000000000,-147.4669189453
58076432.0000000000,-147.4669189453
58210304.0000000000,-147.4669189453
58344484.0000000000,-147.4669189453
58479036.0000000000,-147.4669189453
58613832.0000000000,-147.4579162598
58748944.0000000000,-147.3877716064
58884364.0000000000,-147.1291961670
59020096.0000000000,-146.9396057129
59156140.0000000000,-146.9396057129
59292500.0000000000,-146.9396057129
59429240.0000000000,-146.9396057129
59566228.0000000000,-146.9396057129
59703532.0000000000,-146.9396057129
59841152.0000000000,-146.9396057129
59979092.0000000000,-146.9396057129
60117348.0000000000,-146.9396057129
60255988.0000000000,-146.9396057129
60394884.0000000000,-146.8696289063
60534096.0000000000,-146.7079772949
60673632.0000000000,-146.6581878662
60813488.0000000000,-146.6075897217
60953668.0000000000,-146.4876708984
61094172.0000000000,-146.4617767334
61235064.0000000000,-146.4617767334
61376216.0000000000,-146.4617767334
61517692.0000000000,-146.4876708984
61659496.0000000000,-146.6075897217
61801624.0000000000,-146.6581878662
61944080.0000000000,-146.7079772949
62086936.0000000000,-146.7958984375
62230048.0000000000,-146.9396057129
62373496.0000000000,-146.9396057129
62517268.0000000000,-146.9396057129
62661376.0000000000,-146.9396057129
62805816.0000000000,-146.9396057129
62950588.0000000000,-146.9418945313
63095764.0000000000,-147.0527801514
63241204.0000000000,-147.0904388428
63386976.0000000000,-147.1539459229
63533088.0000000000,-147.2139129639
63679536.0000000000,-147.4190979004
63826324.0000000000,-147.4190979004
63973516.0000000000,-147.4190979004
64120980.0000000000,-147.4190979004
64268784.0000000000,-147.4375762939
64416928.0000000000,-147.6370239258
64565416.0000000000,-147.9046630859
64714244.0000000000,-147.9823455811
64863412.0000000000,-148.0354003906
65013000.0000000000,-148.0739288330
65162860.0000000000,-148.0739288330
65313064.0000000000,-148.0354003906
65463616.0000000000,-148.0739288330
65614512.0000000000,-148.1694030762
65765760.0000000000,-148.1938171387
65917356.0000000000,-148.3498229980
66069372.0000000000,-148.4387207031
66221664.0000000000,-148.4672698975
66374312.0000000000,-148.4806060791
66527308.0000000000,-148.5958709717
66680660.0000000000,-148.5958709717
66834364.0000000000,-148.5958709717
66988492.0000000000,-148.5958709717
67142904.0000000000,-148.5958709717
67297680.0000000000,-148.5958709717
67452800.0000000000,-148.4806060791
67608288.0000000000,-148.4672698975
67764128.0000000000,-148.4806060791
67920328.0000000000,-148.5958709717
68076968.0000000000,-148.6940612793
68233888.0000000000,-148.7579956055
68391168.0000000000,-148.7579956055
68548816.0000000000,-148.7579956055
68706824.0000000000,-148.7579956055
68865200.0000000000,-148.7579956055
69024016.0000000000,-148.7579956055
69183120.0000000000,-148.7579956055
69342592.0000000000,-148.7579956055
69502432.0000000000,-148.7579956055
69662640.0000000000,-148.7579956055
69823216.0000000000,-148.7878723145
69984168.0000000000,-148.8125152588
70145560.0000000000,-148.8125152588
70307248.0000000000,-148.8125152588
70469312.0000000000,-148.8125152588
70631752.0000000000,-148.7878723145
70794560.0000000000,-148.7878723145
70957752.0000000000,-148.7878723145
71121392.0000000000,-148.7878723145
71285328.0000000000,-148.7878723145
71449648.0000000000,-148.7878723145
71614344.0000000000,-148.7878723145
71779424.0000000000,-148.7878723145
71944880.0000000000,-148.7878723145
72110712.0000000000,-148.7579956055
72277016.0000000000,-148.5803070068
72443616.0000000000,-148.2877655029
72610608.0000000000,-148.2429199219
72777976.0000000000,-148.0363311768
72945736.0000000000,-147.8775634766
73113880.0000000000,-147.8775634766
73282416.0000000000,-148.0363311768
73451416.0000000000,-148.0363311768
73620728.0000000000,-148.0363311768
73790432.0000000000,-148.0363311768
73960520.0000000000,-148.0363311768
74131008.0000000000,-148.0363311768
74301880.0000000000,-148.2429199219
74473232.0000000000,-148.2429199219
74644904.0000000000,-148.0363311768
74816960.0000000000,-147.8775634766
74989424.0000000000,-147.8146667480
75162280.0000000000,-147.7344665527
75335528.0000000000,-147.6697845459
75509184.0000000000,-147.6111907959
75683320.0000000000,-147.5864410400
75857776.0000000000,-147.5320434570
76032632.0000000000,-147.3410491943
76207896.0000000000,-147.3410491943
76383560.0000000000,-147.3410491943
76559632.0000000000,-147.3410491943
76736192.0000000000,-147.3410491943
76913072.0000000000,-147.3410491943
77090360.0000000000,-147.3410491943
77268064.0000000000,-147.5320434570
77446168.0000000000,-147.5864410400
77624688.0000000000,-147.5864410400
77803616.0000000000,-147.5864410400
77983048.0000000000,-147.5320434570
78162800.0000000000,-147.4822082520
78342976.0000000000,-147.4822082520
78523560.0000000000,-147.4822082520
78704560.0000000000,-147.4822082520
78885984.0000000000,-147.3410491943
79067816.0000000000,-147.0729675293
79250160.0000000000,-147.0620422363
79432840.0000000000,-146.9754180908
79615936.0000000000,-146.9470825195
79799456.0000000000,-146.8587493896
79983400.0000000000,-146.6836242676
80167768.0000000000,-146.6382751465
80352648.0000000000,-146.6382751465
80537872.0000000000,-146.6382751465
80723512.0000000000,-146.6382751465
80909592.0000000000,-146.6836242676
81096088.0000000000,-146.6983642578
81283024.0000000000,-146.8587493896
81470384.0000000000,-146.8587493896
81658272.0000000000,-146.6983642578
81846496.0000000000,-146.6983642578
82035160.0000000000,-146.6983642578
82224256.0000000000,-146.7885894775
82413792.0000000000,-146.7885894775
82603760.0000000000,-146.7885894775
82794256.0000000000,-146.6983642578
82985104.0000000000,-146.6836242676
83176392.0000000000,-146.6983642578
83368120.0000000000,-146.7885894775
83560288.0000000000,-146.8755035400
83752904.0000000000,-146.8755035400
83945960.0000000000,-146.8755035400
84139552.0000000000,-146.8755035400
84333496.0000000000,-146.8755035400
84527896.0000000000,-146.8755035400
84722736.0000000000,-146.8755035400
84918032.0000000000,-146.8755035400
85113768.0000000000,-146.8755035400
85310056.0000000000,-146.8755035400
85506704.0000000000,-146.8755035400
85703800.0000000000,-146.8755035400
85901352.0000000000,-146.8755035400
86099360.0000000000,-146.8755035400
86297832.0000000000,-146.8755035400
86496752.0000000000,-146.8755035400
86696224.0000000000,-146.8967285156
86896072.0000000000,-146.9126129150
87096368.0000000000,-147.0780029297
87297136.0000000000,-147.2046508789
87498360.0000000000,-147.7157135010
87700048.0000000000,-147.7157135010
87902208.0000000000,-147.7157135010
88104920.0000000000,-147.7157135010
88308008.0000000000,-147.2046508789
88511568.0000000000,-147.1597290039
88715592.0000000000,-147.0780029297
88920088.0000000000,-147.0780029297
89125056.0000000000,-146.9126129150
89330592.0000000000,-146.8967285156
89536504.0000000000,-146.8967285156
89742896.0000000000,-146.8967285156
89949760.0000000000,-146.8967285156
90157096.0000000000,-146.8967285156
90364920.0000000000,-147.0780029297
90573216.0000000000,-147.1597290039
90782088.0000000000,-147.5445556641
90991352.0000000000,-147.7157135010
91201088.0000000000,-147.8871154785
91411320.0000000000,-148.1056671143
91622024.0000000000,-148.5771942139
91833224.0000000000,-148.5771942139
92045008.0000000000,-148.5771942139
92257176.0000000000,-148.5771942139
92469832.0000000000,-148.1056671143
92682984.0000000000,-148.4354248047
92896624.0000000000,-148.2814331055
93110760.0000000000,-148.2814331055
93325384.0000000000,-148.2814331055
93540608.0000000000,-148.2814331055
93756224.0000000000,-148.2814331055
93972344.0000000000,-148.2814331055
94188952.0000000000,-148.2814331055
94406064.0000000000,-148.2814331055
94623680.0000000000,-148.2814331055
94841896.0000000000,-148.2814331055
95060512.0000000000,-148.2814331055
95279640.0000000000,-148.1918334961
95499264.0000000000,-148.1918334961
95719392.0000000000,-148.1918334961
95940032.0000000000,-148.1738128662
96161184.0000000000,-148.1738128662
96382952.0000000000,-148.1738128662
96605120.0000000000,-148.1738128662
96827800.0000000000,-148.1918334961
97050992.0000000000,-148.2814331055
97274704.0000000000,-148.3062438965
97498928.0000000000,-148.4354248047
97723672.0000000000,-148.7142028809
97949040.0000000000,-148.7220001221
98174816.0000000000,-149.1007537842
98401120.0000000000,-149.1727752686
98627936.0000000000,-149.3175354004
98855280.0000000000,-149.5938720703
99083152.0000000000,-149.7622528076
99311656.0000000000,-149.7622528076
99540576.0000000000,-149.7622528076
99770024.0000000000,-149.5938720703
100000000.0000000000,-149.3175354004
