Type,FSWP-50
Version,3.02SP1
Date,03.Jul 2026
VSupply,ON
Mode,Voltage
Voltage Set,0.6000000000,V
Voltage Min,0.0000000000,V
Voltage Max,0.6500000000,V
Voltage Meas,0.6054082786,V
Current Max,20.0000000000,mA
Current Meas,18.3619025735,mA
VTune,OFF
Voltage Set,0.0000000000,V
Voltage Min,0.0000000000,V
Voltage Max,0.0100000000,V
Voltage Meas,-0.0264648489,V
Current Max,20.0000000000,mA
Current Meas,0.1462162370,mA
VAux,OFF
Voltage Set,0.0000000000,V
Voltage Min,-10.0000000000,V
Voltage Max,10.0000000000,V
Voltage Meas,-0.0110306411,V
Current Max,100.0000000000,mA
Current Meas,-0.0791547852,mA
Mode,Phase Noise
Measurement,Phase Noise
Input,RF
RF Att,0.0000000000,dB
Coupling,AC
RBW,2.0000000000,%
XCORR Factor,1000
XCORR Optimize,ON
Estimated Meas Time,3.7457527981,s
Sweep Count,5
Signal Frequency,21854028963.4046401978,Hz
Signal Level,-22.7489000000,dBm
Start,10000.0000000000,Hz
Stop,100000000.0000000000,Hz
SubSweep,1
Start,10000.0000000000,Hz
Stop,30000.0000000000,Hz
RBW,600.0000000000,Hz
XCORR Count,1000
SubSweep,2
Start,30000.0000000000,Hz
Stop,100000.0000000000,Hz
RBW,600.0000000000,Hz
XCORR Count,1000
SubSweep,3
Start,100000.0000000000,Hz
Stop,300000.0000000000,Hz
RBW,2000.0000000000,Hz
XCORR Count,3300
SubSweep,4
Start,300000.0000000000,Hz
Stop,1000000.0000000000,Hz
RBW,6000.0000000000,Hz
XCORR Count,10000
SubSweep,5
Start,1000000.0000000000,Hz
Stop,3000000.0000000000,Hz
RBW,20000.0000000000,Hz
XCORR Count,10000
SubSweep,6
Start,3000000.0000000000,Hz
Stop,10000000.0000000000,Hz
RBW,60000.0000000000,Hz
XCORR Count,10000
SubSweep,7
Start,10000000.0000000000,Hz
Stop,30000000.0000000000,Hz
RBW,200000.0000000000,Hz
XCORR Count,10000
SubSweep,8
Start,30000000.0000000000,Hz
Stop,100000000.0000000000,Hz
RBW,600000.0000000000,Hz
XCORR Count,10000
Integrated Measurements Range,1
Start,10000.0000000000,Hz
Stop,100000000.0000000000,Hz
Weighting,OFF
Integrated Measurements Range,2
Start,10000.0000000000,Hz
Stop,100000000.0000000000,Hz
Weighting,OFF
Integrated Measurements Range,3
Start,10000.0000000000,Hz
Stop,100000000.0000000000,Hz
Weighting,OFF
Integrated Measurements Range,4
Start,10000.0000000000,Hz
Stop,100000000.0000000000,Hz
Weighting,OFF
Integrated Measurements Range,5
Start,10000.0000000000,Hz
Stop,100000000.0000000000,Hz
Weighting,OFF
Integrated Measurements Range,6
Start,10000.0000000000,Hz
Stop,100000000.0000000000,Hz
Weighting,OFF
Integrated Measurements Range,7
Start,10000.0000000000,Hz
Stop,100000000.0000000000,Hz
Weighting,OFF
Integrated Measurements Range,8
Start,10000.0000000000,Hz
Stop,100000000.0000000000,Hz
Weighting,OFF
Integrated Measurements Range,9
Start,10000.0000000000,Hz
Stop,100000000.0000000000,Hz
Weighting,OFF
Integrated Measurements Range,10
Start,10000.0000000000,Hz
Stop,100000000.0000000000,Hz
Weighting,OFF
Spot Noise Decade Edges,OFF
Spot Noise User Defined,ON
Spot Noise User Defined Offset,1
State,OFF
Offset,1000.0000000000,Hz
Spot Noise User Defined Offset,2
State,OFF
Offset,10000.0000000000,Hz
Spot Noise User Defined Offset,3
State,ON
Offset,100000.0000000000,Hz
Spot Noise User Defined Offset,4
State,ON
Offset,1000000.0000000000,Hz
Spot Noise User Defined Offset,5
State,ON
Offset,10000000.0000000000,Hz
Spot Noise User Defined Offset,6
State,OFF
Offset,100000000.0000000000,Hz
Window,1,Noise Spectrum
Trace,1
Trace Mode,CLR/WRITE
Trace Result,PN
Smoothing,ON
Smoothing Value,1.0000000000,%
Spurious Removal,ON
Spurious Removal Threshold,6.0000000000,dB
Trace Offset,OFF
Trace Offset,0.0000000000,dB
Trace Label,OFF
Trace Label,Trace 1
x-Unit,Hz
y-Unit,dBc/Hz
Values,4001
10000.0000000000,-53.9535331726
10023.0507812500,-53.9709396362
10046.1542968750,-53.9883460999
10069.3115234375,-54.0057487488
10092.5332031250,-54.0269241333
10115.7968750000,-54.0483436584
10139.1152343750,-54.0697631836
10162.4863281250,-54.0911865234
10185.9111328125,-54.1162681580
10209.3906250000,-54.1441001892
10232.9355468750,-54.1719436646
10256.5234375000,-54.1997756958
10280.1650390625,-54.2287864685
10303.8613281250,-54.2613258362
10327.6123046875,-54.2938690186
10351.4189453125,-54.3264122009
10375.2792968750,-54.3589553833
10399.2060546875,-54.3932723999
10423.1777343750,-54.4276313782
10447.2031250000,-54.4619903564
10471.2851562500,-54.4963493347
10495.4218750000,-54.5308799744
10519.6152343750,-54.5654792786
10543.8632812500,-54.6000747681
10568.1787109375,-54.6346893311
10592.5400390625,-54.6693763733
10616.9560546875,-54.7041435242
10641.4287109375,-54.7389068604
10665.9580078125,-54.7736740112
10690.5439453125,-54.8084564209
10715.1982421875,-54.8432884216
10739.8974609375,-54.8781013489
10764.6533203125,-54.9129142761
10789.4667968750,-54.9473152161
10814.3378906250,-54.9805717468
10839.2656250000,-55.0138282776
10864.2509765625,-55.0470848083
10889.3056640625,-55.0794563293
10914.4062500000,-55.1079330444
10939.5644531250,-55.1364097595
10964.7812500000,-55.1648864746
10990.0556640625,-55.1921310425
11015.3886718750,-55.2122497559
11040.7919921875,-55.2323760986
11066.2412109375,-55.2524948120
11091.7500000000,-55.2711448669
11117.3173828125,-55.2811470032
11142.9433593750,-55.2911491394
11168.6289062500,-55.3011474609
11194.3730468750,-55.3097038269
11220.1894531250,-55.3115959167
11246.0527343750,-55.3134918213
11271.9755859375,-55.3153839111
11297.9580078125,-55.3157844543
11324.0009765625,-55.3161010742
11350.1035156250,-55.3164138794
11376.2792968750,-55.3167304993
11402.5019531250,-55.3173370361
11428.7861328125,-55.3222999573
11455.1298828125,-55.3272666931
11481.5351562500,-55.3322296143
11508.0000000000,-55.3425865173
11534.5273437500,-55.3584899902
11561.1279296875,-55.3744010925
11587.7773437500,-55.3903083801
11614.4873046875,-55.4143829346
11641.2597656250,-55.4425468445
11668.0937500000,-55.4707107544
11694.9892578125,-55.4988746643
11721.9472656250,-55.5347442627
11748.9804687500,-55.5717506409
11776.0625000000,-55.6087379456
11803.2070312500,-55.6460113525
11830.4140625000,-55.6855125427
11857.6845703125,-55.7250137329
11885.0166015625,-55.7645149231
11912.4257812500,-55.8027915955
11939.8847656250,-55.8390655518
11967.4072265625,-55.8753395081
11994.9931640625,-55.9116134644
12022.6425781250,-55.9442787170
12050.3554687500,-55.9753112793
12078.1318359375,-56.0063438416
12105.9863281250,-56.0373229980
12133.8916015625,-56.0655441284
12161.8613281250,-56.0937652588
12189.8955078125,-56.1219825745
12217.9931640625,-56.1508827209
12246.1572265625,-56.1808509827
12274.3984375000,-56.2108345032
12302.6923828125,-56.2408027649
12331.0507812500,-56.2747688293
12359.4746093750,-56.3098220825
12387.9638671875,-56.3448753357
12416.5195312500,-56.3810844421
12445.1396484375,-56.4216041565
12473.8408203125,-56.4621429443
12502.5937500000,-56.5026626587
12531.4130859375,-56.5457954407
12560.2988281250,-56.5902328491
12589.2509765625,-56.6346740723
12618.2705078125,-56.6795425415
12647.3701171875,-56.7268676758
12676.5234375000,-56.7741661072
12705.7441406250,-56.8214683533
12735.0312500000,-56.8709716797
12764.3867187500,-56.9216041565
12793.8095703125,-56.9722366333
12823.2998046875,-57.0236091614
12852.8730468750,-57.0779533386
12882.4990234375,-57.1322708130
12912.1943359375,-57.1865921021
12941.9580078125,-57.2418594360
12971.7900390625,-57.2974128723
13001.6914062500,-57.3529701233
13031.6611328125,-57.4068183899
13061.7138671875,-57.4576721191
13091.8222656250,-57.5085029602
13122.0000000000,-57.5593338013
13152.2470703125,-57.5987663269
13182.5634765625,-57.6379852295
13212.9501953125,-57.6772041321
13243.4218750000,-57.7068557739
13273.9492187500,-57.7308158875
13304.5468750000,-57.7547721863
13335.2138671875,-57.7747535706
13365.9531250000,-57.7854537964
13396.7626953125,-57.7961578369
13427.6425781250,-57.8068580627
13458.6093750000,-57.8108406067
13489.6328125000,-57.8148002625
13520.7265625000,-57.8187599182
13551.8935546875,-57.8232536316
13583.1308593750,-57.8279533386
13614.4414062500,-57.8326530457
13645.8388671875,-57.8400802612
13677.2929687500,-57.8506164551
13708.8203125000,-57.8611564636
13740.4199218750,-57.8734321594
13772.0927734375,-57.8913002014
13803.8388671875,-57.9091682434
13835.6572265625,-57.9272460938
13867.5644531250,-57.9517173767
13899.5302734375,-57.9761772156
13931.5693359375,-58.0006332397
13963.6826171875,-58.0303421021
13995.8701171875,-58.0609703064
14028.1318359375,-58.0916023254
14060.4677734375,-58.1270637512
14092.8935546875,-58.1646919250
14125.3789062500,-58.2023048401
14157.9384765625,-58.2437019348
14190.5732421875,-58.2881126404
14223.2841796875,-58.3325233459
14256.0693359375,-58.3780746460
14288.9462890625,-58.4250907898
14321.8837890625,-58.4720802307
14354.8964843750,-58.5172958374
14387.9853515625,-58.5592422485
14421.1503906250,-58.6011886597
14454.3925781250,-58.6401634216
14487.7109375000,-58.6715888977
14521.1220703125,-58.7030296326
14554.5947265625,-58.7324562073
14588.1435546875,-58.7553825378
14621.7705078125,-58.7783088684
14655.4746093750,-58.8011970520
14689.2568359375,-58.8239440918
14723.1328125000,-58.8467063904
14757.0703125000,-58.8710212708
14791.0869140625,-58.9014816284
14825.1806640625,-58.9319381714
14859.3544921875,-58.9645118713
14893.6054687500,-59.0046615601
14927.9365234375,-59.0448112488
14962.3632812500,-59.0863533020
14996.8525390625,-59.1319046021
15031.4208984375,-59.1774520874
15066.0693359375,-59.2223052979
15100.7978515625,-59.2655868530
15135.6064453125,-59.3088722229
15170.5117187500,-59.3481864929
15205.4804687500,-59.3811111450
15240.5302734375,-59.3911476135
15275.6611328125,-59.3925247192
15310.8730468750,-59.3941993713
15346.1650390625,-59.3972511292
15381.5390625000,-59.4079780579
15417.0117187500,-59.4107627869
15452.5488281250,-59.4140357971
15488.1679687500,-59.4234313965
15523.8691406250,-59.4248275757
15559.6533203125,-59.4387931824
15595.5195312500,-59.4390525818
15631.4677734375,-59.4475021362
15667.5166015625,-59.4520683289
15703.6318359375,-59.4555091858
15739.8300781250,-59.4653396606
15776.1113281250,-59.4719619751
15812.4765625000,-59.4753456116
15848.9248046875,-59.4766159058
15885.4755859375,-59.4778862000
15922.0927734375,-59.4822349548
15958.7939453125,-59.5169639587
15995.5800781250,-59.5605621338
16032.4511718750,-59.6085014343
16069.4072265625,-59.6564369202
16106.4482421875,-59.7062149048
16143.5927734375,-59.7561912537
16180.8046875000,-59.8043632507
16218.1025390625,-59.8441085815
16255.4863281250,-59.8838500977
16292.9560546875,-59.9156608582
16330.5126953125,-59.9378280640
16368.1738281250,-59.9600028992
16405.9042968750,-59.9700546265
16443.7207031250,-59.9746894836
16481.6250000000,-59.9752273560
16519.6152343750,-59.9757652283
16557.6953125000,-59.9759750366
16595.8613281250,-59.9772605896
16634.1347656250,-59.9793510437
16672.4765625000,-59.9803199768
16710.9082031250,-59.9814453125
16749.4277343750,-59.9882621765
16788.0371093750,-59.9972915649
16826.7343750000,-60.0177230835
16865.5390625000,-60.0381660461
16904.4160156250,-60.0654335022
16943.3808593750,-60.1006164551
16982.4375000000,-60.1357994080
17021.5820312500,-60.1838569641
17060.8183593750,-60.2341003418
17100.1445312500,-60.2875099182
17139.5820312500,-60.3498992920
17179.0898437500,-60.4122581482
17218.6875000000,-60.4786262512
17258.3789062500,-60.5468444824
17298.1601562500,-60.6148986816
17338.0332031250,-60.6818046570
17378.0000000000,-60.7487106323
17418.0761718750,-60.8120193481
17458.2265625000,-60.8726234436
17498.4687500000,-60.9328842163
17538.8027343750,-60.9854316711
17579.2324218750,-61.0379867554
17619.7519531250,-61.0862236023
17660.3867187500,-61.1305809021
17701.0957031250,-61.1747207642
17741.8984375000,-61.2101097107
17782.7949218750,-61.2454986572
17823.7851562500,-61.2752685547
17864.8691406250,-61.3001213074
17906.0488281250,-61.3243370056
17947.3437500000,-61.3383140564
17988.7148437500,-61.3522834778
18030.1796875000,-61.3618049622
18071.7402343750,-61.3683433533
18113.3964843750,-61.3748207092
18155.1484375000,-61.3809700012
18197.0175781250,-61.3871231079
18238.9628906250,-61.3975372314
18281.0058593750,-61.4096183777
18323.1445312500,-61.4235420227
18365.3808593750,-61.4417839050
18407.7148437500,-61.4600296021
18450.1445312500,-61.4776687622
18492.6953125000,-61.4859428406
18535.3222656250,-61.4900169373
18578.0468750000,-61.4908943176
18620.8710937500,-61.4940910339
18663.7929687500,-61.4952430725
18706.8144531250,-61.4964065552
18749.9355468750,-61.5036239624
18793.1757812500,-61.5081062317
18836.4941406250,-61.5083312988
18879.9140625000,-61.5119857788
18923.4335937500,-61.5169372559
18967.0546875000,-61.5189285278
19010.7734375000,-61.5215606689
19054.6171875000,-61.5241966248
19098.5390625000,-61.5257987976
19142.5625000000,-61.5499649048
19186.6875000000,-61.5833206177
19230.9140625000,-61.6182556152
19275.2421875000,-61.6660881042
19319.6738281250,-61.7139205933
19364.2285156250,-61.7681694031
19408.8632812500,-61.8238105774
19453.6015625000,-61.8777046204
19498.4433593750,-61.9300918579
19543.3886718750,-61.9790878296
19588.4375000000,-62.0189132690
19633.6132812500,-62.0585670471
19678.8691406250,-62.0848617554
19724.2304687500,-62.1111602783
19769.6972656250,-62.1328430176
19815.2675781250,-62.1531410217
19860.9433593750,-62.1754341125
19906.7226562500,-62.1994438171
19952.6328125000,-62.2264747620
19998.6250000000,-62.2600173950
20044.7226562500,-62.2946548462
20090.9277343750,-62.3386573792
20137.2382812500,-62.3826560974
20183.6562500000,-62.4347381592
20230.2031250000,-62.4876823425
20276.8339843750,-62.5450172424
20323.5742187500,-62.6040916443
20370.4218750000,-62.6634941101
20417.3769531250,-62.7231750488
20464.4394531250,-62.7795448303
20511.6113281250,-62.8304023743
20558.9160156250,-62.8771591187
20606.3046875000,-62.9092407227
20653.8046875000,-62.9280433655
20701.4121093750,-62.9284286499
20749.1308593750,-62.9304008484
20796.9589843750,-62.9377784729
20844.8984375000,-62.9392814636
20892.9687500000,-62.9396400452
20941.1289062500,-62.9476623535
20989.4003906250,-62.9493293762
21037.7812500000,-62.9530906677
21086.2753906250,-62.9538116455
21134.8808593750,-62.9590225220
21183.6210937500,-62.9752349854
21232.4511718750,-63.0039863586
21281.3945312500,-63.0354423523
21330.4492187500,-63.0705490112
21379.6171875000,-63.1043319702
21428.8984375000,-63.1356697083
21478.2929687500,-63.1634140015
21527.8261718750,-63.1823120117
21577.4492187500,-63.1979942322
21627.1875000000,-63.2032585144
21677.0390625000,-63.2077026367
21727.0058593750,-63.2086791992
21777.0878906250,-63.2114372253
21827.3105468750,-63.2237510681
21877.6230468750,-63.2392692566
21928.0527343750,-63.2757377625
21978.5996093750,-63.3153533936
22029.2617187500,-63.3786087036
22080.0410156250,-63.4438476563
22130.9355468750,-63.5248756409
22181.9746093750,-63.6061515808
22233.1054687500,-63.6889762878
22284.3535156250,-63.7701454163
22335.7207031250,-63.8399429321
22387.2070312500,-63.9067726135
22438.8105468750,-63.9482917786
22490.5585937500,-63.9502639771
22542.4003906250,-63.9565658569
22594.3632812500,-63.9602165222
22646.4433593750,-63.9684257507
22698.6464843750,-63.9841079712
22750.9667968750,-63.9964981079
22803.4101562500,-64.0030899048
22855.9980468750,-64.0106658936
22908.6835937500,-64.0345153809
22961.4902343750,-64.0404129028
23014.4179687500,-64.0448150635
23067.4667968750,-64.0630187988
23120.6386718750,-64.0655593872
23173.9335937500,-64.0810699463
23227.3769531250,-64.0867233276
23280.9179687500,-64.0961380005
23334.5820312500,-64.0969009399
23388.3710937500,-64.0989456177
23442.2812500000,-64.1029586792
23496.3183593750,-64.1054687500
23550.5039062500,-64.1533966064
23604.7910156250,-64.2008438110
23659.2011718750,-64.2013778687
23713.7363281250,-64.2084503174
23768.3984375000,-64.2097015381
23823.1875000000,-64.2290649414
23878.1015625000,-64.2331314087
23933.1679687500,-64.2459259033
23988.3359375000,-64.2554397583
24043.6308593750,-64.2634658813
24099.0527343750,-64.2763442993
24154.6035156250,-64.2765960693
24210.2812500000,-64.2810668945
24266.1132812500,-64.3262634277
24322.0488281250,-64.3908996582
24378.1132812500,-64.4636611938
24434.3066406250,-64.5336990356
24490.6289062500,-64.5988845825
24547.0820312500,-64.6572113037
24603.6640625000,-64.7100067139
24660.4042968750,-64.7590560913
24717.2480468750,-64.8068618774
24774.2226562500,-64.8591308594
24831.3300781250,-64.9129104614
24888.5683593750,-64.9727478027
24945.9375000000,-65.0335388184
25003.4394531250,-65.0957107544
25061.1015625000,-65.1546401978
25118.8691406250,-65.2116622925
25176.7714843750,-65.2608871460
25234.8046875000,-65.3081741333
25292.9726562500,-65.3494796753
25351.2753906250,-65.3904724121
25409.7402343750,-65.4309539795
25468.3105468750,-65.4744415283
25527.0175781250,-65.5196990967
25585.8593750000,-65.5703048706
25644.8359375000,-65.6215896606
25703.9492187500,-65.6731948853
25763.1972656250,-65.7202072144
25822.6132812500,-65.7257385254
25882.1347656250,-65.7262725830
25941.7949218750,-65.7288284302
26001.5937500000,-65.7372970581
26061.5292968750,-65.7400894165
26121.6015625000,-65.7498397827
26181.8437500000,-65.7600173950
26242.1953125000,-65.7616500854
26302.6835937500,-65.7640075684
26363.3144531250,-65.7804718018
26424.0839843750,-65.7887268066
26484.9921875000,-65.7937698364
26546.0429687500,-65.7954940796
26607.2617187500,-65.8079376221
26668.5937500000,-65.8100585938
26730.0664062500,-65.8112564087
26791.6816406250,-65.8392791748
26853.4375000000,-65.8921279907
26915.3378906250,-65.9570617676
26977.4082031250,-66.0224151611
27039.5937500000,-66.0652999878
27101.9218750000,-66.0712203979
27164.3945312500,-66.0742111206
27227.0097656250,-66.0873718262
27289.7695312500,-66.0876846313
27352.6738281250,-66.1085815430
27415.7539062500,-66.1183395386
27478.9492187500,-66.1428833008
27542.2910156250,-66.1503601074
27605.7773437500,-66.1557083130
27669.4101562500,-66.1839218140
27733.1914062500,-66.1920394897
27797.1171875000,-66.2094039917
27861.2226562500,-66.2174835205
27925.4453125000,-66.2258224487
27989.8144531250,-66.2289123535
28054.3339843750,-66.2309417725
28119.0000000000,-66.3093338013
28183.8164062500,-66.3997650146
28248.8144531250,-66.4910888672
28313.9296875000,-66.5705795288
28379.1953125000,-66.6114120483
28444.6113281250,-66.6136932373
28510.1777343750,-66.6178817749
28575.8964843750,-66.6308822632
28641.7656250000,-66.6378631592
28707.8183593750,-66.6394882202
28773.9921875000,-66.6603088379
28840.3183593750,-66.6603698730
28906.7968750000,-66.6714630127
28973.4296875000,-66.6816024780
29040.2148437500,-66.6871871948
29107.1855468750,-66.6969146729
29174.2812500000,-66.7433776855
29241.5292968750,-66.7945251465
29308.9335937500,-66.8476867676
29376.4921875000,-66.9004287720
29444.2070312500,-66.9493865967
29512.0781250000,-66.9959793091
29580.1386718750,-67.0400924683
29648.3222656250,-67.0884933472
29716.6640625000,-67.1414184570
29785.1621093750,-67.2050094604
29853.8203125000,-67.2741394043
29922.6347656250,-67.3435897827
29991.6406250000,-67.4061279297
30060.7734375000,-67.4431991577
30130.0664062500,-67.4506225586
30199.5175781250,-67.4513473511
30269.1308593750,-67.4580688477
30338.9023437500,-67.4620437622
30408.8359375000,-67.4678421021
30478.9648437500,-67.4695663452
30549.2207031250,-67.4752502441
30619.6386718750,-67.4830474854
30690.2187500000,-67.5133819580
30760.9628906250,-67.5520553589
30831.8691406250,-67.5956268311
30902.9375000000,-67.6428604126
30974.2050781250,-67.6935729980
31045.6035156250,-67.7479248047
31117.1660156250,-67.8062515259
31188.8925781250,-67.8686065674
31260.7851562500,-67.9315948486
31332.8437500000,-67.9391860962
31405.1035156250,-67.9473876953
31477.4941406250,-67.9475479126
31550.0507812500,-67.9701309204
31622.7773437500,-67.9718627930
31695.6699218750,-67.9897003174
31768.7304687500,-68.0027389526
31841.9589843750,-68.0092391968
31915.3925781250,-68.0369033813
31988.9589843750,-68.0382614136
32062.6972656250,-68.0530014038
32136.6035156250,-68.0672683716
32210.6796875000,-68.0675811768
32284.9277343750,-68.0779342651
32359.3828125000,-68.0940704346
32433.9726562500,-68.1164779663
32508.7363281250,-68.1231231689
32583.6718750000,-68.1245346069
32658.7792968750,-68.1255722046
32734.0585937500,-68.1373367310
32809.5156250000,-68.1431045532
32885.1796875000,-68.1458892822
32960.9804687500,-68.1484222412
33036.9570312500,-68.1903915405
33113.1093750000,-68.2447052002
33189.4375000000,-68.3056716919
33265.9414062500,-68.3675842285
33342.6250000000,-68.4255447388
33419.5156250000,-68.4758453369
33496.5507812500,-68.5158691406
33573.7617187500,-68.5442657471
33651.1523437500,-68.5608596802
33728.7226562500,-68.5684814453
33806.4687500000,-68.5727539063
33884.4335937500,-68.5796356201
33962.5390625000,-68.5947799683
34040.8242187500,-68.6221771240
34119.2890625000,-68.6630477905
34197.9375000000,-68.7154769897
34276.7656250000,-68.7750015259
34355.7773437500,-68.8360061646
34435.0078125000,-68.8935089111
34514.3828125000,-68.9442749023
34593.9414062500,-68.9871520996
34673.6835937500,-69.0222396851
34753.6054687500,-69.0500335693
34833.7187500000,-69.0720062256
34914.0507812500,-69.0905761719
34994.5273437500,-69.0934066772
35075.1953125000,-69.0959854126
35156.0429687500,-69.0964813232
35237.0820312500,-69.1025009155
35318.3046875000,-69.1058731079
35399.7148437500,-69.1081924438
35481.3554687500,-69.1115722656
35563.1406250000,-69.1208496094
35645.1171875000,-69.1228485107
35727.2812500000,-69.1261596680
35809.6367187500,-69.1360321045
35892.1796875000,-69.1410064697
35974.9531250000,-69.1434020996
36057.8789062500,-69.1494140625
36140.9921875000,-69.1566848755
36224.3007812500,-69.1595001221
36307.8007812500,-69.1625061035
36391.4921875000,-69.1684722900
36475.3789062500,-69.2081604004
36559.4960937500,-69.2647781372
36643.7695312500,-69.3380966187
36728.2343750000,-69.4206619263
36812.8945312500,-69.4815979004
36897.7539062500,-69.5515060425
36982.8046875000,-69.6026840210
37068.0507812500,-69.6389160156
37153.5390625000,-69.6697692871
37239.1796875000,-69.7040328979
37325.0195312500,-69.7457275391
37411.0546875000,-69.7946548462
37497.2890625000,-69.8493118286
37583.7226562500,-69.9085540771
37670.3984375000,-69.9219589233
37757.2304687500,-69.9229125977
37844.2656250000,-69.9476547241
37931.5000000000,-69.9553375244
38018.9335937500,-69.9707183838
38106.5703125000,-69.9930877686
38194.4062500000,-70.0201568604
38282.4921875000,-70.0318603516
38370.7343750000,-70.0504531860
38459.1796875000,-70.0858459473
38547.8320312500,-70.1113891602
38636.6875000000,-70.1128005981
38725.7500000000,-70.1272659302
38815.0585937500,-70.1642303467
38904.5273437500,-70.1670608521
38994.2070312500,-70.1891555786
39084.0898437500,-70.2065048218
39174.1835937500,-70.2091369629
39264.4804687500,-70.2228698730
39354.9882812500,-70.2240982056
39445.7460937500,-70.2320404053
39536.6718750000,-70.2353210449
39627.8085937500,-70.3845138550
39719.1523437500,-70.5061492920
39810.7070312500,-70.5465240479
39902.4765625000,-70.5609054565
39994.4960937500,-70.5633697510
40086.6875000000,-70.5704803467
40179.0898437500,-70.5942916870
40271.7070312500,-70.6377487183
40364.5351562500,-70.6942520142
40457.5781250000,-70.7515258789
40550.8359375000,-70.7975692749
40644.3515625000,-70.8201141357
40738.0390625000,-70.8323440552
40831.9453125000,-70.8330154419
40926.0664062500,-70.8430633545
41020.4023437500,-70.8435211182
41114.9570312500,-70.8498229980
41209.7304687500,-70.8678894043
41304.7656250000,-70.8797073364
41399.9765625000,-70.9020233154
41495.4062500000,-70.9371871948
41591.0585937500,-70.9489212036
41686.9257812500,-70.9513473511
41783.0195312500,-71.0091323853
41879.3789062500,-71.0224838257
41975.9140625000,-71.0636978149
42072.6679687500,-71.0669174194
42169.6484375000,-71.0944290161
42266.8554687500,-71.1008911133
42364.2812500000,-71.1606674194
42461.9335937500,-71.2475357056
42559.8593750000,-71.3181610107
42657.9648437500,-71.3665924072
42756.2929687500,-71.3936843872
42854.8476562500,-71.4139709473
42953.6328125000,-71.4405441284
43052.6445312500,-71.4703598022
43151.9296875000,-71.5043945313
43251.3984375000,-71.5329589844
43351.0976562500,-71.5338973999
43451.0234375000,-71.5347900391
43551.1796875000,-71.5348129272
43651.5703125000,-71.5413589478
43752.1914062500,-71.5424499512
43853.0898437500,-71.5517425537
43954.1757812500,-71.5531845093
44055.4921875000,-71.5622329712
44157.0429687500,-71.5939712524
44258.8281250000,-71.6450576782
44360.8476562500,-71.7121582031
44463.1015625000,-71.8164901733
44565.6406250000,-71.8938980103
44668.3671875000,-71.9196624756
44771.3320312500,-71.9354248047
44874.5351562500,-71.9568099976
44977.9726562500,-72.0338745117
45081.6484375000,-72.1678161621
45185.6171875000,-72.2839355469
45289.7734375000,-72.3240661621
45394.1679687500,-72.3333435059
45498.8046875000,-72.3514251709
45603.6835937500,-72.3640060425
45708.8046875000,-72.4008636475
45814.1640625000,-72.4132995605
45919.8203125000,-72.4427108765
46025.6679687500,-72.4700012207
46131.7617187500,-72.5201034546
46238.0976562500,-72.5283355713
46344.6796875000,-72.5310745239
46451.5078125000,-72.5369644165
46558.6328125000,-72.5384445190
46665.9531250000,-72.5454635620
46773.5234375000,-72.5708236694
46881.3398437500,-72.5740280151
46989.4023437500,-72.5858535767
47097.7187500000,-72.5884017944
47206.2812500000,-72.5970611572
47315.1484375000,-72.5991516113
47424.2109375000,-72.6821365356
47533.5273437500,-72.7503204346
47643.0976562500,-72.7550811768
47752.9179687500,-72.7641677856
47862.9921875000,-72.7736053467
47973.3710937500,-72.7801513672
48083.9531250000,-72.7859344482
48194.7890625000,-72.7940521240
48305.8828125000,-72.8348388672
48417.2304687500,-72.9018020630
48528.8359375000,-73.0186538696
48640.6992187500,-73.1298522949
48752.8710937500,-73.1497650146
48865.2500000000,-73.1606979370
48977.8867187500,-73.1734924316
49090.7851562500,-73.1903762817
49203.9453125000,-73.2173538208
49317.3632812500,-73.2314071655
49431.0429687500,-73.2544479370
49545.0390625000,-73.2784271240
49659.2421875000,-73.2797088623
49773.7109375000,-73.2854232788
49888.4453125000,-73.4048309326
50003.4414062500,-73.5610885620
50118.7031250000,-73.6779708862
50234.2851562500,-73.8115081787
50350.0781250000,-73.8231887817
50466.1367187500,-73.8361587524
50582.4648437500,-73.8363418579
50699.0625000000,-73.8541107178
50815.9257812500,-73.8987045288
50933.0625000000,-73.9155426025
51050.5234375000,-73.9435577393
51168.1953125000,-73.9608993530
51286.1445312500,-73.9675140381
51404.3593750000,-73.9677047729
51522.8515625000,-73.9682312012
51641.6171875000,-73.9732742310
51760.7109375000,-73.9831695557
51880.0234375000,-73.9876632690
51999.6093750000,-73.9908142090
52119.4726562500,-73.9987335205
52239.6093750000,-74.0050964355
52360.0273437500,-74.0348587036
52480.7187500000,-74.0454864502
52601.7500000000,-74.0456314087
52723.0000000000,-74.0876159668
52844.5312500000,-74.0975799561
52966.3398437500,-74.1169433594
53088.4335937500,-74.1394424438
53210.8046875000,-74.1509857178
53333.5195312500,-74.1957321167
53456.4570312500,-74.2024765015
53579.6757812500,-74.2038879395
53703.1835937500,-74.2073669434
53826.9726562500,-74.2292404175
53951.0468750000,-74.2840805054
54075.4062500000,-74.3428649902
54200.1132812500,-74.3809356689
54325.0507812500,-74.4003372192
54450.2734375000,-74.4117202759
54575.7851562500,-74.4272613525
54701.5859375000,-74.4569702148
54827.6757812500,-74.5043182373
54954.0585937500,-74.5702590942
55080.7929687500,-74.6379699707
55207.7578125000,-74.6925735474
55335.0156250000,-74.7354507446
55462.5664062500,-74.7694396973
55590.4101562500,-74.8003387451
55718.5507812500,-74.8356246948
55847.0468750000,-74.8817138672
55975.7773437500,-74.8842544556
56104.8085937500,-74.8877868652
56234.1328125000,-74.9182586670
56363.7578125000,-74.9202957153
56493.6796875000,-74.9333648682
56623.9023437500,-74.9575881958
56754.4843750000,-74.9675750732
56885.3085937500,-74.9705810547
57016.4335937500,-75.0323028564
57147.8593750000,-75.0681991577
57279.5898437500,-75.0943756104
57411.6210937500,-75.1045532227
57544.0234375000,-75.1249160767
57676.6679687500,-75.1485671997
57809.6171875000,-75.1792602539
57942.8710937500,-75.2062301636
58076.4335937500,-75.2409515381
58210.3046875000,-75.2412872314
58344.4843750000,-75.2437210083
58479.0351562500,-75.2654113770
58613.8320312500,-75.2713394165
58748.9414062500,-75.3669281006
58884.3632812500,-75.4536132813
59020.0937500000,-75.4717864990
59156.1406250000,-75.4738311768
59292.5000000000,-75.4747619629
59429.2382812500,-75.4795761108
59566.2265625000,-75.4867553711
59703.5312500000,-75.4911499023
59841.1523437500,-75.5070190430
59979.0898437500,-75.5071563721
60117.3476562500,-75.5594787598
60255.9882812500,-75.6827545166
60394.8828125000,-75.6891403198
60534.0976562500,-75.7092819214
60673.6328125000,-75.7118072510
60813.4882812500,-75.7631912231
60953.6679687500,-75.7864379883
61094.1718750000,-75.7923202515
61235.0625000000,-75.8060607910
61376.2148437500,-75.8193283081
61517.6914062500,-75.8319168091
61659.4960937500,-75.8394927979
61801.6250000000,-75.8540267944
61944.0820312500,-75.8648834229
62086.9335937500,-75.8715209961
62230.0507812500,-75.8860397339
62373.4960937500,-75.8890151978
62517.2695312500,-76.0420303345
62661.3750000000,-76.1215896606
62805.8164062500,-76.1660232544
62950.5859375000,-76.1672286987
63095.7617187500,-76.2525634766
63241.2031250000,-76.2541809082
63386.9765625000,-76.2854156494
63533.0898437500,-76.3037567139
63679.5390625000,-76.3430023193
63826.3242187500,-76.3628540039
63973.5195312500,-76.3827819824
64120.9804687500,-76.4130935669
64268.7851562500,-76.4298934937
64416.9296875000,-76.4518127441
64565.4140625000,-76.5325088501
64714.2421875000,-76.5350418091
64863.4140625000,-76.5418319702
65013.0000000000,-76.5655670166
65162.8593750000,-76.6006240845
65313.0625000000,-76.6496200562
65463.6132812500,-76.6741790771
65614.5156250000,-76.7441177368
65765.7578125000,-76.7497482300
65917.3515625000,-76.8227081299
66069.3671875000,-76.8272781372
66221.6640625000,-76.8594284058
66374.3125000000,-76.8669433594
66527.3125000000,-76.9078292847
66680.6562500000,-76.9196243286
66834.3593750000,-76.9219360352
66988.4921875000,-76.9913635254
67142.9062500000,-77.0272521973
67297.6796875000,-77.0440750122
67452.8046875000,-77.0625228882
67608.2890625000,-77.1072387695
67764.1250000000,-77.1981277466
67920.3281250000,-77.3069305420
68076.9609375000,-77.3099822998
68233.8906250000,-77.3108215332
68391.1718750000,-77.3475036621
68548.8203125000,-77.3678131104
68706.8281250000,-77.3730468750
68865.2031250000,-77.4027481079
69024.0156250000,-77.4175949097
69183.1250000000,-77.4538116455
69342.5937500000,-77.4626312256
69502.4296875000,-77.4740753174
69662.6406250000,-77.4985961914
69823.2187500000,-77.5169906616
69984.1640625000,-77.5212326050
70145.5625000000,-77.5352783203
70307.2500000000,-77.5875244141
70469.3125000000,-77.6003952026
70631.7500000000,-77.6050338745
70794.5625000000,-77.6397171021
70957.7500000000,-77.7097320557
71121.3906250000,-77.7776336670
71285.3281250000,-77.8462219238
71449.6484375000,-77.8994369507
71614.3437500000,-77.9004516602
71779.4218750000,-77.9175872803
71944.8750000000,-77.9370651245
72110.7187500000,-77.9602966309
72277.0156250000,-77.9750061035
72443.6171875000,-77.9994277954
72610.6093750000,-78.0266113281
72777.9765625000,-78.0456085205
72945.7343750000,-78.0534515381
73113.8828125000,-78.0583572388
73282.4140625000,-78.0742797852
73451.4140625000,-78.0926818848
73620.7265625000,-78.0973434448
73790.4296875000,-78.1006927490
73960.5234375000,-78.1575622559
74131.0078125000,-78.1787643433
74301.8828125000,-78.1877822876
74473.2343750000,-78.2109832764
74644.8984375000,-78.2617568970
74816.9609375000,-78.2748184204
74989.4218750000,-78.2951202393
75162.2734375000,-78.3956527710
75335.5312500000,-78.4048233032
75509.1875000000,-78.4469375610
75683.3203125000,-78.5095901489
75857.7812500000,-78.6406097412
76032.6328125000,-78.7452774048
76207.8984375000,-78.7718429565
76383.5625000000,-78.7721633911
76559.6328125000,-78.8089294434
76736.1875000000,-78.8216781616
76913.0703125000,-78.8391952515
77090.3593750000,-78.8450469971
77268.0625000000,-78.8723373413
77446.1718750000,-78.8974990845
77624.6875000000,-78.9012527466
77803.6171875000,-78.9030151367
77983.0468750000,-78.9248275757
78162.8046875000,-78.9285049438
78342.9765625000,-78.9379577637
78523.5625000000,-78.9488677979
78704.5625000000,-78.9615707397
78885.9843750000,-78.9829635620
79067.8203125000,-78.9850234985
79250.1640625000,-79.0608901978
79432.8437500000,-79.0742950439
79615.9375000000,-79.1083602905
79799.4609375000,-79.2622680664
79983.4062500000,-79.2941665649
80167.7734375000,-79.3310241699
80352.6484375000,-79.3775863647
80537.8671875000,-79.4105606079
80723.5156250000,-79.4280471802
80909.5859375000,-79.4367599487
81096.0937500000,-79.4445495605
81283.0234375000,-79.4496231079
81470.3828125000,-79.4624404907
81658.2734375000,-79.4631881714
81846.5000000000,-79.4794158936
82035.1640625000,-79.5371627808
82224.2578125000,-79.5644760132
82413.7890625000,-79.5666122437
82603.7578125000,-79.5671310425
82794.2578125000,-79.5800247192
82985.1015625000,-79.6112976074
83176.3906250000,-79.6201553345
83368.1171875000,-79.6273803711
83560.2890625000,-79.6413421631
83752.8984375000,-79.6484069824
83945.9609375000,-79.7161560059
84139.5546875000,-79.7257080078
84333.5000000000,-79.7387390137
84527.8906250000,-79.7652206421
84722.7343750000,-79.8843612671
84918.0312500000,-79.9020614624
85113.7734375000,-79.9205551147
85310.0546875000,-79.9559097290
85506.7031250000,-80.0372924805
85703.8046875000,-80.0520095825
85901.3515625000,-80.0689163208
86099.3671875000,-80.1424560547
86297.8281250000,-80.1444396973
86496.7500000000,-80.1699981689
86696.2265625000,-80.1721267700
86896.0703125000,-80.1873168945
87096.3671875000,-80.2262496948
87297.1328125000,-80.2401046753
87498.3593750000,-80.2784576416
87700.0468750000,-80.2812805176
87902.2031250000,-80.2884063721
88104.9218750000,-80.3073959351
88308.0078125000,-80.3680496216
88511.5703125000,-80.3790969849
88715.5937500000,-80.3860931396
88920.0859375000,-80.4511260986
89125.0546875000,-80.5002059937
89330.5937500000,-80.5356216431
89536.5078125000,-80.5371322632
89742.8906250000,-80.5503997803
89949.7578125000,-80.5932235718
90157.1015625000,-80.6009902954
90364.9140625000,-80.6227493286
90573.2109375000,-80.6522598267
90782.0937500000,-80.6644134521
90991.3515625000,-80.6909637451
91201.0937500000,-80.7390594482
91411.3203125000,-80.7595596313
91622.0234375000,-80.7819366455
91833.2187500000,-80.8898696899
92045.0078125000,-80.9272384644
92257.1718750000,-80.9543151855
92469.8359375000,-81.0052871704
92682.9843750000,-81.0680389404
92896.6250000000,-81.0917053223
93110.7578125000,-81.1089477539
93325.3828125000,-81.1497421265
93540.6093750000,-81.2006225586
93756.2265625000,-81.2171325684
93972.3437500000,-81.2215805054
94188.9531250000,-81.2289581299
94406.0703125000,-81.2631072998
94623.6796875000,-81.2861251831
94841.8984375000,-81.3338012695
95060.5156250000,-81.3780517578
95279.6328125000,-81.3797225952
95499.2656250000,-81.3837814331
95719.3984375000,-81.4114303589
95940.0390625000,-81.4535751343
96161.1875000000,-81.4819717407
96382.9453125000,-81.4859313965
96605.1171875000,-81.4921188354
96827.7968750000,-81.4971694946
97050.9921875000,-81.5256423950
97274.7031250000,-81.5302581787
97498.9296875000,-81.5359497070
97723.6718750000,-81.5693511963
97949.0390625000,-81.5742111206
98174.8203125000,-81.5745468140
98401.1171875000,-81.5868377686
98627.9375000000,-81.5941238403
98855.2812500000,-81.6668548584
99083.1484375000,-81.6848220825
99311.6562500000,-81.7559967041
99540.5781250000,-81.7682418823
99770.0234375000,-81.7806091309
100000.0000000000,-81.8108901978
100230.5078125000,-81.8830718994
100461.5468750000,-81.9543533325
100693.1171875000,-82.0179672241
100925.3359375000,-82.0697937012
101157.9687500000,-82.1094055176
101391.1484375000,-82.1384429932
101624.8593750000,-82.1595306396
101859.1171875000,-82.1752014160
102093.9062500000,-82.1872711182
102329.3515625000,-82.1967926025
102565.2265625000,-82.2045288086
102801.6484375000,-82.2114868164
103038.6171875000,-82.2192459106
103276.1250000000,-82.2298965454
103514.1875000000,-82.2455825806
103752.7890625000,-82.2682647705
103992.0625000000,-82.2986145020
104231.7734375000,-82.3352813721
104472.0312500000,-82.3756561279
104712.8515625000,-82.4159622192
104954.2187500000,-82.4522933960
105196.1484375000,-82.4818954468
105438.6328125000,-82.5041275024
105681.7890625000,-82.5205688477
105925.3984375000,-82.5341491699
106169.5625000000,-82.5478820801
106414.2890625000,-82.5639343262
106659.5859375000,-82.5835189819
106905.4375000000,-82.6074752808
107151.9843750000,-82.6369781494
107398.9765625000,-82.6735229492
107646.5390625000,-82.7185287476
107894.6718750000,-82.7723541260
108143.3750000000,-82.8337631226
108392.6562500000,-82.8999023438
108642.5078125000,-82.9667892456
108893.0546875000,-83.0299682617
109144.0625000000,-83.0851058960
109395.6484375000,-83.1288604736
109647.8125000000,-83.1595230103
109900.5546875000,-83.1776199341
110153.8828125000,-83.1860733032
110407.9218750000,-83.1895828247
110662.4140625000,-83.1923370361
110917.5000000000,-83.1998977661
111173.1718750000,-83.2147445679
111429.4375000000,-83.2376480103
111686.2890625000,-83.2675018311
111943.7343750000,-83.3020324707
112201.8984375000,-83.3385543823
112460.5312500000,-83.3744430542
112719.7578125000,-83.4074478149
112979.5859375000,-83.4358901978
113240.0078125000,-83.4591140747
113501.0390625000,-83.4781570435
113762.7890625000,-83.4961318970
114025.0234375000,-83.5179901123
114287.8593750000,-83.5491638184
114551.2968750000,-83.5937194824
114815.3437500000,-83.6524734497
115080.0078125000,-83.7586059570
115345.2734375000,-83.8634567261
115611.2812500000,-83.8996047974
115877.7734375000,-83.9019546509
116144.8750000000,-83.9139862061
116412.6015625000,-83.9175491333
116680.9375000000,-83.9330368042
116949.8984375000,-83.9393768311
117219.4765625000,-83.9427108765
117489.8046875000,-83.9427413940
117760.6250000000,-83.9470825195
118032.0703125000,-83.9521789551
118304.1406250000,-83.9535064697
118576.8437500000,-83.9643707275
118850.1718750000,-83.9644470215
119124.2578125000,-83.9664611816
119398.8515625000,-83.9757690430
119674.0703125000,-83.9803237915
119949.9296875000,-83.9856033325
120226.4218750000,-83.9982223511
120503.5546875000,-84.0024261475
120781.3203125000,-84.0077362061
121059.8671875000,-84.0196151733
121338.9140625000,-84.0543060303
121618.6093750000,-84.0811004639
121898.9531250000,-84.1008529663
122179.9375000000,-84.1178741455
122461.5703125000,-84.1513595581
122743.9843750000,-84.2010421753
123026.9218750000,-84.2444305420
123310.5078125000,-84.2915496826
123594.7421875000,-84.3383102417
123879.6406250000,-84.3814086914
124165.1953125000,-84.4190444946
124451.3984375000,-84.4510269165
124738.4062500000,-84.4904479980
125025.9375000000,-84.5248641968
125314.1328125000,-84.5456085205
125602.9921875000,-84.5641021729
125892.5156250000,-84.5791244507
126182.7031250000,-84.5896759033
126473.7031250000,-84.5958023071
126765.2343750000,-84.6014175415
127057.4375000000,-84.6138381958
127350.3125000000,-84.6350784302
127643.8671875000,-84.6705017090
127938.0937500000,-84.7195739746
128233.0000000000,-84.7773895264
128528.7265625000,-84.8360290527
128824.9921875000,-84.9073867798
129121.9453125000,-84.9555053711
129419.5781250000,-84.9765625000
129717.8984375000,-84.9964675903
130016.9140625000,-85.0200881958
130316.6093750000,-85.0670394897
130617.1406250000,-85.1036987305
130918.2265625000,-85.1132812500
131220.0000000000,-85.1225814819
131522.4687500000,-85.1434936523
131825.6406250000,-85.1549530029
132129.5000000000,-85.1612167358
132434.2187500000,-85.1887969971
132739.4843750000,-85.1982345581
133045.4687500000,-85.2158966064
133352.1406250000,-85.2317123413
133659.5312500000,-85.2329330444
133967.6250000000,-85.2591400146
134276.4218750000,-85.2652435303
134586.0937500000,-85.2783508301
134896.3281250000,-85.3208770752
135207.2656250000,-85.4187698364
135518.9375000000,-85.4726028442
135831.3125000000,-85.5191955566
136144.4062500000,-85.5623016357
136458.3906250000,-85.6287460327
136772.9375000000,-85.7018814087
137088.2031250000,-85.7551879883
137404.2031250000,-85.8105316162
137720.9218750000,-85.8934097290
138038.3906250000,-85.9178695679
138356.5781250000,-85.9264678955
138675.6406250000,-85.9653778076
138995.2968750000,-85.9719772339
139315.7031250000,-85.9727020264
139636.8281250000,-86.0212478638
139958.7031250000,-86.0434494019
140281.3125000000,-86.0491638184
140604.6718750000,-86.0652999878
140928.9375000000,-86.1128311157
141253.7812500000,-86.1166763306
141579.3906250000,-86.1383743286
141905.7343750000,-86.1437454224
142232.8437500000,-86.1492919922
142560.7031250000,-86.3146743774
142889.4687500000,-86.4608383179
143218.8281250000,-86.5255966187
143548.9687500000,-86.5617141724
143879.8593750000,-86.5651473999
144211.5156250000,-86.5661315918
144543.9218750000,-86.5679855347
144877.1093750000,-86.5854644775
145211.2187500000,-86.6065750122
145545.9375000000,-86.6303558350
145881.4375000000,-86.6720809937
146217.7031250000,-86.7240982056
146554.7500000000,-86.7665863037
146892.5625000000,-86.8339920044
147231.3281250000,-86.8355941772
147570.7031250000,-86.8416213989
147910.8593750000,-86.8531036377
148251.8125000000,-86.8801040649
148593.5468750000,-86.8974685669
148936.0625000000,-86.9014587402
149279.3750000000,-86.9359741211
149623.6250000000,-86.9381561279
149968.5312500000,-86.9391937256
150314.2187500000,-86.9844436646
150660.7031250000,-86.9852905273
151007.9843750000,-86.9902343750
151356.0625000000,-87.0212860107
151705.1250000000,-87.0301666260
152054.8125000000,-87.0372772217
152405.3125000000,-87.0441360474
152756.6093750000,-87.0562210083
153108.7187500000,-87.1236953735
153461.6562500000,-87.1804351807
153815.3906250000,-87.2323837280
154170.1093750000,-87.2688751221
154525.4843750000,-87.3242340088
154881.6875000000,-87.3294982910
155238.7031250000,-87.3330917358
155596.5312500000,-87.3683471680
155955.1875000000,-87.3707504272
156314.6875000000,-87.3860778809
156675.1718750000,-87.3978347778
157036.3125000000,-87.4107437134
157398.2968750000,-87.4454803467
157761.1093750000,-87.5015869141
158124.7656250000,-87.5026473999
158489.2500000000,-87.5246887207
158854.7500000000,-87.5368499756
159220.9218750000,-87.5376052856
159587.9375000000,-87.5704269409
159955.7968750000,-87.5710754395
160324.5156250000,-87.5859298706
160694.0625000000,-87.6199645996
161064.4843750000,-87.6336059570
161435.9218750000,-87.6483459473
161808.0468750000,-87.6685638428
162181.0312500000,-87.7137756348
162554.8593750000,-87.7605285645
162929.5625000000,-87.7924118042
163305.1250000000,-87.8135375977
163681.7343750000,-87.8342742920
164059.0312500000,-87.8581771851
164437.2031250000,-87.8773651123
164816.2343750000,-87.8903656006
165196.1562500000,-87.9118499756
165576.9375000000,-87.9572219849
165958.6093750000,-88.0361251831
166341.3437500000,-88.1300659180
166724.7656250000,-88.2235565186
167109.0781250000,-88.3110809326
167494.2812500000,-88.3940429688
167880.3593750000,-88.4746780396
168267.3437500000,-88.5420684814
168655.3906250000,-88.5705795288
169044.1562500000,-88.5775680542
169433.8125000000,-88.5820999146
169824.3750000000,-88.5861282349
170215.8281250000,-88.5938339233
170608.1875000000,-88.5990982056
171001.4531250000,-88.6069717407
171395.8125000000,-88.6107635498
171790.8906250000,-88.6393127441
172186.8750000000,-88.7095260620
172583.7812500000,-88.8196563721
172981.6093750000,-88.8376846313
173380.3437500000,-88.8382873535
173779.9843750000,-88.8535614014
174180.7500000000,-88.8643112183
174582.2500000000,-88.8664855957
174984.6875000000,-88.8718490601
175388.0312500000,-88.8925018311
175792.3125000000,-88.9174880981
176197.5312500000,-88.9213867188
176603.8750000000,-88.9380264282
177010.9531250000,-88.9584121704
177418.9843750000,-89.0109329224
177827.9375000000,-89.1079025269
178237.8437500000,-89.1545257568
178648.7031250000,-89.1717758179
179060.5000000000,-89.1849060059
179473.4375000000,-89.2204360962
179887.1406250000,-89.2932434082
180301.7968750000,-89.3063812256
180717.4062500000,-89.3146362305
181133.9687500000,-89.3260650635
181551.5000000000,-89.3814697266
181970.1875000000,-89.3857574463
182389.6406250000,-89.3975601196
182810.0625000000,-89.4375610352
183231.4531250000,-89.4375991821
183653.8125000000,-89.4392852783
184077.1406250000,-89.4407501221
184501.4531250000,-89.4623260498
184926.9531250000,-89.4690475464
185353.2187500000,-89.4845809937
185780.4687500000,-89.4999389648
186208.7031250000,-89.5137329102
186637.9375000000,-89.5490112305
187068.1406250000,-89.5552520752
187499.3437500000,-89.5723037720
187931.7500000000,-89.6140518188
188364.9531250000,-89.6566467285
188799.1406250000,-89.7151031494
189234.3437500000,-89.7583618164
189670.5312500000,-89.7982406616
190107.7500000000,-89.8430633545
190546.1562500000,-89.8755111694
190985.3906250000,-89.8904266357
191425.6250000000,-89.8913116455
191866.8750000000,-89.8957138062
192309.1406250000,-89.9000625610
192752.4218750000,-89.9331665039
193196.7343750000,-89.9830398560
193642.2812500000,-90.0386962891
194088.6406250000,-90.0742950439
194536.0312500000,-90.1073150635
194984.4375000000,-90.1211776733
195433.8906250000,-90.1421432495
195884.3906250000,-90.1622314453
196336.1250000000,-90.1662750244
196788.7031250000,-90.2288131714
197242.3125000000,-90.2527999878
197696.9687500000,-90.2737274170
198152.6718750000,-90.3080596924
198609.4218750000,-90.3315048218
199067.2343750000,-90.3437805176
199526.3125000000,-90.3598480225
199986.2343750000,-90.3680572510
200447.2187500000,-90.3700485229
200909.2656250000,-90.3842086792
201372.3750000000,-90.4224472046
201836.5625000000,-90.5378189087
202302.0312500000,-90.6598663330
202768.3437500000,-90.7191925049
203235.7343750000,-90.7241592407
203704.2187500000,-90.7278137207
204173.7656250000,-90.7354202271
204644.4062500000,-90.7370376587
205116.1250000000,-90.7488098145
205589.1562500000,-90.7550354004
206063.0468750000,-90.7587585449
206538.0468750000,-90.8135833740
207014.1250000000,-90.8621292114
207491.3125000000,-90.9087982178
207969.5937500000,-90.9697418213
208448.9843750000,-91.0406951904
208929.7031250000,-91.1209411621
209411.2968750000,-91.1867370605
209894.0000000000,-91.2072601318
210377.8281250000,-91.2090225220
210862.7500000000,-91.2182312012
211348.8125000000,-91.2298355103
211836.2187500000,-91.2415313721
212324.5156250000,-91.2541885376
212813.9375000000,-91.2575988770
213304.4843750000,-91.2891387939
213796.1718750000,-91.2974395752
214288.9843750000,-91.3279113770
214782.9375000000,-91.3283309937
215278.2656250000,-91.3408279419
215774.5000000000,-91.3445205688
216271.8750000000,-91.4556350708
216770.3906250000,-91.5062713623
217270.0625000000,-91.5159301758
217770.8906250000,-91.5387420654
218273.1093750000,-91.5707092285
218776.2343750000,-91.5750732422
219280.5312500000,-91.5883026123
219785.9843750000,-91.6403884888
220292.6093750000,-91.6422348022
220800.4062500000,-91.6454086304
221309.3593750000,-91.6456527710
221819.7343750000,-91.6474685669
222331.0468750000,-91.6885986328
222843.5468750000,-91.6917648315
223357.2031250000,-91.6999053955
223872.0625000000,-91.7209472656
224388.1093750000,-91.7460174561
224905.5781250000,-91.7629318237
225424.0000000000,-91.7684326172
225943.6250000000,-91.7826309204
226464.4375000000,-91.8526763916
226986.4531250000,-91.9379119873
227509.6718750000,-92.0022354126
228034.1093750000,-92.0587997437
228559.9843750000,-92.1287765503
229086.8281250000,-92.1909790039
229614.8906250000,-92.1935806274
230144.1718750000,-92.1971893311
230674.6718750000,-92.2101593018
231206.3906250000,-92.2116394043
231739.3437500000,-92.2210617065
232273.7812500000,-92.2432174683
232809.1875000000,-92.2621231079
233345.8281250000,-92.2847671509
233883.7031250000,-92.3048248291
234422.8125000000,-92.3422851563
234963.1875000000,-92.3774795532
235505.0468750000,-92.3996200562
236047.9062500000,-92.4264297485
236592.0156250000,-92.4551849365
237137.3750000000,-92.4753875732
237683.9843750000,-92.5175857544
238231.8750000000,-92.5663528442
238781.0156250000,-92.6009750366
239331.6718750000,-92.6349945068
239883.3593750000,-92.6390457153
240436.2968750000,-92.7047500610
240990.5312500000,-92.7148132324
241546.0312500000,-92.7190246582
242102.8125000000,-92.8022079468
242661.1406250000,-92.8230667114
243220.4843750000,-92.8372955322
243781.1250000000,-92.8520736694
244343.0625000000,-92.8650360107
244906.2968750000,-92.9086151123
245470.8125000000,-92.9446487427
246036.6406250000,-92.9459915161
246604.0468750000,-92.9543304443
247172.4843750000,-93.0223312378
247742.2343750000,-93.0522003174
248313.2968750000,-93.0716934204
248885.6718750000,-93.0822830200
249459.3750000000,-93.1043624878
250034.4062500000,-93.1071472168
250611.0156250000,-93.1126022339
251188.7031250000,-93.1144027710
251767.7031250000,-93.1159362793
252348.0468750000,-93.1405258179
252929.7343750000,-93.1894302368
253512.7500000000,-93.2369232178
254097.3906250000,-93.2492065430
254683.1093750000,-93.2802047729
255270.1718750000,-93.3516998291
255858.5781250000,-93.4224090576
256448.3593750000,-93.4332351685
257039.4843750000,-93.4606552124
257631.9843750000,-93.4760208130
258226.1250000000,-93.5072555542
258821.3593750000,-93.5098724365
259417.9531250000,-93.5229568481
260015.9375000000,-93.6738357544
260615.2812500000,-93.7694702148
261216.0312500000,-93.7770690918
261818.4375000000,-93.7781219482
262421.9375000000,-93.7916641235
263026.8437500000,-93.7925109863
263633.1562500000,-93.7940902710
264240.8437500000,-93.8008041382
264849.9375000000,-93.8157653809
265460.4375000000,-93.9011917114
266072.6250000000,-93.9046401978
266685.9375000000,-93.9110412598
267300.6562500000,-93.9149780273
267916.8125000000,-93.9250030518
268534.3750000000,-93.9273834229
269153.3750000000,-93.9681930542
269774.0937500000,-93.9907302856
270395.9375000000,-94.0096817017
271019.2187500000,-94.0158767700
271643.9375000000,-94.0895156860
272270.0937500000,-94.1302642822
272897.6875000000,-94.1365051270
273526.7500000000,-94.1435623169
274157.5312500000,-94.2661361694
274789.5000000000,-94.4384689331
275422.9062500000,-94.4491271973
276057.7812500000,-94.4626846313
276694.0937500000,-94.4699707031
277331.9062500000,-94.5042877197
277971.1875000000,-94.5256881714
278612.2187500000,-94.5648498535
279254.4375000000,-94.5714111328
279898.1562500000,-94.5824661255
280543.3437500000,-94.5858001709
281190.0000000000,-94.5940933228
281838.1562500000,-94.5978012085
282488.1250000000,-94.6005554199
283139.2812500000,-94.6092529297
283791.9375000000,-94.6218872070
284446.0937500000,-94.6690979004
285101.7812500000,-94.6801376343
285758.9687500000,-94.6992111206
286417.6562500000,-94.7256622314
287078.1875000000,-94.7452850342
287739.9062500000,-94.7673034668
288403.1875000000,-94.8063049316
289067.9687500000,-94.9274597168
289734.2812500000,-95.0391540527
290402.1562500000,-95.0801696777
291071.8750000000,-95.0812606812
291742.8125000000,-95.1098327637
292415.2812500000,-95.1101226807
293089.3437500000,-95.1143188477
293764.9062500000,-95.1189880371
294442.0625000000,-95.1191024780
295120.7812500000,-95.1550445557
295801.3750000000,-95.1616516113
296483.2187500000,-95.2013092041
297166.6250000000,-95.2571258545
297851.6250000000,-95.2957992554
298538.1875000000,-95.3137283325
299226.3437500000,-95.3569946289
299916.4062500000,-95.3629684448
300607.7500000000,-95.3910522461
301300.6562500000,-95.4007339478
301995.1875000000,-95.4275665283
302691.3125000000,-95.4985733032
303389.0312500000,-95.5660781860
304088.3750000000,-95.6213836670
304789.6562500000,-95.6590881348
305492.2187500000,-95.6614379883
306196.3750000000,-95.6622314453
306902.1875000000,-95.6659088135
307609.6250000000,-95.6681060791
308318.6875000000,-95.6743087769
309029.3750000000,-95.6764144897
309742.0625000000,-95.6781997681
310456.0312500000,-95.6819763184
311171.6562500000,-95.6852340698
311888.9375000000,-95.6988983154
312607.8437500000,-95.7167892456
313328.4375000000,-95.7408905029
314051.0312500000,-95.7725524902
314774.9375000000,-95.8114395142
315500.5000000000,-95.8554916382
316227.7812500000,-95.9014816284
316956.6875000000,-95.9463195801
317687.3125000000,-95.9883346558
318419.5937500000,-96.0278320313
319153.9375000000,-96.0667037964
319889.5937500000,-96.1070175171
320626.9687500000,-96.1497497559
321366.0312500000,-96.1938858032
322106.8125000000,-96.2367858887
322849.2812500000,-96.2754669189
323593.8125000000,-96.3081130981
324339.7187500000,-96.3349914551
325087.3750000000,-96.3583221436
325836.7187500000,-96.3809509277
326587.7812500000,-96.4048919678
327340.5937500000,-96.4304275513
328095.1250000000,-96.4564285278
328851.7812500000,-96.4816131592
329609.8125000000,-96.5058441162
330369.5937500000,-96.5306243896
331131.0937500000,-96.5581741333
331894.3750000000,-96.5891723633
332659.4375000000,-96.6244659424
333426.2187500000,-96.6611480713
334195.1562500000,-96.6964111328
334965.5000000000,-96.7282409668
335737.6250000000,-96.7560729980
336511.5312500000,-96.7803878784
337287.2187500000,-96.8017883301
338064.6875000000,-96.8202896118
338844.3125000000,-96.8351821899
339625.3750000000,-96.8354263306
340408.2500000000,-96.8379745483
341192.9062500000,-96.8428192139
341979.3750000000,-96.8442840576
342767.6562500000,-96.8454360962
343557.7812500000,-96.8493881226
344350.0625000000,-96.8501968384
345143.8125000000,-96.8660736084
345939.4062500000,-96.9089279175
346736.8125000000,-96.9713211060
347536.0625000000,-97.0906295776
348337.1562500000,-97.2140808105
349140.5000000000,-97.2837219238
349945.2812500000,-97.3373641968
350751.9375000000,-97.3756332397
351560.4375000000,-97.4033279419
352370.8125000000,-97.4268569946
353183.0625000000,-97.4513244629
353997.1562500000,-97.4785385132
354813.5312500000,-97.5068130493
355631.4062500000,-97.5325469971
356451.1562500000,-97.5526962280
357272.8125000000,-97.5668258667
358096.3437500000,-97.5775375366
358921.7812500000,-97.5890502930
359749.5312500000,-97.6153793335
360578.7812500000,-97.6505203247
361409.9375000000,-97.6756896973
362243.0000000000,-97.6994552612
363078.0000000000,-97.7221221924
363914.9375000000,-97.7456741333
364753.7812500000,-97.7715682983
365594.9687500000,-97.7818450928
366437.6875000000,-97.7859115601
367282.3437500000,-97.7913284302
368128.9687500000,-97.7985458374
368977.5312500000,-97.8062820435
369828.0312500000,-97.8089599609
370680.5312500000,-97.8221817017
371535.3750000000,-97.8326644897
372391.7812500000,-97.8366775513
373250.1875000000,-97.8436203003
374110.5625000000,-97.8971176147
374972.9062500000,-98.0033569336
375837.2500000000,-98.1251602173
376703.9687500000,-98.2060546875
377572.3125000000,-98.2782058716
378442.6562500000,-98.2810440063
379314.9687500000,-98.2864685059
380189.3437500000,-98.3050613403
381065.6875000000,-98.3098754883
381944.0625000000,-98.3360214233
382824.9062500000,-98.3456954956
383707.3437500000,-98.3473663330
384591.8125000000,-98.3715591431
385478.3125000000,-98.3766555786
386366.8750000000,-98.3908157349
387257.5000000000,-98.3925704956
388150.5625000000,-98.4006500244
389045.2812500000,-98.4031600952
389942.0625000000,-98.4103164673
390840.9062500000,-98.4124221802
391741.8125000000,-98.4615936279
392644.8125000000,-98.5243835449
393549.8750000000,-98.5604095459
394457.4687500000,-98.5918426514
395366.7187500000,-98.6188049316
396278.0937500000,-98.6530303955
397191.5312500000,-98.6857376099
398107.0937500000,-98.7083740234
399024.7500000000,-98.7302627563
399944.9687500000,-98.7485427856
400866.8750000000,-98.7655487061
401790.9062500000,-98.7802276611
402717.0625000000,-98.8014755249
403645.3437500000,-98.8425750732
404575.7812500000,-98.9086074829
405508.3437500000,-99.0494155884
406443.5312500000,-99.1796569824
407380.4062500000,-99.1828536987
408319.4375000000,-99.2039566040
409260.6562500000,-99.2046051025
410204.0312500000,-99.2260818481
411149.5625000000,-99.2417984009
412097.3125000000,-99.2728271484
413047.6562500000,-99.2909698486
413999.7812500000,-99.3054275513
414954.0625000000,-99.3206253052
415910.5625000000,-99.3476333618
416869.2812500000,-99.3575744629
417830.1875000000,-99.3627471924
418793.7812500000,-99.3774719238
419759.1250000000,-99.3783645630
420726.6875000000,-99.3785018921
421696.5000000000,-99.3839569092
422668.5312500000,-99.3841552734
423642.8125000000,-99.3859634399
424619.3437500000,-99.4060516357
425598.5937500000,-99.4420852661
426579.6250000000,-99.4749755859
427562.9375000000,-99.5364990234
428548.5000000000,-99.6082687378
429536.3125000000,-99.6592788696
430526.4375000000,-99.7077713013
431519.3125000000,-99.7212753296
432514.0000000000,-99.7304382324
433510.9687500000,-99.7353363037
434510.2500000000,-99.7587814331
435511.8125000000,-99.7622528076
436515.6875000000,-99.7778015137
437521.9062500000,-99.7843322754
438530.9062500000,-99.7880096436
439541.7500000000,-99.8188629150
440554.9062500000,-99.8714370728
441570.4375000000,-99.8746109009
442588.2812500000,-99.8781661987
443608.4687500000,-99.8993988037
444631.0312500000,-99.9027709961
445656.4062500000,-99.9161834717
446683.6875000000,-99.9197616577
447713.3125000000,-99.9651641846
448745.3437500000,-100.0159301758
449779.7187500000,-100.0834884644
450816.5000000000,-100.1329421997
451856.1562500000,-100.1532897949
452897.7187500000,-100.1705245972
453941.6875000000,-100.1807708740
454988.0625000000,-100.1941757202
456036.8437500000,-100.2207412720
457088.0312500000,-100.2508010864
458141.6562500000,-100.3091430664
459198.1875000000,-100.3661346436
460256.6875000000,-100.3899078369
461317.6250000000,-100.3900604248
462380.9687500000,-100.3914489746
463446.8125000000,-100.4004211426
464515.0937500000,-100.4265899658
465586.3437500000,-100.4807815552
466659.5312500000,-100.5907592773
467735.2187500000,-100.7015380859
468813.3750000000,-100.7639923096
469894.0312500000,-100.7678909302
470977.1875000000,-100.7680664063
472062.8125000000,-100.7733459473
473151.4687500000,-100.7768859863
474242.1250000000,-100.7779922485
475335.2812500000,-100.7907333374
476430.9687500000,-100.7940750122
477529.1562500000,-100.8023834229
478629.9062500000,-100.8067169189
479733.7187500000,-100.8279800415
480839.5312500000,-100.8478088379
481947.9062500000,-100.8868179321
483058.8125000000,-100.9315185547
484172.3125000000,-100.9741287231
485288.3437500000,-101.0090026855
486406.9687500000,-101.0315170288
487528.7187500000,-101.0464935303
488652.5000000000,-101.0640792847
489778.8750000000,-101.0994567871
490907.8437500000,-101.1727600098
492039.4375000000,-101.2739944458
493173.6250000000,-101.3113555908
494310.4375000000,-101.3143463135
495450.3750000000,-101.3383941650
496592.4375000000,-101.3448715210
497737.1250000000,-101.3747100830
498884.4375000000,-101.3799591064
500034.4062500000,-101.4037628174
501187.0000000000,-101.4140701294
502342.8437500000,-101.4526748657
503500.7812500000,-101.4605789185
504661.3750000000,-101.4724273682
505824.6562500000,-101.4843139648
506990.6250000000,-101.4904403687
508159.2812500000,-101.5322341919
509330.6250000000,-101.5786056519
510505.2187500000,-101.6249618530
511681.9687500000,-101.6616973877
512861.4375000000,-101.6675415039
514043.6250000000,-101.6816406250
515228.5312500000,-101.6822586060
516416.1562500000,-101.7054901123
517607.0937500000,-101.7216644287
518800.2187500000,-101.7438430786
519996.0937500000,-101.7556228638
521194.7187500000,-101.7876968384
522396.1250000000,-101.7882385254
523600.2812500000,-101.7920303345
524807.1875000000,-101.8477020264
526017.5000000000,-101.9137115479
527230.0000000000,-101.9755630493
528445.3125000000,-102.0196456909
529663.4375000000,-102.0411682129
530884.3125000000,-102.0455780029
532108.0625000000,-102.0527267456
533335.1875000000,-102.0583038330
534564.5625000000,-102.0625915527
535796.7500000000,-102.0821304321
537031.8125000000,-102.1522903442
538269.6875000000,-102.2355728149
539510.4375000000,-102.3043823242
540754.0625000000,-102.3125000000
542001.1250000000,-102.3143310547
543250.5000000000,-102.3253479004
544502.7500000000,-102.3282470703
545757.8750000000,-102.3380584717
547015.8750000000,-102.3406448364
548276.7500000000,-102.3445129395
549540.5625000000,-102.3635559082
550807.9375000000,-102.3797378540
552077.5625000000,-102.3997802734
553350.1250000000,-102.4253387451
554625.6875000000,-102.4466781616
555904.1250000000,-102.4882354736
557185.5000000000,-102.5821456909
558470.5000000000,-102.6099243164
559757.8125000000,-102.6200027466
561048.0625000000,-102.6599349976
562341.3125000000,-102.6617736816
563637.5625000000,-102.6685409546
564936.8125000000,-102.7016830444
566239.0000000000,-102.7087707520
567544.8750000000,-102.7511215210
568853.0625000000,-102.8528594971
570164.3125000000,-102.9278411865
571478.6250000000,-102.9294586182
572795.8750000000,-102.9644165039
574116.2500000000,-102.9651565552
575440.2500000000,-102.9698486328
576766.6875000000,-102.9723815918
578096.1875000000,-102.9736862183
579428.6875000000,-102.9796981812
580764.3125000000,-103.0127258301
582103.0625000000,-103.0190582275
583444.8125000000,-103.0223159790
584790.3750000000,-103.0276184082
586138.3125000000,-103.0281906128
587489.4375000000,-103.0622100830
588843.6250000000,-103.0756759644
590200.9375000000,-103.0840988159
591561.4375000000,-103.1134185791
592925.0000000000,-103.2388381958
594292.3750000000,-103.3430175781
595662.2500000000,-103.4266891479
597035.3125000000,-103.4645996094
598411.5000000000,-103.4689788818
599790.9375000000,-103.4787902832
601173.4375000000,-103.4870986938
602559.8750000000,-103.4958953857
603948.8125000000,-103.5169982910
605340.9375000000,-103.5978622437
606736.3125000000,-103.6017379761
608134.8750000000,-103.6098098755
609536.6875000000,-103.6354217529
610941.6875000000,-103.6624603271
612350.6250000000,-103.6646575928
613762.1250000000,-103.6794281006
615176.9375000000,-103.6809692383
616594.9375000000,-103.7855377197
618016.2500000000,-103.8056335449
619440.8125000000,-103.8062438965
620869.3750000000,-103.8380432129
622300.5000000000,-103.8487091064
623734.9375000000,-103.8510208130
625172.6875000000,-103.8736724854
626613.7500000000,-103.8802108765
628058.1250000000,-103.9058761597
629505.8750000000,-103.9464187622
630957.6250000000,-103.9665603638
632412.0000000000,-103.9890594482
633869.7500000000,-104.0295104980
635330.8750000000,-104.0699310303
636795.3750000000,-104.0938262939
638263.2500000000,-104.1070327759
639735.1875000000,-104.1301498413
641209.8125000000,-104.1657791138
642687.8750000000,-104.1665802002
644169.3125000000,-104.1723556519
645654.1250000000,-104.2123489380
647142.4375000000,-104.2201919556
648634.1250000000,-104.2404708862
650130.0000000000,-104.2410125732
651628.5625000000,-104.3531265259
653130.6250000000,-104.4544601440
654636.1250000000,-104.5041656494
656145.1250000000,-104.5140609741
657657.6250000000,-104.5154113770
659173.5625000000,-104.5157089233
660693.6875000000,-104.5269088745
662216.6250000000,-104.5332565308
663743.1250000000,-104.5518112183
665273.0625000000,-104.6064224243
666806.5625000000,-104.6948547363
668343.6250000000,-104.8074645996
669884.9375000000,-104.8309478760
671429.0625000000,-104.8501663208
672976.7500000000,-104.8509216309
674528.0000000000,-104.8555068970
676082.8750000000,-104.8569564819
677641.2500000000,-104.8676223755
679203.3125000000,-104.8693008423
680769.6250000000,-104.8766403198
682338.8750000000,-104.9031906128
683911.6875000000,-104.9066009521
685488.1875000000,-104.9203796387
687068.2500000000,-104.9205093384
688652.0000000000,-104.9353485107
690240.1875000000,-104.9650802612
691831.1875000000,-104.9750061035
693425.9375000000,-104.9760055542
695024.3125000000,-105.0020217896
696626.4375000000,-105.0621185303
698232.1875000000,-105.1063919067
699841.6875000000,-105.1066284180
701455.6250000000,-105.1473464966
703072.5000000000,-105.2062911987
704693.1250000000,-105.2335510254
706317.5000000000,-105.2619934082
707945.6250000000,-105.2772369385
709577.5000000000,-105.2835006714
711213.8750000000,-105.2871856689
712853.3125000000,-105.2994079590
714496.5000000000,-105.3053359985
716143.4375000000,-105.3951263428
717794.1875000000,-105.4567565918
719448.7500000000,-105.4850540161
721107.1250000000,-105.4928970337
722770.1250000000,-105.4981460571
724436.1875000000,-105.5122833252
726106.0625000000,-105.5413284302
727779.8125000000,-105.5470352173
729457.3750000000,-105.5711746216
731138.8125000000,-105.6487274170
732824.1250000000,-105.6625595093
734514.1875000000,-105.6664962769
736207.2500000000,-105.7231597900
737904.3125000000,-105.7662429810
739605.1875000000,-105.8046340942
741310.0625000000,-105.8109207153
743018.8125000000,-105.8179779053
744732.3750000000,-105.8522567749
746449.0000000000,-105.8864746094
748169.6250000000,-105.9181671143
749894.1875000000,-105.9636993408
751622.7500000000,-105.9977569580
753355.3125000000,-106.0010604858
755091.8750000000,-106.0044479370
756833.2500000000,-106.0144195557
758577.7500000000,-106.0482101440
760326.3750000000,-106.0615158081
762078.9375000000,-106.0738372803
763835.6250000000,-106.1382675171
765596.3125000000,-106.2447357178
767361.8750000000,-106.2839050293
769130.6875000000,-106.2858428955
770903.6250000000,-106.3055343628
772680.6250000000,-106.3309631348
774461.6875000000,-106.3404312134
776246.8750000000,-106.3534393311
778036.1875000000,-106.3544769287
779830.4375000000,-106.3737869263
781628.0000000000,-106.3993682861
783429.7500000000,-106.4019317627
785235.6250000000,-106.4208908081
787045.6250000000,-106.4401779175
788859.8125000000,-106.5092163086
790678.1875000000,-106.5983276367
792501.6250000000,-106.6458663940
794328.4375000000,-106.6467132568
796159.3750000000,-106.6550674438
797994.6250000000,-106.6595687866
799834.0000000000,-106.6705474854
801677.6875000000,-106.6718978882
803526.5000000000,-106.6969299316
805378.6875000000,-106.7009124756
807235.1250000000,-106.7168197632
809095.8750000000,-106.7730560303
810960.9375000000,-106.8000564575
812830.2500000000,-106.8135299683
814703.8750000000,-106.8232955933
816582.6875000000,-106.8338546753
818465.0000000000,-106.8349609375
820351.6250000000,-106.8682937622
822242.5625000000,-106.8932495117
824137.8750000000,-106.9380722046
826037.6250000000,-106.9718475342
827942.5625000000,-106.9735336304
829851.0625000000,-107.1263580322
831763.9375000000,-107.1595153809
833681.1875000000,-107.1628341675
835602.8750000000,-107.1775360107
837529.0000000000,-107.1865310669
839459.5625000000,-107.2374038696
841395.5000000000,-107.3189697266
843335.0000000000,-107.3748474121
845278.9375000000,-107.3787002563
847227.3750000000,-107.4047546387
849180.2500000000,-107.4655838013
851137.6875000000,-107.4929428101
853100.5625000000,-107.4947280884
855067.0000000000,-107.5198974609
857038.0000000000,-107.5355529785
859013.5625000000,-107.5388488770
860993.6250000000,-107.5529556274
862978.3125000000,-107.6221923828
864967.5000000000,-107.6427230835
866962.2500000000,-107.6543502808
868960.6875000000,-107.7027511597
870963.6875000000,-107.7134094238
872971.3125000000,-107.7199249268
874983.6250000000,-107.7429809570
877000.5000000000,-107.7517166138
879022.0625000000,-107.7591552734
881049.2500000000,-107.7675323486
883080.1250000000,-107.7856445313
885115.6875000000,-107.7928009033
887155.9375000000,-107.7950210571
889200.8750000000,-107.7951354980
891250.5625000000,-107.8002014160
893305.9375000000,-107.8423309326
895365.0625000000,-107.8483352661
897428.9375000000,-107.8942184448
899497.5625000000,-107.9538726807
901571.0000000000,-108.0272445679
903649.1875000000,-108.0330429077
905732.1250000000,-108.0448074341
907820.9375000000,-108.0554122925
909913.5000000000,-108.0809707642
912010.9375000000,-108.1584854126
914113.1875000000,-108.1895446777
916220.2500000000,-108.1913909912
918332.1875000000,-108.2089385986
920450.0625000000,-108.2093276978
922571.7500000000,-108.2257080078
924698.3750000000,-108.2302551270
926829.8125000000,-108.2340469360
928966.2500000000,-108.2828826904
931107.5625000000,-108.2876663208
933253.8750000000,-108.3051605225
935406.0625000000,-108.3239746094
937562.2500000000,-108.3270187378
939723.4375000000,-108.3578033447
941889.5625000000,-108.3614654541
944060.6875000000,-108.3809738159
946236.8125000000,-108.4678497314
948419.0000000000,-108.4749984741
950605.1250000000,-108.4894104004
952796.3750000000,-108.5573883057
954992.6250000000,-108.6038970947
957193.9375000000,-108.6352920532
959400.3750000000,-108.6566848755
961611.8125000000,-108.6921463013
963829.5000000000,-108.7180938721
966051.1875000000,-108.7746887207
968278.0000000000,-108.8193130493
970509.9375000000,-108.8685302734
972747.0625000000,-108.9178314209
974989.3125000000,-108.9524536133
977236.6875000000,-109.0287170410
979490.3750000000,-109.0413131714
981748.1875000000,-109.0491256714
984011.1875000000,-109.0500106812
986279.3750000000,-109.0585861206
988552.8125000000,-109.0679244995
990831.5000000000,-109.0744400024
993116.5625000000,-109.0747222900
995405.7500000000,-109.1054000854
997700.2500000000,-109.1131057739
1000000.0000000000,-109.1466217041
1002305.0625000000,-109.1942443848
1004615.4375000000,-109.2243728638
1006931.1875000000,-109.2458953857
1009253.3125000000,-109.2822494507
1011579.7500000000,-109.2852783203
1013911.5000000000,-109.2865142822
1016248.6250000000,-109.2987594604
1018591.1250000000,-109.3445281982
1020939.0625000000,-109.3815536499
1023293.5625000000,-109.4106750488
1025652.3125000000,-109.4332656860
1028016.5000000000,-109.4535675049
1030386.1250000000,-109.4786605835
1032761.2500000000,-109.5096969604
1035141.8750000000,-109.5463867188
1037527.9375000000,-109.5871200562
1039920.6250000000,-109.6248321533
1042317.7500000000,-109.6546020508
1044720.3750000000,-109.6750259399
1047128.5000000000,-109.6859207153
1049542.2500000000,-109.6888656616
1051961.5000000000,-109.6921310425
1054386.3750000000,-109.7019042969
1056817.8750000000,-109.7210388184
1059254.0000000000,-109.7508468628
1061695.6250000000,-109.7906417847
1064142.8750000000,-109.8314514160
1066595.8750000000,-109.8660354614
1069054.3750000000,-109.8907546997
1071519.8750000000,-109.9040603638
1073989.7500000000,-109.9074325562
1076465.3750000000,-109.9113159180
1078946.7500000000,-109.9246368408
1081433.7500000000,-109.9518814087
1083926.5000000000,-109.9947967529
1086425.0000000000,-110.0518264771
1088930.5000000000,-110.1155624390
1091440.6250000000,-110.1739044189
1093956.5000000000,-110.2222518921
1096478.1250000000,-110.2590789795
1099005.5000000000,-110.2856826782
1101538.8750000000,-110.3060684204
1104079.1250000000,-110.3254623413
1106624.1250000000,-110.3446197510
1109175.0000000000,-110.3613967896
1111731.7500000000,-110.3734359741
1114294.3750000000,-110.3793334961
1116862.8750000000,-110.3802108765
1119437.3750000000,-110.3838653564
1122019.0000000000,-110.3984603882
1124605.2500000000,-110.4281616211
1127197.6250000000,-110.4732894897
1129795.8750000000,-110.5303421021
1132400.1250000000,-110.5926284790
1135010.3750000000,-110.6509628296
1137627.8750000000,-110.6990814209
1140250.2500000000,-110.7375335693
1142878.6250000000,-110.7683563232
1145513.0000000000,-110.7939682007
1148153.5000000000,-110.7954101563
1150800.0000000000,-110.8030776978
1153452.7500000000,-110.8055953979
1156112.7500000000,-110.8162689209
1158777.7500000000,-110.8256149292
1161448.7500000000,-110.8341903687
1164126.0000000000,-110.8360900879
1166809.3750000000,-110.8467559814
1169499.0000000000,-110.8529129028
1172194.7500000000,-110.8621292114
1174898.0000000000,-110.8643417358
1177606.2500000000,-110.8680877686
1180320.7500000000,-110.8826446533
1183041.3750000000,-110.9428710938
1185768.3750000000,-111.0096511841
1188501.7500000000,-111.0788116455
1191242.6250000000,-111.1468200684
1193988.5000000000,-111.2096939087
1196740.7500000000,-111.2626800537
1199499.2500000000,-111.3009338379
1202264.2500000000,-111.3129272461
1205035.5000000000,-111.3146438599
1207813.2500000000,-111.3163909912
1210598.6250000000,-111.3210906982
1213389.1250000000,-111.3221969604
1216186.1250000000,-111.3232727051
1218989.5000000000,-111.3257904053
1221799.3750000000,-111.3397979736
1224615.7500000000,-111.3640594482
1227439.8750000000,-111.3941192627
1230269.2500000000,-111.4262237549
1233105.0000000000,-111.4562835693
1235947.5000000000,-111.4821548462
1238796.3750000000,-111.5052108765
1241651.8750000000,-111.5293579102
1244514.0000000000,-111.5566711426
1247384.1250000000,-111.5858154297
1250259.3750000000,-111.6126556396
1253141.3750000000,-111.6331558228
1256029.8750000000,-111.6464157104
1258925.1250000000,-111.6557464600
1261827.0000000000,-111.6668090820
1264737.0000000000,-111.6840209961
1267652.3750000000,-111.7079162598
1270574.3750000000,-111.7356567383
1273503.1250000000,-111.7641601563
1276438.6250000000,-111.7933578491
1279380.8750000000,-111.8263778687
1282330.0000000000,-111.8661270142
1285287.2500000000,-111.9114303589
1288250.0000000000,-111.9561996460
1291219.5000000000,-111.9930191040
1294195.7500000000,-112.0177917480
1297179.0000000000,-112.0317687988
1300169.1250000000,-112.0399322510
1303166.1250000000,-112.0482940674
1306171.3750000000,-112.0625457764
1309182.2500000000,-112.0876998901
1312200.0000000000,-112.1267776489
1315224.7500000000,-112.1789321899
1318256.3750000000,-112.2385864258
1321295.1250000000,-112.2962570190
1324342.2500000000,-112.3125839233
1327394.8750000000,-112.3164825439
1330454.6250000000,-112.3264083862
1333521.3750000000,-112.3412322998
1336595.2500000000,-112.3413162231
1339676.2500000000,-112.3486328125
1342764.2500000000,-112.3659286499
1345860.8750000000,-112.3660964966
1348963.2500000000,-112.3853683472
1352072.7500000000,-112.4442672729
1355189.3750000000,-112.5120010376
1358313.1250000000,-112.5805358887
1361444.1250000000,-112.6403350830
1364583.8750000000,-112.6620025635
1367729.3750000000,-112.6644210815
1370882.0000000000,-112.6699905396
1374042.0000000000,-112.6803817749
1377209.2500000000,-112.6829986572
1380383.8750000000,-112.6838607788
1383565.7500000000,-112.6984710693
1386756.5000000000,-112.7047348022
1389953.0000000000,-112.7077941895
1393157.0000000000,-112.7301940918
1396368.2500000000,-112.7952041626
1399587.0000000000,-112.8376464844
1402813.1250000000,-112.8712005615
1406046.7500000000,-112.8914718628
1409289.3750000000,-112.8915328979
1412537.8750000000,-112.8949584961
1415793.8750000000,-112.8979034424
1419057.3750000000,-112.8982391357
1422328.3750000000,-112.9235916138
1425607.0000000000,-112.9705200195
1428894.6250000000,-113.0348587036
1432188.3750000000,-113.1067199707
1435489.6250000000,-113.1745223999
1438798.5000000000,-113.2504272461
1442115.1250000000,-113.2998428345
1445439.2500000000,-113.3203582764
1448771.1250000000,-113.3344345093
1452112.2500000000,-113.3423385620
1455459.5000000000,-113.3442916870
1458814.3750000000,-113.3447265625
1462177.0000000000,-113.3458251953
1465547.5000000000,-113.3548049927
1468925.6250000000,-113.3755264282
1472313.2500000000,-113.4319000244
1475707.0000000000,-113.4597473145
1479108.6250000000,-113.4752960205
1482518.1250000000,-113.4999389648
1485935.3750000000,-113.5046768188
1489360.6250000000,-113.5265350342
1492793.6250000000,-113.5529632568
1496236.3750000000,-113.5687637329
1499685.2500000000,-113.5928955078
1503142.1250000000,-113.6019287109
1506607.0000000000,-113.6075744629
1510079.7500000000,-113.6204299927
1513560.6250000000,-113.6295623779
1517051.1250000000,-113.6333007813
1520548.1250000000,-113.6819000244
1524053.0000000000,-113.7471160889
1527566.1250000000,-113.7865219116
1531087.2500000000,-113.7890014648
1534616.5000000000,-113.7932205200
1538153.8750000000,-113.7957687378
1541701.1250000000,-113.7968902588
1545254.8750000000,-113.8198089600
1548816.8750000000,-113.8878021240
1552387.0000000000,-113.9847106934
1555965.3750000000,-114.0591583252
1559551.8750000000,-114.1287689209
1563146.7500000000,-114.1841735840
1566751.7500000000,-114.2217102051
1570363.1250000000,-114.2523269653
1573983.0000000000,-114.2743911743
1577611.1250000000,-114.2918014526
1581247.6250000000,-114.3145599365
1584892.5000000000,-114.3440170288
1588547.5000000000,-114.3755645752
1592209.2500000000,-114.3869476318
1595879.3750000000,-114.3981475830
1599558.0000000000,-114.4150848389
1603245.1250000000,-114.4397964478
1606940.7500000000,-114.4454498291
1610644.8750000000,-114.4462661743
1614359.2500000000,-114.4576339722
1618080.5000000000,-114.5146942139
1621810.2500000000,-114.6063232422
1625548.6250000000,-114.6187286377
1629295.6250000000,-114.6194610596
1633051.2500000000,-114.6296844482
1636817.3750000000,-114.6449584961
1640590.3750000000,-114.6655883789
1644372.0000000000,-114.6678085327
1648162.3750000000,-114.6723556519
1651961.5000000000,-114.7088317871
1655769.5000000000,-114.7712783813
1659586.1250000000,-114.8200759888
1663413.3750000000,-114.8424606323
1667247.6250000000,-114.8612213135
1671090.7500000000,-114.8901062012
1674942.7500000000,-114.8908004761
1678803.6250000000,-114.8938903809
1682673.3750000000,-114.9096298218
1686554.0000000000,-114.9211196899
1690441.6250000000,-114.9256591797
1694338.1250000000,-114.9318618774
1698243.7500000000,-114.9345779419
1702158.2500000000,-115.0003662109
1706081.8750000000,-115.0595550537
1710014.5000000000,-115.1080169678
1713958.1250000000,-115.1449432373
1717908.8750000000,-115.1630401611
1721868.8750000000,-115.1802749634
1725837.8750000000,-115.2176284790
1729816.0000000000,-115.2511367798
1733803.3750000000,-115.2695312500
1737799.8750000000,-115.3141326904
1741807.6250000000,-115.3856887817
1745822.6250000000,-115.4401626587
1749846.7500000000,-115.4831314087
1753880.3750000000,-115.4889297485
1757923.1250000000,-115.4912643433
1761975.2500000000,-115.4983444214
1766038.7500000000,-115.4997711182
1770109.5000000000,-115.5015945435
1774189.7500000000,-115.5148925781
1778279.3750000000,-115.5169525146
1782378.5000000000,-115.5230102539
1786487.0000000000,-115.5233764648
1790605.0000000000,-115.5391387939
1794734.3750000000,-115.5670928955
1798871.3750000000,-115.6349868774
1803017.8750000000,-115.7125396729
1807174.0000000000,-115.7555084229
1811339.6250000000,-115.7968597412
1815514.8750000000,-115.8205871582
1819701.8750000000,-115.8294219971
1823896.3750000000,-115.8440246582
1828100.6250000000,-115.8758010864
1832314.5000000000,-115.9386138916
1836538.1250000000,-116.0053329468
1840771.3750000000,-116.0136871338
1845014.5000000000,-116.0192108154
1849269.5000000000,-116.0311431885
1853532.1250000000,-116.0315246582
1857804.6250000000,-116.0544128418
1862087.0000000000,-116.0882263184
1866379.2500000000,-116.1343078613
1870681.3750000000,-116.1714172363
1874993.5000000000,-116.2001495361
1879317.5000000000,-116.2089767456
1883649.5000000000,-116.2110671997
1887991.5000000000,-116.2180252075
1892343.3750000000,-116.2182693481
1896705.3750000000,-116.2495193481
1901077.3750000000,-116.3117141724
1905461.6250000000,-116.3803482056
1909853.8750000000,-116.4464645386
1914256.2500000000,-116.4920730591
1918668.7500000000,-116.5081558228
1923091.3750000000,-116.5416564941
1927524.2500000000,-116.5417480469
1931967.3750000000,-116.5488281250
1936422.7500000000,-116.5593872070
1940886.3750000000,-116.5644989014
1945360.2500000000,-116.5766677856
1949844.3750000000,-116.6058731079
1954339.0000000000,-116.6080856323
1958843.8750000000,-116.6263885498
1963361.2500000000,-116.6267166138
1967887.0000000000,-116.6307754517
1972423.1250000000,-116.6403961182
1976969.6250000000,-116.6413345337
1981526.7500000000,-116.7106475830
1986094.2500000000,-116.7686614990
1990672.3750000000,-116.8184967041
1995263.2500000000,-116.8807601929
1999862.3750000000,-116.8955535889
2004472.2500000000,-116.8983383179
2009092.7500000000,-116.9128723145
2013723.7500000000,-116.9175949097
2018365.6250000000,-116.9378738403
2023020.2500000000,-116.9487762451
2027683.5000000000,-116.9529800415
2032357.3750000000,-116.9560165405
2037042.1250000000,-116.9780883789
2041737.6250000000,-116.9954452515
2046444.0000000000,-116.9980773926
2051161.2500000000,-117.0109405518
2055891.5000000000,-117.0929794312
2060630.5000000000,-117.2138214111
2065380.3750000000,-117.2822799683
2070141.2500000000,-117.3071670532
2074913.1250000000,-117.3110809326
2079695.8750000000,-117.3233032227
2084489.7500000000,-117.3573760986
2089297.0000000000,-117.4059219360
2094112.8750000000,-117.4129791260
2098940.0000000000,-117.4347839355
2103778.2500000000,-117.4685592651
2108627.5000000000,-117.4755554199
2113488.0000000000,-117.5026855469
2118362.2500000000,-117.5329055786
2123245.2500000000,-117.5605773926
2128139.5000000000,-117.5741043091
2133045.0000000000,-117.5805740356
2137961.7500000000,-117.6596603394
2142889.7500000000,-117.6634292603
2147829.5000000000,-117.6940841675
2152782.7500000000,-117.7068634033
2157745.0000000000,-117.7089157104
2162718.7500000000,-117.7098312378
2167704.0000000000,-117.7337722778
2172700.7500000000,-117.7665939331
2177708.7500000000,-117.7683410645
2182731.0000000000,-117.7696533203
2187762.5000000000,-117.7842483521
2192805.2500000000,-117.8030929565
2197860.0000000000,-117.8254852295
2202926.2500000000,-117.9313888550
2208004.0000000000,-117.9434890747
2213093.7500000000,-117.9502182007
2218197.5000000000,-117.9810485840
2223310.5000000000,-117.9856643677
2228435.5000000000,-118.0353469849
2233572.0000000000,-118.0386199951
2238720.7500000000,-118.0400466919
2243881.0000000000,-118.0708007813
2249055.7500000000,-118.0716400146
2254240.0000000000,-118.1189880371
2259436.2500000000,-118.1223602295
2264644.5000000000,-118.1461639404
2269864.5000000000,-118.1518630981
2275096.7500000000,-118.1538925171
2280341.0000000000,-118.1701431274
2285600.0000000000,-118.1740570068
2290868.2500000000,-118.1894683838
2296149.0000000000,-118.1991729736
2301441.7500000000,-118.2121200562
2306746.7500000000,-118.2191085815
2312064.0000000000,-118.2325897217
2317393.5000000000,-118.2363510132
2322737.7500000000,-118.2615966797
2328091.7500000000,-118.2695388794
2333458.2500000000,-118.3170242310
2338837.0000000000,-118.4419250488
2344228.2500000000,-118.5296936035
2349631.7500000000,-118.5830154419
2355050.5000000000,-118.6397399902
2360479.0000000000,-118.7121810913
2365920.0000000000,-118.7515640259
2371373.7500000000,-118.7542495728
2376840.0000000000,-118.7552261353
2382318.7500000000,-118.7619171143
2387810.0000000000,-118.7771987915
2393316.7500000000,-118.8256530762
2398833.5000000000,-118.8328475952
2404363.0000000000,-118.8347549438
2409905.2500000000,-118.8598098755
2415460.2500000000,-118.8755874634
2421028.0000000000,-118.8766632080
2426611.2500000000,-118.8842163086
2432205.0000000000,-118.8913116455
2437811.2500000000,-118.9174804688
2443430.5000000000,-118.9312896729
2449063.0000000000,-118.9674072266
2454708.2500000000,-119.0111846924
2460366.5000000000,-119.0127563477
2466040.5000000000,-119.0234832764
2471724.7500000000,-119.0335083008
2477422.2500000000,-119.0530090332
2483133.0000000000,-119.0622558594
2488856.7500000000,-119.1211090088
2494593.7500000000,-119.1269912720
2500344.0000000000,-119.1560668945
2506110.2500000000,-119.1605911255
2511887.0000000000,-119.1890792847
2517677.0000000000,-119.1897506714
2523480.5000000000,-119.2059860229
2529297.2500000000,-119.2218627930
2535127.5000000000,-119.2242507935
2540974.0000000000,-119.2427444458
2546831.0000000000,-119.2760009766
2552701.7500000000,-119.2788085938
2558585.7500000000,-119.2898635864
2564483.5000000000,-119.3247070313
2570395.0000000000,-119.3829269409
2576319.7500000000,-119.4464721680
2582261.2500000000,-119.5313415527
2588213.5000000000,-119.6385498047
2594179.5000000000,-119.6820831299
2600159.2500000000,-119.6948089600
2606153.0000000000,-119.7258529663
2612160.2500000000,-119.7407379150
2618184.2500000000,-119.7500381470
2624219.5000000000,-119.7783584595
2630268.5000000000,-119.7960357666
2636331.5000000000,-119.8317794800
2642408.2500000000,-119.8531951904
2648499.2500000000,-119.8560562134
2654604.2500000000,-119.8646163940
2660726.2500000000,-119.8698501587
2666859.5000000000,-119.8968734741
2673006.7500000000,-119.8980407715
2679168.2500000000,-119.9256896973
2685343.7500000000,-119.9349212646
2691533.7500000000,-119.9400939941
2697741.0000000000,-120.0006484985
2703959.2500000000,-120.0076065063
2710192.2500000000,-120.0210952759
2716439.2500000000,-120.0646972656
2722701.0000000000,-120.0939712524
2728977.0000000000,-120.1226654053
2735267.5000000000,-120.1310806274
2741575.5000000000,-120.1596069336
2747895.0000000000,-120.1644668579
2754229.0000000000,-120.1927947998
2760577.7500000000,-120.2151489258
2766941.0000000000,-120.2645492554
2773319.0000000000,-120.3523788452
2779711.7500000000,-120.3928527832
2786122.2500000000,-120.3955688477
2792544.5000000000,-120.4235458374
2798981.5000000000,-120.4570693970
2805433.2500000000,-120.4892120361
2811900.0000000000,-120.4906768799
2818381.7500000000,-120.5108337402
2824881.2500000000,-120.5220642090
2831393.0000000000,-120.5392684937
2837919.5000000000,-120.5504608154
2844461.0000000000,-120.5555801392
2851017.7500000000,-120.6049804688
2857589.5000000000,-120.6321563721
2864176.5000000000,-120.6352539063
2870781.7500000000,-120.6672973633
2877399.2500000000,-120.6679763794
2884031.7500000000,-120.6865463257
2890679.7500000000,-120.7208404541
2897343.0000000000,-120.7271194458
2904021.5000000000,-120.7273330688
2910718.7500000000,-120.7561492920
2917428.0000000000,-120.7692184448
2924153.0000000000,-120.8163604736
2930893.2500000000,-120.8172683716
2937649.2500000000,-120.8500442505
2944420.7500000000,-120.8744125366
2951207.7500000000,-120.9232254028
2958013.7500000000,-120.9308471680
2964832.2500000000,-120.9347915649
2971666.2500000000,-121.0166320801
2978516.2500000000,-121.1218338013
2985382.0000000000,-121.2184295654
2992263.5000000000,-121.2283859253
2999164.2500000000,-121.2369232178
3006077.5000000000,-121.2383193970
3013006.7500000000,-121.2482452393
3019951.7500000000,-121.2693099976
3026913.0000000000,-121.2934265137
3033890.2500000000,-121.3274002075
3040883.7500000000,-121.3507003784
3047896.5000000000,-121.3631744385
3054922.0000000000,-121.4011688232
3061963.7500000000,-121.4362564087
3069022.0000000000,-121.4367218018
3076096.2500000000,-121.4713134766
3083186.7500000000,-121.4998931885
3090293.7500000000,-121.5267410278
3097420.5000000000,-121.5490875244
3104560.2500000000,-121.5686492920
3111716.5000000000,-121.5859985352
3118889.2500000000,-121.6013565063
3126078.5000000000,-121.6162261963
3133284.5000000000,-121.6303100586
3140510.2500000000,-121.6431427002
3147749.2500000000,-121.6544799805
3155005.2500000000,-121.6631011963
3162277.7500000000,-121.6710433960
3169567.0000000000,-121.6802368164
3176873.0000000000,-121.6926422119
3184196.0000000000,-121.7095489502
3191539.2500000000,-121.7318725586
3198896.0000000000,-121.7560653687
3206269.7500000000,-121.7809600830
3213660.2500000000,-121.8050155640
3221068.0000000000,-121.8279647827
3228492.7500000000,-121.8529357910
3235938.2500000000,-121.8793487549
3243397.2500000000,-121.9109344482
3250873.5000000000,-121.9434509277
3258367.0000000000,-121.9768524170
3265877.7500000000,-122.0054702759
3273406.0000000000,-122.0315551758
3280951.2500000000,-122.0521697998
3288517.7500000000,-122.0706329346
3296098.0000000000,-122.0878524780
3303695.7500000000,-122.1050949097
3311311.0000000000,-122.1221389771
3318944.0000000000,-122.1389007568
3326594.2500000000,-122.1538619995
3334262.2500000000,-122.1681518555
3341951.7500000000,-122.1815185547
3349655.2500000000,-122.1967926025
3357376.2500000000,-122.2135391235
3365115.2500000000,-122.2368774414
3372872.2500000000,-122.2634124756
3380646.7500000000,-122.2934188843
3388443.2500000000,-122.3258666992
3396253.7500000000,-122.3587799072
3404082.5000000000,-122.3921356201
3411929.0000000000,-122.4281539917
3419793.7500000000,-122.4661026001
3427676.7500000000,-122.5080490112
3435577.7500000000,-122.5496444702
3443500.7500000000,-122.5894927979
3451438.2500000000,-122.6194839478
3459394.0000000000,-122.6381759644
3467368.2500000000,-122.6386337280
3475360.7500000000,-122.6425399780
3483371.7500000000,-122.6433792114
3491405.0000000000,-122.6473693848
3499452.7500000000,-122.6496353149
3507519.2500000000,-122.6570205688
3515604.5000000000,-122.6812973022
3523708.2500000000,-122.7280197144
3531830.5000000000,-122.7819976807
3539971.7500000000,-122.8434295654
3548135.5000000000,-122.9049224854
3556314.2500000000,-122.9601898193
3564511.7500000000,-123.0090789795
3572728.2500000000,-123.0415496826
3580963.5000000000,-123.0670471191
3589218.0000000000,-123.0675201416
3597495.2500000000,-123.0742950439
3605787.7500000000,-123.0757675171
3614099.2500000000,-123.0857925415
3622430.0000000000,-123.0859069824
3630780.0000000000,-123.0960235596
3639149.2500000000,-123.0963897705
3647537.7500000000,-123.0976562500
3655949.5000000000,-123.1017532349
3664376.7500000000,-123.1031723022
3672823.5000000000,-123.1406250000
3681289.5000000000,-123.2019577026
3689775.2500000000,-123.2681579590
3698280.5000000000,-123.3358535767
3706805.2500000000,-123.3842239380
3715353.7500000000,-123.4157791138
3723918.0000000000,-123.4287719727
3732501.7500000000,-123.4304275513
3741105.5000000000,-123.4308624268
3749729.0000000000,-123.4394607544
3758372.5000000000,-123.4649505615
3767039.7500000000,-123.5040664673
3775723.2500000000,-123.5438079834
3784426.5000000000,-123.5804290771
3793149.7500000000,-123.5989456177
3801893.2500000000,-123.6084213257
3810657.0000000000,-123.6123657227
3819440.7500000000,-123.6156387329
3828249.0000000000,-123.6264114380
3837073.5000000000,-123.6447372437
3845918.2500000000,-123.6715621948
3854783.2500000000,-123.7128067017
3863668.7500000000,-123.7627258301
3872574.7500000000,-123.8162002563
3881505.7500000000,-123.8694458008
3890452.7500000000,-123.9067916870
3899420.5000000000,-123.9233016968
3908409.0000000000,-123.9256896973
3917418.2500000000,-123.9284973145
3926448.0000000000,-123.9292221069
3935498.7500000000,-123.9331283569
3944574.7500000000,-123.9378585815
3953667.2500000000,-123.9460144043
3962780.7500000000,-123.9745101929
3971915.2500000000,-124.0103530884
3981070.7500000000,-124.0531158447
3990247.5000000000,-124.1041488647
3999449.7500000000,-124.1587982178
4008668.7500000000,-124.2085800171
4017909.0000000000,-124.2485275269
4027170.5000000000,-124.2653732300
4036453.5000000000,-124.2681655884
4045757.7500000000,-124.2690582275
4055083.5000000000,-124.2691116333
4064435.2500000000,-124.2711944580
4073804.0000000000,-124.2797317505
4083194.5000000000,-124.2896270752
4092606.5000000000,-124.2967605591
4102040.2500000000,-124.2998657227
4111495.7500000000,-124.3018646240
4120973.0000000000,-124.3081512451
4130476.7500000000,-124.3189086914
4139997.7500000000,-124.3336181641
4149540.7500000000,-124.3504714966
4159105.7500000000,-124.3682250977
4168692.7500000000,-124.3890457153
4178301.7500000000,-124.4147033691
4187937.7500000000,-124.4464187622
4197591.0000000000,-124.4834671021
4207267.0000000000,-124.5170288086
4216965.0000000000,-124.5413436890
4226685.5000000000,-124.5542221069
4236428.0000000000,-124.5558853149
4246193.5000000000,-124.5560073853
4255986.0000000000,-124.5718307495
4265796.5000000000,-124.6106414795
4275629.5000000000,-124.6733551025
4285485.0000000000,-124.7558898926
4295363.0000000000,-124.8438644409
4305264.5000000000,-124.9147796631
4315193.0000000000,-124.9612274170
4325140.0000000000,-124.9619979858
4335109.5000000000,-124.9639205933
4345102.5000000000,-124.9699096680
4355118.0000000000,-124.9763183594
4365157.0000000000,-124.9818725586
4375219.0000000000,-124.9822082520
4385309.0000000000,-124.9987792969
4395417.5000000000,-125.0304794312
4405549.0000000000,-125.0725326538
4415704.5000000000,-125.1224441528
4425883.0000000000,-125.1741638184
4436085.0000000000,-125.2146987915
4446310.5000000000,-125.2215347290
4456564.0000000000,-125.2228317261
4466837.0000000000,-125.2253723145
4477133.5000000000,-125.2468185425
4487453.5000000000,-125.2522964478
4497797.5000000000,-125.2585754395
4508165.0000000000,-125.2690887451
4518561.5000000000,-125.2804718018
4528977.0000000000,-125.2830963135
4539417.0000000000,-125.2947921753
4549880.5000000000,-125.3330688477
4560368.5000000000,-125.3637924194
4570880.5000000000,-125.3917160034
4581416.5000000000,-125.4235458374
4591982.0000000000,-125.4623260498
4602567.0000000000,-125.4900665283
4613176.0000000000,-125.4959640503
4623810.0000000000,-125.5025939941
4634468.0000000000,-125.5069732666
4645151.0000000000,-125.5142898560
4655863.5000000000,-125.5281372070
4666595.5000000000,-125.5296936035
4677352.0000000000,-125.5475387573
4688134.0000000000,-125.6023712158
4698940.5000000000,-125.6576004028
4709771.5000000000,-125.7080001831
4720628.0000000000,-125.7572784424
4731514.5000000000,-125.7941513062
4742421.0000000000,-125.8060989380
4753353.0000000000,-125.8067169189
4764309.5000000000,-125.8209915161
4775291.5000000000,-125.8438339233
4786299.0000000000,-125.8504257202
4797337.0000000000,-125.8811798096
4808395.5000000000,-125.8843307495
4819479.0000000000,-125.8863677979
4830588.0000000000,-125.9019699097
4841723.0000000000,-125.9026107788
4852883.5000000000,-125.9747619629
4864070.0000000000,-126.0653152466
4875287.0000000000,-126.1429595947
4886525.0000000000,-126.1456375122
4897789.0000000000,-126.1530914307
4909078.5000000000,-126.1619186401
4920394.5000000000,-126.1791763306
4931736.0000000000,-126.1970443726
4943104.0000000000,-126.2032852173
4954504.0000000000,-126.2134780884
4965924.5000000000,-126.2390747070
4977371.0000000000,-126.2488784790
4988844.5000000000,-126.2503814697
5000344.0000000000,-126.2753372192
5011870.0000000000,-126.2813796997
5023428.5000000000,-126.2949142456
5035007.5000000000,-126.2968902588
5046614.0000000000,-126.2984161377
5058246.5000000000,-126.3553619385
5069906.0000000000,-126.4287261963
5081592.5000000000,-126.4966888428
5093306.0000000000,-126.5405960083
5105052.0000000000,-126.5600662231
5116819.5000000000,-126.5716857910
5128614.5000000000,-126.5888977051
5140436.0000000000,-126.6080093384
5152285.0000000000,-126.6137924194
5164161.5000000000,-126.6165771484
5176071.0000000000,-126.6178207397
5188002.0000000000,-126.6485061646
5199961.0000000000,-126.7044296265
5211947.0000000000,-126.7599182129
5223961.0000000000,-126.7804946899
5236002.5000000000,-126.7852554321
5248072.0000000000,-126.7875518799
5260175.0000000000,-126.7908935547
5272300.0000000000,-126.7943115234
5284453.0000000000,-126.8037185669
5296634.0000000000,-126.8209686279
5308843.5000000000,-126.8347778320
5321080.5000000000,-126.8427963257
5333352.0000000000,-126.8499603271
5345645.5000000000,-126.8580474854
5357967.5000000000,-126.8710327148
5370318.0000000000,-126.8992614746
5382697.0000000000,-126.9549407959
5395104.5000000000,-127.0404586792
5407541.0000000000,-127.1410598755
5420011.5000000000,-127.2009429932
5432505.0000000000,-127.2033843994
5445027.5000000000,-127.2299346924
5457578.5000000000,-127.2378463745
5470158.5000000000,-127.2399902344
5482767.5000000000,-127.2834243774
5495406.0000000000,-127.2918701172
5508079.0000000000,-127.2961120605
5520775.5000000000,-127.2973937988
5533501.5000000000,-127.3035736084
5546256.5000000000,-127.3209228516
5559041.0000000000,-127.3228225708
5571855.0000000000,-127.3507385254
5584704.5000000000,-127.3529129028
5597578.0000000000,-127.4132537842
5610480.5000000000,-127.4572067261
5623413.5000000000,-127.4754333496
5636375.5000000000,-127.4805908203
5649368.0000000000,-127.4967956543
5662390.0000000000,-127.5378723145
5675448.5000000000,-127.5967254639
5688531.0000000000,-127.6520690918
5701643.5000000000,-127.6709671021
5714786.0000000000,-127.6747436523
5727959.0000000000,-127.6827239990
5741162.5000000000,-127.6834487915
5754402.5000000000,-127.6860351563
5767666.5000000000,-127.7025451660
5780961.5000000000,-127.7060699463
5794287.0000000000,-127.7162246704
5807643.5000000000,-127.7475891113
5821030.5000000000,-127.7890319824
5834448.5000000000,-127.7915039063
5847903.5000000000,-127.7958602905
5861383.5000000000,-127.8009796143
5874894.0000000000,-127.8019561768
5888436.5000000000,-127.8047637939
5902009.5000000000,-127.8167572021
5915614.0000000000,-127.8222198486
5929250.0000000000,-127.8233337402
5942924.0000000000,-127.8276062012
5956622.5000000000,-127.8286056519
5970353.0000000000,-127.8404998779
5984115.5000000000,-127.8911590576
5997909.0000000000,-127.9859466553
6011734.5000000000,-128.0952758789
6025599.0000000000,-128.1042022705
6039488.0000000000,-128.1113128662
6053409.5000000000,-128.1287384033
6067363.0000000000,-128.1568603516
6081349.0000000000,-128.1845855713
6095367.0000000000,-128.2158966064
6109417.0000000000,-128.2258605957
6123506.5000000000,-128.2871704102
6137621.5000000000,-128.3099517822
6151769.0000000000,-128.3260803223
6165949.5000000000,-128.3739776611
6180162.5000000000,-128.4368896484
6194408.0000000000,-128.4481811523
6208693.5000000000,-128.4539642334
6223005.0000000000,-128.4551849365
6237349.5000000000,-128.4820556641
6251727.0000000000,-128.4902038574
6266137.5000000000,-128.5354003906
6280581.5000000000,-128.5424346924
6295058.5000000000,-128.5615997314
6309576.0000000000,-128.6149291992
6324120.0000000000,-128.6152496338
6338698.0000000000,-128.6411590576
6353309.0000000000,-128.6696472168
6367954.0000000000,-128.6775360107
6382632.5000000000,-128.6800689697
6397352.0000000000,-128.7507476807
6412098.0000000000,-128.7527618408
6426878.5000000000,-128.7609252930
6441693.0000000000,-128.8007354736
6456541.5000000000,-128.8149414063
6471424.0000000000,-128.8229522705
6486341.5000000000,-128.8547210693
6501300.0000000000,-129.0119323730
6516286.0000000000,-129.0672912598
6531306.5000000000,-129.0770416260
6546361.5000000000,-129.0806884766
6561451.5000000000,-129.0823974609
6576576.0000000000,-129.0977325439
6591735.5000000000,-129.0991058350
6606937.0000000000,-129.1077270508
6622166.5000000000,-129.1088409424
6637431.0000000000,-129.1090393066
6652731.0000000000,-129.1147308350
6668066.0000000000,-129.1225891113
6683436.0000000000,-129.1325378418
6698849.5000000000,-129.1397247314
6714290.5000000000,-129.1497497559
6729767.5000000000,-129.1678619385
6745280.0000000000,-129.1715545654
6760828.5000000000,-129.1742553711
6776413.0000000000,-129.1879577637
6792033.0000000000,-129.1920013428
6807696.5000000000,-129.1924438477
6823388.5000000000,-129.2215881348
6839117.0000000000,-129.2256317139
6854881.5000000000,-129.2484283447
6870682.5000000000,-129.2661895752
6886520.0000000000,-129.3103790283
6902401.5000000000,-129.3605499268
6918312.0000000000,-129.3717498779
6934259.5000000000,-129.3739624023
6950243.5000000000,-129.4006805420
6966264.0000000000,-129.5085601807
6982322.0000000000,-129.5093383789
6998416.5000000000,-129.5334625244
7014556.0000000000,-129.5765686035
7030725.0000000000,-129.5769042969
7046931.5000000000,-129.5775299072
7063175.0000000000,-129.5875854492
7079456.5000000000,-129.6223907471
7095775.0000000000,-129.6356658936
7112139.0000000000,-129.6807403564
7128533.0000000000,-129.7108306885
7144965.0000000000,-129.7245635986
7161434.5000000000,-129.7778778076
7177942.0000000000,-129.8150482178
7194487.5000000000,-129.8193817139
7211071.5000000000,-129.8271331787
7227701.5000000000,-129.9086608887
7244362.0000000000,-129.9098968506
7261060.5000000000,-129.9185028076
7277798.0000000000,-129.9201354980
7294573.5000000000,-129.9255523682
7311388.0000000000,-129.9270324707
7328241.5000000000,-129.9866027832
7345141.5000000000,-129.9938049316
7362072.5000000000,-130.0210266113
7379043.0000000000,-130.0246124268
7396052.0000000000,-130.0327911377
7413100.5000000000,-130.0500488281
7430188.0000000000,-130.0532836914
7447323.5000000000,-130.1000518799
7464490.0000000000,-130.1149597168
7481696.5000000000,-130.1314392090
7498942.0000000000,-130.1358947754
7516227.5000000000,-130.1378326416
7533553.0000000000,-130.1526947021
7550918.5000000000,-130.1912384033
7568332.0000000000,-130.2480010986
7585777.5000000000,-130.2500610352
7603263.5000000000,-130.2536773682
7620789.5000000000,-130.2662658691
7638356.0000000000,-130.2761077881
7655963.0000000000,-130.2812042236
7673619.0000000000,-130.3056182861
7691307.0000000000,-130.3183135986
7709036.0000000000,-130.3263854980
7726806.0000000000,-130.3749542236
7744617.0000000000,-130.3760070801
7762469.0000000000,-130.3947448730
7780362.0000000000,-130.4013061523
7798304.5000000000,-130.4311218262
7816280.5000000000,-130.4369964600
7834297.5000000000,-130.4382781982
7852356.0000000000,-130.4528656006
7870456.0000000000,-130.5146331787
7888598.0000000000,-130.5170898438
7906782.0000000000,-130.5959320068
7925016.5000000000,-130.6119079590
7943284.0000000000,-130.6128692627
7961594.0000000000,-130.6196899414
7979946.0000000000,-130.6397857666
7998340.5000000000,-130.6796264648
8016777.0000000000,-130.7201995850
8035265.0000000000,-130.7288360596
8053787.0000000000,-130.7362518311
8072351.5000000000,-130.7369995117
8090959.0000000000,-130.7461242676
8109609.0000000000,-130.7868652344
8128302.5000000000,-130.7953643799
8147038.5000000000,-130.8128356934
8165827.0000000000,-130.8159484863
8184650.0000000000,-130.8350372314
8203516.0000000000,-130.8498840332
8222426.0000000000,-130.8742370605
8241379.0000000000,-130.9364166260
8260376.0000000000,-130.9381561279
8279426.0000000000,-130.9426727295
8298510.5000000000,-130.9663543701
8317639.0000000000,-130.9795227051
8336812.0000000000,-131.0032348633
8356029.0000000000,-131.0083770752
8375290.0000000000,-131.0108642578
8394596.0000000000,-131.0310668945
8413955.0000000000,-131.0467529297
8433350.0000000000,-131.0483703613
8452789.0000000000,-131.0610809326
8472274.0000000000,-131.0707702637
8491803.0000000000,-131.0747985840
8511377.0000000000,-131.1384582520
8531006.0000000000,-131.1393127441
8550670.0000000000,-131.1405181885
8570380.0000000000,-131.1859130859
8590136.0000000000,-131.2114868164
8609936.0000000000,-131.2783508301
8629783.0000000000,-131.3008270264
8649675.0000000000,-131.3299102783
8669623.0000000000,-131.3484497070
8689607.0000000000,-131.3976287842
8709637.0000000000,-131.4017181396
8729713.0000000000,-131.4822692871
8749836.0000000000,-131.5054779053
8770005.0000000000,-131.5436401367
8790220.0000000000,-131.5671997070
8810492.0000000000,-131.5972595215
8830801.0000000000,-131.6379241943
8851157.0000000000,-131.7045593262
8871559.0000000000,-131.7729034424
8892009.0000000000,-131.8830718994
8912505.0000000000,-131.8870391846
8933059.0000000000,-131.8959808350
8953651.0000000000,-131.9556427002
8974289.0000000000,-132.0447845459
8994976.0000000000,-132.0852813721
9015710.0000000000,-132.0991363525
9036492.0000000000,-132.1155548096
9057321.0000000000,-132.1368103027
9078209.0000000000,-132.1368103027
9099135.0000000000,-132.1368103027
9120109.0000000000,-132.1503143311
9141132.0000000000,-132.1769714355
9162203.0000000000,-132.1923370361
9183322.0000000000,-132.2333984375
9204500.0000000000,-132.2374725342
9225718.0000000000,-132.2390594482
9246983.0000000000,-132.3080596924
9268298.0000000000,-132.3122863770
9289662.0000000000,-132.3431091309
9311076.0000000000,-132.3626861572
9332538.0000000000,-132.3881378174
9354061.0000000000,-132.3889617920
9375623.0000000000,-132.4023284912
9397234.0000000000,-132.4087982178
9418895.0000000000,-132.4186859131
9440607.0000000000,-132.4238739014
9462368.0000000000,-132.4528808594
9484190.0000000000,-132.4686431885
9506052.0000000000,-132.4686431885
9527964.0000000000,-132.4686431885
9549926.0000000000,-132.4841918945
9571940.0000000000,-132.5087890625
9594004.0000000000,-132.7827606201
9616118.0000000000,-133.0151062012
9638295.0000000000,-133.2154998779
9660512.0000000000,-133.2594909668
9682780.0000000000,-133.2650756836
9705099.0000000000,-133.3217010498
9727470.0000000000,-133.3328399658
9749893.0000000000,-133.3709564209
9772367.0000000000,-133.3978881836
9794904.0000000000,-133.4311065674
9817482.0000000000,-133.4814910889
9840112.0000000000,-133.5009002686
9862794.0000000000,-133.5028381348
9885528.0000000000,-133.5698242188
9908315.0000000000,-133.5800476074
9931165.0000000000,-133.6344909668
9954057.0000000000,-133.6552734375
9977002.0000000000,-133.6966247559
10000000.0000000000,-133.7000885010
10023051.0000000000,-133.7342681885
10046155.0000000000,-133.7468414307
10069312.0000000000,-133.8211517334
10092533.0000000000,-133.8243560791
10115797.0000000000,-133.8243560791
10139115.0000000000,-133.8243560791
10162486.0000000000,-133.8243560791
10185911.0000000000,-133.8421478271
10209391.0000000000,-133.8452453613
10232935.0000000000,-133.8941650391
10256523.0000000000,-133.9229736328
10280165.0000000000,-133.9320831299
10303861.0000000000,-133.9585876465
10327613.0000000000,-133.9672698975
10351418.0000000000,-133.9972381592
10375279.0000000000,-134.0228118896
10399206.0000000000,-134.0614013672
10423177.0000000000,-134.0737609863
10447203.0000000000,-134.0817871094
10471285.0000000000,-134.0966339111
10495422.0000000000,-134.1209716797
10519615.0000000000,-134.1476745605
10543863.0000000000,-134.1511840820
10568179.0000000000,-134.1638946533
10592540.0000000000,-134.1638946533
10616956.0000000000,-134.1638946533
10641429.0000000000,-134.1831207275
10665958.0000000000,-134.1910552979
10690544.0000000000,-134.1910552979
10715198.0000000000,-134.1910552979
10739898.0000000000,-134.1910552979
10764654.0000000000,-134.1910552979
10789467.0000000000,-134.1910552979
10814338.0000000000,-134.1910552979
10839265.0000000000,-134.2035369873
10864251.0000000000,-134.2093353271
10889305.0000000000,-134.2366180420
10914406.0000000000,-134.2366180420
10939565.0000000000,-134.2366180420
10964781.0000000000,-134.2955627441
10990056.0000000000,-134.3710479736
11015388.0000000000,-134.3716430664
11040792.0000000000,-134.3716430664
11066242.0000000000,-134.3716430664
11091750.0000000000,-134.3716430664
11117317.0000000000,-134.3716430664
11142944.0000000000,-134.3716430664
11168629.0000000000,-134.3716430664
11194373.0000000000,-134.3716430664
11220189.0000000000,-134.3716430664
11246053.0000000000,-134.3716430664
11271976.0000000000,-134.3716430664
11297958.0000000000,-134.3716430664
11324001.0000000000,-134.3716430664
11350104.0000000000,-134.3710479736
11376279.0000000000,-134.1917572021
11402502.0000000000,-134.1910552979
11428786.0000000000,-134.1910552979
11455130.0000000000,-134.1910552979
11481535.0000000000,-134.1910552979
11508000.0000000000,-134.1910552979
11534527.0000000000,-134.1910552979
11561128.0000000000,-134.1910552979
11587777.0000000000,-134.1910552979
11614488.0000000000,-134.1910552979
11641260.0000000000,-134.1910552979
11668094.0000000000,-134.1910552979
11694990.0000000000,-134.1910552979
11721947.0000000000,-134.1917572021
11748980.0000000000,-134.4149932861
11776062.0000000000,-134.4258880615
11803207.0000000000,-134.4536132813
11830414.0000000000,-134.5494995117
11857684.0000000000,-134.5556945801
11885017.0000000000,-134.5562133789
11912426.0000000000,-134.5819702148
11939885.0000000000,-134.5562133789
11967407.0000000000,-134.5556945801
11994993.0000000000,-134.5556945801
12022642.0000000000,-134.5556945801
12050355.0000000000,-134.5556945801
12078132.0000000000,-134.5556945801
12105986.0000000000,-134.5562133789
12133892.0000000000,-134.5819702148
12161861.0000000000,-134.5906677246
12189895.0000000000,-134.6050720215
12217994.0000000000,-134.6078186035
12246157.0000000000,-134.6141815186
12274399.0000000000,-134.6167602539
12302692.0000000000,-134.6199645996
12331051.0000000000,-134.6240997314
12359475.0000000000,-134.6485443115
12387964.0000000000,-134.6525115967
12416519.0000000000,-134.6616058350
12445140.0000000000,-134.7204742432
12473841.0000000000,-134.8003692627
12502594.0000000000,-134.8450622559
12531413.0000000000,-134.8883209229
12560299.0000000000,-134.9067687988
12589251.0000000000,-134.9500579834
12618270.0000000000,-135.4509277344
12647370.0000000000,-135.4509277344
12676523.0000000000,-135.4509277344
12705744.0000000000,-135.4509277344
12735031.0000000000,-135.4509277344
12764387.0000000000,-135.4509277344
12793809.0000000000,-135.4509277344
12823300.0000000000,-135.4509277344
12852873.0000000000,-135.4509277344
12882499.0000000000,-135.4509277344
12912195.0000000000,-135.4509277344
12941958.0000000000,-135.4509277344
12971790.0000000000,-135.4509277344
13001691.0000000000,-135.4509277344
13031661.0000000000,-135.4509277344
13061714.0000000000,-135.4509277344
13091822.0000000000,-135.4509277344
13122000.0000000000,-135.4509277344
13152247.0000000000,-135.4509277344
13182564.0000000000,-135.4509277344
13212951.0000000000,-135.4509277344
13243422.0000000000,-135.1359100342
13273949.0000000000,-135.0124206543
13304546.0000000000,-135.0124206543
13335214.0000000000,-135.0124206543
13365953.0000000000,-134.9474792480
13396762.0000000000,-134.9380035400
13427643.0000000000,-134.9379425049
13458609.0000000000,-134.8962097168
13489632.0000000000,-134.8735046387
13520727.0000000000,-134.8735046387
13551893.0000000000,-134.8735046387
13583131.0000000000,-134.8735046387
13614441.0000000000,-134.8735046387
13645839.0000000000,-134.8735046387
13677293.0000000000,-134.8735046387
13708820.0000000000,-134.8735046387
13740420.0000000000,-134.8735046387
13772093.0000000000,-134.8735046387
13803838.0000000000,-134.8735046387
13835657.0000000000,-134.8735046387
13867565.0000000000,-134.8735046387
13899530.0000000000,-134.8639678955
13931570.0000000000,-134.8639678955
13963683.0000000000,-134.8735046387
13995870.0000000000,-134.8962097168
14028132.0000000000,-134.9347686768
14060468.0000000000,-134.9379425049
14092893.0000000000,-134.9380035400
14125379.0000000000,-134.9474792480
14157939.0000000000,-134.9999847412
14190574.0000000000,-135.0124206543
14223284.0000000000,-135.0353851318
14256070.0000000000,-135.0644226074
14288946.0000000000,-135.0823974609
14321884.0000000000,-135.2776641846
14354896.0000000000,-135.4601898193
14387986.0000000000,-135.5113220215
14421151.0000000000,-135.5181427002
14454393.0000000000,-135.5300292969
14487711.0000000000,-135.6326446533
14521122.0000000000,-135.6367340088
14554594.0000000000,-135.6676025391
14588144.0000000000,-135.7202301025
14621770.0000000000,-135.8644104004
14655475.0000000000,-135.9047088623
14689257.0000000000,-135.9378356934
14723133.0000000000,-135.9378356934
14757070.0000000000,-135.9378356934
14791086.0000000000,-135.9378356934
14825181.0000000000,-135.9554595947
14859354.0000000000,-136.1034240723
14893606.0000000000,-136.1697387695
14927937.0000000000,-136.2043457031
14962363.0000000000,-136.2294769287
14996852.0000000000,-136.2643127441
15031421.0000000000,-136.2730255127
15066070.0000000000,-136.3077087402
15100798.0000000000,-136.3399658203
15135607.0000000000,-136.5793151855
15170512.0000000000,-136.5955810547
15205481.0000000000,-136.6997222900
15240531.0000000000,-136.7007141113
15275661.0000000000,-136.8065490723
15310873.0000000000,-136.8065490723
15346165.0000000000,-136.8065490723
15381539.0000000000,-136.8065490723
15417012.0000000000,-136.8065490723
15452549.0000000000,-136.8065490723
15488168.0000000000,-136.8065490723
15523870.0000000000,-136.8065490723
15559653.0000000000,-136.8065490723
15595519.0000000000,-136.8065490723
15631468.0000000000,-136.8065490723
15667517.0000000000,-136.8065490723
15703632.0000000000,-136.8065490723
15739830.0000000000,-136.7007141113
15776111.0000000000,-136.5098724365
15812476.0000000000,-136.5098724365
15848925.0000000000,-136.5098724365
15885475.0000000000,-136.5098724365
15922092.0000000000,-136.5098724365
15958794.0000000000,-136.5098724365
15995580.0000000000,-136.5098724365
16032451.0000000000,-136.5098724365
16069407.0000000000,-136.5098724365
16106448.0000000000,-136.5098724365
16143592.0000000000,-136.5098724365
16180804.0000000000,-136.5179443359
16218102.0000000000,-136.6611785889
16255486.0000000000,-136.7007141113
16292956.0000000000,-136.7859344482
16330513.0000000000,-136.8065490723
16368174.0000000000,-136.9520263672
16405903.0000000000,-136.9520263672
16443720.0000000000,-136.9520263672
16481624.0000000000,-136.9520263672
16519616.0000000000,-136.9520263672
16557694.0000000000,-136.9520263672
16595861.0000000000,-136.9100952148
16634134.0000000000,-136.9100952148
16672477.0000000000,-136.9100952148
16710908.0000000000,-136.9100952148
16749428.0000000000,-136.9100952148
16788036.0000000000,-136.9100952148
16826734.0000000000,-136.9100952148
16865540.0000000000,-136.9100952148
16904416.0000000000,-136.9100952148
16943382.0000000000,-136.9520263672
16982438.0000000000,-136.9583892822
17021582.0000000000,-137.1731719971
17060818.0000000000,-137.2409820557
17100146.0000000000,-137.2768096924
17139582.0000000000,-137.3019714355
17179090.0000000000,-137.3397369385
17218688.0000000000,-137.3916168213
17258378.0000000000,-137.3969879150
17298160.0000000000,-137.5721282959
17338034.0000000000,-137.5824279785
17378000.0000000000,-137.7309112549
17418076.0000000000,-137.7309112549
17458226.0000000000,-137.7309112549
17498468.0000000000,-137.7309112549
17538804.0000000000,-137.7592163086
17579232.0000000000,-137.8144226074
17619752.0000000000,-137.9020233154
17660388.0000000000,-137.9043121338
17701096.0000000000,-137.9347076416
17741898.0000000000,-137.9412689209
17782794.0000000000,-137.9646453857
17823784.0000000000,-137.9920806885
17864870.0000000000,-138.0211029053
17906050.0000000000,-138.1578674316
17947344.0000000000,-138.2098541260
17988714.0000000000,-138.2283325195
18030180.0000000000,-138.2283325195
18071740.0000000000,-138.2283325195
18113396.0000000000,-138.2283325195
18155150.0000000000,-138.2283325195
18197018.0000000000,-138.2319641113
18238964.0000000000,-138.2406768799
18281006.0000000000,-138.2406768799
18323144.0000000000,-138.2406768799
18365380.0000000000,-138.2406768799
18407714.0000000000,-138.2406768799
18450146.0000000000,-138.2406768799
18492694.0000000000,-138.2627563477
18535322.0000000000,-138.3896026611
18578046.0000000000,-138.4024200439
18620870.0000000000,-138.5462646484
18663792.0000000000,-138.5507354736
18706814.0000000000,-138.5514068604
18749934.0000000000,-138.5514068604
18793176.0000000000,-138.5514068604
18836496.0000000000,-138.5514068604
18879914.0000000000,-138.5514068604
18923434.0000000000,-138.5514068604
18967054.0000000000,-138.5507354736
19010774.0000000000,-138.3896026611
19054616.0000000000,-138.2631530762
19098538.0000000000,-138.2627563477
19142562.0000000000,-138.2406768799
19186688.0000000000,-138.2319641113
19230914.0000000000,-138.2098541260
19275242.0000000000,-138.1177520752
19319674.0000000000,-138.1177520752
19364228.0000000000,-138.1177520752
19408864.0000000000,-138.1177520752
19453602.0000000000,-138.1177520752
19498444.0000000000,-138.1177520752
19543390.0000000000,-138.1177520752
19588438.0000000000,-138.1177520752
19633612.0000000000,-138.1177520752
19678870.0000000000,-138.1177520752
19724230.0000000000,-138.1177520752
19769696.0000000000,-138.1177520752
19815268.0000000000,-138.1177520752
19860942.0000000000,-138.1177520752
19906724.0000000000,-138.1177520752
19952632.0000000000,-138.1177520752
19998624.0000000000,-138.0077514648
20044722.0000000000,-137.9852752686
20090926.0000000000,-137.8255462646
20137238.0000000000,-137.8255462646
20183656.0000000000,-137.8255462646
20230202.0000000000,-137.8255462646
20276834.0000000000,-137.7888946533
20323574.0000000000,-137.7888946533
20370422.0000000000,-137.7888946533
20417376.0000000000,-137.7888946533
20464440.0000000000,-137.7888946533
20511612.0000000000,-137.7888946533
20558916.0000000000,-137.7888946533
20606306.0000000000,-137.8255462646
20653804.0000000000,-138.1177520752
20701412.0000000000,-138.2631530762
20749130.0000000000,-138.2801361084
20796960.0000000000,-138.2801361084
20844898.0000000000,-138.2801361084
20892970.0000000000,-138.2801361084
20941130.0000000000,-138.2801361084
20989400.0000000000,-138.2801361084
21037782.0000000000,-138.2801361084
21086276.0000000000,-138.2954406738
21134882.0000000000,-138.4445953369
21183622.0000000000,-138.6174774170
21232452.0000000000,-138.6739654541
21281394.0000000000,-138.8703918457
21330448.0000000000,-138.8703918457
21379618.0000000000,-138.8703918457
21428898.0000000000,-138.8703918457
21478294.0000000000,-138.8703918457
21527826.0000000000,-138.8703918457
21577450.0000000000,-138.8703918457
21627188.0000000000,-138.8703918457
21677040.0000000000,-138.6174774170
21727006.0000000000,-138.5462646484
21777088.0000000000,-138.6174774170
21827310.0000000000,-138.8703918457
21877624.0000000000,-138.9413299561
21928054.0000000000,-139.0286102295
21978600.0000000000,-139.0562286377
22029262.0000000000,-139.1511077881
22080040.0000000000,-139.4433135986
22130936.0000000000,-139.5265350342
22181974.0000000000,-139.8046875000
22233106.0000000000,-139.8703002930
22284354.0000000000,-139.8703002930
22335722.0000000000,-139.8703002930
22387206.0000000000,-139.8703002930
22438810.0000000000,-139.8703002930
22490558.0000000000,-139.8782196045
22542400.0000000000,-139.8812408447
22594362.0000000000,-139.8812408447
22646444.0000000000,-139.8782196045
22698646.0000000000,-139.8703002930
22750968.0000000000,-139.8703002930
22803410.0000000000,-139.8703002930
22855998.0000000000,-139.8703002930
22908684.0000000000,-139.8703002930
22961490.0000000000,-139.8703002930
23014418.0000000000,-139.8782196045
23067468.0000000000,-139.8812408447
23120640.0000000000,-139.8812408447
23173934.0000000000,-139.8812408447
23227378.0000000000,-139.8782196045
23280918.0000000000,-139.8782196045
23334582.0000000000,-139.8782196045
23388370.0000000000,-139.8703002930
23442282.0000000000,-139.8046875000
23496318.0000000000,-139.6799468994
23550504.0000000000,-139.6278686523
23604790.0000000000,-139.6278686523
23659200.0000000000,-139.6278686523
23713738.0000000000,-139.6219482422
23768398.0000000000,-139.6208801270
23823186.0000000000,-139.6208801270
23878100.0000000000,-139.6208801270
23933168.0000000000,-139.6208801270
23988336.0000000000,-139.5317687988
24043630.0000000000,-139.3851470947
24099052.0000000000,-139.1502227783
24154602.0000000000,-138.9912109375
24210280.0000000000,-138.9647674561
24266114.0000000000,-138.7688446045
24322048.0000000000,-138.6382904053
24378112.0000000000,-138.4181823730
24434306.0000000000,-138.3569946289
24490628.0000000000,-138.3569946289
24547082.0000000000,-138.2571105957
24603664.0000000000,-138.2166137695
24660404.0000000000,-138.1350402832
24717248.0000000000,-138.1350402832
24774224.0000000000,-138.1350402832
24831330.0000000000,-138.1350402832
24888568.0000000000,-138.1350402832
24945938.0000000000,-138.2166137695
25003440.0000000000,-138.2166137695
25061102.0000000000,-138.2166137695
25118870.0000000000,-138.2571105957
25176770.0000000000,-138.3569946289
25234804.0000000000,-138.3569946289
25292972.0000000000,-138.3569946289
25351274.0000000000,-138.3569946289
25409740.0000000000,-138.3569946289
25468310.0000000000,-138.3569946289
25527016.0000000000,-138.3569946289
25585858.0000000000,-138.3569946289
25644836.0000000000,-138.3569946289
25703948.0000000000,-138.3969268799
25763198.0000000000,-138.4181823730
25822612.0000000000,-138.4696350098
25882136.0000000000,-138.4696350098
25941796.0000000000,-138.4696350098
26001594.0000000000,-138.4696350098
26061528.0000000000,-138.4727783203
26121602.0000000000,-138.4727783203
26181844.0000000000,-138.4853820801
26242194.0000000000,-138.5303192139
26302684.0000000000,-138.6604766846
26363314.0000000000,-138.6724548340
26424084.0000000000,-138.6724548340
26484992.0000000000,-138.6724548340
26546042.0000000000,-138.6724548340
26607262.0000000000,-138.6724548340
26668594.0000000000,-138.6724548340
26730066.0000000000,-138.6724548340
26791682.0000000000,-138.6724548340
26853438.0000000000,-138.6724548340
26915338.0000000000,-138.8525238037
26977408.0000000000,-138.8672943115
27039594.0000000000,-138.9601745605
27101922.0000000000,-139.0320434570
27164394.0000000000,-139.0492706299
27227010.0000000000,-139.0492706299
27289770.0000000000,-139.0492706299
27352674.0000000000,-139.0320434570
27415754.0000000000,-138.9601745605
27478950.0000000000,-139.0320434570
27542290.0000000000,-139.0492706299
27605778.0000000000,-139.0731353760
27669410.0000000000,-139.1878509521
27733190.0000000000,-139.2579803467
27797118.0000000000,-139.3493499756
27861222.0000000000,-139.3493499756
27925444.0000000000,-139.3493499756
27989814.0000000000,-139.2579803467
28054334.0000000000,-139.2579803467
28119000.0000000000,-139.2579803467
28183816.0000000000,-139.0492706299
28248814.0000000000,-139.0492706299
28313930.0000000000,-139.0492706299
28379194.0000000000,-139.0492706299
28444610.0000000000,-139.0492706299
28510178.0000000000,-139.0417022705
28575896.0000000000,-139.0384063721
28641766.0000000000,-139.0417022705
28707818.0000000000,-139.0492706299
28773992.0000000000,-139.2579803467
28840318.0000000000,-139.2579803467
28906796.0000000000,-139.2579803467
28973428.0000000000,-139.6435394287
29040214.0000000000,-139.6435394287
29107186.0000000000,-139.6435394287
29174280.0000000000,-139.6435394287
29241530.0000000000,-139.6435394287
29308932.0000000000,-139.6495819092
29376492.0000000000,-139.7334136963
29444208.0000000000,-139.7352752686
29512078.0000000000,-139.7352752686
29580138.0000000000,-139.7352752686
29648322.0000000000,-139.7334136963
29716664.0000000000,-139.6583557129
29785162.0000000000,-139.6495819092
29853820.0000000000,-139.6435394287
29922634.0000000000,-139.5026855469
29991642.0000000000,-139.4302673340
30060774.0000000000,-139.4302673340
30130066.0000000000,-139.4302673340
30199518.0000000000,-139.2579803467
30269130.0000000000,-139.0923919678
30338904.0000000000,-139.0717163086
30408836.0000000000,-139.0717163086
30478964.0000000000,-139.0717163086
30549220.0000000000,-139.0717163086
30619638.0000000000,-139.0923919678
30690220.0000000000,-139.4302673340
30760962.0000000000,-139.5026855469
30831868.0000000000,-139.6495819092
30902938.0000000000,-139.6583557129
30974206.0000000000,-139.7352752686
31045604.0000000000,-139.7352752686
31117166.0000000000,-139.7352752686
31188892.0000000000,-139.7352752686
31260786.0000000000,-139.7352752686
31332844.0000000000,-139.7352752686
31405102.0000000000,-139.7352752686
31477494.0000000000,-139.6655120850
31550052.0000000000,-139.6583557129
31622776.0000000000,-139.5026855469
31695670.0000000000,-139.4302673340
31768730.0000000000,-139.0923919678
31841960.0000000000,-139.0717163086
31915392.0000000000,-139.0309448242
31988960.0000000000,-139.0309448242
32062696.0000000000,-139.0717163086
32136604.0000000000,-139.0717163086
32210680.0000000000,-139.0717163086
32284928.0000000000,-139.0717163086
32359382.0000000000,-139.0717163086
32433974.0000000000,-139.0717163086
32508736.0000000000,-139.4092712402
32583670.0000000000,-139.6655120850
32658778.0000000000,-140.2891235352
32734060.0000000000,-140.4452056885
32809514.0000000000,-140.4981689453
32885178.0000000000,-141.4211425781
32960980.0000000000,-141.4985809326
33036958.0000000000,-142.6126556396
33113110.0000000000,-142.6126556396
33189438.0000000000,-142.6126556396
33265942.0000000000,-142.7095642090
33342624.0000000000,-142.7095642090
33419516.0000000000,-142.7095642090
33496552.0000000000,-142.6126556396
33573764.0000000000,-142.2352447510
33651152.0000000000,-142.1935424805
33728720.0000000000,-142.0253143311
33806468.0000000000,-141.4985809326
33884432.0000000000,-141.4211425781
33962536.0000000000,-141.1219329834
34040824.0000000000,-141.1219329834
34119292.0000000000,-141.1219329834
34197936.0000000000,-141.1219329834
34276768.0000000000,-141.1219329834
34355776.0000000000,-141.1219329834
34435008.0000000000,-141.1219329834
34514384.0000000000,-141.1219329834
34593940.0000000000,-141.1219329834
34673680.0000000000,-141.1219329834
34753608.0000000000,-141.1219329834
34833716.0000000000,-141.1219329834
34914048.0000000000,-141.4211425781
34994528.0000000000,-141.9433288574
35075192.0000000000,-142.0253143311
35156044.0000000000,-142.1935424805
35237080.0000000000,-142.2352447510
35318304.0000000000,-142.2352447510
35399716.0000000000,-142.2352447510
35481356.0000000000,-142.2352447510
35563140.0000000000,-142.2352447510
35645116.0000000000,-142.2352447510
35727280.0000000000,-142.1935424805
35809636.0000000000,-142.0855407715
35892180.0000000000,-142.0253143311
35974952.0000000000,-141.9433288574
36057876.0000000000,-141.1219329834
36140992.0000000000,-141.0893096924
36224300.0000000000,-140.6948242188
36307800.0000000000,-140.5420227051
36391492.0000000000,-139.9947814941
36475376.0000000000,-139.9154205322
36559496.0000000000,-139.8196563721
36643768.0000000000,-139.5741577148
36728236.0000000000,-139.3924713135
36812896.0000000000,-139.2794494629
36897752.0000000000,-139.2794494629
36982804.0000000000,-139.2794494629
37068052.0000000000,-139.2794494629
37153536.0000000000,-139.2794494629
37239180.0000000000,-139.0237426758
37325020.0000000000,-138.9070281982
37411056.0000000000,-138.8164825439
37497292.0000000000,-138.4259796143
37583724.0000000000,-138.4259796143
37670400.0000000000,-138.4259796143
37757232.0000000000,-138.4259796143
37844264.0000000000,-138.4259796143
37931500.0000000000,-138.4259796143
38018932.0000000000,-138.4259796143
38106568.0000000000,-138.4259796143
38194408.0000000000,-138.4259796143
38282492.0000000000,-138.4259796143
38370736.0000000000,-138.4259796143
38459180.0000000000,-138.4259796143
38547832.0000000000,-138.4259796143
38636688.0000000000,-138.4259796143
38725748.0000000000,-138.4259796143
38815056.0000000000,-138.4259796143
38904528.0000000000,-138.4259796143
38994204.0000000000,-138.4259796143
39084092.0000000000,-138.4259796143
39174180.0000000000,-138.4259796143
39264480.0000000000,-138.4259796143
39354988.0000000000,-138.6277465820
39445748.0000000000,-138.7237548828
39536672.0000000000,-138.7949066162
39627808.0000000000,-138.8170471191
39719152.0000000000,-138.9365692139
39810708.0000000000,-139.0868225098
39902476.0000000000,-139.0895538330
39994496.0000000000,-139.1426849365
40086688.0000000000,-139.1599121094
40179088.0000000000,-139.2797088623
40271704.0000000000,-139.2797088623
40364536.0000000000,-139.2797088623
40457576.0000000000,-139.2797088623
40550836.0000000000,-139.2797088623
40644352.0000000000,-139.2797088623
40738040.0000000000,-139.2797088623
40831944.0000000000,-139.2797088623
40926064.0000000000,-139.2797088623
41020404.0000000000,-139.3571166992
41114956.0000000000,-139.3571166992
41209732.0000000000,-139.3571166992
41304768.0000000000,-139.3571166992
41399976.0000000000,-139.3571166992
41495408.0000000000,-139.3571166992
41591056.0000000000,-139.3571166992
41686928.0000000000,-139.5085144043
41783020.0000000000,-139.5158996582
41879376.0000000000,-139.5633239746
41975912.0000000000,-139.9553985596
42072668.0000000000,-140.1223449707
42169652.0000000000,-140.1826477051
42266856.0000000000,-140.1826477051
42364284.0000000000,-140.1826477051
42461936.0000000000,-140.1223449707
42559860.0000000000,-139.5633239746
42657964.0000000000,-139.5158996582
42756292.0000000000,-139.5158996582
42854848.0000000000,-140.1223449707
42953632.0000000000,-140.1826477051
43052644.0000000000,-140.6352844238
43151932.0000000000,-140.6352844238
43251400.0000000000,-140.6352844238
43351096.0000000000,-140.3947296143
43451024.0000000000,-140.1826477051
43551180.0000000000,-139.7434234619
43651568.0000000000,-139.7434234619
43752188.0000000000,-139.7434234619
43853088.0000000000,-139.7434234619
43954176.0000000000,-139.5969696045
44055492.0000000000,-139.5553588867
44157044.0000000000,-139.5085144043
44258828.0000000000,-139.5085144043
44360848.0000000000,-139.5085144043
44463104.0000000000,-139.5085144043
44565644.0000000000,-139.5085144043
44668368.0000000000,-139.5085144043
44771332.0000000000,-139.5085144043
44874532.0000000000,-139.5085144043
44977972.0000000000,-139.5085144043
45081652.0000000000,-139.5085144043
45185616.0000000000,-139.5085144043
45289772.0000000000,-139.5553588867
45394168.0000000000,-139.5969696045
45498804.0000000000,-139.7434234619
45603684.0000000000,-139.8604583740
45708804.0000000000,-139.8604583740
45814164.0000000000,-139.8604583740
45919820.0000000000,-139.8604583740
46025668.0000000000,-139.8604583740
46131760.0000000000,-139.8604583740
46238100.0000000000,-139.8604583740
46344680.0000000000,-139.8604583740
46451508.0000000000,-139.8604583740
46558632.0000000000,-139.7767791748
46665956.0000000000,-139.7767791748
46773524.0000000000,-139.8604583740
46881340.0000000000,-140.0024108887
46989404.0000000000,-140.0024108887
47097716.0000000000,-140.0024108887
47206280.0000000000,-140.0024108887
47315148.0000000000,-140.0024108887
47424212.0000000000,-140.0024108887
47533528.0000000000,-140.1877593994
47643096.0000000000,-140.2929229736
47752916.0000000000,-140.5157012939
47862992.0000000000,-140.5964355469
47973372.0000000000,-141.0582275391
48083952.0000000000,-141.2737579346
48194788.0000000000,-141.2737579346
48305880.0000000000,-141.2737579346
48417232.0000000000,-141.3890380859
48528836.0000000000,-141.5897216797
48640696.0000000000,-141.6628265381
48752872.0000000000,-142.0551452637
48865252.0000000000,-142.3727722168
48977888.0000000000,-142.6067810059
49090784.0000000000,-142.6423034668
49203944.0000000000,-142.6423034668
49317364.0000000000,-142.6423034668
49431044.0000000000,-142.6423034668
49545040.0000000000,-142.6614990234
49659244.0000000000,-142.6813201904
49773712.0000000000,-142.8224945068
49888444.0000000000,-143.0110168457
50003440.0000000000,-143.0110168457
50118700.0000000000,-142.8224945068
50234284.0000000000,-142.6813201904
50350076.0000000000,-142.6423034668
50466136.0000000000,-142.6067810059
50582464.0000000000,-142.3727722168
50699060.0000000000,-142.1553955078
50815928.0000000000,-142.0551452637
50933060.0000000000,-142.0551452637
51050520.0000000000,-142.0551452637
51168196.0000000000,-142.1553955078
51286144.0000000000,-142.3727722168
51404360.0000000000,-142.3727722168
51522852.0000000000,-142.3727722168
51641616.0000000000,-142.3727722168
51760712.0000000000,-142.3727722168
51880024.0000000000,-142.3727722168
51999608.0000000000,-142.3727722168
52119472.0000000000,-142.2445526123
52239612.0000000000,-142.1553955078
52360028.0000000000,-142.1553955078
52480720.0000000000,-142.1553955078
52601752.0000000000,-142.0551452637
52723000.0000000000,-141.9906311035
52844532.0000000000,-141.7961120605
52966340.0000000000,-141.7961120605
53088432.0000000000,-141.7961120605
53210804.0000000000,-141.7961120605
53333520.0000000000,-141.7961120605
53456456.0000000000,-141.7961120605
53579676.0000000000,-141.7359161377
53703180.0000000000,-141.7227478027
53826972.0000000000,-141.5404815674
53951048.0000000000,-141.5404815674
54075408.0000000000,-141.5404815674
54200116.0000000000,-141.5404815674
54325048.0000000000,-141.5404815674
54450272.0000000000,-141.1630554199
54575784.0000000000,-140.6441192627
54701584.0000000000,-140.6032257080
54827676.0000000000,-140.6032257080
54954060.0000000000,-140.6032257080
55080792.0000000000,-140.6441192627
55207756.0000000000,-140.6441192627
55335016.0000000000,-140.6441192627
55462564.0000000000,-140.6441192627
55590412.0000000000,-140.6441192627
55718552.0000000000,-140.6032257080
55847048.0000000000,-140.3642730713
55975780.0000000000,-140.2221679688
56104808.0000000000,-140.2095031738
56234132.0000000000,-140.1374969482
56363756.0000000000,-140.1374969482
56493680.0000000000,-140.1374969482
56623900.0000000000,-140.1374969482
56754484.0000000000,-140.1374969482
56885308.0000000000,-140.1374969482
57016432.0000000000,-140.1374969482
57147860.0000000000,-140.1374969482
57279588.0000000000,-140.1374969482
57411624.0000000000,-140.2095031738
57544024.0000000000,-140.2221679688
57676668.0000000000,-140.2221679688
57809616.0000000000,-140.2221679688
57942872.0000000000,-140.2221679688
58076432.0000000000,-140.2095031738
58210304.0000000000,-140.1374969482
58344484.0000000000,-140.1374969482
58479036.0000000000,-139.9803314209
58613832.0000000000,-139.9803314209
58748944.0000000000,-139.9803314209
58884364.0000000000,-140.1374969482
59020096.0000000000,-140.3642730713
59156140.0000000000,-140.6032257080
59292500.0000000000,-140.6032257080
59429240.0000000000,-140.3642730713
59566228.0000000000,-140.1828002930
59703532.0000000000,-140.1828002930
59841152.0000000000,-140.1828002930
59979092.0000000000,-140.1828002930
60117348.0000000000,-139.9803314209
60255988.0000000000,-139.8989715576
60394884.0000000000,-139.8302917480
60534096.0000000000,-139.5551757813
60673632.0000000000,-139.5551757813
60813488.0000000000,-139.8302917480
60953668.0000000000,-139.8989715576
61094172.0000000000,-140.0068206787
61235064.0000000000,-140.1828002930
61376216.0000000000,-141.0162200928
61517692.0000000000,-141.0277862549
61659496.0000000000,-141.1353302002
61801624.0000000000,-141.2668457031
61944080.0000000000,-141.2668457031
62086936.0000000000,-141.2668457031
62230048.0000000000,-141.2668457031
62373496.0000000000,-141.2668457031
62517268.0000000000,-141.2668457031
62661376.0000000000,-141.2668457031
62805816.0000000000,-141.3158111572
62950588.0000000000,-141.3158111572
63095764.0000000000,-141.2839965820
63241204.0000000000,-141.2839965820
63386976.0000000000,-141.2839965820
63533088.0000000000,-141.2839965820
63679536.0000000000,-141.2839965820
63826324.0000000000,-141.2839965820
63973516.0000000000,-141.3158111572
64120980.0000000000,-141.3394470215
64268784.0000000000,-141.3769989014
64416928.0000000000,-141.5809936523
64565416.0000000000,-141.5809936523
64714244.0000000000,-141.5809936523
64863412.0000000000,-141.7756805420
65013000.0000000000,-141.9531097412
65162860.0000000000,-141.8628082275
65313064.0000000000,-141.8628082275
65463616.0000000000,-141.8628082275
65614512.0000000000,-141.8628082275
65765760.0000000000,-141.8628082275
65917356.0000000000,-141.8628082275
66069372.0000000000,-142.0464935303
66221664.0000000000,-142.0574798584
66374312.0000000000,-142.0574798584
66527308.0000000000,-142.0574798584
66680660.0000000000,-142.0574798584
66834364.0000000000,-142.0574798584
66988492.0000000000,-142.0464935303
67142904.0000000000,-142.0464935303
67297680.0000000000,-142.0574798584
67452800.0000000000,-142.0585174561
67608288.0000000000,-142.0585174561
67764128.0000000000,-142.0585174561
67920328.0000000000,-142.0585174561
68076968.0000000000,-142.0574798584
68233888.0000000000,-141.9638366699
68391168.0000000000,-141.8753051758
68548816.0000000000,-141.8628082275
68706824.0000000000,-141.8211975098
68865200.0000000000,-141.8211975098
69024016.0000000000,-141.4316711426
69183120.0000000000,-141.3394470215
69342592.0000000000,-141.4316711426
69502432.0000000000,-141.7989349365
69662640.0000000000,-141.8211975098
69823216.0000000000,-141.8628082275
69984168.0000000000,-141.8753051758
70145560.0000000000,-141.9638366699
70307248.0000000000,-142.0178527832
70469312.0000000000,-141.9638366699
70631752.0000000000,-141.8753051758
70794560.0000000000,-141.8628082275
70957752.0000000000,-141.8211975098
71121392.0000000000,-141.7989349365
71285328.0000000000,-141.4316711426
71449648.0000000000,-141.3405303955
71614344.0000000000,-141.2232818604
71779424.0000000000,-141.2232818604
71944880.0000000000,-141.3405303955
72110712.0000000000,-141.4316711426
72277016.0000000000,-141.4316711426
72443616.0000000000,-141.4316711426
72610608.0000000000,-141.3405303955
72777976.0000000000,-141.0373535156
72945736.0000000000,-141.2062072754
73113880.0000000000,-141.3405303955
73282416.0000000000,-141.4316711426
73451416.0000000000,-141.7989349365
73620728.0000000000,-141.7989349365
73790432.0000000000,-141.4316711426
73960520.0000000000,-141.3405303955
74131008.0000000000,-141.2062072754
74301880.0000000000,-141.0880279541
74473232.0000000000,-141.0880279541
74644904.0000000000,-141.0880279541
74816960.0000000000,-141.0880279541
74989424.0000000000,-141.2062072754
75162280.0000000000,-141.2062072754
75335528.0000000000,-141.2062072754
75509184.0000000000,-141.3405303955
75683320.0000000000,-141.2062072754
75857776.0000000000,-141.0880279541
76032632.0000000000,-141.0880279541
76207896.0000000000,-141.0373535156
76383560.0000000000,-140.9445648193
76559632.0000000000,-140.9089965820
76736192.0000000000,-140.7437591553
76913072.0000000000,-140.6925811768
77090360.0000000000,-140.6925811768
77268064.0000000000,-140.6829071045
77446168.0000000000,-140.3376617432
77624688.0000000000,-139.8465118408
77803616.0000000000,-139.8465118408
77983048.0000000000,-140.6829071045
78162800.0000000000,-140.6925811768
78342976.0000000000,-140.7437591553
78523560.0000000000,-140.9089965820
78704560.0000000000,-140.9445648193
78885984.0000000000,-140.9089965820
79067816.0000000000,-140.9044952393
79250160.0000000000,-140.7437591553
79432840.0000000000,-140.6925811768
79615936.0000000000,-139.8465118408
79799456.0000000000,-139.8334197998
79983400.0000000000,-139.8000488281
80167768.0000000000,-139.8000488281
80352648.0000000000,-139.8000488281
80537872.0000000000,-139.8000488281
80723512.0000000000,-139.8000488281
80909592.0000000000,-139.7418365479
81096088.0000000000,-139.7377166748
81283024.0000000000,-139.6452178955
81470384.0000000000,-139.6452178955
81658272.0000000000,-139.5200500488
81846496.0000000000,-139.5158538818
82035160.0000000000,-139.4788665771
82224256.0000000000,-139.4788665771
82413792.0000000000,-139.4788665771
82603760.0000000000,-139.4788665771
82794256.0000000000,-139.1991424561
82985104.0000000000,-139.1991424561
83176392.0000000000,-139.4788665771
83368120.0000000000,-139.5158538818
83560288.0000000000,-139.5200500488
83752904.0000000000,-139.6244049072
83945960.0000000000,-139.6244049072
84139552.0000000000,-139.6244049072
84333496.0000000000,-139.6452178955
84527896.0000000000,-139.8000488281
84722736.0000000000,-139.8000488281
84918032.0000000000,-140.0204162598
85113768.0000000000,-140.1077117920
85310056.0000000000,-140.4929351807
85506704.0000000000,-140.5396423340
85703800.0000000000,-140.5396423340
85901352.0000000000,-140.5396423340
86099360.0000000000,-140.4929351807
86297832.0000000000,-140.4929351807
86496752.0000000000,-140.4929351807
86696224.0000000000,-140.4929351807
86896072.0000000000,-140.5396423340
87096368.0000000000,-140.5805816650
87297136.0000000000,-140.7828674316
87498360.0000000000,-140.7828674316
87700048.0000000000,-140.7828674316
87902208.0000000000,-140.8442840576
88104920.0000000000,-141.2858123779
88308008.0000000000,-140.7828674316
88511568.0000000000,-140.5805816650
88715592.0000000000,-140.5805816650
88920088.0000000000,-140.5805816650
89125056.0000000000,-140.5805816650
89330592.0000000000,-140.5805816650
89536504.0000000000,-140.5805816650
89742896.0000000000,-140.7828674316
89949760.0000000000,-141.1153869629
90157096.0000000000,-141.2858123779
90364920.0000000000,-141.3293304443
90573216.0000000000,-141.3670501709
90782088.0000000000,-141.4428100586
90991352.0000000000,-141.4595031738
91201088.0000000000,-141.4595031738
91411320.0000000000,-141.4595031738
91622024.0000000000,-141.5258636475
91833224.0000000000,-141.5371856689
92045008.0000000000,-141.5371856689
92257176.0000000000,-141.5371856689
92469832.0000000000,-141.5371856689
92682984.0000000000,-141.5371856689
92896624.0000000000,-141.5258636475
93110760.0000000000,-141.4595031738
93325384.0000000000,-141.3315277100
93540608.0000000000,-141.3315277100
93756224.0000000000,-141.3315277100
93972344.0000000000,-141.3315277100
94188952.0000000000,-141.2858123779
94406064.0000000000,-141.1439514160
94623680.0000000000,-141.1439514160
94841896.0000000000,-141.1439514160
95060512.0000000000,-141.1439514160
95279640.0000000000,-141.1439514160
95499264.0000000000,-141.1439514160
95719392.0000000000,-141.1439514160
95940032.0000000000,-141.1439514160
96161184.0000000000,-141.1439514160
96382952.0000000000,-141.1439514160
96605120.0000000000,-141.1439514160
96827800.0000000000,-141.1439514160
97050992.0000000000,-141.2881774902
97274704.0000000000,-141.3230133057
97498928.0000000000,-141.3315277100
97723672.0000000000,-141.4745941162
97949040.0000000000,-141.5258636475
98174816.0000000000,-141.5371856689
98401120.0000000000,-141.5747680664
98627936.0000000000,-141.6286773682
98855280.0000000000,-141.6286773682
99083152.0000000000,-141.5258636475
99311656.0000000000,-141.4745941162
99540576.0000000000,-141.3315277100
99770024.0000000000,-141.3230133057
100000000.0000000000,-141.2881774902
